org_id,created_at,industry,company_size,acquisition_source,region
org_00001,2025-08-27T00:00:00,Healthcare,Mid-Market,Product-Led,Europe
org_00002,2025-12-23T00:00:00,Retail,SMB,Paid Search,Latin America
org_00003,2025-11-27T00:00:00,Healthcare,SMB,Content,North America
org_00004,2025-10-08T00:00:00,Financial Services,SMB,Partner,North America
org_00005,2025-03-14T00:00:00,Education,SMB,Organic Search,North America
org_00006,2025-07-04T00:00:00,Financial Services,SMB,Referral,North America
org_00007,2025-09-21T00:00:00,Professional Services,SMB,Referral,North America
org_00008,2025-04-14T00:00:00,Technology,SMB,Product-Led,Asia-Pacific
org_00009,2025-12-18T00:00:00,Professional Services,Mid-Market,Product-Led,North America
org_00010,2025-04-26T00:00:00,Retail,SMB,Partner,North America
org_00011,2025-04-27T00:00:00,Retail,Mid-Market,Content,North America
org_00012,2025-10-21T00:00:00,Financial Services,Mid-Market,Organic Search,Latin America
org_00013,2025-06-28T00:00:00,Retail,SMB,Organic Search,Europe
org_00014,2025-08-20T00:00:00,Financial Services,SMB,Organic Search,North America
org_00015,2025-03-02T00:00:00,Healthcare,SMB,Organic Search,North America
org_00016,2025-07-15T00:00:00,Technology,Mid-Market,Organic Search,North America
org_00017,2025-03-29T00:00:00,Retail,Enterprise,Partner,Asia-Pacific
org_00018,2025-03-15T00:00:00,Financial Services,Mid-Market,Content,Europe
org_00019,2025-10-13T00:00:00,Technology,Enterprise,Referral,North America
org_00020,2025-10-10T00:00:00,Financial Services,SMB,Partner,North America
org_00021,2025-12-20T00:00:00,Healthcare,SMB,Content,North America
org_00022,2025-11-05T00:00:00,Financial Services,Mid-Market,Product-Led,North America
org_00023,2025-10-01T00:00:00,Education,Enterprise,Organic Search,Europe
org_00024,2025-12-24T00:00:00,Professional Services,Mid-Market,Referral,North America
org_00025,2025-02-04T00:00:00,Professional Services,SMB,Content,Europe
org_00026,2025-09-26T00:00:00,Financial Services,SMB,Partner,North America
org_00027,2025-05-14T00:00:00,Financial Services,SMB,Referral,North America
org_00028,2025-08-13T00:00:00,Technology,Mid-Market,Paid Search,Europe
org_00029,2025-01-04T00:00:00,Healthcare,SMB,Organic Search,North America
org_00030,2025-02-26T00:00:00,Professional Services,Enterprise,Partner,Europe
org_00031,2025-12-04T00:00:00,Technology,SMB,Organic Search,North America
org_00032,2025-04-11T00:00:00,Financial Services,SMB,Paid Search,Europe
org_00033,2025-12-18T00:00:00,Education,SMB,Paid Search,North America
org_00034,2025-06-23T00:00:00,Professional Services,SMB,Organic Search,Europe
org_00035,2025-05-21T00:00:00,Healthcare,Mid-Market,Paid Search,North America
org_00036,2025-10-12T00:00:00,Professional Services,SMB,Paid Search,North America
org_00037,2025-03-01T00:00:00,Professional Services,Mid-Market,Product-Led,North America
org_00038,2025-02-16T00:00:00,Healthcare,Enterprise,Referral,North America
org_00039,2025-12-17T00:00:00,Retail,SMB,Product-Led,North America
org_00040,2025-03-16T00:00:00,Professional Services,SMB,Paid Search,Europe
org_00041,2025-04-21T00:00:00,Retail,Mid-Market,Product-Led,Latin America
org_00042,2025-03-31T00:00:00,Education,Mid-Market,Paid Search,Europe
org_00043,2025-11-03T00:00:00,Retail,SMB,Product-Led,Europe
org_00044,2025-05-26T00:00:00,Healthcare,SMB,Organic Search,North America
org_00045,2025-06-15T00:00:00,Education,Enterprise,Referral,North America
org_00046,2025-04-14T00:00:00,Retail,SMB,Referral,Latin America
org_00047,2025-10-23T00:00:00,Professional Services,SMB,Product-Led,Latin America
org_00048,2025-02-12T00:00:00,Healthcare,SMB,Product-Led,North America
org_00049,2025-02-20T00:00:00,Healthcare,SMB,Referral,North America
org_00050,2025-03-03T00:00:00,Healthcare,Mid-Market,Product-Led,North America
org_00051,2025-01-17T00:00:00,Financial Services,SMB,Paid Search,Latin America
org_00052,2025-04-16T00:00:00,Financial Services,SMB,Product-Led,Europe
org_00053,2025-11-23T00:00:00,Retail,SMB,Content,North America
org_00054,2025-03-14T00:00:00,Retail,SMB,Partner,Asia-Pacific
org_00055,2025-09-01T00:00:00,Healthcare,SMB,Content,Europe
org_00056,2025-09-06T00:00:00,Healthcare,SMB,Product-Led,North America
org_00057,2025-02-28T00:00:00,Professional Services,SMB,Product-Led,Latin America
org_00058,2025-08-01T00:00:00,Healthcare,SMB,Content,North America
org_00059,2025-01-14T00:00:00,Healthcare,Enterprise,Organic Search,Europe
org_00060,2025-10-16T00:00:00,Professional Services,SMB,Paid Search,Latin America
org_00061,2025-11-13T00:00:00,Education,Enterprise,Product-Led,North America
org_00062,2025-07-27T00:00:00,Education,SMB,Organic Search,Asia-Pacific
org_00063,2025-01-25T00:00:00,Financial Services,SMB,Organic Search,Latin America
org_00064,2025-01-23T00:00:00,Financial Services,Mid-Market,Content,Europe
org_00065,2025-08-19T00:00:00,Education,SMB,Product-Led,North America
org_00066,2025-09-30T00:00:00,Education,SMB,Product-Led,North America
org_00067,2025-07-20T00:00:00,Healthcare,SMB,Partner,Europe
org_00068,2025-04-25T00:00:00,Technology,SMB,Paid Search,North America
org_00069,2025-12-30T00:00:00,Education,SMB,Paid Search,North America
org_00070,2025-03-06T00:00:00,Retail,SMB,Organic Search,Europe
org_00071,2025-08-27T00:00:00,Healthcare,SMB,Product-Led,North America
org_00072,2025-04-04T00:00:00,Technology,SMB,Organic Search,Europe
org_00073,2025-11-10T00:00:00,Healthcare,SMB,Partner,Latin America
org_00074,2025-01-26T00:00:00,Retail,SMB,Organic Search,North America
org_00075,2025-03-31T00:00:00,Healthcare,SMB,Partner,Europe
org_00076,2025-09-05T00:00:00,Retail,Enterprise,Paid Search,North America
org_00077,2025-06-13T00:00:00,Technology,SMB,Partner,North America
org_00078,2025-02-26T00:00:00,Education,Mid-Market,Organic Search,Europe
org_00079,2025-06-20T00:00:00,Education,SMB,Organic Search,North America
org_00080,2025-10-03T00:00:00,Financial Services,Enterprise,Paid Search,North America
org_00081,2025-06-10T00:00:00,Technology,SMB,Content,Europe
org_00082,2025-06-12T00:00:00,Retail,Mid-Market,Organic Search,North America
org_00083,2025-01-27T00:00:00,Technology,Enterprise,Organic Search,Latin America
org_00084,2025-05-12T00:00:00,Technology,Mid-Market,Content,Europe
org_00085,2025-10-06T00:00:00,Professional Services,Enterprise,Content,North America
org_00086,2025-09-14T00:00:00,Financial Services,SMB,Product-Led,North America
org_00087,2025-08-14T00:00:00,Technology,SMB,Product-Led,North America
org_00088,2025-04-15T00:00:00,Financial Services,SMB,Content,North America
org_00089,2025-12-24T00:00:00,Education,SMB,Partner,North America
org_00090,2025-07-04T00:00:00,Technology,SMB,Product-Led,North America
org_00091,2025-09-28T00:00:00,Technology,SMB,Content,North America
org_00092,2025-09-17T00:00:00,Healthcare,Enterprise,Organic Search,North America
org_00093,2025-10-10T00:00:00,Healthcare,Mid-Market,Content,Asia-Pacific
org_00094,2025-04-09T00:00:00,Financial Services,SMB,Content,North America
org_00095,2025-12-20T00:00:00,Retail,SMB,Organic Search,Asia-Pacific
org_00096,2025-04-05T00:00:00,Professional Services,Enterprise,Paid Search,Europe
org_00097,2025-05-04T00:00:00,Financial Services,SMB,Partner,Asia-Pacific
org_00098,2025-08-03T00:00:00,Technology,SMB,Partner,North America
org_00099,2025-11-11T00:00:00,Technology,SMB,Paid Search,Europe
org_00100,2025-04-25T00:00:00,Financial Services,Enterprise,Content,North America
org_00101,2025-08-13T00:00:00,Retail,SMB,Organic Search,North America
org_00102,2025-09-23T00:00:00,Technology,Mid-Market,Product-Led,Asia-Pacific
org_00103,2025-10-18T00:00:00,Retail,SMB,Organic Search,Asia-Pacific
org_00104,2025-07-24T00:00:00,Technology,SMB,Referral,Latin America
org_00105,2025-07-22T00:00:00,Education,SMB,Paid Search,North America
org_00106,2025-10-04T00:00:00,Retail,Mid-Market,Paid Search,Europe
org_00107,2025-06-25T00:00:00,Healthcare,SMB,Referral,Europe
org_00108,2025-05-20T00:00:00,Education,Enterprise,Organic Search,North America
org_00109,2025-08-25T00:00:00,Education,Enterprise,Content,North America
org_00110,2025-06-08T00:00:00,Technology,Enterprise,Product-Led,Latin America
org_00111,2025-02-12T00:00:00,Financial Services,Mid-Market,Content,Europe
org_00112,2025-12-06T00:00:00,Technology,Mid-Market,Product-Led,North America
org_00113,2025-02-07T00:00:00,Technology,SMB,Referral,North America
org_00114,2025-12-29T00:00:00,Technology,SMB,Content,Asia-Pacific
org_00115,2025-03-24T00:00:00,Retail,SMB,Paid Search,North America
org_00116,2025-09-28T00:00:00,Financial Services,SMB,Paid Search,North America
org_00117,2025-10-22T00:00:00,Healthcare,SMB,Partner,Asia-Pacific
org_00118,2025-02-03T00:00:00,Professional Services,SMB,Paid Search,Asia-Pacific
org_00119,2025-07-26T00:00:00,Education,Mid-Market,Referral,Latin America
org_00120,2025-09-04T00:00:00,Professional Services,Enterprise,Partner,Asia-Pacific
org_00121,2025-08-21T00:00:00,Financial Services,SMB,Referral,Europe
org_00122,2025-06-02T00:00:00,Technology,Mid-Market,Organic Search,Europe
org_00123,2025-12-15T00:00:00,Professional Services,SMB,Product-Led,Europe
org_00124,2025-07-10T00:00:00,Healthcare,SMB,Organic Search,Asia-Pacific
org_00125,2025-12-24T00:00:00,Healthcare,SMB,Content,North America
org_00126,2025-05-01T00:00:00,Education,SMB,Organic Search,North America
org_00127,2025-07-18T00:00:00,Retail,Mid-Market,Organic Search,Latin America
org_00128,2025-07-08T00:00:00,Education,SMB,Referral,North America
org_00129,2025-02-28T00:00:00,Professional Services,SMB,Referral,Europe
org_00130,2025-04-29T00:00:00,Education,Enterprise,Organic Search,Asia-Pacific
org_00131,2025-09-29T00:00:00,Education,SMB,Paid Search,Europe
org_00132,2025-08-12T00:00:00,Retail,Mid-Market,Referral,North America
org_00133,2025-02-21T00:00:00,Professional Services,Mid-Market,Content,Europe
org_00134,2025-07-12T00:00:00,Professional Services,Mid-Market,Referral,Latin America
org_00135,2025-04-08T00:00:00,Education,Mid-Market,Partner,North America
org_00136,2025-06-12T00:00:00,Healthcare,Mid-Market,Partner,Latin America
org_00137,2025-04-27T00:00:00,Healthcare,Enterprise,Content,North America
org_00138,2025-12-18T00:00:00,Education,Enterprise,Referral,Europe
org_00139,2025-03-04T00:00:00,Technology,SMB,Partner,Europe
org_00140,2025-04-04T00:00:00,Technology,Mid-Market,Referral,North America
org_00141,2025-01-13T00:00:00,Financial Services,Mid-Market,Partner,Asia-Pacific
org_00142,2025-12-11T00:00:00,Technology,Enterprise,Partner,Europe
org_00143,2025-09-23T00:00:00,Education,SMB,Organic Search,North America
org_00144,2025-09-28T00:00:00,Education,Enterprise,Product-Led,North America
org_00145,2025-08-11T00:00:00,Technology,SMB,Paid Search,North America
org_00146,2025-06-13T00:00:00,Retail,SMB,Paid Search,North America
org_00147,2025-10-23T00:00:00,Professional Services,SMB,Referral,North America
org_00148,2025-04-29T00:00:00,Technology,Enterprise,Product-Led,Europe
org_00149,2025-12-11T00:00:00,Retail,SMB,Partner,North America
org_00150,2025-11-26T00:00:00,Education,SMB,Paid Search,Asia-Pacific
org_00151,2025-01-15T00:00:00,Professional Services,SMB,Referral,North America
org_00152,2025-02-20T00:00:00,Retail,SMB,Product-Led,Europe
org_00153,2025-09-13T00:00:00,Professional Services,SMB,Product-Led,North America
org_00154,2025-04-10T00:00:00,Education,SMB,Paid Search,North America
org_00155,2025-09-05T00:00:00,Retail,SMB,Referral,Europe
org_00156,2025-05-30T00:00:00,Financial Services,SMB,Product-Led,Latin America
org_00157,2025-09-19T00:00:00,Healthcare,SMB,Paid Search,Europe
org_00158,2025-09-05T00:00:00,Technology,SMB,Organic Search,Asia-Pacific
org_00159,2025-12-22T00:00:00,Retail,SMB,Organic Search,Asia-Pacific
org_00160,2025-02-26T00:00:00,Technology,Mid-Market,Partner,Asia-Pacific
org_00161,2025-09-29T00:00:00,Retail,Mid-Market,Product-Led,North America
org_00162,2025-07-29T00:00:00,Financial Services,Mid-Market,Paid Search,North America
org_00163,2025-11-20T00:00:00,Technology,Mid-Market,Organic Search,Latin America
org_00164,2025-06-02T00:00:00,Professional Services,SMB,Product-Led,Asia-Pacific
org_00165,2025-05-17T00:00:00,Professional Services,Mid-Market,Referral,North America
org_00166,2025-12-14T00:00:00,Financial Services,SMB,Referral,North America
org_00167,2025-11-24T00:00:00,Financial Services,Mid-Market,Partner,Asia-Pacific
org_00168,2025-02-02T00:00:00,Retail,SMB,Paid Search,North America
org_00169,2025-08-30T00:00:00,Financial Services,Mid-Market,Partner,North America
org_00170,2025-08-27T00:00:00,Education,Mid-Market,Paid Search,North America
org_00171,2025-09-08T00:00:00,Healthcare,Mid-Market,Content,North America
org_00172,2025-07-08T00:00:00,Professional Services,Mid-Market,Paid Search,North America
org_00173,2025-03-22T00:00:00,Retail,SMB,Paid Search,Europe
org_00174,2025-11-17T00:00:00,Healthcare,Mid-Market,Product-Led,North America
org_00175,2025-06-28T00:00:00,Professional Services,SMB,Product-Led,North America
org_00176,2025-06-05T00:00:00,Technology,SMB,Product-Led,Latin America
org_00177,2025-11-18T00:00:00,Retail,Enterprise,Content,North America
org_00178,2025-06-05T00:00:00,Education,SMB,Content,North America
org_00179,2025-08-25T00:00:00,Retail,SMB,Content,North America
org_00180,2025-11-07T00:00:00,Technology,Enterprise,Partner,Latin America
org_00181,2025-06-20T00:00:00,Education,SMB,Product-Led,Europe
org_00182,2025-04-25T00:00:00,Professional Services,SMB,Product-Led,Asia-Pacific
org_00183,2025-10-19T00:00:00,Financial Services,Mid-Market,Content,North America
org_00184,2025-01-08T00:00:00,Technology,SMB,Organic Search,North America
org_00185,2025-07-15T00:00:00,Professional Services,Enterprise,Product-Led,North America
org_00186,2025-02-07T00:00:00,Retail,Mid-Market,Referral,Europe
org_00187,2025-09-25T00:00:00,Education,SMB,Paid Search,Asia-Pacific
org_00188,2025-07-13T00:00:00,Retail,SMB,Content,Latin America
org_00189,2025-04-05T00:00:00,Technology,SMB,Organic Search,Europe
org_00190,2025-01-07T00:00:00,Financial Services,SMB,Product-Led,Latin America
org_00191,2025-07-06T00:00:00,Technology,SMB,Referral,North America
org_00192,2025-07-17T00:00:00,Education,Mid-Market,Content,Europe
org_00193,2025-11-04T00:00:00,Education,SMB,Partner,Europe
org_00194,2025-08-06T00:00:00,Healthcare,SMB,Organic Search,North America
org_00195,2025-05-07T00:00:00,Professional Services,SMB,Organic Search,North America
org_00196,2025-07-15T00:00:00,Healthcare,Mid-Market,Content,Europe
org_00197,2025-10-02T00:00:00,Education,SMB,Content,Asia-Pacific
org_00198,2025-05-30T00:00:00,Financial Services,Mid-Market,Content,Europe
org_00199,2025-06-23T00:00:00,Financial Services,SMB,Organic Search,Europe
org_00200,2025-04-11T00:00:00,Education,SMB,Partner,North America
org_00201,2025-05-28T00:00:00,Professional Services,SMB,Product-Led,North America
org_00202,2025-05-14T00:00:00,Financial Services,Mid-Market,Paid Search,Asia-Pacific
org_00203,2025-08-23T00:00:00,Education,SMB,Organic Search,Latin America
org_00204,2025-11-05T00:00:00,Financial Services,SMB,Paid Search,Asia-Pacific
org_00205,2025-01-29T00:00:00,Retail,Enterprise,Partner,Europe
org_00206,2025-06-10T00:00:00,Education,Enterprise,Organic Search,North America
org_00207,2025-10-03T00:00:00,Financial Services,Mid-Market,Organic Search,North America
org_00208,2025-02-28T00:00:00,Healthcare,SMB,Paid Search,Europe
org_00209,2025-10-03T00:00:00,Professional Services,SMB,Product-Led,North America
org_00210,2025-01-30T00:00:00,Healthcare,Mid-Market,Referral,North America
org_00211,2025-04-20T00:00:00,Professional Services,Mid-Market,Product-Led,North America
org_00212,2025-02-01T00:00:00,Financial Services,SMB,Organic Search,North America
org_00213,2025-12-28T00:00:00,Professional Services,SMB,Content,North America
org_00214,2025-01-24T00:00:00,Financial Services,SMB,Partner,Europe
org_00215,2025-04-14T00:00:00,Financial Services,SMB,Organic Search,Latin America
org_00216,2025-12-02T00:00:00,Education,Mid-Market,Paid Search,North America
org_00217,2025-12-02T00:00:00,Healthcare,SMB,Referral,North America
org_00218,2025-07-15T00:00:00,Retail,Mid-Market,Referral,Europe
org_00219,2025-07-16T00:00:00,Financial Services,SMB,Paid Search,Europe
org_00220,2025-05-08T00:00:00,Healthcare,SMB,Paid Search,North America
org_00221,2025-06-04T00:00:00,Education,SMB,Partner,Latin America
org_00222,2025-12-05T00:00:00,Healthcare,SMB,Referral,North America
org_00223,2025-12-01T00:00:00,Retail,SMB,Organic Search,North America
org_00224,2025-01-19T00:00:00,Education,SMB,Organic Search,North America
org_00225,2025-11-18T00:00:00,Professional Services,SMB,Partner,Europe
org_00226,2025-05-06T00:00:00,Retail,SMB,Organic Search,North America
org_00227,2025-04-27T00:00:00,Healthcare,Enterprise,Content,North America
org_00228,2025-03-28T00:00:00,Professional Services,Enterprise,Paid Search,Europe
org_00229,2025-10-21T00:00:00,Healthcare,Mid-Market,Content,North America
org_00230,2025-11-09T00:00:00,Professional Services,SMB,Referral,North America
org_00231,2025-05-07T00:00:00,Technology,SMB,Organic Search,Latin America
org_00232,2025-02-23T00:00:00,Healthcare,SMB,Partner,Europe
org_00233,2025-03-28T00:00:00,Professional Services,Mid-Market,Paid Search,North America
org_00234,2025-05-22T00:00:00,Financial Services,SMB,Product-Led,North America
org_00235,2025-03-21T00:00:00,Professional Services,SMB,Partner,North America
org_00236,2025-07-08T00:00:00,Financial Services,SMB,Organic Search,North America
org_00237,2025-02-23T00:00:00,Retail,SMB,Partner,North America
org_00238,2025-01-03T00:00:00,Retail,Mid-Market,Product-Led,Europe
org_00239,2025-04-27T00:00:00,Financial Services,SMB,Partner,North America
org_00240,2025-12-01T00:00:00,Education,SMB,Organic Search,North America
org_00241,2025-09-24T00:00:00,Healthcare,Mid-Market,Product-Led,North America
org_00242,2025-05-08T00:00:00,Professional Services,Mid-Market,Paid Search,North America
org_00243,2025-03-12T00:00:00,Financial Services,SMB,Content,Asia-Pacific
org_00244,2025-03-07T00:00:00,Education,SMB,Content,Europe
org_00245,2025-08-07T00:00:00,Education,Mid-Market,Partner,North America
org_00246,2025-10-18T00:00:00,Professional Services,SMB,Organic Search,Europe
org_00247,2025-08-01T00:00:00,Retail,Mid-Market,Paid Search,Europe
org_00248,2025-03-05T00:00:00,Technology,SMB,Product-Led,Asia-Pacific
org_00249,2025-08-15T00:00:00,Education,SMB,Partner,Europe
org_00250,2025-12-14T00:00:00,Technology,Mid-Market,Paid Search,Europe
org_00251,2025-07-04T00:00:00,Technology,Mid-Market,Organic Search,Latin America
org_00252,2025-07-20T00:00:00,Healthcare,SMB,Product-Led,North America
org_00253,2025-03-30T00:00:00,Financial Services,SMB,Referral,North America
org_00254,2025-06-01T00:00:00,Financial Services,Mid-Market,Content,Europe
org_00255,2025-11-19T00:00:00,Healthcare,SMB,Organic Search,North America
org_00256,2025-02-06T00:00:00,Technology,Mid-Market,Paid Search,North America
org_00257,2025-03-13T00:00:00,Education,SMB,Organic Search,North America
org_00258,2025-09-17T00:00:00,Retail,Mid-Market,Content,North America
org_00259,2025-12-17T00:00:00,Technology,SMB,Product-Led,North America
org_00260,2025-02-18T00:00:00,Education,SMB,Paid Search,North America
org_00261,2025-03-25T00:00:00,Financial Services,Mid-Market,Referral,North America
org_00262,2025-08-15T00:00:00,Healthcare,SMB,Content,Latin America
org_00263,2025-06-26T00:00:00,Financial Services,SMB,Product-Led,Latin America
org_00264,2025-10-28T00:00:00,Healthcare,Enterprise,Product-Led,North America
org_00265,2025-04-07T00:00:00,Technology,SMB,Organic Search,North America
org_00266,2025-09-15T00:00:00,Education,SMB,Paid Search,North America
org_00267,2025-01-16T00:00:00,Healthcare,SMB,Referral,North America
org_00268,2025-04-18T00:00:00,Professional Services,Mid-Market,Paid Search,North America
org_00269,2025-12-03T00:00:00,Healthcare,SMB,Referral,Asia-Pacific
org_00270,2025-11-17T00:00:00,Professional Services,SMB,Content,North America
org_00271,2025-11-30T00:00:00,Professional Services,SMB,Referral,North America
org_00272,2025-06-05T00:00:00,Technology,SMB,Partner,North America
org_00273,2025-03-16T00:00:00,Professional Services,SMB,Product-Led,Europe
org_00274,2025-11-03T00:00:00,Professional Services,SMB,Paid Search,Asia-Pacific
org_00275,2025-09-10T00:00:00,Technology,SMB,Organic Search,Asia-Pacific
org_00276,2025-02-10T00:00:00,Retail,SMB,Referral,North America
org_00277,2025-12-30T00:00:00,Retail,Mid-Market,Product-Led,North America
org_00278,2025-09-23T00:00:00,Financial Services,SMB,Content,North America
org_00279,2025-04-24T00:00:00,Retail,SMB,Referral,North America
org_00280,2025-03-14T00:00:00,Technology,SMB,Referral,Asia-Pacific
org_00281,2025-04-05T00:00:00,Technology,Mid-Market,Organic Search,North America
org_00282,2025-06-30T00:00:00,Financial Services,Mid-Market,Organic Search,North America
org_00283,2025-09-30T00:00:00,Financial Services,Mid-Market,Partner,North America
org_00284,2025-10-19T00:00:00,Healthcare,Mid-Market,Referral,Latin America
org_00285,2025-04-29T00:00:00,Retail,SMB,Organic Search,North America
org_00286,2025-01-05T00:00:00,Healthcare,SMB,Partner,Europe
org_00287,2025-06-19T00:00:00,Technology,SMB,Referral,North America
org_00288,2025-06-09T00:00:00,Financial Services,SMB,Referral,Asia-Pacific
org_00289,2025-11-12T00:00:00,Financial Services,SMB,Content,Asia-Pacific
org_00290,2025-04-08T00:00:00,Professional Services,SMB,Content,North America
org_00291,2025-12-05T00:00:00,Financial Services,SMB,Partner,North America
org_00292,2025-07-03T00:00:00,Education,Mid-Market,Content,North America
org_00293,2025-06-08T00:00:00,Healthcare,SMB,Product-Led,North America
org_00294,2025-01-15T00:00:00,Financial Services,SMB,Organic Search,North America
org_00295,2025-08-19T00:00:00,Education,Mid-Market,Product-Led,Europe
org_00296,2025-11-08T00:00:00,Education,SMB,Organic Search,Europe
org_00297,2025-06-25T00:00:00,Healthcare,Enterprise,Organic Search,Asia-Pacific
org_00298,2025-06-15T00:00:00,Healthcare,Mid-Market,Paid Search,Europe
org_00299,2025-12-20T00:00:00,Professional Services,Enterprise,Organic Search,Europe
org_00300,2025-09-23T00:00:00,Financial Services,Enterprise,Product-Led,Europe
org_00301,2025-03-22T00:00:00,Technology,SMB,Organic Search,Latin America
org_00302,2025-06-03T00:00:00,Education,SMB,Organic Search,North America
org_00303,2025-07-12T00:00:00,Technology,SMB,Product-Led,Europe
org_00304,2025-09-08T00:00:00,Education,Mid-Market,Referral,Latin America
org_00305,2025-11-19T00:00:00,Education,SMB,Partner,North America
org_00306,2025-09-14T00:00:00,Professional Services,SMB,Product-Led,Europe
org_00307,2025-01-22T00:00:00,Financial Services,SMB,Content,Asia-Pacific
org_00308,2025-09-26T00:00:00,Education,Enterprise,Content,Asia-Pacific
org_00309,2025-10-23T00:00:00,Technology,Enterprise,Organic Search,North America
org_00310,2025-03-22T00:00:00,Retail,Enterprise,Referral,North America
org_00311,2025-03-26T00:00:00,Professional Services,SMB,Content,North America
org_00312,2025-05-24T00:00:00,Financial Services,Mid-Market,Organic Search,Europe
org_00313,2025-10-22T00:00:00,Healthcare,SMB,Organic Search,Europe
org_00314,2025-11-07T00:00:00,Healthcare,SMB,Partner,Europe
org_00315,2025-10-19T00:00:00,Healthcare,SMB,Organic Search,Europe
org_00316,2025-03-01T00:00:00,Healthcare,SMB,Content,North America
org_00317,2025-08-08T00:00:00,Retail,SMB,Partner,North America
org_00318,2025-02-04T00:00:00,Professional Services,SMB,Organic Search,North America
org_00319,2025-05-09T00:00:00,Technology,Mid-Market,Product-Led,Asia-Pacific
org_00320,2025-06-23T00:00:00,Financial Services,Mid-Market,Partner,North America
org_00321,2025-10-18T00:00:00,Technology,Mid-Market,Referral,Latin America
org_00322,2025-03-04T00:00:00,Financial Services,SMB,Organic Search,North America
org_00323,2025-04-15T00:00:00,Healthcare,SMB,Content,North America
org_00324,2025-10-13T00:00:00,Healthcare,Enterprise,Product-Led,Europe
org_00325,2025-01-29T00:00:00,Healthcare,SMB,Paid Search,North America
org_00326,2025-11-27T00:00:00,Education,SMB,Organic Search,Asia-Pacific
org_00327,2025-02-02T00:00:00,Healthcare,SMB,Product-Led,Asia-Pacific
org_00328,2025-10-13T00:00:00,Retail,SMB,Paid Search,North America
org_00329,2025-01-08T00:00:00,Professional Services,Enterprise,Organic Search,Asia-Pacific
org_00330,2025-01-18T00:00:00,Retail,SMB,Referral,North America
org_00331,2025-09-19T00:00:00,Healthcare,Mid-Market,Organic Search,North America
org_00332,2025-11-26T00:00:00,Professional Services,SMB,Content,North America
org_00333,2025-01-03T00:00:00,Education,SMB,Referral,Latin America
org_00334,2025-11-08T00:00:00,Technology,SMB,Content,North America
org_00335,2025-01-14T00:00:00,Retail,SMB,Product-Led,North America
org_00336,2025-09-07T00:00:00,Education,Mid-Market,Partner,North America
org_00337,2025-01-31T00:00:00,Professional Services,Mid-Market,Organic Search,North America
org_00338,2025-08-10T00:00:00,Healthcare,SMB,Partner,North America
org_00339,2025-01-17T00:00:00,Technology,SMB,Content,North America
org_00340,2025-09-01T00:00:00,Financial Services,Mid-Market,Organic Search,North America
org_00341,2025-10-25T00:00:00,Financial Services,Mid-Market,Content,Europe
org_00342,2025-03-13T00:00:00,Retail,SMB,Product-Led,North America
org_00343,2025-05-19T00:00:00,Retail,Mid-Market,Content,North America
org_00344,2025-09-10T00:00:00,Healthcare,Mid-Market,Product-Led,North America
org_00345,2025-03-17T00:00:00,Healthcare,SMB,Organic Search,Latin America
org_00346,2025-04-25T00:00:00,Professional Services,Mid-Market,Paid Search,Asia-Pacific
org_00347,2025-02-16T00:00:00,Professional Services,Enterprise,Organic Search,North America
org_00348,2025-08-14T00:00:00,Technology,SMB,Product-Led,North America
org_00349,2025-03-04T00:00:00,Technology,SMB,Organic Search,North America
org_00350,2025-12-07T00:00:00,Healthcare,SMB,Referral,Europe
org_00351,2025-02-24T00:00:00,Professional Services,SMB,Product-Led,Asia-Pacific
org_00352,2025-05-04T00:00:00,Professional Services,SMB,Product-Led,Europe
org_00353,2025-01-10T00:00:00,Professional Services,SMB,Product-Led,Europe
org_00354,2025-05-22T00:00:00,Retail,Enterprise,Referral,North America
org_00355,2025-01-09T00:00:00,Healthcare,SMB,Product-Led,North America
org_00356,2025-06-13T00:00:00,Financial Services,SMB,Paid Search,Latin America
org_00357,2025-03-24T00:00:00,Financial Services,Mid-Market,Organic Search,North America
org_00358,2025-01-25T00:00:00,Healthcare,SMB,Content,North America
org_00359,2025-07-21T00:00:00,Retail,Mid-Market,Organic Search,North America
org_00360,2025-01-09T00:00:00,Financial Services,SMB,Paid Search,North America
org_00361,2025-01-03T00:00:00,Technology,Enterprise,Product-Led,Europe
org_00362,2025-12-05T00:00:00,Education,Enterprise,Product-Led,Latin America
org_00363,2025-09-30T00:00:00,Education,SMB,Referral,North America
org_00364,2025-04-02T00:00:00,Technology,Enterprise,Organic Search,Europe
org_00365,2025-10-04T00:00:00,Professional Services,Mid-Market,Referral,Europe
org_00366,2025-11-26T00:00:00,Financial Services,Mid-Market,Content,Asia-Pacific
org_00367,2025-07-22T00:00:00,Professional Services,SMB,Paid Search,North America
org_00368,2025-07-26T00:00:00,Healthcare,SMB,Referral,Europe
org_00369,2025-11-01T00:00:00,Professional Services,Mid-Market,Partner,Asia-Pacific
org_00370,2025-05-26T00:00:00,Financial Services,SMB,Product-Led,North America
org_00371,2025-07-30T00:00:00,Education,Mid-Market,Paid Search,North America
org_00372,2025-07-07T00:00:00,Retail,Mid-Market,Organic Search,Asia-Pacific
org_00373,2025-12-12T00:00:00,Professional Services,SMB,Content,Latin America
org_00374,2025-03-13T00:00:00,Education,Mid-Market,Organic Search,Latin America
org_00375,2025-08-26T00:00:00,Healthcare,SMB,Partner,North America
org_00376,2025-06-27T00:00:00,Education,SMB,Product-Led,North America
org_00377,2025-12-27T00:00:00,Retail,SMB,Partner,North America
org_00378,2025-06-24T00:00:00,Technology,SMB,Organic Search,North America
org_00379,2025-04-12T00:00:00,Healthcare,SMB,Content,Europe
org_00380,2025-10-25T00:00:00,Financial Services,Mid-Market,Referral,North America
org_00381,2025-04-11T00:00:00,Financial Services,SMB,Content,North America
org_00382,2025-09-23T00:00:00,Healthcare,SMB,Product-Led,North America
org_00383,2025-05-28T00:00:00,Technology,Mid-Market,Referral,North America
org_00384,2025-02-06T00:00:00,Education,Enterprise,Organic Search,North America
org_00385,2025-03-19T00:00:00,Financial Services,SMB,Partner,Latin America
org_00386,2025-08-07T00:00:00,Financial Services,SMB,Referral,Asia-Pacific
org_00387,2025-01-09T00:00:00,Technology,SMB,Content,North America
org_00388,2025-06-29T00:00:00,Financial Services,Enterprise,Organic Search,North America
org_00389,2025-03-22T00:00:00,Healthcare,Mid-Market,Partner,North America
org_00390,2025-06-21T00:00:00,Financial Services,SMB,Referral,North America
org_00391,2025-12-10T00:00:00,Professional Services,Enterprise,Organic Search,North America
org_00392,2025-10-08T00:00:00,Education,Enterprise,Product-Led,North America
org_00393,2025-06-06T00:00:00,Professional Services,Mid-Market,Product-Led,Europe
org_00394,2025-08-19T00:00:00,Technology,SMB,Paid Search,Latin America
org_00395,2025-04-11T00:00:00,Retail,Mid-Market,Product-Led,Europe
org_00396,2025-10-28T00:00:00,Education,SMB,Content,North America
org_00397,2025-12-17T00:00:00,Technology,SMB,Product-Led,North America
org_00398,2025-12-26T00:00:00,Financial Services,SMB,Organic Search,North America
org_00399,2025-11-13T00:00:00,Healthcare,SMB,Paid Search,Europe
org_00400,2025-02-16T00:00:00,Retail,Mid-Market,Partner,Europe
org_00401,2025-12-19T00:00:00,Retail,Enterprise,Partner,North America
org_00402,2025-03-25T00:00:00,Professional Services,Mid-Market,Paid Search,Europe
org_00403,2025-06-13T00:00:00,Healthcare,Enterprise,Organic Search,North America
org_00404,2025-11-13T00:00:00,Professional Services,SMB,Paid Search,North America
org_00405,2025-12-10T00:00:00,Retail,SMB,Organic Search,Europe
org_00406,2025-05-19T00:00:00,Technology,Mid-Market,Content,Europe
org_00407,2025-09-26T00:00:00,Technology,Mid-Market,Partner,North America
org_00408,2025-09-14T00:00:00,Technology,Mid-Market,Product-Led,North America
org_00409,2025-03-21T00:00:00,Technology,SMB,Organic Search,North America
org_00410,2025-09-02T00:00:00,Technology,Mid-Market,Referral,Europe
org_00411,2025-06-10T00:00:00,Professional Services,Mid-Market,Organic Search,Europe
org_00412,2025-10-20T00:00:00,Technology,SMB,Organic Search,North America
org_00413,2025-02-18T00:00:00,Retail,SMB,Product-Led,North America
org_00414,2025-05-23T00:00:00,Education,SMB,Referral,Latin America
org_00415,2025-04-11T00:00:00,Education,SMB,Product-Led,North America
org_00416,2025-01-04T00:00:00,Education,SMB,Organic Search,Europe
org_00417,2025-03-23T00:00:00,Professional Services,SMB,Partner,North America
org_00418,2025-09-28T00:00:00,Financial Services,SMB,Product-Led,Europe
org_00419,2025-09-03T00:00:00,Technology,Mid-Market,Organic Search,Latin America
org_00420,2025-01-27T00:00:00,Healthcare,SMB,Organic Search,Europe
org_00421,2025-08-11T00:00:00,Technology,SMB,Product-Led,North America
org_00422,2025-09-24T00:00:00,Technology,SMB,Referral,Asia-Pacific
org_00423,2025-06-09T00:00:00,Professional Services,SMB,Referral,Europe
org_00424,2025-06-10T00:00:00,Retail,SMB,Paid Search,Asia-Pacific
org_00425,2025-05-17T00:00:00,Healthcare,SMB,Organic Search,North America
org_00426,2025-03-20T00:00:00,Retail,SMB,Organic Search,North America
org_00427,2025-06-10T00:00:00,Healthcare,SMB,Referral,North America
org_00428,2025-07-01T00:00:00,Professional Services,SMB,Organic Search,Europe
org_00429,2025-12-09T00:00:00,Healthcare,SMB,Organic Search,Asia-Pacific
org_00430,2025-04-13T00:00:00,Healthcare,SMB,Organic Search,North America
org_00431,2025-07-03T00:00:00,Technology,Mid-Market,Partner,North America
org_00432,2025-01-28T00:00:00,Professional Services,SMB,Product-Led,North America
org_00433,2025-10-30T00:00:00,Healthcare,Mid-Market,Referral,North America
org_00434,2025-08-07T00:00:00,Education,Enterprise,Product-Led,North America
org_00435,2025-04-27T00:00:00,Technology,SMB,Organic Search,Latin America
org_00436,2025-09-10T00:00:00,Healthcare,SMB,Referral,North America
org_00437,2025-05-18T00:00:00,Education,Mid-Market,Organic Search,North America
org_00438,2025-04-30T00:00:00,Professional Services,Mid-Market,Paid Search,North America
org_00439,2025-03-18T00:00:00,Retail,SMB,Organic Search,Asia-Pacific
org_00440,2025-12-15T00:00:00,Retail,Mid-Market,Organic Search,North America
org_00441,2025-07-05T00:00:00,Healthcare,SMB,Referral,Europe
org_00442,2025-01-22T00:00:00,Financial Services,Mid-Market,Partner,Europe
org_00443,2025-12-06T00:00:00,Financial Services,Enterprise,Paid Search,Europe
org_00444,2025-01-09T00:00:00,Professional Services,SMB,Paid Search,North America
org_00445,2025-03-26T00:00:00,Retail,Mid-Market,Content,Latin America
org_00446,2025-10-03T00:00:00,Financial Services,SMB,Referral,Europe
org_00447,2025-10-05T00:00:00,Healthcare,Enterprise,Product-Led,Europe
org_00448,2025-04-08T00:00:00,Financial Services,SMB,Partner,Latin America
org_00449,2025-10-04T00:00:00,Healthcare,Mid-Market,Referral,Europe
org_00450,2025-01-08T00:00:00,Technology,Mid-Market,Referral,Europe
org_00451,2025-06-24T00:00:00,Professional Services,Mid-Market,Content,North America
org_00452,2025-12-22T00:00:00,Education,SMB,Content,North America
org_00453,2025-06-23T00:00:00,Professional Services,Mid-Market,Paid Search,Asia-Pacific
org_00454,2025-12-29T00:00:00,Financial Services,SMB,Product-Led,North America
org_00455,2025-01-23T00:00:00,Healthcare,SMB,Product-Led,Europe
org_00456,2025-07-05T00:00:00,Financial Services,SMB,Partner,North America
org_00457,2025-04-08T00:00:00,Retail,SMB,Referral,North America
org_00458,2025-12-27T00:00:00,Healthcare,Mid-Market,Partner,North America
org_00459,2025-05-16T00:00:00,Financial Services,Mid-Market,Content,North America
org_00460,2025-01-04T00:00:00,Financial Services,Enterprise,Content,North America
org_00461,2025-07-06T00:00:00,Financial Services,SMB,Content,Asia-Pacific
org_00462,2025-11-18T00:00:00,Technology,SMB,Organic Search,North America
org_00463,2025-07-02T00:00:00,Retail,Mid-Market,Referral,Europe
org_00464,2025-05-25T00:00:00,Retail,Mid-Market,Product-Led,Asia-Pacific
org_00465,2025-03-03T00:00:00,Technology,Enterprise,Referral,Asia-Pacific
org_00466,2025-01-13T00:00:00,Healthcare,SMB,Paid Search,North America
org_00467,2025-12-27T00:00:00,Education,Mid-Market,Content,Asia-Pacific
org_00468,2025-02-11T00:00:00,Professional Services,Mid-Market,Paid Search,North America
org_00469,2025-04-22T00:00:00,Technology,Mid-Market,Paid Search,Europe
org_00470,2025-01-27T00:00:00,Technology,Mid-Market,Paid Search,Latin America
org_00471,2025-11-27T00:00:00,Financial Services,SMB,Content,North America
org_00472,2025-08-19T00:00:00,Technology,Mid-Market,Paid Search,Asia-Pacific
org_00473,2025-11-20T00:00:00,Professional Services,Enterprise,Content,Asia-Pacific
org_00474,2025-09-27T00:00:00,Financial Services,SMB,Organic Search,Asia-Pacific
org_00475,2025-05-18T00:00:00,Professional Services,Mid-Market,Content,North America
org_00476,2025-03-07T00:00:00,Healthcare,SMB,Product-Led,North America
org_00477,2025-09-16T00:00:00,Healthcare,SMB,Organic Search,Europe
org_00478,2025-03-07T00:00:00,Technology,SMB,Content,Latin America
org_00479,2025-10-13T00:00:00,Healthcare,Mid-Market,Product-Led,Europe
org_00480,2025-05-25T00:00:00,Education,Enterprise,Content,Europe
org_00481,2025-11-15T00:00:00,Healthcare,Enterprise,Organic Search,Europe
org_00482,2025-03-05T00:00:00,Financial Services,Enterprise,Referral,Asia-Pacific
org_00483,2025-10-15T00:00:00,Healthcare,SMB,Paid Search,North America
org_00484,2025-04-16T00:00:00,Professional Services,SMB,Organic Search,Latin America
org_00485,2025-01-13T00:00:00,Professional Services,SMB,Organic Search,Europe
org_00486,2025-09-16T00:00:00,Retail,Enterprise,Content,North America
org_00487,2025-09-23T00:00:00,Professional Services,Mid-Market,Organic Search,North America
org_00488,2025-06-14T00:00:00,Financial Services,Mid-Market,Organic Search,Latin America
org_00489,2025-08-01T00:00:00,Education,SMB,Referral,Asia-Pacific
org_00490,2025-09-22T00:00:00,Technology,SMB,Organic Search,Europe
org_00491,2025-06-28T00:00:00,Financial Services,Mid-Market,Partner,Europe
org_00492,2025-01-04T00:00:00,Technology,SMB,Referral,North America
org_00493,2025-06-05T00:00:00,Education,SMB,Organic Search,North America
org_00494,2025-06-17T00:00:00,Healthcare,SMB,Product-Led,North America
org_00495,2025-10-13T00:00:00,Professional Services,SMB,Organic Search,Europe
org_00496,2025-12-23T00:00:00,Financial Services,SMB,Organic Search,Europe
org_00497,2025-03-05T00:00:00,Technology,SMB,Partner,Asia-Pacific
org_00498,2025-10-29T00:00:00,Professional Services,SMB,Organic Search,Asia-Pacific
org_00499,2025-04-26T00:00:00,Healthcare,Mid-Market,Paid Search,North America
org_00500,2025-06-23T00:00:00,Professional Services,Mid-Market,Partner,North America
org_00501,2025-10-20T00:00:00,Retail,Mid-Market,Paid Search,North America
org_00502,2025-08-24T00:00:00,Technology,SMB,Product-Led,North America
org_00503,2025-03-16T00:00:00,Retail,Mid-Market,Product-Led,Europe
org_00504,2025-10-31T00:00:00,Professional Services,SMB,Partner,North America
org_00505,2025-06-23T00:00:00,Technology,SMB,Organic Search,North America
org_00506,2025-03-18T00:00:00,Professional Services,SMB,Organic Search,North America
org_00507,2025-01-19T00:00:00,Professional Services,SMB,Paid Search,Europe
org_00508,2025-08-08T00:00:00,Professional Services,SMB,Paid Search,Asia-Pacific
org_00509,2025-01-20T00:00:00,Healthcare,Mid-Market,Organic Search,Asia-Pacific
org_00510,2025-09-02T00:00:00,Professional Services,SMB,Referral,North America
org_00511,2025-04-28T00:00:00,Healthcare,SMB,Referral,Europe
org_00512,2025-04-29T00:00:00,Technology,Mid-Market,Paid Search,North America
org_00513,2025-03-20T00:00:00,Professional Services,SMB,Organic Search,North America
org_00514,2025-03-21T00:00:00,Education,Mid-Market,Organic Search,North America
org_00515,2025-09-14T00:00:00,Healthcare,SMB,Content,North America
org_00516,2025-12-26T00:00:00,Education,Mid-Market,Product-Led,North America
org_00517,2025-08-23T00:00:00,Healthcare,SMB,Organic Search,North America
org_00518,2025-11-05T00:00:00,Professional Services,SMB,Organic Search,North America
org_00519,2025-04-20T00:00:00,Education,SMB,Referral,Latin America
org_00520,2025-12-31T00:00:00,Retail,SMB,Paid Search,North America
org_00521,2025-01-26T00:00:00,Professional Services,Enterprise,Organic Search,Europe
org_00522,2025-03-16T00:00:00,Healthcare,SMB,Organic Search,Latin America
org_00523,2025-07-23T00:00:00,Professional Services,SMB,Organic Search,North America
org_00524,2025-09-28T00:00:00,Technology,Mid-Market,Content,North America
org_00525,2025-12-27T00:00:00,Professional Services,Mid-Market,Referral,North America
org_00526,2025-11-05T00:00:00,Technology,SMB,Organic Search,Europe
org_00527,2025-05-30T00:00:00,Professional Services,SMB,Organic Search,North America
org_00528,2025-02-24T00:00:00,Technology,SMB,Product-Led,North America
org_00529,2025-06-06T00:00:00,Technology,SMB,Partner,North America
org_00530,2025-12-20T00:00:00,Technology,SMB,Product-Led,Asia-Pacific
org_00531,2025-03-15T00:00:00,Professional Services,SMB,Organic Search,North America
org_00532,2025-09-07T00:00:00,Education,Enterprise,Content,Europe
org_00533,2025-04-17T00:00:00,Education,SMB,Partner,Latin America
org_00534,2025-08-20T00:00:00,Healthcare,Mid-Market,Product-Led,North America
org_00535,2025-02-22T00:00:00,Education,SMB,Referral,Europe
org_00536,2025-12-12T00:00:00,Technology,SMB,Organic Search,Latin America
org_00537,2025-08-15T00:00:00,Healthcare,Enterprise,Organic Search,Europe
org_00538,2025-08-05T00:00:00,Healthcare,Mid-Market,Content,Asia-Pacific
org_00539,2025-05-01T00:00:00,Education,Mid-Market,Paid Search,Latin America
org_00540,2025-08-26T00:00:00,Education,Enterprise,Paid Search,Asia-Pacific
org_00541,2025-12-13T00:00:00,Technology,SMB,Organic Search,Europe
org_00542,2025-05-27T00:00:00,Technology,SMB,Paid Search,North America
org_00543,2025-06-27T00:00:00,Technology,Mid-Market,Content,North America
org_00544,2025-02-13T00:00:00,Education,SMB,Product-Led,Europe
org_00545,2025-08-18T00:00:00,Retail,Enterprise,Organic Search,North America
org_00546,2025-05-27T00:00:00,Education,Mid-Market,Paid Search,North America
org_00547,2025-09-27T00:00:00,Financial Services,Enterprise,Organic Search,Asia-Pacific
org_00548,2025-04-30T00:00:00,Education,Mid-Market,Product-Led,Europe
org_00549,2025-06-05T00:00:00,Healthcare,Mid-Market,Referral,North America
org_00550,2025-08-27T00:00:00,Education,SMB,Referral,North America
org_00551,2025-07-29T00:00:00,Retail,SMB,Organic Search,North America
org_00552,2025-02-23T00:00:00,Retail,SMB,Product-Led,North America
org_00553,2025-08-06T00:00:00,Professional Services,SMB,Paid Search,North America
org_00554,2025-05-24T00:00:00,Professional Services,SMB,Product-Led,Asia-Pacific
org_00555,2025-04-29T00:00:00,Education,SMB,Paid Search,Europe
org_00556,2025-09-17T00:00:00,Technology,Mid-Market,Referral,North America
org_00557,2025-12-07T00:00:00,Education,SMB,Referral,North America
org_00558,2025-05-16T00:00:00,Financial Services,Mid-Market,Content,North America
org_00559,2025-09-28T00:00:00,Education,SMB,Partner,Latin America
org_00560,2025-11-19T00:00:00,Healthcare,Mid-Market,Organic Search,Latin America
org_00561,2025-06-18T00:00:00,Retail,SMB,Product-Led,Asia-Pacific
org_00562,2025-05-08T00:00:00,Healthcare,Mid-Market,Product-Led,North America
org_00563,2025-07-22T00:00:00,Technology,SMB,Content,North America
org_00564,2025-02-05T00:00:00,Retail,SMB,Referral,Europe
org_00565,2025-12-17T00:00:00,Healthcare,Mid-Market,Organic Search,North America
org_00566,2025-05-25T00:00:00,Financial Services,Mid-Market,Organic Search,Europe
org_00567,2025-10-04T00:00:00,Retail,SMB,Product-Led,North America
org_00568,2025-02-05T00:00:00,Professional Services,SMB,Partner,Latin America
org_00569,2025-02-24T00:00:00,Technology,SMB,Paid Search,North America
org_00570,2025-10-13T00:00:00,Retail,Enterprise,Content,North America
org_00571,2025-09-29T00:00:00,Healthcare,SMB,Organic Search,North America
org_00572,2025-11-09T00:00:00,Education,SMB,Referral,Europe
org_00573,2025-08-23T00:00:00,Financial Services,SMB,Referral,North America
org_00574,2025-08-29T00:00:00,Healthcare,Mid-Market,Content,Asia-Pacific
org_00575,2025-02-04T00:00:00,Financial Services,Mid-Market,Product-Led,North America
org_00576,2025-07-02T00:00:00,Professional Services,SMB,Product-Led,North America
org_00577,2025-03-25T00:00:00,Professional Services,Mid-Market,Referral,North America
org_00578,2025-07-03T00:00:00,Healthcare,SMB,Paid Search,Europe
org_00579,2025-08-17T00:00:00,Technology,SMB,Organic Search,North America
org_00580,2025-05-02T00:00:00,Education,SMB,Paid Search,North America
org_00581,2025-01-03T00:00:00,Professional Services,SMB,Paid Search,North America
org_00582,2025-04-19T00:00:00,Financial Services,Mid-Market,Referral,Europe
org_00583,2025-01-14T00:00:00,Financial Services,Enterprise,Partner,Asia-Pacific
org_00584,2025-06-27T00:00:00,Healthcare,SMB,Referral,North America
org_00585,2025-02-19T00:00:00,Financial Services,SMB,Paid Search,North America
org_00586,2025-10-29T00:00:00,Healthcare,Enterprise,Paid Search,Europe
org_00587,2025-04-15T00:00:00,Financial Services,SMB,Organic Search,North America
org_00588,2025-03-05T00:00:00,Financial Services,SMB,Product-Led,North America
org_00589,2025-08-04T00:00:00,Technology,SMB,Paid Search,Europe
org_00590,2025-04-08T00:00:00,Technology,Mid-Market,Paid Search,North America
org_00591,2025-04-05T00:00:00,Financial Services,Mid-Market,Organic Search,North America
org_00592,2025-07-10T00:00:00,Professional Services,SMB,Referral,North America
org_00593,2025-01-04T00:00:00,Education,Mid-Market,Partner,Latin America
org_00594,2025-05-26T00:00:00,Technology,Mid-Market,Referral,Europe
org_00595,2025-05-07T00:00:00,Technology,SMB,Paid Search,North America
org_00596,2025-02-06T00:00:00,Retail,Mid-Market,Product-Led,North America
org_00597,2025-08-15T00:00:00,Financial Services,Enterprise,Paid Search,Asia-Pacific
org_00598,2025-04-07T00:00:00,Retail,SMB,Referral,Europe
org_00599,2025-09-20T00:00:00,Financial Services,SMB,Organic Search,Europe
org_00600,2025-12-20T00:00:00,Professional Services,SMB,Organic Search,North America
org_00601,2025-02-15T00:00:00,Financial Services,Mid-Market,Product-Led,North America
org_00602,2025-12-28T00:00:00,Retail,Mid-Market,Product-Led,Asia-Pacific
org_00603,2025-03-05T00:00:00,Retail,SMB,Organic Search,Latin America
org_00604,2025-06-14T00:00:00,Healthcare,Mid-Market,Referral,North America
org_00605,2025-03-20T00:00:00,Retail,SMB,Partner,Latin America
org_00606,2025-03-04T00:00:00,Healthcare,SMB,Product-Led,Latin America
org_00607,2025-05-24T00:00:00,Education,Enterprise,Product-Led,North America
org_00608,2025-07-21T00:00:00,Education,Mid-Market,Product-Led,North America
org_00609,2025-02-15T00:00:00,Healthcare,Mid-Market,Organic Search,North America
org_00610,2025-05-10T00:00:00,Education,SMB,Organic Search,North America
org_00611,2025-11-27T00:00:00,Professional Services,Mid-Market,Partner,North America
org_00612,2025-06-29T00:00:00,Retail,Mid-Market,Paid Search,Europe
org_00613,2025-05-28T00:00:00,Financial Services,Mid-Market,Partner,Latin America
org_00614,2025-10-10T00:00:00,Financial Services,SMB,Product-Led,North America
org_00615,2025-07-05T00:00:00,Retail,Enterprise,Partner,North America
org_00616,2025-02-10T00:00:00,Technology,Enterprise,Organic Search,Asia-Pacific
org_00617,2025-12-15T00:00:00,Technology,Mid-Market,Organic Search,North America
org_00618,2025-10-31T00:00:00,Professional Services,Mid-Market,Product-Led,Asia-Pacific
org_00619,2025-08-07T00:00:00,Technology,SMB,Organic Search,North America
org_00620,2025-06-14T00:00:00,Professional Services,SMB,Referral,North America
org_00621,2025-04-25T00:00:00,Retail,SMB,Product-Led,Asia-Pacific
org_00622,2025-07-04T00:00:00,Financial Services,SMB,Product-Led,Latin America
org_00623,2025-03-12T00:00:00,Financial Services,SMB,Product-Led,Europe
org_00624,2025-04-06T00:00:00,Financial Services,Mid-Market,Paid Search,North America
org_00625,2025-03-25T00:00:00,Education,Mid-Market,Partner,Asia-Pacific
org_00626,2025-06-21T00:00:00,Professional Services,Mid-Market,Paid Search,North America
org_00627,2025-06-22T00:00:00,Education,SMB,Content,Asia-Pacific
org_00628,2025-07-29T00:00:00,Professional Services,SMB,Partner,Latin America
org_00629,2025-09-17T00:00:00,Retail,Mid-Market,Organic Search,Europe
org_00630,2025-08-03T00:00:00,Professional Services,Enterprise,Paid Search,North America
org_00631,2025-06-09T00:00:00,Retail,Enterprise,Partner,Latin America
org_00632,2025-07-10T00:00:00,Professional Services,SMB,Product-Led,Asia-Pacific
org_00633,2025-11-30T00:00:00,Technology,Mid-Market,Referral,Europe
org_00634,2025-01-16T00:00:00,Technology,SMB,Product-Led,North America
org_00635,2025-06-18T00:00:00,Retail,SMB,Partner,North America
org_00636,2025-07-06T00:00:00,Education,Mid-Market,Organic Search,North America
org_00637,2025-03-05T00:00:00,Education,SMB,Organic Search,Europe
org_00638,2025-08-14T00:00:00,Professional Services,Mid-Market,Product-Led,Asia-Pacific
org_00639,2025-04-13T00:00:00,Retail,SMB,Organic Search,Europe
org_00640,2025-01-26T00:00:00,Retail,Mid-Market,Organic Search,Europe
org_00641,2025-05-19T00:00:00,Healthcare,SMB,Product-Led,North America
org_00642,2025-12-07T00:00:00,Professional Services,SMB,Organic Search,Europe
org_00643,2025-06-02T00:00:00,Education,Enterprise,Organic Search,Asia-Pacific
org_00644,2025-12-12T00:00:00,Retail,SMB,Paid Search,North America
org_00645,2025-01-10T00:00:00,Professional Services,SMB,Organic Search,Europe
org_00646,2025-07-26T00:00:00,Financial Services,Mid-Market,Partner,North America
org_00647,2025-11-14T00:00:00,Professional Services,SMB,Paid Search,Asia-Pacific
org_00648,2025-03-22T00:00:00,Retail,SMB,Referral,North America
org_00649,2025-11-26T00:00:00,Professional Services,SMB,Product-Led,North America
org_00650,2025-04-11T00:00:00,Financial Services,Mid-Market,Product-Led,Europe
org_00651,2025-05-04T00:00:00,Healthcare,Enterprise,Product-Led,North America
org_00652,2025-09-05T00:00:00,Financial Services,SMB,Referral,North America
org_00653,2025-09-01T00:00:00,Financial Services,SMB,Referral,Latin America
org_00654,2025-08-05T00:00:00,Education,SMB,Product-Led,North America
org_00655,2025-01-17T00:00:00,Professional Services,SMB,Product-Led,Latin America
org_00656,2025-05-10T00:00:00,Financial Services,SMB,Paid Search,Europe
org_00657,2025-04-19T00:00:00,Healthcare,SMB,Partner,Asia-Pacific
org_00658,2025-09-01T00:00:00,Education,Mid-Market,Partner,Asia-Pacific
org_00659,2025-05-13T00:00:00,Financial Services,SMB,Referral,Asia-Pacific
org_00660,2025-08-09T00:00:00,Healthcare,SMB,Product-Led,Latin America
org_00661,2025-04-12T00:00:00,Professional Services,SMB,Organic Search,North America
org_00662,2025-03-02T00:00:00,Retail,SMB,Paid Search,Europe
org_00663,2025-10-28T00:00:00,Technology,SMB,Referral,North America
org_00664,2025-07-31T00:00:00,Financial Services,SMB,Organic Search,North America
org_00665,2025-04-11T00:00:00,Financial Services,SMB,Organic Search,North America
org_00666,2025-10-07T00:00:00,Retail,SMB,Paid Search,North America
org_00667,2025-03-15T00:00:00,Healthcare,SMB,Paid Search,Asia-Pacific
org_00668,2025-09-13T00:00:00,Retail,Enterprise,Content,North America
org_00669,2025-11-18T00:00:00,Professional Services,SMB,Organic Search,North America
org_00670,2025-02-23T00:00:00,Professional Services,Mid-Market,Paid Search,North America
org_00671,2025-02-16T00:00:00,Professional Services,Mid-Market,Partner,North America
org_00672,2025-09-30T00:00:00,Financial Services,Mid-Market,Referral,Europe
org_00673,2025-07-31T00:00:00,Technology,Mid-Market,Paid Search,North America
org_00674,2025-03-01T00:00:00,Professional Services,SMB,Paid Search,Asia-Pacific
org_00675,2025-09-26T00:00:00,Retail,Mid-Market,Partner,North America
org_00676,2025-10-04T00:00:00,Retail,SMB,Referral,North America
org_00677,2025-09-11T00:00:00,Retail,SMB,Product-Led,North America
org_00678,2025-10-21T00:00:00,Professional Services,Enterprise,Product-Led,Europe
org_00679,2025-06-01T00:00:00,Retail,Mid-Market,Paid Search,North America
org_00680,2025-05-02T00:00:00,Retail,Mid-Market,Organic Search,North America
org_00681,2025-04-07T00:00:00,Professional Services,SMB,Paid Search,North America
org_00682,2025-06-17T00:00:00,Professional Services,SMB,Referral,North America
org_00683,2025-09-26T00:00:00,Technology,Mid-Market,Organic Search,North America
org_00684,2025-10-10T00:00:00,Education,SMB,Content,North America
org_00685,2025-08-31T00:00:00,Healthcare,Mid-Market,Product-Led,Europe
org_00686,2025-12-11T00:00:00,Education,SMB,Product-Led,North America
org_00687,2025-12-15T00:00:00,Technology,SMB,Referral,Europe
org_00688,2025-06-05T00:00:00,Technology,Mid-Market,Paid Search,North America
org_00689,2025-10-25T00:00:00,Professional Services,SMB,Organic Search,Europe
org_00690,2025-10-27T00:00:00,Healthcare,SMB,Organic Search,Latin America
org_00691,2025-10-03T00:00:00,Professional Services,SMB,Organic Search,North America
org_00692,2025-07-01T00:00:00,Retail,Mid-Market,Paid Search,North America
org_00693,2025-08-06T00:00:00,Healthcare,Mid-Market,Product-Led,Asia-Pacific
org_00694,2025-03-18T00:00:00,Professional Services,Mid-Market,Content,North America
org_00695,2025-12-11T00:00:00,Financial Services,SMB,Product-Led,North America
org_00696,2025-09-05T00:00:00,Professional Services,SMB,Paid Search,Europe
org_00697,2025-07-11T00:00:00,Professional Services,Mid-Market,Product-Led,Asia-Pacific
org_00698,2025-02-16T00:00:00,Financial Services,Mid-Market,Paid Search,Latin America
org_00699,2025-10-01T00:00:00,Education,SMB,Organic Search,Europe
org_00700,2025-06-05T00:00:00,Healthcare,SMB,Content,North America
org_00701,2025-10-26T00:00:00,Professional Services,Enterprise,Organic Search,Europe
org_00702,2025-05-15T00:00:00,Professional Services,Mid-Market,Content,Europe
org_00703,2025-06-21T00:00:00,Retail,Enterprise,Partner,Asia-Pacific
org_00704,2025-02-10T00:00:00,Healthcare,SMB,Content,Europe
org_00705,2025-06-04T00:00:00,Financial Services,SMB,Paid Search,Europe
org_00706,2025-11-05T00:00:00,Retail,SMB,Organic Search,North America
org_00707,2025-02-14T00:00:00,Financial Services,SMB,Referral,Latin America
org_00708,2025-06-03T00:00:00,Professional Services,Enterprise,Referral,North America
org_00709,2025-10-05T00:00:00,Financial Services,Enterprise,Paid Search,North America
org_00710,2025-06-22T00:00:00,Professional Services,Enterprise,Product-Led,North America
org_00711,2025-07-20T00:00:00,Technology,Mid-Market,Referral,Europe
org_00712,2025-11-06T00:00:00,Healthcare,SMB,Product-Led,Latin America
org_00713,2025-10-03T00:00:00,Retail,SMB,Product-Led,Europe
org_00714,2025-02-24T00:00:00,Professional Services,SMB,Organic Search,North America
org_00715,2025-11-03T00:00:00,Education,Mid-Market,Product-Led,Europe
org_00716,2025-02-11T00:00:00,Professional Services,SMB,Paid Search,North America
org_00717,2025-01-28T00:00:00,Financial Services,SMB,Referral,North America
org_00718,2025-05-11T00:00:00,Financial Services,SMB,Product-Led,North America
org_00719,2025-04-04T00:00:00,Healthcare,SMB,Content,Latin America
org_00720,2025-06-24T00:00:00,Education,SMB,Content,North America
org_00721,2025-11-16T00:00:00,Education,SMB,Referral,North America
org_00722,2025-09-04T00:00:00,Education,SMB,Content,North America
org_00723,2025-07-24T00:00:00,Financial Services,SMB,Paid Search,Europe
org_00724,2025-12-06T00:00:00,Healthcare,SMB,Referral,Asia-Pacific
org_00725,2025-02-17T00:00:00,Education,Mid-Market,Content,North America
org_00726,2025-08-25T00:00:00,Technology,SMB,Product-Led,North America
org_00727,2025-06-23T00:00:00,Education,SMB,Paid Search,Europe
org_00728,2025-10-26T00:00:00,Retail,Mid-Market,Product-Led,North America
org_00729,2025-11-15T00:00:00,Education,Enterprise,Referral,North America
org_00730,2025-08-07T00:00:00,Financial Services,SMB,Organic Search,Europe
org_00731,2025-12-16T00:00:00,Retail,SMB,Content,Europe
org_00732,2025-02-18T00:00:00,Education,SMB,Product-Led,Europe
org_00733,2025-12-09T00:00:00,Technology,Enterprise,Product-Led,North America
org_00734,2025-09-16T00:00:00,Healthcare,SMB,Product-Led,North America
org_00735,2025-07-08T00:00:00,Healthcare,SMB,Partner,North America
org_00736,2025-08-26T00:00:00,Retail,Enterprise,Content,Asia-Pacific
org_00737,2025-02-01T00:00:00,Retail,SMB,Organic Search,North America
org_00738,2025-01-24T00:00:00,Technology,Enterprise,Paid Search,North America
org_00739,2025-03-25T00:00:00,Education,SMB,Partner,North America
org_00740,2025-04-19T00:00:00,Technology,SMB,Referral,North America
org_00741,2025-11-15T00:00:00,Financial Services,Mid-Market,Content,Latin America
org_00742,2025-07-09T00:00:00,Professional Services,SMB,Referral,North America
org_00743,2025-03-06T00:00:00,Retail,Mid-Market,Product-Led,North America
org_00744,2025-12-11T00:00:00,Healthcare,SMB,Organic Search,North America
org_00745,2025-12-17T00:00:00,Technology,Enterprise,Organic Search,North America
org_00746,2025-11-14T00:00:00,Professional Services,SMB,Referral,North America
org_00747,2025-11-18T00:00:00,Healthcare,SMB,Organic Search,Asia-Pacific
org_00748,2025-11-14T00:00:00,Healthcare,Mid-Market,Content,Europe
org_00749,2025-09-24T00:00:00,Education,Enterprise,Paid Search,Europe
org_00750,2025-12-06T00:00:00,Healthcare,SMB,Paid Search,North America
org_00751,2025-12-01T00:00:00,Education,SMB,Organic Search,Asia-Pacific
org_00752,2025-09-29T00:00:00,Education,SMB,Paid Search,North America
org_00753,2025-08-24T00:00:00,Professional Services,SMB,Organic Search,Asia-Pacific
org_00754,2025-05-14T00:00:00,Professional Services,Mid-Market,Paid Search,North America
org_00755,2025-03-12T00:00:00,Technology,SMB,Paid Search,North America
org_00756,2025-02-05T00:00:00,Professional Services,SMB,Product-Led,North America
org_00757,2025-09-07T00:00:00,Healthcare,SMB,Content,North America
org_00758,2025-07-22T00:00:00,Professional Services,Enterprise,Product-Led,North America
org_00759,2025-03-12T00:00:00,Technology,Enterprise,Paid Search,Asia-Pacific
org_00760,2025-08-22T00:00:00,Professional Services,Mid-Market,Organic Search,Latin America
org_00761,2025-06-10T00:00:00,Education,Mid-Market,Content,North America
org_00762,2025-03-17T00:00:00,Technology,SMB,Organic Search,Latin America
org_00763,2025-11-04T00:00:00,Retail,Enterprise,Product-Led,North America
org_00764,2025-04-10T00:00:00,Professional Services,SMB,Product-Led,North America
org_00765,2025-04-26T00:00:00,Healthcare,SMB,Content,North America
org_00766,2025-03-08T00:00:00,Financial Services,SMB,Organic Search,North America
org_00767,2025-07-31T00:00:00,Retail,SMB,Paid Search,Europe
org_00768,2025-03-27T00:00:00,Education,Mid-Market,Organic Search,Europe
org_00769,2025-12-22T00:00:00,Retail,Enterprise,Organic Search,Asia-Pacific
org_00770,2025-08-18T00:00:00,Technology,SMB,Content,North America
org_00771,2025-03-19T00:00:00,Technology,Mid-Market,Content,North America
org_00772,2025-10-23T00:00:00,Healthcare,SMB,Product-Led,Asia-Pacific
org_00773,2025-04-12T00:00:00,Retail,Mid-Market,Organic Search,Europe
org_00774,2025-07-04T00:00:00,Technology,SMB,Partner,Latin America
org_00775,2025-11-21T00:00:00,Retail,SMB,Product-Led,Latin America
org_00776,2025-05-14T00:00:00,Professional Services,SMB,Product-Led,North America
org_00777,2025-03-29T00:00:00,Retail,SMB,Organic Search,North America
org_00778,2025-11-13T00:00:00,Retail,SMB,Paid Search,Europe
org_00779,2025-08-19T00:00:00,Technology,SMB,Organic Search,North America
org_00780,2025-05-20T00:00:00,Professional Services,SMB,Organic Search,Europe
org_00781,2025-05-15T00:00:00,Financial Services,Mid-Market,Content,North America
org_00782,2025-10-22T00:00:00,Professional Services,Mid-Market,Partner,North America
org_00783,2025-01-06T00:00:00,Professional Services,Mid-Market,Partner,Latin America
org_00784,2025-10-28T00:00:00,Retail,SMB,Organic Search,North America
org_00785,2025-03-26T00:00:00,Professional Services,Mid-Market,Organic Search,North America
org_00786,2025-03-07T00:00:00,Technology,Mid-Market,Product-Led,North America
org_00787,2025-04-10T00:00:00,Retail,SMB,Organic Search,North America
org_00788,2025-01-10T00:00:00,Technology,SMB,Product-Led,North America
org_00789,2025-03-31T00:00:00,Professional Services,SMB,Organic Search,North America
org_00790,2025-12-21T00:00:00,Financial Services,Mid-Market,Content,North America
org_00791,2025-09-02T00:00:00,Education,Enterprise,Organic Search,Europe
org_00792,2025-05-29T00:00:00,Professional Services,SMB,Organic Search,Latin America
org_00793,2025-08-16T00:00:00,Education,Mid-Market,Organic Search,North America
org_00794,2025-02-01T00:00:00,Financial Services,SMB,Organic Search,Latin America
org_00795,2025-01-28T00:00:00,Professional Services,SMB,Paid Search,North America
org_00796,2025-07-07T00:00:00,Education,SMB,Paid Search,North America
org_00797,2025-08-31T00:00:00,Professional Services,Mid-Market,Paid Search,Latin America
org_00798,2025-03-20T00:00:00,Education,SMB,Paid Search,North America
org_00799,2025-12-03T00:00:00,Financial Services,SMB,Referral,Europe
org_00800,2025-04-08T00:00:00,Retail,SMB,Referral,North America
org_00801,2025-03-28T00:00:00,Professional Services,SMB,Referral,North America
org_00802,2025-04-16T00:00:00,Financial Services,SMB,Paid Search,Asia-Pacific
org_00803,2025-11-18T00:00:00,Healthcare,Mid-Market,Referral,Latin America
org_00804,2025-09-13T00:00:00,Financial Services,Mid-Market,Organic Search,North America
org_00805,2025-08-23T00:00:00,Technology,SMB,Organic Search,Asia-Pacific
org_00806,2025-06-14T00:00:00,Healthcare,Mid-Market,Content,North America
org_00807,2025-11-01T00:00:00,Retail,Enterprise,Organic Search,North America
org_00808,2025-03-19T00:00:00,Technology,Mid-Market,Content,North America
org_00809,2025-01-13T00:00:00,Retail,SMB,Product-Led,North America
org_00810,2025-08-13T00:00:00,Healthcare,SMB,Product-Led,Europe
org_00811,2025-02-25T00:00:00,Healthcare,Mid-Market,Content,Latin America
org_00812,2025-09-14T00:00:00,Financial Services,SMB,Content,North America
org_00813,2025-05-09T00:00:00,Technology,Mid-Market,Product-Led,North America
org_00814,2025-03-25T00:00:00,Healthcare,SMB,Referral,North America
org_00815,2025-08-07T00:00:00,Healthcare,SMB,Paid Search,Latin America
org_00816,2025-01-13T00:00:00,Healthcare,Mid-Market,Organic Search,Europe
org_00817,2025-08-10T00:00:00,Education,SMB,Organic Search,Europe
org_00818,2025-10-08T00:00:00,Retail,SMB,Content,North America
org_00819,2025-03-23T00:00:00,Healthcare,SMB,Content,Asia-Pacific
org_00820,2025-04-21T00:00:00,Healthcare,SMB,Product-Led,Europe
org_00821,2025-04-26T00:00:00,Technology,Mid-Market,Product-Led,North America
org_00822,2025-03-19T00:00:00,Technology,SMB,Paid Search,Europe
org_00823,2025-02-13T00:00:00,Healthcare,SMB,Organic Search,North America
org_00824,2025-05-08T00:00:00,Technology,Mid-Market,Paid Search,North America
org_00825,2025-09-18T00:00:00,Education,SMB,Product-Led,Asia-Pacific
org_00826,2025-11-17T00:00:00,Retail,Enterprise,Referral,Europe
org_00827,2025-05-27T00:00:00,Financial Services,SMB,Referral,Europe
org_00828,2025-08-13T00:00:00,Technology,Mid-Market,Partner,Asia-Pacific
org_00829,2025-02-09T00:00:00,Technology,SMB,Paid Search,North America
org_00830,2025-01-03T00:00:00,Professional Services,Mid-Market,Organic Search,Asia-Pacific
org_00831,2025-12-31T00:00:00,Technology,Mid-Market,Product-Led,Asia-Pacific
org_00832,2025-05-29T00:00:00,Financial Services,SMB,Product-Led,Asia-Pacific
org_00833,2025-10-10T00:00:00,Professional Services,Mid-Market,Organic Search,Asia-Pacific
org_00834,2025-06-15T00:00:00,Healthcare,Mid-Market,Content,North America
org_00835,2025-07-18T00:00:00,Financial Services,Mid-Market,Referral,Asia-Pacific
org_00836,2025-02-05T00:00:00,Education,Mid-Market,Product-Led,North America
org_00837,2025-11-11T00:00:00,Professional Services,Mid-Market,Organic Search,North America
org_00838,2025-07-02T00:00:00,Retail,SMB,Referral,North America
org_00839,2025-10-13T00:00:00,Retail,SMB,Referral,Europe
org_00840,2025-04-25T00:00:00,Technology,SMB,Product-Led,North America
org_00841,2025-01-31T00:00:00,Financial Services,SMB,Product-Led,Asia-Pacific
org_00842,2025-08-04T00:00:00,Technology,SMB,Product-Led,Latin America
org_00843,2025-10-10T00:00:00,Technology,SMB,Referral,Latin America
org_00844,2025-04-01T00:00:00,Technology,SMB,Partner,Asia-Pacific
org_00845,2025-06-10T00:00:00,Retail,SMB,Organic Search,North America
org_00846,2025-02-08T00:00:00,Healthcare,SMB,Content,North America
org_00847,2025-08-12T00:00:00,Education,SMB,Paid Search,North America
org_00848,2025-07-28T00:00:00,Retail,SMB,Partner,Europe
org_00849,2025-09-17T00:00:00,Professional Services,SMB,Organic Search,Europe
org_00850,2025-05-03T00:00:00,Professional Services,SMB,Organic Search,North America
org_00851,2025-08-14T00:00:00,Retail,SMB,Organic Search,Europe
org_00852,2025-05-17T00:00:00,Professional Services,Mid-Market,Referral,North America
org_00853,2025-09-19T00:00:00,Technology,Mid-Market,Paid Search,Asia-Pacific
org_00854,2025-12-14T00:00:00,Education,SMB,Organic Search,North America
org_00855,2025-09-17T00:00:00,Retail,Mid-Market,Organic Search,North America
org_00856,2025-08-19T00:00:00,Professional Services,Enterprise,Organic Search,North America
org_00857,2025-08-27T00:00:00,Technology,SMB,Product-Led,Asia-Pacific
org_00858,2025-01-13T00:00:00,Retail,SMB,Product-Led,North America
org_00859,2025-07-28T00:00:00,Retail,SMB,Product-Led,Europe
org_00860,2025-03-28T00:00:00,Professional Services,Mid-Market,Organic Search,Asia-Pacific
org_00861,2025-05-13T00:00:00,Retail,Mid-Market,Organic Search,Europe
org_00862,2025-08-26T00:00:00,Retail,Mid-Market,Product-Led,North America
org_00863,2025-06-23T00:00:00,Professional Services,SMB,Organic Search,Latin America
org_00864,2025-10-03T00:00:00,Technology,SMB,Organic Search,North America
org_00865,2025-06-23T00:00:00,Retail,Mid-Market,Product-Led,North America
org_00866,2025-09-07T00:00:00,Financial Services,SMB,Organic Search,North America
org_00867,2025-06-06T00:00:00,Technology,Mid-Market,Organic Search,Europe
org_00868,2025-10-01T00:00:00,Professional Services,Enterprise,Product-Led,North America
org_00869,2025-10-27T00:00:00,Technology,Mid-Market,Product-Led,Asia-Pacific
org_00870,2025-02-23T00:00:00,Professional Services,Mid-Market,Paid Search,North America
org_00871,2025-03-14T00:00:00,Technology,Mid-Market,Paid Search,Asia-Pacific
org_00872,2025-04-20T00:00:00,Technology,Enterprise,Product-Led,Europe
org_00873,2025-08-10T00:00:00,Retail,Mid-Market,Organic Search,North America
org_00874,2025-06-29T00:00:00,Technology,SMB,Organic Search,North America
org_00875,2025-09-28T00:00:00,Retail,SMB,Product-Led,North America
org_00876,2025-09-11T00:00:00,Education,Enterprise,Referral,Europe
org_00877,2025-07-05T00:00:00,Retail,SMB,Referral,Asia-Pacific
org_00878,2025-07-04T00:00:00,Technology,Mid-Market,Organic Search,Asia-Pacific
org_00879,2025-02-27T00:00:00,Technology,Mid-Market,Referral,Europe
org_00880,2025-05-02T00:00:00,Healthcare,Mid-Market,Referral,North America
org_00881,2025-04-04T00:00:00,Education,Enterprise,Organic Search,North America
org_00882,2025-06-24T00:00:00,Education,SMB,Product-Led,Europe
org_00883,2025-06-25T00:00:00,Retail,Enterprise,Content,North America
org_00884,2025-12-27T00:00:00,Technology,SMB,Product-Led,North America
org_00885,2025-07-26T00:00:00,Financial Services,SMB,Content,Europe
org_00886,2025-11-28T00:00:00,Technology,Mid-Market,Organic Search,North America
org_00887,2025-03-30T00:00:00,Financial Services,Enterprise,Paid Search,Europe
org_00888,2025-12-29T00:00:00,Healthcare,Mid-Market,Paid Search,Europe
org_00889,2025-03-01T00:00:00,Professional Services,Mid-Market,Content,North America
org_00890,2025-03-09T00:00:00,Retail,Mid-Market,Referral,North America
org_00891,2025-05-21T00:00:00,Healthcare,SMB,Product-Led,North America
org_00892,2025-04-28T00:00:00,Healthcare,SMB,Organic Search,North America
org_00893,2025-08-07T00:00:00,Financial Services,SMB,Paid Search,Asia-Pacific
org_00894,2025-02-09T00:00:00,Retail,Mid-Market,Organic Search,North America
org_00895,2025-06-30T00:00:00,Financial Services,Mid-Market,Content,Asia-Pacific
org_00896,2025-08-12T00:00:00,Healthcare,Enterprise,Organic Search,North America
org_00897,2025-09-27T00:00:00,Healthcare,SMB,Paid Search,Asia-Pacific
org_00898,2025-01-16T00:00:00,Professional Services,SMB,Content,Europe
org_00899,2025-08-18T00:00:00,Technology,SMB,Content,North America
org_00900,2025-06-24T00:00:00,Education,Mid-Market,Content,Asia-Pacific
org_00901,2025-01-20T00:00:00,Technology,Enterprise,Paid Search,Latin America
org_00902,2025-12-12T00:00:00,Financial Services,SMB,Product-Led,Asia-Pacific
org_00903,2025-06-12T00:00:00,Financial Services,Enterprise,Product-Led,North America
org_00904,2025-03-18T00:00:00,Professional Services,SMB,Referral,Latin America
org_00905,2025-08-16T00:00:00,Healthcare,SMB,Product-Led,North America
org_00906,2025-08-20T00:00:00,Technology,SMB,Product-Led,North America
org_00907,2025-09-27T00:00:00,Retail,SMB,Content,North America
org_00908,2025-06-23T00:00:00,Healthcare,Mid-Market,Content,North America
org_00909,2025-04-28T00:00:00,Financial Services,Mid-Market,Organic Search,Latin America
org_00910,2025-04-07T00:00:00,Professional Services,Enterprise,Organic Search,North America
org_00911,2025-01-07T00:00:00,Professional Services,SMB,Paid Search,Asia-Pacific
org_00912,2025-03-20T00:00:00,Retail,SMB,Organic Search,North America
org_00913,2025-09-17T00:00:00,Technology,SMB,Paid Search,North America
org_00914,2025-12-23T00:00:00,Professional Services,SMB,Organic Search,North America
org_00915,2025-05-01T00:00:00,Retail,SMB,Product-Led,North America
org_00916,2025-09-22T00:00:00,Professional Services,SMB,Product-Led,North America
org_00917,2025-02-16T00:00:00,Retail,Enterprise,Content,North America
org_00918,2025-01-16T00:00:00,Professional Services,SMB,Content,Latin America
org_00919,2025-05-26T00:00:00,Professional Services,Mid-Market,Paid Search,Asia-Pacific
org_00920,2025-12-20T00:00:00,Retail,SMB,Partner,Asia-Pacific
org_00921,2025-05-28T00:00:00,Financial Services,SMB,Product-Led,North America
org_00922,2025-10-13T00:00:00,Education,Mid-Market,Referral,Asia-Pacific
org_00923,2025-12-02T00:00:00,Retail,Mid-Market,Organic Search,North America
org_00924,2025-11-06T00:00:00,Education,SMB,Product-Led,Latin America
org_00925,2025-07-26T00:00:00,Retail,Mid-Market,Product-Led,Europe
org_00926,2025-09-27T00:00:00,Technology,SMB,Organic Search,North America
org_00927,2025-05-27T00:00:00,Retail,SMB,Paid Search,North America
org_00928,2025-10-13T00:00:00,Healthcare,SMB,Organic Search,North America
org_00929,2025-03-14T00:00:00,Healthcare,SMB,Paid Search,North America
org_00930,2025-06-03T00:00:00,Education,SMB,Organic Search,North America
org_00931,2025-10-26T00:00:00,Healthcare,SMB,Product-Led,Asia-Pacific
org_00932,2025-06-10T00:00:00,Technology,SMB,Product-Led,Asia-Pacific
org_00933,2025-11-05T00:00:00,Professional Services,SMB,Paid Search,Europe
org_00934,2025-08-02T00:00:00,Retail,SMB,Referral,North America
org_00935,2025-07-19T00:00:00,Financial Services,SMB,Content,Latin America
org_00936,2025-01-28T00:00:00,Education,SMB,Paid Search,Latin America
org_00937,2025-03-02T00:00:00,Technology,Mid-Market,Paid Search,Europe
org_00938,2025-04-18T00:00:00,Professional Services,Mid-Market,Content,North America
org_00939,2025-04-10T00:00:00,Education,SMB,Paid Search,Asia-Pacific
org_00940,2025-04-15T00:00:00,Retail,SMB,Partner,North America
org_00941,2025-01-04T00:00:00,Financial Services,SMB,Product-Led,North America
org_00942,2025-01-16T00:00:00,Education,SMB,Product-Led,Asia-Pacific
org_00943,2025-07-14T00:00:00,Financial Services,Enterprise,Paid Search,Asia-Pacific
org_00944,2025-10-29T00:00:00,Technology,SMB,Partner,North America
org_00945,2025-06-15T00:00:00,Professional Services,Mid-Market,Organic Search,North America
org_00946,2025-10-11T00:00:00,Technology,SMB,Organic Search,Europe
org_00947,2025-12-11T00:00:00,Retail,Mid-Market,Content,Asia-Pacific
org_00948,2025-04-22T00:00:00,Healthcare,SMB,Paid Search,Asia-Pacific
org_00949,2025-05-23T00:00:00,Healthcare,SMB,Paid Search,Europe
org_00950,2025-01-14T00:00:00,Financial Services,Mid-Market,Organic Search,Asia-Pacific
org_00951,2025-12-30T00:00:00,Financial Services,SMB,Referral,North America
org_00952,2025-07-09T00:00:00,Technology,Mid-Market,Content,North America
org_00953,2025-04-17T00:00:00,Education,Enterprise,Content,North America
org_00954,2025-05-01T00:00:00,Education,SMB,Organic Search,Europe
org_00955,2025-03-01T00:00:00,Education,Enterprise,Partner,North America
org_00956,2025-10-16T00:00:00,Retail,Mid-Market,Paid Search,North America
org_00957,2025-10-24T00:00:00,Retail,SMB,Product-Led,Europe
org_00958,2025-07-07T00:00:00,Professional Services,Mid-Market,Product-Led,Europe
org_00959,2025-07-12T00:00:00,Education,Enterprise,Referral,North America
org_00960,2025-06-08T00:00:00,Healthcare,SMB,Product-Led,North America
org_00961,2025-12-09T00:00:00,Healthcare,Mid-Market,Referral,Asia-Pacific
org_00962,2025-04-09T00:00:00,Healthcare,SMB,Product-Led,Asia-Pacific
org_00963,2025-03-24T00:00:00,Professional Services,SMB,Organic Search,Asia-Pacific
org_00964,2025-11-08T00:00:00,Education,SMB,Paid Search,Asia-Pacific
org_00965,2025-11-06T00:00:00,Technology,SMB,Content,North America
org_00966,2025-10-08T00:00:00,Retail,SMB,Content,North America
org_00967,2025-08-17T00:00:00,Professional Services,Mid-Market,Partner,Asia-Pacific
org_00968,2025-11-09T00:00:00,Professional Services,Mid-Market,Paid Search,Asia-Pacific
org_00969,2025-10-02T00:00:00,Financial Services,SMB,Organic Search,North America
org_00970,2025-09-11T00:00:00,Education,Mid-Market,Product-Led,North America
org_00971,2025-08-04T00:00:00,Technology,Mid-Market,Organic Search,Asia-Pacific
org_00972,2025-12-03T00:00:00,Professional Services,SMB,Referral,North America
org_00973,2025-10-08T00:00:00,Financial Services,Mid-Market,Partner,North America
org_00974,2025-05-16T00:00:00,Professional Services,Mid-Market,Paid Search,Europe
org_00975,2025-03-08T00:00:00,Healthcare,SMB,Organic Search,Europe
org_00976,2025-03-20T00:00:00,Education,Mid-Market,Content,Asia-Pacific
org_00977,2025-10-10T00:00:00,Technology,Mid-Market,Content,Asia-Pacific
org_00978,2025-03-27T00:00:00,Financial Services,SMB,Product-Led,Asia-Pacific
org_00979,2025-10-15T00:00:00,Education,SMB,Product-Led,North America
org_00980,2025-09-02T00:00:00,Education,Mid-Market,Product-Led,Asia-Pacific
org_00981,2025-06-08T00:00:00,Financial Services,SMB,Content,North America
org_00982,2025-03-14T00:00:00,Financial Services,SMB,Content,Europe
org_00983,2025-08-19T00:00:00,Education,Enterprise,Paid Search,North America
org_00984,2025-05-20T00:00:00,Technology,SMB,Product-Led,Europe
org_00985,2025-10-14T00:00:00,Professional Services,Mid-Market,Content,North America
org_00986,2025-03-03T00:00:00,Retail,SMB,Product-Led,North America
org_00987,2025-09-02T00:00:00,Financial Services,Mid-Market,Content,North America
org_00988,2025-01-06T00:00:00,Financial Services,Mid-Market,Referral,Europe
org_00989,2025-03-22T00:00:00,Retail,Mid-Market,Content,Latin America
org_00990,2025-03-02T00:00:00,Healthcare,SMB,Referral,North America
org_00991,2025-07-16T00:00:00,Education,Mid-Market,Content,North America
org_00992,2025-10-13T00:00:00,Retail,Mid-Market,Content,Europe
org_00993,2025-12-01T00:00:00,Professional Services,Mid-Market,Product-Led,North America
org_00994,2025-06-13T00:00:00,Education,Mid-Market,Paid Search,North America
org_00995,2025-10-18T00:00:00,Healthcare,Mid-Market,Paid Search,North America
org_00996,2025-07-20T00:00:00,Healthcare,SMB,Partner,North America
org_00997,2025-08-18T00:00:00,Healthcare,Enterprise,Paid Search,North America
org_00998,2025-12-05T00:00:00,Education,SMB,Paid Search,North America
org_00999,2025-01-17T00:00:00,Retail,SMB,Paid Search,North America
org_01000,2025-05-20T00:00:00,Financial Services,Mid-Market,Organic Search,Latin America
org_01001,2025-05-08T00:00:00,Technology,Mid-Market,Organic Search,North America
org_01002,2025-03-27T00:00:00,Technology,Mid-Market,Content,Asia-Pacific
org_01003,2025-11-03T00:00:00,Technology,SMB,Content,North America
org_01004,2025-03-04T00:00:00,Technology,SMB,Paid Search,North America
org_01005,2025-12-29T00:00:00,Financial Services,SMB,Paid Search,Asia-Pacific
org_01006,2025-03-11T00:00:00,Technology,SMB,Paid Search,Europe
org_01007,2025-07-18T00:00:00,Retail,SMB,Content,North America
org_01008,2025-06-24T00:00:00,Financial Services,SMB,Product-Led,Europe
org_01009,2025-03-28T00:00:00,Technology,SMB,Organic Search,Asia-Pacific
org_01010,2025-05-17T00:00:00,Education,Enterprise,Product-Led,North America
org_01011,2025-08-25T00:00:00,Financial Services,SMB,Product-Led,North America
org_01012,2025-05-14T00:00:00,Professional Services,SMB,Product-Led,Asia-Pacific
org_01013,2025-12-25T00:00:00,Financial Services,SMB,Paid Search,North America
org_01014,2025-10-22T00:00:00,Professional Services,Enterprise,Content,Europe
org_01015,2025-07-10T00:00:00,Education,SMB,Organic Search,North America
org_01016,2025-10-04T00:00:00,Technology,Mid-Market,Organic Search,Asia-Pacific
org_01017,2025-05-17T00:00:00,Technology,SMB,Content,North America
org_01018,2025-01-21T00:00:00,Technology,SMB,Paid Search,North America
org_01019,2025-02-17T00:00:00,Financial Services,SMB,Partner,Latin America
org_01020,2025-12-24T00:00:00,Technology,SMB,Paid Search,North America
org_01021,2025-10-27T00:00:00,Technology,SMB,Content,Europe
org_01022,2025-11-05T00:00:00,Technology,SMB,Referral,Europe
org_01023,2025-04-10T00:00:00,Education,SMB,Product-Led,North America
org_01024,2025-11-09T00:00:00,Retail,SMB,Content,Europe
org_01025,2025-11-22T00:00:00,Technology,SMB,Organic Search,North America
org_01026,2025-01-02T00:00:00,Professional Services,SMB,Referral,Europe
org_01027,2025-12-10T00:00:00,Education,SMB,Partner,Europe
org_01028,2025-06-26T00:00:00,Healthcare,Enterprise,Referral,North America
org_01029,2025-07-10T00:00:00,Financial Services,Enterprise,Content,Asia-Pacific
org_01030,2025-08-09T00:00:00,Professional Services,Enterprise,Paid Search,North America
org_01031,2025-03-24T00:00:00,Financial Services,SMB,Paid Search,North America
org_01032,2025-05-03T00:00:00,Technology,SMB,Paid Search,Latin America
org_01033,2025-02-22T00:00:00,Professional Services,SMB,Content,Latin America
org_01034,2025-04-14T00:00:00,Professional Services,Enterprise,Product-Led,North America
org_01035,2025-08-30T00:00:00,Financial Services,SMB,Content,North America
org_01036,2025-12-22T00:00:00,Retail,SMB,Paid Search,Latin America
org_01037,2025-06-19T00:00:00,Technology,SMB,Paid Search,North America
org_01038,2025-07-05T00:00:00,Professional Services,Mid-Market,Organic Search,North America
org_01039,2025-01-15T00:00:00,Professional Services,Mid-Market,Organic Search,North America
org_01040,2025-04-04T00:00:00,Financial Services,Enterprise,Paid Search,North America
org_01041,2025-07-26T00:00:00,Technology,SMB,Partner,North America
org_01042,2025-08-28T00:00:00,Retail,Mid-Market,Referral,North America
org_01043,2025-01-10T00:00:00,Technology,SMB,Organic Search,North America
org_01044,2025-04-29T00:00:00,Healthcare,SMB,Referral,Latin America
org_01045,2025-01-12T00:00:00,Healthcare,Mid-Market,Content,Latin America
org_01046,2025-04-26T00:00:00,Professional Services,Enterprise,Content,North America
org_01047,2025-03-30T00:00:00,Healthcare,Enterprise,Partner,Latin America
org_01048,2025-08-26T00:00:00,Retail,SMB,Paid Search,North America
org_01049,2025-07-04T00:00:00,Retail,SMB,Product-Led,North America
org_01050,2025-08-23T00:00:00,Healthcare,SMB,Organic Search,North America
org_01051,2025-09-27T00:00:00,Retail,Mid-Market,Organic Search,North America
org_01052,2025-06-26T00:00:00,Financial Services,SMB,Paid Search,Europe
org_01053,2025-02-10T00:00:00,Financial Services,SMB,Organic Search,North America
org_01054,2025-03-05T00:00:00,Technology,Mid-Market,Referral,Asia-Pacific
org_01055,2025-11-20T00:00:00,Education,Mid-Market,Product-Led,North America
org_01056,2025-03-10T00:00:00,Financial Services,Enterprise,Product-Led,North America
org_01057,2025-04-16T00:00:00,Education,Enterprise,Organic Search,Latin America
org_01058,2025-08-01T00:00:00,Technology,Mid-Market,Referral,Europe
org_01059,2025-07-01T00:00:00,Professional Services,SMB,Paid Search,North America
org_01060,2025-07-26T00:00:00,Education,Mid-Market,Product-Led,North America
org_01061,2025-04-26T00:00:00,Retail,SMB,Paid Search,Latin America
org_01062,2025-09-22T00:00:00,Healthcare,SMB,Product-Led,Europe
org_01063,2025-09-21T00:00:00,Retail,Mid-Market,Paid Search,North America
org_01064,2025-02-06T00:00:00,Financial Services,SMB,Organic Search,Asia-Pacific
org_01065,2025-11-09T00:00:00,Financial Services,SMB,Content,Europe
org_01066,2025-07-17T00:00:00,Professional Services,SMB,Paid Search,Europe
org_01067,2025-07-13T00:00:00,Retail,SMB,Paid Search,North America
org_01068,2025-05-03T00:00:00,Technology,Mid-Market,Organic Search,North America
org_01069,2025-10-15T00:00:00,Healthcare,Mid-Market,Referral,North America
org_01070,2025-08-13T00:00:00,Technology,SMB,Product-Led,North America
org_01071,2025-10-22T00:00:00,Financial Services,SMB,Content,Asia-Pacific
org_01072,2025-05-11T00:00:00,Healthcare,Mid-Market,Referral,North America
org_01073,2025-05-19T00:00:00,Retail,Mid-Market,Referral,Asia-Pacific
org_01074,2025-05-14T00:00:00,Professional Services,Mid-Market,Referral,Europe
org_01075,2025-10-01T00:00:00,Healthcare,Mid-Market,Product-Led,Europe
org_01076,2025-05-09T00:00:00,Financial Services,SMB,Paid Search,Europe
org_01077,2025-07-06T00:00:00,Financial Services,SMB,Partner,North America
org_01078,2025-12-15T00:00:00,Healthcare,SMB,Content,North America
org_01079,2025-06-26T00:00:00,Financial Services,SMB,Organic Search,North America
org_01080,2025-12-10T00:00:00,Healthcare,Mid-Market,Organic Search,Asia-Pacific
org_01081,2025-05-25T00:00:00,Technology,SMB,Content,North America
org_01082,2025-03-13T00:00:00,Financial Services,Mid-Market,Content,North America
org_01083,2025-07-27T00:00:00,Financial Services,Enterprise,Organic Search,North America
org_01084,2025-08-17T00:00:00,Healthcare,Mid-Market,Paid Search,Asia-Pacific
org_01085,2025-07-18T00:00:00,Professional Services,SMB,Organic Search,North America
org_01086,2025-08-24T00:00:00,Retail,SMB,Organic Search,North America
org_01087,2025-02-06T00:00:00,Financial Services,Mid-Market,Organic Search,North America
org_01088,2025-03-30T00:00:00,Professional Services,Mid-Market,Referral,Latin America
org_01089,2025-08-25T00:00:00,Healthcare,Enterprise,Paid Search,North America
org_01090,2025-08-31T00:00:00,Retail,SMB,Product-Led,Europe
org_01091,2025-10-27T00:00:00,Technology,SMB,Organic Search,North America
org_01092,2025-06-18T00:00:00,Education,Enterprise,Paid Search,North America
org_01093,2025-11-10T00:00:00,Financial Services,SMB,Product-Led,North America
org_01094,2025-02-02T00:00:00,Healthcare,SMB,Product-Led,North America
org_01095,2025-07-27T00:00:00,Education,SMB,Product-Led,Asia-Pacific
org_01096,2025-03-05T00:00:00,Financial Services,Mid-Market,Product-Led,Europe
org_01097,2025-11-30T00:00:00,Professional Services,Mid-Market,Partner,North America
org_01098,2025-08-22T00:00:00,Professional Services,SMB,Content,North America
org_01099,2025-02-08T00:00:00,Professional Services,SMB,Organic Search,North America
org_01100,2025-10-19T00:00:00,Professional Services,Mid-Market,Product-Led,North America
org_01101,2025-01-19T00:00:00,Technology,SMB,Content,North America
org_01102,2025-07-25T00:00:00,Education,SMB,Paid Search,North America
org_01103,2025-12-12T00:00:00,Technology,Mid-Market,Content,North America
org_01104,2025-12-27T00:00:00,Financial Services,SMB,Content,Asia-Pacific
org_01105,2025-02-21T00:00:00,Education,Mid-Market,Content,North America
org_01106,2025-10-12T00:00:00,Professional Services,Mid-Market,Content,Europe
org_01107,2025-06-29T00:00:00,Healthcare,Mid-Market,Paid Search,North America
org_01108,2025-04-03T00:00:00,Professional Services,SMB,Product-Led,Europe
org_01109,2025-06-27T00:00:00,Education,Mid-Market,Partner,North America
org_01110,2025-09-28T00:00:00,Healthcare,SMB,Paid Search,Asia-Pacific
org_01111,2025-12-15T00:00:00,Professional Services,Mid-Market,Organic Search,Europe
org_01112,2025-01-26T00:00:00,Education,Mid-Market,Product-Led,North America
org_01113,2025-08-08T00:00:00,Education,SMB,Organic Search,Europe
org_01114,2025-08-20T00:00:00,Education,SMB,Paid Search,North America
org_01115,2025-02-19T00:00:00,Technology,Mid-Market,Paid Search,Latin America
org_01116,2025-08-06T00:00:00,Professional Services,SMB,Product-Led,North America
org_01117,2025-01-18T00:00:00,Professional Services,Mid-Market,Paid Search,North America
org_01118,2025-03-12T00:00:00,Financial Services,Mid-Market,Product-Led,North America
org_01119,2025-01-19T00:00:00,Technology,SMB,Referral,North America
org_01120,2025-09-16T00:00:00,Professional Services,SMB,Referral,North America
org_01121,2025-06-03T00:00:00,Professional Services,Enterprise,Partner,Asia-Pacific
org_01122,2025-12-19T00:00:00,Healthcare,Mid-Market,Product-Led,North America
org_01123,2025-10-04T00:00:00,Financial Services,SMB,Organic Search,North America
org_01124,2025-07-11T00:00:00,Professional Services,SMB,Product-Led,Latin America
org_01125,2025-05-07T00:00:00,Professional Services,SMB,Product-Led,Europe
org_01126,2025-12-08T00:00:00,Retail,SMB,Paid Search,Europe
org_01127,2025-11-17T00:00:00,Healthcare,SMB,Organic Search,North America
org_01128,2025-01-05T00:00:00,Healthcare,SMB,Partner,Europe
org_01129,2025-02-09T00:00:00,Technology,Enterprise,Organic Search,North America
org_01130,2025-01-15T00:00:00,Financial Services,Mid-Market,Organic Search,Asia-Pacific
org_01131,2025-07-04T00:00:00,Financial Services,SMB,Content,Asia-Pacific
org_01132,2025-06-24T00:00:00,Professional Services,Mid-Market,Partner,North America
org_01133,2025-03-21T00:00:00,Professional Services,Mid-Market,Content,North America
org_01134,2025-04-08T00:00:00,Education,SMB,Paid Search,Europe
org_01135,2025-06-28T00:00:00,Healthcare,SMB,Paid Search,Latin America
org_01136,2025-03-01T00:00:00,Healthcare,Enterprise,Paid Search,North America
org_01137,2025-07-16T00:00:00,Technology,SMB,Organic Search,Latin America
org_01138,2025-10-27T00:00:00,Retail,Mid-Market,Paid Search,Europe
org_01139,2025-07-02T00:00:00,Technology,SMB,Organic Search,Europe
org_01140,2025-09-15T00:00:00,Professional Services,SMB,Referral,Europe
org_01141,2025-09-19T00:00:00,Financial Services,SMB,Content,Asia-Pacific
org_01142,2025-03-03T00:00:00,Retail,SMB,Product-Led,North America
org_01143,2025-09-06T00:00:00,Retail,SMB,Content,Latin America
org_01144,2025-05-27T00:00:00,Education,Mid-Market,Organic Search,Europe
org_01145,2025-07-09T00:00:00,Healthcare,Enterprise,Content,Asia-Pacific
org_01146,2025-09-13T00:00:00,Financial Services,Enterprise,Referral,Asia-Pacific
org_01147,2025-06-10T00:00:00,Financial Services,SMB,Partner,Asia-Pacific
org_01148,2025-09-28T00:00:00,Professional Services,SMB,Content,North America
org_01149,2025-11-28T00:00:00,Technology,SMB,Organic Search,Asia-Pacific
org_01150,2025-01-09T00:00:00,Professional Services,SMB,Content,North America
org_01151,2025-12-21T00:00:00,Healthcare,SMB,Partner,North America
org_01152,2025-01-25T00:00:00,Financial Services,Mid-Market,Paid Search,North America
org_01153,2025-04-21T00:00:00,Education,SMB,Paid Search,Asia-Pacific
org_01154,2025-10-09T00:00:00,Healthcare,Enterprise,Content,Latin America
org_01155,2025-08-30T00:00:00,Financial Services,SMB,Referral,Europe
org_01156,2025-08-03T00:00:00,Retail,Enterprise,Referral,North America
org_01157,2025-01-13T00:00:00,Retail,SMB,Product-Led,North America
org_01158,2025-08-28T00:00:00,Technology,SMB,Organic Search,Asia-Pacific
org_01159,2025-04-03T00:00:00,Financial Services,SMB,Referral,Europe
org_01160,2025-03-29T00:00:00,Healthcare,SMB,Referral,Latin America
org_01161,2025-09-12T00:00:00,Professional Services,Mid-Market,Organic Search,Asia-Pacific
org_01162,2025-12-24T00:00:00,Education,SMB,Content,North America
org_01163,2025-01-26T00:00:00,Financial Services,SMB,Product-Led,North America
org_01164,2025-10-05T00:00:00,Healthcare,SMB,Paid Search,North America
org_01165,2025-01-19T00:00:00,Healthcare,Mid-Market,Paid Search,North America
org_01166,2025-06-18T00:00:00,Technology,Enterprise,Organic Search,Europe
org_01167,2025-12-29T00:00:00,Technology,SMB,Organic Search,North America
org_01168,2025-12-07T00:00:00,Healthcare,Enterprise,Organic Search,Europe
org_01169,2025-09-07T00:00:00,Professional Services,Enterprise,Referral,Asia-Pacific
org_01170,2025-12-07T00:00:00,Technology,SMB,Product-Led,North America
org_01171,2025-04-23T00:00:00,Financial Services,Enterprise,Organic Search,Europe
org_01172,2025-08-21T00:00:00,Professional Services,Mid-Market,Content,Europe
org_01173,2025-09-19T00:00:00,Professional Services,SMB,Product-Led,Europe
org_01174,2025-09-01T00:00:00,Financial Services,SMB,Content,North America
org_01175,2025-09-14T00:00:00,Technology,SMB,Referral,Europe
org_01176,2025-11-06T00:00:00,Financial Services,SMB,Product-Led,North America
org_01177,2025-03-12T00:00:00,Professional Services,Mid-Market,Paid Search,North America
org_01178,2025-05-18T00:00:00,Retail,SMB,Organic Search,Europe
org_01179,2025-01-17T00:00:00,Professional Services,SMB,Content,Europe
org_01180,2025-12-16T00:00:00,Professional Services,SMB,Organic Search,Europe
org_01181,2025-11-04T00:00:00,Retail,SMB,Product-Led,Europe
org_01182,2025-08-05T00:00:00,Healthcare,Mid-Market,Product-Led,Latin America
org_01183,2025-07-31T00:00:00,Healthcare,Mid-Market,Product-Led,Europe
org_01184,2025-03-26T00:00:00,Retail,Mid-Market,Product-Led,North America
org_01185,2025-01-25T00:00:00,Healthcare,Mid-Market,Content,North America
org_01186,2025-04-09T00:00:00,Technology,Mid-Market,Referral,North America
org_01187,2025-08-18T00:00:00,Healthcare,Mid-Market,Organic Search,Asia-Pacific
org_01188,2025-04-24T00:00:00,Technology,SMB,Paid Search,Asia-Pacific
org_01189,2025-03-05T00:00:00,Professional Services,Mid-Market,Referral,North America
org_01190,2025-08-07T00:00:00,Professional Services,SMB,Organic Search,North America
org_01191,2025-04-20T00:00:00,Technology,Mid-Market,Paid Search,North America
org_01192,2025-03-31T00:00:00,Financial Services,SMB,Content,Europe
org_01193,2025-11-27T00:00:00,Professional Services,SMB,Partner,Europe
org_01194,2025-10-08T00:00:00,Healthcare,SMB,Partner,North America
org_01195,2025-05-20T00:00:00,Financial Services,Mid-Market,Organic Search,Asia-Pacific
org_01196,2025-11-18T00:00:00,Professional Services,Enterprise,Product-Led,North America
org_01197,2025-07-22T00:00:00,Retail,SMB,Product-Led,Europe
org_01198,2025-11-07T00:00:00,Healthcare,SMB,Product-Led,Europe
org_01199,2025-05-23T00:00:00,Retail,Mid-Market,Referral,North America
org_01200,2025-10-13T00:00:00,Financial Services,Enterprise,Organic Search,Europe
org_01201,2025-10-23T00:00:00,Professional Services,SMB,Paid Search,North America
org_01202,2025-07-09T00:00:00,Technology,SMB,Paid Search,Asia-Pacific
org_01203,2025-09-04T00:00:00,Technology,Mid-Market,Referral,Europe
org_01204,2025-11-29T00:00:00,Education,SMB,Content,North America
org_01205,2025-01-25T00:00:00,Technology,Enterprise,Paid Search,North America
org_01206,2025-12-08T00:00:00,Healthcare,Mid-Market,Organic Search,Latin America
org_01207,2025-07-02T00:00:00,Education,SMB,Paid Search,North America
org_01208,2025-08-27T00:00:00,Professional Services,Enterprise,Paid Search,Latin America
org_01209,2025-03-01T00:00:00,Retail,SMB,Content,Europe
org_01210,2025-10-16T00:00:00,Professional Services,SMB,Organic Search,North America
org_01211,2025-06-14T00:00:00,Professional Services,SMB,Organic Search,North America
org_01212,2025-02-16T00:00:00,Retail,SMB,Organic Search,North America
org_01213,2025-05-12T00:00:00,Healthcare,Mid-Market,Product-Led,Asia-Pacific
org_01214,2025-12-05T00:00:00,Technology,SMB,Referral,Latin America
org_01215,2025-04-04T00:00:00,Financial Services,Enterprise,Paid Search,Latin America
org_01216,2025-02-06T00:00:00,Technology,SMB,Organic Search,Latin America
org_01217,2025-07-12T00:00:00,Professional Services,Mid-Market,Content,Europe
org_01218,2025-11-01T00:00:00,Healthcare,Mid-Market,Paid Search,Europe
org_01219,2025-02-16T00:00:00,Retail,SMB,Organic Search,North America
org_01220,2025-04-15T00:00:00,Education,SMB,Content,North America
org_01221,2025-09-28T00:00:00,Education,Enterprise,Content,North America
org_01222,2025-07-15T00:00:00,Professional Services,SMB,Product-Led,North America
org_01223,2025-07-18T00:00:00,Financial Services,Enterprise,Organic Search,North America
org_01224,2025-03-09T00:00:00,Healthcare,Mid-Market,Referral,Asia-Pacific
org_01225,2025-11-23T00:00:00,Technology,Mid-Market,Product-Led,North America
org_01226,2025-05-05T00:00:00,Professional Services,SMB,Organic Search,Latin America
org_01227,2025-01-16T00:00:00,Education,Enterprise,Organic Search,Europe
org_01228,2025-10-26T00:00:00,Education,Mid-Market,Organic Search,Latin America
org_01229,2025-07-07T00:00:00,Professional Services,Mid-Market,Organic Search,Europe
org_01230,2025-11-03T00:00:00,Technology,SMB,Organic Search,North America
org_01231,2025-08-23T00:00:00,Professional Services,SMB,Content,Latin America
org_01232,2025-09-26T00:00:00,Professional Services,SMB,Paid Search,North America
org_01233,2025-04-19T00:00:00,Technology,Mid-Market,Content,North America
org_01234,2025-03-31T00:00:00,Retail,SMB,Paid Search,North America
org_01235,2025-02-20T00:00:00,Technology,SMB,Referral,North America
org_01236,2025-05-22T00:00:00,Retail,SMB,Referral,North America
org_01237,2025-07-13T00:00:00,Retail,Mid-Market,Paid Search,Europe
org_01238,2025-06-07T00:00:00,Healthcare,SMB,Organic Search,Europe
org_01239,2025-01-02T00:00:00,Education,SMB,Content,Latin America
org_01240,2025-03-02T00:00:00,Technology,Mid-Market,Referral,Europe
org_01241,2025-09-28T00:00:00,Professional Services,SMB,Referral,North America
org_01242,2025-06-21T00:00:00,Professional Services,SMB,Organic Search,North America
org_01243,2025-09-24T00:00:00,Education,SMB,Partner,Europe
org_01244,2025-01-03T00:00:00,Technology,SMB,Product-Led,Asia-Pacific
org_01245,2025-02-26T00:00:00,Healthcare,SMB,Referral,Asia-Pacific
org_01246,2025-06-10T00:00:00,Technology,Mid-Market,Product-Led,North America
org_01247,2025-04-21T00:00:00,Retail,SMB,Product-Led,North America
org_01248,2025-05-15T00:00:00,Retail,SMB,Product-Led,Europe
org_01249,2025-03-16T00:00:00,Professional Services,SMB,Organic Search,North America
org_01250,2025-01-21T00:00:00,Technology,SMB,Organic Search,Asia-Pacific
org_01251,2025-04-05T00:00:00,Healthcare,Mid-Market,Referral,Asia-Pacific
org_01252,2025-07-08T00:00:00,Education,SMB,Product-Led,North America
org_01253,2025-04-23T00:00:00,Financial Services,Mid-Market,Paid Search,North America
org_01254,2025-01-12T00:00:00,Technology,SMB,Paid Search,Latin America
org_01255,2025-03-28T00:00:00,Healthcare,Enterprise,Product-Led,Asia-Pacific
org_01256,2025-11-06T00:00:00,Healthcare,Mid-Market,Organic Search,Asia-Pacific
org_01257,2025-04-25T00:00:00,Retail,SMB,Paid Search,Europe
org_01258,2025-01-01T00:00:00,Retail,SMB,Organic Search,Asia-Pacific
org_01259,2025-12-27T00:00:00,Financial Services,Mid-Market,Paid Search,Europe
org_01260,2025-03-28T00:00:00,Financial Services,SMB,Content,North America
org_01261,2025-04-23T00:00:00,Technology,SMB,Paid Search,Europe
org_01262,2025-11-04T00:00:00,Education,Mid-Market,Referral,Europe
org_01263,2025-09-26T00:00:00,Technology,SMB,Product-Led,North America
org_01264,2025-02-01T00:00:00,Retail,Mid-Market,Product-Led,Latin America
org_01265,2025-04-26T00:00:00,Financial Services,SMB,Partner,Europe
org_01266,2025-05-17T00:00:00,Technology,Mid-Market,Content,North America
org_01267,2025-10-25T00:00:00,Financial Services,SMB,Organic Search,North America
org_01268,2025-04-10T00:00:00,Technology,Mid-Market,Paid Search,North America
org_01269,2025-10-02T00:00:00,Professional Services,SMB,Content,Europe
org_01270,2025-08-29T00:00:00,Education,Enterprise,Product-Led,North America
org_01271,2025-09-18T00:00:00,Professional Services,SMB,Paid Search,Europe
org_01272,2025-12-14T00:00:00,Education,SMB,Product-Led,Asia-Pacific
org_01273,2025-03-12T00:00:00,Financial Services,SMB,Partner,Asia-Pacific
org_01274,2025-12-31T00:00:00,Education,SMB,Paid Search,North America
org_01275,2025-02-14T00:00:00,Professional Services,SMB,Referral,North America
org_01276,2025-06-28T00:00:00,Retail,Mid-Market,Paid Search,Europe
org_01277,2025-01-11T00:00:00,Education,Mid-Market,Referral,North America
org_01278,2025-11-06T00:00:00,Retail,Mid-Market,Product-Led,Latin America
org_01279,2025-12-29T00:00:00,Retail,Mid-Market,Paid Search,Europe
org_01280,2025-07-04T00:00:00,Technology,SMB,Partner,North America
org_01281,2025-09-24T00:00:00,Financial Services,SMB,Content,Asia-Pacific
org_01282,2025-09-13T00:00:00,Financial Services,SMB,Content,North America
org_01283,2025-03-31T00:00:00,Financial Services,SMB,Referral,Europe
org_01284,2025-08-11T00:00:00,Healthcare,SMB,Content,Europe
org_01285,2025-02-22T00:00:00,Technology,SMB,Referral,Europe
org_01286,2025-10-13T00:00:00,Education,Mid-Market,Organic Search,North America
org_01287,2025-07-10T00:00:00,Education,SMB,Organic Search,North America
org_01288,2025-01-21T00:00:00,Retail,SMB,Organic Search,North America
org_01289,2025-06-18T00:00:00,Technology,SMB,Product-Led,Latin America
org_01290,2025-02-02T00:00:00,Healthcare,SMB,Partner,Asia-Pacific
org_01291,2025-09-10T00:00:00,Education,SMB,Paid Search,North America
org_01292,2025-04-04T00:00:00,Technology,Mid-Market,Referral,Europe
org_01293,2025-08-05T00:00:00,Education,Enterprise,Paid Search,Europe
org_01294,2025-02-06T00:00:00,Financial Services,SMB,Organic Search,North America
org_01295,2025-05-25T00:00:00,Education,Mid-Market,Referral,Latin America
org_01296,2025-03-03T00:00:00,Retail,SMB,Partner,North America
org_01297,2025-05-05T00:00:00,Healthcare,Mid-Market,Content,North America
org_01298,2025-07-14T00:00:00,Education,Mid-Market,Referral,North America
org_01299,2025-10-16T00:00:00,Education,SMB,Organic Search,Europe
org_01300,2025-03-08T00:00:00,Healthcare,SMB,Organic Search,Europe
org_01301,2025-12-04T00:00:00,Healthcare,SMB,Referral,North America
org_01302,2025-06-11T00:00:00,Education,SMB,Organic Search,North America
org_01303,2025-08-09T00:00:00,Professional Services,SMB,Organic Search,North America
org_01304,2025-06-08T00:00:00,Education,Mid-Market,Paid Search,Europe
org_01305,2025-09-24T00:00:00,Healthcare,SMB,Paid Search,North America
org_01306,2025-10-25T00:00:00,Healthcare,Enterprise,Organic Search,Europe
org_01307,2025-06-19T00:00:00,Financial Services,Enterprise,Content,North America
org_01308,2025-01-23T00:00:00,Technology,SMB,Paid Search,North America
org_01309,2025-04-27T00:00:00,Technology,Mid-Market,Product-Led,North America
org_01310,2025-12-23T00:00:00,Financial Services,Mid-Market,Referral,Latin America
org_01311,2025-10-16T00:00:00,Financial Services,SMB,Organic Search,North America
org_01312,2025-05-22T00:00:00,Retail,SMB,Product-Led,Asia-Pacific
org_01313,2025-02-03T00:00:00,Healthcare,SMB,Partner,North America
org_01314,2025-12-03T00:00:00,Retail,SMB,Paid Search,Asia-Pacific
org_01315,2025-10-13T00:00:00,Retail,SMB,Paid Search,Europe
org_01316,2025-07-30T00:00:00,Education,Mid-Market,Paid Search,Asia-Pacific
org_01317,2025-07-04T00:00:00,Financial Services,Mid-Market,Partner,Europe
org_01318,2025-05-23T00:00:00,Professional Services,Enterprise,Paid Search,Latin America
org_01319,2025-09-08T00:00:00,Professional Services,SMB,Referral,Latin America
org_01320,2025-12-19T00:00:00,Healthcare,SMB,Organic Search,Europe
org_01321,2025-02-12T00:00:00,Healthcare,SMB,Partner,Latin America
org_01322,2025-04-22T00:00:00,Retail,Mid-Market,Organic Search,North America
org_01323,2025-05-18T00:00:00,Retail,SMB,Content,Asia-Pacific
org_01324,2025-02-01T00:00:00,Education,SMB,Product-Led,North America
org_01325,2025-05-20T00:00:00,Professional Services,SMB,Organic Search,North America
org_01326,2025-12-31T00:00:00,Technology,SMB,Organic Search,North America
org_01327,2025-10-22T00:00:00,Healthcare,SMB,Content,Europe
org_01328,2025-08-17T00:00:00,Education,SMB,Organic Search,North America
org_01329,2025-01-11T00:00:00,Retail,Enterprise,Partner,Europe
org_01330,2025-11-21T00:00:00,Financial Services,Mid-Market,Referral,Europe
org_01331,2025-11-11T00:00:00,Education,SMB,Paid Search,Latin America
org_01332,2025-09-30T00:00:00,Healthcare,SMB,Content,North America
org_01333,2025-01-14T00:00:00,Professional Services,SMB,Paid Search,Asia-Pacific
org_01334,2025-12-30T00:00:00,Technology,SMB,Product-Led,Latin America
org_01335,2025-03-08T00:00:00,Education,SMB,Paid Search,Latin America
org_01336,2025-05-16T00:00:00,Technology,Mid-Market,Content,North America
org_01337,2025-06-21T00:00:00,Healthcare,Mid-Market,Referral,Asia-Pacific
org_01338,2025-08-21T00:00:00,Retail,Mid-Market,Product-Led,Europe
org_01339,2025-11-14T00:00:00,Healthcare,SMB,Product-Led,North America
org_01340,2025-07-12T00:00:00,Healthcare,Mid-Market,Partner,Europe
org_01341,2025-04-01T00:00:00,Financial Services,SMB,Organic Search,North America
org_01342,2025-04-18T00:00:00,Healthcare,Enterprise,Content,North America
org_01343,2025-08-08T00:00:00,Technology,SMB,Product-Led,North America
org_01344,2025-05-24T00:00:00,Healthcare,SMB,Product-Led,North America
org_01345,2025-01-21T00:00:00,Technology,Mid-Market,Content,Europe
org_01346,2025-02-07T00:00:00,Retail,Mid-Market,Referral,Europe
org_01347,2025-09-11T00:00:00,Technology,SMB,Content,North America
org_01348,2025-07-23T00:00:00,Technology,Mid-Market,Organic Search,North America
org_01349,2025-08-06T00:00:00,Retail,Mid-Market,Partner,Europe
org_01350,2025-04-22T00:00:00,Healthcare,Enterprise,Product-Led,North America
org_01351,2025-05-14T00:00:00,Retail,SMB,Paid Search,Asia-Pacific
org_01352,2025-02-03T00:00:00,Professional Services,SMB,Partner,Latin America
org_01353,2025-07-19T00:00:00,Education,SMB,Organic Search,North America
org_01354,2025-10-19T00:00:00,Technology,SMB,Paid Search,North America
org_01355,2025-11-05T00:00:00,Technology,Mid-Market,Organic Search,Latin America
org_01356,2025-11-24T00:00:00,Education,SMB,Product-Led,North America
org_01357,2025-12-27T00:00:00,Retail,Enterprise,Product-Led,North America
org_01358,2025-11-21T00:00:00,Healthcare,Mid-Market,Paid Search,Europe
org_01359,2025-01-10T00:00:00,Healthcare,SMB,Product-Led,North America
org_01360,2025-05-30T00:00:00,Professional Services,SMB,Product-Led,North America
org_01361,2025-08-09T00:00:00,Technology,Mid-Market,Product-Led,North America
org_01362,2025-02-16T00:00:00,Technology,SMB,Referral,Asia-Pacific
org_01363,2025-06-10T00:00:00,Retail,Mid-Market,Paid Search,North America
org_01364,2025-01-28T00:00:00,Financial Services,SMB,Referral,North America
org_01365,2025-01-05T00:00:00,Financial Services,Mid-Market,Paid Search,Latin America
org_01366,2025-08-21T00:00:00,Financial Services,Mid-Market,Organic Search,North America
org_01367,2025-05-04T00:00:00,Technology,Mid-Market,Referral,North America
org_01368,2025-01-15T00:00:00,Retail,Mid-Market,Partner,North America
org_01369,2025-10-06T00:00:00,Retail,SMB,Organic Search,Europe
org_01370,2025-03-16T00:00:00,Healthcare,SMB,Referral,North America
org_01371,2025-04-16T00:00:00,Education,Mid-Market,Referral,North America
org_01372,2025-10-18T00:00:00,Retail,SMB,Organic Search,Latin America
org_01373,2025-11-17T00:00:00,Professional Services,SMB,Product-Led,North America
org_01374,2025-06-23T00:00:00,Retail,Enterprise,Paid Search,North America
org_01375,2025-02-28T00:00:00,Technology,Mid-Market,Content,North America
org_01376,2025-01-27T00:00:00,Retail,SMB,Referral,North America
org_01377,2025-04-05T00:00:00,Retail,SMB,Paid Search,Europe
org_01378,2025-06-09T00:00:00,Professional Services,Enterprise,Content,North America
org_01379,2025-02-15T00:00:00,Professional Services,SMB,Content,Europe
org_01380,2025-07-29T00:00:00,Retail,SMB,Product-Led,North America
org_01381,2025-05-06T00:00:00,Professional Services,Enterprise,Content,North America
org_01382,2025-04-30T00:00:00,Healthcare,SMB,Content,Europe
org_01383,2025-07-26T00:00:00,Financial Services,SMB,Product-Led,Latin America
org_01384,2025-06-24T00:00:00,Technology,SMB,Referral,North America
org_01385,2025-01-08T00:00:00,Healthcare,Mid-Market,Organic Search,North America
org_01386,2025-01-04T00:00:00,Education,SMB,Paid Search,Europe
org_01387,2025-06-24T00:00:00,Healthcare,Mid-Market,Content,Asia-Pacific
org_01388,2025-06-07T00:00:00,Healthcare,Mid-Market,Referral,Asia-Pacific
org_01389,2025-03-30T00:00:00,Retail,SMB,Content,North America
org_01390,2025-07-23T00:00:00,Financial Services,SMB,Product-Led,Europe
org_01391,2025-07-28T00:00:00,Financial Services,SMB,Content,Latin America
org_01392,2025-04-12T00:00:00,Healthcare,SMB,Product-Led,North America
org_01393,2025-12-17T00:00:00,Professional Services,SMB,Partner,Europe
org_01394,2025-04-18T00:00:00,Retail,Enterprise,Paid Search,North America
org_01395,2025-11-13T00:00:00,Healthcare,SMB,Referral,North America
org_01396,2025-12-17T00:00:00,Education,Mid-Market,Paid Search,North America
org_01397,2025-10-28T00:00:00,Healthcare,SMB,Product-Led,Europe
org_01398,2025-01-28T00:00:00,Professional Services,SMB,Referral,North America
org_01399,2025-02-27T00:00:00,Healthcare,SMB,Organic Search,North America
org_01400,2025-01-09T00:00:00,Retail,SMB,Partner,Latin America
org_01401,2025-06-05T00:00:00,Retail,SMB,Organic Search,North America
org_01402,2025-05-18T00:00:00,Financial Services,SMB,Product-Led,North America
org_01403,2025-07-28T00:00:00,Retail,SMB,Partner,Europe
org_01404,2025-05-01T00:00:00,Financial Services,Mid-Market,Organic Search,Asia-Pacific
org_01405,2025-08-02T00:00:00,Education,SMB,Organic Search,North America
org_01406,2025-11-01T00:00:00,Retail,SMB,Content,Europe
org_01407,2025-07-25T00:00:00,Education,SMB,Content,North America
org_01408,2025-11-22T00:00:00,Retail,Mid-Market,Content,Asia-Pacific
org_01409,2025-11-30T00:00:00,Retail,SMB,Paid Search,North America
org_01410,2025-09-23T00:00:00,Professional Services,Mid-Market,Content,North America
org_01411,2025-11-24T00:00:00,Financial Services,SMB,Product-Led,North America
org_01412,2025-10-03T00:00:00,Healthcare,Mid-Market,Product-Led,North America
org_01413,2025-04-18T00:00:00,Professional Services,SMB,Referral,North America
org_01414,2025-09-15T00:00:00,Education,Enterprise,Referral,Asia-Pacific
org_01415,2025-06-18T00:00:00,Healthcare,Mid-Market,Product-Led,North America
org_01416,2025-06-04T00:00:00,Technology,Mid-Market,Organic Search,Europe
org_01417,2025-05-28T00:00:00,Retail,SMB,Product-Led,Europe
org_01418,2025-05-08T00:00:00,Professional Services,SMB,Organic Search,Asia-Pacific
org_01419,2025-06-09T00:00:00,Professional Services,SMB,Product-Led,North America
org_01420,2025-09-01T00:00:00,Financial Services,SMB,Organic Search,Latin America
org_01421,2025-06-10T00:00:00,Professional Services,SMB,Referral,North America
org_01422,2025-12-22T00:00:00,Professional Services,SMB,Content,North America
org_01423,2025-08-02T00:00:00,Technology,SMB,Product-Led,North America
org_01424,2025-11-23T00:00:00,Professional Services,SMB,Product-Led,North America
org_01425,2025-08-05T00:00:00,Technology,SMB,Paid Search,Asia-Pacific
org_01426,2025-06-15T00:00:00,Professional Services,SMB,Referral,North America
org_01427,2025-02-02T00:00:00,Technology,Mid-Market,Paid Search,North America
org_01428,2025-02-25T00:00:00,Professional Services,SMB,Partner,Europe
org_01429,2025-06-20T00:00:00,Healthcare,Enterprise,Referral,North America
org_01430,2025-04-28T00:00:00,Retail,Mid-Market,Content,Europe
org_01431,2025-03-21T00:00:00,Healthcare,SMB,Referral,Latin America
org_01432,2025-04-28T00:00:00,Retail,SMB,Organic Search,North America
org_01433,2025-06-06T00:00:00,Education,SMB,Paid Search,North America
org_01434,2025-03-22T00:00:00,Professional Services,SMB,Organic Search,Europe
org_01435,2025-04-19T00:00:00,Retail,SMB,Referral,Latin America
org_01436,2025-07-24T00:00:00,Professional Services,SMB,Partner,North America
org_01437,2025-07-18T00:00:00,Healthcare,Mid-Market,Referral,North America
org_01438,2025-02-08T00:00:00,Healthcare,Mid-Market,Content,North America
org_01439,2025-07-19T00:00:00,Education,SMB,Paid Search,North America
org_01440,2025-01-14T00:00:00,Professional Services,SMB,Content,North America
org_01441,2025-05-22T00:00:00,Financial Services,Mid-Market,Content,Asia-Pacific
org_01442,2025-01-30T00:00:00,Healthcare,SMB,Organic Search,North America
org_01443,2025-05-25T00:00:00,Healthcare,SMB,Content,Asia-Pacific
org_01444,2025-09-23T00:00:00,Financial Services,SMB,Paid Search,Europe
org_01445,2025-08-16T00:00:00,Healthcare,Mid-Market,Product-Led,North America
org_01446,2025-01-07T00:00:00,Professional Services,Mid-Market,Partner,Asia-Pacific
org_01447,2025-11-15T00:00:00,Education,SMB,Paid Search,North America
org_01448,2025-02-05T00:00:00,Healthcare,Mid-Market,Product-Led,Latin America
org_01449,2025-05-24T00:00:00,Technology,Enterprise,Referral,Asia-Pacific
org_01450,2025-05-13T00:00:00,Financial Services,Mid-Market,Organic Search,Europe
org_01451,2025-09-21T00:00:00,Financial Services,Mid-Market,Organic Search,North America
org_01452,2025-01-20T00:00:00,Education,SMB,Product-Led,North America
org_01453,2025-01-18T00:00:00,Financial Services,SMB,Product-Led,North America
org_01454,2025-09-08T00:00:00,Technology,SMB,Organic Search,Europe
org_01455,2025-12-21T00:00:00,Technology,SMB,Partner,Europe
org_01456,2025-06-11T00:00:00,Healthcare,SMB,Content,Latin America
org_01457,2025-08-21T00:00:00,Healthcare,SMB,Content,Europe
org_01458,2025-10-20T00:00:00,Professional Services,SMB,Content,Europe
org_01459,2025-06-04T00:00:00,Retail,SMB,Product-Led,Europe
org_01460,2025-03-03T00:00:00,Retail,SMB,Referral,Europe
org_01461,2025-03-31T00:00:00,Education,Mid-Market,Paid Search,North America
org_01462,2025-08-09T00:00:00,Technology,SMB,Referral,Latin America
org_01463,2025-03-06T00:00:00,Education,SMB,Paid Search,North America
org_01464,2025-06-08T00:00:00,Education,SMB,Organic Search,North America
org_01465,2025-07-09T00:00:00,Retail,SMB,Organic Search,Latin America
org_01466,2025-08-05T00:00:00,Healthcare,Enterprise,Paid Search,North America
org_01467,2025-05-20T00:00:00,Retail,Enterprise,Organic Search,Europe
org_01468,2025-10-10T00:00:00,Professional Services,SMB,Referral,North America
org_01469,2025-02-10T00:00:00,Financial Services,SMB,Organic Search,Europe
org_01470,2025-11-30T00:00:00,Healthcare,Mid-Market,Referral,North America
org_01471,2025-06-24T00:00:00,Healthcare,SMB,Product-Led,North America
org_01472,2025-12-18T00:00:00,Technology,SMB,Organic Search,North America
org_01473,2025-12-09T00:00:00,Professional Services,Mid-Market,Content,Europe
org_01474,2025-05-23T00:00:00,Retail,SMB,Product-Led,Europe
org_01475,2025-11-27T00:00:00,Technology,SMB,Referral,North America
org_01476,2025-01-29T00:00:00,Retail,SMB,Product-Led,North America
org_01477,2025-11-19T00:00:00,Technology,SMB,Product-Led,Asia-Pacific
org_01478,2025-09-21T00:00:00,Technology,Mid-Market,Referral,Asia-Pacific
org_01479,2025-10-08T00:00:00,Technology,Mid-Market,Partner,Europe
org_01480,2025-12-04T00:00:00,Financial Services,Mid-Market,Referral,Asia-Pacific
org_01481,2025-03-11T00:00:00,Professional Services,Mid-Market,Organic Search,North America
org_01482,2025-02-10T00:00:00,Financial Services,SMB,Referral,Europe
org_01483,2025-10-07T00:00:00,Financial Services,Mid-Market,Product-Led,North America
org_01484,2025-12-27T00:00:00,Technology,Enterprise,Paid Search,Asia-Pacific
org_01485,2025-02-26T00:00:00,Healthcare,Mid-Market,Product-Led,Latin America
org_01486,2025-05-08T00:00:00,Technology,Mid-Market,Product-Led,Europe
org_01487,2025-04-14T00:00:00,Education,SMB,Paid Search,Asia-Pacific
org_01488,2025-07-06T00:00:00,Retail,SMB,Paid Search,North America
org_01489,2025-08-30T00:00:00,Professional Services,SMB,Product-Led,North America
org_01490,2025-11-26T00:00:00,Technology,SMB,Product-Led,Asia-Pacific
org_01491,2025-02-04T00:00:00,Financial Services,SMB,Content,Asia-Pacific
org_01492,2025-11-07T00:00:00,Healthcare,Enterprise,Organic Search,Europe
org_01493,2025-08-02T00:00:00,Education,Mid-Market,Organic Search,Latin America
org_01494,2025-07-31T00:00:00,Technology,Mid-Market,Content,Asia-Pacific
org_01495,2025-06-22T00:00:00,Retail,SMB,Referral,North America
org_01496,2025-12-03T00:00:00,Financial Services,Mid-Market,Content,Europe
org_01497,2025-11-12T00:00:00,Financial Services,Enterprise,Paid Search,North America
org_01498,2025-07-15T00:00:00,Technology,Mid-Market,Content,North America
org_01499,2025-11-07T00:00:00,Professional Services,Mid-Market,Product-Led,Latin America
org_01500,2025-10-23T00:00:00,Technology,SMB,Product-Led,Europe
org_01501,2025-03-09T00:00:00,Financial Services,SMB,Product-Led,Europe
org_01502,2025-01-24T00:00:00,Technology,SMB,Content,North America
org_01503,2025-10-12T00:00:00,Retail,SMB,Content,Europe
org_01504,2025-08-07T00:00:00,Professional Services,SMB,Product-Led,Latin America
org_01505,2025-02-27T00:00:00,Education,Mid-Market,Organic Search,North America
org_01506,2025-02-07T00:00:00,Retail,Mid-Market,Referral,Asia-Pacific
org_01507,2025-12-18T00:00:00,Education,SMB,Content,North America
org_01508,2025-11-30T00:00:00,Professional Services,Mid-Market,Content,North America
org_01509,2025-05-27T00:00:00,Education,SMB,Paid Search,North America
org_01510,2025-07-30T00:00:00,Healthcare,SMB,Referral,Europe
org_01511,2025-12-21T00:00:00,Professional Services,SMB,Referral,North America
org_01512,2025-04-14T00:00:00,Education,SMB,Content,North America
org_01513,2025-04-25T00:00:00,Education,SMB,Referral,Latin America
org_01514,2025-12-03T00:00:00,Retail,SMB,Partner,Europe
org_01515,2025-09-22T00:00:00,Healthcare,Mid-Market,Partner,Asia-Pacific
org_01516,2025-08-12T00:00:00,Retail,Enterprise,Organic Search,Asia-Pacific
org_01517,2025-01-17T00:00:00,Education,Mid-Market,Referral,Latin America
org_01518,2025-04-17T00:00:00,Technology,SMB,Paid Search,North America
org_01519,2025-08-10T00:00:00,Financial Services,SMB,Paid Search,Latin America
org_01520,2025-03-11T00:00:00,Retail,SMB,Organic Search,Latin America
org_01521,2025-04-07T00:00:00,Education,Enterprise,Paid Search,North America
org_01522,2025-08-18T00:00:00,Retail,SMB,Organic Search,North America
org_01523,2025-11-07T00:00:00,Education,Enterprise,Product-Led,North America
org_01524,2025-04-17T00:00:00,Retail,Enterprise,Paid Search,North America
org_01525,2025-06-07T00:00:00,Technology,SMB,Product-Led,Europe
org_01526,2025-01-16T00:00:00,Healthcare,Mid-Market,Product-Led,Latin America
org_01527,2025-07-03T00:00:00,Retail,Enterprise,Product-Led,North America
org_01528,2025-03-28T00:00:00,Professional Services,SMB,Paid Search,Europe
org_01529,2025-08-05T00:00:00,Education,SMB,Content,Asia-Pacific
org_01530,2025-10-18T00:00:00,Financial Services,Mid-Market,Product-Led,North America
org_01531,2025-10-12T00:00:00,Financial Services,Mid-Market,Content,North America
org_01532,2025-05-20T00:00:00,Financial Services,SMB,Product-Led,North America
org_01533,2025-11-29T00:00:00,Retail,Enterprise,Paid Search,Europe
org_01534,2025-02-02T00:00:00,Technology,SMB,Product-Led,Europe
org_01535,2025-12-02T00:00:00,Retail,SMB,Referral,Europe
org_01536,2025-01-01T00:00:00,Retail,SMB,Organic Search,North America
org_01537,2025-11-28T00:00:00,Professional Services,SMB,Organic Search,North America
org_01538,2025-02-04T00:00:00,Retail,Mid-Market,Paid Search,Asia-Pacific
org_01539,2025-07-12T00:00:00,Professional Services,Mid-Market,Referral,North America
org_01540,2025-03-20T00:00:00,Education,SMB,Product-Led,Asia-Pacific
org_01541,2025-03-07T00:00:00,Retail,Enterprise,Product-Led,North America
org_01542,2025-09-16T00:00:00,Financial Services,SMB,Paid Search,North America
org_01543,2025-04-10T00:00:00,Retail,Enterprise,Content,North America
org_01544,2025-09-30T00:00:00,Financial Services,SMB,Product-Led,Europe
org_01545,2025-06-05T00:00:00,Professional Services,Enterprise,Paid Search,Latin America
org_01546,2025-10-13T00:00:00,Professional Services,Mid-Market,Organic Search,Asia-Pacific
org_01547,2025-04-11T00:00:00,Healthcare,SMB,Referral,North America
org_01548,2025-05-15T00:00:00,Retail,SMB,Content,North America
org_01549,2025-05-31T00:00:00,Technology,Enterprise,Paid Search,Europe
org_01550,2025-07-14T00:00:00,Financial Services,SMB,Paid Search,North America
org_01551,2025-04-06T00:00:00,Financial Services,SMB,Product-Led,North America
org_01552,2025-03-27T00:00:00,Financial Services,Mid-Market,Organic Search,Europe
org_01553,2025-07-02T00:00:00,Education,Mid-Market,Product-Led,Europe
org_01554,2025-12-29T00:00:00,Professional Services,Mid-Market,Product-Led,North America
org_01555,2025-09-27T00:00:00,Healthcare,SMB,Content,North America
org_01556,2025-10-14T00:00:00,Healthcare,SMB,Partner,Asia-Pacific
org_01557,2025-04-25T00:00:00,Retail,SMB,Paid Search,North America
org_01558,2025-03-10T00:00:00,Technology,SMB,Partner,North America
org_01559,2025-07-04T00:00:00,Financial Services,SMB,Organic Search,Asia-Pacific
org_01560,2025-08-25T00:00:00,Professional Services,SMB,Organic Search,Latin America
org_01561,2025-05-18T00:00:00,Technology,SMB,Referral,Europe
org_01562,2025-08-01T00:00:00,Professional Services,SMB,Partner,Latin America
org_01563,2025-04-22T00:00:00,Retail,SMB,Partner,North America
org_01564,2025-12-29T00:00:00,Professional Services,SMB,Organic Search,Europe
org_01565,2025-06-07T00:00:00,Professional Services,SMB,Product-Led,North America
org_01566,2025-05-18T00:00:00,Professional Services,Mid-Market,Referral,North America
org_01567,2025-10-20T00:00:00,Financial Services,Mid-Market,Content,Europe
org_01568,2025-06-06T00:00:00,Retail,Mid-Market,Referral,Europe
org_01569,2025-10-09T00:00:00,Financial Services,SMB,Referral,North America
org_01570,2025-02-02T00:00:00,Professional Services,Mid-Market,Product-Led,North America
org_01571,2025-12-29T00:00:00,Professional Services,SMB,Organic Search,North America
org_01572,2025-08-21T00:00:00,Financial Services,Mid-Market,Product-Led,Latin America
org_01573,2025-12-06T00:00:00,Retail,SMB,Organic Search,North America
org_01574,2025-02-02T00:00:00,Education,SMB,Referral,Latin America
org_01575,2025-04-24T00:00:00,Financial Services,Mid-Market,Paid Search,Europe
org_01576,2025-02-11T00:00:00,Technology,SMB,Organic Search,Europe
org_01577,2025-08-26T00:00:00,Education,Mid-Market,Paid Search,Europe
org_01578,2025-11-02T00:00:00,Technology,SMB,Paid Search,Europe
org_01579,2025-12-17T00:00:00,Financial Services,SMB,Organic Search,North America
org_01580,2025-08-19T00:00:00,Technology,SMB,Paid Search,Asia-Pacific
org_01581,2025-08-21T00:00:00,Retail,SMB,Content,Europe
org_01582,2025-06-16T00:00:00,Professional Services,Enterprise,Product-Led,Europe
org_01583,2025-09-08T00:00:00,Healthcare,SMB,Paid Search,Asia-Pacific
org_01584,2025-08-30T00:00:00,Education,Mid-Market,Product-Led,North America
org_01585,2025-11-05T00:00:00,Healthcare,Mid-Market,Paid Search,Europe
org_01586,2025-12-28T00:00:00,Healthcare,SMB,Product-Led,North America
org_01587,2025-02-27T00:00:00,Financial Services,SMB,Organic Search,Latin America
org_01588,2025-11-28T00:00:00,Retail,SMB,Organic Search,Europe
org_01589,2025-03-18T00:00:00,Technology,SMB,Product-Led,Latin America
org_01590,2025-08-14T00:00:00,Technology,SMB,Product-Led,North America
org_01591,2025-01-30T00:00:00,Education,SMB,Organic Search,North America
org_01592,2025-02-26T00:00:00,Healthcare,SMB,Content,North America
org_01593,2025-06-11T00:00:00,Retail,Mid-Market,Referral,Asia-Pacific
org_01594,2025-08-06T00:00:00,Financial Services,SMB,Organic Search,North America
org_01595,2025-06-12T00:00:00,Financial Services,Mid-Market,Paid Search,Europe
org_01596,2025-02-13T00:00:00,Retail,Enterprise,Paid Search,Europe
org_01597,2025-10-02T00:00:00,Retail,SMB,Organic Search,North America
org_01598,2025-10-25T00:00:00,Financial Services,Mid-Market,Organic Search,Asia-Pacific
org_01599,2025-02-12T00:00:00,Professional Services,Enterprise,Partner,North America
org_01600,2025-02-09T00:00:00,Technology,SMB,Referral,Europe
org_01601,2025-05-02T00:00:00,Education,SMB,Partner,North America
org_01602,2025-07-27T00:00:00,Financial Services,Mid-Market,Product-Led,Latin America
org_01603,2025-06-17T00:00:00,Professional Services,Enterprise,Content,North America
org_01604,2025-12-08T00:00:00,Healthcare,SMB,Referral,Asia-Pacific
org_01605,2025-02-23T00:00:00,Technology,SMB,Paid Search,North America
org_01606,2025-09-04T00:00:00,Education,SMB,Organic Search,Asia-Pacific
org_01607,2025-01-28T00:00:00,Technology,SMB,Partner,Asia-Pacific
org_01608,2025-08-14T00:00:00,Education,Mid-Market,Referral,Asia-Pacific
org_01609,2025-09-20T00:00:00,Technology,SMB,Organic Search,Europe
org_01610,2025-11-07T00:00:00,Healthcare,SMB,Content,North America
org_01611,2025-08-07T00:00:00,Professional Services,Enterprise,Paid Search,Europe
org_01612,2025-05-06T00:00:00,Professional Services,Mid-Market,Partner,Europe
org_01613,2025-12-23T00:00:00,Healthcare,Mid-Market,Referral,North America
org_01614,2025-10-29T00:00:00,Healthcare,SMB,Referral,Latin America
org_01615,2025-05-28T00:00:00,Healthcare,Mid-Market,Product-Led,North America
org_01616,2025-01-03T00:00:00,Healthcare,Mid-Market,Referral,Latin America
org_01617,2025-04-06T00:00:00,Financial Services,SMB,Paid Search,Latin America
org_01618,2025-11-23T00:00:00,Financial Services,SMB,Content,North America
org_01619,2025-03-09T00:00:00,Financial Services,SMB,Paid Search,North America
org_01620,2025-08-27T00:00:00,Healthcare,Mid-Market,Paid Search,North America
org_01621,2025-01-11T00:00:00,Financial Services,SMB,Product-Led,Asia-Pacific
org_01622,2025-06-25T00:00:00,Professional Services,Mid-Market,Product-Led,Latin America
org_01623,2025-05-29T00:00:00,Healthcare,Mid-Market,Paid Search,North America
org_01624,2025-03-02T00:00:00,Professional Services,SMB,Organic Search,North America
org_01625,2025-01-13T00:00:00,Education,Mid-Market,Content,North America
org_01626,2025-06-12T00:00:00,Financial Services,SMB,Partner,Asia-Pacific
org_01627,2025-07-09T00:00:00,Education,SMB,Content,Europe
org_01628,2025-06-25T00:00:00,Professional Services,SMB,Referral,Europe
org_01629,2025-06-18T00:00:00,Technology,Mid-Market,Partner,North America
org_01630,2025-05-06T00:00:00,Financial Services,Mid-Market,Referral,Asia-Pacific
org_01631,2025-08-06T00:00:00,Financial Services,Mid-Market,Partner,Europe
org_01632,2025-06-07T00:00:00,Financial Services,SMB,Product-Led,North America
org_01633,2025-04-05T00:00:00,Retail,Mid-Market,Organic Search,Europe
org_01634,2025-10-18T00:00:00,Financial Services,SMB,Referral,North America
org_01635,2025-04-03T00:00:00,Education,SMB,Paid Search,Latin America
org_01636,2025-01-08T00:00:00,Healthcare,SMB,Organic Search,Latin America
org_01637,2025-06-02T00:00:00,Financial Services,SMB,Product-Led,North America
org_01638,2025-09-08T00:00:00,Retail,SMB,Partner,Europe
org_01639,2025-06-22T00:00:00,Healthcare,Mid-Market,Partner,Asia-Pacific
org_01640,2025-02-28T00:00:00,Education,Mid-Market,Product-Led,Latin America
org_01641,2025-10-15T00:00:00,Professional Services,SMB,Product-Led,North America
org_01642,2025-11-09T00:00:00,Technology,SMB,Referral,Asia-Pacific
org_01643,2025-02-05T00:00:00,Technology,Mid-Market,Content,North America
org_01644,2025-07-20T00:00:00,Professional Services,Mid-Market,Referral,Europe
org_01645,2025-07-13T00:00:00,Technology,SMB,Partner,Europe
org_01646,2025-10-26T00:00:00,Healthcare,Mid-Market,Referral,North America
org_01647,2025-09-18T00:00:00,Technology,SMB,Referral,North America
org_01648,2025-11-25T00:00:00,Professional Services,Mid-Market,Content,Asia-Pacific
org_01649,2025-02-09T00:00:00,Education,Mid-Market,Paid Search,Europe
org_01650,2025-10-03T00:00:00,Healthcare,Mid-Market,Content,Europe
org_01651,2025-11-18T00:00:00,Professional Services,Enterprise,Organic Search,Europe
org_01652,2025-01-17T00:00:00,Retail,SMB,Referral,Asia-Pacific
org_01653,2025-05-29T00:00:00,Education,Mid-Market,Product-Led,Europe
org_01654,2025-07-04T00:00:00,Financial Services,SMB,Referral,North America
org_01655,2025-11-02T00:00:00,Retail,SMB,Paid Search,Europe
org_01656,2025-10-16T00:00:00,Healthcare,SMB,Organic Search,North America
org_01657,2025-02-04T00:00:00,Education,SMB,Referral,North America
org_01658,2025-08-07T00:00:00,Healthcare,Enterprise,Organic Search,North America
org_01659,2025-12-21T00:00:00,Healthcare,Mid-Market,Organic Search,North America
org_01660,2025-02-06T00:00:00,Healthcare,Mid-Market,Organic Search,North America
org_01661,2025-02-10T00:00:00,Financial Services,SMB,Organic Search,Asia-Pacific
org_01662,2025-01-01T00:00:00,Retail,SMB,Content,North America
org_01663,2025-03-10T00:00:00,Education,SMB,Paid Search,Europe
org_01664,2025-10-24T00:00:00,Technology,Mid-Market,Organic Search,Europe
org_01665,2025-07-14T00:00:00,Technology,SMB,Organic Search,North America
org_01666,2025-06-29T00:00:00,Healthcare,SMB,Organic Search,North America
org_01667,2025-04-02T00:00:00,Technology,SMB,Product-Led,North America
org_01668,2025-01-03T00:00:00,Education,Enterprise,Referral,North America
org_01669,2025-07-02T00:00:00,Retail,Enterprise,Organic Search,North America
org_01670,2025-12-07T00:00:00,Retail,SMB,Organic Search,Europe
org_01671,2025-11-01T00:00:00,Professional Services,SMB,Product-Led,Europe
org_01672,2025-12-16T00:00:00,Professional Services,Enterprise,Partner,Latin America
org_01673,2025-07-24T00:00:00,Education,Enterprise,Organic Search,North America
org_01674,2025-09-05T00:00:00,Retail,SMB,Organic Search,Europe
org_01675,2025-09-26T00:00:00,Education,Mid-Market,Product-Led,North America
org_01676,2025-03-17T00:00:00,Technology,SMB,Product-Led,Asia-Pacific
org_01677,2025-09-02T00:00:00,Professional Services,Mid-Market,Partner,North America
org_01678,2025-10-26T00:00:00,Healthcare,SMB,Partner,North America
org_01679,2025-08-28T00:00:00,Education,Mid-Market,Referral,North America
org_01680,2025-12-01T00:00:00,Technology,SMB,Referral,North America
org_01681,2025-05-06T00:00:00,Professional Services,Mid-Market,Referral,North America
org_01682,2025-09-18T00:00:00,Education,SMB,Organic Search,Asia-Pacific
org_01683,2025-04-11T00:00:00,Retail,SMB,Product-Led,Europe
org_01684,2025-01-07T00:00:00,Financial Services,SMB,Referral,Latin America
org_01685,2025-08-09T00:00:00,Education,SMB,Referral,Europe
org_01686,2025-08-17T00:00:00,Professional Services,SMB,Paid Search,North America
org_01687,2025-04-23T00:00:00,Retail,Mid-Market,Referral,North America
org_01688,2025-07-05T00:00:00,Professional Services,SMB,Referral,Europe
org_01689,2025-09-18T00:00:00,Financial Services,SMB,Paid Search,Europe
org_01690,2025-05-15T00:00:00,Retail,SMB,Paid Search,Asia-Pacific
org_01691,2025-12-14T00:00:00,Retail,SMB,Organic Search,Europe
org_01692,2025-08-07T00:00:00,Technology,Mid-Market,Organic Search,Latin America
org_01693,2025-11-04T00:00:00,Financial Services,Enterprise,Organic Search,Asia-Pacific
org_01694,2025-11-26T00:00:00,Technology,Mid-Market,Referral,North America
org_01695,2025-01-27T00:00:00,Retail,Mid-Market,Product-Led,North America
org_01696,2025-02-11T00:00:00,Healthcare,SMB,Partner,Europe
org_01697,2025-11-10T00:00:00,Retail,SMB,Organic Search,Latin America
org_01698,2025-08-21T00:00:00,Healthcare,SMB,Organic Search,Asia-Pacific
org_01699,2025-12-25T00:00:00,Retail,SMB,Product-Led,North America
org_01700,2025-11-18T00:00:00,Healthcare,SMB,Organic Search,North America
org_01701,2025-11-22T00:00:00,Professional Services,Enterprise,Product-Led,Europe
org_01702,2025-05-22T00:00:00,Education,SMB,Content,Europe
org_01703,2025-03-17T00:00:00,Financial Services,SMB,Content,Latin America
org_01704,2025-10-05T00:00:00,Education,Mid-Market,Referral,Asia-Pacific
org_01705,2025-01-04T00:00:00,Professional Services,Enterprise,Organic Search,Asia-Pacific
org_01706,2025-03-26T00:00:00,Financial Services,Mid-Market,Product-Led,Europe
org_01707,2025-10-15T00:00:00,Retail,Mid-Market,Referral,Europe
org_01708,2025-03-21T00:00:00,Education,Enterprise,Content,North America
org_01709,2025-05-15T00:00:00,Retail,Enterprise,Product-Led,Asia-Pacific
org_01710,2025-07-15T00:00:00,Education,SMB,Product-Led,North America
org_01711,2025-12-10T00:00:00,Professional Services,Mid-Market,Partner,North America
org_01712,2025-12-29T00:00:00,Retail,SMB,Product-Led,North America
org_01713,2025-02-22T00:00:00,Professional Services,Enterprise,Referral,North America
org_01714,2025-07-05T00:00:00,Professional Services,Mid-Market,Paid Search,North America
org_01715,2025-12-27T00:00:00,Education,SMB,Partner,Europe
org_01716,2025-10-23T00:00:00,Financial Services,Enterprise,Referral,Asia-Pacific
org_01717,2025-09-05T00:00:00,Technology,Enterprise,Organic Search,Europe
org_01718,2025-02-04T00:00:00,Technology,SMB,Paid Search,North America
org_01719,2025-04-12T00:00:00,Technology,Enterprise,Content,Europe
org_01720,2025-12-09T00:00:00,Education,SMB,Referral,Europe
org_01721,2025-11-18T00:00:00,Financial Services,SMB,Paid Search,Asia-Pacific
org_01722,2025-03-05T00:00:00,Financial Services,Mid-Market,Partner,Asia-Pacific
org_01723,2025-05-06T00:00:00,Professional Services,Mid-Market,Content,Europe
org_01724,2025-12-03T00:00:00,Technology,SMB,Referral,Latin America
org_01725,2025-10-03T00:00:00,Retail,SMB,Paid Search,North America
org_01726,2025-06-05T00:00:00,Technology,SMB,Product-Led,Europe
org_01727,2025-07-02T00:00:00,Technology,SMB,Product-Led,Europe
org_01728,2025-12-11T00:00:00,Healthcare,Mid-Market,Paid Search,Asia-Pacific
org_01729,2025-02-10T00:00:00,Financial Services,Enterprise,Product-Led,Europe
org_01730,2025-07-12T00:00:00,Financial Services,SMB,Organic Search,Europe
org_01731,2025-12-01T00:00:00,Technology,Enterprise,Content,Europe
org_01732,2025-04-23T00:00:00,Retail,SMB,Referral,North America
org_01733,2025-09-29T00:00:00,Education,Mid-Market,Organic Search,North America
org_01734,2025-02-18T00:00:00,Financial Services,SMB,Referral,Latin America
org_01735,2025-09-11T00:00:00,Financial Services,SMB,Organic Search,North America
org_01736,2025-04-03T00:00:00,Technology,Mid-Market,Organic Search,Asia-Pacific
org_01737,2025-06-16T00:00:00,Healthcare,Mid-Market,Partner,North America
org_01738,2025-12-06T00:00:00,Technology,Mid-Market,Product-Led,North America
org_01739,2025-10-14T00:00:00,Professional Services,Mid-Market,Referral,North America
org_01740,2025-11-29T00:00:00,Financial Services,Mid-Market,Partner,Europe
org_01741,2025-11-22T00:00:00,Professional Services,Enterprise,Content,North America
org_01742,2025-04-17T00:00:00,Professional Services,Enterprise,Product-Led,North America
org_01743,2025-03-05T00:00:00,Professional Services,Mid-Market,Content,Europe
org_01744,2025-04-30T00:00:00,Retail,Mid-Market,Organic Search,Europe
org_01745,2025-03-13T00:00:00,Technology,SMB,Organic Search,Europe
org_01746,2025-07-22T00:00:00,Healthcare,Mid-Market,Referral,Europe
org_01747,2025-05-31T00:00:00,Technology,SMB,Referral,North America
org_01748,2025-08-19T00:00:00,Education,Enterprise,Content,Latin America
org_01749,2025-08-09T00:00:00,Technology,Mid-Market,Partner,North America
org_01750,2025-11-01T00:00:00,Professional Services,SMB,Product-Led,Asia-Pacific
org_01751,2025-04-19T00:00:00,Healthcare,SMB,Paid Search,Latin America
org_01752,2025-11-17T00:00:00,Financial Services,SMB,Partner,North America
org_01753,2025-04-21T00:00:00,Education,SMB,Paid Search,North America
org_01754,2025-12-12T00:00:00,Healthcare,Mid-Market,Partner,North America
org_01755,2025-09-27T00:00:00,Education,Mid-Market,Content,North America
org_01756,2025-06-22T00:00:00,Financial Services,Mid-Market,Organic Search,Asia-Pacific
org_01757,2025-08-27T00:00:00,Professional Services,SMB,Organic Search,North America
org_01758,2025-09-24T00:00:00,Professional Services,Mid-Market,Paid Search,North America
org_01759,2025-01-01T00:00:00,Retail,SMB,Organic Search,North America
org_01760,2025-10-10T00:00:00,Financial Services,Mid-Market,Referral,North America
org_01761,2025-12-27T00:00:00,Technology,SMB,Organic Search,North America
org_01762,2025-12-03T00:00:00,Retail,Mid-Market,Partner,North America
org_01763,2025-11-06T00:00:00,Financial Services,SMB,Paid Search,Asia-Pacific
org_01764,2025-01-09T00:00:00,Financial Services,SMB,Content,Latin America
org_01765,2025-05-27T00:00:00,Retail,SMB,Product-Led,Asia-Pacific
org_01766,2025-05-21T00:00:00,Professional Services,SMB,Paid Search,North America
org_01767,2025-03-06T00:00:00,Healthcare,SMB,Paid Search,North America
org_01768,2025-10-03T00:00:00,Financial Services,SMB,Paid Search,North America
org_01769,2025-03-23T00:00:00,Professional Services,SMB,Paid Search,North America
org_01770,2025-04-25T00:00:00,Education,SMB,Organic Search,North America
org_01771,2025-04-24T00:00:00,Professional Services,SMB,Partner,Asia-Pacific
org_01772,2025-08-26T00:00:00,Education,Mid-Market,Paid Search,North America
org_01773,2025-12-22T00:00:00,Retail,SMB,Partner,North America
org_01774,2025-04-18T00:00:00,Technology,Mid-Market,Content,North America
org_01775,2025-05-16T00:00:00,Education,SMB,Referral,Europe
org_01776,2025-10-26T00:00:00,Technology,SMB,Paid Search,North America
org_01777,2025-01-30T00:00:00,Retail,Mid-Market,Partner,North America
org_01778,2025-01-30T00:00:00,Healthcare,SMB,Organic Search,Latin America
org_01779,2025-02-01T00:00:00,Financial Services,SMB,Organic Search,Asia-Pacific
org_01780,2025-04-19T00:00:00,Technology,SMB,Paid Search,North America
org_01781,2025-07-06T00:00:00,Financial Services,Enterprise,Paid Search,Europe
org_01782,2025-09-26T00:00:00,Professional Services,SMB,Paid Search,North America
org_01783,2025-07-27T00:00:00,Education,SMB,Organic Search,Europe
org_01784,2025-10-24T00:00:00,Technology,Enterprise,Partner,Europe
org_01785,2025-06-10T00:00:00,Healthcare,Mid-Market,Content,North America
org_01786,2025-04-14T00:00:00,Retail,SMB,Paid Search,Latin America
org_01787,2025-01-12T00:00:00,Healthcare,Mid-Market,Product-Led,Europe
org_01788,2025-06-16T00:00:00,Healthcare,Mid-Market,Referral,Europe
org_01789,2025-12-15T00:00:00,Technology,Mid-Market,Paid Search,North America
org_01790,2025-12-08T00:00:00,Technology,Mid-Market,Paid Search,Europe
org_01791,2025-11-25T00:00:00,Technology,SMB,Organic Search,North America
org_01792,2025-05-07T00:00:00,Healthcare,Mid-Market,Content,Latin America
org_01793,2025-11-07T00:00:00,Professional Services,Mid-Market,Paid Search,North America
org_01794,2025-09-17T00:00:00,Healthcare,SMB,Paid Search,Latin America
org_01795,2025-05-15T00:00:00,Financial Services,SMB,Paid Search,Europe
org_01796,2025-07-14T00:00:00,Education,SMB,Paid Search,Europe
org_01797,2025-02-03T00:00:00,Financial Services,SMB,Content,North America
org_01798,2025-08-19T00:00:00,Healthcare,SMB,Organic Search,North America
org_01799,2025-12-29T00:00:00,Financial Services,Enterprise,Referral,North America
org_01800,2025-12-17T00:00:00,Retail,Mid-Market,Paid Search,North America
org_01801,2025-06-14T00:00:00,Retail,Mid-Market,Referral,Europe
org_01802,2025-11-23T00:00:00,Technology,SMB,Content,North America
org_01803,2025-06-22T00:00:00,Healthcare,SMB,Organic Search,North America
org_01804,2025-05-31T00:00:00,Professional Services,SMB,Referral,Europe
org_01805,2025-05-14T00:00:00,Professional Services,SMB,Partner,North America
org_01806,2025-08-08T00:00:00,Financial Services,SMB,Paid Search,Latin America
org_01807,2025-11-03T00:00:00,Retail,SMB,Referral,Europe
org_01808,2025-05-04T00:00:00,Retail,Mid-Market,Partner,North America
org_01809,2025-04-15T00:00:00,Education,SMB,Referral,North America
org_01810,2025-04-07T00:00:00,Education,SMB,Organic Search,Europe
org_01811,2025-08-29T00:00:00,Professional Services,Mid-Market,Referral,Asia-Pacific
org_01812,2025-10-24T00:00:00,Financial Services,Enterprise,Product-Led,North America
org_01813,2025-12-16T00:00:00,Healthcare,Mid-Market,Content,North America
org_01814,2025-04-07T00:00:00,Professional Services,Mid-Market,Product-Led,Asia-Pacific
org_01815,2025-04-05T00:00:00,Professional Services,Mid-Market,Product-Led,North America
org_01816,2025-11-26T00:00:00,Retail,Mid-Market,Organic Search,Asia-Pacific
org_01817,2025-01-28T00:00:00,Healthcare,Enterprise,Referral,North America
org_01818,2025-03-15T00:00:00,Professional Services,SMB,Organic Search,Asia-Pacific
org_01819,2025-01-22T00:00:00,Education,SMB,Organic Search,Latin America
org_01820,2025-02-23T00:00:00,Retail,Mid-Market,Organic Search,North America
org_01821,2025-10-31T00:00:00,Healthcare,Mid-Market,Product-Led,Asia-Pacific
org_01822,2025-03-03T00:00:00,Professional Services,Enterprise,Organic Search,North America
org_01823,2025-12-08T00:00:00,Retail,SMB,Referral,North America
org_01824,2025-09-05T00:00:00,Technology,Mid-Market,Product-Led,Europe
org_01825,2025-01-20T00:00:00,Retail,SMB,Organic Search,Asia-Pacific
org_01826,2025-05-27T00:00:00,Education,Mid-Market,Organic Search,North America
org_01827,2025-01-07T00:00:00,Retail,SMB,Content,North America
org_01828,2025-06-15T00:00:00,Professional Services,SMB,Content,North America
org_01829,2025-05-18T00:00:00,Professional Services,SMB,Referral,Europe
org_01830,2025-09-17T00:00:00,Retail,SMB,Partner,North America
org_01831,2025-03-09T00:00:00,Retail,Enterprise,Product-Led,North America
org_01832,2025-07-22T00:00:00,Retail,SMB,Organic Search,Asia-Pacific
org_01833,2025-03-01T00:00:00,Retail,Enterprise,Partner,North America
org_01834,2025-07-12T00:00:00,Education,SMB,Organic Search,North America
org_01835,2025-08-14T00:00:00,Healthcare,Enterprise,Organic Search,North America
org_01836,2025-05-19T00:00:00,Retail,SMB,Product-Led,Europe
org_01837,2025-08-18T00:00:00,Education,Enterprise,Organic Search,North America
org_01838,2025-03-16T00:00:00,Professional Services,Enterprise,Partner,North America
org_01839,2025-12-01T00:00:00,Education,SMB,Partner,North America
org_01840,2025-03-31T00:00:00,Retail,SMB,Organic Search,Asia-Pacific
org_01841,2025-01-20T00:00:00,Healthcare,SMB,Organic Search,Asia-Pacific
org_01842,2025-12-05T00:00:00,Technology,SMB,Organic Search,Asia-Pacific
org_01843,2025-12-04T00:00:00,Technology,SMB,Partner,Asia-Pacific
org_01844,2025-06-18T00:00:00,Technology,Mid-Market,Paid Search,Asia-Pacific
org_01845,2025-02-27T00:00:00,Healthcare,Mid-Market,Referral,Europe
org_01846,2025-06-21T00:00:00,Financial Services,SMB,Organic Search,Europe
org_01847,2025-07-13T00:00:00,Professional Services,SMB,Content,North America
org_01848,2025-10-28T00:00:00,Retail,Mid-Market,Content,Asia-Pacific
org_01849,2025-06-06T00:00:00,Retail,SMB,Product-Led,Europe
org_01850,2025-01-12T00:00:00,Technology,SMB,Product-Led,Europe
org_01851,2025-06-23T00:00:00,Retail,Mid-Market,Referral,Europe
org_01852,2025-06-10T00:00:00,Education,SMB,Product-Led,Europe
org_01853,2025-03-13T00:00:00,Professional Services,Enterprise,Organic Search,North America
org_01854,2025-10-17T00:00:00,Healthcare,SMB,Referral,North America
org_01855,2025-09-29T00:00:00,Retail,SMB,Content,Europe
org_01856,2025-04-16T00:00:00,Retail,SMB,Organic Search,North America
org_01857,2025-12-23T00:00:00,Technology,Enterprise,Paid Search,Europe
org_01858,2025-05-25T00:00:00,Healthcare,SMB,Organic Search,Europe
org_01859,2025-09-27T00:00:00,Technology,Mid-Market,Product-Led,Europe
org_01860,2025-03-31T00:00:00,Professional Services,SMB,Paid Search,Asia-Pacific
org_01861,2025-09-13T00:00:00,Professional Services,SMB,Organic Search,North America
org_01862,2025-01-26T00:00:00,Professional Services,Mid-Market,Product-Led,North America
org_01863,2025-03-13T00:00:00,Financial Services,SMB,Product-Led,Asia-Pacific
org_01864,2025-08-08T00:00:00,Financial Services,Enterprise,Partner,North America
org_01865,2025-06-07T00:00:00,Professional Services,SMB,Partner,North America
org_01866,2025-04-02T00:00:00,Retail,SMB,Product-Led,North America
org_01867,2025-09-25T00:00:00,Retail,Mid-Market,Referral,North America
org_01868,2025-07-25T00:00:00,Financial Services,Enterprise,Referral,Europe
org_01869,2025-05-17T00:00:00,Education,Mid-Market,Product-Led,North America
org_01870,2025-08-25T00:00:00,Healthcare,SMB,Paid Search,North America
org_01871,2025-08-29T00:00:00,Retail,SMB,Organic Search,North America
org_01872,2025-01-21T00:00:00,Technology,SMB,Partner,North America
org_01873,2025-05-27T00:00:00,Professional Services,Mid-Market,Organic Search,North America
org_01874,2025-02-10T00:00:00,Technology,SMB,Paid Search,Latin America
org_01875,2025-07-07T00:00:00,Financial Services,SMB,Product-Led,North America
org_01876,2025-11-14T00:00:00,Technology,SMB,Organic Search,Asia-Pacific
org_01877,2025-01-12T00:00:00,Technology,SMB,Referral,North America
org_01878,2025-09-29T00:00:00,Education,SMB,Paid Search,Europe
org_01879,2025-03-08T00:00:00,Retail,SMB,Product-Led,North America
org_01880,2025-02-19T00:00:00,Retail,SMB,Organic Search,North America
org_01881,2025-11-13T00:00:00,Financial Services,SMB,Organic Search,Europe
org_01882,2025-04-07T00:00:00,Education,SMB,Product-Led,North America
org_01883,2025-06-18T00:00:00,Technology,Mid-Market,Content,Asia-Pacific
org_01884,2025-07-26T00:00:00,Education,SMB,Partner,North America
org_01885,2025-03-05T00:00:00,Technology,SMB,Paid Search,North America
org_01886,2025-04-09T00:00:00,Technology,SMB,Partner,Europe
org_01887,2025-07-12T00:00:00,Retail,SMB,Organic Search,North America
org_01888,2025-09-05T00:00:00,Healthcare,SMB,Paid Search,Asia-Pacific
org_01889,2025-04-10T00:00:00,Education,SMB,Content,Asia-Pacific
org_01890,2025-04-28T00:00:00,Financial Services,SMB,Content,North America
org_01891,2025-12-02T00:00:00,Retail,Mid-Market,Paid Search,Europe
org_01892,2025-09-25T00:00:00,Retail,SMB,Content,Asia-Pacific
org_01893,2025-07-23T00:00:00,Retail,SMB,Partner,North America
org_01894,2025-09-04T00:00:00,Healthcare,SMB,Organic Search,North America
org_01895,2025-10-20T00:00:00,Healthcare,Enterprise,Paid Search,North America
org_01896,2025-03-09T00:00:00,Retail,SMB,Product-Led,Latin America
org_01897,2025-02-27T00:00:00,Financial Services,Mid-Market,Paid Search,Europe
org_01898,2025-02-11T00:00:00,Education,Mid-Market,Content,Europe
org_01899,2025-07-26T00:00:00,Education,SMB,Organic Search,Asia-Pacific
org_01900,2025-09-13T00:00:00,Retail,Mid-Market,Content,Europe
org_01901,2025-06-18T00:00:00,Technology,SMB,Paid Search,Europe
org_01902,2025-09-12T00:00:00,Professional Services,SMB,Product-Led,North America
org_01903,2025-10-20T00:00:00,Education,SMB,Organic Search,North America
org_01904,2025-02-23T00:00:00,Education,SMB,Organic Search,North America
org_01905,2025-02-06T00:00:00,Financial Services,SMB,Organic Search,North America
org_01906,2025-12-12T00:00:00,Education,SMB,Referral,North America
org_01907,2025-09-25T00:00:00,Healthcare,SMB,Organic Search,North America
org_01908,2025-06-24T00:00:00,Healthcare,Mid-Market,Partner,North America
org_01909,2025-07-11T00:00:00,Financial Services,SMB,Organic Search,Europe
org_01910,2025-11-07T00:00:00,Healthcare,Mid-Market,Content,North America
org_01911,2025-08-21T00:00:00,Retail,Mid-Market,Product-Led,North America
org_01912,2025-10-18T00:00:00,Healthcare,SMB,Partner,North America
org_01913,2025-11-29T00:00:00,Financial Services,Mid-Market,Paid Search,Europe
org_01914,2025-02-24T00:00:00,Education,Mid-Market,Organic Search,North America
org_01915,2025-07-06T00:00:00,Education,SMB,Paid Search,Europe
org_01916,2025-02-10T00:00:00,Technology,Enterprise,Organic Search,North America
org_01917,2025-04-17T00:00:00,Professional Services,SMB,Product-Led,North America
org_01918,2025-07-04T00:00:00,Retail,Mid-Market,Partner,North America
org_01919,2025-04-20T00:00:00,Retail,Mid-Market,Organic Search,Latin America
org_01920,2025-03-24T00:00:00,Technology,Mid-Market,Paid Search,North America
org_01921,2025-04-27T00:00:00,Professional Services,Mid-Market,Referral,Latin America
org_01922,2025-02-08T00:00:00,Technology,Enterprise,Organic Search,North America
org_01923,2025-06-23T00:00:00,Technology,SMB,Referral,Latin America
org_01924,2025-01-09T00:00:00,Professional Services,SMB,Referral,North America
org_01925,2025-12-04T00:00:00,Retail,Mid-Market,Partner,Asia-Pacific
org_01926,2025-06-30T00:00:00,Education,Mid-Market,Referral,North America
org_01927,2025-03-01T00:00:00,Professional Services,SMB,Product-Led,Asia-Pacific
org_01928,2025-07-22T00:00:00,Education,Mid-Market,Content,Europe
org_01929,2025-07-01T00:00:00,Technology,SMB,Organic Search,North America
org_01930,2025-11-21T00:00:00,Healthcare,SMB,Content,North America
org_01931,2025-11-02T00:00:00,Professional Services,SMB,Referral,North America
org_01932,2025-04-07T00:00:00,Retail,SMB,Content,Latin America
org_01933,2025-02-05T00:00:00,Education,SMB,Paid Search,North America
org_01934,2025-08-09T00:00:00,Financial Services,Enterprise,Organic Search,Europe
org_01935,2025-06-15T00:00:00,Healthcare,Mid-Market,Product-Led,Europe
org_01936,2025-04-04T00:00:00,Healthcare,SMB,Paid Search,North America
org_01937,2025-04-14T00:00:00,Healthcare,Enterprise,Referral,Europe
org_01938,2025-12-21T00:00:00,Technology,Mid-Market,Referral,Europe
org_01939,2025-10-31T00:00:00,Financial Services,SMB,Product-Led,Latin America
org_01940,2025-08-18T00:00:00,Technology,SMB,Product-Led,Asia-Pacific
org_01941,2025-08-15T00:00:00,Professional Services,SMB,Product-Led,Europe
org_01942,2025-05-22T00:00:00,Retail,SMB,Organic Search,Asia-Pacific
org_01943,2025-10-31T00:00:00,Financial Services,SMB,Referral,Asia-Pacific
org_01944,2025-03-26T00:00:00,Technology,Enterprise,Product-Led,Europe
org_01945,2025-03-18T00:00:00,Technology,SMB,Content,North America
org_01946,2025-03-15T00:00:00,Professional Services,SMB,Partner,North America
org_01947,2025-01-23T00:00:00,Healthcare,SMB,Paid Search,Latin America
org_01948,2025-08-04T00:00:00,Retail,Enterprise,Organic Search,Europe
org_01949,2025-09-25T00:00:00,Financial Services,SMB,Product-Led,Europe
org_01950,2025-04-29T00:00:00,Healthcare,SMB,Paid Search,North America
org_01951,2025-07-10T00:00:00,Retail,SMB,Referral,North America
org_01952,2025-02-27T00:00:00,Education,SMB,Product-Led,Asia-Pacific
org_01953,2025-05-15T00:00:00,Technology,Mid-Market,Paid Search,Latin America
org_01954,2025-12-17T00:00:00,Financial Services,SMB,Partner,Europe
org_01955,2025-03-22T00:00:00,Healthcare,SMB,Referral,North America
org_01956,2025-09-25T00:00:00,Education,Mid-Market,Product-Led,North America
org_01957,2025-10-13T00:00:00,Financial Services,SMB,Partner,North America
org_01958,2025-06-03T00:00:00,Healthcare,Mid-Market,Paid Search,Asia-Pacific
org_01959,2025-08-30T00:00:00,Retail,SMB,Product-Led,Europe
org_01960,2025-03-15T00:00:00,Financial Services,SMB,Product-Led,Europe
org_01961,2025-04-01T00:00:00,Healthcare,Mid-Market,Paid Search,North America
org_01962,2025-04-11T00:00:00,Technology,SMB,Paid Search,North America
org_01963,2025-01-22T00:00:00,Healthcare,SMB,Product-Led,North America
org_01964,2025-02-06T00:00:00,Professional Services,Mid-Market,Content,Asia-Pacific
org_01965,2025-06-21T00:00:00,Education,SMB,Partner,North America
org_01966,2025-08-27T00:00:00,Professional Services,Mid-Market,Product-Led,Europe
org_01967,2025-12-23T00:00:00,Healthcare,SMB,Organic Search,North America
org_01968,2025-09-30T00:00:00,Professional Services,SMB,Organic Search,North America
org_01969,2025-05-17T00:00:00,Education,SMB,Referral,Europe
org_01970,2025-01-31T00:00:00,Retail,Enterprise,Content,Europe
org_01971,2025-06-11T00:00:00,Financial Services,Mid-Market,Paid Search,North America
org_01972,2025-04-09T00:00:00,Retail,Mid-Market,Referral,North America
org_01973,2025-11-17T00:00:00,Retail,SMB,Organic Search,North America
org_01974,2025-07-17T00:00:00,Retail,Mid-Market,Partner,North America
org_01975,2025-12-08T00:00:00,Financial Services,SMB,Product-Led,North America
org_01976,2025-05-03T00:00:00,Healthcare,SMB,Partner,Europe
org_01977,2025-05-09T00:00:00,Financial Services,Mid-Market,Organic Search,Europe
org_01978,2025-11-11T00:00:00,Retail,SMB,Content,Europe
org_01979,2025-04-08T00:00:00,Education,SMB,Organic Search,Asia-Pacific
org_01980,2025-12-24T00:00:00,Retail,Mid-Market,Product-Led,North America
org_01981,2025-10-14T00:00:00,Technology,Mid-Market,Content,North America
org_01982,2025-12-10T00:00:00,Healthcare,Mid-Market,Paid Search,Asia-Pacific
org_01983,2025-08-15T00:00:00,Financial Services,SMB,Referral,Asia-Pacific
org_01984,2025-11-12T00:00:00,Healthcare,Mid-Market,Referral,North America
org_01985,2025-09-30T00:00:00,Technology,Mid-Market,Partner,Europe
org_01986,2025-06-10T00:00:00,Healthcare,Mid-Market,Partner,North America
org_01987,2025-05-21T00:00:00,Retail,SMB,Organic Search,Asia-Pacific
org_01988,2025-03-03T00:00:00,Healthcare,Mid-Market,Product-Led,Asia-Pacific
org_01989,2025-02-07T00:00:00,Healthcare,SMB,Product-Led,Latin America
org_01990,2025-09-23T00:00:00,Financial Services,SMB,Product-Led,North America
org_01991,2025-08-02T00:00:00,Financial Services,SMB,Organic Search,Asia-Pacific
org_01992,2025-05-19T00:00:00,Technology,SMB,Product-Led,North America
org_01993,2025-10-28T00:00:00,Retail,Mid-Market,Paid Search,Europe
org_01994,2025-06-07T00:00:00,Technology,SMB,Organic Search,North America
org_01995,2025-06-18T00:00:00,Retail,Mid-Market,Organic Search,North America
org_01996,2025-04-29T00:00:00,Education,SMB,Product-Led,North America
org_01997,2025-12-17T00:00:00,Education,SMB,Organic Search,North America
org_01998,2025-05-27T00:00:00,Technology,SMB,Referral,North America
org_01999,2025-06-02T00:00:00,Professional Services,SMB,Organic Search,Europe
org_02000,2025-05-03T00:00:00,Education,Enterprise,Referral,Europe
org_02001,2025-05-30T00:00:00,Education,SMB,Paid Search,North America
org_02002,2025-03-08T00:00:00,Technology,SMB,Paid Search,Europe
org_02003,2025-07-27T00:00:00,Technology,Mid-Market,Organic Search,Europe
org_02004,2025-12-06T00:00:00,Healthcare,Enterprise,Referral,North America
org_02005,2025-02-15T00:00:00,Healthcare,SMB,Organic Search,North America
org_02006,2025-12-21T00:00:00,Retail,SMB,Organic Search,Asia-Pacific
org_02007,2025-05-06T00:00:00,Retail,Mid-Market,Product-Led,Europe
org_02008,2025-04-08T00:00:00,Financial Services,SMB,Organic Search,North America
org_02009,2025-01-27T00:00:00,Financial Services,SMB,Partner,North America
org_02010,2025-12-03T00:00:00,Professional Services,Enterprise,Partner,North America
org_02011,2025-11-05T00:00:00,Education,SMB,Partner,Asia-Pacific
org_02012,2025-02-22T00:00:00,Retail,Mid-Market,Organic Search,Europe
org_02013,2025-08-17T00:00:00,Financial Services,SMB,Product-Led,Latin America
org_02014,2025-01-06T00:00:00,Financial Services,SMB,Paid Search,North America
org_02015,2025-06-24T00:00:00,Professional Services,SMB,Content,North America
org_02016,2025-05-09T00:00:00,Professional Services,SMB,Product-Led,Europe
org_02017,2025-10-19T00:00:00,Education,Mid-Market,Referral,Asia-Pacific
org_02018,2025-06-19T00:00:00,Retail,Mid-Market,Organic Search,Latin America
org_02019,2025-10-17T00:00:00,Retail,SMB,Product-Led,Latin America
org_02020,2025-09-30T00:00:00,Technology,SMB,Organic Search,North America
org_02021,2025-06-06T00:00:00,Retail,Mid-Market,Paid Search,Latin America
org_02022,2025-04-19T00:00:00,Retail,Mid-Market,Referral,North America
org_02023,2025-02-14T00:00:00,Education,Mid-Market,Referral,Europe
org_02024,2025-01-18T00:00:00,Professional Services,Mid-Market,Content,North America
org_02025,2025-05-26T00:00:00,Healthcare,Enterprise,Paid Search,Europe
org_02026,2025-04-13T00:00:00,Professional Services,SMB,Partner,Asia-Pacific
org_02027,2025-08-24T00:00:00,Financial Services,SMB,Product-Led,North America
org_02028,2025-01-13T00:00:00,Healthcare,Mid-Market,Paid Search,Asia-Pacific
org_02029,2025-11-09T00:00:00,Technology,Enterprise,Product-Led,Latin America
org_02030,2025-07-18T00:00:00,Healthcare,SMB,Partner,North America
org_02031,2025-01-24T00:00:00,Professional Services,SMB,Paid Search,North America
org_02032,2025-08-21T00:00:00,Healthcare,SMB,Referral,Asia-Pacific
org_02033,2025-01-03T00:00:00,Technology,SMB,Partner,Europe
org_02034,2025-03-10T00:00:00,Healthcare,Enterprise,Organic Search,North America
org_02035,2025-10-11T00:00:00,Financial Services,SMB,Organic Search,Asia-Pacific
org_02036,2025-05-20T00:00:00,Healthcare,SMB,Paid Search,Asia-Pacific
org_02037,2025-07-01T00:00:00,Healthcare,SMB,Organic Search,Latin America
org_02038,2025-01-19T00:00:00,Professional Services,SMB,Organic Search,Europe
org_02039,2025-04-04T00:00:00,Financial Services,SMB,Paid Search,Europe
org_02040,2025-06-15T00:00:00,Financial Services,Enterprise,Paid Search,North America
org_02041,2025-07-29T00:00:00,Healthcare,SMB,Organic Search,Europe
org_02042,2025-09-30T00:00:00,Financial Services,SMB,Content,Asia-Pacific
org_02043,2025-06-05T00:00:00,Education,SMB,Partner,Europe
org_02044,2025-03-21T00:00:00,Healthcare,SMB,Product-Led,North America
org_02045,2025-07-12T00:00:00,Healthcare,SMB,Organic Search,Asia-Pacific
org_02046,2025-07-10T00:00:00,Technology,SMB,Paid Search,Europe
org_02047,2025-02-24T00:00:00,Financial Services,Enterprise,Paid Search,North America
org_02048,2025-11-17T00:00:00,Financial Services,SMB,Paid Search,Asia-Pacific
org_02049,2025-01-07T00:00:00,Education,SMB,Organic Search,North America
org_02050,2025-03-10T00:00:00,Retail,Mid-Market,Paid Search,Asia-Pacific
org_02051,2025-04-30T00:00:00,Healthcare,Enterprise,Organic Search,Asia-Pacific
org_02052,2025-02-14T00:00:00,Healthcare,Mid-Market,Partner,North America
org_02053,2025-08-13T00:00:00,Education,SMB,Paid Search,North America
org_02054,2025-10-15T00:00:00,Healthcare,SMB,Organic Search,Latin America
org_02055,2025-08-02T00:00:00,Education,SMB,Paid Search,North America
org_02056,2025-11-09T00:00:00,Education,SMB,Organic Search,North America
org_02057,2025-08-30T00:00:00,Education,SMB,Content,North America
org_02058,2025-01-08T00:00:00,Education,SMB,Partner,North America
org_02059,2025-08-01T00:00:00,Technology,Mid-Market,Partner,Latin America
org_02060,2025-12-22T00:00:00,Retail,SMB,Referral,Europe
org_02061,2025-01-03T00:00:00,Healthcare,SMB,Product-Led,Europe
org_02062,2025-07-26T00:00:00,Education,Mid-Market,Organic Search,Europe
org_02063,2025-11-25T00:00:00,Technology,SMB,Content,Europe
org_02064,2025-08-26T00:00:00,Healthcare,SMB,Organic Search,North America
org_02065,2025-07-13T00:00:00,Financial Services,Mid-Market,Product-Led,North America
org_02066,2025-05-18T00:00:00,Healthcare,SMB,Organic Search,North America
org_02067,2025-05-13T00:00:00,Financial Services,SMB,Content,North America
org_02068,2025-08-11T00:00:00,Retail,SMB,Referral,Europe
org_02069,2025-12-26T00:00:00,Financial Services,Enterprise,Referral,Asia-Pacific
org_02070,2025-02-28T00:00:00,Professional Services,SMB,Partner,North America
org_02071,2025-01-07T00:00:00,Healthcare,SMB,Referral,North America
org_02072,2025-09-19T00:00:00,Financial Services,Enterprise,Paid Search,North America
org_02073,2025-05-14T00:00:00,Education,Enterprise,Organic Search,North America
org_02074,2025-02-08T00:00:00,Education,SMB,Organic Search,North America
org_02075,2025-03-29T00:00:00,Professional Services,Mid-Market,Paid Search,Europe
org_02076,2025-04-19T00:00:00,Technology,SMB,Paid Search,North America
org_02077,2025-06-22T00:00:00,Healthcare,Mid-Market,Paid Search,North America
org_02078,2025-05-16T00:00:00,Retail,SMB,Partner,Asia-Pacific
org_02079,2025-12-27T00:00:00,Financial Services,SMB,Organic Search,Europe
org_02080,2025-02-12T00:00:00,Education,SMB,Content,Europe
org_02081,2025-10-03T00:00:00,Technology,SMB,Organic Search,Europe
org_02082,2025-11-05T00:00:00,Professional Services,Enterprise,Referral,North America
org_02083,2025-03-04T00:00:00,Healthcare,SMB,Organic Search,North America
org_02084,2025-06-13T00:00:00,Professional Services,SMB,Paid Search,Asia-Pacific
org_02085,2025-12-23T00:00:00,Financial Services,SMB,Organic Search,Latin America
org_02086,2025-10-23T00:00:00,Financial Services,Mid-Market,Product-Led,Asia-Pacific
org_02087,2025-10-26T00:00:00,Education,Mid-Market,Partner,Asia-Pacific
org_02088,2025-05-22T00:00:00,Education,SMB,Content,North America
org_02089,2025-03-20T00:00:00,Professional Services,Mid-Market,Referral,Asia-Pacific
org_02090,2025-03-26T00:00:00,Financial Services,SMB,Product-Led,North America
org_02091,2025-01-19T00:00:00,Financial Services,SMB,Product-Led,Latin America
org_02092,2025-04-15T00:00:00,Healthcare,SMB,Partner,North America
org_02093,2025-03-04T00:00:00,Healthcare,SMB,Product-Led,North America
org_02094,2025-12-11T00:00:00,Technology,SMB,Referral,Europe
org_02095,2025-04-05T00:00:00,Professional Services,SMB,Organic Search,Europe
org_02096,2025-09-22T00:00:00,Retail,Mid-Market,Organic Search,Europe
org_02097,2025-12-22T00:00:00,Education,Mid-Market,Referral,North America
org_02098,2025-03-12T00:00:00,Education,SMB,Content,North America
org_02099,2025-11-29T00:00:00,Financial Services,Enterprise,Organic Search,Asia-Pacific
org_02100,2025-10-03T00:00:00,Financial Services,SMB,Paid Search,Latin America
org_02101,2025-06-13T00:00:00,Professional Services,SMB,Partner,North America
org_02102,2025-02-04T00:00:00,Retail,Enterprise,Paid Search,North America
org_02103,2025-04-19T00:00:00,Technology,SMB,Paid Search,North America
org_02104,2025-09-16T00:00:00,Education,SMB,Organic Search,Asia-Pacific
org_02105,2025-07-23T00:00:00,Education,SMB,Organic Search,North America
org_02106,2025-12-19T00:00:00,Financial Services,SMB,Referral,Asia-Pacific
org_02107,2025-12-25T00:00:00,Healthcare,SMB,Organic Search,North America
org_02108,2025-02-17T00:00:00,Financial Services,Mid-Market,Partner,North America
org_02109,2025-05-18T00:00:00,Education,Mid-Market,Paid Search,North America
org_02110,2025-01-16T00:00:00,Technology,Enterprise,Organic Search,North America
org_02111,2025-12-19T00:00:00,Professional Services,SMB,Product-Led,North America
org_02112,2025-11-26T00:00:00,Healthcare,Mid-Market,Product-Led,North America
org_02113,2025-09-17T00:00:00,Professional Services,Enterprise,Referral,Asia-Pacific
org_02114,2025-01-27T00:00:00,Healthcare,SMB,Organic Search,Europe
org_02115,2025-10-25T00:00:00,Healthcare,SMB,Product-Led,Europe
org_02116,2025-09-03T00:00:00,Professional Services,SMB,Referral,North America
org_02117,2025-07-21T00:00:00,Healthcare,SMB,Product-Led,North America
org_02118,2025-07-31T00:00:00,Technology,SMB,Organic Search,Asia-Pacific
org_02119,2025-02-05T00:00:00,Healthcare,Mid-Market,Content,North America
org_02120,2025-02-01T00:00:00,Healthcare,Enterprise,Partner,Europe
org_02121,2025-01-13T00:00:00,Technology,SMB,Product-Led,North America
org_02122,2025-11-30T00:00:00,Retail,SMB,Product-Led,Europe
org_02123,2025-08-30T00:00:00,Healthcare,Mid-Market,Partner,North America
org_02124,2025-09-26T00:00:00,Education,SMB,Paid Search,Latin America
org_02125,2025-07-18T00:00:00,Professional Services,SMB,Organic Search,Asia-Pacific
org_02126,2025-12-27T00:00:00,Education,Mid-Market,Organic Search,North America
org_02127,2025-12-09T00:00:00,Healthcare,Enterprise,Partner,North America
org_02128,2025-03-16T00:00:00,Technology,SMB,Product-Led,North America
org_02129,2025-09-17T00:00:00,Technology,Mid-Market,Organic Search,Europe
org_02130,2025-03-23T00:00:00,Financial Services,SMB,Referral,North America
org_02131,2025-07-12T00:00:00,Financial Services,Enterprise,Partner,Europe
org_02132,2025-12-05T00:00:00,Professional Services,SMB,Referral,North America
org_02133,2025-05-28T00:00:00,Financial Services,SMB,Organic Search,Latin America
org_02134,2025-07-15T00:00:00,Healthcare,Mid-Market,Content,Latin America
org_02135,2025-12-25T00:00:00,Retail,Mid-Market,Paid Search,North America
org_02136,2025-10-18T00:00:00,Professional Services,Mid-Market,Content,Europe
org_02137,2025-06-20T00:00:00,Healthcare,SMB,Paid Search,Latin America
org_02138,2025-03-25T00:00:00,Professional Services,SMB,Referral,North America
org_02139,2025-09-24T00:00:00,Retail,Mid-Market,Content,North America
org_02140,2025-05-26T00:00:00,Professional Services,SMB,Paid Search,North America
org_02141,2025-10-27T00:00:00,Financial Services,Enterprise,Referral,Europe
org_02142,2025-01-12T00:00:00,Retail,Mid-Market,Content,North America
org_02143,2025-07-16T00:00:00,Technology,Mid-Market,Referral,North America
org_02144,2025-07-17T00:00:00,Financial Services,Mid-Market,Product-Led,North America
org_02145,2025-03-07T00:00:00,Retail,Mid-Market,Product-Led,Asia-Pacific
org_02146,2025-10-21T00:00:00,Retail,SMB,Organic Search,Latin America
org_02147,2025-10-28T00:00:00,Retail,SMB,Content,North America
org_02148,2025-01-30T00:00:00,Financial Services,Mid-Market,Organic Search,Europe
org_02149,2025-07-09T00:00:00,Technology,Mid-Market,Content,Asia-Pacific
org_02150,2025-08-26T00:00:00,Financial Services,SMB,Referral,North America
org_02151,2025-01-12T00:00:00,Retail,Mid-Market,Organic Search,Latin America
org_02152,2025-11-12T00:00:00,Healthcare,SMB,Organic Search,Latin America
org_02153,2025-11-09T00:00:00,Retail,SMB,Referral,Asia-Pacific
org_02154,2025-05-15T00:00:00,Education,Mid-Market,Referral,Asia-Pacific
org_02155,2025-04-18T00:00:00,Technology,Enterprise,Content,North America
org_02156,2025-02-26T00:00:00,Professional Services,SMB,Organic Search,North America
org_02157,2025-07-27T00:00:00,Financial Services,SMB,Product-Led,North America
org_02158,2025-09-29T00:00:00,Technology,SMB,Content,Latin America
org_02159,2025-09-19T00:00:00,Professional Services,SMB,Product-Led,Europe
org_02160,2025-05-29T00:00:00,Financial Services,SMB,Partner,Europe
org_02161,2025-02-20T00:00:00,Education,SMB,Product-Led,North America
org_02162,2025-09-07T00:00:00,Retail,SMB,Paid Search,Europe
org_02163,2025-06-18T00:00:00,Professional Services,Enterprise,Content,North America
org_02164,2025-08-16T00:00:00,Retail,SMB,Paid Search,North America
org_02165,2025-08-11T00:00:00,Technology,SMB,Partner,North America
org_02166,2025-09-30T00:00:00,Professional Services,Mid-Market,Product-Led,North America
org_02167,2025-12-10T00:00:00,Technology,Enterprise,Partner,North America
org_02168,2025-08-20T00:00:00,Technology,SMB,Product-Led,North America
org_02169,2025-03-05T00:00:00,Professional Services,SMB,Organic Search,North America
org_02170,2025-08-20T00:00:00,Healthcare,SMB,Referral,North America
org_02171,2025-04-26T00:00:00,Education,SMB,Organic Search,Europe
org_02172,2025-10-02T00:00:00,Healthcare,Mid-Market,Organic Search,Europe
org_02173,2025-10-07T00:00:00,Financial Services,Enterprise,Product-Led,North America
org_02174,2025-04-08T00:00:00,Financial Services,SMB,Partner,North America
org_02175,2025-09-30T00:00:00,Retail,SMB,Content,North America
org_02176,2025-07-17T00:00:00,Retail,SMB,Paid Search,Europe
org_02177,2025-06-28T00:00:00,Professional Services,SMB,Referral,Europe
org_02178,2025-09-21T00:00:00,Technology,Enterprise,Organic Search,Asia-Pacific
org_02179,2025-02-05T00:00:00,Technology,SMB,Partner,North America
org_02180,2025-01-02T00:00:00,Retail,SMB,Referral,Asia-Pacific
org_02181,2025-09-02T00:00:00,Financial Services,SMB,Paid Search,North America
org_02182,2025-02-20T00:00:00,Retail,SMB,Content,North America
org_02183,2025-02-25T00:00:00,Education,Enterprise,Product-Led,North America
org_02184,2025-09-04T00:00:00,Retail,SMB,Organic Search,North America
org_02185,2025-12-06T00:00:00,Financial Services,Enterprise,Partner,North America
org_02186,2025-03-25T00:00:00,Healthcare,SMB,Product-Led,Latin America
org_02187,2025-12-17T00:00:00,Technology,SMB,Product-Led,Europe
org_02188,2025-12-10T00:00:00,Retail,Mid-Market,Content,North America
org_02189,2025-07-01T00:00:00,Professional Services,SMB,Paid Search,Asia-Pacific
org_02190,2025-07-11T00:00:00,Education,SMB,Paid Search,North America
org_02191,2025-06-27T00:00:00,Retail,SMB,Organic Search,Europe
org_02192,2025-11-23T00:00:00,Financial Services,Mid-Market,Organic Search,Asia-Pacific
org_02193,2025-04-30T00:00:00,Healthcare,SMB,Partner,Europe
org_02194,2025-06-25T00:00:00,Retail,Enterprise,Paid Search,Europe
org_02195,2025-10-04T00:00:00,Education,Mid-Market,Product-Led,Europe
org_02196,2025-07-02T00:00:00,Healthcare,Mid-Market,Referral,Latin America
org_02197,2025-05-14T00:00:00,Technology,SMB,Organic Search,North America
org_02198,2025-09-06T00:00:00,Professional Services,Mid-Market,Referral,North America
org_02199,2025-05-17T00:00:00,Education,SMB,Paid Search,North America
org_02200,2025-09-03T00:00:00,Technology,Enterprise,Partner,North America
org_02201,2025-07-26T00:00:00,Technology,SMB,Partner,North America
org_02202,2025-04-01T00:00:00,Education,Mid-Market,Product-Led,North America
org_02203,2025-09-01T00:00:00,Professional Services,Mid-Market,Referral,Europe
org_02204,2025-07-11T00:00:00,Financial Services,SMB,Referral,Asia-Pacific
org_02205,2025-02-21T00:00:00,Technology,SMB,Paid Search,Asia-Pacific
org_02206,2025-03-07T00:00:00,Retail,SMB,Product-Led,Latin America
org_02207,2025-01-05T00:00:00,Retail,SMB,Referral,Europe
org_02208,2025-12-02T00:00:00,Technology,Mid-Market,Partner,Asia-Pacific
org_02209,2025-08-05T00:00:00,Professional Services,SMB,Product-Led,Europe
org_02210,2025-02-27T00:00:00,Technology,SMB,Referral,Europe
org_02211,2025-03-03T00:00:00,Professional Services,SMB,Paid Search,Asia-Pacific
org_02212,2025-06-07T00:00:00,Healthcare,SMB,Partner,Europe
org_02213,2025-11-12T00:00:00,Technology,SMB,Organic Search,Europe
org_02214,2025-01-23T00:00:00,Professional Services,SMB,Product-Led,North America
org_02215,2025-06-22T00:00:00,Technology,SMB,Paid Search,North America
org_02216,2025-06-25T00:00:00,Healthcare,Enterprise,Organic Search,Asia-Pacific
org_02217,2025-09-05T00:00:00,Retail,SMB,Paid Search,Europe
org_02218,2025-12-13T00:00:00,Professional Services,SMB,Product-Led,Europe
org_02219,2025-12-20T00:00:00,Retail,SMB,Product-Led,North America
org_02220,2025-02-20T00:00:00,Technology,SMB,Partner,North America
org_02221,2025-11-01T00:00:00,Education,Mid-Market,Referral,North America
org_02222,2025-06-11T00:00:00,Retail,Mid-Market,Organic Search,North America
org_02223,2025-05-08T00:00:00,Healthcare,SMB,Content,North America
org_02224,2025-03-21T00:00:00,Professional Services,SMB,Referral,Europe
org_02225,2025-09-10T00:00:00,Technology,SMB,Organic Search,North America
org_02226,2025-02-06T00:00:00,Retail,SMB,Product-Led,Europe
org_02227,2025-12-24T00:00:00,Technology,SMB,Product-Led,Latin America
org_02228,2025-01-02T00:00:00,Financial Services,SMB,Partner,Latin America
org_02229,2025-02-08T00:00:00,Financial Services,Mid-Market,Content,North America
org_02230,2025-10-31T00:00:00,Education,SMB,Organic Search,North America
org_02231,2025-05-04T00:00:00,Retail,SMB,Product-Led,Europe
org_02232,2025-08-30T00:00:00,Retail,Mid-Market,Product-Led,North America
org_02233,2025-01-28T00:00:00,Professional Services,SMB,Organic Search,North America
org_02234,2025-10-30T00:00:00,Financial Services,SMB,Content,North America
org_02235,2025-12-09T00:00:00,Education,SMB,Referral,North America
org_02236,2025-12-12T00:00:00,Technology,Enterprise,Paid Search,North America
org_02237,2025-06-29T00:00:00,Technology,SMB,Content,North America
org_02238,2025-07-01T00:00:00,Professional Services,SMB,Partner,North America
org_02239,2025-08-12T00:00:00,Education,Mid-Market,Product-Led,Latin America
org_02240,2025-09-07T00:00:00,Financial Services,Mid-Market,Paid Search,North America
org_02241,2025-10-14T00:00:00,Education,SMB,Paid Search,Europe
org_02242,2025-12-01T00:00:00,Financial Services,SMB,Product-Led,North America
org_02243,2025-03-08T00:00:00,Healthcare,SMB,Organic Search,Europe
org_02244,2025-07-25T00:00:00,Technology,SMB,Organic Search,Latin America
org_02245,2025-12-23T00:00:00,Retail,SMB,Content,North America
org_02246,2025-12-04T00:00:00,Financial Services,Mid-Market,Organic Search,North America
org_02247,2025-02-05T00:00:00,Education,Mid-Market,Product-Led,Asia-Pacific
org_02248,2025-07-17T00:00:00,Retail,Mid-Market,Paid Search,Asia-Pacific
org_02249,2025-01-20T00:00:00,Professional Services,SMB,Organic Search,Asia-Pacific
org_02250,2025-04-02T00:00:00,Healthcare,SMB,Partner,North America
org_02251,2025-11-28T00:00:00,Retail,SMB,Organic Search,North America
org_02252,2025-03-25T00:00:00,Professional Services,SMB,Partner,Asia-Pacific
org_02253,2025-06-19T00:00:00,Financial Services,Mid-Market,Organic Search,North America
org_02254,2025-04-30T00:00:00,Professional Services,SMB,Content,North America
org_02255,2025-07-29T00:00:00,Financial Services,SMB,Partner,North America
org_02256,2025-09-07T00:00:00,Healthcare,Enterprise,Content,Asia-Pacific
org_02257,2025-07-19T00:00:00,Healthcare,Mid-Market,Product-Led,Europe
org_02258,2025-10-05T00:00:00,Financial Services,SMB,Content,North America
org_02259,2025-04-19T00:00:00,Technology,SMB,Referral,Europe
org_02260,2025-09-03T00:00:00,Technology,SMB,Partner,Europe
org_02261,2025-09-14T00:00:00,Education,SMB,Content,North America
org_02262,2025-06-02T00:00:00,Technology,Enterprise,Partner,Europe
org_02263,2025-08-24T00:00:00,Technology,Mid-Market,Paid Search,North America
org_02264,2025-03-20T00:00:00,Professional Services,Mid-Market,Organic Search,North America
org_02265,2025-09-30T00:00:00,Technology,SMB,Organic Search,North America
org_02266,2025-11-04T00:00:00,Education,SMB,Product-Led,North America
org_02267,2025-02-15T00:00:00,Professional Services,SMB,Organic Search,North America
org_02268,2025-12-12T00:00:00,Professional Services,Enterprise,Partner,North America
org_02269,2025-08-09T00:00:00,Education,Enterprise,Paid Search,North America
org_02270,2025-11-20T00:00:00,Healthcare,Mid-Market,Partner,Europe
org_02271,2025-10-01T00:00:00,Retail,SMB,Paid Search,Latin America
org_02272,2025-03-24T00:00:00,Technology,SMB,Content,Asia-Pacific
org_02273,2025-05-02T00:00:00,Financial Services,SMB,Partner,Europe
org_02274,2025-05-17T00:00:00,Professional Services,Enterprise,Paid Search,North America
org_02275,2025-04-20T00:00:00,Healthcare,Mid-Market,Product-Led,North America
org_02276,2025-08-17T00:00:00,Financial Services,SMB,Referral,Asia-Pacific
org_02277,2025-03-26T00:00:00,Technology,Mid-Market,Paid Search,Europe
org_02278,2025-11-25T00:00:00,Technology,SMB,Partner,North America
org_02279,2025-04-21T00:00:00,Healthcare,SMB,Paid Search,Europe
org_02280,2025-07-23T00:00:00,Technology,SMB,Product-Led,North America
org_02281,2025-07-13T00:00:00,Education,SMB,Organic Search,Asia-Pacific
org_02282,2025-03-23T00:00:00,Retail,Mid-Market,Referral,North America
org_02283,2025-03-01T00:00:00,Technology,SMB,Paid Search,North America
org_02284,2025-01-24T00:00:00,Financial Services,SMB,Organic Search,North America
org_02285,2025-09-11T00:00:00,Healthcare,Enterprise,Organic Search,Asia-Pacific
org_02286,2025-08-16T00:00:00,Education,SMB,Product-Led,Europe
org_02287,2025-10-26T00:00:00,Professional Services,Mid-Market,Referral,North America
org_02288,2025-12-23T00:00:00,Education,SMB,Content,North America
org_02289,2025-01-26T00:00:00,Healthcare,Mid-Market,Content,Asia-Pacific
org_02290,2025-02-02T00:00:00,Technology,SMB,Paid Search,North America
org_02291,2025-06-15T00:00:00,Retail,SMB,Paid Search,North America
org_02292,2025-12-12T00:00:00,Retail,Enterprise,Product-Led,North America
org_02293,2025-06-27T00:00:00,Healthcare,Mid-Market,Product-Led,North America
org_02294,2025-10-30T00:00:00,Professional Services,SMB,Partner,Asia-Pacific
org_02295,2025-07-23T00:00:00,Professional Services,SMB,Referral,North America
org_02296,2025-08-20T00:00:00,Retail,SMB,Partner,Latin America
org_02297,2025-01-23T00:00:00,Financial Services,Enterprise,Organic Search,Europe
org_02298,2025-03-18T00:00:00,Professional Services,SMB,Content,Latin America
org_02299,2025-11-24T00:00:00,Education,Mid-Market,Organic Search,Europe
org_02300,2025-12-18T00:00:00,Healthcare,Mid-Market,Partner,Asia-Pacific
org_02301,2025-02-15T00:00:00,Professional Services,Enterprise,Content,Asia-Pacific
org_02302,2025-04-08T00:00:00,Healthcare,SMB,Organic Search,Asia-Pacific
org_02303,2025-05-25T00:00:00,Professional Services,SMB,Product-Led,Europe
org_02304,2025-03-11T00:00:00,Financial Services,SMB,Organic Search,Asia-Pacific
org_02305,2025-05-29T00:00:00,Education,Enterprise,Partner,Europe
org_02306,2025-06-30T00:00:00,Technology,SMB,Paid Search,Europe
org_02307,2025-02-09T00:00:00,Healthcare,SMB,Referral,North America
org_02308,2025-08-13T00:00:00,Retail,SMB,Referral,North America
org_02309,2025-01-27T00:00:00,Financial Services,Mid-Market,Content,Europe
org_02310,2025-10-23T00:00:00,Education,Enterprise,Referral,North America
org_02311,2025-07-20T00:00:00,Healthcare,SMB,Organic Search,North America
org_02312,2025-06-25T00:00:00,Professional Services,Mid-Market,Product-Led,North America
org_02313,2025-04-04T00:00:00,Professional Services,SMB,Paid Search,Asia-Pacific
org_02314,2025-09-10T00:00:00,Education,SMB,Content,Europe
org_02315,2025-05-20T00:00:00,Professional Services,SMB,Product-Led,Latin America
org_02316,2025-08-23T00:00:00,Education,SMB,Paid Search,North America
org_02317,2025-07-11T00:00:00,Retail,Mid-Market,Product-Led,North America
org_02318,2025-05-23T00:00:00,Education,Mid-Market,Organic Search,North America
org_02319,2025-11-26T00:00:00,Retail,SMB,Partner,Latin America
org_02320,2025-01-09T00:00:00,Education,SMB,Product-Led,Latin America
org_02321,2025-10-12T00:00:00,Retail,Mid-Market,Product-Led,Asia-Pacific
org_02322,2025-02-02T00:00:00,Education,SMB,Organic Search,North America
org_02323,2025-06-16T00:00:00,Technology,SMB,Referral,Europe
org_02324,2025-07-07T00:00:00,Technology,SMB,Organic Search,Asia-Pacific
org_02325,2025-03-05T00:00:00,Education,Mid-Market,Content,Latin America
org_02326,2025-02-09T00:00:00,Education,SMB,Content,Europe
org_02327,2025-07-26T00:00:00,Financial Services,Enterprise,Product-Led,Europe
org_02328,2025-03-09T00:00:00,Technology,SMB,Paid Search,North America
org_02329,2025-09-02T00:00:00,Education,Mid-Market,Organic Search,North America
org_02330,2025-10-28T00:00:00,Professional Services,Enterprise,Content,Asia-Pacific
org_02331,2025-09-30T00:00:00,Education,Mid-Market,Organic Search,North America
org_02332,2025-03-03T00:00:00,Healthcare,SMB,Product-Led,North America
org_02333,2025-10-22T00:00:00,Healthcare,Mid-Market,Organic Search,Europe
org_02334,2025-12-05T00:00:00,Healthcare,SMB,Product-Led,Asia-Pacific
org_02335,2025-09-03T00:00:00,Professional Services,SMB,Paid Search,Europe
org_02336,2025-03-28T00:00:00,Education,Enterprise,Paid Search,North America
org_02337,2025-07-06T00:00:00,Education,Enterprise,Product-Led,North America
org_02338,2025-08-09T00:00:00,Professional Services,Mid-Market,Paid Search,North America
org_02339,2025-02-20T00:00:00,Education,SMB,Referral,North America
org_02340,2025-02-14T00:00:00,Professional Services,Enterprise,Referral,Asia-Pacific
org_02341,2025-10-29T00:00:00,Education,SMB,Paid Search,North America
org_02342,2025-01-29T00:00:00,Healthcare,SMB,Paid Search,North America
org_02343,2025-05-08T00:00:00,Education,SMB,Product-Led,North America
org_02344,2025-09-04T00:00:00,Professional Services,Enterprise,Referral,North America
org_02345,2025-12-17T00:00:00,Retail,SMB,Organic Search,Asia-Pacific
org_02346,2025-03-08T00:00:00,Financial Services,SMB,Product-Led,Europe
org_02347,2025-12-09T00:00:00,Retail,SMB,Organic Search,North America
org_02348,2025-10-24T00:00:00,Professional Services,SMB,Partner,Europe
org_02349,2025-04-07T00:00:00,Financial Services,SMB,Content,Latin America
org_02350,2025-10-22T00:00:00,Education,SMB,Paid Search,North America
org_02351,2025-11-16T00:00:00,Healthcare,SMB,Partner,Latin America
org_02352,2025-01-29T00:00:00,Retail,SMB,Organic Search,Latin America
org_02353,2025-05-08T00:00:00,Technology,Enterprise,Organic Search,Europe
org_02354,2025-06-07T00:00:00,Education,SMB,Content,North America
org_02355,2025-05-29T00:00:00,Education,Mid-Market,Product-Led,Latin America
org_02356,2025-11-23T00:00:00,Retail,SMB,Product-Led,Latin America
org_02357,2025-01-29T00:00:00,Financial Services,SMB,Paid Search,Latin America
org_02358,2025-03-01T00:00:00,Retail,SMB,Referral,North America
org_02359,2025-11-08T00:00:00,Retail,SMB,Partner,Europe
org_02360,2025-04-14T00:00:00,Retail,Enterprise,Organic Search,North America
org_02361,2025-12-17T00:00:00,Technology,Enterprise,Content,Europe
org_02362,2025-06-25T00:00:00,Financial Services,SMB,Organic Search,North America
org_02363,2025-09-14T00:00:00,Healthcare,SMB,Paid Search,North America
org_02364,2025-04-04T00:00:00,Healthcare,SMB,Product-Led,North America
org_02365,2025-05-05T00:00:00,Professional Services,SMB,Content,Europe
org_02366,2025-05-18T00:00:00,Technology,SMB,Referral,Europe
org_02367,2025-07-18T00:00:00,Education,SMB,Product-Led,North America
org_02368,2025-04-09T00:00:00,Financial Services,Mid-Market,Organic Search,Latin America
org_02369,2025-03-31T00:00:00,Retail,SMB,Partner,North America
org_02370,2025-05-15T00:00:00,Retail,SMB,Paid Search,North America
org_02371,2025-02-14T00:00:00,Technology,Mid-Market,Content,Asia-Pacific
org_02372,2025-11-20T00:00:00,Professional Services,SMB,Organic Search,Asia-Pacific
org_02373,2025-03-17T00:00:00,Healthcare,SMB,Product-Led,Asia-Pacific
org_02374,2025-08-07T00:00:00,Education,Mid-Market,Organic Search,Asia-Pacific
org_02375,2025-12-11T00:00:00,Education,SMB,Organic Search,North America
org_02376,2025-12-02T00:00:00,Professional Services,Enterprise,Organic Search,North America
org_02377,2025-01-24T00:00:00,Education,SMB,Content,North America
org_02378,2025-04-08T00:00:00,Retail,SMB,Product-Led,North America
org_02379,2025-11-22T00:00:00,Professional Services,SMB,Content,North America
org_02380,2025-10-12T00:00:00,Technology,Mid-Market,Organic Search,North America
org_02381,2025-04-12T00:00:00,Healthcare,SMB,Paid Search,Asia-Pacific
org_02382,2025-08-19T00:00:00,Professional Services,SMB,Product-Led,North America
org_02383,2025-08-24T00:00:00,Education,Mid-Market,Paid Search,Asia-Pacific
org_02384,2025-07-11T00:00:00,Education,Enterprise,Paid Search,North America
org_02385,2025-07-17T00:00:00,Financial Services,SMB,Partner,Latin America
org_02386,2025-04-18T00:00:00,Retail,SMB,Organic Search,Latin America
org_02387,2025-05-28T00:00:00,Education,Mid-Market,Content,North America
org_02388,2025-06-21T00:00:00,Financial Services,SMB,Paid Search,Europe
org_02389,2025-12-26T00:00:00,Retail,Mid-Market,Referral,Asia-Pacific
org_02390,2025-08-13T00:00:00,Financial Services,Mid-Market,Partner,North America
org_02391,2025-02-22T00:00:00,Healthcare,SMB,Partner,Europe
org_02392,2025-04-11T00:00:00,Financial Services,SMB,Referral,North America
org_02393,2025-07-06T00:00:00,Healthcare,SMB,Organic Search,Europe
org_02394,2025-07-16T00:00:00,Technology,SMB,Referral,North America
org_02395,2025-04-26T00:00:00,Healthcare,Enterprise,Paid Search,Europe
org_02396,2025-09-12T00:00:00,Financial Services,SMB,Content,North America
org_02397,2025-12-12T00:00:00,Healthcare,SMB,Organic Search,Europe
org_02398,2025-04-25T00:00:00,Healthcare,Mid-Market,Organic Search,North America
org_02399,2025-10-05T00:00:00,Financial Services,SMB,Organic Search,Asia-Pacific
org_02400,2025-01-07T00:00:00,Retail,SMB,Product-Led,North America
org_02401,2025-12-17T00:00:00,Financial Services,Mid-Market,Product-Led,Europe
org_02402,2025-11-12T00:00:00,Healthcare,Enterprise,Referral,North America
org_02403,2025-07-19T00:00:00,Education,Mid-Market,Paid Search,Europe
org_02404,2025-04-30T00:00:00,Professional Services,Mid-Market,Organic Search,North America
org_02405,2025-05-08T00:00:00,Education,SMB,Referral,North America
org_02406,2025-02-04T00:00:00,Retail,Mid-Market,Product-Led,North America
org_02407,2025-07-09T00:00:00,Technology,SMB,Content,Europe
org_02408,2025-03-23T00:00:00,Retail,SMB,Partner,North America
org_02409,2025-07-01T00:00:00,Retail,Mid-Market,Paid Search,North America
org_02410,2025-11-05T00:00:00,Technology,SMB,Content,North America
org_02411,2025-01-26T00:00:00,Education,SMB,Product-Led,Asia-Pacific
org_02412,2025-11-03T00:00:00,Technology,SMB,Paid Search,North America
org_02413,2025-11-20T00:00:00,Education,Mid-Market,Referral,North America
org_02414,2025-12-26T00:00:00,Healthcare,SMB,Content,Latin America
org_02415,2025-04-12T00:00:00,Professional Services,Enterprise,Referral,North America
org_02416,2025-12-10T00:00:00,Education,SMB,Partner,Europe
org_02417,2025-11-14T00:00:00,Education,SMB,Product-Led,Europe
org_02418,2025-02-12T00:00:00,Healthcare,Enterprise,Referral,North America
org_02419,2025-10-19T00:00:00,Professional Services,Mid-Market,Organic Search,Asia-Pacific
org_02420,2025-08-04T00:00:00,Technology,SMB,Organic Search,North America
org_02421,2025-03-12T00:00:00,Financial Services,SMB,Organic Search,North America
org_02422,2025-07-19T00:00:00,Education,SMB,Paid Search,Asia-Pacific
org_02423,2025-11-18T00:00:00,Professional Services,SMB,Referral,North America
org_02424,2025-03-04T00:00:00,Technology,SMB,Organic Search,Asia-Pacific
org_02425,2025-05-10T00:00:00,Retail,SMB,Organic Search,Europe
org_02426,2025-01-08T00:00:00,Retail,Mid-Market,Organic Search,North America
org_02427,2025-06-23T00:00:00,Education,Mid-Market,Organic Search,North America
org_02428,2025-03-15T00:00:00,Education,Enterprise,Paid Search,Europe
org_02429,2025-03-11T00:00:00,Technology,SMB,Product-Led,Europe
org_02430,2025-05-06T00:00:00,Technology,Mid-Market,Content,Asia-Pacific
org_02431,2025-08-13T00:00:00,Professional Services,SMB,Organic Search,North America
org_02432,2025-10-31T00:00:00,Professional Services,SMB,Paid Search,North America
org_02433,2025-12-12T00:00:00,Financial Services,Enterprise,Referral,North America
org_02434,2025-07-12T00:00:00,Retail,Mid-Market,Organic Search,Asia-Pacific
org_02435,2025-01-26T00:00:00,Financial Services,SMB,Content,North America
org_02436,2025-03-05T00:00:00,Professional Services,SMB,Referral,North America
org_02437,2025-08-02T00:00:00,Education,SMB,Organic Search,North America
org_02438,2025-01-20T00:00:00,Retail,SMB,Organic Search,Asia-Pacific
org_02439,2025-08-25T00:00:00,Technology,SMB,Paid Search,Asia-Pacific
org_02440,2025-01-11T00:00:00,Retail,Mid-Market,Organic Search,North America
org_02441,2025-05-26T00:00:00,Education,Enterprise,Referral,Europe
org_02442,2025-10-10T00:00:00,Retail,SMB,Organic Search,North America
org_02443,2025-03-26T00:00:00,Technology,SMB,Referral,North America
org_02444,2025-08-12T00:00:00,Healthcare,Mid-Market,Content,North America
org_02445,2025-05-02T00:00:00,Retail,SMB,Organic Search,Latin America
org_02446,2025-03-19T00:00:00,Professional Services,Enterprise,Content,North America
org_02447,2025-04-26T00:00:00,Education,Enterprise,Paid Search,North America
org_02448,2025-09-05T00:00:00,Education,Mid-Market,Paid Search,Asia-Pacific
org_02449,2025-02-10T00:00:00,Healthcare,SMB,Paid Search,North America
org_02450,2025-12-22T00:00:00,Financial Services,Mid-Market,Paid Search,North America
org_02451,2025-07-12T00:00:00,Financial Services,SMB,Organic Search,North America
org_02452,2025-04-24T00:00:00,Healthcare,Mid-Market,Organic Search,Europe
org_02453,2025-06-12T00:00:00,Professional Services,Mid-Market,Organic Search,North America
org_02454,2025-08-04T00:00:00,Healthcare,Enterprise,Content,North America
org_02455,2025-02-19T00:00:00,Healthcare,SMB,Referral,North America
org_02456,2025-04-14T00:00:00,Technology,Mid-Market,Product-Led,North America
org_02457,2025-04-24T00:00:00,Education,Enterprise,Organic Search,Europe
org_02458,2025-10-21T00:00:00,Retail,SMB,Paid Search,North America
org_02459,2025-07-30T00:00:00,Retail,SMB,Referral,Asia-Pacific
org_02460,2025-10-16T00:00:00,Education,SMB,Content,North America
org_02461,2025-10-06T00:00:00,Technology,SMB,Organic Search,North America
org_02462,2025-06-27T00:00:00,Education,SMB,Paid Search,Asia-Pacific
org_02463,2025-10-14T00:00:00,Healthcare,SMB,Product-Led,North America
org_02464,2025-04-30T00:00:00,Healthcare,SMB,Organic Search,Europe
org_02465,2025-12-23T00:00:00,Financial Services,SMB,Product-Led,Latin America
org_02466,2025-01-25T00:00:00,Professional Services,Mid-Market,Partner,Europe
org_02467,2025-06-20T00:00:00,Education,Enterprise,Referral,North America
org_02468,2025-03-02T00:00:00,Financial Services,SMB,Product-Led,Latin America
org_02469,2025-08-31T00:00:00,Retail,Mid-Market,Referral,North America
org_02470,2025-01-20T00:00:00,Retail,Mid-Market,Partner,Europe
org_02471,2025-08-05T00:00:00,Professional Services,Enterprise,Organic Search,North America
org_02472,2025-06-03T00:00:00,Education,SMB,Content,North America
org_02473,2025-03-09T00:00:00,Education,Mid-Market,Product-Led,Europe
org_02474,2025-12-28T00:00:00,Education,SMB,Organic Search,North America
org_02475,2025-10-28T00:00:00,Professional Services,SMB,Product-Led,North America
org_02476,2025-10-04T00:00:00,Healthcare,SMB,Product-Led,North America
org_02477,2025-12-03T00:00:00,Financial Services,SMB,Content,North America
org_02478,2025-01-07T00:00:00,Education,SMB,Product-Led,Europe
org_02479,2025-08-19T00:00:00,Technology,SMB,Paid Search,North America
org_02480,2025-08-11T00:00:00,Financial Services,Mid-Market,Paid Search,Europe
org_02481,2025-07-08T00:00:00,Retail,SMB,Product-Led,Europe
org_02482,2025-09-15T00:00:00,Professional Services,Enterprise,Paid Search,Europe
org_02483,2025-02-23T00:00:00,Healthcare,SMB,Content,Europe
org_02484,2025-01-04T00:00:00,Education,SMB,Paid Search,North America
org_02485,2025-06-08T00:00:00,Retail,SMB,Referral,Asia-Pacific
org_02486,2025-06-18T00:00:00,Financial Services,SMB,Paid Search,Latin America
org_02487,2025-03-20T00:00:00,Education,SMB,Product-Led,North America
org_02488,2025-02-18T00:00:00,Retail,Mid-Market,Organic Search,North America
org_02489,2025-05-22T00:00:00,Financial Services,Enterprise,Referral,Europe
org_02490,2025-11-10T00:00:00,Professional Services,SMB,Paid Search,North America
org_02491,2025-04-13T00:00:00,Technology,SMB,Organic Search,North America
org_02492,2025-02-21T00:00:00,Technology,SMB,Product-Led,Asia-Pacific
org_02493,2025-06-30T00:00:00,Healthcare,SMB,Organic Search,Asia-Pacific
org_02494,2025-05-28T00:00:00,Retail,Mid-Market,Organic Search,Europe
org_02495,2025-05-26T00:00:00,Professional Services,SMB,Content,Europe
org_02496,2025-09-23T00:00:00,Healthcare,SMB,Referral,Europe
org_02497,2025-11-20T00:00:00,Technology,Enterprise,Partner,North America
org_02498,2025-12-05T00:00:00,Professional Services,Mid-Market,Content,North America
org_02499,2025-06-07T00:00:00,Professional Services,SMB,Product-Led,North America
org_02500,2025-04-05T00:00:00,Financial Services,SMB,Content,North America
