opportunity_id,account_id,owner_id,opportunity_stage,amount,expected_close_date,actual_close_date,created_at,sales_region,segment,revenue_model,lead_source,close_date_changes,last_activity_at
OPP_000001,ACC_00655,REP_015,Proposal,40662.83,2025-10-18,,2025-09-20,LATAM,Enterprise,Advertising,Inbound,0,2025-11-10
OPP_000002,ACC_00580,REP_004,Proposal,7247.32,2025-07-29,,2025-03-02,APAC,SMB,Enterprise Services,Marketing,0,2025-03-25
OPP_000003,ACC_00418,REP_011,Closed-Won,18778.17,2025-01-03,2025-02-07,2024-11-10,North America,Mid-Market,Subscription,Inbound,0,2024-11-15
OPP_000004,ACC_00768,REP_008,Closed-Lost,2500.0,2025-11-24,2025-08-01,2025-07-09,North America,SMB,Subscription,Marketing,0,2025-08-14
OPP_000005,ACC_00678,REP_028,Proposal,21599.64,2024-02-17,,2024-01-20,North America,Mid-Market,Usage-Based,Marketing,0,2024-05-15
OPP_000006,ACC_01000,REP_004,Prospecting,18445.97,2024-09-16,,2024-05-04,North America,SMB,Transactional,Inbound,0,2024-07-25
OPP_000007,ACC_00035,REP_011,Negotiation,10370.02,2025-08-14,,2025-06-13,North America,SMB,Enterprise Services,Partner,0,2025-08-01
OPP_000008,ACC_00267,REP_015,Closed-Won,12668.04,2025-12-12,2026-02-10,2025-10-18,EMEA,SMB,Subscription,Referral,0,2025-12-16
OPP_000009,ACC_00696,REP_030,Proposal,15623.38,2025-06-22,,2025-05-07,North America,Mid-Market,Subscription,Marketing,1,2025-06-16
OPP_000010,ACC_00689,REP_025,Closed-Won,2500.0,2024-02-15,2024-04-27,2024-01-09,North America,Mid-Market,Advertising,Partner,0,2024-04-25
OPP_000011,ACC_01083,REP_029,Negotiation,232314.31,2024-06-05,,2024-02-03,APAC,Enterprise,Transactional,Inbound,1,2024-03-28
OPP_000012,ACC_00810,REP_010,Qualification,30498.2,2025-09-09,,2025-08-11,EMEA,Enterprise,Transactional,Partner,1,2025-11-19
OPP_000013,ACC_00006,REP_009,Negotiation,23753.42,2025-02-18,,2024-11-30,EMEA,Enterprise,Advertising,Partner,0,2024-12-07
OPP_000014,ACC_00587,REP_018,Proposal,34896.64,2025-04-20,,2024-11-28,North America,SMB,Subscription,Partner,2,2025-01-25
OPP_000015,ACC_01015,REP_011,Closed-Won,23881.6,2025-12-17,2025-10-25,2025-10-06,North America,SMB,Subscription,Inbound,1,2025-12-17
OPP_000016,ACC_01048,REP_001,Prospecting,21441.12,2024-10-20,,2024-06-15,North America,Mid-Market,Subscription,Marketing,0,2024-09-03
OPP_000017,ACC_00963,REP_025,Closed-Won,19371.01,2024-10-27,2024-08-07,2024-07-09,EMEA,SMB,Advertising,Outbound,0,2024-07-12
OPP_000018,ACC_00573,REP_003,Qualification,5141.05,2025-08-05,,2025-04-04,North America,Mid-Market,Transactional,Inbound,0,2025-06-20
OPP_000019,ACC_00128,REP_006,Closed-Lost,8277.27,2026-01-18,2026-01-06,2025-08-28,North America,SMB,Subscription,Inbound,2,2025-12-06
OPP_000020,ACC_00256,REP_029,Closed-Won,59562.66,2024-10-04,2025-02-12,2024-09-02,North America,Mid-Market,Usage-Based,Inbound,0,2024-09-13
OPP_000021,ACC_01017,REP_022,Qualification,8290.44,2024-06-09,,2024-04-11,North America,Mid-Market,Subscription,Outbound,0,2024-05-21
OPP_000022,ACC_00409,REP_020,Closed-Lost,3307.11,2024-04-08,2024-07-11,2024-02-07,North America,SMB,Transactional,Inbound,2,2024-03-29
OPP_000023,ACC_00917,REP_004,Proposal,9708.6,2024-02-02,,2024-01-05,APAC,SMB,Subscription,Outbound,0,2024-02-05
OPP_000024,ACC_00044,REP_008,Proposal,9938.98,2024-10-10,,2024-09-07,North America,SMB,Enterprise Services,Inbound,0,2024-10-30
OPP_000025,ACC_00590,REP_007,Closed-Lost,17149.69,2025-01-24,2025-04-08,2024-12-21,LATAM,SMB,Advertising,Inbound,0,2025-04-07
OPP_000026,ACC_01141,REP_020,Closed-Lost,2500.0,2025-04-15,2025-03-04,2024-11-23,EMEA,SMB,Subscription,Inbound,1,2025-03-10
OPP_000027,ACC_00295,REP_016,Closed-Won,3442.23,2024-10-18,2024-11-04,2024-06-09,LATAM,Enterprise,Subscription,Outbound,0,2024-08-20
OPP_000028,ACC_00037,REP_011,Closed-Lost,22547.85,2025-07-03,2025-08-29,2025-03-29,North America,SMB,Usage-Based,Outbound,0,2025-07-13
OPP_000029,ACC_00346,REP_023,Qualification,5524.89,2025-12-19,,2025-08-12,APAC,Mid-Market,Advertising,Outbound,0,2025-11-18
OPP_000030,ACC_00076,REP_024,Qualification,4876.45,2024-08-08,,2024-06-05,EMEA,SMB,Advertising,Marketing,0,2024-06-12
OPP_000031,ACC_00735,REP_023,Prospecting,2500.0,2025-06-16,,2025-03-27,APAC,SMB,Subscription,Outbound,3,2025-05-13
OPP_000032,ACC_00231,REP_004,Proposal,24961.14,2025-05-14,,2024-12-31,North America,SMB,Usage-Based,Partner,0,2025-04-11
OPP_000033,ACC_00296,REP_019,Negotiation,62541.77,2025-05-14,,2025-04-05,EMEA,Enterprise,Transactional,Inbound,1,2025-05-28
OPP_000034,ACC_00706,REP_007,Qualification,22252.16,2024-02-18,,2024-01-10,North America,Mid-Market,Advertising,Outbound,1,2024-03-23
OPP_000035,ACC_00391,REP_009,Negotiation,22102.7,2025-06-23,,2025-03-27,EMEA,Mid-Market,Subscription,Inbound,0,2025-05-16
OPP_000036,ACC_00781,REP_030,Prospecting,2500.0,2025-07-06,,2025-05-15,EMEA,SMB,Subscription,Outbound,0,2025-05-17
OPP_000037,ACC_01118,REP_013,Proposal,6092.62,2025-07-14,,2025-03-30,APAC,Mid-Market,Transactional,Partner,3,2025-06-06
OPP_000038,ACC_01118,REP_024,Closed-Won,10386.61,2025-10-27,2025-12-28,2025-07-17,APAC,Mid-Market,Transactional,Marketing,1,2025-09-01
OPP_000039,ACC_00876,REP_008,Prospecting,20837.49,2025-07-17,,2025-05-15,LATAM,Enterprise,Advertising,Outbound,0,2025-08-16
OPP_000040,ACC_01163,REP_030,Closed-Won,33581.82,2025-11-25,2026-01-09,2025-10-21,North America,Enterprise,Advertising,Outbound,0,2026-02-04
OPP_000041,ACC_00884,REP_009,Closed-Won,11480.01,2025-04-23,2025-06-25,2025-03-24,EMEA,SMB,Usage-Based,Inbound,0,2025-04-06
OPP_000042,ACC_00082,REP_006,Negotiation,24553.29,2025-01-10,,2024-10-25,EMEA,SMB,Subscription,Referral,0,2024-12-07
OPP_000043,ACC_01148,REP_010,Closed-Lost,3713.74,2025-09-11,2025-08-09,2025-07-12,EMEA,Mid-Market,Transactional,Inbound,0,2025-08-28
OPP_000044,ACC_00681,REP_006,Closed-Lost,8895.74,2025-05-04,2025-05-23,2025-04-10,North America,SMB,Transactional,Inbound,0,2025-06-30
OPP_000045,ACC_00007,REP_018,Prospecting,33241.14,2025-04-27,,2025-01-08,North America,Mid-Market,Transactional,Inbound,0,2025-02-25
OPP_000046,ACC_00745,REP_005,Closed-Won,6476.38,2025-06-15,2025-04-09,2025-01-22,EMEA,Mid-Market,Subscription,Referral,1,2025-03-31
OPP_000047,ACC_00294,REP_007,Qualification,7400.7,2025-01-16,,2024-08-22,North America,SMB,Enterprise Services,Marketing,2,2024-12-09
OPP_000048,ACC_00642,REP_022,Proposal,26018.21,2025-03-22,,2025-02-15,APAC,Mid-Market,Usage-Based,Inbound,3,2025-04-27
OPP_000049,ACC_00790,REP_002,Negotiation,16501.54,2024-12-22,,2024-11-08,EMEA,Mid-Market,Usage-Based,Inbound,1,2024-11-20
OPP_000050,ACC_00034,REP_014,Closed-Won,17612.44,2024-06-12,2024-08-23,2024-03-28,EMEA,SMB,Subscription,Marketing,0,2024-05-25
OPP_000051,ACC_00526,REP_021,Closed-Won,9866.11,2025-03-08,2025-01-17,2024-10-21,North America,SMB,Enterprise Services,Inbound,0,2025-02-04
OPP_000052,ACC_00067,REP_014,Closed-Won,11945.83,2025-12-31,2026-01-17,2025-09-28,North America,Mid-Market,Advertising,Inbound,0,2025-11-25
OPP_000053,ACC_00136,REP_001,Closed-Won,2777.91,2024-10-28,2025-01-14,2024-08-10,North America,SMB,Subscription,Outbound,0,2024-12-05
OPP_000054,ACC_00254,REP_005,Negotiation,11491.14,2025-08-16,,2025-03-29,North America,SMB,Subscription,Outbound,1,2025-07-15
OPP_000055,ACC_00938,REP_030,Prospecting,9918.29,2025-01-19,,2024-10-05,EMEA,SMB,Advertising,Outbound,1,2024-11-06
OPP_000056,ACC_00496,REP_024,Prospecting,6046.1,2024-12-05,,2024-07-10,EMEA,Mid-Market,Subscription,Partner,1,2024-08-29
OPP_000057,ACC_00057,REP_011,Proposal,16062.12,2025-01-24,,2024-09-14,North America,SMB,Subscription,Marketing,0,2024-10-07
OPP_000058,ACC_00897,REP_027,Closed-Won,31891.24,2026-03-02,2026-01-05,2025-10-04,North America,SMB,Enterprise Services,Outbound,0,2025-10-27
OPP_000059,ACC_00653,REP_001,Prospecting,8432.99,2024-06-15,,2024-03-15,EMEA,Mid-Market,Transactional,Inbound,2,2024-04-28
OPP_000060,ACC_00170,REP_002,Proposal,21282.06,2025-05-30,,2025-03-23,EMEA,Enterprise,Transactional,Inbound,0,2025-05-12
OPP_000061,ACC_00675,REP_027,Qualification,7599.6,2025-08-06,,2025-07-10,EMEA,Mid-Market,Transactional,Marketing,0,2025-08-21
OPP_000062,ACC_00299,REP_021,Negotiation,3045.25,2024-08-26,,2024-05-04,APAC,Mid-Market,Subscription,Inbound,0,2024-07-31
OPP_000063,ACC_00764,REP_018,Proposal,66612.31,2025-07-14,,2025-05-21,North America,SMB,Transactional,Outbound,1,2025-06-09
OPP_000064,ACC_01138,REP_011,Qualification,5728.89,2025-03-23,,2025-03-02,North America,SMB,Subscription,Inbound,0,2025-04-28
OPP_000065,ACC_00379,REP_025,Prospecting,3803.62,2024-12-16,,2024-08-14,North America,SMB,Subscription,Inbound,0,2024-11-28
OPP_000066,ACC_00895,REP_019,Qualification,5288.16,2024-07-12,,2024-04-28,EMEA,Mid-Market,Subscription,Outbound,1,2024-07-25
OPP_000067,ACC_00029,REP_014,Proposal,6088.73,2025-12-25,,2025-09-25,APAC,SMB,Enterprise Services,Inbound,2,2025-10-20
OPP_000068,ACC_00489,REP_012,Closed-Lost,8142.0,2024-09-10,2024-07-21,2024-05-12,North America,Mid-Market,Subscription,Partner,0,2024-06-10
OPP_000069,ACC_01067,REP_011,Qualification,37806.49,2025-11-29,,2025-09-28,APAC,SMB,Transactional,Outbound,1,2026-01-17
OPP_000070,ACC_00090,REP_018,Proposal,4680.98,2025-07-14,,2025-03-10,LATAM,Mid-Market,Transactional,Marketing,0,2025-05-19
OPP_000071,ACC_01116,REP_020,Negotiation,2500.0,2025-10-31,,2025-07-28,EMEA,SMB,Usage-Based,Partner,1,2025-11-10
OPP_000072,ACC_00113,REP_025,Negotiation,15583.17,2024-10-18,,2024-07-17,North America,SMB,Subscription,Inbound,0,2024-10-28
OPP_000073,ACC_00579,REP_013,Qualification,39578.66,2024-03-14,,2024-01-20,North America,Enterprise,Enterprise Services,Marketing,1,2024-03-13
OPP_000074,ACC_00218,REP_008,Prospecting,7181.17,2025-07-15,,2025-03-15,North America,SMB,Transactional,Referral,1,2025-05-17
OPP_000075,ACC_00025,REP_017,Closed-Lost,28556.4,2024-10-26,2025-01-18,2024-09-05,North America,Mid-Market,Usage-Based,Inbound,0,2024-10-19
OPP_000076,ACC_00420,REP_018,Closed-Lost,50511.86,2025-04-13,2025-03-10,2025-01-03,North America,Enterprise,Transactional,Partner,0,2025-03-20
OPP_000077,ACC_00698,REP_009,Proposal,15571.26,2025-03-09,,2024-11-02,North America,Mid-Market,Subscription,Partner,1,2025-01-19
OPP_000078,ACC_00867,REP_003,Negotiation,10803.29,2024-09-07,,2024-08-03,North America,Enterprise,Advertising,Partner,0,2024-10-23
OPP_000079,ACC_00380,REP_010,Prospecting,3077.6,2025-07-07,,2025-04-26,North America,Mid-Market,Subscription,Inbound,1,2025-08-07
OPP_000080,ACC_00591,REP_003,Prospecting,21868.96,2025-03-19,,2024-12-01,EMEA,Enterprise,Subscription,Inbound,0,2025-02-28
OPP_000081,ACC_00219,REP_003,Prospecting,14896.58,2025-04-25,,2025-03-01,EMEA,Enterprise,Subscription,Inbound,0,2025-03-14
OPP_000082,ACC_00876,REP_029,Closed-Won,57667.99,2025-04-18,2025-06-13,2025-03-26,LATAM,Enterprise,Advertising,Inbound,1,2025-05-07
OPP_000083,ACC_00203,REP_024,Qualification,2700.75,2025-06-11,,2025-03-30,APAC,Mid-Market,Advertising,Outbound,0,2025-06-06
OPP_000084,ACC_01034,REP_002,Qualification,28172.22,2024-11-01,,2024-08-09,EMEA,Enterprise,Subscription,Marketing,1,2024-10-23
OPP_000085,ACC_00216,REP_011,Prospecting,13724.33,2025-10-15,,2025-05-29,North America,Mid-Market,Subscription,Outbound,0,2025-09-09
OPP_000086,ACC_00797,REP_008,Prospecting,8625.75,2024-09-28,,2024-05-27,LATAM,SMB,Transactional,Outbound,0,2024-07-16
OPP_000087,ACC_00398,REP_030,Proposal,13374.8,2025-11-09,,2025-09-27,North America,SMB,Subscription,Inbound,0,2026-01-03
OPP_000088,ACC_01196,REP_014,Negotiation,6474.48,2025-08-21,,2025-06-26,North America,SMB,Enterprise Services,Outbound,0,2025-08-12
OPP_000089,ACC_00337,REP_008,Negotiation,4603.95,2025-02-17,,2025-01-04,North America,SMB,Subscription,Marketing,1,2025-01-22
OPP_000090,ACC_01139,REP_020,Proposal,31152.29,2024-09-15,,2024-04-30,EMEA,SMB,Transactional,Marketing,0,2024-06-26
OPP_000091,ACC_01004,REP_015,Proposal,6516.75,2025-11-01,,2025-08-28,EMEA,SMB,Advertising,Outbound,0,2025-09-15
OPP_000092,ACC_00562,REP_006,Closed-Won,37097.07,2025-05-21,2025-06-16,2025-01-06,North America,SMB,Subscription,Outbound,3,2025-02-24
OPP_000093,ACC_00595,REP_010,Qualification,6483.63,2025-07-26,,2025-06-29,North America,SMB,Enterprise Services,Inbound,0,2025-07-28
OPP_000094,ACC_00425,REP_004,Qualification,16054.27,2024-04-20,,2024-01-19,North America,Mid-Market,Subscription,Referral,0,2024-01-23
OPP_000095,ACC_00514,REP_021,Closed-Won,7811.99,2024-09-12,2024-11-09,2024-08-14,EMEA,SMB,Transactional,Inbound,2,2024-11-01
OPP_000096,ACC_00560,REP_030,Closed-Won,20562.38,2024-10-19,2024-09-13,2024-07-19,APAC,Mid-Market,Subscription,Outbound,1,2024-10-16
OPP_000097,ACC_00176,REP_025,Proposal,5897.68,2025-07-20,,2025-06-29,North America,SMB,Enterprise Services,Outbound,0,2025-07-15
OPP_000098,ACC_00388,REP_012,Qualification,48503.28,2024-12-17,,2024-11-07,North America,Enterprise,Subscription,Inbound,3,2025-01-16
OPP_000099,ACC_01052,REP_015,Prospecting,41480.43,2024-04-27,,2024-03-19,APAC,SMB,Subscription,Inbound,0,2024-05-18
OPP_000100,ACC_01175,REP_002,Prospecting,46576.52,2025-06-08,,2025-02-16,LATAM,Mid-Market,Subscription,Referral,0,2025-03-05
OPP_000101,ACC_00066,REP_012,Closed-Won,46898.38,2024-07-28,2024-09-15,2024-04-16,North America,Mid-Market,Usage-Based,Inbound,0,2024-06-28
OPP_000102,ACC_00879,REP_001,Negotiation,4264.45,2025-01-26,,2024-10-26,APAC,Mid-Market,Transactional,Inbound,2,2024-11-27
OPP_000103,ACC_00288,REP_023,Prospecting,2757.4,2025-12-10,,2025-10-26,North America,SMB,Enterprise Services,Inbound,0,2026-02-01
OPP_000104,ACC_00785,REP_028,Qualification,54775.74,2024-12-11,,2024-10-18,EMEA,Enterprise,Transactional,Inbound,1,2024-12-30
OPP_000105,ACC_00746,REP_006,Qualification,35268.23,2024-12-22,,2024-10-14,North America,Mid-Market,Subscription,Referral,0,2024-10-28
OPP_000106,ACC_01055,REP_021,Qualification,5340.25,2024-06-22,,2024-01-27,North America,SMB,Subscription,Partner,0,2024-03-29
OPP_000107,ACC_00843,REP_018,Negotiation,8122.68,2025-02-23,,2024-11-04,APAC,Mid-Market,Transactional,Marketing,1,2024-11-18
OPP_000108,ACC_00989,REP_013,Proposal,36170.75,2025-10-27,,2025-10-03,APAC,SMB,Subscription,Marketing,3,2025-12-29
OPP_000109,ACC_00962,REP_023,Closed-Lost,17819.34,2025-10-23,2026-01-28,2025-09-29,LATAM,SMB,Subscription,Partner,0,2025-11-04
OPP_000110,ACC_00777,REP_021,Closed-Won,47003.94,2025-12-11,2026-02-25,2025-10-07,LATAM,Mid-Market,Subscription,Outbound,0,2025-12-05
OPP_000111,ACC_00493,REP_009,Closed-Lost,10493.91,2024-10-16,2024-11-06,2024-08-30,APAC,Mid-Market,Usage-Based,Outbound,1,2024-11-21
OPP_000112,ACC_00405,REP_024,Closed-Lost,26192.57,2024-04-25,2024-07-06,2024-02-13,North America,Enterprise,Subscription,Partner,0,2024-05-24
OPP_000113,ACC_00417,REP_020,Closed-Lost,23180.2,2024-11-03,2024-11-25,2024-06-07,North America,SMB,Subscription,Partner,0,2024-08-07
OPP_000114,ACC_00431,REP_010,Closed-Lost,33878.16,2024-07-05,2024-07-01,2024-05-21,APAC,Enterprise,Subscription,Partner,0,2024-05-31
OPP_000115,ACC_00347,REP_023,Qualification,23918.19,2024-05-29,,2024-02-22,APAC,Enterprise,Enterprise Services,Outbound,2,2024-03-24
OPP_000116,ACC_00373,REP_020,Qualification,3601.0,2025-07-11,,2025-04-20,APAC,SMB,Enterprise Services,Partner,0,2025-07-02
OPP_000117,ACC_00682,REP_004,Qualification,5382.28,2025-03-31,,2024-12-16,North America,SMB,Usage-Based,Inbound,0,2024-12-21
OPP_000118,ACC_00325,REP_005,Negotiation,105697.37,2025-07-28,,2025-04-28,EMEA,Enterprise,Advertising,Outbound,0,2025-06-12
OPP_000119,ACC_00419,REP_010,Closed-Won,2500.0,2024-08-08,2024-06-28,2024-05-13,North America,SMB,Usage-Based,Outbound,0,2024-06-21
OPP_000120,ACC_00851,REP_002,Prospecting,16835.0,2025-06-05,,2025-04-11,APAC,SMB,Enterprise Services,Outbound,0,2025-05-18
OPP_000121,ACC_00394,REP_013,Closed-Won,8036.76,2024-07-07,2024-05-31,2024-02-13,EMEA,Mid-Market,Subscription,Outbound,0,2024-06-06
OPP_000122,ACC_00128,REP_014,Closed-Won,7272.55,2025-06-21,2025-09-09,2025-04-28,North America,SMB,Subscription,Marketing,0,2025-08-19
OPP_000123,ACC_00021,REP_024,Negotiation,14097.52,2025-08-05,,2025-06-28,EMEA,Mid-Market,Enterprise Services,Marketing,0,2025-10-13
OPP_000124,ACC_00919,REP_006,Proposal,7196.99,2024-07-20,,2024-06-18,North America,SMB,Subscription,Inbound,0,2024-09-29
OPP_000125,ACC_01138,REP_018,Qualification,6734.75,2024-09-05,,2024-08-08,North America,SMB,Subscription,Outbound,2,2024-11-23
OPP_000126,ACC_00820,REP_020,Proposal,5754.9,2024-12-22,,2024-10-18,North America,SMB,Enterprise Services,Inbound,0,2024-11-09
OPP_000127,ACC_00073,REP_014,Qualification,24880.18,2025-05-29,,2025-01-23,EMEA,Enterprise,Subscription,Inbound,0,2025-03-11
OPP_000128,ACC_00677,REP_028,Negotiation,164888.59,2025-01-29,,2024-12-20,North America,Enterprise,Subscription,Inbound,0,2024-12-27
OPP_000129,ACC_00326,REP_010,Qualification,16731.51,2024-03-31,,2024-03-11,North America,Mid-Market,Subscription,Marketing,0,2024-06-14
OPP_000130,ACC_00385,REP_013,Qualification,7912.62,2024-12-07,,2024-09-10,North America,SMB,Subscription,Marketing,1,2024-12-23
OPP_000131,ACC_01106,REP_001,Proposal,8564.21,2025-03-07,,2024-12-04,APAC,Mid-Market,Subscription,Inbound,1,2024-12-08
OPP_000132,ACC_00990,REP_013,Negotiation,10851.47,2025-05-19,,2025-02-15,North America,Mid-Market,Subscription,Marketing,1,2025-03-08
OPP_000133,ACC_00883,REP_001,Proposal,23204.01,2025-03-19,,2025-02-27,North America,Enterprise,Subscription,Outbound,0,2025-03-20
OPP_000134,ACC_00602,REP_030,Closed-Lost,35078.52,2025-05-07,2025-04-06,2025-03-22,North America,Mid-Market,Subscription,Marketing,3,2025-07-11
OPP_000135,ACC_00694,REP_008,Prospecting,4224.11,2025-01-01,,2024-10-28,North America,SMB,Usage-Based,Outbound,0,2025-01-31
OPP_000136,ACC_01100,REP_025,Closed-Lost,2500.0,2025-03-28,2025-03-17,2024-12-02,North America,SMB,Subscription,Partner,0,2025-01-05
OPP_000137,ACC_00793,REP_004,Prospecting,9513.54,2024-11-26,,2024-08-14,EMEA,SMB,Transactional,Outbound,0,2024-08-20
OPP_000138,ACC_00695,REP_009,Qualification,33318.26,2024-11-03,,2024-07-01,APAC,Enterprise,Subscription,Inbound,0,2024-08-19
OPP_000139,ACC_00117,REP_004,Closed-Lost,9083.47,2024-10-26,2024-09-01,2024-07-27,EMEA,Mid-Market,Subscription,Inbound,0,2024-10-05
OPP_000140,ACC_01196,REP_012,Closed-Won,22330.73,2024-12-31,2025-04-14,2024-10-20,North America,SMB,Enterprise Services,Partner,0,2024-10-26
OPP_000141,ACC_00971,REP_019,Negotiation,2500.0,2024-06-14,,2024-03-14,APAC,SMB,Transactional,Marketing,1,2024-05-09
OPP_000142,ACC_00438,REP_013,Closed-Won,78924.27,2024-08-04,2024-10-07,2024-05-26,North America,Mid-Market,Subscription,Partner,1,2024-07-29
OPP_000143,ACC_00301,REP_019,Proposal,46848.66,2024-04-27,,2024-03-18,EMEA,Mid-Market,Subscription,Marketing,0,2024-07-13
OPP_000144,ACC_01162,REP_025,Closed-Won,8707.56,2025-01-02,2025-03-28,2024-09-30,North America,Mid-Market,Subscription,Inbound,0,2024-10-23
OPP_000145,ACC_01148,REP_002,Qualification,10396.41,2025-01-25,,2024-11-28,EMEA,Mid-Market,Transactional,Marketing,0,2024-12-20
OPP_000146,ACC_00505,REP_013,Closed-Won,27021.47,2024-06-12,2024-06-08,2024-04-19,North America,Mid-Market,Transactional,Marketing,1,2024-06-10
OPP_000147,ACC_00278,REP_018,Closed-Lost,27756.24,2024-07-24,2024-08-26,2024-04-03,North America,Mid-Market,Transactional,Outbound,0,2024-05-12
OPP_000148,ACC_00958,REP_016,Closed-Won,8656.95,2025-01-15,2025-03-06,2024-12-18,North America,Mid-Market,Advertising,Outbound,0,2025-04-07
OPP_000149,ACC_00751,REP_005,Closed-Won,2500.0,2024-06-21,2024-06-30,2024-05-29,North America,SMB,Subscription,Inbound,0,2024-08-31
OPP_000150,ACC_01081,REP_007,Negotiation,74299.22,2025-10-09,,2025-08-04,North America,SMB,Usage-Based,Inbound,0,2025-09-04
OPP_000151,ACC_00655,REP_012,Proposal,114619.8,2024-07-26,,2024-04-20,LATAM,Enterprise,Advertising,Inbound,0,2024-05-30
OPP_000152,ACC_00663,REP_020,Proposal,10498.8,2025-03-27,,2024-11-18,North America,SMB,Subscription,Marketing,1,2025-02-02
OPP_000153,ACC_00172,REP_030,Closed-Lost,19453.36,2025-09-16,2025-09-23,2025-06-21,North America,Mid-Market,Subscription,Marketing,1,2025-10-03
OPP_000154,ACC_00724,REP_012,Negotiation,82007.73,2024-05-02,,2024-03-10,EMEA,Enterprise,Subscription,Inbound,3,2024-04-04
OPP_000155,ACC_00436,REP_016,Proposal,18830.37,2024-12-31,,2024-10-28,EMEA,SMB,Subscription,Referral,0,2024-12-03
OPP_000156,ACC_00247,REP_010,Closed-Won,2500.0,2025-01-20,2025-02-12,2024-11-12,North America,Mid-Market,Enterprise Services,Marketing,0,2025-01-24
OPP_000157,ACC_00938,REP_002,Prospecting,6318.84,2025-03-09,,2025-01-05,EMEA,SMB,Advertising,Partner,1,2025-04-18
OPP_000158,ACC_00415,REP_012,Closed-Won,5694.94,2025-11-30,2025-11-21,2025-08-16,North America,SMB,Advertising,Referral,0,2025-09-20
OPP_000159,ACC_00256,REP_011,Closed-Won,13885.01,2025-05-28,2025-06-29,2025-01-25,North America,Mid-Market,Usage-Based,Marketing,0,2025-03-22
OPP_000160,ACC_01153,REP_005,Qualification,19398.61,2024-12-30,,2024-09-09,North America,SMB,Enterprise Services,Inbound,1,2024-11-30
OPP_000161,ACC_01156,REP_021,Prospecting,2500.0,2024-11-30,,2024-09-22,EMEA,SMB,Transactional,Referral,0,2024-11-12
OPP_000162,ACC_00594,REP_008,Closed-Won,4233.81,2025-04-20,2025-04-24,2025-02-22,North America,Mid-Market,Usage-Based,Outbound,0,2025-05-25
OPP_000163,ACC_00355,REP_007,Qualification,4538.8,2024-08-17,,2024-07-18,North America,SMB,Subscription,Inbound,0,2024-09-18
OPP_000164,ACC_00195,REP_012,Closed-Lost,10472.5,2025-08-04,2025-08-01,2025-04-03,EMEA,SMB,Subscription,Inbound,0,2025-07-17
OPP_000165,ACC_00753,REP_029,Prospecting,20625.61,2025-02-05,,2024-09-13,North America,SMB,Transactional,Partner,0,2024-11-25
OPP_000166,ACC_00733,REP_020,Qualification,45866.32,2024-03-08,,2024-02-10,North America,SMB,Usage-Based,Referral,0,2024-05-30
OPP_000167,ACC_00743,REP_013,Prospecting,33087.06,2025-01-29,,2024-12-24,EMEA,Enterprise,Subscription,Outbound,0,2025-04-06
OPP_000168,ACC_00922,REP_025,Closed-Won,101086.58,2024-08-03,2024-08-03,2024-06-17,North America,Enterprise,Transactional,Partner,1,2024-07-16
OPP_000169,ACC_00565,REP_001,Negotiation,33195.26,2024-12-29,,2024-08-28,APAC,Mid-Market,Subscription,Inbound,2,2024-12-13
OPP_000170,ACC_00820,REP_011,Closed-Won,15426.35,2024-09-21,2025-01-11,2024-08-04,North America,SMB,Enterprise Services,Marketing,2,2024-08-20
OPP_000171,ACC_00787,REP_017,Closed-Lost,15926.17,2024-04-22,2024-06-30,2024-04-01,EMEA,Mid-Market,Subscription,Inbound,1,2024-05-05
OPP_000172,ACC_00955,REP_015,Negotiation,29546.48,2024-09-13,,2024-07-12,North America,Enterprise,Transactional,Partner,0,2024-07-18
OPP_000173,ACC_00893,REP_021,Qualification,3092.59,2025-11-10,,2025-09-04,North America,SMB,Subscription,Partner,0,2025-09-17
OPP_000174,ACC_00044,REP_022,Prospecting,2894.51,2024-10-12,,2024-08-02,North America,SMB,Enterprise Services,Inbound,0,2024-10-27
OPP_000175,ACC_00743,REP_014,Closed-Lost,62338.44,2025-07-30,2025-09-28,2025-05-05,EMEA,Enterprise,Subscription,Referral,0,2025-05-19
OPP_000176,ACC_01171,REP_028,Qualification,8499.31,2024-11-20,,2024-09-30,North America,SMB,Advertising,Referral,1,2024-10-23
OPP_000177,ACC_00672,REP_028,Closed-Lost,10769.71,2024-03-08,2024-04-13,2024-02-14,North America,Mid-Market,Subscription,Outbound,0,2024-04-03
OPP_000178,ACC_00636,REP_015,Closed-Lost,17447.85,2025-08-17,2025-09-19,2025-07-15,North America,SMB,Subscription,Marketing,2,2025-10-19
OPP_000179,ACC_00728,REP_028,Negotiation,7344.26,2025-12-22,,2025-08-29,North America,SMB,Subscription,Marketing,0,2025-12-04
OPP_000180,ACC_00672,REP_020,Negotiation,6547.38,2024-09-19,,2024-06-06,North America,Mid-Market,Subscription,Inbound,0,2024-09-29
OPP_000181,ACC_00483,REP_005,Closed-Lost,12500.23,2024-06-16,2024-10-18,2024-04-24,LATAM,Mid-Market,Usage-Based,Inbound,1,2024-05-01
OPP_000182,ACC_01193,REP_004,Closed-Won,100095.66,2026-02-04,2025-11-01,2025-09-15,LATAM,Enterprise,Advertising,Partner,0,2025-10-03
OPP_000183,ACC_00086,REP_003,Closed-Won,3224.88,2024-06-04,2024-06-21,2024-03-06,APAC,SMB,Usage-Based,Outbound,1,2024-04-23
OPP_000184,ACC_00978,REP_007,Proposal,11063.87,2025-12-19,,2025-08-18,North America,SMB,Subscription,Partner,1,2025-09-21
OPP_000185,ACC_00192,REP_010,Proposal,8490.79,2024-08-27,,2024-04-26,APAC,SMB,Subscription,Partner,1,2024-05-08
OPP_000186,ACC_00248,REP_003,Proposal,4193.76,2025-10-01,,2025-08-03,APAC,SMB,Enterprise Services,Marketing,1,2025-10-05
OPP_000187,ACC_00729,REP_019,Closed-Lost,6692.96,2025-12-22,2025-11-24,2025-09-17,LATAM,SMB,Transactional,Inbound,0,2025-11-12
OPP_000188,ACC_00766,REP_013,Negotiation,2500.0,2024-09-14,,2024-06-09,North America,SMB,Transactional,Inbound,0,2024-07-31
OPP_000189,ACC_01113,REP_019,Closed-Won,18208.43,2024-08-15,2024-08-15,2024-05-28,North America,Mid-Market,Transactional,Inbound,1,2024-05-31
OPP_000190,ACC_00354,REP_016,Prospecting,4168.31,2024-06-22,,2024-03-12,North America,Mid-Market,Subscription,Outbound,0,2024-05-02
OPP_000191,ACC_00031,REP_009,Closed-Won,47688.1,2025-08-13,2025-10-18,2025-06-11,EMEA,Mid-Market,Subscription,Marketing,0,2025-08-05
OPP_000192,ACC_00307,REP_019,Proposal,8186.08,2024-09-23,,2024-08-22,North America,SMB,Transactional,Marketing,0,2024-09-17
OPP_000193,ACC_00653,REP_029,Closed-Won,9211.3,2025-03-31,2025-07-28,2025-03-06,EMEA,Mid-Market,Transactional,Outbound,0,2025-06-09
OPP_000194,ACC_00429,REP_010,Prospecting,28644.66,2025-05-04,,2025-02-15,North America,SMB,Subscription,Partner,0,2025-06-01
OPP_000195,ACC_00303,REP_010,Closed-Lost,5814.74,2025-04-30,2025-03-17,2024-12-13,North America,Mid-Market,Advertising,Inbound,2,2025-04-03
OPP_000196,ACC_01097,REP_016,Negotiation,4249.17,2024-07-28,,2024-06-11,North America,SMB,Subscription,Outbound,0,2024-09-01
OPP_000197,ACC_00675,REP_025,Proposal,2619.54,2024-12-06,,2024-09-01,EMEA,Mid-Market,Transactional,Referral,0,2024-11-21
OPP_000198,ACC_00807,REP_016,Qualification,60446.04,2025-01-11,,2024-12-01,North America,Mid-Market,Advertising,Inbound,0,2024-12-20
OPP_000199,ACC_00900,REP_025,Qualification,106177.31,2024-06-13,,2024-03-03,North America,Mid-Market,Enterprise Services,Marketing,0,2024-04-19
OPP_000200,ACC_00492,REP_003,Qualification,3060.72,2024-11-09,,2024-09-27,North America,Mid-Market,Transactional,Inbound,0,2024-09-28
OPP_000201,ACC_00883,REP_003,Prospecting,19486.54,2025-07-07,,2025-04-21,North America,Enterprise,Subscription,Outbound,1,2025-06-27
OPP_000202,ACC_01157,REP_013,Proposal,9623.63,2025-02-11,,2024-10-09,North America,SMB,Usage-Based,Partner,0,2025-01-08
OPP_000203,ACC_00870,REP_007,Proposal,5358.66,2024-11-28,,2024-09-21,APAC,SMB,Advertising,Marketing,0,2024-12-10
OPP_000204,ACC_00357,REP_001,Proposal,15814.54,2025-12-05,,2025-07-17,North America,Mid-Market,Subscription,Partner,0,2025-07-19
OPP_000205,ACC_00935,REP_007,Closed-Won,14507.22,2025-01-19,2025-04-23,2024-12-24,North America,Mid-Market,Transactional,Marketing,0,2025-03-01
OPP_000206,ACC_00284,REP_009,Proposal,13490.15,2025-06-07,,2025-05-08,North America,SMB,Subscription,Marketing,1,2025-08-21
OPP_000207,ACC_00088,REP_028,Prospecting,3433.03,2024-03-16,,2024-02-04,EMEA,SMB,Subscription,Partner,2,2024-02-17
OPP_000208,ACC_00533,REP_024,Closed-Won,10881.54,2025-11-03,2025-10-05,2025-09-13,North America,SMB,Transactional,Outbound,1,2025-11-16
OPP_000209,ACC_00612,REP_011,Proposal,5344.76,2025-08-17,,2025-06-03,APAC,Mid-Market,Subscription,Outbound,1,2025-07-03
OPP_000210,ACC_00564,REP_029,Negotiation,10809.08,2025-11-22,,2025-07-07,LATAM,Mid-Market,Enterprise Services,Partner,0,2025-10-26
OPP_000211,ACC_00315,REP_026,Closed-Lost,2500.0,2025-05-29,2025-05-31,2025-04-08,North America,SMB,Transactional,Partner,2,2025-06-13
OPP_000212,ACC_00328,REP_008,Closed-Won,10888.38,2025-03-02,2025-05-12,2024-12-26,North America,Mid-Market,Advertising,Outbound,0,2025-03-28
OPP_000213,ACC_01106,REP_015,Negotiation,9202.79,2025-01-14,,2024-12-20,APAC,Mid-Market,Subscription,Outbound,1,2025-02-21
OPP_000214,ACC_00350,REP_028,Negotiation,23057.41,2025-06-14,,2025-02-22,North America,SMB,Transactional,Inbound,0,2025-06-09
OPP_000215,ACC_00940,REP_014,Closed-Won,8458.3,2025-02-26,2025-04-01,2024-11-28,North America,SMB,Subscription,Inbound,0,2025-01-02
OPP_000216,ACC_00310,REP_012,Closed-Won,10144.29,2025-05-28,2025-05-25,2025-05-03,APAC,SMB,Transactional,Outbound,0,2025-07-31
OPP_000217,ACC_00130,REP_028,Qualification,15955.33,2024-11-01,,2024-08-13,North America,Mid-Market,Subscription,Marketing,0,2024-10-04
OPP_000218,ACC_00076,REP_020,Negotiation,2500.0,2025-07-17,,2025-05-30,EMEA,SMB,Advertising,Marketing,0,2025-08-07
OPP_000219,ACC_00292,REP_014,Closed-Lost,2500.0,2024-10-30,2025-01-26,2024-08-17,APAC,SMB,Enterprise Services,Referral,0,2024-11-07
OPP_000220,ACC_01010,REP_027,Closed-Won,6525.58,2025-01-09,2025-02-04,2024-11-14,APAC,SMB,Advertising,Partner,3,2024-12-05
OPP_000221,ACC_00547,REP_023,Prospecting,11857.58,2024-06-15,,2024-02-15,EMEA,SMB,Subscription,Inbound,0,2024-05-29
OPP_000222,ACC_00835,REP_011,Proposal,12901.96,2025-09-22,,2025-08-26,North America,Mid-Market,Subscription,Partner,0,2025-11-21
OPP_000223,ACC_01156,REP_013,Proposal,3782.36,2025-07-11,,2025-04-05,EMEA,SMB,Transactional,Marketing,0,2025-05-24
OPP_000224,ACC_00058,REP_002,Qualification,12831.87,2024-10-17,,2024-06-16,EMEA,Mid-Market,Advertising,Partner,0,2024-08-26
OPP_000225,ACC_00132,REP_004,Closed-Won,31766.46,2024-02-20,2024-04-05,2024-01-31,EMEA,Enterprise,Transactional,Outbound,0,2024-04-19
OPP_000226,ACC_01105,REP_029,Proposal,19558.52,2025-12-08,,2025-07-24,North America,SMB,Subscription,Partner,0,2025-09-17
OPP_000227,ACC_00682,REP_002,Qualification,18493.66,2024-04-29,,2024-01-01,North America,SMB,Usage-Based,Inbound,0,2024-03-17
OPP_000228,ACC_00742,REP_026,Proposal,5160.29,2025-01-13,,2024-11-18,North America,SMB,Subscription,Inbound,0,2025-01-24
OPP_000229,ACC_00410,REP_007,Closed-Won,41912.0,2024-04-12,2024-04-21,2024-01-21,North America,Enterprise,Subscription,Inbound,0,2024-04-23
OPP_000230,ACC_00993,REP_017,Closed-Lost,21508.41,2025-07-26,2025-06-28,2025-04-09,North America,Mid-Market,Usage-Based,Outbound,0,2025-05-07
OPP_000231,ACC_00776,REP_022,Closed-Won,67366.03,2024-08-11,2024-08-21,2024-05-16,North America,Enterprise,Subscription,Marketing,1,2024-05-17
OPP_000232,ACC_00310,REP_030,Closed-Lost,46852.57,2025-02-08,2024-11-24,2024-10-13,APAC,SMB,Transactional,Inbound,1,2024-12-01
OPP_000233,ACC_00779,REP_012,Closed-Lost,15864.71,2025-06-01,2025-02-23,2025-01-17,APAC,Mid-Market,Subscription,Inbound,0,2025-04-26
OPP_000234,ACC_00005,REP_028,Proposal,28880.09,2024-11-10,,2024-09-05,APAC,SMB,Subscription,Marketing,1,2024-09-20
OPP_000235,ACC_00289,REP_014,Prospecting,5114.92,2025-05-05,,2025-04-01,LATAM,Mid-Market,Subscription,Marketing,2,2025-07-13
OPP_000236,ACC_00245,REP_027,Closed-Won,8624.19,2025-02-20,2025-06-02,2024-12-06,North America,Mid-Market,Subscription,Outbound,0,2025-01-24
OPP_000237,ACC_00943,REP_004,Negotiation,2500.0,2025-01-13,,2024-10-08,APAC,SMB,Advertising,Outbound,0,2024-11-02
OPP_000238,ACC_00883,REP_009,Proposal,51254.48,2024-12-01,,2024-08-03,North America,Enterprise,Subscription,Outbound,0,2024-09-28
OPP_000239,ACC_00110,REP_019,Closed-Lost,84185.31,2024-11-25,2025-02-15,2024-09-30,North America,Enterprise,Advertising,Partner,0,2025-01-05
OPP_000240,ACC_01088,REP_022,Proposal,2500.0,2024-12-21,,2024-08-03,North America,Mid-Market,Subscription,Marketing,1,2024-11-14
OPP_000241,ACC_00982,REP_025,Closed-Lost,19698.28,2025-02-14,2025-04-05,2025-01-21,LATAM,Mid-Market,Enterprise Services,Inbound,1,2025-04-04
OPP_000242,ACC_00522,REP_011,Negotiation,16421.94,2025-08-30,,2025-05-27,EMEA,SMB,Subscription,Marketing,0,2025-07-29
OPP_000243,ACC_00255,REP_019,Prospecting,15512.49,2025-04-20,,2025-02-03,APAC,SMB,Usage-Based,Partner,0,2025-05-10
OPP_000244,ACC_00505,REP_019,Closed-Lost,4935.15,2024-05-11,2024-06-25,2024-01-22,North America,Mid-Market,Transactional,Marketing,1,2024-05-10
OPP_000245,ACC_00708,REP_030,Closed-Won,35352.34,2025-09-14,2025-12-13,2025-07-20,North America,Mid-Market,Advertising,Inbound,0,2025-10-23
OPP_000246,ACC_00757,REP_004,Negotiation,9058.58,2025-10-29,,2025-06-10,North America,SMB,Transactional,Marketing,0,2025-10-04
OPP_000247,ACC_00417,REP_001,Negotiation,16207.03,2025-07-22,,2025-07-02,North America,SMB,Subscription,Outbound,0,2025-10-09
OPP_000248,ACC_00122,REP_018,Qualification,14387.89,2024-06-08,,2024-02-03,North America,Mid-Market,Subscription,Outbound,1,2024-02-09
OPP_000249,ACC_00732,REP_001,Qualification,13137.16,2025-09-27,,2025-07-05,APAC,SMB,Advertising,Outbound,1,2025-07-08
OPP_000250,ACC_00847,REP_006,Prospecting,27211.6,2025-02-03,,2024-11-08,EMEA,SMB,Subscription,Inbound,0,2025-01-19
OPP_000251,ACC_00321,REP_016,Qualification,35926.47,2025-09-17,,2025-07-19,EMEA,Enterprise,Subscription,Inbound,1,2025-11-10
OPP_000252,ACC_00768,REP_009,Proposal,11923.52,2025-08-16,,2025-06-07,North America,SMB,Subscription,Inbound,0,2025-07-13
OPP_000253,ACC_00683,REP_008,Negotiation,31317.48,2025-10-27,,2025-08-12,North America,SMB,Advertising,Inbound,0,2025-12-05
OPP_000254,ACC_00602,REP_011,Prospecting,14282.21,2024-05-21,,2024-03-22,North America,Mid-Market,Subscription,Outbound,1,2024-07-02
OPP_000255,ACC_00010,REP_021,Negotiation,2912.5,2025-01-28,,2025-01-07,EMEA,SMB,Usage-Based,Partner,2,2025-01-24
OPP_000256,ACC_00369,REP_011,Qualification,17644.97,2025-07-14,,2025-05-03,North America,SMB,Advertising,Marketing,0,2025-07-01
OPP_000257,ACC_00450,REP_024,Qualification,68519.77,2025-04-15,,2025-02-02,APAC,Mid-Market,Transactional,Partner,0,2025-03-01
OPP_000258,ACC_01001,REP_005,Closed-Lost,32563.47,2025-10-18,2025-11-04,2025-06-27,North America,SMB,Transactional,Inbound,3,2025-07-07
OPP_000259,ACC_00992,REP_004,Closed-Lost,33355.83,2025-07-22,2025-09-13,2025-05-02,EMEA,Mid-Market,Subscription,Outbound,0,2025-07-24
OPP_000260,ACC_01049,REP_005,Closed-Won,4226.35,2024-04-24,2024-07-13,2024-01-24,North America,Enterprise,Advertising,Partner,0,2024-02-19
OPP_000261,ACC_00556,REP_028,Prospecting,4752.04,2024-08-01,,2024-05-13,LATAM,SMB,Subscription,Marketing,0,2024-07-19
OPP_000262,ACC_00393,REP_009,Closed-Won,9094.27,2025-05-15,2025-07-31,2025-03-01,North America,Mid-Market,Subscription,Inbound,0,2025-05-21
OPP_000263,ACC_00600,REP_001,Qualification,17066.43,2024-12-20,,2024-08-29,North America,Mid-Market,Subscription,Referral,0,2024-10-20
OPP_000264,ACC_00951,REP_010,Negotiation,88279.64,2024-12-11,,2024-08-26,North America,Mid-Market,Advertising,Marketing,0,2024-09-05
OPP_000265,ACC_00746,REP_021,Closed-Lost,5538.39,2026-01-29,2025-10-30,2025-09-03,North America,Mid-Market,Subscription,Marketing,0,2025-09-12
OPP_000266,ACC_00722,REP_011,Proposal,84488.03,2024-05-23,,2024-02-29,North America,SMB,Subscription,Partner,0,2024-04-15
OPP_000267,ACC_00522,REP_012,Closed-Lost,6123.17,2025-01-08,2025-04-29,2024-12-16,EMEA,SMB,Subscription,Outbound,0,2024-12-22
OPP_000268,ACC_00836,REP_003,Closed-Won,7578.71,2024-10-31,2024-09-06,2024-07-27,EMEA,Mid-Market,Subscription,Referral,0,2024-11-08
OPP_000269,ACC_01041,REP_021,Qualification,20897.14,2024-04-15,,2024-02-04,North America,SMB,Transactional,Marketing,0,2024-02-24
OPP_000270,ACC_00802,REP_007,Prospecting,22617.23,2024-10-10,,2024-09-08,North America,SMB,Transactional,Marketing,0,2024-09-12
OPP_000271,ACC_00484,REP_003,Closed-Won,17190.46,2025-02-06,2025-01-03,2024-09-28,North America,SMB,Transactional,Marketing,1,2024-10-15
OPP_000272,ACC_01008,REP_022,Proposal,4157.66,2025-02-10,,2024-10-31,APAC,SMB,Subscription,Marketing,3,2025-01-22
OPP_000273,ACC_01132,REP_029,Prospecting,26957.8,2024-07-27,,2024-04-17,North America,Mid-Market,Transactional,Marketing,0,2024-06-27
OPP_000274,ACC_00956,REP_019,Prospecting,15672.99,2025-08-12,,2025-05-02,EMEA,Enterprise,Subscription,Inbound,1,2025-07-22
OPP_000275,ACC_01053,REP_029,Closed-Lost,4043.71,2025-01-20,2024-09-21,2024-08-26,North America,SMB,Subscription,Outbound,1,2024-10-07
OPP_000276,ACC_00319,REP_013,Qualification,8162.39,2025-05-08,,2025-01-19,North America,SMB,Advertising,Partner,0,2025-02-27
OPP_000277,ACC_00506,REP_016,Closed-Lost,7187.05,2025-04-22,2025-02-11,2024-12-31,EMEA,Mid-Market,Subscription,Marketing,2,2025-03-21
OPP_000278,ACC_00300,REP_011,Closed-Won,46758.36,2025-05-10,2025-05-27,2025-01-13,APAC,Mid-Market,Enterprise Services,Outbound,0,2025-01-27
OPP_000279,ACC_00439,REP_016,Qualification,9152.96,2025-03-28,,2024-12-04,North America,Mid-Market,Usage-Based,Outbound,0,2025-01-20
OPP_000280,ACC_00881,REP_027,Proposal,7199.07,2024-11-08,,2024-07-20,APAC,SMB,Subscription,Referral,0,2024-08-02
OPP_000281,ACC_00812,REP_020,Closed-Won,3721.81,2024-12-23,2025-02-08,2024-11-24,EMEA,SMB,Subscription,Outbound,0,2025-01-14
OPP_000282,ACC_00004,REP_001,Proposal,46055.84,2025-03-03,,2024-12-21,North America,Mid-Market,Subscription,Inbound,1,2025-04-16
OPP_000283,ACC_00907,REP_018,Prospecting,8382.26,2024-03-08,,2024-01-13,LATAM,Mid-Market,Transactional,Partner,1,2024-04-24
OPP_000284,ACC_00231,REP_012,Qualification,28118.25,2025-09-11,,2025-04-29,North America,SMB,Usage-Based,Outbound,0,2025-07-19
OPP_000285,ACC_00224,REP_017,Closed-Lost,128257.52,2025-01-28,2024-12-05,2024-10-25,EMEA,Enterprise,Subscription,Inbound,0,2025-01-12
OPP_000286,ACC_00653,REP_017,Closed-Won,10446.88,2024-10-10,2025-01-07,2024-07-15,EMEA,Mid-Market,Transactional,Partner,2,2024-08-29
OPP_000287,ACC_00290,REP_018,Proposal,9244.93,2024-04-16,,2024-01-20,North America,SMB,Usage-Based,Referral,2,2024-04-13
OPP_000288,ACC_01156,REP_026,Qualification,5588.43,2024-11-08,,2024-07-23,EMEA,SMB,Transactional,Inbound,0,2024-10-31
OPP_000289,ACC_00176,REP_026,Proposal,15488.99,2025-01-25,,2024-09-28,North America,SMB,Enterprise Services,Outbound,0,2024-12-04
OPP_000290,ACC_00182,REP_030,Closed-Won,36271.24,2025-08-29,2025-12-30,2025-07-14,North America,Enterprise,Advertising,Outbound,0,2025-07-27
OPP_000291,ACC_00913,REP_019,Prospecting,29020.89,2025-08-05,,2025-03-09,LATAM,Enterprise,Transactional,Partner,0,2025-05-31
OPP_000292,ACC_00344,REP_009,Closed-Lost,17088.81,2025-02-03,2024-11-28,2024-10-07,LATAM,Mid-Market,Subscription,Outbound,1,2024-10-23
OPP_000293,ACC_00858,REP_006,Closed-Won,9054.67,2024-05-10,2024-07-16,2024-03-25,APAC,Enterprise,Subscription,Outbound,1,2024-05-03
OPP_000294,ACC_00818,REP_026,Qualification,15125.72,2024-10-09,,2024-07-03,APAC,Mid-Market,Subscription,Partner,2,2024-07-27
OPP_000295,ACC_00227,REP_028,Closed-Lost,17184.7,2025-11-20,2025-11-08,2025-09-06,North America,SMB,Advertising,Referral,0,2025-09-12
OPP_000296,ACC_00696,REP_002,Closed-Won,18733.23,2024-06-02,2024-08-20,2024-03-26,North America,Mid-Market,Subscription,Inbound,2,2024-06-25
OPP_000297,ACC_00645,REP_007,Closed-Won,42262.55,2025-07-08,2025-07-04,2025-02-26,LATAM,Mid-Market,Advertising,Partner,2,2025-05-14
OPP_000298,ACC_00114,REP_021,Prospecting,11189.17,2025-02-07,,2024-12-12,LATAM,Mid-Market,Enterprise Services,Marketing,1,2025-01-30
OPP_000299,ACC_00918,REP_005,Closed-Lost,5669.59,2024-09-30,2024-08-19,2024-05-25,LATAM,SMB,Transactional,Inbound,2,2024-07-10
OPP_000300,ACC_01029,REP_002,Proposal,5338.4,2025-11-18,,2025-08-08,North America,Mid-Market,Advertising,Marketing,0,2025-10-24
OPP_000301,ACC_01137,REP_030,Closed-Won,5981.45,2025-01-25,2025-03-08,2024-09-21,North America,SMB,Subscription,Outbound,0,2024-11-24
OPP_000302,ACC_00106,REP_003,Qualification,116528.67,2025-07-12,,2025-03-18,EMEA,Mid-Market,Enterprise Services,Inbound,0,2025-04-15
OPP_000303,ACC_00215,REP_007,Qualification,21494.31,2024-06-13,,2024-03-05,North America,Mid-Market,Subscription,Inbound,0,2024-05-02
OPP_000304,ACC_00991,REP_030,Closed-Lost,9085.76,2025-11-22,2026-02-22,2025-10-09,APAC,Mid-Market,Subscription,Inbound,0,2026-01-10
OPP_000305,ACC_00366,REP_004,Proposal,3281.39,2024-06-12,,2024-01-15,EMEA,SMB,Subscription,Marketing,1,2024-03-21
OPP_000306,ACC_00751,REP_024,Prospecting,2500.0,2024-11-06,,2024-07-26,North America,SMB,Subscription,Partner,0,2024-10-30
OPP_000307,ACC_00419,REP_017,Closed-Won,3911.86,2025-11-10,2025-10-14,2025-09-05,North America,SMB,Usage-Based,Marketing,0,2025-11-05
OPP_000308,ACC_00262,REP_017,Qualification,94131.24,2025-04-25,,2025-03-03,North America,Enterprise,Subscription,Marketing,0,2025-04-22
OPP_000309,ACC_00750,REP_025,Closed-Lost,28745.03,2025-05-02,2025-06-24,2025-03-28,North America,Enterprise,Transactional,Outbound,1,2025-06-25
OPP_000310,ACC_00247,REP_001,Closed-Lost,6259.33,2024-09-28,2024-12-27,2024-07-29,North America,Mid-Market,Enterprise Services,Referral,2,2024-08-23
OPP_000311,ACC_00164,REP_002,Prospecting,3842.89,2025-07-13,,2025-06-06,North America,SMB,Advertising,Marketing,0,2025-08-20
OPP_000312,ACC_00637,REP_006,Negotiation,31240.82,2026-01-29,,2025-09-16,APAC,Mid-Market,Subscription,Outbound,1,2025-11-30
OPP_000313,ACC_00233,REP_015,Closed-Lost,40618.9,2025-05-07,2025-06-03,2025-02-20,North America,Enterprise,Usage-Based,Marketing,3,2025-03-25
OPP_000314,ACC_00231,REP_029,Closed-Lost,4793.22,2024-09-04,2024-06-26,2024-05-26,North America,SMB,Usage-Based,Marketing,1,2024-06-26
OPP_000315,ACC_00937,REP_003,Proposal,32365.99,2026-01-01,,2025-08-30,EMEA,Enterprise,Usage-Based,Outbound,1,2025-09-09
OPP_000316,ACC_00635,REP_013,Closed-Won,81474.56,2024-05-26,2024-05-24,2024-01-03,EMEA,SMB,Transactional,Inbound,0,2024-01-21
OPP_000317,ACC_00651,REP_013,Negotiation,30387.48,2025-11-09,,2025-08-23,North America,SMB,Transactional,Inbound,3,2025-09-04
OPP_000318,ACC_00173,REP_006,Qualification,38979.39,2024-02-02,,2024-01-07,North America,SMB,Subscription,Referral,0,2024-03-21
OPP_000319,ACC_00193,REP_011,Negotiation,2500.0,2024-05-17,,2024-02-08,EMEA,SMB,Subscription,Partner,1,2024-02-23
OPP_000320,ACC_00469,REP_007,Proposal,7716.07,2024-06-20,,2024-01-29,LATAM,SMB,Enterprise Services,Marketing,0,2024-03-31
OPP_000321,ACC_00467,REP_005,Proposal,8563.04,2024-07-11,,2024-05-06,North America,Mid-Market,Subscription,Marketing,0,2024-05-20
OPP_000322,ACC_00542,REP_016,Proposal,28108.86,2025-06-04,,2025-05-02,North America,Mid-Market,Subscription,Inbound,1,2025-08-04
OPP_000323,ACC_00162,REP_028,Closed-Won,127141.85,2025-01-12,2024-12-25,2024-09-22,North America,Enterprise,Advertising,Referral,1,2024-12-12
OPP_000324,ACC_01079,REP_013,Qualification,22616.3,2024-06-02,,2024-02-23,EMEA,Mid-Market,Subscription,Outbound,1,2024-03-29
OPP_000325,ACC_00436,REP_020,Qualification,3750.68,2024-09-24,,2024-08-16,EMEA,SMB,Subscription,Marketing,2,2024-11-12
OPP_000326,ACC_00980,REP_021,Prospecting,4633.88,2025-11-19,,2025-10-30,North America,SMB,Transactional,Inbound,1,2025-11-26
OPP_000327,ACC_00481,REP_026,Qualification,16692.82,2025-03-15,,2024-12-18,LATAM,SMB,Transactional,Inbound,0,2025-03-04
OPP_000328,ACC_00567,REP_025,Closed-Lost,33525.89,2025-06-11,2025-06-26,2025-05-03,North America,Mid-Market,Advertising,Outbound,2,2025-07-19
OPP_000329,ACC_00135,REP_028,Proposal,18787.6,2024-08-10,,2024-06-27,EMEA,Mid-Market,Subscription,Outbound,0,2024-08-18
OPP_000330,ACC_00813,REP_025,Qualification,50163.49,2025-02-12,,2024-12-14,North America,Enterprise,Subscription,Inbound,0,2025-03-08
OPP_000331,ACC_00072,REP_028,Closed-Lost,9435.98,2025-09-06,2025-11-14,2025-06-18,North America,SMB,Subscription,Inbound,0,2025-10-09
OPP_000332,ACC_00898,REP_029,Prospecting,11745.9,2025-07-31,,2025-03-27,LATAM,SMB,Subscription,Partner,0,2025-05-16
OPP_000333,ACC_01058,REP_023,Proposal,18363.57,2024-03-21,,2024-01-06,North America,SMB,Subscription,Marketing,1,2024-02-09
OPP_000334,ACC_00434,REP_015,Closed-Won,82736.61,2025-06-18,2025-07-20,2025-02-10,North America,Enterprise,Usage-Based,Inbound,1,2025-04-04
OPP_000335,ACC_01066,REP_010,Closed-Won,45109.01,2025-09-20,2025-10-03,2025-06-14,North America,Enterprise,Usage-Based,Inbound,0,2025-08-21
OPP_000336,ACC_00839,REP_018,Qualification,8545.1,2024-06-10,,2024-03-31,North America,SMB,Enterprise Services,Partner,1,2024-04-15
OPP_000337,ACC_00004,REP_025,Closed-Won,14953.52,2024-12-15,2025-01-31,2024-09-20,North America,Mid-Market,Subscription,Partner,0,2025-01-13
OPP_000338,ACC_00244,REP_023,Negotiation,7477.62,2025-04-15,,2025-03-08,North America,Mid-Market,Transactional,Partner,2,2025-05-03
OPP_000339,ACC_00770,REP_016,Closed-Won,7383.27,2024-05-29,2024-02-27,2024-01-04,APAC,Mid-Market,Subscription,Referral,0,2024-04-28
OPP_000340,ACC_00842,REP_003,Qualification,28112.13,2025-06-19,,2025-04-21,APAC,Mid-Market,Enterprise Services,Inbound,0,2025-08-14
OPP_000341,ACC_00113,REP_009,Closed-Won,4399.71,2025-12-05,2025-12-06,2025-07-21,North America,SMB,Subscription,Outbound,1,2025-07-29
OPP_000342,ACC_00822,REP_018,Negotiation,36825.06,2025-03-31,,2024-12-18,North America,Mid-Market,Enterprise Services,Marketing,0,2025-01-01
OPP_000343,ACC_00973,REP_012,Closed-Won,8525.53,2024-12-23,2025-04-08,2024-10-26,North America,SMB,Subscription,Partner,0,2024-11-17
OPP_000344,ACC_00111,REP_014,Closed-Lost,20368.77,2024-05-24,2024-04-25,2024-03-02,North America,SMB,Subscription,Partner,0,2024-05-09
OPP_000345,ACC_01056,REP_010,Closed-Won,30852.06,2025-06-04,2025-10-17,2025-04-30,APAC,Mid-Market,Subscription,Referral,0,2025-06-12
OPP_000346,ACC_00640,REP_003,Closed-Won,102352.88,2026-01-01,2025-10-22,2025-09-23,North America,Enterprise,Subscription,Inbound,0,2025-09-26
OPP_000347,ACC_00740,REP_014,Qualification,5573.6,2025-09-08,,2025-08-11,North America,SMB,Subscription,Inbound,1,2025-10-18
OPP_000348,ACC_00061,REP_014,Prospecting,24560.62,2025-04-16,,2025-01-03,North America,Mid-Market,Advertising,Inbound,0,2025-02-11
OPP_000349,ACC_00736,REP_024,Negotiation,34128.5,2024-03-08,,2024-01-23,APAC,Mid-Market,Enterprise Services,Marketing,1,2024-05-03
OPP_000350,ACC_00546,REP_004,Prospecting,2500.0,2024-08-15,,2024-07-10,North America,SMB,Usage-Based,Marketing,0,2024-10-09
OPP_000351,ACC_00446,REP_015,Closed-Won,89473.11,2024-08-11,2024-09-20,2024-06-24,EMEA,Mid-Market,Subscription,Inbound,0,2024-10-03
OPP_000352,ACC_00937,REP_026,Closed-Won,424728.24,2024-02-06,2024-02-02,2024-01-06,EMEA,Enterprise,Usage-Based,Outbound,1,2024-03-14
OPP_000353,ACC_00300,REP_009,Negotiation,42078.34,2024-08-02,,2024-03-20,APAC,Mid-Market,Enterprise Services,Partner,1,2024-06-11
OPP_000354,ACC_00072,REP_010,Qualification,20091.33,2025-06-10,,2025-01-20,North America,SMB,Subscription,Inbound,1,2025-01-30
OPP_000355,ACC_00600,REP_003,Closed-Lost,29400.25,2024-07-24,2024-06-02,2024-03-06,North America,Mid-Market,Subscription,Marketing,1,2024-06-05
OPP_000356,ACC_00893,REP_018,Negotiation,6494.62,2024-05-18,,2024-01-26,North America,SMB,Subscription,Outbound,2,2024-03-20
OPP_000357,ACC_00161,REP_026,Proposal,8038.46,2025-11-13,,2025-09-25,North America,SMB,Transactional,Marketing,2,2025-09-26
OPP_000358,ACC_01182,REP_015,Negotiation,23542.63,2025-06-07,,2025-02-09,North America,SMB,Subscription,Marketing,1,2025-02-19
OPP_000359,ACC_00807,REP_013,Prospecting,6165.86,2025-10-19,,2025-06-23,North America,Mid-Market,Advertising,Inbound,0,2025-07-30
OPP_000360,ACC_01121,REP_023,Closed-Won,5649.28,2024-08-04,2024-10-14,2024-06-15,North America,Mid-Market,Subscription,Partner,0,2024-07-30
OPP_000361,ACC_00565,REP_014,Prospecting,10967.27,2025-01-07,,2024-09-01,APAC,Mid-Market,Subscription,Marketing,1,2024-09-26
OPP_000362,ACC_00148,REP_012,Negotiation,31453.11,2025-07-11,,2025-02-12,APAC,Mid-Market,Subscription,Inbound,0,2025-05-15
OPP_000363,ACC_00214,REP_023,Qualification,6864.12,2025-06-13,,2025-04-05,EMEA,Mid-Market,Advertising,Inbound,0,2025-05-29
OPP_000364,ACC_00601,REP_009,Qualification,7163.45,2024-12-08,,2024-09-03,EMEA,SMB,Subscription,Marketing,0,2024-10-04
OPP_000365,ACC_00706,REP_026,Qualification,14666.55,2026-01-19,,2025-09-08,North America,Mid-Market,Advertising,Partner,2,2025-11-28
OPP_000366,ACC_00881,REP_009,Prospecting,3262.65,2025-06-09,,2025-04-16,APAC,SMB,Subscription,Marketing,0,2025-06-09
OPP_000367,ACC_00955,REP_016,Closed-Lost,3840.98,2024-10-22,2024-11-01,2024-05-27,North America,Enterprise,Transactional,Inbound,1,2024-08-28
OPP_000368,ACC_00916,REP_008,Closed-Won,15783.8,2024-05-04,2024-04-14,2024-03-06,North America,Enterprise,Usage-Based,Marketing,2,2024-05-05
OPP_000369,ACC_00707,REP_019,Prospecting,21181.57,2024-06-03,,2024-01-10,North America,Mid-Market,Subscription,Partner,1,2024-04-09
OPP_000370,ACC_00022,REP_014,Prospecting,14593.13,2025-09-07,,2025-07-19,North America,SMB,Usage-Based,Inbound,0,2025-10-29
OPP_000371,ACC_00636,REP_008,Closed-Won,14713.58,2025-10-30,2025-12-14,2025-07-06,North America,SMB,Subscription,Inbound,1,2025-07-16
OPP_000372,ACC_00984,REP_023,Prospecting,16510.23,2025-02-12,,2024-11-16,APAC,SMB,Transactional,Outbound,1,2024-12-01
OPP_000373,ACC_01018,REP_029,Proposal,23549.43,2025-07-06,,2025-04-29,North America,Enterprise,Subscription,Marketing,0,2025-07-25
OPP_000374,ACC_01002,REP_001,Prospecting,3872.11,2025-10-30,,2025-08-14,EMEA,SMB,Usage-Based,Inbound,0,2025-10-19
OPP_000375,ACC_00013,REP_018,Negotiation,23743.36,2024-06-05,,2024-04-17,North America,Mid-Market,Subscription,Marketing,0,2024-05-16
OPP_000376,ACC_00523,REP_022,Closed-Lost,7262.02,2026-02-03,2026-04-16,2025-10-19,APAC,SMB,Subscription,Inbound,1,2025-10-23
OPP_000377,ACC_00741,REP_022,Qualification,22230.97,2025-04-22,,2024-11-24,LATAM,SMB,Advertising,Marketing,2,2025-03-18
OPP_000378,ACC_00298,REP_007,Closed-Lost,23893.78,2025-01-24,2024-11-14,2024-10-20,EMEA,Mid-Market,Transactional,Inbound,0,2024-11-01
OPP_000379,ACC_00492,REP_004,Closed-Lost,58913.21,2024-06-11,2024-10-07,2024-04-17,North America,Mid-Market,Transactional,Marketing,2,2024-06-12
OPP_000380,ACC_00117,REP_016,Closed-Lost,10244.17,2025-07-11,2025-09-06,2025-03-26,EMEA,Mid-Market,Subscription,Partner,0,2025-04-22
OPP_000381,ACC_00233,REP_020,Closed-Won,128128.13,2025-04-24,2025-02-26,2025-02-07,North America,Enterprise,Usage-Based,Partner,1,2025-03-27
OPP_000382,ACC_00007,REP_009,Closed-Won,124825.98,2024-06-08,2024-02-15,2024-01-21,North America,Mid-Market,Transactional,Referral,1,2024-04-16
OPP_000383,ACC_01176,REP_012,Negotiation,17218.55,2025-05-02,,2025-03-09,North America,Mid-Market,Subscription,Inbound,0,2025-05-09
OPP_000384,ACC_01032,REP_016,Closed-Lost,26884.54,2024-06-30,2024-08-16,2024-04-04,North America,Mid-Market,Subscription,Inbound,2,2024-04-09
OPP_000385,ACC_00485,REP_014,Prospecting,3539.12,2024-09-26,,2024-07-04,North America,SMB,Enterprise Services,Inbound,2,2024-07-15
OPP_000386,ACC_00006,REP_015,Closed-Won,107721.91,2025-06-28,2025-05-08,2025-02-13,EMEA,Enterprise,Advertising,Outbound,0,2025-06-06
OPP_000387,ACC_00403,REP_021,Negotiation,50466.15,2025-07-11,,2025-06-07,North America,Mid-Market,Subscription,Marketing,1,2025-07-07
OPP_000388,ACC_00521,REP_030,Prospecting,26870.88,2024-07-08,,2024-03-30,North America,Enterprise,Enterprise Services,Inbound,0,2024-05-20
OPP_000389,ACC_00203,REP_024,Qualification,29323.94,2025-03-18,,2024-11-13,APAC,Mid-Market,Advertising,Marketing,0,2025-02-15
OPP_000390,ACC_00795,REP_001,Qualification,11880.29,2024-09-14,,2024-07-10,EMEA,SMB,Advertising,Outbound,0,2024-10-18
OPP_000391,ACC_01198,REP_011,Proposal,24119.73,2025-07-12,,2025-04-18,APAC,Mid-Market,Usage-Based,Referral,0,2025-05-22
OPP_000392,ACC_01013,REP_001,Qualification,20215.05,2025-09-04,,2025-07-08,EMEA,SMB,Subscription,Outbound,0,2025-08-04
OPP_000393,ACC_01028,REP_027,Qualification,15079.06,2025-05-17,,2025-03-04,North America,SMB,Subscription,Referral,0,2025-04-26
OPP_000394,ACC_00998,REP_020,Qualification,7810.12,2025-11-06,,2025-06-16,LATAM,SMB,Subscription,Outbound,2,2025-07-27
OPP_000395,ACC_00084,REP_007,Negotiation,20649.77,2025-01-04,,2024-10-29,North America,SMB,Subscription,Referral,0,2025-01-21
OPP_000396,ACC_00662,REP_026,Prospecting,133934.73,2025-03-22,,2025-02-04,North America,Enterprise,Usage-Based,Partner,1,2025-05-02
OPP_000397,ACC_00679,REP_017,Qualification,5156.27,2024-10-18,,2024-07-15,EMEA,SMB,Subscription,Outbound,0,2024-08-15
OPP_000398,ACC_00122,REP_002,Qualification,16288.28,2026-01-13,,2025-10-24,North America,Mid-Market,Subscription,Marketing,0,2025-12-09
OPP_000399,ACC_00177,REP_005,Proposal,2500.0,2024-09-14,,2024-05-16,North America,SMB,Transactional,Outbound,1,2024-08-11
OPP_000400,ACC_00679,REP_025,Prospecting,16086.91,2025-10-03,,2025-09-09,EMEA,SMB,Subscription,Inbound,0,2025-11-09
OPP_000401,ACC_00859,REP_009,Closed-Lost,30493.86,2025-09-28,2025-07-11,2025-05-14,North America,SMB,Subscription,Outbound,0,2025-07-19
OPP_000402,ACC_00251,REP_016,Qualification,12615.79,2026-02-11,,2025-10-23,North America,Mid-Market,Usage-Based,Marketing,3,2026-01-28
OPP_000403,ACC_00581,REP_027,Qualification,18646.92,2025-07-13,,2025-03-06,North America,Mid-Market,Usage-Based,Marketing,0,2025-05-23
OPP_000404,ACC_00091,REP_009,Negotiation,7200.94,2024-11-03,,2024-08-23,North America,SMB,Subscription,Inbound,0,2024-11-09
OPP_000405,ACC_00133,REP_001,Closed-Won,11115.59,2024-09-22,2024-09-26,2024-07-07,APAC,Mid-Market,Transactional,Marketing,1,2024-09-03
OPP_000406,ACC_00697,REP_003,Proposal,20581.98,2024-07-02,,2024-04-30,LATAM,Mid-Market,Subscription,Outbound,0,2024-08-08
OPP_000407,ACC_00669,REP_028,Qualification,4096.63,2026-02-14,,2025-10-09,North America,SMB,Subscription,Inbound,1,2025-10-12
OPP_000408,ACC_00901,REP_018,Negotiation,7093.16,2024-04-10,,2024-03-12,APAC,SMB,Subscription,Inbound,0,2024-03-23
OPP_000409,ACC_01093,REP_010,Proposal,3632.27,2025-09-22,,2025-06-26,North America,SMB,Usage-Based,Inbound,0,2025-09-15
OPP_000410,ACC_00228,REP_003,Proposal,29409.6,2025-06-04,,2025-04-12,North America,Mid-Market,Subscription,Partner,0,2025-06-24
OPP_000411,ACC_00410,REP_021,Closed-Lost,55965.45,2024-07-05,2024-06-04,2024-03-25,North America,Enterprise,Subscription,Inbound,0,2024-04-28
OPP_000412,ACC_01028,REP_002,Closed-Lost,5830.89,2026-01-28,2026-02-27,2025-09-05,North America,SMB,Subscription,Inbound,1,2025-11-16
OPP_000413,ACC_00061,REP_003,Negotiation,16934.0,2024-08-03,,2024-04-18,North America,Mid-Market,Advertising,Outbound,2,2024-05-01
OPP_000414,ACC_00994,REP_018,Prospecting,7197.13,2024-05-12,,2024-04-17,North America,SMB,Advertising,Marketing,1,2024-06-29
OPP_000415,ACC_01135,REP_020,Negotiation,138295.36,2025-03-11,,2024-12-30,North America,Enterprise,Subscription,Partner,0,2025-02-11
OPP_000416,ACC_00120,REP_018,Closed-Lost,10498.5,2024-04-03,2024-05-03,2024-03-10,North America,Mid-Market,Subscription,Outbound,2,2024-05-20
OPP_000417,ACC_00171,REP_028,Closed-Lost,16936.19,2024-05-31,2024-04-07,2024-03-09,EMEA,SMB,Enterprise Services,Marketing,1,2024-04-19
OPP_000418,ACC_00822,REP_009,Qualification,8061.0,2025-04-05,,2025-02-22,North America,Mid-Market,Enterprise Services,Inbound,0,2025-05-20
OPP_000419,ACC_00571,REP_017,Qualification,20259.95,2026-01-26,,2025-10-08,North America,SMB,Transactional,Marketing,0,2025-10-22
OPP_000420,ACC_01186,REP_010,Qualification,124312.94,2024-05-04,,2024-02-05,North America,Enterprise,Subscription,Inbound,0,2024-05-16
OPP_000421,ACC_00654,REP_011,Closed-Won,26546.93,2025-05-02,2025-08-02,2025-03-03,North America,SMB,Advertising,Inbound,0,2025-05-01
OPP_000422,ACC_00787,REP_005,Proposal,71041.32,2025-06-18,,2025-02-07,EMEA,Mid-Market,Subscription,Outbound,0,2025-03-07
OPP_000423,ACC_00285,REP_024,Proposal,21860.68,2024-06-10,,2024-02-14,LATAM,Mid-Market,Usage-Based,Inbound,0,2024-06-08
OPP_000424,ACC_00390,REP_022,Qualification,151933.54,2024-07-20,,2024-04-10,EMEA,Enterprise,Subscription,Inbound,3,2024-04-23
OPP_000425,ACC_00213,REP_022,Qualification,45539.85,2024-12-29,,2024-10-24,North America,SMB,Subscription,Marketing,0,2024-12-27
OPP_000426,ACC_00177,REP_005,Closed-Lost,2922.25,2025-06-03,2025-09-09,2025-04-09,North America,SMB,Transactional,Outbound,0,2025-04-18
OPP_000427,ACC_00136,REP_004,Proposal,4909.49,2024-09-01,,2024-05-28,North America,SMB,Subscription,Inbound,3,2024-09-13
OPP_000428,ACC_01072,REP_024,Qualification,3656.64,2025-02-16,,2024-10-17,North America,Mid-Market,Subscription,Partner,0,2024-11-05
OPP_000429,ACC_00084,REP_020,Closed-Won,25933.92,2025-04-01,2025-05-05,2024-11-24,North America,SMB,Subscription,Partner,0,2024-12-24
OPP_000430,ACC_00620,REP_001,Negotiation,2500.0,2025-08-20,,2025-04-21,North America,SMB,Subscription,Marketing,0,2025-07-09
OPP_000431,ACC_00610,REP_020,Closed-Won,2500.0,2024-07-07,2024-12-06,2024-06-14,APAC,SMB,Subscription,Inbound,1,2024-09-28
OPP_000432,ACC_00068,REP_030,Closed-Won,2995.21,2025-09-01,2025-04-27,2025-04-06,North America,SMB,Subscription,Marketing,0,2025-05-26
OPP_000433,ACC_01011,REP_023,Prospecting,2868.91,2025-08-31,,2025-07-11,North America,Mid-Market,Subscription,Partner,0,2025-08-11
OPP_000434,ACC_00601,REP_009,Prospecting,11781.92,2025-02-15,,2025-01-25,EMEA,SMB,Subscription,Partner,1,2025-03-08
OPP_000435,ACC_00153,REP_010,Prospecting,3033.95,2025-07-29,,2025-04-28,North America,SMB,Subscription,Inbound,1,2025-08-16
OPP_000436,ACC_00155,REP_023,Closed-Won,2500.0,2024-07-10,2024-09-10,2024-04-22,North America,SMB,Subscription,Outbound,1,2024-08-09
OPP_000437,ACC_00841,REP_013,Closed-Lost,8606.64,2025-10-02,2025-10-28,2025-08-30,North America,SMB,Transactional,Inbound,1,2025-09-14
OPP_000438,ACC_00744,REP_023,Proposal,9129.58,2024-09-05,,2024-07-20,EMEA,SMB,Subscription,Partner,1,2024-11-05
OPP_000439,ACC_00496,REP_029,Closed-Won,2515.47,2024-06-27,2024-08-04,2024-05-12,EMEA,Mid-Market,Subscription,Partner,0,2024-08-21
OPP_000440,ACC_00487,REP_013,Closed-Won,4396.05,2025-03-20,2025-04-01,2025-01-02,APAC,SMB,Subscription,Inbound,0,2025-03-08
OPP_000441,ACC_00043,REP_018,Closed-Lost,15144.02,2025-01-10,2025-03-11,2024-09-15,North America,Mid-Market,Transactional,Inbound,0,2024-10-16
OPP_000442,ACC_00039,REP_015,Proposal,6281.35,2025-02-21,,2024-11-05,North America,SMB,Subscription,Marketing,0,2024-12-30
OPP_000443,ACC_00644,REP_016,Qualification,6455.45,2025-07-16,,2025-06-23,EMEA,SMB,Subscription,Outbound,0,2025-09-24
OPP_000444,ACC_00437,REP_003,Closed-Won,29186.16,2025-02-05,2025-04-05,2024-12-25,North America,SMB,Advertising,Outbound,0,2025-01-27
OPP_000445,ACC_00303,REP_030,Closed-Won,139601.16,2024-12-15,2024-10-28,2024-09-07,North America,Mid-Market,Advertising,Referral,0,2024-10-18
OPP_000446,ACC_00455,REP_017,Closed-Won,6560.78,2025-10-22,2025-07-19,2025-06-20,APAC,SMB,Transactional,Inbound,0,2025-08-14
OPP_000447,ACC_00727,REP_007,Closed-Lost,2500.0,2024-10-04,2024-12-31,2024-09-10,North America,SMB,Subscription,Partner,0,2024-09-19
OPP_000448,ACC_00352,REP_018,Proposal,7098.08,2025-12-06,,2025-10-04,North America,SMB,Usage-Based,Marketing,2,2025-11-22
OPP_000449,ACC_00420,REP_012,Closed-Won,53505.78,2025-11-26,2026-03-22,2025-10-22,North America,Enterprise,Transactional,Inbound,0,2025-11-07
OPP_000450,ACC_00340,REP_025,Qualification,41771.65,2025-02-01,,2024-11-10,APAC,Enterprise,Transactional,Inbound,1,2024-11-11
OPP_000451,ACC_00800,REP_023,Proposal,30052.2,2025-08-09,,2025-05-31,North America,Mid-Market,Subscription,Marketing,0,2025-07-17
OPP_000452,ACC_00066,REP_012,Qualification,149030.95,2025-05-31,,2025-04-19,North America,Mid-Market,Usage-Based,Inbound,0,2025-07-19
OPP_000453,ACC_01103,REP_022,Qualification,2942.1,2025-12-22,,2025-07-30,North America,Mid-Market,Advertising,Inbound,1,2025-11-24
OPP_000454,ACC_00666,REP_001,Prospecting,9827.31,2025-03-04,,2024-11-05,APAC,Mid-Market,Transactional,Outbound,2,2024-12-28
OPP_000455,ACC_00294,REP_030,Closed-Won,41911.11,2024-12-28,2025-02-08,2024-09-29,North America,SMB,Enterprise Services,Marketing,1,2024-12-28
OPP_000456,ACC_00912,REP_016,Closed-Lost,26139.59,2024-10-31,2024-12-20,2024-07-04,EMEA,Enterprise,Advertising,Outbound,2,2024-07-31
OPP_000457,ACC_01128,REP_020,Qualification,35935.95,2025-03-28,,2025-01-27,APAC,Mid-Market,Subscription,Inbound,0,2025-04-13
OPP_000458,ACC_00070,REP_020,Proposal,16866.15,2025-07-07,,2025-02-16,EMEA,SMB,Subscription,Outbound,2,2025-05-07
OPP_000459,ACC_00246,REP_010,Prospecting,151771.54,2025-01-09,,2024-10-28,LATAM,Enterprise,Subscription,Outbound,2,2024-12-07
OPP_000460,ACC_00173,REP_021,Proposal,60809.59,2024-10-04,,2024-07-26,North America,SMB,Subscription,Marketing,1,2024-09-18
OPP_000461,ACC_00085,REP_012,Qualification,12521.92,2025-01-29,,2024-10-28,APAC,SMB,Subscription,Marketing,1,2025-01-16
OPP_000462,ACC_00887,REP_021,Negotiation,2500.0,2025-03-07,,2024-12-02,North America,SMB,Subscription,Inbound,1,2025-01-09
OPP_000463,ACC_00232,REP_003,Closed-Lost,4454.88,2024-07-04,2024-04-16,2024-03-26,APAC,SMB,Advertising,Partner,0,2024-06-06
OPP_000464,ACC_00461,REP_005,Proposal,145226.93,2025-07-24,,2025-03-18,EMEA,Mid-Market,Subscription,Partner,0,2025-04-15
OPP_000465,ACC_00978,REP_028,Closed-Won,2500.0,2025-09-10,2025-10-07,2025-07-18,North America,SMB,Subscription,Marketing,0,2025-09-20
OPP_000466,ACC_00735,REP_023,Closed-Won,14749.58,2024-11-22,2024-11-26,2024-08-03,APAC,SMB,Subscription,Partner,1,2024-08-11
OPP_000467,ACC_00814,REP_004,Qualification,2500.0,2024-11-02,,2024-09-18,EMEA,Mid-Market,Subscription,Inbound,0,2024-11-11
OPP_000468,ACC_00118,REP_007,Proposal,4224.99,2024-04-23,,2024-03-03,EMEA,Mid-Market,Subscription,Partner,1,2024-05-02
OPP_000469,ACC_01166,REP_017,Prospecting,106957.74,2025-04-18,,2025-01-24,North America,Enterprise,Subscription,Partner,0,2025-05-03
OPP_000470,ACC_00100,REP_001,Proposal,45670.72,2025-01-09,,2024-10-13,APAC,Enterprise,Subscription,Partner,0,2024-11-27
OPP_000471,ACC_00852,REP_013,Closed-Lost,6159.32,2025-11-08,2025-12-31,2025-07-28,North America,SMB,Subscription,Inbound,0,2025-07-29
OPP_000472,ACC_00768,REP_010,Proposal,3975.11,2025-10-07,,2025-08-30,North America,SMB,Subscription,Inbound,0,2025-09-04
OPP_000473,ACC_00496,REP_005,Proposal,2500.0,2025-10-06,,2025-06-02,EMEA,Mid-Market,Subscription,Inbound,1,2025-08-06
OPP_000474,ACC_01006,REP_009,Qualification,17954.01,2024-08-20,,2024-05-20,EMEA,SMB,Subscription,Inbound,0,2024-08-25
OPP_000475,ACC_01071,REP_009,Qualification,33193.34,2024-08-17,,2024-05-12,EMEA,Enterprise,Transactional,Inbound,0,2024-08-26
OPP_000476,ACC_00085,REP_003,Closed-Lost,2500.0,2025-03-18,2025-01-26,2024-11-21,APAC,SMB,Subscription,Inbound,0,2025-02-26
OPP_000477,ACC_01150,REP_020,Qualification,45407.88,2025-06-08,,2025-02-18,EMEA,Enterprise,Advertising,Inbound,0,2025-03-31
OPP_000478,ACC_00290,REP_009,Closed-Won,16049.15,2024-04-06,2024-05-27,2024-01-22,North America,SMB,Usage-Based,Inbound,0,2024-03-21
OPP_000479,ACC_00950,REP_001,Prospecting,7342.9,2025-02-18,,2024-11-28,LATAM,SMB,Usage-Based,Referral,0,2025-03-14
OPP_000480,ACC_00985,REP_001,Prospecting,10078.46,2024-04-18,,2024-02-28,North America,SMB,Subscription,Outbound,1,2024-06-07
OPP_000481,ACC_00668,REP_029,Qualification,45769.75,2024-09-24,,2024-06-23,North America,Enterprise,Subscription,Outbound,1,2024-08-17
OPP_000482,ACC_ORPHAN_5,REP_004,Closed-Lost,8048.21,2024-10-13,2024-10-16,2024-08-28,North America,Mid-Market,Advertising,Marketing,2,2024-10-25
OPP_000483,ACC_00991,REP_028,Qualification,17227.46,2024-05-09,,2024-01-28,APAC,Mid-Market,Subscription,Outbound,0,2024-02-06
OPP_000484,ACC_00628,REP_005,Closed-Won,18720.6,2024-09-06,2024-10-14,2024-06-24,APAC,SMB,Advertising,Inbound,0,2024-07-15
OPP_000485,ACC_00215,REP_003,Qualification,45919.43,2025-04-16,,2025-02-25,North America,Mid-Market,Subscription,Outbound,0,2025-04-29
OPP_000486,ACC_00522,REP_017,Negotiation,19789.21,2026-01-19,,2025-10-30,EMEA,SMB,Subscription,Inbound,0,2025-12-31
OPP_000487,ACC_01081,REP_027,Negotiation,4569.07,2025-10-25,,2025-06-06,North America,SMB,Usage-Based,Partner,0,2025-08-14
OPP_000488,ACC_00244,REP_003,Negotiation,30829.05,2024-10-25,,2024-07-24,North America,Mid-Market,Transactional,Inbound,0,2024-08-31
OPP_000489,ACC_01200,REP_010,Qualification,25989.98,2025-11-25,,2025-09-22,APAC,Mid-Market,Transactional,Outbound,0,2025-10-19
OPP_000490,ACC_00219,REP_023,Qualification,21666.94,2025-01-07,,2024-10-21,EMEA,Enterprise,Subscription,Inbound,0,2024-12-14
OPP_000491,ACC_00799,REP_003,Closed-Lost,10256.71,2024-12-01,2025-01-14,2024-08-25,EMEA,Mid-Market,Advertising,Inbound,0,2024-12-08
OPP_000492,ACC_00770,REP_006,Negotiation,32199.08,2025-08-29,,2025-07-21,APAC,Mid-Market,Subscription,Partner,1,2025-11-14
OPP_000493,ACC_00236,REP_010,Qualification,64660.65,2024-12-25,,2024-09-24,North America,Mid-Market,Subscription,Inbound,1,2024-10-01
OPP_000494,ACC_00567,REP_025,Proposal,2665.98,2025-06-02,,2025-05-09,North America,Mid-Market,Advertising,Outbound,0,2025-06-21
OPP_000495,ACC_00174,REP_025,Prospecting,227137.99,2024-08-27,,2024-04-19,APAC,Enterprise,Subscription,Inbound,0,2024-06-21
OPP_000496,ACC_00438,REP_022,Proposal,52269.05,2024-11-17,,2024-08-10,North America,Mid-Market,Subscription,Partner,0,2024-09-05
OPP_000497,ACC_01152,REP_020,Proposal,53764.59,2025-11-24,,2025-10-21,North America,Enterprise,Transactional,Outbound,0,2025-12-03
OPP_000498,ACC_00066,REP_001,Prospecting,12826.69,2024-08-31,,2024-06-12,North America,Mid-Market,Usage-Based,Marketing,0,2024-06-28
OPP_000499,ACC_01046,REP_008,Proposal,13261.18,2025-12-04,,2025-07-23,APAC,SMB,Enterprise Services,Outbound,0,2025-09-17
OPP_000500,ACC_00814,REP_028,Negotiation,8599.29,2025-04-02,,2024-11-08,EMEA,Mid-Market,Subscription,Referral,0,2025-02-22
OPP_000501,ACC_00899,REP_022,Closed-Lost,7513.58,2025-11-09,2026-03-02,2025-10-03,APAC,SMB,Advertising,Inbound,0,2026-01-22
OPP_000502,ACC_00339,REP_008,Closed-Won,2500.0,2024-11-29,2025-01-02,2024-10-05,North America,SMB,Subscription,Marketing,1,2024-10-07
OPP_000503,ACC_01139,REP_022,Proposal,2500.0,2025-01-04,,2024-11-27,EMEA,SMB,Transactional,Outbound,1,2025-02-11
OPP_000504,ACC_00305,REP_022,Closed-Won,453866.51,2024-11-27,2024-12-23,2024-09-21,APAC,Enterprise,Transactional,Outbound,0,2025-01-07
OPP_000505,ACC_00605,REP_023,Qualification,46925.99,2024-09-29,,2024-05-20,EMEA,Enterprise,Transactional,Marketing,0,2024-08-20
OPP_000506,ACC_00045,REP_030,Closed-Won,54010.88,2025-11-07,2025-12-26,2025-07-19,North America,Enterprise,Advertising,Referral,3,2025-07-27
OPP_000507,ACC_01066,REP_017,Prospecting,42724.12,2025-03-13,,2025-01-19,North America,Enterprise,Usage-Based,Marketing,0,2025-03-07
OPP_000508,ACC_00846,REP_002,Prospecting,19254.07,2025-02-04,,2024-12-04,North America,Enterprise,Subscription,Inbound,1,2025-03-04
OPP_000509,ACC_00196,REP_025,Negotiation,6601.82,2024-12-14,,2024-09-06,North America,SMB,Subscription,Outbound,0,2025-01-01
OPP_000510,ACC_00795,REP_001,Qualification,9831.55,2025-09-06,,2025-06-01,EMEA,SMB,Advertising,Inbound,2,2025-07-06
OPP_000511,ACC_00220,REP_020,Closed-Won,7372.59,2024-11-09,2024-12-04,2024-08-21,North America,SMB,Subscription,Partner,0,2024-09-24
OPP_000512,ACC_00534,REP_024,Negotiation,7690.93,2024-08-21,,2024-06-08,North America,Mid-Market,Subscription,Outbound,0,2024-07-08
OPP_000513,ACC_00615,REP_004,Prospecting,14496.34,2024-07-15,,2024-02-25,EMEA,SMB,Enterprise Services,Inbound,3,2024-06-11
OPP_000514,ACC_01118,REP_024,Proposal,19699.82,2025-11-01,,2025-08-08,APAC,Mid-Market,Transactional,Inbound,1,2025-08-30
OPP_000515,ACC_00400,REP_025,Negotiation,13294.04,2024-06-19,,2024-02-19,North America,SMB,Usage-Based,Referral,0,2024-04-03
OPP_000516,ACC_00016,REP_020,Closed-Won,18164.2,2025-12-11,2025-09-30,2025-07-20,North America,SMB,Subscription,Inbound,1,2025-08-06
OPP_000517,ACC_00520,REP_010,Closed-Won,37150.33,2024-11-12,2024-11-09,2024-09-10,North America,Enterprise,Subscription,Inbound,2,2024-12-31
OPP_000518,ACC_01112,REP_007,Proposal,7580.05,2024-05-02,,2024-01-02,North America,SMB,Advertising,Inbound,0,2024-01-10
OPP_000519,ACC_00958,REP_022,Closed-Won,71858.38,2026-01-15,2026-01-22,2025-09-12,North America,Mid-Market,Advertising,Outbound,0,2025-11-12
OPP_000520,ACC_00071,REP_005,Proposal,3491.71,2025-06-28,,2025-05-11,North America,SMB,Usage-Based,Inbound,0,2025-05-30
OPP_000521,ACC_00065,REP_021,Prospecting,2505.81,2025-06-17,,2025-04-29,EMEA,Mid-Market,Subscription,Marketing,2,2025-06-17
OPP_000522,ACC_00909,REP_006,Negotiation,15641.79,2025-02-12,,2025-01-02,North America,SMB,Enterprise Services,Inbound,0,2025-03-14
OPP_000523,ACC_00866,REP_011,Qualification,23479.94,2025-09-01,,2025-05-24,EMEA,Enterprise,Subscription,Inbound,0,2025-08-16
OPP_000524,ACC_00669,REP_016,Prospecting,3055.85,2024-07-26,,2024-03-30,North America,SMB,Subscription,Inbound,0,2024-06-06
OPP_000525,ACC_00106,REP_005,Qualification,39546.72,2024-09-30,,2024-06-05,EMEA,Mid-Market,Enterprise Services,Inbound,0,2024-07-26
OPP_000526,ACC_00337,REP_024,Closed-Won,7765.1,2025-03-10,2025-05-11,2024-12-30,North America,SMB,Subscription,Partner,0,2025-02-02
OPP_000527,ACC_01018,REP_021,Closed-Lost,12452.64,2025-08-26,2025-08-18,2025-05-07,North America,Enterprise,Subscription,Inbound,0,2025-08-11
OPP_000528,ACC_00168,REP_001,Closed-Lost,112977.74,2025-02-21,2025-03-11,2025-01-29,North America,Mid-Market,Subscription,Partner,0,2025-04-20
OPP_000529,ACC_00243,REP_026,Qualification,2500.0,2025-01-12,,2024-09-29,North America,SMB,Subscription,Outbound,0,2024-12-18
OPP_000530,ACC_00543,REP_022,Proposal,40399.53,2025-06-15,,2025-03-26,APAC,Enterprise,Enterprise Services,Inbound,0,2025-06-26
OPP_000531,ACC_00882,REP_026,Closed-Won,2500.0,2024-06-15,2024-03-21,2024-02-09,North America,Mid-Market,Transactional,Inbound,0,2024-03-07
OPP_000532,ACC_00994,REP_019,Qualification,11764.26,2025-04-30,,2024-12-06,North America,SMB,Advertising,Outbound,0,2025-04-02
OPP_000533,ACC_00711,REP_019,Proposal,23205.46,2024-12-22,,2024-09-21,North America,Enterprise,Subscription,Outbound,1,2025-01-09
OPP_000534,ACC_00591,REP_012,Qualification,99960.12,2025-03-09,,2024-11-29,EMEA,Enterprise,Subscription,Outbound,0,2025-01-21
OPP_000535,ACC_00463,REP_007,Negotiation,43298.16,2024-08-15,,2024-03-28,North America,Enterprise,Transactional,Marketing,0,2024-04-22
OPP_000536,ACC_00053,REP_008,Negotiation,62982.22,2025-10-31,,2025-08-28,APAC,Mid-Market,Usage-Based,Inbound,0,2025-10-12
OPP_000537,ACC_00322,REP_010,Qualification,10617.79,2025-09-01,,2025-07-25,North America,Mid-Market,Subscription,Outbound,1,2025-09-10
OPP_000538,ACC_00258,REP_009,Prospecting,2500.0,2025-12-17,,2025-09-23,North America,SMB,Subscription,Outbound,1,2026-01-17
OPP_000539,ACC_00069,REP_023,Closed-Won,11380.76,2025-09-20,2025-09-09,2025-07-16,North America,SMB,Subscription,Inbound,3,2025-08-20
OPP_000540,ACC_00895,REP_016,Negotiation,12675.71,2025-07-01,,2025-03-21,EMEA,Mid-Market,Subscription,Outbound,0,2025-07-12
OPP_000541,ACC_00425,REP_013,Qualification,2645.83,2024-11-09,,2024-07-11,North America,Mid-Market,Subscription,Partner,0,2024-08-08
OPP_000542,ACC_00612,REP_022,Qualification,5679.51,2024-06-10,,2024-03-17,APAC,Mid-Market,Subscription,Partner,0,2024-07-06
OPP_000543,ACC_00241,REP_022,Closed-Lost,21080.83,2025-04-14,2025-03-01,2025-02-13,North America,Enterprise,Transactional,Partner,0,2025-06-04
OPP_000544,ACC_00710,REP_029,Negotiation,42512.2,2025-12-28,,2025-09-26,EMEA,SMB,Subscription,Inbound,3,2025-12-08
OPP_000545,ACC_00164,REP_010,Negotiation,18207.86,2024-11-16,,2024-08-31,North America,SMB,Advertising,Outbound,0,2024-09-13
OPP_000546,ACC_00814,REP_008,Negotiation,11524.9,2025-12-10,,2025-10-27,EMEA,Mid-Market,Subscription,Marketing,1,2026-01-09
OPP_000547,ACC_00887,REP_001,Closed-Lost,14371.94,2024-08-11,2024-07-16,2024-04-13,North America,SMB,Subscription,Outbound,3,2024-07-31
OPP_000548,ACC_00374,REP_005,Proposal,2500.0,2024-09-09,,2024-07-08,North America,SMB,Transactional,Partner,1,2024-10-27
OPP_000549,ACC_00256,REP_019,Qualification,9275.15,2025-06-09,,2025-03-11,North America,Mid-Market,Usage-Based,Partner,0,2025-05-05
OPP_000550,ACC_00937,REP_025,Proposal,65791.58,2025-04-13,,2024-11-26,EMEA,Enterprise,Usage-Based,Outbound,2,2025-01-23
OPP_000551,ACC_00268,REP_019,Closed-Won,10588.66,2025-07-07,2025-08-15,2025-05-24,North America,SMB,Usage-Based,Inbound,0,2025-07-09
OPP_000552,ACC_00214,REP_030,Prospecting,9515.18,2024-11-02,,2024-08-19,EMEA,Mid-Market,Advertising,Partner,0,2024-09-14
OPP_000553,ACC_00409,REP_019,Qualification,8637.38,2025-07-15,,2025-06-03,North America,SMB,Transactional,Outbound,0,2025-08-20
OPP_000554,ACC_01160,REP_027,Qualification,22882.06,2024-10-04,,2024-07-20,North America,Mid-Market,Subscription,Inbound,2,2024-11-15
OPP_000555,ACC_00556,REP_009,Negotiation,8891.1,2024-06-07,,2024-04-09,LATAM,SMB,Subscription,Inbound,1,2024-05-11
OPP_000556,ACC_00316,REP_010,Negotiation,21229.92,2025-06-04,,2025-01-16,LATAM,SMB,Advertising,Inbound,0,2025-04-27
OPP_000557,ACC_00617,REP_025,Proposal,22442.28,2025-02-06,,2024-12-09,North America,Mid-Market,Subscription,Partner,1,2024-12-21
OPP_000558,ACC_00419,REP_020,Qualification,14964.01,2025-04-23,,2025-01-14,North America,SMB,Usage-Based,Inbound,0,2025-01-21
OPP_000559,ACC_00798,REP_015,Closed-Won,49797.39,2024-02-23,2024-04-04,2024-01-17,North America,SMB,Subscription,Marketing,1,2024-05-04
OPP_000560,ACC_00527,REP_029,Prospecting,100786.34,2024-12-20,,2024-10-02,EMEA,Enterprise,Subscription,Referral,0,2024-10-16
OPP_000561,ACC_00707,REP_023,Closed-Won,93056.16,2024-07-07,2024-08-17,2024-03-01,North America,Mid-Market,Subscription,Referral,0,2024-04-20
OPP_000562,ACC_00524,REP_009,Qualification,8333.89,2025-10-08,,2025-06-23,North America,Mid-Market,Subscription,Inbound,0,2025-10-06
OPP_000563,ACC_00579,REP_019,Closed-Lost,8962.8,2024-04-20,2024-04-18,2024-02-24,North America,Enterprise,Enterprise Services,Outbound,2,2024-04-06
OPP_000564,ACC_00537,REP_012,Proposal,14181.86,2026-02-09,,2025-09-16,EMEA,Mid-Market,Subscription,Marketing,3,2025-10-22
OPP_000565,ACC_00473,REP_013,Negotiation,7162.16,2024-06-11,,2024-02-08,APAC,SMB,Enterprise Services,Partner,0,2024-02-13
OPP_000566,ACC_01157,REP_025,Prospecting,38621.99,2025-04-26,,2025-02-13,North America,SMB,Usage-Based,Inbound,0,2025-05-07
OPP_000567,ACC_00319,REP_021,Qualification,2898.99,2025-01-04,,2024-08-11,North America,SMB,Advertising,Marketing,0,2024-09-19
OPP_000568,ACC_00967,REP_001,Closed-Won,40715.85,2024-04-28,2024-08-10,2024-03-15,North America,Enterprise,Advertising,Partner,1,2024-03-30
OPP_000569,ACC_00852,REP_018,Negotiation,13458.18,2024-10-29,,2024-08-27,North America,SMB,Subscription,Marketing,0,2024-10-23
OPP_000570,ACC_00634,REP_020,Closed-Won,9919.58,2024-06-15,2024-03-13,2024-01-27,North America,SMB,Advertising,Referral,0,2024-02-17
OPP_000571,ACC_00382,REP_016,Negotiation,37112.98,2025-09-05,,2025-04-12,North America,Enterprise,Usage-Based,Referral,0,2025-07-23
OPP_000572,ACC_00581,REP_009,Negotiation,23355.05,2025-12-11,,2025-08-06,North America,Mid-Market,Usage-Based,Outbound,0,2025-11-03
OPP_000573,ACC_01020,REP_020,Closed-Won,26403.73,2024-09-22,2024-12-02,2024-08-09,North America,SMB,Advertising,Inbound,2,2024-12-04
OPP_000574,ACC_00219,REP_029,Proposal,204637.88,2024-12-08,,2024-10-21,EMEA,Enterprise,Subscription,Partner,0,2025-02-15
OPP_000575,ACC_00704,REP_003,Closed-Lost,45526.92,2024-07-17,2024-09-08,2024-04-04,EMEA,Enterprise,Subscription,Partner,0,2024-07-13
OPP_000576,ACC_00918,REP_019,Proposal,3969.19,2024-12-16,,2024-11-19,LATAM,SMB,Transactional,Partner,0,2025-01-18
OPP_000577,ACC_00761,REP_028,Qualification,75700.05,2026-02-21,,2025-09-26,LATAM,Mid-Market,Subscription,Outbound,0,2025-10-17
OPP_000578,ACC_00173,REP_013,Closed-Won,3054.98,2025-05-17,2025-05-28,2024-12-26,North America,SMB,Subscription,Partner,0,2025-01-01
OPP_000579,ACC_00611,REP_011,Prospecting,97790.12,2025-12-12,,2025-08-09,North America,Mid-Market,Transactional,Outbound,0,2025-08-20
OPP_000580,ACC_00220,REP_008,Qualification,34416.74,2025-10-29,,2025-06-06,North America,SMB,Subscription,Referral,1,2025-07-04
OPP_000581,ACC_01115,REP_007,Prospecting,195370.02,2024-05-12,,2024-03-24,North America,Enterprise,Usage-Based,Marketing,0,2024-07-08
OPP_000582,ACC_00423,REP_012,Proposal,17810.69,2024-06-18,,2024-02-05,North America,SMB,Transactional,Outbound,0,2024-03-02
OPP_000583,ACC_00506,REP_024,Negotiation,2500.0,2024-10-23,,2024-08-31,EMEA,Mid-Market,Subscription,Partner,0,2024-09-12
OPP_000584,ACC_01029,REP_006,Prospecting,5772.61,2025-10-26,,2025-09-21,North America,Mid-Market,Advertising,Partner,0,2026-01-11
OPP_000585,ACC_00513,REP_007,Qualification,12198.29,2024-06-15,,2024-04-22,North America,SMB,Subscription,Outbound,0,2024-06-13
OPP_000586,ACC_00233,REP_030,Qualification,22417.67,2024-05-29,,2024-01-30,North America,Enterprise,Usage-Based,Inbound,1,2024-03-20
OPP_000587,ACC_01072,REP_030,Qualification,11905.08,2026-02-23,,2025-10-04,North America,Mid-Market,Subscription,Partner,0,2025-11-09
OPP_000588,ACC_00778,REP_007,Prospecting,16563.74,2024-08-19,,2024-05-12,EMEA,SMB,Advertising,Marketing,1,2024-09-02
OPP_000589,ACC_00726,REP_013,Qualification,7571.82,2024-10-16,,2024-08-26,LATAM,SMB,Subscription,Outbound,0,2024-10-07
OPP_000590,ACC_00091,REP_013,Closed-Won,2652.19,2025-09-12,2025-09-26,2025-06-06,North America,SMB,Subscription,Marketing,0,2025-09-17
OPP_000591,ACC_00539,REP_009,Closed-Won,21759.85,2024-05-31,2024-04-24,2024-03-06,APAC,SMB,Advertising,Referral,0,2024-07-03
OPP_000592,ACC_00552,REP_005,Qualification,15018.92,2024-07-20,,2024-04-24,APAC,SMB,Subscription,Marketing,1,2024-06-17
OPP_000593,ACC_00315,REP_002,Qualification,6996.51,2025-07-05,,2025-05-01,North America,SMB,Transactional,Referral,0,2025-07-24
OPP_000594,ACC_00678,REP_019,Prospecting,33231.92,2024-02-12,,2024-01-05,North America,Mid-Market,Usage-Based,Outbound,1,2024-01-08
OPP_000595,ACC_00295,REP_002,Proposal,48450.54,2025-06-26,,2025-04-21,LATAM,Enterprise,Subscription,Marketing,0,2025-07-24
OPP_000596,ACC_00566,REP_019,Proposal,61781.62,2025-05-13,,2024-12-29,LATAM,Mid-Market,Transactional,Referral,0,2025-04-24
OPP_000597,ACC_00962,REP_003,Closed-Lost,10439.7,2024-08-22,2024-08-26,2024-06-10,LATAM,SMB,Subscription,Partner,0,2024-07-04
OPP_000598,ACC_00883,REP_005,Closed-Won,165574.98,2025-03-09,2025-05-11,2025-02-15,North America,Enterprise,Subscription,Inbound,0,2025-02-17
OPP_000599,ACC_00336,REP_001,Proposal,2505.76,2024-10-06,,2024-08-03,North America,Mid-Market,Subscription,Inbound,0,2024-08-09
OPP_000600,ACC_00250,REP_012,Prospecting,14205.46,2025-12-15,,2025-09-27,LATAM,SMB,Subscription,Outbound,0,2026-01-07
OPP_000601,ACC_00007,REP_010,Negotiation,10961.43,2025-01-10,,2024-10-05,North America,Mid-Market,Transactional,Marketing,0,2024-11-04
OPP_000602,ACC_00415,REP_010,Closed-Lost,3801.35,2025-08-27,2025-10-17,2025-05-16,North America,SMB,Advertising,Outbound,0,2025-07-05
OPP_000603,ACC_00024,REP_010,Prospecting,140330.04,2024-09-11,,2024-06-28,EMEA,Enterprise,Usage-Based,Marketing,1,2024-08-07
OPP_000604,ACC_00154,REP_029,Closed-Won,39699.24,2025-08-19,2025-09-27,2025-07-12,LATAM,Mid-Market,Subscription,Marketing,1,2025-08-17
OPP_000605,ACC_01175,REP_013,Qualification,2500.0,2024-09-27,,2024-07-12,LATAM,Mid-Market,Subscription,Inbound,0,2024-08-01
OPP_000606,ACC_01027,REP_025,Closed-Won,90106.48,2024-12-26,2025-05-06,2024-12-06,EMEA,Enterprise,Advertising,Inbound,0,2025-01-24
OPP_000607,ACC_00672,REP_007,Qualification,29559.13,2025-09-14,,2025-06-21,North America,Mid-Market,Subscription,Partner,0,2025-10-09
OPP_000608,ACC_00930,REP_015,Negotiation,7918.27,2025-11-28,,2025-09-12,North America,Mid-Market,Enterprise Services,Inbound,0,2025-10-25
OPP_000609,ACC_00587,REP_002,Qualification,3892.7,2025-07-23,,2025-05-18,North America,SMB,Subscription,Referral,0,2025-08-22
OPP_000610,ACC_00722,REP_008,Negotiation,2500.0,2025-07-07,,2025-03-23,North America,SMB,Subscription,Marketing,0,2025-06-14
OPP_000611,ACC_01102,REP_003,Negotiation,6403.7,2025-08-05,,2025-04-09,North America,SMB,Subscription,Outbound,0,2025-07-13
OPP_000612,ACC_00095,REP_001,Negotiation,7515.14,2024-11-22,,2024-09-29,EMEA,SMB,Enterprise Services,Partner,0,2024-12-07
OPP_000613,ACC_00423,REP_006,Closed-Won,19913.63,2025-06-29,2025-09-24,2025-04-05,North America,SMB,Transactional,Marketing,0,2025-05-20
OPP_000614,ACC_00143,REP_005,Prospecting,57678.06,2025-04-16,,2025-01-20,EMEA,Enterprise,Subscription,Marketing,0,2025-02-20
OPP_000615,ACC_00954,REP_010,Closed-Won,3109.62,2025-03-11,2025-01-17,2024-12-15,APAC,SMB,Advertising,Outbound,0,2025-01-18
OPP_000616,ACC_00988,REP_023,Qualification,11396.22,2024-10-08,,2024-07-28,APAC,SMB,Subscription,Referral,0,2024-09-29
OPP_000617,ACC_00867,REP_005,Closed-Won,34173.52,2024-10-09,2025-02-08,2024-08-23,North America,Enterprise,Advertising,Outbound,1,2024-10-11
OPP_000618,ACC_00731,REP_019,Prospecting,3523.95,2024-05-04,,2024-03-23,North America,SMB,Usage-Based,Inbound,0,2024-05-11
OPP_000619,ACC_00573,REP_011,Proposal,3329.22,2025-05-21,,2025-04-27,North America,Mid-Market,Transactional,Partner,0,2025-06-10
OPP_000620,ACC_00029,REP_013,Proposal,16763.62,2024-02-10,,2024-01-15,APAC,SMB,Enterprise Services,Marketing,1,2024-05-04
OPP_000621,ACC_00930,REP_028,Closed-Lost,25499.07,2024-07-21,2024-07-04,2024-03-18,North America,Mid-Market,Enterprise Services,Referral,0,2024-06-03
OPP_000622,ACC_01073,REP_014,Negotiation,15661.05,2024-08-13,,2024-07-15,North America,SMB,Subscription,Inbound,0,2024-10-30
OPP_000623,ACC_01159,REP_008,Prospecting,4332.58,2024-08-13,,2024-04-04,EMEA,SMB,Subscription,Outbound,1,2024-07-24
OPP_000624,ACC_00411,REP_008,Closed-Won,19362.24,2025-09-30,2025-09-08,2025-05-17,North America,Mid-Market,Subscription,Partner,1,2025-07-30
OPP_000625,ACC_00241,REP_006,Qualification,11135.43,2024-05-15,,2024-03-25,North America,Enterprise,Transactional,Marketing,2,2024-04-05
OPP_000626,ACC_00785,REP_025,Qualification,16426.79,2025-01-17,,2024-11-01,EMEA,Enterprise,Transactional,Partner,2,2025-02-24
OPP_000627,ACC_00022,REP_020,Proposal,9282.58,2025-07-10,,2025-05-05,North America,SMB,Usage-Based,Inbound,1,2025-07-01
OPP_000628,ACC_00073,REP_009,Closed-Won,57274.16,2025-04-10,2025-04-04,2025-01-29,EMEA,Enterprise,Subscription,Marketing,0,2025-03-15
OPP_000629,ACC_00986,REP_015,Closed-Lost,8642.39,2025-04-07,2025-04-11,2025-01-31,EMEA,Enterprise,Advertising,Partner,0,2025-03-22
OPP_000630,ACC_01149,REP_016,Closed-Lost,5667.23,2024-10-21,2024-11-30,2024-08-18,North America,Mid-Market,Transactional,Marketing,0,2024-08-29
OPP_000631,ACC_00485,REP_002,Qualification,6227.75,2025-02-13,,2024-10-28,North America,SMB,Enterprise Services,Marketing,0,2025-01-16
OPP_000632,ACC_00610,REP_028,Prospecting,23404.46,2025-08-09,,2025-05-28,APAC,SMB,Subscription,Inbound,2,2025-06-03
OPP_000633,ACC_ORPHAN_8,REP_024,Closed-Won,3980.09,2024-12-29,2025-01-01,2024-11-15,North America,SMB,Advertising,Referral,0,2025-02-09
OPP_000634,ACC_00167,REP_017,Qualification,50707.4,2025-06-21,,2025-04-13,North America,Enterprise,Advertising,Outbound,2,2025-07-22
OPP_000635,ACC_00267,REP_022,Negotiation,11470.75,2025-12-02,,2025-07-08,EMEA,SMB,Subscription,Referral,0,2025-08-28
OPP_000636,ACC_00359,REP_004,Closed-Lost,12712.08,2024-11-08,2024-10-24,2024-06-13,North America,Mid-Market,Advertising,Inbound,0,2024-07-29
OPP_000637,ACC_01011,REP_030,Qualification,21333.2,2024-04-19,,2024-03-22,North America,Mid-Market,Subscription,Marketing,1,2024-06-11
OPP_000638,ACC_00526,REP_020,Proposal,2500.0,2025-02-08,,2024-11-06,North America,SMB,Enterprise Services,Inbound,0,2025-02-17
OPP_000639,ACC_00866,REP_029,Closed-Lost,22867.33,2025-02-06,2025-01-16,2024-09-13,EMEA,Enterprise,Subscription,Inbound,0,2024-09-25
OPP_000640,ACC_00234,REP_026,Negotiation,68484.3,2024-05-25,,2024-04-10,North America,Mid-Market,Subscription,Referral,0,2024-06-04
OPP_000641,ACC_01145,REP_018,Closed-Lost,40413.85,2025-06-21,2025-06-09,2025-05-24,North America,SMB,Usage-Based,Inbound,0,2025-07-02
OPP_000642,ACC_01061,REP_009,Negotiation,102351.94,2025-04-10,,2025-02-22,EMEA,Enterprise,Subscription,Inbound,0,2025-02-24
OPP_000643,ACC_00571,REP_021,Qualification,26972.02,2025-05-16,,2025-03-16,North America,SMB,Transactional,Marketing,1,2025-03-18
OPP_000644,ACC_00271,REP_016,Closed-Won,2500.0,2025-09-08,2025-06-08,2025-04-20,North America,SMB,Subscription,Outbound,2,2025-06-22
OPP_000645,ACC_01172,REP_013,Closed-Won,6318.92,2024-12-09,2025-01-25,2024-10-18,North America,Mid-Market,Advertising,Partner,1,2025-01-17
OPP_000646,ACC_00970,REP_022,Closed-Lost,6575.21,2025-02-08,2025-04-23,2024-12-07,EMEA,SMB,Advertising,Referral,1,2025-02-16
OPP_000647,ACC_00614,REP_027,Proposal,493310.32,2024-07-22,,2024-05-30,North America,Enterprise,Subscription,Outbound,1,2024-06-29
OPP_000648,ACC_00322,REP_006,Proposal,11931.25,2025-07-14,,2025-05-05,North America,Mid-Market,Subscription,Inbound,0,2025-06-28
OPP_000649,ACC_00746,REP_017,Qualification,34368.79,2026-02-22,,2025-09-26,North America,Mid-Market,Subscription,Partner,1,2026-01-19
OPP_000650,ACC_00445,REP_024,Qualification,13102.19,2025-09-07,,2025-08-08,North America,SMB,Subscription,Partner,1,2025-11-16
OPP_000651,ACC_00809,REP_010,Closed-Lost,23298.02,2024-12-18,2024-12-02,2024-09-30,North America,Mid-Market,Subscription,Inbound,0,2024-10-15
OPP_000652,ACC_00999,REP_011,Closed-Lost,43032.94,2024-05-12,2024-07-13,2024-02-03,EMEA,Enterprise,Usage-Based,Outbound,0,2024-04-20
OPP_000653,ACC_00588,REP_001,Proposal,2703.03,2025-09-15,,2025-08-11,North America,SMB,Enterprise Services,Outbound,1,2025-10-25
OPP_000654,ACC_00058,REP_010,Closed-Lost,2500.0,2025-02-14,2025-05-03,2025-01-20,EMEA,Mid-Market,Advertising,Inbound,3,2025-03-05
OPP_000655,ACC_00676,REP_018,Proposal,32338.23,2025-10-30,,2025-06-05,North America,SMB,Subscription,Inbound,3,2025-07-19
OPP_000656,ACC_01031,REP_030,Closed-Won,8808.76,2024-09-12,2024-10-31,2024-07-20,EMEA,Mid-Market,Subscription,Marketing,0,2024-10-14
OPP_000657,ACC_00268,REP_016,Negotiation,2500.0,2025-09-20,,2025-07-31,North America,SMB,Usage-Based,Inbound,1,2025-11-20
OPP_000658,ACC_01152,REP_009,Closed-Won,68269.12,2025-09-18,2025-08-17,2025-07-15,North America,Enterprise,Transactional,Inbound,0,2025-08-23
OPP_000659,ACC_00435,REP_025,Closed-Won,13642.6,2024-02-10,2024-05-09,2024-01-12,EMEA,SMB,Advertising,Referral,1,2024-05-02
OPP_000660,ACC_00821,REP_006,Negotiation,19342.41,2025-02-21,,2025-01-13,North America,SMB,Transactional,Outbound,1,2025-04-23
OPP_000661,ACC_00843,REP_006,Closed-Won,49797.28,2024-12-08,2025-04-13,2024-11-15,APAC,Mid-Market,Transactional,Referral,2,2024-11-22
OPP_000662,ACC_00219,REP_016,Proposal,17575.57,2025-06-13,,2025-03-16,EMEA,Enterprise,Subscription,Marketing,3,2025-04-19
OPP_000663,ACC_00047,REP_025,Closed-Won,3741.27,2024-09-10,2024-08-10,2024-06-22,North America,SMB,Subscription,Outbound,0,2024-08-14
OPP_000664,ACC_01139,REP_007,Qualification,6525.41,2024-04-30,,2024-03-06,EMEA,SMB,Transactional,Outbound,3,2024-05-25
OPP_000665,ACC_00841,REP_001,Qualification,20410.47,2024-11-18,,2024-07-02,North America,SMB,Transactional,Inbound,1,2024-07-29
OPP_000666,ACC_00758,REP_022,Closed-Won,5380.91,2025-02-15,2025-04-01,2024-12-18,North America,Enterprise,Usage-Based,Inbound,0,2025-02-06
OPP_000667,ACC_00365,REP_018,Closed-Won,18549.65,2024-07-21,2024-07-15,2024-06-29,EMEA,Mid-Market,Usage-Based,Inbound,0,2024-07-11
OPP_000668,ACC_00130,REP_021,Closed-Lost,41444.97,2024-12-08,2024-12-25,2024-11-06,North America,Mid-Market,Subscription,Outbound,1,2024-11-19
OPP_000669,ACC_00327,REP_012,Qualification,39769.54,2025-01-09,,2024-09-17,North America,Mid-Market,Usage-Based,Outbound,0,2024-11-08
OPP_000670,ACC_00658,REP_004,Prospecting,18228.19,2025-07-08,,2025-04-10,EMEA,SMB,Enterprise Services,Marketing,0,2025-06-24
OPP_000671,ACC_00833,REP_010,Proposal,25982.11,2024-11-24,,2024-10-02,North America,SMB,Subscription,Inbound,0,2024-11-25
OPP_000672,ACC_00383,REP_015,Closed-Lost,2500.0,2024-05-28,2024-05-02,2024-04-06,North America,Mid-Market,Transactional,Outbound,0,2024-05-22
OPP_000673,ACC_00258,REP_013,Closed-Lost,45054.66,2025-04-17,2025-07-19,2025-02-28,North America,SMB,Subscription,Inbound,0,2025-04-29
OPP_000674,ACC_00300,REP_027,Closed-Won,22706.46,2024-08-04,2024-11-17,2024-05-22,APAC,Mid-Market,Enterprise Services,Inbound,1,2024-08-06
OPP_000675,ACC_01155,REP_007,Proposal,61985.22,2024-11-08,,2024-07-20,North America,Mid-Market,Usage-Based,Marketing,0,2024-10-13
OPP_000676,ACC_00757,REP_010,Closed-Lost,2772.57,2025-07-29,2025-05-09,2025-04-18,North America,SMB,Transactional,Partner,0,2025-06-22
OPP_000677,ACC_01189,REP_006,Qualification,2500.0,2024-10-26,,2024-07-01,LATAM,SMB,Subscription,Outbound,0,2024-07-12
OPP_000678,ACC_00008,REP_018,Closed-Lost,97380.15,2024-03-07,2024-06-20,2024-02-11,EMEA,Mid-Market,Usage-Based,Partner,1,2024-02-16
OPP_000679,ACC_00550,REP_025,Negotiation,3553.33,2024-11-29,,2024-08-29,North America,SMB,Subscription,Outbound,0,2024-10-09
OPP_000680,ACC_00549,REP_027,Proposal,11957.94,2025-01-13,,2024-09-16,EMEA,Mid-Market,Transactional,Marketing,1,2024-10-11
OPP_000681,ACC_00482,REP_007,Negotiation,15208.62,2025-05-20,,2025-04-04,North America,SMB,Subscription,Outbound,1,2025-06-07
OPP_000682,ACC_00470,REP_013,Closed-Won,35344.1,2025-07-24,2025-08-10,2025-04-20,North America,Mid-Market,Usage-Based,Marketing,2,2025-07-13
OPP_000683,ACC_00095,REP_023,Qualification,26385.75,2024-01-21,,2024-01-01,EMEA,SMB,Enterprise Services,Inbound,0,2024-01-31
OPP_000684,ACC_00039,REP_002,Prospecting,11221.08,2025-10-07,,2025-05-22,North America,SMB,Subscription,Outbound,0,2025-07-17
OPP_000685,ACC_00934,REP_022,Closed-Won,5685.59,2025-09-07,2025-09-22,2025-05-15,APAC,Mid-Market,Transactional,Outbound,0,2025-06-10
OPP_000686,ACC_00529,REP_005,Closed-Lost,33078.3,2024-08-04,2024-08-01,2024-04-26,North America,Mid-Market,Advertising,Inbound,0,2024-06-21
OPP_000687,ACC_00196,REP_002,Negotiation,18485.08,2024-11-20,,2024-08-15,North America,SMB,Subscription,Partner,0,2024-09-29
OPP_000688,ACC_00418,REP_004,Qualification,2657.03,2025-09-12,,2025-05-28,North America,Mid-Market,Subscription,Partner,0,2025-05-29
OPP_000689,ACC_01120,REP_027,Negotiation,182031.79,2025-04-05,,2025-01-21,North America,Enterprise,Transactional,Inbound,0,2025-04-11
OPP_000690,ACC_00562,REP_021,Prospecting,2500.0,2025-01-07,,2024-08-15,North America,SMB,Subscription,Referral,0,2024-09-21
OPP_000691,ACC_01189,REP_024,Qualification,25249.93,2025-07-11,,2025-05-25,LATAM,SMB,Subscription,Inbound,0,2025-08-22
OPP_000692,ACC_00194,REP_021,Prospecting,23368.44,2025-07-02,,2025-02-27,North America,Enterprise,Advertising,Marketing,0,2025-05-18
OPP_000693,ACC_00147,REP_024,Proposal,18172.64,2025-04-06,,2024-12-08,EMEA,SMB,Transactional,Outbound,1,2025-01-01
OPP_000694,ACC_00677,REP_015,Qualification,73382.88,2024-05-12,,2024-01-05,North America,Enterprise,Subscription,Inbound,0,2024-04-20
OPP_000695,ACC_00820,REP_025,Prospecting,8647.63,2025-04-07,,2025-03-09,North America,SMB,Enterprise Services,Inbound,0,2025-03-12
OPP_000696,ACC_01178,REP_002,Qualification,14090.41,2024-07-16,,2024-04-30,North America,SMB,Enterprise Services,Partner,0,2024-07-08
OPP_000697,ACC_00560,REP_018,Negotiation,14966.23,2025-12-20,,2025-09-08,APAC,Mid-Market,Subscription,Marketing,1,2025-12-13
OPP_000698,ACC_00241,REP_023,Qualification,89967.39,2024-08-14,,2024-05-06,North America,Enterprise,Transactional,Partner,1,2024-07-10
OPP_000699,ACC_00650,REP_030,Qualification,79812.45,2024-05-09,,2024-01-21,North America,SMB,Subscription,Outbound,0,2024-03-28
OPP_000700,ACC_00369,REP_011,Negotiation,2500.0,2024-12-20,,2024-09-09,North America,SMB,Advertising,Inbound,0,2024-11-04
OPP_000701,ACC_00216,REP_006,Closed-Won,2500.0,2024-10-10,2025-02-16,2024-08-22,North America,Mid-Market,Subscription,Marketing,1,2024-08-30
OPP_000702,ACC_00107,REP_022,Closed-Won,5922.35,2024-12-29,2024-09-14,2024-08-24,APAC,SMB,Enterprise Services,Marketing,1,2024-11-13
OPP_000703,ACC_00869,REP_003,Proposal,5531.07,2025-12-03,,2025-09-12,EMEA,SMB,Transactional,Outbound,0,2026-01-04
OPP_000704,ACC_00772,REP_024,Closed-Won,11186.15,2024-11-25,2024-08-10,2024-07-02,North America,Mid-Market,Advertising,Marketing,0,2024-10-05
OPP_000705,ACC_00200,REP_022,Closed-Won,3553.63,2025-10-10,2025-09-09,2025-07-15,EMEA,SMB,Enterprise Services,Partner,0,2025-07-22
OPP_000706,ACC_00671,REP_021,Closed-Won,21473.98,2024-07-17,2024-09-10,2024-04-19,EMEA,SMB,Subscription,Outbound,1,2024-05-16
OPP_000707,ACC_01063,REP_009,Proposal,2500.0,2025-05-24,,2025-02-17,EMEA,SMB,Subscription,Partner,0,2025-05-28
OPP_000708,ACC_00982,REP_004,Prospecting,25610.95,2024-08-08,,2024-03-28,LATAM,Mid-Market,Enterprise Services,Inbound,1,2024-06-21
OPP_000709,ACC_00545,REP_019,Qualification,16994.22,2024-10-17,,2024-06-02,North America,SMB,Subscription,Inbound,1,2024-07-16
OPP_000710,ACC_00069,REP_011,Qualification,12315.68,2024-07-14,,2024-04-09,North America,SMB,Subscription,Marketing,1,2024-05-09
OPP_000711,ACC_00762,REP_012,Proposal,14607.73,2024-11-08,,2024-08-09,North America,SMB,Advertising,Referral,3,2024-10-04
OPP_000712,ACC_00620,REP_006,Closed-Lost,23188.93,2024-12-01,2024-12-01,2024-11-04,North America,SMB,Subscription,Outbound,0,2024-11-08
OPP_000713,ACC_01107,REP_011,Qualification,9468.52,2025-08-25,,2025-07-28,EMEA,SMB,Transactional,Inbound,1,2025-08-08
OPP_000714,ACC_00664,REP_025,Negotiation,6346.55,2025-09-13,,2025-05-21,EMEA,SMB,Usage-Based,Inbound,1,2025-05-30
OPP_000715,ACC_00886,REP_027,Closed-Lost,14596.45,2025-06-15,2025-05-17,2025-04-12,North America,SMB,Enterprise Services,Outbound,1,2025-07-20
OPP_000716,ACC_00635,REP_011,Negotiation,16358.93,2025-02-07,,2024-11-23,EMEA,SMB,Transactional,Partner,0,2024-11-29
OPP_000717,ACC_00650,REP_005,Qualification,21847.55,2024-10-19,,2024-07-10,North America,SMB,Subscription,Inbound,0,2024-09-14
OPP_000718,ACC_00381,REP_002,Closed-Lost,2944.24,2024-09-03,2024-11-29,2024-07-17,EMEA,Mid-Market,Transactional,Inbound,3,2024-08-20
OPP_000719,ACC_00484,REP_006,Proposal,7469.86,2024-05-31,,2024-03-29,North America,SMB,Transactional,Marketing,0,2024-06-28
OPP_000720,ACC_00356,REP_001,Prospecting,5623.06,2025-04-15,,2025-03-21,North America,Mid-Market,Advertising,Inbound,2,2025-04-06
OPP_000721,ACC_00555,REP_021,Proposal,15726.9,2025-10-04,,2025-06-07,LATAM,SMB,Subscription,Outbound,0,2025-09-24
OPP_000722,ACC_01142,REP_020,Qualification,33749.1,2025-03-29,,2025-01-02,EMEA,Mid-Market,Transactional,Marketing,0,2025-01-13
OPP_000723,ACC_00411,REP_024,Closed-Won,12401.68,2025-03-06,2025-04-15,2025-01-21,North America,Mid-Market,Subscription,Inbound,2,2025-05-02
OPP_000724,ACC_00556,REP_010,Qualification,4328.15,2024-12-12,,2024-09-06,LATAM,SMB,Subscription,Outbound,1,2024-09-24
OPP_000725,ACC_01136,REP_025,Closed-Won,16303.36,2025-11-14,2026-02-15,2025-10-07,EMEA,SMB,Transactional,Inbound,0,2025-10-11
OPP_000726,ACC_00182,REP_006,Prospecting,38561.49,2025-12-16,,2025-08-17,North America,Enterprise,Advertising,Outbound,0,2025-08-22
OPP_000727,ACC_00304,REP_007,Closed-Lost,67945.87,2024-11-18,2024-12-13,2024-09-29,EMEA,Mid-Market,Subscription,Marketing,0,2024-12-31
OPP_000728,ACC_00592,REP_028,Prospecting,52844.88,2025-07-14,,2025-05-20,North America,SMB,Transactional,Partner,0,2025-06-30
OPP_000729,ACC_00492,REP_027,Closed-Lost,44387.41,2025-01-01,2024-09-19,2024-08-21,North America,Mid-Market,Transactional,Inbound,0,2024-10-10
OPP_000730,ACC_00410,REP_018,Prospecting,55598.37,2024-07-17,,2024-03-23,North America,Enterprise,Subscription,Inbound,0,2024-06-29
OPP_000731,ACC_00934,REP_019,Closed-Lost,101272.98,2024-10-29,2024-11-03,2024-07-13,APAC,Mid-Market,Transactional,Inbound,0,2024-08-14
OPP_000732,ACC_00599,REP_022,Closed-Won,56048.47,2025-10-19,2025-08-15,2025-07-13,EMEA,Enterprise,Subscription,Marketing,0,2025-09-17
OPP_000733,ACC_00438,REP_025,Negotiation,10105.21,2025-02-13,,2024-11-18,North America,Mid-Market,Subscription,Marketing,2,2024-12-24
OPP_000734,ACC_00575,REP_007,Prospecting,22424.54,2025-09-15,,2025-08-02,EMEA,Enterprise,Subscription,Partner,1,2025-08-10
OPP_000735,ACC_01064,REP_003,Negotiation,8074.76,2024-10-02,,2024-08-04,EMEA,Mid-Market,Subscription,Inbound,0,2024-12-01
OPP_000736,ACC_01181,REP_006,Negotiation,16214.0,2025-03-29,,2024-11-04,North America,Mid-Market,Subscription,Referral,3,2024-12-19
OPP_000737,ACC_00292,REP_011,Negotiation,14260.52,2024-07-07,,2024-02-19,APAC,SMB,Enterprise Services,Marketing,0,2024-05-30
OPP_000738,ACC_00049,REP_008,Negotiation,3963.34,2025-09-29,,2025-06-07,North America,Mid-Market,Subscription,Inbound,0,2025-07-29
OPP_000739,ACC_00038,REP_016,Closed-Lost,5728.66,2024-12-10,2024-10-30,2024-07-28,North America,SMB,Subscription,Outbound,0,2024-11-09
OPP_000740,ACC_00535,REP_005,Closed-Lost,11103.48,2024-07-04,2024-08-09,2024-03-02,North America,SMB,Subscription,Outbound,2,2024-03-23
OPP_000741,ACC_00755,REP_018,Proposal,31058.45,2024-08-05,,2024-05-26,EMEA,Mid-Market,Subscription,Partner,0,2024-07-30
OPP_000742,ACC_00062,REP_022,Prospecting,8745.03,2025-07-12,,2025-03-21,APAC,SMB,Subscription,Outbound,0,2025-05-05
OPP_000743,ACC_00610,REP_003,Prospecting,11460.61,2025-10-25,,2025-06-30,APAC,SMB,Subscription,Inbound,2,2025-10-27
OPP_000744,ACC_00480,REP_009,Closed-Won,2600.97,2025-11-07,2025-11-15,2025-10-01,EMEA,SMB,Subscription,Partner,1,2025-11-11
OPP_000745,ACC_01120,REP_017,Closed-Lost,17702.57,2024-10-22,2024-07-24,2024-06-06,North America,Enterprise,Transactional,Partner,1,2024-09-06
OPP_000746,ACC_00725,REP_002,Proposal,8444.76,2025-04-24,,2025-01-30,North America,SMB,Subscription,Outbound,1,2025-03-30
OPP_000747,ACC_00508,REP_020,Prospecting,73409.08,2025-01-02,,2024-11-03,North America,Enterprise,Subscription,Outbound,1,2024-12-21
OPP_000748,ACC_00704,REP_023,Proposal,55523.14,2025-07-14,,2025-04-24,EMEA,Enterprise,Subscription,Inbound,0,2025-07-16
OPP_000749,ACC_00163,REP_011,Proposal,3840.43,2025-05-27,,2025-03-26,North America,SMB,Subscription,Outbound,1,2025-06-11
OPP_000750,ACC_00571,REP_001,Closed-Lost,7084.05,2024-04-20,2024-08-06,2024-02-17,North America,SMB,Transactional,Marketing,0,2024-04-14
OPP_000751,ACC_00396,REP_016,Closed-Won,40700.73,2024-07-08,2024-06-13,2024-04-09,LATAM,SMB,Transactional,Partner,0,2024-04-16
OPP_000752,ACC_00218,REP_027,Prospecting,15466.34,2025-06-28,,2025-01-30,North America,SMB,Transactional,Referral,3,2025-02-08
OPP_000753,ACC_00472,REP_009,Proposal,7628.37,2025-03-04,,2024-12-21,APAC,SMB,Advertising,Partner,0,2025-03-03
OPP_000754,ACC_00767,REP_026,Prospecting,3217.39,2025-10-02,,2025-08-16,EMEA,SMB,Usage-Based,Marketing,0,2025-08-23
OPP_000755,ACC_00700,REP_027,Negotiation,4397.5,2025-11-16,,2025-07-21,North America,SMB,Advertising,Outbound,0,2025-10-02
OPP_000756,ACC_01157,REP_009,Closed-Won,9034.03,2024-04-07,2024-04-25,2024-02-09,North America,SMB,Usage-Based,Inbound,1,2024-05-25
OPP_000757,ACC_00330,REP_018,Prospecting,11826.64,2025-04-25,,2025-01-26,LATAM,SMB,Subscription,Marketing,3,2025-04-30
OPP_000758,ACC_00840,REP_002,Proposal,28726.16,2024-11-20,,2024-09-29,EMEA,Mid-Market,Usage-Based,Partner,0,2024-12-21
OPP_000759,ACC_00661,REP_017,Closed-Lost,13228.76,2025-01-05,2025-03-26,2024-11-19,EMEA,SMB,Subscription,Marketing,0,2024-12-22
OPP_000760,ACC_01049,REP_027,Closed-Won,30424.86,2024-04-05,2024-03-20,2024-02-13,North America,Enterprise,Advertising,Partner,1,2024-05-02
OPP_000761,ACC_01090,REP_029,Negotiation,5383.31,2025-09-20,,2025-07-16,North America,SMB,Subscription,Outbound,1,2025-08-07
OPP_000762,ACC_00850,REP_006,Proposal,341205.65,2024-09-11,,2024-04-20,North America,Enterprise,Enterprise Services,Inbound,0,2024-08-07
OPP_000763,ACC_00509,REP_020,Closed-Lost,9353.75,2026-01-11,2025-10-21,2025-09-26,North America,Mid-Market,Advertising,Outbound,0,2025-10-07
OPP_000764,ACC_00641,REP_002,Closed-Won,4484.11,2026-01-03,2026-02-16,2025-09-15,North America,Mid-Market,Subscription,Partner,0,2025-11-19
OPP_000765,ACC_00782,REP_009,Closed-Lost,8557.25,2025-07-30,2025-12-22,2025-07-04,North America,Enterprise,Subscription,Referral,0,2025-08-31
OPP_000766,ACC_00968,REP_026,Prospecting,6304.22,2024-04-09,,2024-03-19,EMEA,SMB,Subscription,Marketing,1,2024-03-28
OPP_000767,ACC_00275,REP_020,Qualification,41772.1,2024-12-03,,2024-09-30,LATAM,Mid-Market,Subscription,Outbound,0,2024-10-23
OPP_000768,ACC_01048,REP_012,Prospecting,9173.3,2024-05-30,,2024-01-16,North America,Mid-Market,Subscription,Outbound,1,2024-04-11
OPP_000769,ACC_00962,REP_029,Closed-Lost,39327.43,2025-03-07,2025-08-09,2025-02-13,LATAM,SMB,Subscription,Inbound,1,2025-04-25
OPP_000770,ACC_00106,REP_023,Closed-Won,16199.22,2025-11-29,2025-08-20,2025-08-02,EMEA,Mid-Market,Enterprise Services,Outbound,1,2025-08-22
OPP_000771,ACC_00324,REP_001,Qualification,49491.59,2025-04-23,,2024-12-18,EMEA,Mid-Market,Subscription,Referral,1,2025-01-04
OPP_000772,ACC_00283,REP_003,Closed-Lost,4206.73,2024-03-12,2024-04-27,2024-01-16,North America,SMB,Subscription,Marketing,0,2024-04-05
OPP_000773,ACC_00696,REP_019,Closed-Lost,7768.12,2024-08-26,2024-12-24,2024-07-22,North America,Mid-Market,Subscription,Outbound,0,2024-10-09
OPP_000774,ACC_00251,REP_027,Qualification,17872.99,2024-06-02,,2024-04-24,North America,Mid-Market,Usage-Based,Marketing,0,2024-06-11
OPP_000775,ACC_00361,REP_005,Negotiation,71382.39,2024-11-17,,2024-10-18,LATAM,Enterprise,Subscription,Inbound,1,2024-10-21
OPP_000776,ACC_00228,REP_017,Closed-Won,13643.83,2025-01-13,2025-02-07,2024-09-06,North America,Mid-Market,Subscription,Referral,1,2024-09-10
OPP_000777,ACC_00081,REP_025,Prospecting,21861.13,2025-11-08,,2025-07-09,North America,Mid-Market,Subscription,Partner,0,2025-07-27
OPP_000778,ACC_00552,REP_026,Closed-Won,16165.73,2024-09-12,2024-08-10,2024-05-28,APAC,SMB,Subscription,Inbound,1,2024-06-04
OPP_000779,ACC_00384,REP_020,Qualification,2500.0,2024-08-20,,2024-07-20,EMEA,SMB,Transactional,Partner,0,2024-09-25
OPP_000780,ACC_00606,REP_030,Closed-Lost,11603.51,2024-10-29,2024-09-11,2024-06-08,EMEA,Mid-Market,Subscription,Inbound,0,2024-07-25
OPP_000781,ACC_00255,REP_029,Closed-Won,5342.67,2025-12-05,2025-09-27,2025-08-19,APAC,SMB,Usage-Based,Partner,0,2025-09-14
OPP_000782,ACC_00344,REP_026,Closed-Lost,10197.3,2024-11-20,2024-08-22,2024-07-16,LATAM,Mid-Market,Subscription,Inbound,2,2024-09-25
OPP_000783,ACC_01072,REP_021,Closed-Won,24511.01,2026-01-03,2026-01-11,2025-10-26,North America,Mid-Market,Subscription,Inbound,0,2026-01-18
OPP_000784,ACC_00967,REP_030,Qualification,26594.57,2025-05-06,,2025-03-22,North America,Enterprise,Advertising,Partner,0,2025-04-12
OPP_000785,ACC_00320,REP_001,Proposal,5932.34,2024-11-27,,2024-07-24,North America,Enterprise,Advertising,Outbound,1,2024-10-07
OPP_000786,ACC_00195,REP_003,Closed-Won,7084.36,2025-02-28,2025-03-27,2025-02-02,EMEA,SMB,Subscription,Inbound,0,2025-02-15
OPP_000787,ACC_01170,REP_016,Qualification,3095.66,2024-05-05,,2024-03-23,APAC,SMB,Subscription,Marketing,0,2024-06-03
OPP_000788,ACC_00818,REP_021,Closed-Won,26804.69,2025-10-06,2026-02-19,2025-08-28,APAC,Mid-Market,Subscription,Inbound,0,2025-10-12
OPP_000789,ACC_00591,REP_028,Proposal,98612.05,2025-11-02,,2025-10-03,EMEA,Enterprise,Subscription,Partner,0,2025-10-17
OPP_000790,ACC_00840,REP_021,Qualification,2500.0,2024-10-14,,2024-07-15,EMEA,Mid-Market,Usage-Based,Partner,0,2024-10-19
OPP_000791,ACC_00266,REP_007,Proposal,4137.85,2024-06-12,,2024-04-24,North America,SMB,Usage-Based,Inbound,0,2024-05-16
OPP_000792,ACC_00514,REP_028,Closed-Won,12778.71,2025-03-08,2024-11-11,2024-10-14,EMEA,SMB,Transactional,Referral,1,2025-01-16
OPP_000793,ACC_00470,REP_003,Proposal,3988.32,2025-10-19,,2025-05-31,North America,Mid-Market,Usage-Based,Outbound,1,2025-07-14
OPP_000794,ACC_00866,REP_003,Negotiation,96366.38,2025-04-05,,2025-02-23,EMEA,Enterprise,Subscription,Inbound,2,2025-05-16
OPP_000795,ACC_00221,REP_022,Proposal,25628.99,2024-06-02,,2024-01-27,LATAM,SMB,Subscription,Outbound,0,2024-04-21
OPP_000796,ACC_00587,REP_029,Closed-Won,7632.32,2024-01-31,2024-04-17,2024-01-06,North America,SMB,Subscription,Partner,0,2024-02-26
OPP_000797,ACC_01001,REP_016,Negotiation,4139.17,2024-08-02,,2024-06-06,North America,SMB,Transactional,Inbound,0,2024-08-25
OPP_000798,ACC_00236,REP_005,Negotiation,2500.0,2025-09-02,,2025-05-20,North America,Mid-Market,Subscription,Inbound,0,2025-07-12
OPP_000799,ACC_00144,REP_002,Proposal,36828.43,2024-08-08,,2024-06-23,LATAM,Mid-Market,Transactional,Outbound,0,2024-09-04
OPP_000800,ACC_00986,REP_030,Negotiation,326370.58,2025-09-21,,2025-08-22,EMEA,Enterprise,Advertising,Partner,0,2025-09-18
OPP_000801,ACC_01049,REP_009,Prospecting,265376.0,2024-08-27,,2024-07-18,North America,Enterprise,Advertising,Inbound,1,2024-09-07
OPP_000802,ACC_00517,REP_020,Closed-Won,7384.88,2025-12-04,2025-12-05,2025-08-21,North America,SMB,Transactional,Outbound,1,2025-09-07
OPP_000803,ACC_00056,REP_010,Qualification,5471.59,2025-10-25,,2025-09-07,LATAM,Mid-Market,Subscription,Inbound,0,2025-10-27
OPP_000804,ACC_00649,REP_007,Closed-Lost,37707.87,2025-06-22,2025-05-26,2025-05-02,North America,Mid-Market,Usage-Based,Inbound,2,2025-05-04
OPP_000805,ACC_ORPHAN_7,REP_021,Closed-Won,14373.35,2024-06-12,2024-07-23,2024-04-27,North America,Mid-Market,Subscription,Partner,0,2024-06-15
OPP_000806,ACC_00705,REP_023,Proposal,14476.69,2024-07-01,,2024-02-18,APAC,SMB,Subscription,Inbound,3,2024-05-31
OPP_000807,ACC_00168,REP_015,Closed-Won,22087.16,2024-09-08,2024-10-13,2024-04-26,North America,Mid-Market,Subscription,Inbound,1,2024-06-09
OPP_000808,ACC_00967,REP_016,Closed-Won,48351.63,2025-07-02,2025-04-02,2025-02-28,North America,Enterprise,Advertising,Inbound,0,2025-04-29
OPP_000809,ACC_00823,REP_015,Qualification,25101.35,2025-04-30,,2025-04-08,EMEA,SMB,Advertising,Partner,0,2025-07-19
OPP_000810,ACC_00775,REP_018,Closed-Won,26051.51,2025-12-13,2025-11-29,2025-10-22,North America,SMB,Advertising,Partner,0,2025-10-23
OPP_000811,ACC_00615,REP_025,Closed-Lost,5321.31,2026-02-11,2025-11-11,2025-09-30,EMEA,SMB,Enterprise Services,Outbound,1,2025-12-19
OPP_000812,ACC_00265,REP_022,Prospecting,17503.21,2024-10-25,,2024-07-25,LATAM,Enterprise,Subscription,Partner,0,2024-09-26
OPP_000813,ACC_01128,REP_009,Qualification,2500.0,2024-10-12,,2024-09-17,APAC,Mid-Market,Subscription,Partner,1,2024-10-28
OPP_000814,ACC_00319,REP_008,Negotiation,6348.68,2025-07-23,,2025-06-01,North America,SMB,Advertising,Inbound,0,2025-07-02
OPP_000815,ACC_00440,REP_021,Proposal,5468.04,2025-10-06,,2025-06-01,EMEA,Mid-Market,Advertising,Inbound,3,2025-08-11
OPP_000816,ACC_01112,REP_020,Negotiation,13648.16,2024-12-10,,2024-07-29,North America,SMB,Advertising,Inbound,0,2024-09-18
OPP_000817,ACC_00049,REP_012,Negotiation,11662.49,2024-04-05,,2024-01-21,North America,Mid-Market,Subscription,Marketing,1,2024-03-09
OPP_000818,ACC_00151,REP_026,Closed-Won,35095.32,2024-04-13,2024-03-29,2024-03-05,North America,Enterprise,Usage-Based,Inbound,1,2024-05-25
OPP_000819,ACC_00914,REP_013,Prospecting,99232.2,2025-08-05,,2025-07-06,EMEA,Enterprise,Transactional,Inbound,0,2025-08-23
OPP_000820,ACC_00442,REP_011,Proposal,13351.95,2024-10-09,,2024-08-21,North America,SMB,Usage-Based,Outbound,0,2024-11-26
OPP_000821,ACC_00696,REP_017,Closed-Lost,14520.4,2025-08-30,2025-10-07,2025-04-29,North America,Mid-Market,Subscription,Outbound,0,2025-06-02
OPP_000822,ACC_00697,REP_006,Proposal,88117.43,2025-10-25,,2025-06-20,LATAM,Mid-Market,Subscription,Marketing,1,2025-09-12
OPP_000823,ACC_00993,REP_021,Proposal,34137.4,2025-10-15,,2025-08-23,North America,Mid-Market,Usage-Based,Outbound,1,2025-10-30
OPP_000824,ACC_00745,REP_027,Prospecting,10765.9,2025-04-21,,2024-11-25,EMEA,Mid-Market,Subscription,Inbound,0,2025-03-12
OPP_000825,ACC_00512,REP_029,Qualification,30393.94,2025-07-15,,2025-03-03,North America,Enterprise,Subscription,Partner,2,2025-04-20
OPP_000826,ACC_00660,REP_014,Proposal,19742.77,2024-10-06,,2024-05-11,North America,SMB,Subscription,Marketing,2,2024-06-08
OPP_000827,ACC_00886,REP_009,Proposal,10992.94,2026-01-17,,2025-09-22,North America,SMB,Enterprise Services,Referral,1,2025-11-09
OPP_000828,ACC_00455,REP_015,Closed-Won,2924.86,2025-11-16,2025-09-05,2025-08-14,APAC,SMB,Transactional,Partner,0,2025-11-01
OPP_000829,ACC_00206,REP_004,Negotiation,21957.76,2025-02-12,,2024-09-18,North America,SMB,Transactional,Outbound,0,2024-11-09
OPP_000830,ACC_00584,REP_021,Closed-Lost,31552.09,2024-12-21,2024-11-03,2024-09-03,North America,SMB,Subscription,Inbound,3,2024-12-18
OPP_000831,ACC_01200,REP_013,Closed-Won,53177.41,2025-09-10,2025-10-03,2025-05-05,APAC,Mid-Market,Transactional,Referral,1,2025-05-24
OPP_000832,ACC_00135,REP_004,Qualification,76324.48,2024-12-15,,2024-10-04,EMEA,Mid-Market,Subscription,Partner,0,2024-11-10
OPP_000833,ACC_00209,REP_017,Prospecting,71065.77,2025-06-21,,2025-05-01,EMEA,SMB,Subscription,Inbound,2,2025-08-27
OPP_000834,ACC_01195,REP_022,Closed-Won,248503.15,2024-06-03,2024-08-27,2024-03-01,EMEA,Enterprise,Transactional,Outbound,0,2024-06-05
OPP_000835,ACC_00996,REP_007,Qualification,12617.31,2024-09-09,,2024-06-28,EMEA,SMB,Usage-Based,Partner,1,2024-07-08
OPP_000836,ACC_00141,REP_013,Proposal,13247.61,2025-08-10,,2025-06-06,APAC,Mid-Market,Subscription,Inbound,1,2025-09-26
OPP_000837,ACC_00255,REP_027,Qualification,2500.0,2025-12-27,,2025-09-08,APAC,SMB,Usage-Based,Marketing,1,2025-10-29
OPP_000838,ACC_00829,REP_022,Closed-Won,44538.96,2024-04-26,2024-02-27,2024-01-18,North America,Enterprise,Advertising,Partner,1,2024-04-04
OPP_000839,ACC_00940,REP_024,Qualification,15082.63,2025-08-06,,2025-06-06,North America,SMB,Subscription,Inbound,0,2025-06-08
OPP_000840,ACC_00881,REP_014,Qualification,9374.19,2024-04-07,,2024-02-16,APAC,SMB,Subscription,Referral,0,2024-03-07
OPP_000841,ACC_01034,REP_015,Proposal,6667.7,2025-11-02,,2025-08-03,EMEA,Enterprise,Subscription,Referral,2,2025-10-26
OPP_000842,ACC_00609,REP_015,Closed-Won,12251.19,2024-08-19,2024-08-31,2024-06-18,North America,Mid-Market,Subscription,Inbound,1,2024-07-20
OPP_000843,ACC_01052,REP_014,Qualification,17111.31,2024-10-19,,2024-08-30,APAC,SMB,Subscription,Outbound,0,2024-09-14
OPP_000844,ACC_00716,REP_005,Closed-Won,3217.14,2025-06-12,2025-06-08,2025-04-25,LATAM,SMB,Usage-Based,Marketing,3,2025-07-15
OPP_000845,ACC_00571,REP_002,Proposal,10592.0,2025-10-31,,2025-07-17,North America,SMB,Transactional,Outbound,0,2025-08-12
OPP_000846,ACC_00764,REP_025,Proposal,13818.87,2024-12-16,,2024-10-04,North America,SMB,Transactional,Referral,0,2025-01-16
OPP_000847,ACC_00515,REP_017,Proposal,27450.25,2024-10-02,,2024-07-30,North America,SMB,Subscription,Inbound,3,2024-08-21
OPP_000848,ACC_00728,REP_016,Qualification,49750.13,2025-11-21,,2025-10-18,North America,SMB,Subscription,Marketing,1,2025-10-21
OPP_000849,ACC_01001,REP_018,Proposal,6150.8,2025-11-04,,2025-10-08,North America,SMB,Transactional,Partner,2,2025-11-24
OPP_000850,ACC_01150,REP_013,Closed-Lost,52945.01,2025-04-06,2025-02-01,2024-12-17,EMEA,Enterprise,Advertising,Outbound,2,2025-01-25
OPP_000851,ACC_00696,REP_027,Prospecting,20232.98,2024-06-10,,2024-01-17,North America,Mid-Market,Subscription,Partner,0,2024-04-02
OPP_000852,ACC_00007,REP_015,Closed-Lost,31237.51,2025-12-12,2026-03-30,2025-10-11,North America,Mid-Market,Transactional,Inbound,0,2025-11-08
OPP_000853,ACC_00746,REP_016,Prospecting,27928.5,2025-06-27,,2025-02-18,North America,Mid-Market,Subscription,Inbound,1,2025-06-15
OPP_000854,ACC_00303,REP_016,Proposal,67846.67,2025-04-13,,2025-01-05,North America,Mid-Market,Advertising,Inbound,0,2025-02-25
OPP_000855,ACC_00284,REP_005,Negotiation,2500.0,2024-05-14,,2024-03-16,North America,SMB,Subscription,Inbound,0,2024-06-09
OPP_000856,ACC_01058,REP_006,Closed-Won,13632.12,2026-01-28,2026-01-05,2025-10-27,North America,SMB,Subscription,Inbound,0,2026-01-27
OPP_000857,ACC_00536,REP_006,Qualification,14611.64,2025-06-01,,2025-04-26,APAC,SMB,Subscription,Outbound,0,2025-08-10
OPP_000858,ACC_00949,REP_008,Qualification,34822.62,2024-07-27,,2024-05-25,LATAM,Enterprise,Transactional,Inbound,0,2024-07-24
OPP_000859,ACC_00444,REP_005,Negotiation,2500.0,2024-12-24,,2024-08-31,North America,SMB,Usage-Based,Inbound,0,2024-09-28
OPP_000860,ACC_00729,REP_007,Qualification,8443.62,2024-12-26,,2024-08-18,LATAM,SMB,Transactional,Inbound,1,2024-10-19
OPP_000861,ACC_00799,REP_029,Negotiation,8017.96,2025-09-23,,2025-08-06,EMEA,Mid-Market,Advertising,Marketing,0,2025-09-26
OPP_000862,ACC_01072,REP_011,Closed-Won,87374.21,2025-04-01,2025-03-09,2024-11-14,North America,Mid-Market,Subscription,Inbound,0,2025-01-26
OPP_000863,ACC_00236,REP_024,Prospecting,23748.9,2025-11-13,,2025-08-07,North America,Mid-Market,Subscription,Marketing,0,2025-09-05
OPP_000864,ACC_00674,REP_012,Closed-Won,7365.15,2025-05-24,2025-05-15,2025-04-05,North America,Mid-Market,Subscription,Inbound,1,2025-06-06
OPP_000865,ACC_00487,REP_025,Prospecting,2500.0,2025-01-02,,2024-09-03,APAC,SMB,Subscription,Inbound,0,2024-12-26
OPP_000866,ACC_00557,REP_023,Closed-Lost,16200.23,2025-02-09,2024-11-29,2024-09-28,EMEA,SMB,Usage-Based,Outbound,0,2024-12-19
OPP_000867,ACC_01019,REP_026,Closed-Lost,18003.33,2025-08-20,2025-09-08,2025-06-26,North America,SMB,Subscription,Outbound,1,2025-10-18
OPP_000868,ACC_00163,REP_009,Closed-Won,7232.83,2025-01-02,2025-03-21,2024-11-30,North America,SMB,Subscription,Outbound,0,2024-12-13
OPP_000869,ACC_00656,REP_003,Closed-Lost,16413.16,2025-05-28,2025-09-11,2025-04-01,North America,SMB,Subscription,Partner,0,2025-06-18
OPP_000870,ACC_00466,REP_010,Closed-Won,11518.73,2024-07-19,2024-05-17,2024-03-23,North America,Mid-Market,Usage-Based,Inbound,2,2024-03-26
OPP_000871,ACC_01076,REP_022,Prospecting,26091.85,2024-11-09,,2024-10-12,North America,SMB,Subscription,Inbound,0,2024-11-06
OPP_000872,ACC_00260,REP_020,Prospecting,44032.57,2025-03-19,,2025-01-21,North America,Mid-Market,Subscription,Marketing,0,2025-04-30
OPP_000873,ACC_00280,REP_022,Prospecting,8555.47,2024-10-17,,2024-08-17,EMEA,Enterprise,Subscription,Inbound,0,2024-08-30
OPP_000874,ACC_00110,REP_030,Proposal,10916.82,2025-08-13,,2025-07-22,North America,Enterprise,Advertising,Marketing,1,2025-09-17
OPP_000875,ACC_00528,REP_007,Negotiation,335888.15,2024-08-25,,2024-05-20,LATAM,Enterprise,Subscription,Partner,2,2024-05-29
OPP_000876,ACC_00013,REP_014,Proposal,41448.06,2025-11-24,,2025-07-23,North America,Mid-Market,Subscription,Inbound,1,2025-08-28
OPP_000877,ACC_00601,REP_015,Closed-Won,2539.65,2024-03-23,2024-06-12,2024-02-12,EMEA,SMB,Subscription,Inbound,3,2024-02-27
OPP_000878,ACC_00269,REP_005,Proposal,2500.0,2025-02-25,,2024-10-13,North America,SMB,Subscription,Outbound,1,2024-12-07
OPP_000879,ACC_00481,REP_020,Prospecting,11047.23,2025-05-04,,2024-12-12,LATAM,SMB,Transactional,Partner,0,2025-02-27
OPP_000880,ACC_00727,REP_002,Qualification,2863.64,2024-10-29,,2024-06-18,North America,SMB,Subscription,Referral,0,2024-09-04
OPP_000881,ACC_00822,REP_027,Closed-Lost,11888.09,2025-04-19,2025-04-02,2024-12-27,North America,Mid-Market,Enterprise Services,Inbound,1,2025-04-17
OPP_000882,ACC_00074,REP_003,Proposal,8560.24,2025-11-12,,2025-08-26,EMEA,SMB,Subscription,Referral,1,2025-09-10
OPP_000883,ACC_00179,REP_004,Qualification,40247.91,2024-12-09,,2024-10-24,APAC,Enterprise,Subscription,Inbound,0,2024-12-11
OPP_000884,ACC_00382,REP_006,Qualification,135915.69,2025-05-14,,2024-12-27,North America,Enterprise,Usage-Based,Inbound,0,2025-02-28
OPP_000885,ACC_00624,REP_027,Closed-Lost,56213.89,2025-12-25,2026-02-21,2025-09-28,North America,SMB,Subscription,Outbound,0,2025-10-09
OPP_000886,ACC_01061,REP_026,Qualification,27291.59,2025-11-27,,2025-09-10,EMEA,Enterprise,Subscription,Referral,0,2025-09-24
OPP_000887,ACC_00167,REP_028,Negotiation,14222.67,2024-03-20,,2024-01-10,North America,Enterprise,Advertising,Outbound,1,2024-02-16
OPP_000888,ACC_00082,REP_025,Prospecting,13240.15,2025-06-18,,2025-05-01,EMEA,SMB,Subscription,Marketing,1,2025-08-12
OPP_000889,ACC_00756,REP_028,Prospecting,45873.51,2025-09-30,,2025-07-23,APAC,SMB,Subscription,Outbound,1,2025-10-01
OPP_000890,ACC_01175,REP_015,Closed-Won,10902.91,2026-01-24,2025-12-02,2025-09-23,LATAM,Mid-Market,Subscription,Marketing,0,2025-11-29
OPP_000891,ACC_00997,REP_001,Negotiation,38191.14,2025-09-20,,2025-06-20,North America,Mid-Market,Transactional,Marketing,1,2025-08-25
OPP_000892,ACC_00679,REP_014,Closed-Won,3885.58,2024-05-06,2024-05-19,2024-02-25,EMEA,SMB,Subscription,Partner,0,2024-06-01
OPP_000893,ACC_00024,REP_007,Qualification,45004.74,2025-06-26,,2025-05-23,EMEA,Enterprise,Usage-Based,Partner,0,2025-07-27
OPP_000894,ACC_00692,REP_008,Closed-Lost,13784.63,2025-09-30,2025-11-13,2025-07-19,EMEA,Enterprise,Subscription,Outbound,1,2025-10-13
OPP_000895,ACC_00549,REP_021,Negotiation,16495.32,2025-02-02,,2024-12-17,EMEA,Mid-Market,Transactional,Referral,2,2025-01-23
OPP_000896,ACC_00537,REP_006,Closed-Lost,14523.82,2024-03-26,2024-04-12,2024-01-15,EMEA,Mid-Market,Subscription,Outbound,2,2024-04-22
OPP_000897,ACC_00592,REP_010,Qualification,16486.31,2024-06-15,,2024-05-07,North America,SMB,Transactional,Inbound,0,2024-05-11
OPP_000898,ACC_00674,REP_012,Proposal,96573.69,2024-11-23,,2024-07-03,North America,Mid-Market,Subscription,Marketing,0,2024-08-13
OPP_000899,ACC_00865,REP_002,Proposal,6083.09,2025-09-12,,2025-08-01,North America,SMB,Advertising,Partner,1,2025-08-31
OPP_000900,ACC_00231,REP_022,Closed-Won,2500.0,2024-04-30,2024-08-12,2024-03-25,North America,SMB,Usage-Based,Outbound,1,2024-04-11
OPP_000901,ACC_00090,REP_023,Closed-Won,13331.65,2025-08-26,2025-05-30,2025-05-13,LATAM,Mid-Market,Transactional,Partner,0,2025-07-16
OPP_000902,ACC_00062,REP_017,Proposal,12106.29,2024-07-03,,2024-04-30,APAC,SMB,Subscription,Outbound,0,2024-08-15
OPP_000903,ACC_00488,REP_001,Prospecting,10982.55,2025-12-07,,2025-07-11,EMEA,SMB,Transactional,Outbound,0,2025-07-31
OPP_000904,ACC_00610,REP_024,Qualification,7667.46,2024-03-20,,2024-01-08,APAC,SMB,Subscription,Inbound,0,2024-04-23
OPP_000905,ACC_00943,REP_014,Prospecting,39730.64,2024-09-18,,2024-06-06,APAC,SMB,Advertising,Marketing,0,2024-09-16
OPP_000906,ACC_00521,REP_008,Closed-Won,50486.76,2024-07-15,2024-05-20,2024-03-09,North America,Enterprise,Enterprise Services,Partner,1,2024-06-23
OPP_000907,ACC_00639,REP_029,Qualification,14694.14,2025-06-03,,2025-01-06,LATAM,Mid-Market,Transactional,Marketing,0,2025-01-07
OPP_000908,ACC_01173,REP_026,Prospecting,4123.5,2025-10-10,,2025-06-07,North America,SMB,Transactional,Inbound,1,2025-10-03
OPP_000909,ACC_00900,REP_014,Proposal,2844.92,2025-01-08,,2024-10-05,North America,Mid-Market,Enterprise Services,Referral,0,2024-11-25
OPP_000910,ACC_00830,REP_014,Prospecting,12473.91,2025-04-27,,2024-12-23,North America,SMB,Transactional,Outbound,0,2025-03-04
OPP_000911,ACC_00437,REP_028,Closed-Lost,11471.04,2025-04-29,2025-04-16,2025-03-04,North America,SMB,Advertising,Outbound,0,2025-04-10
OPP_000912,ACC_00183,REP_006,Qualification,5657.12,2025-03-13,,2024-10-31,North America,Mid-Market,Usage-Based,Referral,2,2024-12-31
OPP_000913,ACC_01105,REP_013,Closed-Lost,8585.16,2025-09-29,2025-06-26,2025-05-19,North America,SMB,Subscription,Partner,0,2025-07-24
OPP_000914,ACC_00665,REP_018,Closed-Won,7772.22,2024-09-16,2024-08-01,2024-07-09,North America,SMB,Subscription,Referral,2,2024-10-12
OPP_000915,ACC_00093,REP_011,Negotiation,4806.2,2024-05-24,,2024-04-26,North America,SMB,Advertising,Partner,0,2024-06-06
OPP_000916,ACC_00579,REP_010,Proposal,19929.2,2024-08-22,,2024-05-05,North America,Enterprise,Enterprise Services,Inbound,0,2024-05-19
OPP_000917,ACC_00110,REP_004,Closed-Won,66060.97,2024-05-29,2024-07-08,2024-04-26,North America,Enterprise,Advertising,Outbound,2,2024-07-05
OPP_000918,ACC_01178,REP_009,Closed-Won,7160.62,2024-02-17,2024-03-16,2024-01-26,North America,SMB,Enterprise Services,Marketing,0,2024-04-29
OPP_000919,ACC_00635,REP_011,Prospecting,4969.97,2024-06-21,,2024-01-30,EMEA,SMB,Transactional,Outbound,0,2024-02-01
OPP_000920,ACC_00942,REP_026,Closed-Lost,18612.33,2024-05-08,2024-06-24,2024-02-05,EMEA,Enterprise,Advertising,Partner,2,2024-05-12
OPP_000921,ACC_ORPHAN_0,REP_011,Proposal,14328.63,2024-07-28,,2024-04-15,APAC,Mid-Market,Subscription,Inbound,0,2024-07-20
OPP_000922,ACC_00024,REP_005,Proposal,111049.95,2025-07-12,,2025-02-28,EMEA,Enterprise,Usage-Based,Outbound,0,2025-05-08
OPP_000923,ACC_00767,REP_026,Proposal,11034.73,2024-10-27,,2024-06-09,EMEA,SMB,Usage-Based,Marketing,3,2024-09-30
OPP_000924,ACC_00784,REP_011,Closed-Won,12872.88,2025-06-19,2025-05-03,2025-01-26,EMEA,Mid-Market,Subscription,Referral,0,2025-03-14
OPP_000925,ACC_00275,REP_028,Proposal,22214.28,2024-03-26,,2024-02-18,LATAM,Mid-Market,Subscription,Inbound,0,2024-03-05
OPP_000926,ACC_00860,REP_004,Proposal,63855.95,2025-08-21,,2025-06-20,EMEA,Mid-Market,Subscription,Inbound,1,2025-09-07
OPP_000927,ACC_00272,REP_001,Prospecting,14655.59,2024-12-23,,2024-08-26,North America,SMB,Subscription,Inbound,1,2024-11-07
OPP_000928,ACC_00830,REP_028,Proposal,11641.88,2024-11-14,,2024-10-22,North America,SMB,Transactional,Inbound,0,2025-02-08
OPP_000929,ACC_00899,REP_003,Qualification,16995.31,2025-05-17,,2025-03-28,APAC,SMB,Advertising,Marketing,0,2025-04-24
OPP_000930,ACC_00165,REP_001,Closed-Won,13932.59,2026-01-24,2026-03-23,2025-10-30,North America,Mid-Market,Usage-Based,Outbound,1,2025-11-18
OPP_000931,ACC_00351,REP_020,Proposal,19615.35,2025-08-18,,2025-06-15,EMEA,Mid-Market,Transactional,Inbound,1,2025-09-04
OPP_000932,ACC_00196,REP_010,Closed-Lost,5503.87,2024-11-06,2025-03-05,2024-09-25,North America,SMB,Subscription,Marketing,0,2024-11-02
OPP_000933,ACC_00873,REP_015,Closed-Won,9345.95,2025-01-02,2025-01-10,2024-08-19,North America,Enterprise,Subscription,Marketing,0,2024-09-11
OPP_000934,ACC_00283,REP_013,Closed-Won,12644.77,2024-10-31,2024-11-06,2024-08-14,North America,SMB,Subscription,Outbound,0,2024-11-02
OPP_000935,ACC_00769,REP_009,Closed-Lost,12693.47,2024-05-09,2024-08-19,2024-02-26,North America,SMB,Usage-Based,Marketing,0,2024-03-20
OPP_000936,ACC_00502,REP_015,Qualification,33042.13,2024-11-27,,2024-08-14,EMEA,Enterprise,Subscription,Outbound,1,2024-11-22
OPP_000937,ACC_00100,REP_008,Negotiation,124128.53,2025-09-07,,2025-05-23,APAC,Enterprise,Subscription,Inbound,2,2025-06-30
OPP_000938,ACC_01060,REP_007,Prospecting,7929.91,2024-09-26,,2024-07-04,North America,Mid-Market,Subscription,Marketing,0,2024-09-20
OPP_000939,ACC_00854,REP_007,Prospecting,7494.07,2025-02-01,,2024-09-19,North America,Enterprise,Subscription,Inbound,2,2024-11-27
OPP_000940,ACC_00314,REP_004,Proposal,4469.57,2024-04-14,,2024-02-16,LATAM,SMB,Subscription,Referral,1,2024-04-27
OPP_000941,ACC_01056,REP_016,Closed-Won,3494.9,2024-10-28,2024-09-03,2024-06-17,APAC,Mid-Market,Subscription,Partner,1,2024-07-24
OPP_000942,ACC_00851,REP_017,Closed-Won,12584.23,2024-06-27,2024-07-16,2024-02-16,APAC,SMB,Enterprise Services,Marketing,2,2024-02-27
OPP_000943,ACC_00980,REP_001,Qualification,4230.54,2024-12-02,,2024-11-11,North America,SMB,Transactional,Inbound,0,2025-01-27
OPP_000944,ACC_00214,REP_014,Closed-Won,43681.9,2024-11-12,2024-08-29,2024-07-17,EMEA,Mid-Market,Advertising,Outbound,2,2024-09-07
OPP_000945,ACC_00011,REP_023,Qualification,23528.36,2025-11-20,,2025-10-11,North America,SMB,Transactional,Marketing,0,2026-02-05
OPP_000946,ACC_00075,REP_001,Prospecting,3558.84,2025-04-23,,2025-01-30,North America,SMB,Usage-Based,Marketing,0,2025-05-16
OPP_000947,ACC_00648,REP_010,Prospecting,7272.77,2025-01-23,,2024-09-06,North America,Mid-Market,Subscription,Marketing,0,2024-09-15
OPP_000948,ACC_00945,REP_029,Negotiation,15315.22,2025-02-09,,2024-12-26,EMEA,SMB,Subscription,Inbound,0,2025-02-08
OPP_000949,ACC_01097,REP_013,Proposal,23908.82,2026-01-05,,2025-10-04,North America,SMB,Subscription,Partner,1,2025-11-23
OPP_000950,ACC_01154,REP_001,Qualification,2500.0,2024-08-29,,2024-04-30,North America,SMB,Advertising,Outbound,0,2024-06-15
OPP_000951,ACC_00719,REP_016,Prospecting,21626.42,2024-09-08,,2024-06-18,North America,Mid-Market,Advertising,Inbound,0,2024-09-13
OPP_000952,ACC_00758,REP_013,Negotiation,4893.49,2025-01-30,,2024-12-31,North America,Enterprise,Usage-Based,Outbound,0,2025-02-12
OPP_000953,ACC_00349,REP_007,Closed-Won,9428.42,2024-04-08,2024-09-01,2024-03-11,APAC,Mid-Market,Advertising,Partner,0,2024-03-30
OPP_000954,ACC_00002,REP_003,Prospecting,26790.96,2025-03-11,,2024-12-14,North America,SMB,Subscription,Outbound,0,2025-01-27
OPP_000955,ACC_00234,REP_027,Closed-Won,330965.74,2024-05-08,2024-06-19,2024-04-15,North America,Mid-Market,Subscription,Inbound,0,2024-07-18
OPP_000956,ACC_00067,REP_025,Negotiation,12850.99,2025-08-23,,2025-08-01,North America,Mid-Market,Advertising,Marketing,2,2025-09-19
OPP_000957,ACC_00822,REP_021,Proposal,4688.58,2025-10-23,,2025-06-02,North America,Mid-Market,Enterprise Services,Referral,1,2025-07-06
OPP_000958,ACC_00604,REP_001,Prospecting,9764.49,2024-05-01,,2024-02-02,North America,Mid-Market,Subscription,Outbound,0,2024-05-05
OPP_000959,ACC_00926,REP_027,Closed-Lost,9587.67,2025-03-17,2025-04-23,2024-12-26,APAC,SMB,Subscription,Marketing,1,2025-01-03
OPP_000960,ACC_00178,REP_015,Proposal,22539.18,2024-06-22,,2024-05-20,North America,Enterprise,Subscription,Marketing,1,2024-07-14
OPP_000961,ACC_01096,REP_015,Proposal,3559.37,2025-05-26,,2025-01-24,APAC,SMB,Subscription,Inbound,0,2025-02-06
OPP_000962,ACC_00864,REP_027,Closed-Lost,10648.24,2025-03-26,2025-03-13,2024-12-30,North America,Mid-Market,Subscription,Partner,0,2025-03-13
OPP_000963,ACC_01087,REP_013,Closed-Won,24235.58,2025-11-27,2025-12-01,2025-10-10,North America,Mid-Market,Transactional,Referral,0,2026-01-26
OPP_000964,ACC_00779,REP_008,Closed-Won,13774.73,2024-08-23,2024-07-06,2024-04-28,APAC,Mid-Market,Subscription,Marketing,0,2024-06-20
OPP_000965,ACC_00408,REP_008,Closed-Won,18245.05,2025-01-23,2025-03-29,2024-12-04,LATAM,Enterprise,Subscription,Inbound,2,2025-03-31
OPP_000966,ACC_00752,REP_028,Prospecting,4592.14,2026-01-01,,2025-10-08,North America,SMB,Subscription,Partner,0,2026-01-20
OPP_000967,ACC_00725,REP_017,Closed-Won,5933.11,2024-06-19,2024-04-21,2024-03-19,North America,SMB,Subscription,Marketing,0,2024-06-14
OPP_000968,ACC_00218,REP_018,Qualification,3303.5,2024-08-14,,2024-06-19,North America,SMB,Transactional,Partner,0,2024-07-11
OPP_000969,ACC_00122,REP_018,Closed-Lost,8045.39,2025-09-06,2025-06-12,2025-04-26,North America,Mid-Market,Subscription,Inbound,1,2025-04-30
OPP_000970,ACC_00781,REP_007,Proposal,17082.32,2024-07-02,,2024-03-13,EMEA,SMB,Subscription,Inbound,2,2024-03-28
OPP_000971,ACC_00114,REP_013,Prospecting,12960.73,2024-07-15,,2024-05-19,LATAM,Mid-Market,Enterprise Services,Marketing,0,2024-06-30
OPP_000972,ACC_00121,REP_029,Proposal,2825.7,2025-11-12,,2025-10-03,North America,Mid-Market,Subscription,Outbound,0,2025-11-21
OPP_000973,ACC_00086,REP_005,Closed-Won,25012.02,2025-03-27,2025-07-09,2025-01-24,APAC,SMB,Usage-Based,Referral,1,2025-02-19
OPP_000974,ACC_00747,REP_029,Proposal,13614.39,2024-04-27,,2024-02-07,LATAM,SMB,Advertising,Outbound,0,2024-06-02
OPP_000975,ACC_01113,REP_009,Closed-Won,4092.32,2025-10-25,2025-08-24,2025-07-26,North America,Mid-Market,Transactional,Marketing,0,2025-10-23
OPP_000976,ACC_00597,REP_009,Prospecting,11323.34,2025-02-26,,2024-12-16,North America,Mid-Market,Subscription,Inbound,1,2025-03-10
OPP_000977,ACC_00183,REP_001,Qualification,7390.13,2024-12-10,,2024-11-15,North America,Mid-Market,Usage-Based,Marketing,0,2025-02-01
OPP_000978,ACC_00616,REP_020,Negotiation,32109.45,2026-02-10,,2025-10-26,North America,Mid-Market,Subscription,Marketing,0,2026-01-08
OPP_000979,ACC_00579,REP_010,Proposal,30381.82,2024-10-06,,2024-07-29,North America,Enterprise,Enterprise Services,Outbound,0,2024-11-11
OPP_000980,ACC_00713,REP_014,Closed-Won,15172.3,2024-11-12,2025-01-22,2024-09-10,North America,Mid-Market,Subscription,Inbound,0,2024-10-27
OPP_000981,ACC_00520,REP_018,Closed-Lost,36463.15,2025-04-22,2025-03-25,2025-01-20,North America,Enterprise,Subscription,Marketing,2,2025-02-06
OPP_000982,ACC_00639,REP_020,Negotiation,3714.0,2024-10-16,,2024-06-10,LATAM,Mid-Market,Transactional,Marketing,0,2024-07-16
OPP_000983,ACC_00390,REP_029,Proposal,179628.83,2024-04-15,,2024-03-26,EMEA,Enterprise,Subscription,Partner,0,2024-04-23
OPP_000984,ACC_01088,REP_017,Negotiation,31644.83,2024-08-24,,2024-04-02,North America,Mid-Market,Subscription,Outbound,1,2024-07-25
OPP_000985,ACC_00646,REP_006,Closed-Lost,20865.83,2024-11-04,2024-09-30,2024-07-25,North America,Enterprise,Subscription,Marketing,1,2024-10-01
OPP_000986,ACC_00373,REP_022,Closed-Won,10872.86,2024-05-24,2024-05-07,2024-02-23,APAC,SMB,Enterprise Services,Marketing,0,2024-04-14
OPP_000987,ACC_00004,REP_002,Closed-Won,43222.56,2024-12-29,2025-02-19,2024-12-03,North America,Mid-Market,Subscription,Outbound,1,2024-12-07
OPP_000988,ACC_00815,REP_026,Qualification,9489.15,2026-02-16,,2025-10-27,EMEA,SMB,Advertising,Outbound,0,2026-01-20
OPP_000989,ACC_00457,REP_009,Closed-Won,208982.53,2024-10-10,2024-10-28,2024-06-19,EMEA,Enterprise,Subscription,Inbound,0,2024-09-04
OPP_000990,ACC_00299,REP_022,Prospecting,301899.92,2024-04-29,,2024-01-28,APAC,Mid-Market,Subscription,Marketing,0,2024-05-04
OPP_000991,ACC_00576,REP_005,Closed-Won,14384.09,2024-05-30,2024-06-22,2024-01-27,EMEA,Mid-Market,Advertising,Marketing,1,2024-02-12
OPP_000992,ACC_00583,REP_013,Closed-Lost,5012.22,2024-08-28,2024-07-04,2024-04-21,APAC,SMB,Transactional,Outbound,0,2024-07-09
OPP_000993,ACC_00964,REP_021,Closed-Lost,3336.75,2025-06-05,2025-03-11,2025-01-27,LATAM,SMB,Subscription,Inbound,0,2025-03-12
OPP_000994,ACC_00652,REP_019,Prospecting,4815.89,2025-01-12,,2024-11-11,EMEA,Enterprise,Enterprise Services,Inbound,0,2024-12-09
OPP_000995,ACC_00842,REP_001,Closed-Won,56848.5,2025-01-10,2024-10-10,2024-09-25,APAC,Mid-Market,Enterprise Services,Inbound,0,2024-10-22
OPP_000996,ACC_00777,REP_002,Prospecting,11458.72,2025-06-16,,2025-05-20,LATAM,Mid-Market,Subscription,Referral,0,2025-06-24
OPP_000997,ACC_01020,REP_030,Proposal,21536.81,2024-12-20,,2024-09-18,North America,SMB,Advertising,Marketing,0,2024-12-15
OPP_000998,ACC_00008,REP_016,Closed-Won,47879.95,2025-03-26,2025-06-30,2025-02-16,EMEA,Mid-Market,Usage-Based,Outbound,2,2025-02-19
OPP_000999,ACC_00452,REP_026,Proposal,14947.23,2025-12-27,,2025-10-29,North America,Enterprise,Subscription,Inbound,1,2026-02-19
OPP_001000,ACC_00859,REP_003,Proposal,3538.11,2024-08-08,,2024-04-23,North America,SMB,Subscription,Inbound,0,2024-08-17
OPP_001001,ACC_00170,REP_015,Closed-Won,252190.15,2024-05-29,2024-08-28,2024-03-15,EMEA,Enterprise,Transactional,Partner,0,2024-07-09
OPP_001002,ACC_00531,REP_018,Closed-Won,15213.44,2024-10-04,2024-06-14,2024-05-25,APAC,Mid-Market,Subscription,Inbound,3,2024-09-02
OPP_001003,ACC_00482,REP_028,Negotiation,4637.24,2024-05-14,,2024-04-13,North America,SMB,Subscription,Outbound,1,2024-05-22
OPP_001004,ACC_00967,REP_022,Proposal,15491.99,2025-12-02,,2025-07-09,North America,Enterprise,Advertising,Referral,1,2025-08-27
OPP_001005,ACC_01156,REP_019,Closed-Won,7790.87,2025-11-29,2025-11-30,2025-08-10,EMEA,SMB,Transactional,Partner,0,2025-08-26
OPP_001006,ACC_00128,REP_009,Proposal,40540.53,2025-03-26,,2025-01-10,North America,SMB,Subscription,Marketing,0,2025-04-27
OPP_001007,ACC_00258,REP_030,Prospecting,17811.52,2024-04-20,,2024-03-28,North America,SMB,Subscription,Inbound,0,2024-06-28
OPP_001008,ACC_00930,REP_010,Negotiation,19570.18,2025-08-18,,2025-07-24,North America,Mid-Market,Enterprise Services,Inbound,1,2025-08-12
OPP_001009,ACC_00210,REP_009,Closed-Won,79899.19,2025-11-18,2025-10-27,2025-09-06,North America,Mid-Market,Usage-Based,Marketing,2,2026-01-02
OPP_001010,ACC_00597,REP_022,Qualification,65892.19,2025-01-02,,2024-09-30,North America,Mid-Market,Subscription,Marketing,0,2024-10-06
OPP_001011,ACC_01134,REP_030,Qualification,22791.03,2025-06-19,,2025-03-26,North America,Mid-Market,Subscription,Marketing,1,2025-06-26
OPP_001012,ACC_01171,REP_026,Closed-Lost,144102.86,2025-04-10,2025-04-01,2025-02-11,North America,SMB,Advertising,Partner,2,2025-02-28
OPP_001013,ACC_01140,REP_006,Closed-Lost,12740.95,2025-04-02,2025-05-19,2024-12-19,APAC,Mid-Market,Subscription,Inbound,2,2025-03-19
OPP_001014,ACC_00162,REP_025,Negotiation,132095.48,2024-12-01,,2024-08-24,North America,Enterprise,Advertising,Partner,0,2024-12-08
OPP_001015,ACC_00180,REP_011,Closed-Won,11014.89,2024-09-07,2024-08-30,2024-07-05,LATAM,Mid-Market,Subscription,Inbound,0,2024-10-27
OPP_001016,ACC_00212,REP_007,Closed-Lost,40249.32,2024-09-03,2024-09-06,2024-07-03,North America,Mid-Market,Transactional,Inbound,2,2024-07-23
OPP_001017,ACC_00924,REP_029,Negotiation,12728.68,2024-11-13,,2024-08-28,APAC,Mid-Market,Advertising,Outbound,0,2024-09-17
OPP_001018,ACC_00215,REP_029,Qualification,25883.69,2025-09-17,,2025-05-24,North America,Mid-Market,Subscription,Inbound,0,2025-06-02
OPP_001019,ACC_00516,REP_012,Negotiation,97958.47,2025-10-11,,2025-07-07,North America,SMB,Subscription,Inbound,0,2025-10-13
OPP_001020,ACC_00983,REP_001,Closed-Lost,42270.8,2024-04-21,2024-04-20,2024-03-16,North America,Mid-Market,Subscription,Inbound,0,2024-04-08
OPP_001021,ACC_00591,REP_007,Closed-Won,70975.7,2024-06-27,2024-07-21,2024-02-08,EMEA,Enterprise,Subscription,Outbound,0,2024-03-26
OPP_001022,ACC_01129,REP_017,Prospecting,7519.82,2025-01-01,,2024-11-16,APAC,Mid-Market,Usage-Based,Marketing,0,2025-01-05
OPP_001023,ACC_00599,REP_002,Closed-Lost,53182.28,2025-09-13,2025-11-09,2025-05-29,EMEA,Enterprise,Subscription,Referral,2,2025-07-10
OPP_001024,ACC_00456,REP_007,Closed-Won,3275.29,2025-02-01,2025-06-24,2025-01-10,APAC,SMB,Transactional,Inbound,0,2025-03-11
OPP_001025,ACC_01163,REP_005,Proposal,106961.92,2025-08-30,,2025-07-08,North America,Enterprise,Advertising,Inbound,2,2025-08-19
OPP_001026,ACC_00657,REP_029,Closed-Lost,104310.72,2025-07-25,2025-06-14,2025-04-23,North America,Enterprise,Advertising,Marketing,2,2025-05-22
OPP_001027,ACC_00222,REP_011,Closed-Won,13634.58,2025-08-25,2025-06-01,2025-04-17,APAC,Mid-Market,Subscription,Inbound,1,2025-06-03
OPP_001028,ACC_00762,REP_012,Closed-Won,47367.66,2025-03-29,2025-06-14,2024-12-26,North America,SMB,Advertising,Marketing,0,2025-04-01
OPP_001029,ACC_00928,REP_013,Closed-Lost,202025.22,2024-03-04,2024-06-01,2024-02-06,North America,Enterprise,Usage-Based,Inbound,2,2024-02-21
OPP_001030,ACC_01007,REP_001,Prospecting,51169.47,2024-09-21,,2024-04-30,EMEA,Enterprise,Usage-Based,Partner,0,2024-08-23
OPP_001031,ACC_00007,REP_017,Closed-Won,28724.66,2025-07-06,2025-07-09,2025-05-12,North America,Mid-Market,Transactional,Inbound,0,2025-06-30
OPP_001032,ACC_00131,REP_028,Proposal,4982.59,2024-09-30,,2024-07-25,APAC,SMB,Subscription,Marketing,2,2024-08-29
OPP_001033,ACC_00755,REP_025,Closed-Lost,12429.39,2025-06-02,2025-05-21,2025-04-29,EMEA,Mid-Market,Subscription,Outbound,0,2025-06-21
OPP_001034,ACC_00891,REP_008,Closed-Lost,3053.84,2024-12-03,2025-01-08,2024-08-15,North America,SMB,Advertising,Inbound,2,2024-12-04
OPP_001035,ACC_00784,REP_001,Closed-Won,10113.87,2024-03-27,2024-06-04,2024-01-09,EMEA,Mid-Market,Subscription,Outbound,0,2024-04-15
OPP_001036,ACC_00460,REP_024,Closed-Won,14700.12,2025-05-16,2025-04-14,2025-03-29,North America,Mid-Market,Transactional,Outbound,0,2025-07-05
OPP_001037,ACC_00905,REP_026,Closed-Won,8373.98,2025-11-30,2025-11-21,2025-08-20,North America,Enterprise,Subscription,Referral,1,2025-09-16
OPP_001038,ACC_00696,REP_028,Qualification,29051.17,2024-12-09,,2024-10-25,North America,Mid-Market,Subscription,Outbound,1,2025-02-08
OPP_001039,ACC_01112,REP_018,Proposal,24941.57,2024-06-26,,2024-03-29,North America,SMB,Advertising,Inbound,0,2024-06-22
OPP_001040,ACC_00442,REP_015,Prospecting,8903.91,2025-01-18,,2024-10-04,North America,SMB,Usage-Based,Outbound,2,2024-10-12
OPP_001041,ACC_00905,REP_023,Closed-Won,2969.09,2026-02-07,2026-01-07,2025-10-05,North America,Enterprise,Subscription,Inbound,0,2025-11-25
OPP_001042,ACC_00173,REP_021,Negotiation,6968.6,2024-11-19,,2024-08-01,North America,SMB,Subscription,Marketing,0,2024-11-09
OPP_001043,ACC_00879,REP_023,Negotiation,4050.57,2024-05-20,,2024-02-17,APAC,Mid-Market,Transactional,Marketing,1,2024-04-21
OPP_001044,ACC_00878,REP_009,Qualification,4878.26,2025-06-22,,2025-05-29,EMEA,SMB,Subscription,Inbound,0,2025-08-07
OPP_001045,ACC_00305,REP_028,Negotiation,188186.37,2024-07-28,,2024-06-08,APAC,Enterprise,Transactional,Partner,0,2024-07-23
OPP_001046,ACC_00074,REP_002,Proposal,2500.0,2024-04-29,,2024-01-25,EMEA,SMB,Subscription,Partner,0,2024-01-30
OPP_001047,ACC_01192,REP_003,Closed-Lost,3967.14,2025-07-05,2025-07-07,2025-04-07,EMEA,SMB,Subscription,Inbound,0,2025-07-22
OPP_001048,ACC_00092,REP_020,Closed-Lost,37405.37,2024-11-11,2024-10-28,2024-08-14,North America,Mid-Market,Subscription,Partner,3,2024-11-12
OPP_001049,ACC_00563,REP_018,Proposal,21836.23,2024-07-25,,2024-04-01,North America,Enterprise,Subscription,Outbound,0,2024-05-04
OPP_001050,ACC_00002,REP_017,Closed-Won,4120.51,2024-06-22,2024-04-15,2024-02-06,North America,SMB,Subscription,Outbound,1,2024-03-06
OPP_001051,ACC_00501,REP_028,Qualification,124542.98,2024-07-27,,2024-05-03,EMEA,Mid-Market,Usage-Based,Outbound,1,2024-07-04
OPP_001052,ACC_00986,REP_027,Prospecting,64320.85,2024-05-17,,2024-04-10,EMEA,Enterprise,Advertising,Partner,0,2024-07-14
OPP_001053,ACC_00603,REP_022,Negotiation,112145.7,2024-03-25,,2024-01-08,North America,Enterprise,Subscription,Partner,2,2024-01-19
OPP_001054,ACC_00288,REP_005,Closed-Won,14718.09,2024-10-27,2024-11-14,2024-09-05,North America,SMB,Enterprise Services,Outbound,0,2024-11-19
OPP_001055,ACC_00473,REP_003,Prospecting,10549.78,2025-10-03,,2025-07-07,APAC,SMB,Enterprise Services,Marketing,0,2025-10-16
OPP_001056,ACC_00111,REP_005,Qualification,31767.15,2024-12-27,,2024-09-22,North America,SMB,Subscription,Outbound,1,2024-11-20
OPP_001057,ACC_00713,REP_019,Negotiation,109682.66,2024-04-26,,2024-01-26,North America,Mid-Market,Subscription,Partner,1,2024-02-02
OPP_001058,ACC_00005,REP_022,Prospecting,2500.0,2025-11-16,,2025-08-13,APAC,SMB,Subscription,Inbound,0,2025-08-16
OPP_001059,ACC_00420,REP_024,Proposal,42528.7,2025-04-28,,2025-02-27,North America,Enterprise,Transactional,Outbound,1,2025-03-19
OPP_001060,ACC_00073,REP_004,Proposal,42194.83,2025-11-19,,2025-10-08,EMEA,Enterprise,Subscription,Outbound,2,2026-01-22
OPP_001061,ACC_00288,REP_009,Closed-Lost,5842.33,2025-06-05,2025-07-10,2025-01-25,North America,SMB,Enterprise Services,Inbound,0,2025-03-21
OPP_001062,ACC_00081,REP_011,Qualification,43523.69,2025-01-26,,2024-11-15,North America,Mid-Market,Subscription,Inbound,1,2024-12-03
OPP_001063,ACC_01114,REP_019,Qualification,56961.99,2025-01-23,,2024-12-08,North America,Enterprise,Advertising,Outbound,0,2025-03-26
OPP_001064,ACC_00927,REP_002,Prospecting,61551.89,2024-06-02,,2024-01-05,EMEA,SMB,Subscription,Inbound,0,2024-04-13
OPP_001065,ACC_01114,REP_026,Prospecting,132391.43,2024-10-02,,2024-09-08,North America,Enterprise,Advertising,Outbound,0,2024-09-26
OPP_001066,ACC_00820,REP_003,Closed-Won,35131.92,2024-12-27,2025-04-19,2024-10-23,North America,SMB,Enterprise Services,Outbound,0,2025-01-13
OPP_001067,ACC_00596,REP_016,Proposal,2705.38,2024-11-12,,2024-07-19,North America,SMB,Subscription,Partner,1,2024-08-28
OPP_001068,ACC_00209,REP_028,Qualification,4008.12,2025-09-25,,2025-07-14,EMEA,SMB,Subscription,Referral,0,2025-07-23
OPP_001069,ACC_01155,REP_006,Closed-Lost,7913.37,2026-02-09,2025-11-05,2025-10-03,North America,Mid-Market,Usage-Based,Marketing,0,2025-10-11
OPP_001070,ACC_01102,REP_021,Closed-Won,33700.97,2025-01-21,2025-03-29,2024-11-16,North America,SMB,Subscription,Referral,0,2025-01-20
OPP_001071,ACC_00499,REP_017,Prospecting,3411.77,2025-09-21,,2025-06-10,North America,SMB,Subscription,Referral,0,2025-09-19
OPP_001072,ACC_00271,REP_025,Qualification,3513.01,2024-08-12,,2024-05-29,North America,SMB,Subscription,Inbound,0,2024-09-21
OPP_001073,ACC_00465,REP_018,Closed-Won,5316.89,2025-11-29,2025-12-28,2025-09-10,North America,Mid-Market,Advertising,Inbound,0,2025-12-03
OPP_001074,ACC_00473,REP_026,Closed-Won,140813.31,2025-07-09,2025-06-12,2025-04-16,APAC,SMB,Enterprise Services,Inbound,0,2025-08-04
OPP_001075,ACC_01101,REP_013,Closed-Lost,7784.82,2025-09-29,2025-06-20,2025-05-06,APAC,SMB,Subscription,Inbound,0,2025-06-04
OPP_001076,ACC_00081,REP_005,Prospecting,27719.41,2025-05-31,,2025-02-02,North America,Mid-Market,Subscription,Marketing,0,2025-02-20
OPP_001077,ACC_00760,REP_021,Closed-Won,2868.5,2025-09-15,2025-11-25,2025-07-09,North America,SMB,Subscription,Marketing,0,2025-07-23
OPP_001078,ACC_00923,REP_030,Prospecting,42585.04,2025-03-07,,2024-12-23,North America,Mid-Market,Subscription,Partner,0,2025-01-13
OPP_001079,ACC_00916,REP_013,Proposal,7476.99,2025-12-18,,2025-10-07,North America,Enterprise,Usage-Based,Marketing,1,2026-01-05
OPP_001080,ACC_00232,REP_025,Closed-Won,3371.66,2025-07-12,2025-06-02,2025-03-19,APAC,SMB,Advertising,Partner,0,2025-04-07
OPP_001081,ACC_00496,REP_027,Closed-Won,7852.81,2025-02-03,2024-12-05,2024-10-30,EMEA,Mid-Market,Subscription,Outbound,0,2024-12-21
OPP_001082,ACC_00411,REP_020,Prospecting,20310.06,2024-08-16,,2024-05-19,North America,Mid-Market,Subscription,Inbound,0,2024-08-17
OPP_001083,ACC_00489,REP_024,Qualification,7382.87,2025-11-13,,2025-08-30,North America,Mid-Market,Subscription,Referral,0,2025-12-19
OPP_001084,ACC_00105,REP_017,Closed-Won,74906.66,2024-04-18,2024-07-30,2024-02-07,EMEA,Mid-Market,Subscription,Partner,0,2024-02-27
OPP_001085,ACC_00100,REP_025,Prospecting,72873.11,2024-04-30,,2024-01-29,APAC,Enterprise,Subscription,Outbound,0,2024-02-21
OPP_001086,ACC_00029,REP_011,Qualification,4503.27,2024-05-28,,2024-01-21,APAC,SMB,Enterprise Services,Inbound,2,2024-01-29
OPP_001087,ACC_01161,REP_016,Qualification,24337.66,2024-08-05,,2024-03-13,North America,SMB,Advertising,Marketing,0,2024-03-27
OPP_001088,ACC_00501,REP_003,Prospecting,11011.72,2024-07-11,,2024-06-14,EMEA,Mid-Market,Usage-Based,Marketing,0,2024-07-31
OPP_001089,ACC_00274,REP_006,Closed-Won,9041.35,2025-01-13,2025-05-10,2024-11-24,North America,Mid-Market,Subscription,Outbound,1,2025-01-01
OPP_001090,ACC_00958,REP_018,Prospecting,39967.25,2024-10-21,,2024-07-04,North America,Mid-Market,Advertising,Referral,2,2024-10-28
OPP_001091,ACC_00594,REP_022,Negotiation,2500.0,2024-12-09,,2024-10-31,North America,Mid-Market,Usage-Based,Outbound,0,2024-12-23
OPP_001092,ACC_00438,REP_001,Closed-Won,34023.85,2025-02-03,2025-01-19,2024-10-27,North America,Mid-Market,Subscription,Referral,0,2024-12-03
OPP_001093,ACC_00138,REP_003,Prospecting,7997.67,2025-01-03,,2024-10-20,EMEA,Mid-Market,Subscription,Partner,0,2024-12-15
OPP_001094,ACC_00464,REP_001,Negotiation,4392.07,2024-03-24,,2024-02-09,APAC,SMB,Subscription,Marketing,1,2024-05-06
OPP_001095,ACC_00777,REP_016,Proposal,115628.41,2025-03-20,,2024-12-25,LATAM,Mid-Market,Subscription,Marketing,0,2025-02-04
OPP_001096,ACC_00749,REP_011,Closed-Won,9592.98,2024-10-13,2024-10-12,2024-07-19,EMEA,Mid-Market,Subscription,Marketing,0,2024-08-06
OPP_001097,ACC_00470,REP_002,Closed-Won,42442.89,2025-04-17,2025-03-20,2024-12-26,North America,Mid-Market,Usage-Based,Inbound,0,2025-02-15
OPP_001098,ACC_00736,REP_024,Closed-Won,21574.01,2024-06-16,2024-03-27,2024-02-10,APAC,Mid-Market,Enterprise Services,Marketing,0,2024-04-24
OPP_001099,ACC_00922,REP_016,Proposal,64617.65,2025-12-28,,2025-08-06,North America,Enterprise,Transactional,Outbound,1,2025-09-13
OPP_001100,ACC_01117,REP_001,Closed-Won,6985.7,2025-07-14,2025-05-30,2025-04-28,APAC,SMB,Subscription,Inbound,0,2025-07-07
OPP_001101,ACC_00635,REP_021,Negotiation,6630.58,2024-12-06,,2024-08-19,EMEA,SMB,Transactional,Partner,0,2024-09-27
OPP_001102,ACC_00274,REP_028,Proposal,75206.16,2024-12-28,,2024-08-28,North America,Mid-Market,Subscription,Outbound,0,2024-12-14
OPP_001103,ACC_00156,REP_013,Prospecting,41376.16,2024-12-25,,2024-07-30,North America,Mid-Market,Subscription,Outbound,1,2024-11-13
OPP_001104,ACC_00190,REP_029,Prospecting,5445.16,2026-02-07,,2025-10-26,North America,SMB,Advertising,Outbound,0,2026-01-20
OPP_001105,ACC_00013,REP_013,Qualification,5733.74,2025-06-06,,2025-04-15,North America,Mid-Market,Subscription,Inbound,2,2025-07-24
OPP_001106,ACC_00670,REP_003,Qualification,5002.48,2025-01-07,,2024-11-04,North America,SMB,Usage-Based,Inbound,0,2024-11-19
OPP_001107,ACC_00255,REP_004,Closed-Lost,23948.44,2025-04-26,2025-05-09,2025-03-10,APAC,SMB,Usage-Based,Marketing,0,2025-05-27
OPP_001108,ACC_00272,REP_003,Closed-Lost,29168.8,2024-03-29,2024-05-01,2024-02-13,North America,SMB,Subscription,Inbound,0,2024-04-02
OPP_001109,ACC_00870,REP_010,Qualification,15632.49,2025-09-06,,2025-07-09,APAC,SMB,Advertising,Partner,0,2025-10-10
OPP_001110,ACC_00384,REP_012,Closed-Lost,2500.0,2025-04-28,2025-03-15,2025-02-03,EMEA,SMB,Transactional,Outbound,0,2025-02-04
OPP_001111,ACC_00995,REP_014,Closed-Won,93622.95,2024-11-25,2024-08-15,2024-07-26,APAC,Enterprise,Transactional,Inbound,0,2024-08-18
OPP_001112,ACC_00165,REP_015,Proposal,60088.77,2025-06-05,,2025-04-09,North America,Mid-Market,Usage-Based,Inbound,0,2025-05-08
OPP_001113,ACC_00410,REP_026,Closed-Lost,52407.67,2024-02-18,2024-06-21,2024-01-05,North America,Enterprise,Subscription,Outbound,0,2024-03-12
OPP_001114,ACC_00062,REP_001,Closed-Won,64988.53,2024-12-30,2025-05-02,2024-11-24,APAC,SMB,Subscription,Marketing,1,2025-03-20
OPP_001115,ACC_ORPHAN_4,REP_027,Negotiation,2500.0,2025-11-08,,2025-09-24,EMEA,SMB,Subscription,Referral,0,2026-01-09
OPP_001116,ACC_00150,REP_008,Qualification,17800.3,2025-08-07,,2025-05-23,EMEA,SMB,Transactional,Outbound,1,2025-07-17
OPP_001117,ACC_00289,REP_029,Qualification,5882.74,2024-04-12,,2024-01-30,LATAM,Mid-Market,Subscription,Inbound,1,2024-01-31
OPP_001118,ACC_00883,REP_005,Closed-Lost,126981.12,2025-04-11,2025-04-05,2025-01-30,North America,Enterprise,Subscription,Partner,1,2025-05-14
OPP_001119,ACC_01057,REP_004,Qualification,81317.18,2025-05-31,,2025-03-31,EMEA,Enterprise,Usage-Based,Outbound,0,2025-06-08
OPP_001120,ACC_00655,REP_004,Prospecting,266894.2,2025-03-06,,2024-12-18,LATAM,Enterprise,Advertising,Outbound,0,2024-12-21
OPP_001121,ACC_01159,REP_009,Qualification,14792.44,2024-11-15,,2024-08-03,EMEA,SMB,Subscription,Outbound,1,2024-10-19
OPP_001122,ACC_00909,REP_029,Proposal,5991.86,2025-04-24,,2025-03-30,North America,SMB,Enterprise Services,Partner,0,2025-07-13
OPP_001123,ACC_00904,REP_014,Proposal,9985.9,2025-02-22,,2024-10-10,APAC,Mid-Market,Subscription,Inbound,0,2025-01-22
OPP_001124,ACC_01189,REP_005,Closed-Lost,6988.25,2025-11-25,2026-01-21,2025-09-27,LATAM,SMB,Subscription,Marketing,0,2026-01-11
OPP_001125,ACC_00107,REP_020,Proposal,5385.36,2025-08-22,,2025-07-15,APAC,SMB,Enterprise Services,Outbound,0,2025-11-09
OPP_001126,ACC_00279,REP_016,Closed-Lost,169458.06,2025-10-13,2025-10-09,2025-09-01,North America,Enterprise,Transactional,Outbound,0,2025-11-18
OPP_001127,ACC_00525,REP_022,Negotiation,32138.22,2025-01-07,,2024-10-08,North America,SMB,Subscription,Referral,0,2024-12-20
OPP_001128,ACC_00743,REP_023,Proposal,9864.37,2025-06-24,,2025-03-29,EMEA,Enterprise,Subscription,Outbound,1,2025-04-12
OPP_001129,ACC_01189,REP_024,Qualification,9325.64,2024-05-07,,2024-04-06,LATAM,SMB,Subscription,Inbound,0,2024-06-21
OPP_001130,ACC_00119,REP_005,Qualification,9553.42,2025-08-11,,2025-05-19,LATAM,SMB,Usage-Based,Inbound,0,2025-09-01
OPP_001131,ACC_00276,REP_015,Closed-Lost,4108.72,2025-07-07,2025-11-03,2025-05-20,North America,SMB,Transactional,Partner,2,2025-08-25
OPP_001132,ACC_00358,REP_019,Closed-Won,25292.17,2025-10-19,2025-10-30,2025-06-03,EMEA,Mid-Market,Enterprise Services,Partner,0,2025-09-19
OPP_001133,ACC_00805,REP_017,Proposal,38677.52,2024-03-14,,2024-01-14,North America,SMB,Usage-Based,Outbound,0,2024-02-04
OPP_001134,ACC_01143,REP_030,Closed-Lost,107480.07,2025-03-30,2024-12-15,2024-11-01,North America,Enterprise,Transactional,Inbound,0,2024-11-25
OPP_001135,ACC_01127,REP_029,Closed-Won,62759.7,2024-10-06,2024-08-22,2024-07-03,APAC,Mid-Market,Subscription,Inbound,0,2024-10-14
OPP_001136,ACC_00898,REP_025,Prospecting,4375.15,2026-01-28,,2025-09-05,LATAM,SMB,Subscription,Outbound,0,2025-12-26
OPP_001137,ACC_00928,REP_008,Negotiation,45695.7,2025-03-28,,2024-12-26,North America,Enterprise,Usage-Based,Outbound,0,2025-02-27
OPP_001138,ACC_00499,REP_016,Closed-Won,4173.52,2025-03-21,2025-04-23,2025-02-13,North America,SMB,Subscription,Outbound,1,2025-05-29
OPP_001139,ACC_00731,REP_025,Closed-Won,11402.56,2025-01-31,2024-11-19,2024-10-20,North America,SMB,Usage-Based,Outbound,2,2025-01-10
OPP_001140,ACC_00206,REP_009,Prospecting,12476.65,2024-06-07,,2024-03-17,North America,SMB,Transactional,Marketing,0,2024-04-11
OPP_001141,ACC_00609,REP_022,Qualification,42609.73,2025-06-25,,2025-02-19,North America,Mid-Market,Subscription,Partner,1,2025-04-21
OPP_001142,ACC_00352,REP_008,Proposal,33378.09,2025-04-24,,2025-02-13,North America,SMB,Usage-Based,Partner,0,2025-04-01
OPP_001143,ACC_01115,REP_005,Qualification,87748.4,2024-10-26,,2024-09-12,North America,Enterprise,Usage-Based,Outbound,1,2024-12-16
OPP_001144,ACC_00442,REP_008,Prospecting,3797.1,2025-03-31,,2025-02-25,North America,SMB,Usage-Based,Inbound,0,2025-04-07
OPP_001145,ACC_00474,REP_028,Negotiation,2500.0,2025-01-12,,2024-09-18,APAC,SMB,Advertising,Partner,0,2024-10-09
OPP_001146,ACC_00484,REP_030,Proposal,15095.97,2025-05-07,,2025-03-18,North America,SMB,Transactional,Inbound,0,2025-05-17
OPP_001147,ACC_01082,REP_026,Qualification,197555.11,2024-12-05,,2024-08-21,North America,Enterprise,Usage-Based,Partner,0,2024-10-19
OPP_001148,ACC_01120,REP_009,Negotiation,42978.7,2025-07-09,,2025-06-02,North America,Enterprise,Transactional,Outbound,2,2025-09-16
OPP_001149,ACC_00518,REP_024,Prospecting,3542.57,2025-09-16,,2025-08-17,LATAM,Mid-Market,Transactional,Partner,0,2025-08-18
OPP_001150,ACC_01195,REP_007,Proposal,354338.42,2025-03-12,,2024-11-20,EMEA,Enterprise,Transactional,Marketing,0,2025-03-05
OPP_001151,ACC_00908,REP_004,Closed-Won,14640.8,2024-03-16,2024-03-24,2024-01-12,APAC,SMB,Usage-Based,Outbound,0,2024-02-07
OPP_001152,ACC_01016,REP_008,Closed-Lost,10649.89,2025-07-04,2025-08-05,2025-04-02,APAC,SMB,Enterprise Services,Inbound,2,2025-04-23
OPP_001153,ACC_01099,REP_005,Qualification,13701.77,2025-10-14,,2025-09-21,North America,Enterprise,Subscription,Marketing,0,2025-11-10
OPP_001154,ACC_00400,REP_020,Closed-Won,9121.41,2025-06-03,2025-09-01,2025-04-20,North America,SMB,Usage-Based,Outbound,0,2025-06-25
OPP_001155,ACC_00661,REP_021,Closed-Lost,17837.3,2024-09-28,2024-09-13,2024-08-28,EMEA,SMB,Subscription,Outbound,0,2024-12-17
OPP_001156,ACC_00343,REP_002,Negotiation,26984.58,2025-03-10,,2025-01-13,North America,Mid-Market,Usage-Based,Inbound,0,2025-03-18
OPP_001157,ACC_00372,REP_004,Closed-Lost,4547.24,2024-10-27,2024-11-13,2024-09-01,EMEA,SMB,Subscription,Outbound,0,2024-09-19
OPP_001158,ACC_00558,REP_015,Qualification,15412.51,2025-08-09,,2025-06-02,North America,Mid-Market,Subscription,Outbound,1,2025-07-26
OPP_001159,ACC_00062,REP_004,Prospecting,4847.2,2025-06-21,,2025-05-01,APAC,SMB,Subscription,Marketing,2,2025-08-19
OPP_001160,ACC_00259,REP_025,Closed-Won,47397.49,2025-05-12,2025-07-24,2025-02-22,EMEA,SMB,Advertising,Marketing,1,2025-05-19
OPP_001161,ACC_00972,REP_013,Proposal,21961.3,2025-02-01,,2024-09-17,APAC,SMB,Subscription,Outbound,0,2024-10-13
OPP_001162,ACC_00199,REP_013,Proposal,5312.55,2024-05-26,,2024-04-25,North America,SMB,Subscription,Marketing,0,2024-07-11
OPP_001163,ACC_00747,REP_001,Prospecting,2789.71,2025-07-03,,2025-02-17,LATAM,SMB,Advertising,Marketing,1,2025-05-16
OPP_001164,ACC_00919,REP_022,Prospecting,11848.76,2024-10-25,,2024-08-13,North America,SMB,Subscription,Inbound,0,2024-09-15
OPP_001165,ACC_00316,REP_022,Prospecting,5482.66,2025-12-01,,2025-08-28,LATAM,SMB,Advertising,Partner,1,2025-10-30
OPP_001166,ACC_00550,REP_023,Qualification,5906.78,2024-05-29,,2024-02-12,North America,SMB,Subscription,Inbound,0,2024-03-25
OPP_001167,ACC_01053,REP_017,Closed-Lost,2884.04,2025-11-12,2025-12-25,2025-07-20,North America,SMB,Subscription,Inbound,2,2025-08-11
OPP_001168,ACC_01003,REP_009,Qualification,3264.15,2025-10-26,,2025-06-06,APAC,SMB,Advertising,Marketing,0,2025-09-20
OPP_001169,ACC_01105,REP_003,Closed-Won,10560.05,2025-05-09,2025-03-28,2024-12-11,North America,SMB,Subscription,Marketing,2,2025-01-19
OPP_001170,ACC_00755,REP_010,Prospecting,12495.47,2025-11-28,,2025-10-27,EMEA,Mid-Market,Subscription,Marketing,0,2025-12-05
OPP_001171,ACC_01065,REP_017,Qualification,108953.6,2025-07-07,,2025-04-25,EMEA,SMB,Subscription,Outbound,1,2025-05-08
OPP_001172,ACC_00479,REP_004,Closed-Lost,29562.25,2024-04-27,2024-06-12,2024-01-28,North America,Mid-Market,Subscription,Inbound,0,2024-03-21
OPP_001173,ACC_00722,REP_002,Qualification,2836.9,2024-12-15,,2024-09-19,North America,SMB,Subscription,Inbound,0,2024-12-05
OPP_001174,ACC_00801,REP_007,Qualification,3513.49,2025-12-12,,2025-07-17,North America,Mid-Market,Subscription,Inbound,0,2025-11-10
OPP_001175,ACC_01172,REP_003,Closed-Won,24298.54,2025-09-15,2025-07-28,2025-06-03,North America,Mid-Market,Advertising,Outbound,0,2025-09-04
OPP_001176,ACC_00442,REP_001,Prospecting,6034.79,2024-06-28,,2024-04-17,North America,SMB,Usage-Based,Outbound,0,2024-07-29
OPP_001177,ACC_01050,REP_015,Prospecting,33983.76,2024-09-10,,2024-04-24,APAC,SMB,Subscription,Partner,0,2024-08-20
OPP_001178,ACC_00612,REP_023,Closed-Lost,21630.59,2026-01-04,2026-02-16,2025-09-11,APAC,Mid-Market,Subscription,Inbound,2,2025-12-04
OPP_001179,ACC_00126,REP_015,Proposal,2500.0,2024-06-02,,2024-01-31,North America,Mid-Market,Subscription,Inbound,1,2024-05-13
OPP_001180,ACC_00787,REP_003,Negotiation,5887.44,2026-01-07,,2025-09-28,EMEA,Mid-Market,Subscription,Inbound,1,2025-11-04
OPP_001181,ACC_01178,REP_011,Prospecting,4568.23,2025-01-25,,2024-12-28,North America,SMB,Enterprise Services,Marketing,0,2025-03-24
OPP_001182,ACC_00545,REP_002,Qualification,13963.47,2025-11-17,,2025-06-24,North America,SMB,Subscription,Inbound,0,2025-09-07
OPP_001183,ACC_00659,REP_019,Proposal,5694.45,2024-09-13,,2024-05-24,North America,Mid-Market,Transactional,Inbound,0,2024-07-17
OPP_001184,ACC_01113,REP_007,Closed-Won,19011.85,2024-09-26,2024-11-19,2024-08-18,North America,Mid-Market,Transactional,Outbound,0,2024-11-03
OPP_001185,ACC_01105,REP_012,Qualification,2500.0,2025-06-24,,2025-05-03,North America,SMB,Subscription,Inbound,0,2025-07-28
OPP_001186,ACC_00481,REP_028,Closed-Lost,9030.37,2024-06-21,2024-08-25,2024-04-18,LATAM,SMB,Transactional,Outbound,1,2024-06-06
OPP_001187,ACC_00913,REP_018,Closed-Won,63785.28,2024-04-30,2024-05-05,2024-03-08,LATAM,Enterprise,Transactional,Marketing,0,2024-06-17
OPP_001188,ACC_00758,REP_023,Negotiation,189996.72,2025-05-23,,2025-02-12,North America,Enterprise,Usage-Based,Inbound,0,2025-02-17
OPP_001189,ACC_00778,REP_011,Proposal,11472.85,2024-04-06,,2024-01-06,EMEA,SMB,Advertising,Inbound,0,2024-02-14
OPP_001190,ACC_00865,REP_028,Negotiation,3965.66,2025-11-07,,2025-09-21,North America,SMB,Advertising,Inbound,0,2025-11-04
OPP_001191,ACC_00393,REP_022,Closed-Won,72620.69,2025-07-16,2025-05-10,2025-03-28,North America,Mid-Market,Subscription,Inbound,0,2025-07-05
OPP_001192,ACC_00366,REP_016,Prospecting,7472.5,2025-06-19,,2025-04-23,EMEA,SMB,Subscription,Marketing,0,2025-06-23
OPP_001193,ACC_00033,REP_018,Closed-Won,19452.48,2025-01-10,2025-03-13,2024-12-01,EMEA,SMB,Subscription,Partner,0,2025-03-23
OPP_001194,ACC_01028,REP_019,Proposal,4862.3,2025-07-15,,2025-02-21,North America,SMB,Subscription,Outbound,0,2025-06-15
OPP_001195,ACC_00333,REP_005,Closed-Lost,17868.21,2025-11-28,2026-01-08,2025-09-29,North America,Mid-Market,Advertising,Partner,1,2025-11-23
OPP_001196,ACC_00810,REP_008,Closed-Lost,19771.24,2024-02-23,2024-04-22,2024-01-04,EMEA,Enterprise,Transactional,Inbound,3,2024-03-31
OPP_001197,ACC_00823,REP_021,Prospecting,12387.25,2024-10-05,,2024-06-14,EMEA,SMB,Advertising,Outbound,0,2024-07-14
OPP_001198,ACC_00845,REP_014,Proposal,20050.13,2025-08-09,,2025-04-12,EMEA,SMB,Advertising,Inbound,0,2025-04-25
OPP_001199,ACC_01036,REP_024,Proposal,9948.74,2024-05-01,,2024-03-23,North America,Mid-Market,Advertising,Marketing,0,2024-05-21
OPP_001200,ACC_01042,REP_016,Negotiation,9404.96,2024-07-10,,2024-06-13,North America,Mid-Market,Subscription,Marketing,1,2024-07-19
OPP_001201,ACC_00003,REP_002,Closed-Won,62948.36,2024-05-25,2024-06-12,2024-01-16,North America,Enterprise,Advertising,Inbound,0,2024-04-12
OPP_001202,ACC_01009,REP_020,Qualification,7150.83,2024-05-01,,2024-02-06,North America,Mid-Market,Subscription,Marketing,0,2024-04-09
OPP_001203,ACC_00250,REP_019,Negotiation,2500.0,2025-01-11,,2024-10-24,LATAM,SMB,Subscription,Inbound,0,2024-11-10
OPP_001204,ACC_00775,REP_011,Closed-Lost,12776.46,2025-05-31,2025-08-07,2025-03-18,North America,SMB,Advertising,Inbound,2,2025-05-11
OPP_001205,ACC_00808,REP_024,Closed-Lost,8058.36,2024-06-12,2024-05-11,2024-03-08,EMEA,SMB,Enterprise Services,Inbound,0,2024-04-25
OPP_001206,ACC_00065,REP_011,Prospecting,14344.77,2026-02-04,,2025-10-20,EMEA,Mid-Market,Subscription,Inbound,0,2025-10-21
OPP_001207,ACC_00341,REP_004,Closed-Lost,15111.83,2025-07-03,2025-09-02,2025-06-03,EMEA,SMB,Usage-Based,Inbound,0,2025-08-07
OPP_001208,ACC_01093,REP_004,Prospecting,17377.18,2025-05-13,,2025-03-20,North America,SMB,Usage-Based,Marketing,0,2025-07-10
OPP_001209,ACC_00171,REP_028,Negotiation,7640.06,2024-07-11,,2024-02-18,EMEA,SMB,Enterprise Services,Inbound,0,2024-06-04
OPP_001210,ACC_00279,REP_012,Qualification,14336.76,2025-01-23,,2024-12-13,North America,Enterprise,Transactional,Outbound,2,2025-03-31
OPP_001211,ACC_00099,REP_013,Negotiation,4738.98,2026-01-23,,2025-09-08,APAC,SMB,Advertising,Inbound,1,2025-12-24
OPP_001212,ACC_00201,REP_010,Prospecting,29288.9,2024-08-19,,2024-06-08,North America,Mid-Market,Advertising,Inbound,2,2024-09-26
OPP_001213,ACC_00766,REP_023,Qualification,10286.27,2025-02-10,,2024-12-28,North America,SMB,Transactional,Inbound,2,2025-01-09
OPP_001214,ACC_ORPHAN_3,REP_019,Qualification,5179.19,2025-04-19,,2025-01-12,APAC,SMB,Advertising,Inbound,0,2025-03-04
OPP_001215,ACC_00714,REP_027,Closed-Lost,20107.84,2025-07-26,2025-05-10,2025-04-11,North America,Enterprise,Advertising,Outbound,1,2025-06-15
OPP_001216,ACC_00342,REP_027,Negotiation,81721.68,2025-11-11,,2025-09-07,EMEA,Enterprise,Usage-Based,Inbound,1,2025-12-16
OPP_001217,ACC_01031,REP_030,Closed-Won,13073.57,2024-07-29,2024-08-19,2024-03-28,EMEA,Mid-Market,Subscription,Inbound,0,2024-05-12
OPP_001218,ACC_00441,REP_010,Closed-Won,93523.55,2024-03-11,2024-03-20,2024-02-12,North America,Enterprise,Advertising,Partner,1,2024-05-07
OPP_001219,ACC_00378,REP_018,Proposal,21622.7,2024-04-04,,2024-02-29,North America,SMB,Usage-Based,Referral,2,2024-06-01
OPP_001220,ACC_00607,REP_011,Prospecting,32222.24,2024-10-06,,2024-06-28,North America,Enterprise,Usage-Based,Inbound,1,2024-08-28
OPP_001221,ACC_00165,REP_022,Prospecting,42177.72,2024-11-27,,2024-08-24,North America,Mid-Market,Usage-Based,Partner,1,2024-09-22
OPP_001222,ACC_00428,REP_023,Proposal,50597.71,2025-11-29,,2025-08-11,North America,Enterprise,Subscription,Partner,0,2025-08-21
OPP_001223,ACC_00959,REP_008,Closed-Lost,21327.62,2025-04-23,2025-01-09,2024-12-14,North America,Mid-Market,Subscription,Partner,1,2025-02-05
OPP_001224,ACC_00730,REP_026,Qualification,2500.0,2025-10-01,,2025-05-14,APAC,Mid-Market,Advertising,Partner,0,2025-06-03
OPP_001225,ACC_01186,REP_009,Closed-Won,16686.09,2025-04-15,2025-04-30,2025-01-20,North America,Enterprise,Subscription,Outbound,0,2025-04-07
OPP_001226,ACC_00931,REP_030,Closed-Won,3588.42,2025-12-24,2026-03-16,2025-09-30,North America,SMB,Subscription,Referral,1,2025-10-29
OPP_001227,ACC_00433,REP_026,Closed-Lost,11864.97,2024-12-26,2024-10-24,2024-08-08,North America,Mid-Market,Subscription,Inbound,0,2024-11-21
OPP_001228,ACC_00921,REP_001,Qualification,10061.93,2025-08-15,,2025-03-24,APAC,SMB,Transactional,Outbound,0,2025-07-09
OPP_001229,ACC_01039,REP_012,Closed-Lost,10481.98,2024-07-27,2024-08-15,2024-07-01,North America,SMB,Usage-Based,Partner,1,2024-10-09
OPP_001230,ACC_00757,REP_012,Negotiation,11943.11,2024-08-29,,2024-06-05,North America,SMB,Transactional,Marketing,0,2024-08-24
OPP_001231,ACC_00916,REP_025,Proposal,22210.21,2026-03-07,,2025-10-19,North America,Enterprise,Usage-Based,Outbound,0,2025-11-02
OPP_001232,ACC_00605,REP_022,Closed-Won,87958.0,2024-02-12,2024-03-02,2024-01-17,EMEA,Enterprise,Transactional,Referral,0,2024-05-13
OPP_001233,ACC_01094,REP_002,Qualification,54800.33,2024-11-25,,2024-07-01,APAC,SMB,Transactional,Partner,0,2024-07-09
OPP_001234,ACC_00286,REP_026,Closed-Won,6303.36,2025-01-10,2025-02-15,2024-09-15,North America,SMB,Advertising,Partner,0,2024-11-22
OPP_001235,ACC_00510,REP_007,Negotiation,4621.59,2024-05-12,,2024-04-02,North America,SMB,Advertising,Marketing,0,2024-07-07
OPP_001236,ACC_00305,REP_012,Closed-Won,22201.61,2025-09-12,2025-10-02,2025-06-01,APAC,Enterprise,Transactional,Marketing,2,2025-06-12
OPP_001237,ACC_00122,REP_006,Closed-Won,17773.57,2024-11-12,2024-12-02,2024-08-28,North America,Mid-Market,Subscription,Outbound,0,2024-10-27
OPP_001238,ACC_00740,REP_005,Negotiation,5304.97,2025-01-05,,2024-11-03,North America,SMB,Subscription,Marketing,2,2024-12-30
OPP_001239,ACC_00143,REP_016,Prospecting,7808.15,2024-10-30,,2024-07-22,EMEA,Enterprise,Subscription,Inbound,0,2024-08-15
OPP_001240,ACC_00272,REP_003,Qualification,2500.0,2025-12-13,,2025-08-20,North America,SMB,Subscription,Referral,0,2025-09-03
OPP_001241,ACC_00916,REP_003,Closed-Lost,122203.37,2025-02-22,2025-03-26,2024-10-09,North America,Enterprise,Usage-Based,Marketing,1,2025-01-26
OPP_001242,ACC_00290,REP_024,Negotiation,32336.67,2025-08-24,,2025-06-11,North America,SMB,Usage-Based,Partner,0,2025-09-27
OPP_001243,ACC_01036,REP_011,Closed-Lost,80812.71,2025-04-02,2025-03-25,2025-02-21,North America,Mid-Market,Advertising,Inbound,2,2025-03-05
OPP_001244,ACC_00059,REP_020,Proposal,11253.87,2026-02-11,,2025-10-02,North America,SMB,Usage-Based,Inbound,0,2025-11-05
OPP_001245,ACC_00549,REP_030,Proposal,6057.75,2025-04-12,,2025-02-08,EMEA,Mid-Market,Transactional,Inbound,1,2025-03-27
OPP_001246,ACC_00081,REP_002,Closed-Lost,10530.0,2026-02-17,2026-02-15,2025-10-22,North America,Mid-Market,Subscription,Inbound,0,2025-11-15
OPP_001247,ACC_00072,REP_024,Closed-Won,2500.0,2025-08-13,2025-06-25,2025-04-12,North America,SMB,Subscription,Partner,1,2025-04-20
OPP_001248,ACC_00950,REP_004,Proposal,2500.0,2024-03-07,,2024-02-09,LATAM,SMB,Usage-Based,Marketing,0,2024-04-10
OPP_001249,ACC_00081,REP_023,Prospecting,21062.78,2024-06-26,,2024-04-14,North America,Mid-Market,Subscription,Partner,1,2024-06-06
OPP_001250,ACC_01071,REP_010,Closed-Lost,75528.35,2025-07-14,2025-08-05,2025-06-13,EMEA,Enterprise,Transactional,Outbound,0,2025-09-18
OPP_001251,ACC_00719,REP_005,Closed-Won,115655.77,2024-05-08,2024-07-15,2024-01-31,North America,Mid-Market,Advertising,Referral,1,2024-03-07
OPP_001252,ACC_00580,REP_007,Proposal,8259.09,2024-09-07,,2024-05-07,APAC,SMB,Enterprise Services,Marketing,0,2024-07-07
OPP_001253,ACC_01103,REP_011,Negotiation,4197.17,2025-09-13,,2025-06-13,North America,Mid-Market,Advertising,Partner,0,2025-07-21
OPP_001254,ACC_00466,REP_022,Qualification,14444.65,2024-10-26,,2024-08-25,North America,Mid-Market,Usage-Based,Outbound,1,2024-08-30
OPP_001255,ACC_00480,REP_021,Proposal,6766.26,2024-10-18,,2024-05-25,EMEA,SMB,Subscription,Partner,0,2024-08-20
OPP_001256,ACC_00492,REP_022,Qualification,9984.29,2024-06-12,,2024-05-12,North America,Mid-Market,Transactional,Outbound,1,2024-08-09
OPP_001257,ACC_00781,REP_001,Qualification,12656.33,2024-09-06,,2024-07-30,EMEA,SMB,Subscription,Inbound,1,2024-10-18
OPP_001258,ACC_01017,REP_030,Closed-Won,4844.15,2025-09-20,2026-01-03,2025-07-15,North America,Mid-Market,Subscription,Partner,0,2025-07-20
OPP_001259,ACC_00651,REP_014,Proposal,10228.0,2025-03-24,,2024-11-01,North America,SMB,Transactional,Partner,1,2025-01-23
OPP_001260,ACC_00338,REP_004,Closed-Won,31305.94,2026-02-14,2026-03-02,2025-10-01,North America,Mid-Market,Subscription,Outbound,0,2025-12-12
OPP_001261,ACC_01068,REP_028,Proposal,67490.21,2025-07-26,,2025-04-24,EMEA,Mid-Market,Enterprise Services,Referral,0,2025-06-16
OPP_001262,ACC_00719,REP_024,Prospecting,22256.2,2024-11-18,,2024-06-28,North America,Mid-Market,Advertising,Marketing,0,2024-09-10
OPP_001263,ACC_00999,REP_003,Proposal,125037.91,2024-09-03,,2024-04-19,EMEA,Enterprise,Usage-Based,Partner,0,2024-05-03
OPP_001264,ACC_00519,REP_014,Qualification,5757.55,2025-12-29,,2025-09-24,North America,SMB,Subscription,Inbound,1,2025-10-19
OPP_001265,ACC_00240,REP_028,Closed-Won,6620.15,2025-10-01,2025-10-05,2025-08-27,APAC,SMB,Advertising,Inbound,2,2025-09-12
OPP_001266,ACC_01134,REP_021,Closed-Lost,62808.58,2024-08-06,2024-08-04,2024-03-23,North America,Mid-Market,Subscription,Partner,2,2024-05-16
OPP_001267,ACC_00814,REP_006,Closed-Won,4139.85,2024-11-14,2024-10-16,2024-08-03,EMEA,Mid-Market,Subscription,Marketing,1,2024-11-18
OPP_001268,ACC_00370,REP_022,Closed-Won,29440.06,2025-06-19,2025-07-28,2025-05-12,North America,Enterprise,Transactional,Outbound,0,2025-05-13
OPP_001269,ACC_01018,REP_006,Closed-Lost,136175.27,2026-02-26,2025-12-05,2025-10-20,North America,Enterprise,Subscription,Inbound,0,2025-12-13
OPP_001270,ACC_00011,REP_011,Closed-Won,7266.65,2025-11-07,2025-12-18,2025-08-28,North America,SMB,Transactional,Inbound,0,2025-10-01
OPP_001271,ACC_01117,REP_006,Negotiation,6745.03,2024-11-09,,2024-07-10,APAC,SMB,Subscription,Inbound,1,2024-10-30
OPP_001272,ACC_00695,REP_021,Closed-Won,33789.98,2025-10-16,2026-01-26,2025-08-23,APAC,Enterprise,Subscription,Partner,0,2025-11-05
OPP_001273,ACC_00708,REP_028,Proposal,18345.72,2025-05-22,,2025-05-01,North America,Mid-Market,Advertising,Outbound,3,2025-05-28
OPP_001274,ACC_00017,REP_002,Prospecting,48343.34,2025-01-22,,2024-11-05,North America,Mid-Market,Subscription,Inbound,0,2024-12-09
OPP_001275,ACC_00212,REP_019,Closed-Won,41119.24,2024-11-26,2024-11-01,2024-09-09,North America,Mid-Market,Transactional,Outbound,0,2024-11-18
OPP_001276,ACC_00865,REP_008,Closed-Won,9078.1,2025-11-07,2025-10-09,2025-06-28,North America,SMB,Advertising,Marketing,1,2025-07-04
OPP_001277,ACC_00670,REP_023,Qualification,26757.0,2025-08-17,,2025-07-14,North America,SMB,Usage-Based,Outbound,0,2025-07-22
OPP_001278,ACC_00154,REP_005,Closed-Lost,22966.52,2026-01-20,2026-01-03,2025-09-04,LATAM,Mid-Market,Subscription,Inbound,0,2025-11-24
OPP_001279,ACC_00799,REP_011,Prospecting,38527.22,2024-12-14,,2024-11-05,EMEA,Mid-Market,Advertising,Partner,0,2025-02-09
OPP_001280,ACC_00896,REP_007,Closed-Won,15754.52,2024-11-15,2024-10-24,2024-06-27,North America,Enterprise,Subscription,Referral,2,2024-09-24
OPP_001281,ACC_00327,REP_027,Closed-Lost,92832.56,2025-11-25,2025-10-03,2025-08-06,North America,Mid-Market,Usage-Based,Inbound,0,2025-08-27
OPP_001282,ACC_00828,REP_003,Qualification,11185.53,2024-09-25,,2024-07-21,APAC,SMB,Usage-Based,Inbound,0,2024-11-01
OPP_001283,ACC_01168,REP_018,Closed-Lost,2500.0,2025-10-11,2025-06-08,2025-05-20,North America,Mid-Market,Subscription,Partner,0,2025-06-16
OPP_001284,ACC_00579,REP_004,Closed-Won,231602.76,2025-02-11,2025-05-07,2024-12-07,North America,Enterprise,Enterprise Services,Inbound,0,2025-03-22
OPP_001285,ACC_00276,REP_018,Closed-Won,9020.17,2025-05-09,2025-05-20,2025-01-27,North America,SMB,Transactional,Marketing,0,2025-03-04
OPP_001286,ACC_01155,REP_024,Closed-Lost,10987.42,2024-06-11,2024-09-28,2024-05-20,North America,Mid-Market,Usage-Based,Partner,0,2024-07-19
OPP_001287,ACC_01094,REP_023,Negotiation,4897.5,2024-07-19,,2024-06-16,APAC,SMB,Transactional,Inbound,0,2024-10-08
OPP_001288,ACC_00549,REP_002,Proposal,25323.85,2025-05-17,,2025-03-13,EMEA,Mid-Market,Transactional,Marketing,2,2025-05-01
OPP_001289,ACC_00511,REP_024,Closed-Won,3691.45,2024-08-13,2024-10-03,2024-06-23,North America,SMB,Transactional,Partner,1,2024-09-11
OPP_001290,ACC_01001,REP_009,Proposal,5040.48,2025-05-12,,2025-03-24,North America,SMB,Transactional,Outbound,1,2025-06-02
OPP_001291,ACC_00001,REP_021,Qualification,9387.38,2026-01-03,,2025-10-26,North America,Mid-Market,Subscription,Inbound,0,2025-11-04
OPP_001292,ACC_00375,REP_029,Prospecting,6700.36,2024-06-03,,2024-02-25,North America,SMB,Subscription,Partner,0,2024-05-30
OPP_001293,ACC_00652,REP_004,Proposal,26318.92,2025-10-18,,2025-09-12,EMEA,Enterprise,Enterprise Services,Marketing,0,2025-10-25
OPP_001294,ACC_00785,REP_011,Closed-Won,103369.57,2024-08-19,2024-07-11,2024-04-24,EMEA,Enterprise,Transactional,Inbound,0,2024-06-20
OPP_001295,ACC_00754,REP_027,Closed-Lost,11769.01,2024-08-10,2024-05-28,2024-04-02,North America,SMB,Usage-Based,Outbound,0,2024-05-09
OPP_001296,ACC_00445,REP_005,Closed-Lost,13295.75,2025-11-17,2025-11-12,2025-07-12,North America,SMB,Subscription,Referral,0,2025-11-08
OPP_001297,ACC_01044,REP_008,Qualification,30049.53,2024-06-30,,2024-05-16,EMEA,Mid-Market,Subscription,Outbound,0,2024-07-21
OPP_001298,ACC_00780,REP_017,Negotiation,40141.16,2025-07-21,,2025-03-09,APAC,Enterprise,Transactional,Inbound,0,2025-05-24
OPP_001299,ACC_00649,REP_030,Negotiation,5882.23,2024-04-17,,2024-03-12,North America,Mid-Market,Usage-Based,Inbound,0,2024-05-14
OPP_001300,ACC_01127,REP_009,Qualification,99227.7,2024-04-01,,2024-02-28,APAC,Mid-Market,Subscription,Partner,0,2024-04-05
OPP_001301,ACC_00113,REP_012,Negotiation,22690.41,2024-09-05,,2024-05-14,North America,SMB,Subscription,Partner,1,2024-07-23
OPP_001302,ACC_00852,REP_024,Proposal,45025.76,2025-04-11,,2024-12-14,North America,SMB,Subscription,Inbound,0,2025-03-19
OPP_001303,ACC_01113,REP_004,Closed-Lost,45914.6,2024-08-18,2024-12-12,2024-07-13,North America,Mid-Market,Transactional,Inbound,1,2024-07-25
OPP_001304,ACC_00795,REP_010,Qualification,5663.47,2024-08-11,,2024-05-29,EMEA,SMB,Advertising,Partner,0,2024-06-16
OPP_001305,ACC_00679,REP_010,Closed-Won,2500.0,2025-09-26,2025-09-21,2025-07-15,EMEA,SMB,Subscription,Partner,3,2025-08-04
OPP_001306,ACC_00438,REP_013,Closed-Lost,4773.83,2024-08-17,2024-05-14,2024-04-26,North America,Mid-Market,Subscription,Inbound,0,2024-08-16
OPP_001307,ACC_00326,REP_018,Closed-Won,30838.59,2024-05-30,2024-04-13,2024-03-04,North America,Mid-Market,Subscription,Outbound,0,2024-05-12
OPP_001308,ACC_00656,REP_007,Qualification,8106.45,2024-06-20,,2024-03-14,North America,SMB,Subscription,Partner,1,2024-04-24
OPP_001309,ACC_01079,REP_012,Qualification,10723.04,2025-09-13,,2025-08-14,EMEA,Mid-Market,Subscription,Inbound,0,2025-09-07
OPP_001310,ACC_00555,REP_028,Closed-Lost,2500.0,2025-04-09,2025-03-04,2024-11-14,LATAM,SMB,Subscription,Inbound,0,2025-02-04
OPP_001311,ACC_00146,REP_025,Prospecting,8857.64,2026-01-13,,2025-10-13,APAC,SMB,Transactional,Marketing,0,2025-12-15
OPP_001312,ACC_00581,REP_029,Prospecting,5531.54,2025-10-08,,2025-06-24,North America,Mid-Market,Usage-Based,Marketing,3,2025-09-07
OPP_001313,ACC_00117,REP_021,Closed-Lost,7907.9,2024-09-27,2024-08-29,2024-07-07,EMEA,Mid-Market,Subscription,Inbound,1,2024-10-01
OPP_001314,ACC_01124,REP_018,Closed-Won,20999.78,2025-08-04,2025-11-09,2025-06-13,North America,SMB,Usage-Based,Marketing,0,2025-06-25
OPP_001315,ACC_00643,REP_007,Closed-Won,3206.78,2025-02-15,2024-12-30,2024-11-01,APAC,SMB,Subscription,Partner,1,2025-01-21
OPP_001316,ACC_00257,REP_005,Qualification,6414.46,2025-03-08,,2025-01-10,North America,Mid-Market,Transactional,Referral,0,2025-04-06
OPP_001317,ACC_00750,REP_017,Proposal,53041.62,2025-02-06,,2024-12-20,North America,Enterprise,Transactional,Referral,0,2025-01-22
OPP_001318,ACC_00646,REP_013,Closed-Won,105410.11,2025-08-22,2025-08-27,2025-05-23,North America,Enterprise,Subscription,Partner,0,2025-06-30
OPP_001319,ACC_00614,REP_024,Qualification,29452.85,2024-07-22,,2024-05-17,North America,Enterprise,Subscription,Outbound,0,2024-07-27
OPP_001320,ACC_00711,REP_001,Qualification,191083.77,2024-06-24,,2024-02-09,North America,Enterprise,Subscription,Inbound,2,2024-03-26
OPP_001321,ACC_01115,REP_027,Prospecting,12265.95,2025-08-18,,2025-05-05,North America,Enterprise,Usage-Based,Outbound,1,2025-08-24
OPP_001322,ACC_01028,REP_006,Negotiation,2500.0,2025-12-08,,2025-10-01,North America,SMB,Subscription,Outbound,2,2025-10-13
OPP_001323,ACC_00316,REP_012,Qualification,2500.0,2025-02-16,,2025-01-23,LATAM,SMB,Advertising,Partner,1,2025-02-13
OPP_001324,ACC_00288,REP_011,Closed-Lost,2500.0,2024-05-22,2024-05-10,2024-03-19,North America,SMB,Enterprise Services,Inbound,0,2024-06-24
OPP_001325,ACC_01189,REP_028,Qualification,12565.52,2024-04-20,,2024-03-16,LATAM,SMB,Subscription,Marketing,1,2024-06-06
OPP_001326,ACC_00774,REP_022,Qualification,16571.88,2025-02-16,,2024-12-30,APAC,Enterprise,Enterprise Services,Referral,0,2025-04-12
OPP_001327,ACC_00024,REP_002,Closed-Lost,10754.28,2025-10-18,2025-11-20,2025-08-23,EMEA,Enterprise,Usage-Based,Inbound,1,2025-08-26
OPP_001328,ACC_00636,REP_026,Closed-Lost,13120.87,2025-05-30,2025-06-21,2025-02-15,North America,SMB,Subscription,Partner,0,2025-03-03
OPP_001329,ACC_00143,REP_021,Closed-Won,100428.47,2024-08-23,2024-12-14,2024-07-21,EMEA,Enterprise,Subscription,Marketing,1,2024-10-29
OPP_001330,ACC_00036,REP_003,Closed-Lost,25668.54,2025-04-01,2025-07-06,2025-02-19,APAC,SMB,Usage-Based,Outbound,1,2025-05-27
OPP_001331,ACC_00223,REP_024,Qualification,39155.04,2024-05-09,,2024-04-14,APAC,Mid-Market,Advertising,Referral,0,2024-07-22
OPP_001332,ACC_00306,REP_002,Proposal,3583.37,2025-04-05,,2024-11-17,North America,SMB,Subscription,Outbound,0,2025-03-04
OPP_001333,ACC_00096,REP_013,Qualification,21506.08,2026-03-16,,2025-10-19,North America,Mid-Market,Subscription,Inbound,0,2025-11-16
OPP_001334,ACC_01003,REP_005,Proposal,14750.53,2025-04-24,,2025-02-25,APAC,SMB,Advertising,Outbound,0,2025-03-09
OPP_001335,ACC_00526,REP_001,Closed-Won,5581.87,2024-05-27,2024-06-15,2024-03-09,North America,SMB,Enterprise Services,Outbound,1,2024-04-14
OPP_001336,ACC_00663,REP_017,Closed-Won,10582.06,2024-07-12,2024-08-12,2024-05-14,North America,SMB,Subscription,Inbound,0,2024-09-10
OPP_001337,ACC_ORPHAN_1,REP_021,Prospecting,2567.13,2024-05-08,,2024-02-09,North America,SMB,Usage-Based,Marketing,0,2024-04-11
OPP_001338,ACC_01005,REP_015,Proposal,8711.5,2024-12-26,,2024-09-26,North America,Mid-Market,Usage-Based,Partner,0,2024-09-27
OPP_001339,ACC_00985,REP_011,Closed-Lost,13016.2,2024-07-31,2024-08-15,2024-06-08,North America,SMB,Subscription,Outbound,0,2024-09-05
OPP_001340,ACC_00236,REP_016,Negotiation,73684.12,2026-01-29,,2025-10-18,North America,Mid-Market,Subscription,Outbound,0,2026-01-27
OPP_001341,ACC_00894,REP_005,Qualification,28384.62,2024-08-21,,2024-08-01,APAC,SMB,Subscription,Outbound,1,2024-08-16
OPP_001342,ACC_01195,REP_002,Proposal,85315.4,2024-05-06,,2024-01-24,EMEA,Enterprise,Transactional,Outbound,1,2024-03-31
OPP_001343,ACC_00009,REP_005,Qualification,9719.24,2025-02-11,,2024-10-17,North America,SMB,Transactional,Outbound,2,2025-01-14
OPP_001344,ACC_01042,REP_002,Proposal,15135.06,2025-06-04,,2025-05-09,North America,Mid-Market,Subscription,Inbound,0,2025-08-31
OPP_001345,ACC_01039,REP_024,Proposal,2500.0,2025-07-27,,2025-04-04,North America,SMB,Usage-Based,Marketing,0,2025-06-16
OPP_001346,ACC_01010,REP_019,Proposal,3891.91,2026-02-08,,2025-10-16,APAC,SMB,Advertising,Referral,0,2025-11-26
OPP_001347,ACC_00476,REP_006,Proposal,4021.09,2025-01-26,,2024-09-02,APAC,SMB,Subscription,Outbound,0,2024-12-20
OPP_001348,ACC_00239,REP_018,Proposal,15945.35,2025-04-19,,2024-12-16,APAC,SMB,Usage-Based,Partner,0,2025-01-28
OPP_001349,ACC_00878,REP_015,Prospecting,23088.98,2025-01-31,,2025-01-09,EMEA,SMB,Subscription,Referral,0,2025-03-26
OPP_001350,ACC_00748,REP_004,Prospecting,18746.01,2024-02-16,,2024-01-17,EMEA,SMB,Advertising,Inbound,0,2024-04-27
OPP_001351,ACC_00873,REP_030,Proposal,143762.54,2024-02-10,,2024-01-04,North America,Enterprise,Subscription,Inbound,0,2024-03-08
OPP_001352,ACC_00308,REP_029,Closed-Lost,17540.32,2025-09-20,2025-12-11,2025-06-17,North America,Mid-Market,Usage-Based,Inbound,0,2025-09-10
OPP_001353,ACC_00214,REP_023,Closed-Won,6106.26,2025-01-04,2025-01-28,2024-09-14,EMEA,Mid-Market,Advertising,Outbound,0,2024-12-24
OPP_001354,ACC_01082,REP_025,Prospecting,41911.64,2025-07-20,,2025-04-06,North America,Enterprise,Usage-Based,Inbound,1,2025-06-17
OPP_001355,ACC_00619,REP_017,Proposal,4347.37,2025-11-26,,2025-09-25,North America,SMB,Subscription,Partner,0,2025-11-14
OPP_001356,ACC_01022,REP_025,Negotiation,31503.69,2024-07-28,,2024-06-12,APAC,Mid-Market,Enterprise Services,Outbound,1,2024-08-28
OPP_001357,ACC_01112,REP_016,Proposal,6267.14,2025-07-01,,2025-06-03,North America,SMB,Advertising,Inbound,0,2025-07-21
OPP_001358,ACC_00552,REP_005,Closed-Won,8132.56,2024-07-30,2024-11-01,2024-05-23,APAC,SMB,Subscription,Outbound,0,2024-08-13
OPP_001359,ACC_00316,REP_006,Closed-Lost,17957.9,2025-07-09,2025-09-25,2025-05-11,LATAM,SMB,Advertising,Inbound,0,2025-05-21
OPP_001360,ACC_01076,REP_026,Prospecting,4277.26,2024-06-15,,2024-04-17,North America,SMB,Subscription,Outbound,0,2024-04-23
OPP_001361,ACC_00859,REP_014,Proposal,23532.54,2024-08-23,,2024-07-23,North America,SMB,Subscription,Inbound,0,2024-09-18
OPP_001362,ACC_00800,REP_022,Proposal,4240.36,2025-01-07,,2024-11-11,North America,Mid-Market,Subscription,Inbound,1,2024-11-26
OPP_001363,ACC_01150,REP_005,Negotiation,59862.33,2025-03-31,,2024-11-23,EMEA,Enterprise,Advertising,Inbound,1,2025-02-18
OPP_001364,ACC_00296,REP_014,Qualification,40229.38,2024-03-12,,2024-01-21,EMEA,Enterprise,Transactional,Partner,0,2024-02-12
OPP_001365,ACC_00433,REP_003,Negotiation,37322.13,2025-11-30,,2025-07-19,North America,Mid-Market,Subscription,Inbound,0,2025-09-17
OPP_001366,ACC_00047,REP_007,Prospecting,2500.0,2024-02-05,,2024-01-05,North America,SMB,Subscription,Partner,0,2024-01-27
OPP_001367,ACC_00466,REP_004,Closed-Won,3530.55,2025-11-22,2025-09-10,2025-08-12,North America,Mid-Market,Usage-Based,Marketing,3,2025-11-30
OPP_001368,ACC_00536,REP_007,Closed-Won,19000.25,2024-06-21,2024-07-15,2024-05-18,APAC,SMB,Subscription,Outbound,0,2024-08-27
OPP_001369,ACC_00544,REP_019,Proposal,29801.97,2025-06-30,,2025-04-21,EMEA,Enterprise,Advertising,Inbound,0,2025-04-22
OPP_001370,ACC_00182,REP_001,Closed-Lost,40233.28,2025-09-11,2025-07-20,2025-04-21,North America,Enterprise,Advertising,Partner,0,2025-06-07
OPP_001371,ACC_00971,REP_006,Closed-Won,4639.74,2025-02-28,2025-01-06,2024-11-01,APAC,SMB,Transactional,Inbound,1,2025-02-22
OPP_001372,ACC_00588,REP_021,Negotiation,22358.76,2025-03-22,,2024-12-26,North America,SMB,Enterprise Services,Marketing,0,2025-02-23
OPP_001373,ACC_00528,REP_005,Closed-Lost,59424.86,2024-05-31,2024-08-01,2024-02-19,LATAM,Enterprise,Subscription,Marketing,0,2024-05-30
OPP_001374,ACC_01037,REP_017,Closed-Won,11416.64,2025-12-09,2025-11-30,2025-08-26,APAC,SMB,Subscription,Outbound,0,2025-09-06
OPP_001375,ACC_00584,REP_027,Prospecting,2786.5,2024-07-20,,2024-03-20,North America,SMB,Subscription,Inbound,1,2024-05-11
OPP_001376,ACC_01071,REP_024,Negotiation,72748.05,2025-06-22,,2025-03-17,EMEA,Enterprise,Transactional,Partner,0,2025-06-29
OPP_001377,ACC_00267,REP_004,Negotiation,3327.41,2024-03-27,,2024-01-01,EMEA,SMB,Subscription,Partner,2,2024-01-25
OPP_001378,ACC_01021,REP_005,Negotiation,22804.17,2025-06-12,,2025-05-14,EMEA,Enterprise,Enterprise Services,Inbound,2,2025-05-16
OPP_001379,ACC_01187,REP_022,Closed-Lost,2500.0,2025-01-19,2024-10-18,2024-08-28,North America,SMB,Subscription,Marketing,0,2024-11-24
OPP_001380,ACC_00901,REP_011,Proposal,7674.22,2025-02-19,,2024-11-18,APAC,SMB,Subscription,Inbound,2,2024-11-28
OPP_001381,ACC_01071,REP_013,Prospecting,127736.53,2024-03-13,,2024-01-16,EMEA,Enterprise,Transactional,Marketing,1,2024-02-21
OPP_001382,ACC_00889,REP_015,Proposal,11258.27,2024-07-02,,2024-05-26,APAC,SMB,Advertising,Marketing,0,2024-08-31
OPP_001383,ACC_00721,REP_018,Closed-Won,10490.01,2025-01-24,2025-02-08,2024-10-18,North America,Mid-Market,Subscription,Inbound,1,2025-02-02
OPP_001384,ACC_00917,REP_014,Proposal,10009.69,2025-08-24,,2025-04-25,APAC,SMB,Subscription,Inbound,0,2025-05-11
OPP_001385,ACC_01153,REP_001,Prospecting,9954.47,2025-06-09,,2025-02-04,North America,SMB,Enterprise Services,Outbound,0,2025-04-05
OPP_001386,ACC_00727,REP_003,Qualification,9587.66,2024-11-05,,2024-06-23,North America,SMB,Subscription,Marketing,0,2024-09-26
OPP_001387,ACC_00825,REP_001,Closed-Won,52606.04,2025-06-19,2025-04-21,2025-02-03,North America,Enterprise,Advertising,Inbound,1,2025-03-22
OPP_001388,ACC_00096,REP_008,Prospecting,5767.57,2024-09-06,,2024-05-29,North America,Mid-Market,Subscription,Inbound,2,2024-07-10
OPP_001389,ACC_01151,REP_025,Proposal,9983.62,2025-05-30,,2025-01-07,North America,SMB,Advertising,Partner,0,2025-03-13
OPP_001390,ACC_00934,REP_030,Prospecting,2820.73,2025-01-26,,2024-12-28,APAC,Mid-Market,Transactional,Inbound,1,2025-03-31
OPP_001391,ACC_00194,REP_015,Proposal,78344.84,2024-08-10,,2024-05-31,North America,Enterprise,Advertising,Inbound,0,2024-06-05
OPP_001392,ACC_00348,REP_001,Qualification,2979.21,2024-08-04,,2024-05-14,North America,SMB,Transactional,Marketing,2,2024-05-20
OPP_001393,ACC_00271,REP_003,Prospecting,29136.9,2025-04-02,,2024-12-13,North America,SMB,Subscription,Outbound,0,2024-12-26
OPP_001394,ACC_00384,REP_025,Closed-Won,2500.0,2025-03-27,2025-03-05,2025-01-28,EMEA,SMB,Transactional,Outbound,0,2025-03-10
OPP_001395,ACC_01063,REP_011,Qualification,47886.45,2025-12-14,,2025-10-18,EMEA,SMB,Subscription,Inbound,0,2025-11-21
OPP_001396,ACC_00558,REP_027,Qualification,3167.76,2025-04-13,,2024-11-27,North America,Mid-Market,Subscription,Outbound,0,2025-01-24
OPP_001397,ACC_00504,REP_016,Negotiation,4915.09,2025-02-05,,2024-10-24,North America,Mid-Market,Usage-Based,Outbound,0,2024-11-29
OPP_001398,ACC_00935,REP_027,Prospecting,22005.71,2025-02-24,,2024-11-14,North America,Mid-Market,Transactional,Outbound,0,2025-01-28
OPP_001399,ACC_00446,REP_005,Prospecting,30294.3,2025-09-20,,2025-08-08,EMEA,Mid-Market,Subscription,Referral,0,2025-09-16
OPP_001400,ACC_01063,REP_026,Proposal,6760.0,2024-10-17,,2024-07-24,EMEA,SMB,Subscription,Inbound,2,2024-11-01
OPP_001401,ACC_00906,REP_017,Proposal,39839.18,2024-11-25,,2024-09-12,North America,Mid-Market,Usage-Based,Outbound,0,2024-10-19
OPP_001402,ACC_00309,REP_014,Negotiation,4046.5,2024-12-13,,2024-09-04,North America,SMB,Subscription,Marketing,0,2024-10-04
OPP_001403,ACC_00757,REP_016,Closed-Lost,6017.76,2025-07-10,2025-08-11,2025-02-21,North America,SMB,Transactional,Inbound,1,2025-06-04
OPP_001404,ACC_00580,REP_010,Proposal,6634.81,2025-06-08,,2025-04-13,APAC,SMB,Enterprise Services,Referral,0,2025-07-01
OPP_001405,ACC_00413,REP_019,Negotiation,5238.38,2025-03-23,,2024-11-18,LATAM,SMB,Subscription,Outbound,1,2024-11-24
OPP_001406,ACC_01088,REP_024,Closed-Lost,2500.0,2024-10-05,2024-12-13,2024-06-25,North America,Mid-Market,Subscription,Inbound,1,2024-07-14
OPP_001407,ACC_00478,REP_025,Proposal,15920.02,2025-06-29,,2025-04-06,EMEA,Mid-Market,Subscription,Inbound,0,2025-04-12
OPP_001408,ACC_00141,REP_030,Closed-Won,14544.86,2024-11-23,2024-11-23,2024-07-03,APAC,Mid-Market,Subscription,Inbound,0,2024-10-06
OPP_001409,ACC_00491,REP_013,Negotiation,47962.89,2025-10-02,,2025-08-24,North America,Mid-Market,Subscription,Marketing,0,2025-11-07
OPP_001410,ACC_00621,REP_024,Negotiation,4510.01,2025-06-10,,2025-02-22,North America,Mid-Market,Usage-Based,Referral,0,2025-06-14
OPP_001411,ACC_00152,REP_027,Closed-Lost,23244.98,2025-01-01,2024-12-27,2024-10-22,EMEA,Enterprise,Transactional,Partner,0,2024-12-01
OPP_001412,ACC_00892,REP_001,Prospecting,146787.76,2024-09-21,,2024-06-05,North America,Enterprise,Subscription,Inbound,0,2024-06-11
OPP_001413,ACC_00276,REP_015,Closed-Lost,12033.53,2025-06-29,2025-10-21,2025-05-22,North America,SMB,Transactional,Outbound,0,2025-07-16
OPP_001414,ACC_00111,REP_022,Proposal,15545.75,2025-06-07,,2025-02-12,North America,SMB,Subscription,Outbound,0,2025-02-22
OPP_001415,ACC_00646,REP_014,Negotiation,69333.63,2025-09-11,,2025-08-14,North America,Enterprise,Subscription,Inbound,0,2025-09-01
OPP_001416,ACC_00194,REP_004,Proposal,69642.02,2025-06-22,,2025-04-18,North America,Enterprise,Advertising,Inbound,0,2025-07-21
OPP_001417,ACC_00939,REP_020,Qualification,272202.56,2025-10-27,,2025-06-12,LATAM,Enterprise,Subscription,Outbound,0,2025-07-28
OPP_001418,ACC_00083,REP_013,Prospecting,17881.83,2024-06-12,,2024-03-02,EMEA,Mid-Market,Advertising,Outbound,0,2024-06-15
OPP_001419,ACC_00503,REP_019,Closed-Lost,16025.05,2024-04-09,2024-03-19,2024-01-17,EMEA,Enterprise,Advertising,Partner,1,2024-03-19
OPP_001420,ACC_00063,REP_001,Negotiation,30908.84,2025-05-19,,2025-03-17,North America,Mid-Market,Subscription,Outbound,2,2025-06-03
OPP_001421,ACC_00461,REP_001,Closed-Lost,9259.9,2024-02-01,2024-06-09,2024-01-01,EMEA,Mid-Market,Subscription,Inbound,1,2024-04-10
OPP_001422,ACC_01120,REP_019,Qualification,39470.74,2025-09-22,,2025-08-19,North America,Enterprise,Transactional,Inbound,0,2025-10-13
OPP_001423,ACC_00781,REP_030,Qualification,12995.31,2025-12-05,,2025-08-14,EMEA,SMB,Subscription,Partner,0,2025-09-22
OPP_001424,ACC_00643,REP_020,Proposal,3947.39,2025-03-22,,2025-01-26,APAC,SMB,Subscription,Partner,1,2025-04-28
OPP_001425,ACC_00189,REP_029,Qualification,9795.76,2025-06-01,,2025-05-03,LATAM,Mid-Market,Advertising,Inbound,1,2025-08-10
OPP_001426,ACC_00376,REP_026,Proposal,14443.67,2024-12-24,,2024-10-09,North America,SMB,Subscription,Marketing,3,2024-11-14
OPP_001427,ACC_00457,REP_009,Closed-Lost,25453.46,2025-12-13,2026-03-12,2025-10-03,EMEA,Enterprise,Subscription,Partner,0,2026-01-09
OPP_001428,ACC_00695,REP_004,Closed-Lost,116615.45,2024-06-17,2024-03-08,2024-01-25,APAC,Enterprise,Subscription,Inbound,0,2024-05-23
OPP_001429,ACC_00250,REP_017,Proposal,3347.62,2024-09-01,,2024-07-14,LATAM,SMB,Subscription,Inbound,0,2024-08-07
OPP_001430,ACC_01200,REP_019,Proposal,6066.13,2025-06-05,,2025-04-12,APAC,Mid-Market,Transactional,Referral,2,2025-07-22
OPP_001431,ACC_00782,REP_024,Negotiation,296353.31,2025-07-22,,2025-06-11,North America,Enterprise,Subscription,Outbound,1,2025-06-22
OPP_001432,ACC_00375,REP_016,Negotiation,2500.0,2024-07-25,,2024-06-11,North America,SMB,Subscription,Inbound,1,2024-09-25
OPP_001433,ACC_00135,REP_028,Closed-Won,15887.43,2025-09-18,2025-08-26,2025-06-21,EMEA,Mid-Market,Subscription,Outbound,1,2025-10-06
OPP_001434,ACC_00715,REP_026,Negotiation,103931.14,2024-12-22,,2024-11-04,North America,Mid-Market,Advertising,Inbound,2,2025-02-14
OPP_001435,ACC_00538,REP_018,Prospecting,8721.72,2025-11-18,,2025-07-28,EMEA,SMB,Advertising,Marketing,0,2025-09-08
OPP_001436,ACC_00809,REP_017,Prospecting,62741.02,2024-10-31,,2024-06-27,North America,Mid-Market,Subscription,Marketing,2,2024-10-17
OPP_001437,ACC_00716,REP_001,Closed-Lost,17233.97,2025-06-30,2025-08-16,2025-04-08,LATAM,SMB,Usage-Based,Marketing,2,2025-06-13
OPP_001438,ACC_00769,REP_024,Closed-Won,8910.28,2024-07-09,2024-07-11,2024-05-19,North America,SMB,Usage-Based,Partner,1,2024-05-27
OPP_001439,ACC_01001,REP_021,Closed-Lost,7875.55,2024-08-06,2024-08-27,2024-04-02,North America,SMB,Transactional,Partner,2,2024-07-13
OPP_001440,ACC_00631,REP_027,Proposal,5291.91,2025-09-09,,2025-04-17,North America,Enterprise,Transactional,Inbound,0,2025-08-04
OPP_001441,ACC_00870,REP_003,Negotiation,6522.75,2025-08-18,,2025-04-01,APAC,SMB,Advertising,Marketing,1,2025-05-08
OPP_001442,ACC_00431,REP_005,Qualification,55573.97,2024-12-01,,2024-07-15,APAC,Enterprise,Subscription,Inbound,0,2024-08-14
OPP_001443,ACC_01132,REP_021,Closed-Lost,20571.52,2025-06-13,2025-06-16,2025-02-09,North America,Mid-Market,Transactional,Inbound,1,2025-04-18
OPP_001444,ACC_00490,REP_015,Qualification,192116.79,2026-01-15,,2025-09-22,EMEA,Mid-Market,Enterprise Services,Referral,1,2025-11-04
OPP_001445,ACC_00816,REP_018,Closed-Won,58349.72,2025-01-02,2024-10-02,2024-08-11,North America,Enterprise,Subscription,Referral,1,2024-10-27
OPP_001446,ACC_01199,REP_014,Qualification,16853.41,2025-02-04,,2024-12-02,APAC,SMB,Transactional,Outbound,0,2025-01-16
OPP_001447,ACC_00420,REP_020,Prospecting,141239.87,2024-10-06,,2024-05-19,North America,Enterprise,Transactional,Outbound,1,2024-06-14
OPP_001448,ACC_00122,REP_020,Qualification,28015.17,2025-01-04,,2024-12-13,North America,Mid-Market,Subscription,Inbound,2,2025-01-10
OPP_001449,ACC_00279,REP_006,Proposal,40424.96,2025-12-22,,2025-08-16,North America,Enterprise,Transactional,Partner,1,2025-11-03
OPP_001450,ACC_00293,REP_023,Closed-Won,40621.97,2025-05-04,2025-07-23,2025-03-02,North America,Enterprise,Usage-Based,Inbound,0,2025-04-24
OPP_001451,ACC_00068,REP_015,Closed-Lost,6320.22,2024-06-02,2024-04-27,2024-04-05,North America,SMB,Subscription,Inbound,1,2024-04-07
OPP_001452,ACC_00653,REP_018,Negotiation,25443.38,2025-08-26,,2025-05-11,EMEA,Mid-Market,Transactional,Outbound,1,2025-07-11
OPP_001453,ACC_00334,REP_019,Negotiation,37157.88,2024-11-20,,2024-10-09,North America,Enterprise,Subscription,Marketing,0,2025-01-11
OPP_001454,ACC_00117,REP_023,Closed-Won,30483.36,2024-06-10,2024-03-31,2024-01-13,EMEA,Mid-Market,Subscription,Referral,0,2024-01-31
OPP_001455,ACC_00165,REP_010,Prospecting,5948.61,2025-06-15,,2025-02-21,North America,Mid-Market,Usage-Based,Referral,1,2025-03-23
OPP_001456,ACC_00329,REP_001,Closed-Won,18898.7,2024-08-10,2024-09-01,2024-07-19,LATAM,Mid-Market,Subscription,Marketing,1,2024-08-31
OPP_001457,ACC_00444,REP_006,Closed-Won,42371.46,2026-02-19,2025-10-28,2025-10-13,North America,SMB,Usage-Based,Inbound,0,2026-02-01
OPP_001458,ACC_01170,REP_029,Proposal,7169.13,2025-12-01,,2025-10-28,APAC,SMB,Subscription,Inbound,0,2025-12-09
OPP_001459,ACC_00844,REP_007,Prospecting,56679.32,2025-07-30,,2025-03-25,North America,SMB,Subscription,Outbound,2,2025-07-03
OPP_001460,ACC_00858,REP_008,Qualification,51892.17,2025-07-01,,2025-02-26,APAC,Enterprise,Subscription,Inbound,2,2025-05-18
OPP_001461,ACC_00831,REP_026,Proposal,15421.1,2024-11-03,,2024-07-23,North America,Mid-Market,Advertising,Partner,0,2024-11-19
OPP_001462,ACC_00964,REP_008,Closed-Lost,10084.77,2024-05-25,2024-07-03,2024-02-17,LATAM,SMB,Subscription,Outbound,2,2024-04-27
OPP_001463,ACC_00382,REP_014,Negotiation,32267.91,2024-06-16,,2024-02-10,North America,Enterprise,Usage-Based,Marketing,0,2024-03-19
OPP_001464,ACC_00120,REP_012,Proposal,2500.0,2025-03-16,,2024-11-06,North America,Mid-Market,Subscription,Outbound,0,2025-01-31
OPP_001465,ACC_00611,REP_020,Proposal,39346.99,2024-11-19,,2024-07-31,North America,Mid-Market,Transactional,Outbound,1,2024-08-11
OPP_001466,ACC_00002,REP_018,Closed-Won,80408.58,2025-11-16,2025-11-14,2025-10-05,North America,SMB,Subscription,Marketing,0,2026-01-07
OPP_001467,ACC_00261,REP_016,Qualification,14509.98,2024-10-29,,2024-07-15,North America,SMB,Usage-Based,Partner,0,2024-08-12
OPP_001468,ACC_00904,REP_016,Prospecting,28038.14,2024-07-08,,2024-05-23,APAC,Mid-Market,Subscription,Inbound,2,2024-08-11
OPP_001469,ACC_00604,REP_026,Closed-Won,13594.32,2025-07-28,2025-11-08,2025-07-02,North America,Mid-Market,Subscription,Partner,0,2025-09-10
OPP_001470,ACC_00829,REP_018,Qualification,140230.23,2025-08-21,,2025-07-13,North America,Enterprise,Advertising,Partner,0,2025-08-11
OPP_001471,ACC_00613,REP_016,Qualification,42360.86,2024-11-27,,2024-09-09,North America,Enterprise,Advertising,Inbound,0,2024-11-06
OPP_001472,ACC_00652,REP_027,Proposal,57553.59,2024-07-18,,2024-02-24,EMEA,Enterprise,Enterprise Services,Outbound,0,2024-04-24
OPP_001473,ACC_00362,REP_003,Qualification,2500.0,2024-03-30,,2024-03-06,LATAM,SMB,Advertising,Marketing,1,2024-06-06
OPP_001474,ACC_00263,REP_026,Closed-Lost,5286.02,2025-01-13,2025-01-11,2024-12-15,North America,SMB,Subscription,Inbound,0,2025-02-09
OPP_001475,ACC_00312,REP_006,Closed-Won,12958.62,2025-09-06,2026-01-14,2025-08-05,EMEA,SMB,Usage-Based,Outbound,0,2025-08-12
OPP_001476,ACC_00958,REP_010,Closed-Lost,40425.33,2024-10-30,2025-03-11,2024-09-16,North America,Mid-Market,Advertising,Inbound,0,2024-09-25
OPP_001477,ACC_01176,REP_001,Closed-Lost,41561.92,2024-04-12,2024-03-20,2024-01-13,North America,Mid-Market,Subscription,Outbound,0,2024-04-02
OPP_001478,ACC_00099,REP_018,Qualification,2500.0,2025-01-12,,2024-09-08,APAC,SMB,Advertising,Referral,2,2024-12-24
OPP_001479,ACC_00645,REP_025,Proposal,3722.76,2024-01-29,,2024-01-03,LATAM,Mid-Market,Advertising,Inbound,0,2024-02-24
OPP_001480,ACC_00565,REP_012,Closed-Won,29264.69,2025-02-11,2025-01-13,2024-10-10,APAC,Mid-Market,Subscription,Marketing,2,2024-10-21
OPP_001481,ACC_00675,REP_020,Prospecting,7732.53,2025-04-01,,2024-11-14,EMEA,Mid-Market,Transactional,Marketing,3,2024-12-05
OPP_001482,ACC_00280,REP_012,Closed-Lost,107779.68,2025-06-03,2025-08-29,2025-05-04,EMEA,Enterprise,Subscription,Inbound,0,2025-08-29
OPP_001483,ACC_00010,REP_023,Prospecting,2500.0,2024-05-04,,2024-02-16,EMEA,SMB,Usage-Based,Marketing,0,2024-05-10
OPP_001484,ACC_00245,REP_030,Negotiation,14788.28,2025-03-23,,2024-11-18,North America,Mid-Market,Subscription,Referral,0,2024-11-22
OPP_001485,ACC_00219,REP_022,Closed-Won,42574.68,2024-08-16,2024-08-18,2024-04-28,EMEA,Enterprise,Subscription,Referral,2,2024-05-29
OPP_001486,ACC_00063,REP_011,Closed-Lost,26382.79,2024-12-22,2024-11-27,2024-11-08,North America,Mid-Market,Subscription,Partner,0,2025-02-03
OPP_001487,ACC_00428,REP_025,Negotiation,15710.61,2025-11-30,,2025-10-22,North America,Enterprise,Subscription,Inbound,0,2026-01-06
OPP_001488,ACC_00821,REP_002,Negotiation,2500.0,2025-07-27,,2025-05-11,North America,SMB,Transactional,Inbound,1,2025-06-15
OPP_001489,ACC_01160,REP_030,Qualification,19365.97,2025-11-26,,2025-07-19,North America,Mid-Market,Subscription,Inbound,1,2025-10-10
OPP_001490,ACC_00789,REP_026,Negotiation,27623.72,2024-06-17,,2024-01-26,North America,Mid-Market,Transactional,Partner,0,2024-05-13
OPP_001491,ACC_00211,REP_020,Closed-Won,44687.76,2025-08-16,2025-11-18,2025-05-26,North America,Mid-Market,Subscription,Outbound,0,2025-09-11
OPP_001492,ACC_00435,REP_019,Proposal,6270.5,2025-10-30,,2025-08-03,EMEA,SMB,Advertising,Partner,0,2025-11-10
OPP_001493,ACC_00364,REP_008,Closed-Won,19493.66,2025-06-25,2025-09-10,2025-03-25,North America,SMB,Subscription,Marketing,2,2025-05-07
OPP_001494,ACC_00255,REP_013,Prospecting,14587.74,2025-08-29,,2025-06-07,APAC,SMB,Usage-Based,Inbound,1,2025-06-10
OPP_001495,ACC_01189,REP_004,Proposal,33676.92,2024-05-16,,2024-02-02,LATAM,SMB,Subscription,Marketing,0,2024-03-20
OPP_001496,ACC_00787,REP_011,Closed-Lost,15438.38,2025-07-03,2025-08-12,2025-05-09,EMEA,Mid-Market,Subscription,Inbound,1,2025-05-12
OPP_001497,ACC_00578,REP_018,Qualification,2893.15,2025-10-12,,2025-07-14,EMEA,Mid-Market,Transactional,Inbound,0,2025-09-20
OPP_001498,ACC_00525,REP_011,Negotiation,8387.55,2024-09-10,,2024-06-03,North America,SMB,Subscription,Marketing,2,2024-08-14
OPP_001499,ACC_00383,REP_024,Proposal,17826.67,2025-02-12,,2024-11-11,North America,Mid-Market,Transactional,Inbound,0,2024-12-22
OPP_001500,ACC_00501,REP_026,Closed-Lost,27397.15,2025-03-05,2025-01-24,2024-10-10,EMEA,Mid-Market,Usage-Based,Inbound,0,2024-10-28
OPP_001501,ACC_00762,REP_017,Qualification,2500.0,2024-06-30,,2024-03-06,North America,SMB,Advertising,Referral,0,2024-05-08
OPP_001502,ACC_01114,REP_011,Qualification,32247.86,2024-07-19,,2024-03-26,North America,Enterprise,Advertising,Marketing,0,2024-03-28
OPP_001503,ACC_00596,REP_010,Closed-Lost,21381.18,2024-11-21,2024-09-01,2024-07-20,North America,SMB,Subscription,Marketing,1,2024-08-22
OPP_001504,ACC_ORPHAN_2,REP_017,Closed-Won,14704.58,2024-06-10,2024-07-30,2024-03-14,APAC,Mid-Market,Subscription,Inbound,0,2024-07-08
OPP_001505,ACC_01149,REP_022,Negotiation,12019.26,2025-01-30,,2024-12-02,North America,Mid-Market,Transactional,Inbound,0,2025-03-21
OPP_001506,ACC_00378,REP_004,Proposal,60384.6,2024-05-06,,2024-02-07,North America,SMB,Usage-Based,Inbound,1,2024-04-23
OPP_001507,ACC_00100,REP_014,Proposal,15112.05,2024-05-28,,2024-01-10,APAC,Enterprise,Subscription,Inbound,0,2024-02-24
OPP_001508,ACC_00653,REP_014,Closed-Lost,56002.67,2025-07-09,2025-06-04,2025-02-25,EMEA,Mid-Market,Transactional,Referral,0,2025-02-27
OPP_001509,ACC_00949,REP_009,Closed-Won,122332.93,2024-08-23,2024-08-18,2024-06-18,LATAM,Enterprise,Transactional,Inbound,0,2024-09-04
OPP_001510,ACC_00310,REP_008,Closed-Lost,7165.24,2024-12-01,2024-11-14,2024-09-10,APAC,SMB,Transactional,Marketing,3,2024-11-08
OPP_001511,ACC_00335,REP_026,Closed-Lost,8684.3,2024-10-07,2024-09-10,2024-08-13,APAC,SMB,Transactional,Inbound,1,2024-11-06
OPP_001512,ACC_00348,REP_013,Negotiation,8653.37,2024-12-01,,2024-11-10,North America,SMB,Transactional,Outbound,1,2024-11-29
OPP_001513,ACC_00969,REP_018,Negotiation,19573.81,2025-01-05,,2024-11-06,North America,Mid-Market,Advertising,Inbound,1,2025-02-13
OPP_001514,ACC_01149,REP_002,Negotiation,9004.31,2024-05-02,,2024-03-30,North America,Mid-Market,Transactional,Inbound,0,2024-07-04
OPP_001515,ACC_01018,REP_009,Closed-Won,28712.95,2024-03-08,2024-05-26,2024-01-02,North America,Enterprise,Subscription,Inbound,0,2024-02-22
OPP_001516,ACC_00272,REP_007,Negotiation,6291.4,2024-11-18,,2024-10-23,North America,SMB,Subscription,Referral,1,2024-10-27
OPP_001517,ACC_01020,REP_010,Prospecting,6495.5,2025-03-15,,2025-01-13,North America,SMB,Advertising,Partner,0,2025-03-10
OPP_001518,ACC_00372,REP_026,Closed-Lost,6577.48,2025-09-18,2025-06-23,2025-05-29,EMEA,SMB,Subscription,Partner,2,2025-07-13
OPP_001519,ACC_01041,REP_018,Closed-Won,2500.0,2024-09-18,2024-08-27,2024-05-12,North America,SMB,Transactional,Inbound,0,2024-08-11
OPP_001520,ACC_01190,REP_028,Closed-Lost,17991.4,2024-07-10,2024-07-24,2024-02-26,North America,Mid-Market,Transactional,Marketing,0,2024-03-26
OPP_001521,ACC_00862,REP_013,Proposal,9628.98,2025-05-07,,2025-02-04,North America,Mid-Market,Usage-Based,Partner,0,2025-02-07
OPP_001522,ACC_01147,REP_024,Proposal,2522.96,2025-11-26,,2025-08-27,North America,Mid-Market,Subscription,Outbound,0,2025-12-22
OPP_001523,ACC_00171,REP_005,Closed-Won,6324.03,2024-11-01,2024-07-02,2024-06-09,EMEA,SMB,Enterprise Services,Partner,1,2024-07-08
OPP_001524,ACC_00786,REP_025,Closed-Won,6131.57,2024-05-29,2024-04-07,2024-02-27,LATAM,SMB,Advertising,Marketing,1,2024-03-08
OPP_001525,ACC_00063,REP_019,Prospecting,58410.13,2024-10-26,,2024-09-26,North America,Mid-Market,Subscription,Referral,1,2025-01-06
OPP_001526,ACC_00783,REP_002,Proposal,5234.01,2025-05-31,,2025-01-10,North America,SMB,Advertising,Referral,2,2025-04-06
OPP_001527,ACC_00409,REP_021,Closed-Won,17499.95,2025-05-31,2025-07-11,2025-02-21,North America,SMB,Transactional,Outbound,0,2025-03-25
OPP_001528,ACC_01164,REP_015,Closed-Lost,35773.94,2024-06-30,2024-08-13,2024-03-16,North America,SMB,Transactional,Inbound,0,2024-05-12
OPP_001529,ACC_00595,REP_001,Prospecting,4789.08,2025-04-16,,2025-03-15,North America,SMB,Enterprise Services,Inbound,2,2025-06-05
OPP_001530,ACC_00915,REP_026,Qualification,42013.85,2024-11-06,,2024-08-17,North America,Enterprise,Transactional,Inbound,0,2024-11-23
OPP_001531,ACC_00364,REP_017,Proposal,50556.9,2024-04-09,,2024-01-21,North America,SMB,Subscription,Inbound,0,2024-03-06
OPP_001532,ACC_00090,REP_019,Qualification,20516.32,2026-01-12,,2025-09-09,LATAM,Mid-Market,Transactional,Outbound,0,2025-10-05
OPP_001533,ACC_00891,REP_018,Prospecting,13041.77,2025-03-03,,2024-12-24,North America,SMB,Advertising,Partner,1,2024-12-26
OPP_001534,ACC_00267,REP_003,Negotiation,5972.43,2024-09-25,,2024-07-23,EMEA,SMB,Subscription,Outbound,1,2024-11-02
OPP_001535,ACC_00867,REP_010,Negotiation,87579.53,2025-10-17,,2025-07-01,North America,Enterprise,Advertising,Partner,0,2025-10-06
OPP_001536,ACC_00558,REP_022,Proposal,15683.39,2025-07-10,,2025-06-18,North America,Mid-Market,Subscription,Referral,0,2025-10-10
OPP_001537,ACC_01167,REP_011,Proposal,7052.58,2024-09-11,,2024-05-18,APAC,Enterprise,Transactional,Inbound,0,2024-08-15
OPP_001538,ACC_00424,REP_027,Closed-Lost,6291.35,2025-10-25,2025-11-02,2025-10-05,North America,SMB,Transactional,Inbound,0,2025-10-31
OPP_001539,ACC_00481,REP_010,Proposal,2748.98,2025-02-10,,2024-12-22,LATAM,SMB,Transactional,Partner,0,2025-01-20
OPP_001540,ACC_00889,REP_014,Closed-Won,10040.72,2024-09-16,2024-08-21,2024-06-24,APAC,SMB,Advertising,Outbound,1,2024-07-23
OPP_001541,ACC_00943,REP_014,Qualification,3587.91,2024-12-10,,2024-10-26,APAC,SMB,Advertising,Outbound,2,2024-12-20
OPP_001542,ACC_00151,REP_001,Closed-Won,71067.13,2024-05-29,2024-08-28,2024-05-05,North America,Enterprise,Usage-Based,Marketing,1,2024-08-28
OPP_001543,ACC_00890,REP_025,Closed-Won,17064.63,2025-10-05,2025-11-04,2025-07-23,APAC,Mid-Market,Advertising,Inbound,1,2025-10-14
OPP_001544,ACC_00590,REP_005,Qualification,2576.41,2024-10-18,,2024-06-29,LATAM,SMB,Advertising,Partner,3,2024-08-20
OPP_001545,ACC_01187,REP_015,Negotiation,5484.19,2024-12-10,,2024-10-20,North America,SMB,Subscription,Referral,1,2025-01-16
OPP_001546,ACC_00758,REP_028,Closed-Won,81945.89,2024-04-10,2024-05-25,2024-02-15,North America,Enterprise,Usage-Based,Outbound,0,2024-05-25
OPP_001547,ACC_00929,REP_030,Proposal,51430.83,2026-01-09,,2025-09-24,LATAM,Mid-Market,Subscription,Partner,1,2025-11-12
OPP_001548,ACC_00413,REP_007,Closed-Won,3640.01,2024-12-11,2024-09-17,2024-07-21,LATAM,SMB,Subscription,Inbound,0,2024-10-30
OPP_001549,ACC_00341,REP_012,Qualification,2995.07,2025-06-08,,2025-03-13,EMEA,SMB,Usage-Based,Outbound,0,2025-03-16
OPP_001550,ACC_00943,REP_017,Proposal,63142.41,2024-11-24,,2024-08-24,APAC,SMB,Advertising,Inbound,0,2024-09-30
OPP_001551,ACC_00019,REP_021,Closed-Lost,43629.28,2025-05-18,2025-04-24,2025-01-11,North America,Enterprise,Transactional,Partner,1,2025-02-01
OPP_001552,ACC_00697,REP_008,Qualification,17880.55,2025-02-07,,2025-01-10,LATAM,Mid-Market,Subscription,Partner,2,2025-02-01
OPP_001553,ACC_01162,REP_017,Qualification,7790.1,2024-12-08,,2024-07-14,North America,Mid-Market,Subscription,Referral,1,2024-08-08
OPP_001554,ACC_01190,REP_026,Qualification,20236.04,2025-01-05,,2024-10-16,North America,Mid-Market,Transactional,Partner,0,2024-11-29
OPP_001555,ACC_00860,REP_023,Closed-Lost,90680.32,2025-04-13,2025-02-26,2025-02-03,EMEA,Mid-Market,Subscription,Inbound,0,2025-05-01
OPP_001556,ACC_00597,REP_025,Qualification,21043.88,2024-09-02,,2024-05-25,North America,Mid-Market,Subscription,Marketing,1,2024-08-04
OPP_001557,ACC_00976,REP_027,Qualification,47333.01,2024-08-13,,2024-03-28,North America,Mid-Market,Subscription,Inbound,1,2024-05-20
OPP_001558,ACC_00018,REP_026,Closed-Won,9238.61,2024-09-17,2024-10-04,2024-04-29,North America,SMB,Usage-Based,Partner,0,2024-06-28
OPP_001559,ACC_00952,REP_016,Closed-Won,3217.5,2025-02-03,2025-01-17,2024-10-05,North America,SMB,Enterprise Services,Inbound,0,2024-10-27
OPP_001560,ACC_00228,REP_030,Proposal,8240.06,2024-08-13,,2024-05-23,North America,Mid-Market,Subscription,Marketing,0,2024-08-19
OPP_001561,ACC_00883,REP_015,Closed-Lost,14406.71,2024-08-17,2024-09-23,2024-07-09,North America,Enterprise,Subscription,Referral,2,2024-10-07
OPP_001562,ACC_00418,REP_022,Prospecting,20288.04,2025-05-18,,2025-04-04,North America,Mid-Market,Subscription,Inbound,0,2025-06-09
OPP_001563,ACC_00902,REP_029,Negotiation,30517.38,2025-07-31,,2025-03-25,North America,SMB,Advertising,Outbound,1,2025-06-30
OPP_001564,ACC_00724,REP_002,Negotiation,51754.3,2025-10-30,,2025-09-24,EMEA,Enterprise,Subscription,Outbound,0,2025-12-29
OPP_001565,ACC_01116,REP_029,Qualification,6597.07,2025-08-16,,2025-05-26,EMEA,SMB,Usage-Based,Inbound,3,2025-08-30
OPP_001566,ACC_00945,REP_025,Closed-Lost,4074.58,2024-12-23,2024-12-25,2024-10-11,EMEA,SMB,Subscription,Outbound,0,2024-10-24
OPP_001567,ACC_01097,REP_030,Negotiation,12805.23,2026-01-04,,2025-09-14,North America,SMB,Subscription,Partner,1,2025-09-25
OPP_001568,ACC_00182,REP_024,Qualification,12773.39,2025-11-11,,2025-09-08,North America,Enterprise,Advertising,Inbound,1,2025-10-31
OPP_001569,ACC_00456,REP_005,Prospecting,2887.26,2024-09-16,,2024-05-28,APAC,SMB,Transactional,Inbound,1,2024-06-04
OPP_001570,ACC_00525,REP_010,Prospecting,22077.76,2024-07-19,,2024-04-24,North America,SMB,Subscription,Marketing,1,2024-04-26
OPP_001571,ACC_00038,REP_001,Closed-Lost,6798.3,2025-12-28,2025-10-30,2025-08-15,North America,SMB,Subscription,Partner,0,2025-08-31
OPP_001572,ACC_00028,REP_019,Qualification,6665.56,2025-10-02,,2025-08-19,North America,SMB,Subscription,Inbound,0,2025-09-03
OPP_001573,ACC_00047,REP_014,Closed-Lost,7578.7,2025-11-15,2025-10-14,2025-07-20,North America,SMB,Subscription,Referral,0,2025-08-28
OPP_001574,ACC_00921,REP_015,Prospecting,18546.46,2025-02-25,,2024-11-04,APAC,SMB,Transactional,Marketing,1,2024-12-14
OPP_001575,ACC_00536,REP_023,Closed-Lost,10590.0,2025-12-05,2025-09-15,2025-07-31,APAC,SMB,Subscription,Referral,1,2025-11-06
OPP_001576,ACC_00903,REP_025,Closed-Won,4268.77,2025-08-21,2025-09-21,2025-05-30,North America,SMB,Transactional,Outbound,0,2025-09-15
OPP_001577,ACC_01002,REP_003,Prospecting,4425.2,2025-07-11,,2025-05-11,EMEA,SMB,Usage-Based,Inbound,1,2025-06-01
OPP_001578,ACC_00044,REP_028,Prospecting,7383.86,2025-05-05,,2025-02-07,North America,SMB,Enterprise Services,Inbound,0,2025-03-25
OPP_001579,ACC_01018,REP_012,Closed-Won,59603.62,2024-11-21,2024-08-12,2024-06-28,North America,Enterprise,Subscription,Referral,0,2024-08-28
OPP_001580,ACC_00271,REP_023,Prospecting,8661.59,2025-06-29,,2025-05-15,North America,SMB,Subscription,Marketing,0,2025-06-17
OPP_001581,ACC_00486,REP_018,Qualification,7924.17,2025-11-25,,2025-08-11,North America,SMB,Usage-Based,Marketing,1,2025-09-20
OPP_001582,ACC_01156,REP_014,Closed-Won,9399.83,2025-10-03,2025-10-20,2025-08-15,EMEA,SMB,Transactional,Outbound,0,2025-11-03
OPP_001583,ACC_00362,REP_007,Closed-Lost,8655.4,2025-06-05,2025-07-13,2025-02-05,LATAM,SMB,Advertising,Outbound,2,2025-03-28
OPP_001584,ACC_01128,REP_006,Closed-Won,7477.23,2024-04-11,2024-05-14,2024-01-27,APAC,Mid-Market,Subscription,Partner,1,2024-04-20
OPP_001585,ACC_00608,REP_022,Closed-Lost,27152.22,2025-09-19,2025-10-21,2025-05-11,North America,SMB,Subscription,Inbound,0,2025-05-20
OPP_001586,ACC_00017,REP_010,Negotiation,10073.75,2024-07-29,,2024-06-18,North America,Mid-Market,Subscription,Outbound,0,2024-08-15
OPP_001587,ACC_01000,REP_007,Closed-Won,10212.66,2024-06-22,2024-09-17,2024-05-17,North America,SMB,Transactional,Partner,1,2024-06-23
OPP_001588,ACC_00054,REP_001,Proposal,2500.0,2024-07-14,,2024-02-22,North America,Mid-Market,Subscription,Marketing,2,2024-03-28
OPP_001589,ACC_00764,REP_026,Closed-Won,7237.19,2024-06-17,2024-09-06,2024-04-15,North America,SMB,Transactional,Outbound,0,2024-06-10
OPP_001590,ACC_00551,REP_012,Closed-Won,2988.64,2024-12-25,2024-12-23,2024-11-24,LATAM,SMB,Usage-Based,Marketing,0,2024-12-30
OPP_001591,ACC_00168,REP_011,Negotiation,6130.17,2024-11-09,,2024-07-04,North America,Mid-Market,Subscription,Inbound,0,2024-10-03
OPP_001592,ACC_00618,REP_012,Closed-Lost,101148.9,2024-11-24,2024-12-19,2024-09-12,LATAM,SMB,Usage-Based,Inbound,0,2024-10-05
OPP_001593,ACC_00435,REP_018,Proposal,11518.26,2025-04-26,,2024-12-08,EMEA,SMB,Advertising,Inbound,0,2025-03-25
OPP_001594,ACC_00119,REP_015,Negotiation,30582.56,2025-03-05,,2024-12-19,LATAM,SMB,Usage-Based,Inbound,1,2025-02-01
OPP_001595,ACC_00667,REP_017,Proposal,38380.45,2025-02-01,,2024-10-06,APAC,Mid-Market,Usage-Based,Outbound,0,2024-12-08
OPP_001596,ACC_00053,REP_009,Qualification,43618.77,2025-02-02,,2024-10-30,APAC,Mid-Market,Usage-Based,Outbound,1,2024-11-20
OPP_001597,ACC_00646,REP_009,Proposal,36104.76,2025-11-07,,2025-08-17,North America,Enterprise,Subscription,Outbound,0,2025-12-05
OPP_001598,ACC_00272,REP_026,Closed-Lost,44737.4,2024-09-29,2024-09-18,2024-07-08,North America,SMB,Subscription,Outbound,0,2024-09-23
OPP_001599,ACC_00997,REP_014,Proposal,38051.18,2024-03-01,,2024-01-09,North America,Mid-Market,Transactional,Outbound,2,2024-04-10
OPP_001600,ACC_01141,REP_030,Closed-Won,9353.43,2025-10-13,2025-07-07,2025-06-20,EMEA,SMB,Subscription,Marketing,0,2025-10-05
OPP_001601,ACC_01119,REP_026,Negotiation,11677.89,2024-05-21,,2024-02-23,APAC,SMB,Subscription,Inbound,0,2024-06-21
OPP_001602,ACC_01126,REP_022,Closed-Lost,14232.28,2025-06-22,2025-07-01,2025-06-02,North America,Mid-Market,Enterprise Services,Outbound,0,2025-07-03
OPP_001603,ACC_00121,REP_017,Closed-Won,17192.68,2024-10-16,2024-09-21,2024-08-06,North America,Mid-Market,Subscription,Inbound,0,2024-09-15
OPP_001604,ACC_00612,REP_026,Prospecting,15621.43,2025-09-27,,2025-07-17,APAC,Mid-Market,Subscription,Inbound,1,2025-08-15
OPP_001605,ACC_00270,REP_002,Proposal,13143.68,2024-09-04,,2024-04-22,North America,SMB,Subscription,Partner,1,2024-06-21
OPP_001606,ACC_00117,REP_015,Closed-Won,92964.58,2024-07-04,2024-05-06,2024-04-20,EMEA,Mid-Market,Subscription,Marketing,1,2024-08-05
OPP_001607,ACC_00471,REP_022,Qualification,2689.07,2024-12-31,,2024-09-29,LATAM,SMB,Subscription,Inbound,3,2024-12-26
OPP_001608,ACC_00516,REP_004,Proposal,28127.91,2024-11-06,,2024-10-07,North America,SMB,Subscription,Outbound,0,2024-12-14
OPP_001609,ACC_00356,REP_006,Qualification,11291.05,2025-07-04,,2025-04-25,North America,Mid-Market,Advertising,Inbound,0,2025-06-21
OPP_001610,ACC_00137,REP_002,Prospecting,156829.56,2025-05-04,,2025-03-09,North America,Enterprise,Enterprise Services,Inbound,0,2025-06-04
OPP_001611,ACC_00490,REP_015,Closed-Lost,11690.77,2026-01-19,2026-01-22,2025-10-27,EMEA,Mid-Market,Enterprise Services,Marketing,1,2025-12-22
OPP_001612,ACC_00187,REP_017,Closed-Lost,13560.5,2025-08-12,2025-04-21,2025-03-29,EMEA,SMB,Transactional,Partner,0,2025-07-13
OPP_001613,ACC_00049,REP_015,Closed-Won,13921.03,2024-10-03,2024-10-13,2024-05-15,North America,Mid-Market,Subscription,Partner,0,2024-07-21
OPP_001614,ACC_00542,REP_002,Qualification,2891.14,2024-04-26,,2024-02-29,North America,Mid-Market,Subscription,Marketing,3,2024-05-19
OPP_001615,ACC_00080,REP_015,Closed-Lost,92871.94,2024-10-04,2024-10-17,2024-06-27,North America,Mid-Market,Usage-Based,Partner,0,2024-09-16
OPP_001616,ACC_01160,REP_027,Negotiation,6356.58,2026-03-13,,2025-10-20,North America,Mid-Market,Subscription,Inbound,0,2026-01-17
OPP_001617,ACC_01007,REP_001,Closed-Lost,47912.64,2025-07-18,2025-11-19,2025-05-30,EMEA,Enterprise,Usage-Based,Partner,0,2025-07-26
OPP_001618,ACC_01112,REP_024,Prospecting,3132.98,2025-07-26,,2025-05-11,North America,SMB,Advertising,Marketing,0,2025-06-27
OPP_001619,ACC_00124,REP_009,Qualification,2500.0,2024-09-24,,2024-07-01,APAC,SMB,Subscription,Outbound,0,2024-08-20
OPP_001620,ACC_00558,REP_003,Closed-Won,13293.89,2024-11-30,2024-12-08,2024-11-10,North America,Mid-Market,Subscription,Partner,0,2025-03-02
OPP_001621,ACC_00989,REP_002,Closed-Lost,4957.47,2025-07-05,2025-05-14,2025-04-16,APAC,SMB,Subscription,Outbound,0,2025-04-30
OPP_001622,ACC_00691,REP_001,Qualification,2788.75,2025-10-31,,2025-09-26,North America,SMB,Subscription,Inbound,1,2025-12-19
OPP_001623,ACC_00368,REP_013,Qualification,15749.55,2025-03-26,,2025-01-25,EMEA,Mid-Market,Subscription,Partner,0,2025-05-20
OPP_001624,ACC_00998,REP_015,Negotiation,2500.0,2024-02-19,,2024-01-15,LATAM,SMB,Subscription,Inbound,1,2024-01-24
OPP_001625,ACC_00372,REP_019,Closed-Lost,10174.47,2025-11-18,2025-12-31,2025-07-26,EMEA,SMB,Subscription,Inbound,1,2025-10-08
OPP_001626,ACC_01169,REP_003,Closed-Won,14366.77,2026-01-23,2025-12-05,2025-09-17,EMEA,Mid-Market,Advertising,Outbound,1,2025-11-27
OPP_001627,ACC_00121,REP_020,Closed-Lost,2500.0,2024-03-17,2024-06-11,2024-01-23,North America,Mid-Market,Subscription,Partner,2,2024-03-03
OPP_001628,ACC_00848,REP_023,Closed-Won,9671.03,2024-10-14,2024-11-04,2024-09-19,North America,Mid-Market,Subscription,Marketing,0,2024-10-01
OPP_001629,ACC_00016,REP_002,Closed-Lost,14336.63,2026-01-10,2025-11-03,2025-10-18,North America,SMB,Subscription,Partner,0,2026-01-07
OPP_001630,ACC_01098,REP_021,Proposal,5633.32,2025-11-03,,2025-09-30,APAC,Mid-Market,Subscription,Marketing,0,2025-12-02
OPP_001631,ACC_00427,REP_004,Prospecting,14972.27,2025-12-24,,2025-10-08,North America,SMB,Subscription,Inbound,0,2026-01-06
OPP_001632,ACC_00025,REP_014,Closed-Won,25151.66,2026-01-13,2026-01-20,2025-10-15,North America,Mid-Market,Usage-Based,Partner,1,2025-10-26
OPP_001633,ACC_01003,REP_020,Negotiation,3243.61,2024-04-04,,2024-01-15,APAC,SMB,Advertising,Inbound,0,2024-05-06
OPP_001634,ACC_01161,REP_027,Proposal,8865.13,2024-07-07,,2024-04-11,North America,SMB,Advertising,Outbound,0,2024-06-25
OPP_001635,ACC_01104,REP_016,Qualification,100533.16,2025-03-03,,2024-11-30,APAC,Enterprise,Subscription,Partner,0,2025-01-22
OPP_001636,ACC_00583,REP_014,Closed-Won,3735.89,2025-03-21,2025-05-28,2025-02-08,APAC,SMB,Transactional,Inbound,2,2025-04-04
OPP_001637,ACC_00074,REP_026,Closed-Won,7305.28,2025-01-11,2024-10-28,2024-09-25,EMEA,SMB,Subscription,Marketing,0,2025-01-17
OPP_001638,ACC_00274,REP_007,Proposal,51546.48,2024-10-12,,2024-06-28,North America,Mid-Market,Subscription,Outbound,0,2024-09-02
OPP_001639,ACC_00038,REP_007,Closed-Lost,3806.75,2024-07-27,2024-07-05,2024-06-19,North America,SMB,Subscription,Partner,2,2024-08-28
OPP_001640,ACC_00054,REP_014,Proposal,25826.55,2025-04-25,,2025-02-08,North America,Mid-Market,Subscription,Outbound,1,2025-04-27
OPP_001641,ACC_00191,REP_004,Prospecting,14973.85,2025-12-13,,2025-10-17,North America,Enterprise,Usage-Based,Marketing,0,2025-11-24
OPP_001642,ACC_00676,REP_001,Qualification,7640.37,2025-09-16,,2025-07-07,North America,SMB,Subscription,Partner,0,2025-08-06
OPP_001643,ACC_00920,REP_011,Proposal,25507.47,2024-08-24,,2024-04-26,North America,Mid-Market,Advertising,Inbound,1,2024-07-25
OPP_001644,ACC_00702,REP_005,Prospecting,2500.0,2024-07-15,,2024-04-09,North America,SMB,Advertising,Referral,0,2024-05-18
OPP_001645,ACC_00246,REP_020,Closed-Won,25820.62,2024-11-10,2024-08-13,2024-06-25,LATAM,Enterprise,Subscription,Partner,3,2024-06-30
OPP_001646,ACC_00723,REP_017,Closed-Won,13787.19,2025-08-07,2025-06-08,2025-05-06,North America,SMB,Subscription,Outbound,1,2025-07-03
OPP_001647,ACC_00277,REP_015,Negotiation,11248.69,2024-01-31,,2024-01-06,North America,SMB,Subscription,Partner,1,2024-01-08
OPP_001648,ACC_00554,REP_015,Closed-Lost,26130.89,2025-08-06,2025-10-12,2025-04-16,EMEA,Enterprise,Subscription,Inbound,1,2025-06-23
OPP_001649,ACC_01067,REP_003,Closed-Lost,2973.76,2025-02-21,2025-07-20,2025-01-23,APAC,SMB,Transactional,Marketing,3,2025-04-10
OPP_001650,ACC_00162,REP_013,Proposal,82596.01,2025-05-21,,2025-03-18,North America,Enterprise,Advertising,Outbound,0,2025-07-06
OPP_001651,ACC_01050,REP_003,Prospecting,6501.29,2025-12-18,,2025-07-30,APAC,SMB,Subscription,Marketing,0,2025-10-11
OPP_001652,ACC_00326,REP_011,Qualification,28151.25,2025-06-28,,2025-01-31,North America,Mid-Market,Subscription,Inbound,1,2025-03-14
OPP_001653,ACC_00805,REP_021,Negotiation,13126.47,2025-03-31,,2025-02-20,North America,SMB,Usage-Based,Marketing,0,2025-05-08
OPP_001654,ACC_00314,REP_030,Proposal,5737.3,2025-04-14,,2024-11-17,LATAM,SMB,Subscription,Marketing,1,2025-01-27
OPP_001655,ACC_00197,REP_009,Closed-Won,47694.04,2025-08-06,2025-03-29,2025-03-12,North America,Mid-Market,Transactional,Referral,0,2025-06-09
OPP_001656,ACC_00541,REP_008,Closed-Won,24318.05,2025-01-23,2024-12-10,2024-09-11,North America,Enterprise,Usage-Based,Marketing,0,2024-12-30
OPP_001657,ACC_00458,REP_021,Negotiation,29513.91,2024-06-20,,2024-02-14,North America,SMB,Transactional,Partner,0,2024-02-26
OPP_001658,ACC_00609,REP_028,Qualification,61162.68,2024-02-15,,2024-01-17,North America,Mid-Market,Subscription,Outbound,1,2024-04-12
OPP_001659,ACC_00284,REP_009,Qualification,25649.46,2025-05-28,,2025-04-23,North America,SMB,Subscription,Inbound,0,2025-07-28
OPP_001660,ACC_01174,REP_026,Proposal,13621.97,2025-06-10,,2025-03-03,LATAM,Mid-Market,Transactional,Outbound,0,2025-04-12
OPP_001661,ACC_00807,REP_010,Closed-Won,208371.78,2024-11-03,2024-12-18,2024-10-01,North America,Mid-Market,Advertising,Partner,0,2024-11-19
OPP_001662,ACC_01009,REP_020,Closed-Won,18993.35,2025-07-06,2025-06-03,2025-05-15,North America,Mid-Market,Subscription,Inbound,0,2025-07-04
OPP_001663,ACC_00936,REP_007,Negotiation,11421.12,2025-04-09,,2024-11-13,LATAM,SMB,Transactional,Partner,1,2024-12-28
OPP_001664,ACC_00869,REP_008,Closed-Won,8778.86,2024-11-04,2024-10-21,2024-06-19,EMEA,SMB,Transactional,Inbound,3,2024-10-02
OPP_001665,ACC_00171,REP_030,Proposal,2899.8,2025-03-20,,2025-01-26,EMEA,SMB,Enterprise Services,Partner,1,2025-03-06
OPP_001666,ACC_00706,REP_012,Prospecting,59579.88,2024-12-09,,2024-09-10,North America,Mid-Market,Advertising,Outbound,0,2024-11-02
OPP_001667,ACC_01078,REP_001,Qualification,9205.87,2026-01-13,,2025-10-15,North America,Mid-Market,Enterprise Services,Marketing,0,2025-12-24
OPP_001668,ACC_00116,REP_024,Qualification,110510.17,2025-06-21,,2025-04-28,APAC,Enterprise,Transactional,Inbound,3,2025-05-28
OPP_001669,ACC_00556,REP_004,Prospecting,28615.85,2025-07-05,,2025-05-16,LATAM,SMB,Subscription,Inbound,2,2025-08-08
OPP_001670,ACC_00222,REP_004,Qualification,29831.54,2025-06-20,,2025-04-05,APAC,Mid-Market,Subscription,Outbound,1,2025-06-07
OPP_001671,ACC_00955,REP_026,Closed-Won,22054.73,2025-07-10,2025-09-05,2025-04-03,North America,Enterprise,Transactional,Outbound,0,2025-04-24
OPP_001672,ACC_01118,REP_011,Prospecting,11601.87,2025-10-03,,2025-06-01,APAC,Mid-Market,Transactional,Inbound,0,2025-06-24
OPP_001673,ACC_00062,REP_005,Prospecting,2500.0,2025-02-22,,2024-10-16,APAC,SMB,Subscription,Partner,0,2024-10-20
OPP_001674,ACC_00962,REP_030,Prospecting,7988.0,2025-07-26,,2025-07-04,LATAM,SMB,Subscription,Marketing,0,2025-09-12
OPP_001675,ACC_00433,REP_009,Qualification,36414.06,2024-05-08,,2024-01-24,North America,Mid-Market,Subscription,Marketing,0,2024-04-29
OPP_001676,ACC_01157,REP_019,Qualification,7077.37,2025-06-30,,2025-03-22,North America,SMB,Usage-Based,Inbound,2,2025-07-18
OPP_001677,ACC_00018,REP_008,Prospecting,4974.51,2025-01-21,,2024-12-26,North America,SMB,Usage-Based,Inbound,0,2025-03-15
OPP_001678,ACC_00230,REP_018,Qualification,6663.61,2024-05-13,,2024-01-06,North America,SMB,Subscription,Outbound,0,2024-05-01
OPP_001679,ACC_00863,REP_021,Closed-Lost,55015.26,2025-06-23,2025-07-11,2025-03-18,North America,Mid-Market,Subscription,Partner,2,2025-07-14
OPP_001680,ACC_00935,REP_023,Proposal,15454.17,2024-04-24,,2024-01-02,North America,Mid-Market,Transactional,Referral,2,2024-03-16
OPP_001681,ACC_00096,REP_013,Qualification,104601.81,2025-07-30,,2025-04-16,North America,Mid-Market,Subscription,Inbound,0,2025-05-31
OPP_001682,ACC_00193,REP_019,Proposal,5071.69,2025-02-18,,2024-12-17,EMEA,SMB,Subscription,Outbound,0,2025-04-02
OPP_001683,ACC_00406,REP_026,Qualification,54747.31,2025-03-29,,2025-02-11,North America,Enterprise,Transactional,Referral,1,2025-04-28
OPP_001684,ACC_00042,REP_026,Negotiation,28562.5,2025-04-22,,2025-02-12,North America,Enterprise,Subscription,Inbound,3,2025-05-21
OPP_001685,ACC_00939,REP_023,Proposal,350718.15,2024-11-16,,2024-07-20,LATAM,Enterprise,Subscription,Referral,1,2024-08-16
OPP_001686,ACC_00804,REP_012,Closed-Lost,19529.97,2025-06-03,2025-08-06,2025-02-21,LATAM,Mid-Market,Subscription,Outbound,0,2025-06-15
OPP_001687,ACC_00899,REP_016,Closed-Lost,75375.62,2024-09-06,2024-09-25,2024-05-28,APAC,SMB,Advertising,Partner,1,2024-07-19
OPP_001688,ACC_00564,REP_030,Closed-Won,10720.06,2025-06-28,2025-09-05,2025-05-23,LATAM,Mid-Market,Enterprise Services,Outbound,1,2025-09-04
OPP_001689,ACC_00769,REP_008,Qualification,41346.46,2024-03-22,,2024-03-01,North America,SMB,Usage-Based,Marketing,0,2024-04-15
OPP_001690,ACC_00688,REP_021,Proposal,49575.65,2024-07-19,,2024-04-04,North America,Enterprise,Usage-Based,Marketing,0,2024-07-21
OPP_001691,ACC_00833,REP_024,Qualification,20719.25,2025-09-05,,2025-04-15,North America,SMB,Subscription,Inbound,1,2025-07-05
OPP_001692,ACC_00541,REP_015,Closed-Won,13010.87,2024-04-14,2024-07-28,2024-02-08,North America,Enterprise,Usage-Based,Marketing,1,2024-03-07
OPP_001693,ACC_00782,REP_026,Prospecting,62421.54,2025-12-28,,2025-10-12,North America,Enterprise,Subscription,Inbound,0,2025-10-30
OPP_001694,ACC_00775,REP_013,Closed-Won,3081.1,2024-06-13,2024-05-31,2024-01-21,North America,SMB,Advertising,Inbound,1,2024-02-09
OPP_001695,ACC_00770,REP_026,Qualification,21101.44,2025-02-05,,2024-12-17,APAC,Mid-Market,Subscription,Outbound,1,2025-01-31
OPP_001696,ACC_01047,REP_020,Proposal,2500.0,2026-01-16,,2025-10-21,LATAM,SMB,Subscription,Partner,0,2025-10-27
OPP_001697,ACC_00420,REP_002,Qualification,40101.49,2025-04-27,,2025-03-27,North America,Enterprise,Transactional,Outbound,0,2025-06-01
OPP_001698,ACC_01055,REP_025,Proposal,26843.39,2025-04-22,,2025-02-27,North America,SMB,Subscription,Inbound,0,2025-05-17
OPP_001699,ACC_00034,REP_021,Closed-Won,15517.39,2025-06-16,2025-08-28,2025-04-09,EMEA,SMB,Subscription,Inbound,3,2025-07-07
OPP_001700,ACC_00584,REP_007,Negotiation,2612.89,2025-08-05,,2025-04-18,North America,SMB,Subscription,Inbound,0,2025-08-08
OPP_001701,ACC_00531,REP_022,Qualification,2500.0,2024-06-17,,2024-04-18,APAC,Mid-Market,Subscription,Inbound,1,2024-07-23
OPP_001702,ACC_01042,REP_016,Prospecting,26821.11,2024-10-12,,2024-07-25,North America,Mid-Market,Subscription,Inbound,0,2024-11-21
OPP_001703,ACC_00055,REP_029,Closed-Won,79316.29,2024-07-05,2024-09-28,2024-05-08,North America,Mid-Market,Subscription,Marketing,2,2024-07-19
OPP_001704,ACC_00261,REP_010,Proposal,3422.81,2024-06-28,,2024-05-21,North America,SMB,Usage-Based,Inbound,3,2024-08-31
OPP_001705,ACC_00563,REP_008,Negotiation,358848.6,2024-09-19,,2024-05-19,North America,Enterprise,Subscription,Marketing,2,2024-08-20
OPP_001706,ACC_00979,REP_002,Proposal,16212.0,2025-06-18,,2025-03-03,EMEA,Mid-Market,Transactional,Inbound,1,2025-06-10
OPP_001707,ACC_00557,REP_024,Negotiation,2500.0,2025-12-29,,2025-09-17,EMEA,SMB,Usage-Based,Outbound,0,2025-11-05
OPP_001708,ACC_00767,REP_030,Negotiation,2500.0,2025-04-14,,2025-01-09,EMEA,SMB,Usage-Based,Inbound,0,2025-03-12
OPP_001709,ACC_00215,REP_021,Prospecting,35240.43,2024-02-17,,2024-01-11,North America,Mid-Market,Subscription,Inbound,0,2024-04-29
OPP_001710,ACC_01132,REP_012,Negotiation,18574.93,2025-07-03,,2025-04-08,North America,Mid-Market,Transactional,Partner,1,2025-06-01
OPP_001711,ACC_00942,REP_027,Proposal,193972.71,2025-04-19,,2024-12-28,EMEA,Enterprise,Advertising,Inbound,0,2025-03-11
OPP_001712,ACC_ORPHAN_6,REP_008,Prospecting,2708.2,2025-08-27,,2025-06-04,EMEA,SMB,Advertising,Outbound,0,2025-08-20
OPP_001713,ACC_00846,REP_021,Closed-Won,49600.02,2025-01-01,2024-09-29,2024-09-09,North America,Enterprise,Subscription,Outbound,0,2024-10-01
OPP_001714,ACC_00156,REP_018,Qualification,16428.31,2024-12-15,,2024-10-14,North America,Mid-Market,Subscription,Marketing,1,2024-10-17
OPP_001715,ACC_00672,REP_026,Prospecting,14143.15,2025-06-11,,2025-03-17,North America,Mid-Market,Subscription,Outbound,0,2025-06-08
OPP_001716,ACC_00851,REP_030,Closed-Won,6121.46,2025-06-27,2025-09-02,2025-04-19,APAC,SMB,Enterprise Services,Inbound,0,2025-07-23
OPP_001717,ACC_01112,REP_011,Closed-Lost,6244.55,2024-10-23,2024-10-12,2024-05-27,North America,SMB,Advertising,Inbound,0,2024-08-05
OPP_001718,ACC_00085,REP_003,Qualification,10687.27,2025-03-12,,2025-01-28,APAC,SMB,Subscription,Partner,0,2025-04-17
OPP_001719,ACC_00345,REP_005,Closed-Won,22083.39,2025-11-30,2026-01-09,2025-10-05,North America,Mid-Market,Subscription,Referral,2,2025-10-13
OPP_001720,ACC_00829,REP_023,Prospecting,56716.74,2024-05-31,,2024-02-13,North America,Enterprise,Advertising,Inbound,1,2024-03-05
OPP_001721,ACC_00315,REP_011,Closed-Won,29975.95,2024-09-05,2024-11-25,2024-08-09,North America,SMB,Transactional,Inbound,1,2024-11-05
OPP_001722,ACC_00856,REP_005,Proposal,2699.67,2025-03-19,,2024-12-23,North America,SMB,Subscription,Outbound,0,2025-03-09
OPP_001723,ACC_00221,REP_025,Closed-Won,2500.0,2025-10-05,2026-02-11,2025-09-12,LATAM,SMB,Subscription,Referral,0,2025-10-06
OPP_001724,ACC_00197,REP_020,Proposal,45114.77,2026-01-06,,2025-10-10,North America,Mid-Market,Transactional,Inbound,1,2025-12-21
OPP_001725,ACC_00654,REP_004,Proposal,3493.43,2025-03-31,,2025-01-29,North America,SMB,Advertising,Marketing,0,2025-02-03
OPP_001726,ACC_00827,REP_022,Closed-Won,11164.83,2025-02-14,2025-02-08,2025-01-01,EMEA,Mid-Market,Subscription,Marketing,1,2025-04-05
OPP_001727,ACC_00247,REP_020,Prospecting,8847.59,2024-12-27,,2024-10-04,North America,Mid-Market,Enterprise Services,Inbound,2,2024-10-08
OPP_001728,ACC_01049,REP_030,Qualification,23382.41,2024-12-27,,2024-10-25,North America,Enterprise,Advertising,Marketing,0,2025-02-02
OPP_001729,ACC_01043,REP_030,Proposal,3796.12,2025-06-05,,2025-05-06,North America,Mid-Market,Subscription,Partner,1,2025-06-02
OPP_001730,ACC_00098,REP_030,Negotiation,5077.81,2025-03-29,,2024-12-30,North America,SMB,Advertising,Inbound,0,2025-01-30
OPP_001731,ACC_00366,REP_027,Prospecting,17179.88,2025-04-08,,2025-01-05,EMEA,SMB,Subscription,Inbound,0,2025-04-26
OPP_001732,ACC_00668,REP_024,Negotiation,43884.67,2025-11-02,,2025-07-19,North America,Enterprise,Subscription,Inbound,0,2025-10-24
OPP_001733,ACC_00590,REP_021,Proposal,14863.59,2024-08-17,,2024-04-02,LATAM,SMB,Advertising,Inbound,1,2024-05-13
OPP_001734,ACC_00306,REP_017,Negotiation,5464.79,2026-01-22,,2025-10-03,North America,SMB,Subscription,Marketing,3,2025-10-25
OPP_001735,ACC_00636,REP_024,Closed-Lost,22137.07,2025-08-18,2025-07-28,2025-04-17,North America,SMB,Subscription,Partner,0,2025-05-01
OPP_001736,ACC_01156,REP_029,Proposal,5398.09,2025-05-12,,2025-01-28,EMEA,SMB,Transactional,Marketing,1,2025-03-16
OPP_001737,ACC_00370,REP_004,Negotiation,5349.16,2025-05-10,,2025-01-23,North America,Enterprise,Transactional,Outbound,0,2025-04-03
OPP_001738,ACC_00263,REP_005,Proposal,12317.63,2025-05-24,,2025-01-21,North America,SMB,Subscription,Outbound,0,2025-03-21
OPP_001739,ACC_00887,REP_015,Prospecting,19332.59,2025-04-29,,2025-01-13,North America,SMB,Subscription,Inbound,1,2025-04-30
OPP_001740,ACC_00685,REP_009,Closed-Won,9327.86,2024-11-15,2025-01-11,2024-08-22,APAC,Mid-Market,Subscription,Marketing,1,2024-11-26
OPP_001741,ACC_00831,REP_016,Closed-Lost,54133.38,2025-08-31,2025-07-05,2025-05-09,North America,Mid-Market,Advertising,Inbound,1,2025-06-09
OPP_001742,ACC_00776,REP_010,Closed-Won,18817.82,2024-11-10,2024-08-15,2024-06-18,North America,Enterprise,Subscription,Inbound,2,2024-10-04
OPP_001743,ACC_00913,REP_024,Closed-Lost,86161.49,2025-06-05,2025-03-28,2025-03-13,LATAM,Enterprise,Transactional,Partner,0,2025-05-07
OPP_001744,ACC_00876,REP_027,Proposal,252212.61,2025-02-05,,2024-12-18,LATAM,Enterprise,Advertising,Marketing,0,2024-12-21
OPP_001745,ACC_00728,REP_009,Negotiation,9310.46,2024-11-13,,2024-09-02,North America,SMB,Subscription,Inbound,0,2024-12-13
OPP_001746,ACC_00546,REP_024,Qualification,7155.81,2025-07-13,,2025-06-22,North America,SMB,Usage-Based,Partner,1,2025-09-18
OPP_001747,ACC_00553,REP_004,Closed-Lost,8074.7,2024-09-29,2024-10-06,2024-08-01,EMEA,SMB,Usage-Based,Inbound,0,2024-09-13
OPP_001748,ACC_00319,REP_024,Negotiation,45727.65,2025-07-30,,2025-03-17,North America,SMB,Advertising,Marketing,0,2025-06-30
OPP_001749,ACC_00539,REP_021,Qualification,13425.96,2024-07-19,,2024-06-17,APAC,SMB,Advertising,Marketing,1,2024-10-03
OPP_001750,ACC_00727,REP_022,Closed-Won,76601.02,2024-09-26,2024-07-27,2024-05-14,North America,SMB,Subscription,Marketing,0,2024-09-05
OPP_001751,ACC_00860,REP_015,Negotiation,21574.16,2025-04-23,,2025-01-20,EMEA,Mid-Market,Subscription,Inbound,1,2025-05-09
OPP_001752,ACC_00928,REP_004,Closed-Lost,22912.89,2025-12-15,2026-04-05,2025-10-15,North America,Enterprise,Usage-Based,Outbound,3,2025-11-16
OPP_001753,ACC_00453,REP_026,Closed-Won,9104.22,2024-10-08,2024-08-16,2024-07-19,North America,Mid-Market,Advertising,Inbound,0,2024-09-24
OPP_001754,ACC_00880,REP_004,Closed-Lost,17354.5,2024-07-29,2024-07-16,2024-03-17,North America,Mid-Market,Subscription,Outbound,0,2024-04-07
OPP_001755,ACC_00525,REP_015,Negotiation,2500.0,2024-04-25,,2024-03-21,North America,SMB,Subscription,Referral,3,2024-06-11
OPP_001756,ACC_00431,REP_006,Proposal,27399.0,2025-02-26,,2024-11-25,APAC,Enterprise,Subscription,Inbound,1,2025-01-24
OPP_001757,ACC_00197,REP_026,Closed-Won,10375.5,2025-08-01,2025-07-03,2025-06-08,North America,Mid-Market,Transactional,Partner,0,2025-09-21
OPP_001758,ACC_00320,REP_018,Prospecting,55996.34,2025-07-21,,2025-04-22,North America,Enterprise,Advertising,Inbound,1,2025-08-08
OPP_001759,ACC_00816,REP_016,Prospecting,307143.39,2024-09-19,,2024-05-20,North America,Enterprise,Subscription,Outbound,0,2024-06-27
OPP_001760,ACC_00260,REP_010,Closed-Lost,17237.05,2025-11-29,2025-12-06,2025-07-13,North America,Mid-Market,Subscription,Outbound,1,2025-08-20
OPP_001761,ACC_00093,REP_024,Closed-Lost,2500.0,2024-06-12,2024-07-21,2024-04-20,North America,SMB,Advertising,Outbound,0,2024-04-24
OPP_001762,ACC_00327,REP_007,Closed-Lost,6542.62,2025-04-25,2025-04-04,2025-01-09,North America,Mid-Market,Usage-Based,Partner,0,2025-03-11
OPP_001763,ACC_01189,REP_022,Prospecting,11666.2,2025-10-05,,2025-07-22,LATAM,SMB,Subscription,Referral,1,2025-09-06
OPP_001764,ACC_00180,REP_030,Qualification,17907.86,2025-09-18,,2025-06-25,LATAM,Mid-Market,Subscription,Marketing,0,2025-10-22
OPP_001765,ACC_00173,REP_008,Closed-Lost,45552.4,2025-05-25,2025-10-02,2025-04-15,North America,SMB,Subscription,Referral,2,2025-07-22
OPP_001766,ACC_00484,REP_021,Prospecting,23440.96,2024-12-18,,2024-08-09,North America,SMB,Transactional,Inbound,1,2024-10-03
OPP_001767,ACC_00460,REP_010,Proposal,41361.9,2025-07-09,,2025-05-28,North America,Mid-Market,Transactional,Referral,3,2025-08-04
OPP_001768,ACC_01105,REP_028,Proposal,7223.03,2024-10-11,,2024-09-16,North America,SMB,Subscription,Inbound,0,2024-11-30
OPP_001769,ACC_00286,REP_027,Closed-Lost,26937.75,2024-12-18,2025-01-07,2024-08-22,North America,SMB,Advertising,Inbound,0,2024-12-08
OPP_001770,ACC_00501,REP_010,Proposal,6661.35,2025-03-04,,2024-12-22,EMEA,Mid-Market,Usage-Based,Outbound,0,2025-04-20
OPP_001771,ACC_00349,REP_007,Qualification,42971.58,2025-03-17,,2025-02-17,APAC,Mid-Market,Advertising,Inbound,0,2025-04-08
OPP_001772,ACC_00300,REP_003,Proposal,12302.79,2024-09-05,,2024-05-20,APAC,Mid-Market,Enterprise Services,Marketing,0,2024-07-03
OPP_001773,ACC_00387,REP_021,Prospecting,3835.31,2025-11-12,,2025-09-16,North America,Mid-Market,Subscription,Inbound,0,2025-12-10
OPP_001774,ACC_00309,REP_028,Closed-Won,16242.71,2025-12-27,2025-09-04,2025-08-03,North America,SMB,Subscription,Outbound,0,2025-09-05
OPP_001775,ACC_00863,REP_005,Negotiation,66008.82,2024-12-02,,2024-07-08,North America,Mid-Market,Subscription,Inbound,2,2024-07-25
OPP_001776,ACC_00949,REP_025,Negotiation,29338.32,2024-09-09,,2024-06-10,LATAM,Enterprise,Transactional,Inbound,0,2024-07-14
OPP_001777,ACC_00213,REP_023,Proposal,42827.03,2024-05-07,,2024-02-16,North America,SMB,Subscription,Marketing,0,2024-03-25
OPP_001778,ACC_00596,REP_015,Qualification,2500.0,2024-12-15,,2024-09-29,North America,SMB,Subscription,Outbound,1,2024-12-12
OPP_001779,ACC_00317,REP_007,Prospecting,2711.81,2024-07-31,,2024-04-24,EMEA,SMB,Advertising,Inbound,0,2024-07-21
OPP_001780,ACC_01042,REP_020,Closed-Lost,14090.75,2026-01-31,2025-11-12,2025-09-15,North America,Mid-Market,Subscription,Marketing,1,2025-10-05
OPP_001781,ACC_00122,REP_018,Proposal,11262.52,2025-12-05,,2025-08-24,North America,Mid-Market,Subscription,Marketing,1,2025-08-30
OPP_001782,ACC_00491,REP_025,Proposal,8373.83,2025-08-10,,2025-07-09,North America,Mid-Market,Subscription,Outbound,1,2025-07-29
OPP_001783,ACC_00398,REP_017,Proposal,10258.28,2024-08-21,,2024-07-07,North America,SMB,Subscription,Inbound,1,2024-10-24
OPP_001784,ACC_00437,REP_002,Closed-Lost,5289.99,2025-07-17,2025-06-06,2025-04-07,North America,SMB,Advertising,Referral,1,2025-05-08
OPP_001785,ACC_01130,REP_007,Closed-Won,30769.44,2025-02-01,2025-03-20,2024-11-25,North America,Enterprise,Subscription,Outbound,3,2025-01-27
OPP_001786,ACC_00649,REP_012,Prospecting,21556.34,2024-09-22,,2024-07-02,North America,Mid-Market,Usage-Based,Inbound,0,2024-09-05
OPP_001787,ACC_00457,REP_015,Negotiation,22600.22,2025-03-06,,2024-12-24,EMEA,Enterprise,Subscription,Inbound,0,2025-01-27
OPP_001788,ACC_00970,REP_011,Proposal,8071.91,2024-07-26,,2024-04-20,EMEA,SMB,Advertising,Inbound,1,2024-07-30
OPP_001789,ACC_00933,REP_027,Closed-Won,4706.14,2025-11-23,2026-03-05,2025-10-05,EMEA,SMB,Advertising,Referral,0,2025-10-13
OPP_001790,ACC_00174,REP_009,Closed-Lost,13195.5,2024-05-18,2024-08-17,2024-04-19,APAC,Enterprise,Subscription,Referral,0,2024-06-21
OPP_001791,ACC_00555,REP_021,Closed-Won,19261.53,2024-09-08,2024-10-09,2024-07-20,LATAM,SMB,Subscription,Outbound,1,2024-09-08
OPP_001792,ACC_00495,REP_011,Closed-Lost,90020.66,2024-09-11,2024-10-13,2024-05-28,APAC,Mid-Market,Usage-Based,Partner,0,2024-08-30
OPP_001793,ACC_00540,REP_030,Proposal,127749.14,2025-03-24,,2024-12-15,North America,Enterprise,Transactional,Marketing,0,2025-01-08
OPP_001794,ACC_00419,REP_028,Proposal,12504.94,2025-07-29,,2025-03-26,North America,SMB,Usage-Based,Outbound,1,2025-07-18
OPP_001795,ACC_00989,REP_024,Negotiation,4725.06,2025-11-06,,2025-10-03,APAC,SMB,Subscription,Partner,0,2026-01-06
OPP_001796,ACC_01196,REP_023,Closed-Won,6736.15,2024-10-25,2025-02-04,2024-09-17,North America,SMB,Enterprise Services,Referral,0,2024-12-15
OPP_001797,ACC_00033,REP_020,Qualification,25827.22,2024-06-19,,2024-05-14,EMEA,SMB,Subscription,Inbound,1,2024-07-12
OPP_001798,ACC_01028,REP_018,Proposal,2500.0,2024-04-17,,2024-01-15,North America,SMB,Subscription,Inbound,1,2024-04-01
OPP_001799,ACC_01038,REP_017,Prospecting,6241.04,2025-05-09,,2025-02-04,North America,SMB,Transactional,Marketing,0,2025-03-01
OPP_001800,ACC_00439,REP_001,Qualification,34000.0,2025-11-26,,2025-10-17,North America,Mid-Market,Usage-Based,Partner,0,2025-10-18
