user_id,org_id,role,signup_timestamp,is_admin
user_000001,org_00001,admin,2025-08-28T01:00:00,True
user_000002,org_00002,admin,2025-12-24T06:00:00,True
user_000003,org_00002,member,2025-12-23T19:00:00,False
user_000004,org_00002,member,2025-12-24T15:00:00,False
user_000005,org_00002,member,2025-12-23T04:00:00,False
user_000006,org_00002,viewer,2025-12-24T02:00:00,False
user_000007,org_00002,member,2025-12-23T13:00:00,False
user_000008,org_00002,member,2025-12-24T06:00:00,False
user_000009,org_00003,admin,2025-11-28T08:00:00,True
user_000010,org_00003,member,2025-11-27T22:00:00,False
user_000011,org_00004,admin,2025-10-08T11:00:00,True
user_000012,org_00004,member,2025-10-09T08:00:00,False
user_000013,org_00004,member,2025-10-09T15:00:00,False
user_000014,org_00005,admin,2025-03-15T08:00:00,True
user_000015,org_00005,member,2025-03-15T07:00:00,False
user_000016,org_00005,member,2025-03-14T22:00:00,False
user_000017,org_00005,member,2025-03-15T03:00:00,False
user_000018,org_00006,admin,2025-07-04T15:00:00,True
user_000019,org_00006,member,2025-07-04T08:00:00,False
user_000020,org_00006,member,2025-07-04T05:00:00,False
user_000021,org_00006,member,2025-07-04T04:00:00,False
user_000022,org_00006,member,2025-07-05T10:00:00,False
user_000023,org_00006,member,2025-07-04T07:00:00,False
user_000024,org_00006,member,2025-07-04T23:00:00,False
user_000025,org_00007,admin,2025-09-21T00:00:00,True
user_000026,org_00007,member,2025-09-22T12:00:00,False
user_000027,org_00007,member,2025-09-22T07:00:00,False
user_000028,org_00007,member,2025-09-21T20:00:00,False
user_000029,org_00007,member,2025-09-21T04:00:00,False
user_000030,org_00007,member,2025-09-22T07:00:00,False
user_000031,org_00007,member,2025-09-22T13:00:00,False
user_000032,org_00008,admin,2025-04-14T14:00:00,True
user_000033,org_00008,member,2025-04-15T02:00:00,False
user_000034,org_00009,admin,2025-12-19T19:00:00,True
user_000035,org_00009,viewer,2025-12-18T12:00:00,False
user_000036,org_00009,member,2025-12-18T08:00:00,False
user_000037,org_00009,member,2025-12-18T07:00:00,False
user_000038,org_00009,viewer,2025-12-19T22:00:00,False
user_000039,org_00010,admin,2025-04-27T20:00:00,True
user_000040,org_00011,admin,2025-04-27T08:00:00,True
user_000041,org_00012,admin,2025-10-21T19:00:00,True
user_000042,org_00013,admin,2025-06-29T06:00:00,True
user_000043,org_00013,member,2025-06-29T16:00:00,False
user_000044,org_00014,admin,2025-08-20T12:00:00,True
user_000045,org_00014,member,2025-08-21T14:00:00,False
user_000046,org_00014,member,2025-08-20T16:00:00,False
user_000047,org_00014,viewer,2025-08-21T01:00:00,False
user_000048,org_00014,member,2025-08-21T12:00:00,False
user_000049,org_00014,member,2025-08-21T04:00:00,False
user_000050,org_00014,member,2025-08-21T20:00:00,False
user_000051,org_00015,admin,2025-03-02T08:00:00,True
user_000052,org_00015,member,2025-03-03T15:00:00,False
user_000053,org_00016,admin,2025-07-16T06:00:00,True
user_000054,org_00016,member,2025-07-16T03:00:00,False
user_000055,org_00017,admin,2025-03-30T05:00:00,True
user_000056,org_00017,member,2025-03-30T13:00:00,False
user_000057,org_00017,member,2025-03-30T15:00:00,False
user_000058,org_00017,viewer,2025-03-30T01:00:00,False
user_000059,org_00017,member,2025-03-30T16:00:00,False
user_000060,org_00017,member,2025-03-29T22:00:00,False
user_000061,org_00018,admin,2025-03-15T08:00:00,True
user_000062,org_00018,member,2025-03-16T11:00:00,False
user_000063,org_00018,viewer,2025-03-16T04:00:00,False
user_000064,org_00019,admin,2025-10-14T05:00:00,True
user_000065,org_00019,member,2025-10-13T08:00:00,False
user_000066,org_00019,member,2025-10-13T08:00:00,False
user_000067,org_00019,member,2025-10-13T22:00:00,False
user_000068,org_00019,member,2025-10-13T22:00:00,False
user_000069,org_00020,admin,2025-10-10T17:00:00,True
user_000070,org_00020,member,2025-10-11T01:00:00,False
user_000071,org_00020,member,2025-10-10T15:00:00,False
user_000072,org_00020,member,2025-10-10T04:00:00,False
user_000073,org_00020,member,2025-10-11T20:00:00,False
user_000074,org_00020,member,2025-10-10T06:00:00,False
user_000075,org_00020,viewer,2025-10-11T11:00:00,False
user_000076,org_00021,admin,2025-12-21T11:00:00,True
user_000077,org_00021,member,2025-12-21T13:00:00,False
user_000078,org_00021,viewer,2025-12-20T18:00:00,False
user_000079,org_00021,member,2025-12-21T23:00:00,False
user_000080,org_00021,member,2025-12-21T13:00:00,False
user_000081,org_00021,viewer,2025-12-21T16:00:00,False
user_000082,org_00021,member,2025-12-20T01:00:00,False
user_000083,org_00021,member,2025-12-21T07:00:00,False
user_000084,org_00022,admin,2025-11-05T05:00:00,True
user_000085,org_00022,member,2025-11-05T05:00:00,False
user_000086,org_00023,admin,2025-10-01T10:00:00,True
user_000087,org_00024,admin,2025-12-25T21:00:00,True
user_000088,org_00024,member,2025-12-25T01:00:00,False
user_000089,org_00025,admin,2025-02-05T22:00:00,True
user_000090,org_00025,member,2025-02-04T19:00:00,False
user_000091,org_00025,member,2025-02-05T16:00:00,False
user_000092,org_00025,member,2025-02-04T10:00:00,False
user_000093,org_00025,member,2025-02-05T20:00:00,False
user_000094,org_00025,member,2025-02-04T01:00:00,False
user_000095,org_00026,admin,2025-09-27T16:00:00,True
user_000096,org_00026,member,2025-09-26T18:00:00,False
user_000097,org_00026,member,2025-09-26T23:00:00,False
user_000098,org_00026,member,2025-09-27T17:00:00,False
user_000099,org_00026,member,2025-09-27T16:00:00,False
user_000100,org_00027,admin,2025-05-15T06:00:00,True
user_000101,org_00027,member,2025-05-14T16:00:00,False
user_000102,org_00027,member,2025-05-14T00:00:00,False
user_000103,org_00027,member,2025-05-14T22:00:00,False
user_000104,org_00027,viewer,2025-05-14T07:00:00,False
user_000105,org_00027,member,2025-05-15T20:00:00,False
user_000106,org_00027,viewer,2025-05-15T23:00:00,False
user_000107,org_00027,member,2025-05-15T14:00:00,False
user_000108,org_00028,admin,2025-08-14T20:00:00,True
user_000109,org_00028,member,2025-08-14T16:00:00,False
user_000110,org_00028,viewer,2025-08-14T01:00:00,False
user_000111,org_00029,admin,2025-01-05T09:00:00,True
user_000112,org_00029,member,2025-01-04T21:00:00,False
user_000113,org_00029,member,2025-01-04T06:00:00,False
user_000114,org_00029,member,2025-01-05T04:00:00,False
user_000115,org_00029,member,2025-01-04T08:00:00,False
user_000116,org_00029,viewer,2025-01-05T09:00:00,False
user_000117,org_00029,member,2025-01-05T14:00:00,False
user_000118,org_00029,member,2025-01-05T05:00:00,False
user_000119,org_00030,admin,2025-02-26T00:00:00,True
user_000120,org_00030,member,2025-02-26T05:00:00,False
user_000121,org_00030,member,2025-02-27T00:00:00,False
user_000122,org_00031,admin,2025-12-05T08:00:00,True
user_000123,org_00031,member,2025-12-05T12:00:00,False
user_000124,org_00031,viewer,2025-12-05T10:00:00,False
user_000125,org_00031,viewer,2025-12-05T11:00:00,False
user_000126,org_00031,member,2025-12-05T11:00:00,False
user_000127,org_00031,member,2025-12-05T19:00:00,False
user_000128,org_00031,viewer,2025-12-04T11:00:00,False
user_000129,org_00031,member,2025-12-04T21:00:00,False
user_000130,org_00032,admin,2025-04-12T14:00:00,True
user_000131,org_00032,member,2025-04-12T01:00:00,False
user_000132,org_00032,member,2025-04-12T23:00:00,False
user_000133,org_00032,member,2025-04-12T01:00:00,False
user_000134,org_00033,admin,2025-12-19T22:00:00,True
user_000135,org_00033,member,2025-12-19T12:00:00,False
user_000136,org_00033,viewer,2025-12-19T23:00:00,False
user_000137,org_00033,member,2025-12-18T13:00:00,False
user_000138,org_00033,viewer,2025-12-19T02:00:00,False
user_000139,org_00033,member,2025-12-18T15:00:00,False
user_000140,org_00033,member,2025-12-19T23:00:00,False
user_000141,org_00033,member,2025-12-19T11:00:00,False
user_000142,org_00034,admin,2025-06-24T21:00:00,True
user_000143,org_00034,member,2025-06-24T13:00:00,False
user_000144,org_00034,member,2025-06-24T00:00:00,False
user_000145,org_00035,admin,2025-05-21T19:00:00,True
user_000146,org_00035,member,2025-05-21T07:00:00,False
user_000147,org_00036,admin,2025-10-13T08:00:00,True
user_000148,org_00036,member,2025-10-12T16:00:00,False
user_000149,org_00036,viewer,2025-10-12T10:00:00,False
user_000150,org_00036,member,2025-10-12T23:00:00,False
user_000151,org_00036,member,2025-10-12T02:00:00,False
user_000152,org_00036,member,2025-10-12T09:00:00,False
user_000153,org_00036,member,2025-10-12T07:00:00,False
user_000154,org_00037,admin,2025-03-02T04:00:00,True
user_000155,org_00037,member,2025-03-02T19:00:00,False
user_000156,org_00037,viewer,2025-03-02T23:00:00,False
user_000157,org_00037,viewer,2025-03-01T07:00:00,False
user_000158,org_00037,member,2025-03-01T15:00:00,False
user_000159,org_00037,member,2025-03-01T14:00:00,False
user_000160,org_00037,member,2025-03-01T10:00:00,False
user_000161,org_00037,member,2025-03-02T15:00:00,False
user_000162,org_00038,admin,2025-02-16T02:00:00,True
user_000163,org_00038,member,2025-02-16T21:00:00,False
user_000164,org_00038,member,2025-02-17T04:00:00,False
user_000165,org_00038,member,2025-02-17T22:00:00,False
user_000166,org_00038,member,2025-02-17T16:00:00,False
user_000167,org_00038,viewer,2025-02-16T07:00:00,False
user_000168,org_00039,admin,2025-12-17T22:00:00,True
user_000169,org_00039,viewer,2025-12-18T18:00:00,False
user_000170,org_00039,member,2025-12-18T11:00:00,False
user_000171,org_00040,admin,2025-03-17T18:00:00,True
user_000172,org_00040,member,2025-03-17T06:00:00,False
user_000173,org_00040,member,2025-03-16T18:00:00,False
user_000174,org_00040,member,2025-03-17T03:00:00,False
user_000175,org_00040,member,2025-03-17T03:00:00,False
user_000176,org_00040,member,2025-03-17T03:00:00,False
user_000177,org_00040,member,2025-03-17T20:00:00,False
user_000178,org_00040,member,2025-03-16T16:00:00,False
user_000179,org_00041,admin,2025-04-21T17:00:00,True
user_000180,org_00041,member,2025-04-22T21:00:00,False
user_000181,org_00041,member,2025-04-21T19:00:00,False
user_000182,org_00041,member,2025-04-21T06:00:00,False
user_000183,org_00041,viewer,2025-04-21T20:00:00,False
user_000184,org_00041,member,2025-04-21T04:00:00,False
user_000185,org_00041,member,2025-04-21T19:00:00,False
user_000186,org_00041,member,2025-04-22T02:00:00,False
user_000187,org_00042,admin,2025-03-31T11:00:00,True
user_000188,org_00042,member,2025-03-31T15:00:00,False
user_000189,org_00042,viewer,2025-03-31T11:00:00,False
user_000190,org_00042,member,2025-03-31T03:00:00,False
user_000191,org_00042,member,2025-04-01T18:00:00,False
user_000192,org_00042,member,2025-03-31T13:00:00,False
user_000193,org_00043,admin,2025-11-04T16:00:00,True
user_000194,org_00043,viewer,2025-11-03T07:00:00,False
user_000195,org_00043,member,2025-11-04T08:00:00,False
user_000196,org_00043,member,2025-11-03T16:00:00,False
user_000197,org_00044,admin,2025-05-26T23:00:00,True
user_000198,org_00044,viewer,2025-05-26T18:00:00,False
user_000199,org_00044,member,2025-05-27T07:00:00,False
user_000200,org_00044,member,2025-05-26T15:00:00,False
user_000201,org_00044,member,2025-05-26T14:00:00,False
user_000202,org_00044,member,2025-05-27T07:00:00,False
user_000203,org_00045,admin,2025-06-16T10:00:00,True
user_000204,org_00045,member,2025-06-15T17:00:00,False
user_000205,org_00045,member,2025-06-15T18:00:00,False
user_000206,org_00045,member,2025-06-15T19:00:00,False
user_000207,org_00045,viewer,2025-06-16T04:00:00,False
user_000208,org_00045,member,2025-06-16T00:00:00,False
user_000209,org_00045,member,2025-06-15T09:00:00,False
user_000210,org_00045,member,2025-06-16T07:00:00,False
user_000211,org_00046,admin,2025-04-15T05:00:00,True
user_000212,org_00046,member,2025-04-15T11:00:00,False
user_000213,org_00046,member,2025-04-14T12:00:00,False
user_000214,org_00046,member,2025-04-15T10:00:00,False
user_000215,org_00046,member,2025-04-15T22:00:00,False
user_000216,org_00047,admin,2025-10-24T20:00:00,True
user_000217,org_00047,member,2025-10-24T22:00:00,False
user_000218,org_00047,member,2025-10-24T23:00:00,False
user_000219,org_00047,member,2025-10-24T12:00:00,False
user_000220,org_00047,member,2025-10-24T06:00:00,False
user_000221,org_00047,member,2025-10-23T21:00:00,False
user_000222,org_00047,member,2025-10-24T06:00:00,False
user_000223,org_00048,admin,2025-02-12T01:00:00,True
user_000224,org_00048,member,2025-02-12T20:00:00,False
user_000225,org_00049,admin,2025-02-21T15:00:00,True
user_000226,org_00049,member,2025-02-21T03:00:00,False
user_000227,org_00049,member,2025-02-20T08:00:00,False
user_000228,org_00049,member,2025-02-20T11:00:00,False
user_000229,org_00049,member,2025-02-21T00:00:00,False
user_000230,org_00049,viewer,2025-02-20T00:00:00,False
user_000231,org_00050,admin,2025-03-04T19:00:00,True
user_000232,org_00050,member,2025-03-03T04:00:00,False
user_000233,org_00050,member,2025-03-03T14:00:00,False
user_000234,org_00050,member,2025-03-04T01:00:00,False
user_000235,org_00050,member,2025-03-03T10:00:00,False
user_000236,org_00050,member,2025-03-03T00:00:00,False
user_000237,org_00050,member,2025-03-03T04:00:00,False
user_000238,org_00050,viewer,2025-03-03T01:00:00,False
user_000239,org_00051,admin,2025-01-18T23:00:00,True
user_000240,org_00051,member,2025-01-18T07:00:00,False
user_000241,org_00052,admin,2025-04-16T01:00:00,True
user_000242,org_00052,member,2025-04-17T01:00:00,False
user_000243,org_00052,member,2025-04-16T02:00:00,False
user_000244,org_00052,member,2025-04-17T05:00:00,False
user_000245,org_00053,admin,2025-11-24T20:00:00,True
user_000246,org_00053,member,2025-11-23T22:00:00,False
user_000247,org_00053,member,2025-11-23T02:00:00,False
user_000248,org_00053,member,2025-11-23T22:00:00,False
user_000249,org_00053,member,2025-11-23T09:00:00,False
user_000250,org_00053,member,2025-11-24T18:00:00,False
user_000251,org_00053,member,2025-11-23T04:00:00,False
user_000252,org_00054,admin,2025-03-14T06:00:00,True
user_000253,org_00054,member,2025-03-15T23:00:00,False
user_000254,org_00054,member,2025-03-14T10:00:00,False
user_000255,org_00054,viewer,2025-03-14T19:00:00,False
user_000256,org_00054,viewer,2025-03-14T04:00:00,False
user_000257,org_00055,admin,2025-09-02T14:00:00,True
user_000258,org_00055,member,2025-09-02T20:00:00,False
user_000259,org_00055,member,2025-09-02T13:00:00,False
user_000260,org_00055,member,2025-09-01T15:00:00,False
user_000261,org_00055,member,2025-09-01T18:00:00,False
user_000262,org_00055,member,2025-09-01T22:00:00,False
user_000263,org_00055,member,2025-09-01T17:00:00,False
user_000264,org_00055,member,2025-09-01T15:00:00,False
user_000265,org_00056,admin,2025-09-06T22:00:00,True
user_000266,org_00056,viewer,2025-09-06T21:00:00,False
user_000267,org_00057,admin,2025-03-01T17:00:00,True
user_000268,org_00057,member,2025-03-01T16:00:00,False
user_000269,org_00057,viewer,2025-02-28T09:00:00,False
user_000270,org_00057,member,2025-03-01T03:00:00,False
user_000271,org_00057,viewer,2025-02-28T17:00:00,False
user_000272,org_00057,member,2025-03-01T00:00:00,False
user_000273,org_00057,viewer,2025-02-28T23:00:00,False
user_000274,org_00058,admin,2025-08-02T03:00:00,True
user_000275,org_00058,member,2025-08-01T09:00:00,False
user_000276,org_00059,admin,2025-01-14T14:00:00,True
user_000277,org_00059,member,2025-01-15T01:00:00,False
user_000278,org_00059,viewer,2025-01-15T19:00:00,False
user_000279,org_00059,member,2025-01-15T12:00:00,False
user_000280,org_00059,member,2025-01-15T16:00:00,False
user_000281,org_00060,admin,2025-10-17T08:00:00,True
user_000282,org_00061,admin,2025-11-14T14:00:00,True
user_000283,org_00061,member,2025-11-13T14:00:00,False
user_000284,org_00061,viewer,2025-11-14T02:00:00,False
user_000285,org_00061,member,2025-11-13T10:00:00,False
user_000286,org_00061,member,2025-11-14T22:00:00,False
user_000287,org_00061,member,2025-11-13T21:00:00,False
user_000288,org_00061,member,2025-11-13T21:00:00,False
user_000289,org_00061,member,2025-11-13T09:00:00,False
user_000290,org_00062,admin,2025-07-28T05:00:00,True
user_000291,org_00062,viewer,2025-07-28T07:00:00,False
user_000292,org_00062,member,2025-07-28T17:00:00,False
user_000293,org_00062,member,2025-07-27T05:00:00,False
user_000294,org_00062,member,2025-07-27T04:00:00,False
user_000295,org_00062,member,2025-07-28T05:00:00,False
user_000296,org_00062,member,2025-07-28T21:00:00,False
user_000297,org_00063,admin,2025-01-25T22:00:00,True
user_000298,org_00064,admin,2025-01-24T17:00:00,True
user_000299,org_00064,member,2025-01-24T12:00:00,False
user_000300,org_00065,admin,2025-08-20T11:00:00,True
user_000301,org_00066,admin,2025-09-30T09:00:00,True
user_000302,org_00066,member,2025-09-30T18:00:00,False
user_000303,org_00066,viewer,2025-09-30T13:00:00,False
user_000304,org_00067,admin,2025-07-21T15:00:00,True
user_000305,org_00068,admin,2025-04-25T11:00:00,True
user_000306,org_00068,viewer,2025-04-26T01:00:00,False
user_000307,org_00068,member,2025-04-26T12:00:00,False
user_000308,org_00068,viewer,2025-04-26T06:00:00,False
user_000309,org_00068,viewer,2025-04-26T06:00:00,False
user_000310,org_00068,viewer,2025-04-25T22:00:00,False
user_000311,org_00068,viewer,2025-04-26T05:00:00,False
user_000312,org_00068,member,2025-04-26T00:00:00,False
user_000313,org_00069,admin,2025-12-31T11:00:00,True
user_000314,org_00069,viewer,2025-12-30T02:00:00,False
user_000315,org_00070,admin,2025-03-07T15:00:00,True
user_000316,org_00070,member,2025-03-06T20:00:00,False
user_000317,org_00070,viewer,2025-03-06T11:00:00,False
user_000318,org_00070,member,2025-03-07T02:00:00,False
user_000319,org_00070,member,2025-03-06T12:00:00,False
user_000320,org_00070,member,2025-03-07T09:00:00,False
user_000321,org_00070,member,2025-03-06T12:00:00,False
user_000322,org_00070,viewer,2025-03-07T03:00:00,False
user_000323,org_00071,admin,2025-08-27T04:00:00,True
user_000324,org_00071,member,2025-08-28T12:00:00,False
user_000325,org_00071,member,2025-08-27T19:00:00,False
user_000326,org_00071,member,2025-08-27T22:00:00,False
user_000327,org_00071,member,2025-08-27T19:00:00,False
user_000328,org_00071,viewer,2025-08-27T22:00:00,False
user_000329,org_00072,admin,2025-04-04T07:00:00,True
user_000330,org_00072,viewer,2025-04-04T10:00:00,False
user_000331,org_00072,viewer,2025-04-05T05:00:00,False
user_000332,org_00072,member,2025-04-05T16:00:00,False
user_000333,org_00072,viewer,2025-04-05T01:00:00,False
user_000334,org_00072,member,2025-04-04T02:00:00,False
user_000335,org_00072,member,2025-04-04T04:00:00,False
user_000336,org_00073,admin,2025-11-11T13:00:00,True
user_000337,org_00073,member,2025-11-11T11:00:00,False
user_000338,org_00074,admin,2025-01-26T04:00:00,True
user_000339,org_00074,viewer,2025-01-26T13:00:00,False
user_000340,org_00074,viewer,2025-01-27T04:00:00,False
user_000341,org_00074,viewer,2025-01-26T18:00:00,False
user_000342,org_00074,member,2025-01-27T13:00:00,False
user_000343,org_00074,member,2025-01-26T14:00:00,False
user_000344,org_00074,member,2025-01-26T11:00:00,False
user_000345,org_00074,viewer,2025-01-27T05:00:00,False
user_000346,org_00075,admin,2025-04-01T11:00:00,True
user_000347,org_00075,member,2025-04-01T20:00:00,False
user_000348,org_00075,member,2025-04-01T01:00:00,False
user_000349,org_00076,admin,2025-09-05T06:00:00,True
user_000350,org_00076,member,2025-09-05T04:00:00,False
user_000351,org_00077,admin,2025-06-13T07:00:00,True
user_000352,org_00077,viewer,2025-06-14T12:00:00,False
user_000353,org_00077,member,2025-06-13T11:00:00,False
user_000354,org_00077,viewer,2025-06-14T21:00:00,False
user_000355,org_00078,admin,2025-02-27T02:00:00,True
user_000356,org_00078,member,2025-02-27T08:00:00,False
user_000357,org_00078,member,2025-02-27T12:00:00,False
user_000358,org_00078,member,2025-02-26T21:00:00,False
user_000359,org_00078,member,2025-02-27T23:00:00,False
user_000360,org_00078,member,2025-02-26T10:00:00,False
user_000361,org_00079,admin,2025-06-20T00:00:00,True
user_000362,org_00079,member,2025-06-21T07:00:00,False
user_000363,org_00079,member,2025-06-20T20:00:00,False
user_000364,org_00079,member,2025-06-21T10:00:00,False
user_000365,org_00079,member,2025-06-20T01:00:00,False
user_000366,org_00080,admin,2025-10-03T12:00:00,True
user_000367,org_00080,viewer,2025-10-04T06:00:00,False
user_000368,org_00080,viewer,2025-10-04T03:00:00,False
user_000369,org_00080,member,2025-10-03T05:00:00,False
user_000370,org_00080,viewer,2025-10-04T01:00:00,False
user_000371,org_00080,member,2025-10-03T19:00:00,False
user_000372,org_00081,admin,2025-06-11T00:00:00,True
user_000373,org_00081,member,2025-06-11T03:00:00,False
user_000374,org_00082,admin,2025-06-12T08:00:00,True
user_000375,org_00083,admin,2025-01-28T02:00:00,True
user_000376,org_00083,member,2025-01-28T08:00:00,False
user_000377,org_00083,member,2025-01-27T07:00:00,False
user_000378,org_00084,admin,2025-05-13T06:00:00,True
user_000379,org_00084,viewer,2025-05-13T13:00:00,False
user_000380,org_00084,member,2025-05-12T10:00:00,False
user_000381,org_00084,member,2025-05-13T10:00:00,False
user_000382,org_00084,member,2025-05-13T05:00:00,False
user_000383,org_00085,admin,2025-10-07T16:00:00,True
user_000384,org_00086,admin,2025-09-15T02:00:00,True
user_000385,org_00086,viewer,2025-09-14T14:00:00,False
user_000386,org_00086,member,2025-09-14T06:00:00,False
user_000387,org_00086,member,2025-09-15T11:00:00,False
user_000388,org_00086,member,2025-09-14T18:00:00,False
user_000389,org_00087,admin,2025-08-14T04:00:00,True
user_000390,org_00087,member,2025-08-15T08:00:00,False
user_000391,org_00087,member,2025-08-15T08:00:00,False
user_000392,org_00087,member,2025-08-14T19:00:00,False
user_000393,org_00088,admin,2025-04-15T01:00:00,True
user_000394,org_00088,member,2025-04-16T08:00:00,False
user_000395,org_00088,member,2025-04-16T05:00:00,False
user_000396,org_00088,member,2025-04-16T12:00:00,False
user_000397,org_00089,admin,2025-12-25T00:00:00,True
user_000398,org_00089,viewer,2025-12-25T06:00:00,False
user_000399,org_00089,member,2025-12-25T23:00:00,False
user_000400,org_00089,member,2025-12-25T23:00:00,False
user_000401,org_00089,member,2025-12-25T22:00:00,False
user_000402,org_00089,member,2025-12-25T02:00:00,False
user_000403,org_00089,member,2025-12-24T04:00:00,False
user_000404,org_00090,admin,2025-07-05T01:00:00,True
user_000405,org_00090,member,2025-07-05T19:00:00,False
user_000406,org_00090,member,2025-07-05T22:00:00,False
user_000407,org_00091,admin,2025-09-29T08:00:00,True
user_000408,org_00091,member,2025-09-29T11:00:00,False
user_000409,org_00092,admin,2025-09-18T01:00:00,True
user_000410,org_00092,member,2025-09-18T13:00:00,False
user_000411,org_00092,member,2025-09-17T08:00:00,False
user_000412,org_00092,member,2025-09-17T03:00:00,False
user_000413,org_00092,member,2025-09-18T20:00:00,False
user_000414,org_00092,member,2025-09-18T21:00:00,False
user_000415,org_00092,member,2025-09-17T05:00:00,False
user_000416,org_00093,admin,2025-10-11T14:00:00,True
user_000417,org_00093,viewer,2025-10-11T12:00:00,False
user_000418,org_00093,member,2025-10-10T14:00:00,False
user_000419,org_00093,member,2025-10-11T20:00:00,False
user_000420,org_00093,member,2025-10-11T23:00:00,False
user_000421,org_00093,member,2025-10-10T13:00:00,False
user_000422,org_00094,admin,2025-04-09T12:00:00,True
user_000423,org_00094,member,2025-04-09T17:00:00,False
user_000424,org_00094,member,2025-04-10T00:00:00,False
user_000425,org_00094,member,2025-04-10T05:00:00,False
user_000426,org_00095,admin,2025-12-21T04:00:00,True
user_000427,org_00095,viewer,2025-12-20T15:00:00,False
user_000428,org_00095,member,2025-12-20T12:00:00,False
user_000429,org_00096,admin,2025-04-05T23:00:00,True
user_000430,org_00096,member,2025-04-05T21:00:00,False
user_000431,org_00096,viewer,2025-04-06T10:00:00,False
user_000432,org_00096,member,2025-04-05T04:00:00,False
user_000433,org_00096,member,2025-04-05T15:00:00,False
user_000434,org_00096,viewer,2025-04-06T17:00:00,False
user_000435,org_00097,admin,2025-05-04T06:00:00,True
user_000436,org_00097,member,2025-05-05T16:00:00,False
user_000437,org_00097,member,2025-05-04T15:00:00,False
user_000438,org_00097,member,2025-05-04T22:00:00,False
user_000439,org_00098,admin,2025-08-03T20:00:00,True
user_000440,org_00098,viewer,2025-08-04T23:00:00,False
user_000441,org_00098,member,2025-08-04T09:00:00,False
user_000442,org_00098,member,2025-08-03T00:00:00,False
user_000443,org_00098,member,2025-08-03T04:00:00,False
user_000444,org_00098,member,2025-08-04T09:00:00,False
user_000445,org_00099,admin,2025-11-11T09:00:00,True
user_000446,org_00099,viewer,2025-11-12T09:00:00,False
user_000447,org_00099,member,2025-11-11T04:00:00,False
user_000448,org_00100,admin,2025-04-25T04:00:00,True
user_000449,org_00100,member,2025-04-25T15:00:00,False
user_000450,org_00100,member,2025-04-26T02:00:00,False
user_000451,org_00100,viewer,2025-04-25T20:00:00,False
user_000452,org_00101,admin,2025-08-14T11:00:00,True
user_000453,org_00101,member,2025-08-13T03:00:00,False
user_000454,org_00101,member,2025-08-13T19:00:00,False
user_000455,org_00101,member,2025-08-14T23:00:00,False
user_000456,org_00102,admin,2025-09-23T04:00:00,True
user_000457,org_00103,admin,2025-10-18T02:00:00,True
user_000458,org_00103,viewer,2025-10-18T13:00:00,False
user_000459,org_00103,member,2025-10-18T22:00:00,False
user_000460,org_00103,member,2025-10-19T20:00:00,False
user_000461,org_00103,member,2025-10-19T08:00:00,False
user_000462,org_00103,member,2025-10-18T02:00:00,False
user_000463,org_00103,member,2025-10-18T17:00:00,False
user_000464,org_00103,member,2025-10-18T20:00:00,False
user_000465,org_00104,admin,2025-07-24T19:00:00,True
user_000466,org_00104,member,2025-07-24T09:00:00,False
user_000467,org_00104,member,2025-07-24T18:00:00,False
user_000468,org_00105,admin,2025-07-23T20:00:00,True
user_000469,org_00105,viewer,2025-07-23T01:00:00,False
user_000470,org_00105,member,2025-07-23T08:00:00,False
user_000471,org_00105,member,2025-07-22T09:00:00,False
user_000472,org_00105,member,2025-07-23T01:00:00,False
user_000473,org_00106,admin,2025-10-05T21:00:00,True
user_000474,org_00106,member,2025-10-04T02:00:00,False
user_000475,org_00107,admin,2025-06-26T05:00:00,True
user_000476,org_00107,member,2025-06-26T10:00:00,False
user_000477,org_00107,member,2025-06-25T13:00:00,False
user_000478,org_00107,member,2025-06-26T13:00:00,False
user_000479,org_00107,member,2025-06-25T01:00:00,False
user_000480,org_00107,member,2025-06-26T05:00:00,False
user_000481,org_00108,admin,2025-05-20T01:00:00,True
user_000482,org_00108,member,2025-05-21T15:00:00,False
user_000483,org_00108,viewer,2025-05-21T16:00:00,False
user_000484,org_00109,admin,2025-08-26T08:00:00,True
user_000485,org_00109,member,2025-08-25T23:00:00,False
user_000486,org_00109,viewer,2025-08-26T06:00:00,False
user_000487,org_00109,viewer,2025-08-26T08:00:00,False
user_000488,org_00109,member,2025-08-26T10:00:00,False
user_000489,org_00109,viewer,2025-08-25T13:00:00,False
user_000490,org_00109,member,2025-08-26T07:00:00,False
user_000491,org_00110,admin,2025-06-08T12:00:00,True
user_000492,org_00110,member,2025-06-09T06:00:00,False
user_000493,org_00110,member,2025-06-09T05:00:00,False
user_000494,org_00110,member,2025-06-09T06:00:00,False
user_000495,org_00110,member,2025-06-08T01:00:00,False
user_000496,org_00110,viewer,2025-06-09T21:00:00,False
user_000497,org_00110,member,2025-06-08T06:00:00,False
user_000498,org_00111,admin,2025-02-12T22:00:00,True
user_000499,org_00111,member,2025-02-12T01:00:00,False
user_000500,org_00111,viewer,2025-02-12T22:00:00,False
user_000501,org_00111,member,2025-02-13T07:00:00,False
user_000502,org_00112,admin,2025-12-06T17:00:00,True
user_000503,org_00112,member,2025-12-06T03:00:00,False
user_000504,org_00112,member,2025-12-06T16:00:00,False
user_000505,org_00112,member,2025-12-06T00:00:00,False
user_000506,org_00112,member,2025-12-06T09:00:00,False
user_000507,org_00112,member,2025-12-06T07:00:00,False
user_000508,org_00112,viewer,2025-12-07T17:00:00,False
user_000509,org_00113,admin,2025-02-07T02:00:00,True
user_000510,org_00113,viewer,2025-02-07T16:00:00,False
user_000511,org_00113,member,2025-02-08T20:00:00,False
user_000512,org_00113,member,2025-02-08T15:00:00,False
user_000513,org_00113,member,2025-02-07T04:00:00,False
user_000514,org_00113,member,2025-02-07T13:00:00,False
user_000515,org_00114,admin,2025-12-30T09:00:00,True
user_000516,org_00114,member,2025-12-30T01:00:00,False
user_000517,org_00114,member,2025-12-29T11:00:00,False
user_000518,org_00114,viewer,2025-12-29T22:00:00,False
user_000519,org_00114,member,2025-12-29T18:00:00,False
user_000520,org_00114,member,2025-12-29T09:00:00,False
user_000521,org_00115,admin,2025-03-25T14:00:00,True
user_000522,org_00115,member,2025-03-24T18:00:00,False
user_000523,org_00115,member,2025-03-25T18:00:00,False
user_000524,org_00115,member,2025-03-24T18:00:00,False
user_000525,org_00115,member,2025-03-24T22:00:00,False
user_000526,org_00116,admin,2025-09-28T18:00:00,True
user_000527,org_00116,viewer,2025-09-28T18:00:00,False
user_000528,org_00116,viewer,2025-09-28T11:00:00,False
user_000529,org_00116,member,2025-09-29T23:00:00,False
user_000530,org_00116,member,2025-09-29T14:00:00,False
user_000531,org_00116,member,2025-09-29T15:00:00,False
user_000532,org_00116,member,2025-09-29T20:00:00,False
user_000533,org_00116,member,2025-09-29T17:00:00,False
user_000534,org_00117,admin,2025-10-22T06:00:00,True
user_000535,org_00117,viewer,2025-10-22T07:00:00,False
user_000536,org_00117,member,2025-10-22T18:00:00,False
user_000537,org_00118,admin,2025-02-03T09:00:00,True
user_000538,org_00118,member,2025-02-04T13:00:00,False
user_000539,org_00119,admin,2025-07-27T04:00:00,True
user_000540,org_00120,admin,2025-09-04T02:00:00,True
user_000541,org_00120,member,2025-09-04T10:00:00,False
user_000542,org_00121,admin,2025-08-22T20:00:00,True
user_000543,org_00121,viewer,2025-08-21T21:00:00,False
user_000544,org_00121,member,2025-08-21T18:00:00,False
user_000545,org_00121,viewer,2025-08-21T22:00:00,False
user_000546,org_00121,viewer,2025-08-22T11:00:00,False
user_000547,org_00122,admin,2025-06-03T12:00:00,True
user_000548,org_00122,member,2025-06-03T04:00:00,False
user_000549,org_00122,member,2025-06-02T05:00:00,False
user_000550,org_00123,admin,2025-12-15T10:00:00,True
user_000551,org_00123,member,2025-12-16T17:00:00,False
user_000552,org_00124,admin,2025-07-11T02:00:00,True
user_000553,org_00124,member,2025-07-10T21:00:00,False
user_000554,org_00124,member,2025-07-11T12:00:00,False
user_000555,org_00124,member,2025-07-10T10:00:00,False
user_000556,org_00125,admin,2025-12-24T19:00:00,True
user_000557,org_00126,admin,2025-05-01T15:00:00,True
user_000558,org_00127,admin,2025-07-19T17:00:00,True
user_000559,org_00127,member,2025-07-19T05:00:00,False
user_000560,org_00128,admin,2025-07-09T15:00:00,True
user_000561,org_00128,viewer,2025-07-08T11:00:00,False
user_000562,org_00129,admin,2025-02-28T17:00:00,True
user_000563,org_00129,member,2025-02-28T16:00:00,False
user_000564,org_00129,member,2025-03-01T09:00:00,False
user_000565,org_00129,viewer,2025-03-01T19:00:00,False
user_000566,org_00130,admin,2025-04-29T07:00:00,True
user_000567,org_00130,member,2025-04-29T22:00:00,False
user_000568,org_00131,admin,2025-09-30T16:00:00,True
user_000569,org_00131,member,2025-09-29T13:00:00,False
user_000570,org_00131,member,2025-09-30T23:00:00,False
user_000571,org_00132,admin,2025-08-13T10:00:00,True
user_000572,org_00133,admin,2025-02-22T15:00:00,True
user_000573,org_00133,member,2025-02-22T07:00:00,False
user_000574,org_00133,member,2025-02-22T17:00:00,False
user_000575,org_00133,viewer,2025-02-22T23:00:00,False
user_000576,org_00134,admin,2025-07-13T03:00:00,True
user_000577,org_00135,admin,2025-04-08T12:00:00,True
user_000578,org_00135,viewer,2025-04-08T18:00:00,False
user_000579,org_00135,member,2025-04-08T11:00:00,False
user_000580,org_00136,admin,2025-06-12T15:00:00,True
user_000581,org_00136,viewer,2025-06-13T06:00:00,False
user_000582,org_00136,viewer,2025-06-13T13:00:00,False
user_000583,org_00136,member,2025-06-12T11:00:00,False
user_000584,org_00137,admin,2025-04-27T06:00:00,True
user_000585,org_00137,member,2025-04-28T11:00:00,False
user_000586,org_00138,admin,2025-12-18T12:00:00,True
user_000587,org_00138,member,2025-12-18T11:00:00,False
user_000588,org_00138,member,2025-12-18T10:00:00,False
user_000589,org_00138,member,2025-12-18T14:00:00,False
user_000590,org_00138,member,2025-12-19T13:00:00,False
user_000591,org_00138,member,2025-12-19T20:00:00,False
user_000592,org_00138,member,2025-12-18T09:00:00,False
user_000593,org_00139,admin,2025-03-05T08:00:00,True
user_000594,org_00140,admin,2025-04-05T08:00:00,True
user_000595,org_00140,member,2025-04-05T14:00:00,False
user_000596,org_00140,member,2025-04-04T12:00:00,False
user_000597,org_00140,member,2025-04-05T20:00:00,False
user_000598,org_00140,member,2025-04-04T15:00:00,False
user_000599,org_00140,member,2025-04-04T02:00:00,False
user_000600,org_00140,member,2025-04-04T09:00:00,False
user_000601,org_00141,admin,2025-01-13T16:00:00,True
user_000602,org_00141,member,2025-01-13T00:00:00,False
user_000603,org_00142,admin,2025-12-11T11:00:00,True
user_000604,org_00142,member,2025-12-11T04:00:00,False
user_000605,org_00142,member,2025-12-12T01:00:00,False
user_000606,org_00142,viewer,2025-12-11T03:00:00,False
user_000607,org_00142,member,2025-12-12T07:00:00,False
user_000608,org_00142,viewer,2025-12-12T08:00:00,False
user_000609,org_00143,admin,2025-09-24T02:00:00,True
user_000610,org_00143,member,2025-09-23T23:00:00,False
user_000611,org_00144,admin,2025-09-28T11:00:00,True
user_000612,org_00145,admin,2025-08-12T01:00:00,True
user_000613,org_00145,member,2025-08-12T14:00:00,False
user_000614,org_00145,member,2025-08-11T13:00:00,False
user_000615,org_00146,admin,2025-06-14T07:00:00,True
user_000616,org_00146,member,2025-06-14T19:00:00,False
user_000617,org_00146,member,2025-06-14T10:00:00,False
user_000618,org_00147,admin,2025-10-23T07:00:00,True
user_000619,org_00148,admin,2025-04-30T09:00:00,True
user_000620,org_00148,member,2025-04-30T10:00:00,False
user_000621,org_00148,member,2025-04-30T02:00:00,False
user_000622,org_00148,member,2025-04-30T15:00:00,False
user_000623,org_00148,member,2025-04-29T06:00:00,False
user_000624,org_00148,member,2025-04-29T15:00:00,False
user_000625,org_00149,admin,2025-12-11T02:00:00,True
user_000626,org_00149,member,2025-12-11T09:00:00,False
user_000627,org_00149,member,2025-12-11T01:00:00,False
user_000628,org_00149,viewer,2025-12-11T05:00:00,False
user_000629,org_00149,member,2025-12-12T20:00:00,False
user_000630,org_00149,member,2025-12-12T13:00:00,False
user_000631,org_00149,member,2025-12-12T05:00:00,False
user_000632,org_00149,member,2025-12-11T09:00:00,False
user_000633,org_00150,admin,2025-11-26T09:00:00,True
user_000634,org_00150,member,2025-11-26T04:00:00,False
user_000635,org_00151,admin,2025-01-16T08:00:00,True
user_000636,org_00151,member,2025-01-15T08:00:00,False
user_000637,org_00151,member,2025-01-16T08:00:00,False
user_000638,org_00151,member,2025-01-15T13:00:00,False
user_000639,org_00151,member,2025-01-16T04:00:00,False
user_000640,org_00152,admin,2025-02-21T02:00:00,True
user_000641,org_00152,member,2025-02-21T08:00:00,False
user_000642,org_00153,admin,2025-09-13T05:00:00,True
user_000643,org_00153,member,2025-09-13T03:00:00,False
user_000644,org_00153,member,2025-09-14T09:00:00,False
user_000645,org_00153,member,2025-09-14T01:00:00,False
user_000646,org_00153,viewer,2025-09-14T16:00:00,False
user_000647,org_00153,viewer,2025-09-13T02:00:00,False
user_000648,org_00154,admin,2025-04-11T08:00:00,True
user_000649,org_00154,viewer,2025-04-10T04:00:00,False
user_000650,org_00154,viewer,2025-04-11T09:00:00,False
user_000651,org_00154,member,2025-04-11T20:00:00,False
user_000652,org_00154,viewer,2025-04-10T08:00:00,False
user_000653,org_00155,admin,2025-09-05T00:00:00,True
user_000654,org_00155,viewer,2025-09-05T01:00:00,False
user_000655,org_00155,viewer,2025-09-05T01:00:00,False
user_000656,org_00155,viewer,2025-09-05T14:00:00,False
user_000657,org_00155,member,2025-09-06T21:00:00,False
user_000658,org_00155,member,2025-09-05T03:00:00,False
user_000659,org_00156,admin,2025-05-31T03:00:00,True
user_000660,org_00156,member,2025-05-30T13:00:00,False
user_000661,org_00156,viewer,2025-05-30T21:00:00,False
user_000662,org_00157,admin,2025-09-19T00:00:00,True
user_000663,org_00157,member,2025-09-20T05:00:00,False
user_000664,org_00157,member,2025-09-20T06:00:00,False
user_000665,org_00157,viewer,2025-09-20T11:00:00,False
user_000666,org_00158,admin,2025-09-05T23:00:00,True
user_000667,org_00158,member,2025-09-05T02:00:00,False
user_000668,org_00158,member,2025-09-05T01:00:00,False
user_000669,org_00158,member,2025-09-05T22:00:00,False
user_000670,org_00159,admin,2025-12-23T07:00:00,True
user_000671,org_00159,member,2025-12-23T02:00:00,False
user_000672,org_00159,member,2025-12-22T07:00:00,False
user_000673,org_00159,viewer,2025-12-23T00:00:00,False
user_000674,org_00159,viewer,2025-12-23T21:00:00,False
user_000675,org_00159,member,2025-12-22T23:00:00,False
user_000676,org_00159,member,2025-12-22T20:00:00,False
user_000677,org_00160,admin,2025-02-27T04:00:00,True
user_000678,org_00160,viewer,2025-02-27T10:00:00,False
user_000679,org_00160,member,2025-02-27T19:00:00,False
user_000680,org_00160,member,2025-02-27T14:00:00,False
user_000681,org_00161,admin,2025-09-29T12:00:00,True
user_000682,org_00161,member,2025-09-29T06:00:00,False
user_000683,org_00161,viewer,2025-09-30T23:00:00,False
user_000684,org_00162,admin,2025-07-29T13:00:00,True
user_000685,org_00162,member,2025-07-30T22:00:00,False
user_000686,org_00162,member,2025-07-29T11:00:00,False
user_000687,org_00163,admin,2025-11-21T04:00:00,True
user_000688,org_00163,member,2025-11-21T13:00:00,False
user_000689,org_00163,member,2025-11-20T19:00:00,False
user_000690,org_00163,member,2025-11-21T03:00:00,False
user_000691,org_00163,viewer,2025-11-21T15:00:00,False
user_000692,org_00164,admin,2025-06-03T08:00:00,True
user_000693,org_00164,member,2025-06-02T18:00:00,False
user_000694,org_00165,admin,2025-05-17T02:00:00,True
user_000695,org_00166,admin,2025-12-15T02:00:00,True
user_000696,org_00166,member,2025-12-14T11:00:00,False
user_000697,org_00166,member,2025-12-15T12:00:00,False
user_000698,org_00166,member,2025-12-15T04:00:00,False
user_000699,org_00166,member,2025-12-14T02:00:00,False
user_000700,org_00166,member,2025-12-15T11:00:00,False
user_000701,org_00166,member,2025-12-15T18:00:00,False
user_000702,org_00167,admin,2025-11-25T04:00:00,True
user_000703,org_00167,member,2025-11-24T22:00:00,False
user_000704,org_00167,viewer,2025-11-25T03:00:00,False
user_000705,org_00167,member,2025-11-25T00:00:00,False
user_000706,org_00167,viewer,2025-11-25T10:00:00,False
user_000707,org_00167,viewer,2025-11-25T15:00:00,False
user_000708,org_00167,member,2025-11-25T05:00:00,False
user_000709,org_00167,member,2025-11-24T11:00:00,False
user_000710,org_00168,admin,2025-02-02T04:00:00,True
user_000711,org_00168,member,2025-02-03T11:00:00,False
user_000712,org_00168,member,2025-02-03T00:00:00,False
user_000713,org_00168,member,2025-02-03T06:00:00,False
user_000714,org_00168,member,2025-02-02T22:00:00,False
user_000715,org_00168,viewer,2025-02-02T13:00:00,False
user_000716,org_00168,member,2025-02-02T13:00:00,False
user_000717,org_00169,admin,2025-08-31T05:00:00,True
user_000718,org_00169,member,2025-08-30T03:00:00,False
user_000719,org_00169,member,2025-08-30T05:00:00,False
user_000720,org_00169,viewer,2025-08-31T22:00:00,False
user_000721,org_00169,member,2025-08-30T13:00:00,False
user_000722,org_00169,member,2025-08-31T20:00:00,False
user_000723,org_00170,admin,2025-08-27T09:00:00,True
user_000724,org_00170,member,2025-08-27T03:00:00,False
user_000725,org_00170,member,2025-08-27T14:00:00,False
user_000726,org_00171,admin,2025-09-09T10:00:00,True
user_000727,org_00171,member,2025-09-08T17:00:00,False
user_000728,org_00171,member,2025-09-09T02:00:00,False
user_000729,org_00171,member,2025-09-09T14:00:00,False
user_000730,org_00171,member,2025-09-09T20:00:00,False
user_000731,org_00172,admin,2025-07-09T21:00:00,True
user_000732,org_00172,member,2025-07-08T17:00:00,False
user_000733,org_00172,member,2025-07-08T21:00:00,False
user_000734,org_00173,admin,2025-03-22T07:00:00,True
user_000735,org_00173,member,2025-03-23T05:00:00,False
user_000736,org_00173,member,2025-03-22T06:00:00,False
user_000737,org_00174,admin,2025-11-17T04:00:00,True
user_000738,org_00174,viewer,2025-11-18T16:00:00,False
user_000739,org_00174,member,2025-11-17T20:00:00,False
user_000740,org_00174,member,2025-11-17T12:00:00,False
user_000741,org_00174,member,2025-11-17T23:00:00,False
user_000742,org_00174,viewer,2025-11-18T00:00:00,False
user_000743,org_00174,member,2025-11-18T21:00:00,False
user_000744,org_00174,member,2025-11-18T05:00:00,False
user_000745,org_00175,admin,2025-06-28T03:00:00,True
user_000746,org_00175,member,2025-06-28T09:00:00,False
user_000747,org_00175,viewer,2025-06-28T11:00:00,False
user_000748,org_00175,member,2025-06-29T01:00:00,False
user_000749,org_00175,member,2025-06-28T04:00:00,False
user_000750,org_00175,member,2025-06-29T19:00:00,False
user_000751,org_00175,member,2025-06-28T11:00:00,False
user_000752,org_00175,member,2025-06-29T00:00:00,False
user_000753,org_00176,admin,2025-06-05T05:00:00,True
user_000754,org_00176,member,2025-06-05T02:00:00,False
user_000755,org_00176,member,2025-06-05T19:00:00,False
user_000756,org_00176,member,2025-06-05T06:00:00,False
user_000757,org_00176,member,2025-06-06T09:00:00,False
user_000758,org_00176,member,2025-06-05T16:00:00,False
user_000759,org_00177,admin,2025-11-18T00:00:00,True
user_000760,org_00177,member,2025-11-18T11:00:00,False
user_000761,org_00177,member,2025-11-19T08:00:00,False
user_000762,org_00178,admin,2025-06-06T22:00:00,True
user_000763,org_00178,member,2025-06-05T04:00:00,False
user_000764,org_00178,member,2025-06-06T18:00:00,False
user_000765,org_00178,member,2025-06-05T10:00:00,False
user_000766,org_00179,admin,2025-08-25T10:00:00,True
user_000767,org_00179,member,2025-08-26T02:00:00,False
user_000768,org_00179,member,2025-08-25T02:00:00,False
user_000769,org_00179,viewer,2025-08-25T18:00:00,False
user_000770,org_00179,viewer,2025-08-26T01:00:00,False
user_000771,org_00179,member,2025-08-25T18:00:00,False
user_000772,org_00180,admin,2025-11-08T09:00:00,True
user_000773,org_00180,member,2025-11-08T12:00:00,False
user_000774,org_00180,member,2025-11-07T07:00:00,False
user_000775,org_00180,member,2025-11-07T06:00:00,False
user_000776,org_00180,member,2025-11-08T13:00:00,False
user_000777,org_00180,member,2025-11-08T15:00:00,False
user_000778,org_00181,admin,2025-06-20T07:00:00,True
user_000779,org_00181,member,2025-06-20T03:00:00,False
user_000780,org_00181,member,2025-06-20T22:00:00,False
user_000781,org_00181,viewer,2025-06-20T04:00:00,False
user_000782,org_00181,member,2025-06-20T20:00:00,False
user_000783,org_00182,admin,2025-04-25T16:00:00,True
user_000784,org_00182,member,2025-04-26T12:00:00,False
user_000785,org_00182,viewer,2025-04-26T17:00:00,False
user_000786,org_00182,member,2025-04-26T04:00:00,False
user_000787,org_00182,viewer,2025-04-26T01:00:00,False
user_000788,org_00183,admin,2025-10-20T00:00:00,True
user_000789,org_00183,member,2025-10-19T16:00:00,False
user_000790,org_00184,admin,2025-01-08T22:00:00,True
user_000791,org_00184,member,2025-01-08T20:00:00,False
user_000792,org_00184,member,2025-01-08T12:00:00,False
user_000793,org_00184,member,2025-01-09T13:00:00,False
user_000794,org_00184,member,2025-01-08T20:00:00,False
user_000795,org_00185,admin,2025-07-16T13:00:00,True
user_000796,org_00185,member,2025-07-15T06:00:00,False
user_000797,org_00185,viewer,2025-07-16T02:00:00,False
user_000798,org_00185,viewer,2025-07-16T20:00:00,False
user_000799,org_00185,member,2025-07-16T07:00:00,False
user_000800,org_00185,member,2025-07-16T13:00:00,False
user_000801,org_00186,admin,2025-02-08T12:00:00,True
user_000802,org_00186,member,2025-02-07T11:00:00,False
user_000803,org_00186,member,2025-02-07T09:00:00,False
user_000804,org_00186,member,2025-02-08T11:00:00,False
user_000805,org_00186,member,2025-02-07T09:00:00,False
user_000806,org_00186,member,2025-02-07T03:00:00,False
user_000807,org_00186,member,2025-02-07T21:00:00,False
user_000808,org_00186,member,2025-02-07T04:00:00,False
user_000809,org_00187,admin,2025-09-26T01:00:00,True
user_000810,org_00187,viewer,2025-09-26T06:00:00,False
user_000811,org_00187,viewer,2025-09-26T07:00:00,False
user_000812,org_00187,member,2025-09-25T06:00:00,False
user_000813,org_00188,admin,2025-07-13T13:00:00,True
user_000814,org_00188,viewer,2025-07-14T03:00:00,False
user_000815,org_00188,member,2025-07-14T22:00:00,False
user_000816,org_00188,member,2025-07-14T00:00:00,False
user_000817,org_00188,member,2025-07-14T15:00:00,False
user_000818,org_00188,viewer,2025-07-13T15:00:00,False
user_000819,org_00188,viewer,2025-07-13T20:00:00,False
user_000820,org_00188,viewer,2025-07-13T01:00:00,False
user_000821,org_00189,admin,2025-04-05T19:00:00,True
user_000822,org_00189,member,2025-04-05T19:00:00,False
user_000823,org_00189,member,2025-04-05T08:00:00,False
user_000824,org_00189,member,2025-04-06T04:00:00,False
user_000825,org_00189,member,2025-04-06T15:00:00,False
user_000826,org_00189,viewer,2025-04-05T22:00:00,False
user_000827,org_00189,member,2025-04-05T15:00:00,False
user_000828,org_00190,admin,2025-01-08T07:00:00,True
user_000829,org_00191,admin,2025-07-07T11:00:00,True
user_000830,org_00191,member,2025-07-06T16:00:00,False
user_000831,org_00191,viewer,2025-07-07T21:00:00,False
user_000832,org_00191,viewer,2025-07-07T10:00:00,False
user_000833,org_00191,member,2025-07-07T00:00:00,False
user_000834,org_00192,admin,2025-07-17T07:00:00,True
user_000835,org_00192,member,2025-07-18T10:00:00,False
user_000836,org_00192,member,2025-07-17T20:00:00,False
user_000837,org_00192,member,2025-07-17T19:00:00,False
user_000838,org_00193,admin,2025-11-04T09:00:00,True
user_000839,org_00193,member,2025-11-04T05:00:00,False
user_000840,org_00193,member,2025-11-05T12:00:00,False
user_000841,org_00193,member,2025-11-04T02:00:00,False
user_000842,org_00193,member,2025-11-04T17:00:00,False
user_000843,org_00194,admin,2025-08-06T02:00:00,True
user_000844,org_00194,member,2025-08-07T10:00:00,False
user_000845,org_00194,member,2025-08-07T11:00:00,False
user_000846,org_00194,member,2025-08-07T21:00:00,False
user_000847,org_00194,member,2025-08-07T13:00:00,False
user_000848,org_00194,member,2025-08-06T13:00:00,False
user_000849,org_00195,admin,2025-05-08T08:00:00,True
user_000850,org_00195,member,2025-05-08T19:00:00,False
user_000851,org_00195,member,2025-05-08T19:00:00,False
user_000852,org_00195,member,2025-05-07T21:00:00,False
user_000853,org_00195,member,2025-05-07T13:00:00,False
user_000854,org_00195,viewer,2025-05-08T02:00:00,False
user_000855,org_00195,member,2025-05-08T03:00:00,False
user_000856,org_00195,member,2025-05-08T22:00:00,False
user_000857,org_00196,admin,2025-07-16T13:00:00,True
user_000858,org_00196,viewer,2025-07-16T10:00:00,False
user_000859,org_00196,member,2025-07-15T11:00:00,False
user_000860,org_00196,member,2025-07-15T15:00:00,False
user_000861,org_00196,member,2025-07-16T13:00:00,False
user_000862,org_00196,member,2025-07-16T12:00:00,False
user_000863,org_00196,viewer,2025-07-16T01:00:00,False
user_000864,org_00197,admin,2025-10-03T04:00:00,True
user_000865,org_00198,admin,2025-05-31T16:00:00,True
user_000866,org_00198,member,2025-05-30T11:00:00,False
user_000867,org_00198,member,2025-05-31T08:00:00,False
user_000868,org_00198,member,2025-05-31T12:00:00,False
user_000869,org_00198,member,2025-05-31T17:00:00,False
user_000870,org_00198,member,2025-05-30T23:00:00,False
user_000871,org_00199,admin,2025-06-23T07:00:00,True
user_000872,org_00199,member,2025-06-24T11:00:00,False
user_000873,org_00199,member,2025-06-24T00:00:00,False
user_000874,org_00200,admin,2025-04-12T02:00:00,True
user_000875,org_00200,member,2025-04-12T20:00:00,False
user_000876,org_00200,viewer,2025-04-12T03:00:00,False
user_000877,org_00200,member,2025-04-12T15:00:00,False
user_000878,org_00200,viewer,2025-04-11T07:00:00,False
user_000879,org_00200,viewer,2025-04-12T16:00:00,False
user_000880,org_00201,admin,2025-05-29T19:00:00,True
user_000881,org_00201,member,2025-05-28T15:00:00,False
user_000882,org_00202,admin,2025-05-15T10:00:00,True
user_000883,org_00202,viewer,2025-05-14T05:00:00,False
user_000884,org_00203,admin,2025-08-24T20:00:00,True
user_000885,org_00203,member,2025-08-24T19:00:00,False
user_000886,org_00203,viewer,2025-08-24T06:00:00,False
user_000887,org_00203,member,2025-08-24T05:00:00,False
user_000888,org_00203,member,2025-08-23T22:00:00,False
user_000889,org_00203,member,2025-08-23T09:00:00,False
user_000890,org_00204,admin,2025-11-06T18:00:00,True
user_000891,org_00204,member,2025-11-05T05:00:00,False
user_000892,org_00204,member,2025-11-05T05:00:00,False
user_000893,org_00204,viewer,2025-11-05T13:00:00,False
user_000894,org_00205,admin,2025-01-30T23:00:00,True
user_000895,org_00205,member,2025-01-29T15:00:00,False
user_000896,org_00205,member,2025-01-29T16:00:00,False
user_000897,org_00205,member,2025-01-29T20:00:00,False
user_000898,org_00205,member,2025-01-30T17:00:00,False
user_000899,org_00205,member,2025-01-30T11:00:00,False
user_000900,org_00205,viewer,2025-01-29T11:00:00,False
user_000901,org_00206,admin,2025-06-10T02:00:00,True
user_000902,org_00206,member,2025-06-11T00:00:00,False
user_000903,org_00206,member,2025-06-10T20:00:00,False
user_000904,org_00206,member,2025-06-10T21:00:00,False
user_000905,org_00206,member,2025-06-11T22:00:00,False
user_000906,org_00207,admin,2025-10-04T04:00:00,True
user_000907,org_00207,member,2025-10-03T10:00:00,False
user_000908,org_00207,member,2025-10-03T21:00:00,False
user_000909,org_00207,member,2025-10-04T13:00:00,False
user_000910,org_00207,member,2025-10-03T10:00:00,False
user_000911,org_00207,member,2025-10-03T01:00:00,False
user_000912,org_00208,admin,2025-03-01T11:00:00,True
user_000913,org_00208,member,2025-02-28T10:00:00,False
user_000914,org_00208,member,2025-02-28T02:00:00,False
user_000915,org_00208,member,2025-03-01T06:00:00,False
user_000916,org_00208,member,2025-02-28T00:00:00,False
user_000917,org_00209,admin,2025-10-04T23:00:00,True
user_000918,org_00209,member,2025-10-03T09:00:00,False
user_000919,org_00210,admin,2025-01-30T08:00:00,True
user_000920,org_00210,member,2025-01-31T00:00:00,False
user_000921,org_00210,viewer,2025-01-31T17:00:00,False
user_000922,org_00210,member,2025-01-31T00:00:00,False
user_000923,org_00210,member,2025-01-30T01:00:00,False
user_000924,org_00211,admin,2025-04-20T00:00:00,True
user_000925,org_00211,member,2025-04-21T15:00:00,False
user_000926,org_00211,viewer,2025-04-20T05:00:00,False
user_000927,org_00211,member,2025-04-20T21:00:00,False
user_000928,org_00212,admin,2025-02-02T00:00:00,True
user_000929,org_00212,member,2025-02-01T05:00:00,False
user_000930,org_00212,member,2025-02-02T18:00:00,False
user_000931,org_00212,member,2025-02-02T17:00:00,False
user_000932,org_00212,member,2025-02-02T07:00:00,False
user_000933,org_00212,member,2025-02-01T19:00:00,False
user_000934,org_00212,member,2025-02-01T11:00:00,False
user_000935,org_00213,admin,2025-12-28T09:00:00,True
user_000936,org_00213,member,2025-12-28T23:00:00,False
user_000937,org_00213,viewer,2025-12-29T23:00:00,False
user_000938,org_00213,viewer,2025-12-29T00:00:00,False
user_000939,org_00213,member,2025-12-29T10:00:00,False
user_000940,org_00213,member,2025-12-28T23:00:00,False
user_000941,org_00214,admin,2025-01-24T04:00:00,True
user_000942,org_00214,member,2025-01-24T19:00:00,False
user_000943,org_00214,member,2025-01-25T07:00:00,False
user_000944,org_00214,viewer,2025-01-24T07:00:00,False
user_000945,org_00214,member,2025-01-25T07:00:00,False
user_000946,org_00214,member,2025-01-24T22:00:00,False
user_000947,org_00214,member,2025-01-25T07:00:00,False
user_000948,org_00214,member,2025-01-24T23:00:00,False
user_000949,org_00215,admin,2025-04-15T21:00:00,True
user_000950,org_00215,viewer,2025-04-14T11:00:00,False
user_000951,org_00216,admin,2025-12-03T12:00:00,True
user_000952,org_00216,viewer,2025-12-03T14:00:00,False
user_000953,org_00217,admin,2025-12-03T04:00:00,True
user_000954,org_00217,member,2025-12-02T15:00:00,False
user_000955,org_00217,member,2025-12-02T10:00:00,False
user_000956,org_00217,member,2025-12-03T23:00:00,False
user_000957,org_00217,member,2025-12-02T16:00:00,False
user_000958,org_00217,member,2025-12-03T00:00:00,False
user_000959,org_00218,admin,2025-07-16T13:00:00,True
user_000960,org_00218,member,2025-07-15T20:00:00,False
user_000961,org_00218,member,2025-07-16T11:00:00,False
user_000962,org_00218,member,2025-07-16T04:00:00,False
user_000963,org_00218,member,2025-07-16T16:00:00,False
user_000964,org_00219,admin,2025-07-17T23:00:00,True
user_000965,org_00219,member,2025-07-17T04:00:00,False
user_000966,org_00219,member,2025-07-17T02:00:00,False
user_000967,org_00219,member,2025-07-16T08:00:00,False
user_000968,org_00219,viewer,2025-07-16T20:00:00,False
user_000969,org_00220,admin,2025-05-09T20:00:00,True
user_000970,org_00220,viewer,2025-05-08T03:00:00,False
user_000971,org_00220,member,2025-05-08T19:00:00,False
user_000972,org_00220,member,2025-05-09T11:00:00,False
user_000973,org_00220,member,2025-05-09T20:00:00,False
user_000974,org_00220,member,2025-05-08T00:00:00,False
user_000975,org_00220,member,2025-05-09T12:00:00,False
user_000976,org_00221,admin,2025-06-04T01:00:00,True
user_000977,org_00222,admin,2025-12-05T20:00:00,True
user_000978,org_00223,admin,2025-12-02T17:00:00,True
user_000979,org_00223,member,2025-12-02T22:00:00,False
user_000980,org_00223,member,2025-12-02T00:00:00,False
user_000981,org_00224,admin,2025-01-19T04:00:00,True
user_000982,org_00224,member,2025-01-19T03:00:00,False
user_000983,org_00225,admin,2025-11-19T21:00:00,True
user_000984,org_00225,member,2025-11-18T02:00:00,False
user_000985,org_00225,member,2025-11-19T18:00:00,False
user_000986,org_00225,member,2025-11-18T02:00:00,False
user_000987,org_00225,member,2025-11-18T00:00:00,False
user_000988,org_00225,member,2025-11-19T00:00:00,False
user_000989,org_00225,member,2025-11-19T02:00:00,False
user_000990,org_00226,admin,2025-05-06T22:00:00,True
user_000991,org_00226,member,2025-05-06T17:00:00,False
user_000992,org_00226,member,2025-05-06T08:00:00,False
user_000993,org_00227,admin,2025-04-27T16:00:00,True
user_000994,org_00228,admin,2025-03-29T06:00:00,True
user_000995,org_00228,member,2025-03-29T10:00:00,False
user_000996,org_00228,member,2025-03-28T08:00:00,False
user_000997,org_00228,member,2025-03-29T06:00:00,False
user_000998,org_00228,member,2025-03-29T03:00:00,False
user_000999,org_00229,admin,2025-10-22T07:00:00,True
user_001000,org_00229,member,2025-10-21T15:00:00,False
user_001001,org_00229,viewer,2025-10-22T04:00:00,False
user_001002,org_00229,member,2025-10-22T16:00:00,False
user_001003,org_00229,member,2025-10-21T17:00:00,False
user_001004,org_00229,viewer,2025-10-22T18:00:00,False
user_001005,org_00229,member,2025-10-22T17:00:00,False
user_001006,org_00229,viewer,2025-10-21T22:00:00,False
user_001007,org_00230,admin,2025-11-10T02:00:00,True
user_001008,org_00230,member,2025-11-10T17:00:00,False
user_001009,org_00230,member,2025-11-10T21:00:00,False
user_001010,org_00230,viewer,2025-11-10T12:00:00,False
user_001011,org_00231,admin,2025-05-07T19:00:00,True
user_001012,org_00232,admin,2025-02-23T21:00:00,True
user_001013,org_00232,member,2025-02-23T07:00:00,False
user_001014,org_00233,admin,2025-03-29T10:00:00,True
user_001015,org_00233,member,2025-03-29T03:00:00,False
user_001016,org_00233,member,2025-03-28T18:00:00,False
user_001017,org_00233,member,2025-03-28T03:00:00,False
user_001018,org_00233,member,2025-03-28T06:00:00,False
user_001019,org_00233,viewer,2025-03-29T07:00:00,False
user_001020,org_00233,member,2025-03-28T19:00:00,False
user_001021,org_00234,admin,2025-05-22T23:00:00,True
user_001022,org_00234,member,2025-05-23T23:00:00,False
user_001023,org_00235,admin,2025-03-21T09:00:00,True
user_001024,org_00235,viewer,2025-03-21T19:00:00,False
user_001025,org_00236,admin,2025-07-08T05:00:00,True
user_001026,org_00236,member,2025-07-09T02:00:00,False
user_001027,org_00237,admin,2025-02-24T20:00:00,True
user_001028,org_00237,viewer,2025-02-23T06:00:00,False
user_001029,org_00237,viewer,2025-02-24T07:00:00,False
user_001030,org_00237,member,2025-02-24T07:00:00,False
user_001031,org_00237,member,2025-02-24T20:00:00,False
user_001032,org_00237,member,2025-02-23T00:00:00,False
user_001033,org_00237,member,2025-02-23T21:00:00,False
user_001034,org_00237,member,2025-02-23T17:00:00,False
user_001035,org_00238,admin,2025-01-03T08:00:00,True
user_001036,org_00238,member,2025-01-03T00:00:00,False
user_001037,org_00239,admin,2025-04-28T08:00:00,True
user_001038,org_00239,member,2025-04-27T04:00:00,False
user_001039,org_00239,viewer,2025-04-28T06:00:00,False
user_001040,org_00239,member,2025-04-27T03:00:00,False
user_001041,org_00239,member,2025-04-28T19:00:00,False
user_001042,org_00240,admin,2025-12-01T17:00:00,True
user_001043,org_00240,viewer,2025-12-01T12:00:00,False
user_001044,org_00240,member,2025-12-01T14:00:00,False
user_001045,org_00240,member,2025-12-01T14:00:00,False
user_001046,org_00240,member,2025-12-02T16:00:00,False
user_001047,org_00240,member,2025-12-01T08:00:00,False
user_001048,org_00240,viewer,2025-12-01T22:00:00,False
user_001049,org_00241,admin,2025-09-24T19:00:00,True
user_001050,org_00241,member,2025-09-25T16:00:00,False
user_001051,org_00241,member,2025-09-24T21:00:00,False
user_001052,org_00242,admin,2025-05-09T08:00:00,True
user_001053,org_00242,viewer,2025-05-08T14:00:00,False
user_001054,org_00242,member,2025-05-08T07:00:00,False
user_001055,org_00243,admin,2025-03-12T15:00:00,True
user_001056,org_00243,viewer,2025-03-12T00:00:00,False
user_001057,org_00243,member,2025-03-12T06:00:00,False
user_001058,org_00243,member,2025-03-12T11:00:00,False
user_001059,org_00243,member,2025-03-13T16:00:00,False
user_001060,org_00243,member,2025-03-13T02:00:00,False
user_001061,org_00243,member,2025-03-12T18:00:00,False
user_001062,org_00244,admin,2025-03-07T13:00:00,True
user_001063,org_00245,admin,2025-08-08T07:00:00,True
user_001064,org_00245,member,2025-08-07T21:00:00,False
user_001065,org_00245,member,2025-08-08T06:00:00,False
user_001066,org_00245,member,2025-08-07T04:00:00,False
user_001067,org_00245,member,2025-08-08T16:00:00,False
user_001068,org_00245,member,2025-08-08T06:00:00,False
user_001069,org_00245,member,2025-08-07T21:00:00,False
user_001070,org_00245,member,2025-08-07T07:00:00,False
user_001071,org_00246,admin,2025-10-18T03:00:00,True
user_001072,org_00246,member,2025-10-19T23:00:00,False
user_001073,org_00246,viewer,2025-10-18T20:00:00,False
user_001074,org_00246,member,2025-10-18T06:00:00,False
user_001075,org_00246,member,2025-10-18T21:00:00,False
user_001076,org_00246,member,2025-10-18T17:00:00,False
user_001077,org_00246,viewer,2025-10-18T13:00:00,False
user_001078,org_00247,admin,2025-08-02T05:00:00,True
user_001079,org_00247,member,2025-08-02T19:00:00,False
user_001080,org_00247,member,2025-08-02T23:00:00,False
user_001081,org_00247,member,2025-08-02T03:00:00,False
user_001082,org_00247,member,2025-08-02T16:00:00,False
user_001083,org_00248,admin,2025-03-05T16:00:00,True
user_001084,org_00249,admin,2025-08-16T22:00:00,True
user_001085,org_00249,member,2025-08-16T08:00:00,False
user_001086,org_00249,viewer,2025-08-15T19:00:00,False
user_001087,org_00249,viewer,2025-08-15T09:00:00,False
user_001088,org_00249,member,2025-08-15T06:00:00,False
user_001089,org_00249,member,2025-08-15T04:00:00,False
user_001090,org_00249,member,2025-08-15T15:00:00,False
user_001091,org_00249,viewer,2025-08-15T03:00:00,False
user_001092,org_00250,admin,2025-12-15T06:00:00,True
user_001093,org_00251,admin,2025-07-04T02:00:00,True
user_001094,org_00251,member,2025-07-05T22:00:00,False
user_001095,org_00251,member,2025-07-05T12:00:00,False
user_001096,org_00251,member,2025-07-04T18:00:00,False
user_001097,org_00251,member,2025-07-04T09:00:00,False
user_001098,org_00251,member,2025-07-04T04:00:00,False
user_001099,org_00251,member,2025-07-05T11:00:00,False
user_001100,org_00251,member,2025-07-04T23:00:00,False
user_001101,org_00252,admin,2025-07-21T17:00:00,True
user_001102,org_00252,member,2025-07-21T00:00:00,False
user_001103,org_00253,admin,2025-03-30T05:00:00,True
user_001104,org_00253,member,2025-03-31T19:00:00,False
user_001105,org_00254,admin,2025-06-02T09:00:00,True
user_001106,org_00254,member,2025-06-02T13:00:00,False
user_001107,org_00254,member,2025-06-02T15:00:00,False
user_001108,org_00254,member,2025-06-02T15:00:00,False
user_001109,org_00254,member,2025-06-02T00:00:00,False
user_001110,org_00254,member,2025-06-02T00:00:00,False
user_001111,org_00254,viewer,2025-06-02T10:00:00,False
user_001112,org_00254,member,2025-06-01T11:00:00,False
user_001113,org_00255,admin,2025-11-20T05:00:00,True
user_001114,org_00255,member,2025-11-19T12:00:00,False
user_001115,org_00255,viewer,2025-11-19T07:00:00,False
user_001116,org_00256,admin,2025-02-07T15:00:00,True
user_001117,org_00256,member,2025-02-07T16:00:00,False
user_001118,org_00256,member,2025-02-07T03:00:00,False
user_001119,org_00256,member,2025-02-07T20:00:00,False
user_001120,org_00256,member,2025-02-06T12:00:00,False
user_001121,org_00257,admin,2025-03-13T22:00:00,True
user_001122,org_00258,admin,2025-09-17T22:00:00,True
user_001123,org_00258,viewer,2025-09-17T07:00:00,False
user_001124,org_00258,viewer,2025-09-18T22:00:00,False
user_001125,org_00259,admin,2025-12-18T13:00:00,True
user_001126,org_00259,member,2025-12-18T14:00:00,False
user_001127,org_00260,admin,2025-02-19T04:00:00,True
user_001128,org_00260,member,2025-02-19T07:00:00,False
user_001129,org_00260,viewer,2025-02-19T14:00:00,False
user_001130,org_00260,member,2025-02-18T11:00:00,False
user_001131,org_00260,member,2025-02-18T14:00:00,False
user_001132,org_00261,admin,2025-03-26T18:00:00,True
user_001133,org_00261,member,2025-03-25T01:00:00,False
user_001134,org_00261,member,2025-03-25T08:00:00,False
user_001135,org_00261,member,2025-03-25T02:00:00,False
user_001136,org_00261,member,2025-03-26T13:00:00,False
user_001137,org_00261,member,2025-03-26T07:00:00,False
user_001138,org_00261,member,2025-03-26T00:00:00,False
user_001139,org_00262,admin,2025-08-16T22:00:00,True
user_001140,org_00262,member,2025-08-16T08:00:00,False
user_001141,org_00263,admin,2025-06-26T04:00:00,True
user_001142,org_00263,member,2025-06-26T18:00:00,False
user_001143,org_00263,viewer,2025-06-27T20:00:00,False
user_001144,org_00263,viewer,2025-06-27T15:00:00,False
user_001145,org_00263,member,2025-06-27T00:00:00,False
user_001146,org_00264,admin,2025-10-29T18:00:00,True
user_001147,org_00264,viewer,2025-10-28T06:00:00,False
user_001148,org_00264,member,2025-10-29T16:00:00,False
user_001149,org_00264,viewer,2025-10-29T10:00:00,False
user_001150,org_00264,member,2025-10-28T05:00:00,False
user_001151,org_00264,member,2025-10-28T20:00:00,False
user_001152,org_00265,admin,2025-04-07T11:00:00,True
user_001153,org_00265,viewer,2025-04-08T14:00:00,False
user_001154,org_00265,member,2025-04-08T11:00:00,False
user_001155,org_00265,member,2025-04-08T06:00:00,False
user_001156,org_00265,member,2025-04-08T20:00:00,False
user_001157,org_00266,admin,2025-09-15T03:00:00,True
user_001158,org_00266,member,2025-09-15T09:00:00,False
user_001159,org_00266,member,2025-09-15T05:00:00,False
user_001160,org_00266,member,2025-09-16T03:00:00,False
user_001161,org_00266,member,2025-09-16T08:00:00,False
user_001162,org_00266,member,2025-09-16T14:00:00,False
user_001163,org_00266,member,2025-09-16T16:00:00,False
user_001164,org_00267,admin,2025-01-16T23:00:00,True
user_001165,org_00267,viewer,2025-01-16T12:00:00,False
user_001166,org_00267,member,2025-01-17T02:00:00,False
user_001167,org_00267,member,2025-01-16T19:00:00,False
user_001168,org_00268,admin,2025-04-19T07:00:00,True
user_001169,org_00268,member,2025-04-18T09:00:00,False
user_001170,org_00268,member,2025-04-18T07:00:00,False
user_001171,org_00268,member,2025-04-18T21:00:00,False
user_001172,org_00268,member,2025-04-19T13:00:00,False
user_001173,org_00268,member,2025-04-18T04:00:00,False
user_001174,org_00268,member,2025-04-19T09:00:00,False
user_001175,org_00268,member,2025-04-19T07:00:00,False
user_001176,org_00269,admin,2025-12-04T06:00:00,True
user_001177,org_00269,member,2025-12-04T04:00:00,False
user_001178,org_00269,member,2025-12-04T22:00:00,False
user_001179,org_00269,viewer,2025-12-03T16:00:00,False
user_001180,org_00269,member,2025-12-03T18:00:00,False
user_001181,org_00269,member,2025-12-03T20:00:00,False
user_001182,org_00270,admin,2025-11-17T22:00:00,True
user_001183,org_00270,member,2025-11-18T13:00:00,False
user_001184,org_00270,viewer,2025-11-18T22:00:00,False
user_001185,org_00270,member,2025-11-17T22:00:00,False
user_001186,org_00271,admin,2025-12-01T07:00:00,True
user_001187,org_00271,member,2025-11-30T05:00:00,False
user_001188,org_00271,member,2025-11-30T07:00:00,False
user_001189,org_00271,member,2025-11-30T14:00:00,False
user_001190,org_00271,member,2025-11-30T22:00:00,False
user_001191,org_00272,admin,2025-06-05T12:00:00,True
user_001192,org_00273,admin,2025-03-16T05:00:00,True
user_001193,org_00273,member,2025-03-17T21:00:00,False
user_001194,org_00273,viewer,2025-03-16T23:00:00,False
user_001195,org_00273,member,2025-03-16T21:00:00,False
user_001196,org_00273,member,2025-03-16T06:00:00,False
user_001197,org_00273,viewer,2025-03-17T10:00:00,False
user_001198,org_00273,member,2025-03-16T21:00:00,False
user_001199,org_00274,admin,2025-11-04T10:00:00,True
user_001200,org_00274,viewer,2025-11-04T19:00:00,False
user_001201,org_00274,viewer,2025-11-04T20:00:00,False
user_001202,org_00274,viewer,2025-11-04T06:00:00,False
user_001203,org_00274,viewer,2025-11-03T06:00:00,False
user_001204,org_00275,admin,2025-09-11T21:00:00,True
user_001205,org_00276,admin,2025-02-10T11:00:00,True
user_001206,org_00277,admin,2025-12-31T18:00:00,True
user_001207,org_00277,viewer,2025-12-31T06:00:00,False
user_001208,org_00277,member,2025-12-30T20:00:00,False
user_001209,org_00278,admin,2025-09-24T21:00:00,True
user_001210,org_00278,member,2025-09-23T04:00:00,False
user_001211,org_00278,member,2025-09-24T00:00:00,False
user_001212,org_00278,member,2025-09-23T06:00:00,False
user_001213,org_00279,admin,2025-04-24T17:00:00,True
user_001214,org_00279,viewer,2025-04-24T14:00:00,False
user_001215,org_00280,admin,2025-03-14T22:00:00,True
user_001216,org_00280,member,2025-03-14T07:00:00,False
user_001217,org_00280,member,2025-03-15T01:00:00,False
user_001218,org_00280,member,2025-03-15T15:00:00,False
user_001219,org_00280,member,2025-03-14T05:00:00,False
user_001220,org_00280,member,2025-03-14T00:00:00,False
user_001221,org_00280,viewer,2025-03-14T05:00:00,False
user_001222,org_00281,admin,2025-04-05T06:00:00,True
user_001223,org_00281,member,2025-04-05T22:00:00,False
user_001224,org_00281,member,2025-04-06T20:00:00,False
user_001225,org_00281,member,2025-04-05T19:00:00,False
user_001226,org_00282,admin,2025-07-01T09:00:00,True
user_001227,org_00282,member,2025-07-01T00:00:00,False
user_001228,org_00283,admin,2025-10-01T11:00:00,True
user_001229,org_00283,member,2025-09-30T15:00:00,False
user_001230,org_00284,admin,2025-10-20T03:00:00,True
user_001231,org_00284,member,2025-10-19T05:00:00,False
user_001232,org_00284,member,2025-10-20T19:00:00,False
user_001233,org_00284,member,2025-10-20T13:00:00,False
user_001234,org_00284,member,2025-10-19T20:00:00,False
user_001235,org_00285,admin,2025-04-29T08:00:00,True
user_001236,org_00285,member,2025-04-29T17:00:00,False
user_001237,org_00285,member,2025-04-30T08:00:00,False
user_001238,org_00285,member,2025-04-30T19:00:00,False
user_001239,org_00286,admin,2025-01-05T16:00:00,True
user_001240,org_00286,viewer,2025-01-05T14:00:00,False
user_001241,org_00287,admin,2025-06-19T13:00:00,True
user_001242,org_00287,member,2025-06-20T18:00:00,False
user_001243,org_00287,member,2025-06-19T07:00:00,False
user_001244,org_00287,member,2025-06-20T20:00:00,False
user_001245,org_00287,member,2025-06-19T03:00:00,False
user_001246,org_00287,member,2025-06-20T16:00:00,False
user_001247,org_00288,admin,2025-06-10T09:00:00,True
user_001248,org_00288,member,2025-06-09T01:00:00,False
user_001249,org_00288,member,2025-06-10T01:00:00,False
user_001250,org_00289,admin,2025-11-13T23:00:00,True
user_001251,org_00289,member,2025-11-13T13:00:00,False
user_001252,org_00289,member,2025-11-12T16:00:00,False
user_001253,org_00289,member,2025-11-12T19:00:00,False
user_001254,org_00289,member,2025-11-12T04:00:00,False
user_001255,org_00289,member,2025-11-13T16:00:00,False
user_001256,org_00289,member,2025-11-12T05:00:00,False
user_001257,org_00289,member,2025-11-13T15:00:00,False
user_001258,org_00290,admin,2025-04-09T19:00:00,True
user_001259,org_00290,member,2025-04-09T23:00:00,False
user_001260,org_00291,admin,2025-12-06T10:00:00,True
user_001261,org_00292,admin,2025-07-04T13:00:00,True
user_001262,org_00292,viewer,2025-07-04T22:00:00,False
user_001263,org_00292,member,2025-07-03T12:00:00,False
user_001264,org_00292,viewer,2025-07-03T20:00:00,False
user_001265,org_00292,viewer,2025-07-03T15:00:00,False
user_001266,org_00293,admin,2025-06-08T21:00:00,True
user_001267,org_00294,admin,2025-01-16T14:00:00,True
user_001268,org_00294,member,2025-01-16T18:00:00,False
user_001269,org_00294,member,2025-01-15T21:00:00,False
user_001270,org_00294,member,2025-01-15T22:00:00,False
user_001271,org_00294,viewer,2025-01-15T09:00:00,False
user_001272,org_00294,member,2025-01-16T18:00:00,False
user_001273,org_00294,member,2025-01-15T01:00:00,False
user_001274,org_00294,member,2025-01-15T13:00:00,False
user_001275,org_00295,admin,2025-08-19T21:00:00,True
user_001276,org_00295,member,2025-08-20T16:00:00,False
user_001277,org_00295,member,2025-08-19T18:00:00,False
user_001278,org_00296,admin,2025-11-09T14:00:00,True
user_001279,org_00296,member,2025-11-08T18:00:00,False
user_001280,org_00297,admin,2025-06-25T13:00:00,True
user_001281,org_00297,member,2025-06-25T19:00:00,False
user_001282,org_00297,member,2025-06-26T22:00:00,False
user_001283,org_00297,viewer,2025-06-25T02:00:00,False
user_001284,org_00297,member,2025-06-26T22:00:00,False
user_001285,org_00297,member,2025-06-26T08:00:00,False
user_001286,org_00297,member,2025-06-25T01:00:00,False
user_001287,org_00297,viewer,2025-06-26T15:00:00,False
user_001288,org_00298,admin,2025-06-16T03:00:00,True
user_001289,org_00298,member,2025-06-15T06:00:00,False
user_001290,org_00298,member,2025-06-16T06:00:00,False
user_001291,org_00298,member,2025-06-16T22:00:00,False
user_001292,org_00298,member,2025-06-15T09:00:00,False
user_001293,org_00298,member,2025-06-15T23:00:00,False
user_001294,org_00299,admin,2025-12-21T02:00:00,True
user_001295,org_00299,viewer,2025-12-21T11:00:00,False
user_001296,org_00299,member,2025-12-20T00:00:00,False
user_001297,org_00300,admin,2025-09-23T12:00:00,True
user_001298,org_00300,member,2025-09-24T04:00:00,False
user_001299,org_00300,member,2025-09-24T04:00:00,False
user_001300,org_00301,admin,2025-03-22T04:00:00,True
user_001301,org_00302,admin,2025-06-04T22:00:00,True
user_001302,org_00302,member,2025-06-03T05:00:00,False
user_001303,org_00302,member,2025-06-04T18:00:00,False
user_001304,org_00302,viewer,2025-06-04T07:00:00,False
user_001305,org_00302,viewer,2025-06-04T10:00:00,False
user_001306,org_00302,member,2025-06-04T20:00:00,False
user_001307,org_00303,admin,2025-07-13T14:00:00,True
user_001308,org_00303,member,2025-07-13T14:00:00,False
user_001309,org_00303,member,2025-07-13T23:00:00,False
user_001310,org_00303,member,2025-07-12T11:00:00,False
user_001311,org_00303,member,2025-07-13T04:00:00,False
user_001312,org_00303,viewer,2025-07-12T03:00:00,False
user_001313,org_00303,member,2025-07-13T11:00:00,False
user_001314,org_00304,admin,2025-09-09T07:00:00,True
user_001315,org_00304,member,2025-09-08T03:00:00,False
user_001316,org_00304,member,2025-09-08T12:00:00,False
user_001317,org_00304,member,2025-09-09T09:00:00,False
user_001318,org_00304,member,2025-09-08T13:00:00,False
user_001319,org_00305,admin,2025-11-20T22:00:00,True
user_001320,org_00305,member,2025-11-20T02:00:00,False
user_001321,org_00305,member,2025-11-19T11:00:00,False
user_001322,org_00306,admin,2025-09-15T09:00:00,True
user_001323,org_00307,admin,2025-01-23T16:00:00,True
user_001324,org_00307,member,2025-01-23T17:00:00,False
user_001325,org_00308,admin,2025-09-26T21:00:00,True
user_001326,org_00308,member,2025-09-27T16:00:00,False
user_001327,org_00308,member,2025-09-27T14:00:00,False
user_001328,org_00308,member,2025-09-27T03:00:00,False
user_001329,org_00308,viewer,2025-09-27T01:00:00,False
user_001330,org_00308,member,2025-09-27T04:00:00,False
user_001331,org_00309,admin,2025-10-24T01:00:00,True
user_001332,org_00310,admin,2025-03-22T21:00:00,True
user_001333,org_00311,admin,2025-03-27T23:00:00,True
user_001334,org_00311,member,2025-03-26T15:00:00,False
user_001335,org_00311,member,2025-03-26T10:00:00,False
user_001336,org_00311,member,2025-03-26T01:00:00,False
user_001337,org_00311,viewer,2025-03-26T06:00:00,False
user_001338,org_00311,member,2025-03-27T18:00:00,False
user_001339,org_00311,member,2025-03-26T06:00:00,False
user_001340,org_00311,member,2025-03-26T21:00:00,False
user_001341,org_00312,admin,2025-05-24T08:00:00,True
user_001342,org_00312,member,2025-05-25T11:00:00,False
user_001343,org_00312,member,2025-05-24T05:00:00,False
user_001344,org_00312,member,2025-05-24T08:00:00,False
user_001345,org_00312,viewer,2025-05-25T10:00:00,False
user_001346,org_00312,member,2025-05-25T03:00:00,False
user_001347,org_00312,member,2025-05-25T19:00:00,False
user_001348,org_00313,admin,2025-10-22T19:00:00,True
user_001349,org_00313,viewer,2025-10-23T06:00:00,False
user_001350,org_00313,viewer,2025-10-22T00:00:00,False
user_001351,org_00313,viewer,2025-10-22T10:00:00,False
user_001352,org_00313,member,2025-10-22T13:00:00,False
user_001353,org_00313,viewer,2025-10-23T14:00:00,False
user_001354,org_00313,member,2025-10-22T22:00:00,False
user_001355,org_00314,admin,2025-11-08T02:00:00,True
user_001356,org_00314,viewer,2025-11-07T03:00:00,False
user_001357,org_00315,admin,2025-10-19T01:00:00,True
user_001358,org_00315,member,2025-10-19T08:00:00,False
user_001359,org_00315,member,2025-10-20T00:00:00,False
user_001360,org_00315,member,2025-10-19T09:00:00,False
user_001361,org_00316,admin,2025-03-02T14:00:00,True
user_001362,org_00316,member,2025-03-01T14:00:00,False
user_001363,org_00316,viewer,2025-03-02T21:00:00,False
user_001364,org_00316,member,2025-03-01T12:00:00,False
user_001365,org_00317,admin,2025-08-08T09:00:00,True
user_001366,org_00317,member,2025-08-08T12:00:00,False
user_001367,org_00318,admin,2025-02-05T04:00:00,True
user_001368,org_00318,member,2025-02-05T13:00:00,False
user_001369,org_00318,member,2025-02-05T01:00:00,False
user_001370,org_00318,viewer,2025-02-05T06:00:00,False
user_001371,org_00318,member,2025-02-05T21:00:00,False
user_001372,org_00319,admin,2025-05-09T10:00:00,True
user_001373,org_00319,member,2025-05-09T01:00:00,False
user_001374,org_00319,member,2025-05-09T07:00:00,False
user_001375,org_00319,member,2025-05-09T02:00:00,False
user_001376,org_00319,member,2025-05-09T17:00:00,False
user_001377,org_00320,admin,2025-06-24T12:00:00,True
user_001378,org_00320,viewer,2025-06-23T06:00:00,False
user_001379,org_00321,admin,2025-10-18T01:00:00,True
user_001380,org_00321,viewer,2025-10-18T03:00:00,False
user_001381,org_00321,member,2025-10-18T19:00:00,False
user_001382,org_00321,member,2025-10-19T06:00:00,False
user_001383,org_00321,member,2025-10-18T05:00:00,False
user_001384,org_00321,member,2025-10-19T18:00:00,False
user_001385,org_00322,admin,2025-03-04T18:00:00,True
user_001386,org_00322,member,2025-03-05T22:00:00,False
user_001387,org_00322,member,2025-03-05T20:00:00,False
user_001388,org_00322,member,2025-03-04T07:00:00,False
user_001389,org_00323,admin,2025-04-15T22:00:00,True
user_001390,org_00323,member,2025-04-16T03:00:00,False
user_001391,org_00323,member,2025-04-15T12:00:00,False
user_001392,org_00323,viewer,2025-04-16T05:00:00,False
user_001393,org_00323,member,2025-04-15T07:00:00,False
user_001394,org_00323,member,2025-04-15T05:00:00,False
user_001395,org_00324,admin,2025-10-14T15:00:00,True
user_001396,org_00325,admin,2025-01-30T21:00:00,True
user_001397,org_00325,member,2025-01-29T09:00:00,False
user_001398,org_00325,viewer,2025-01-29T03:00:00,False
user_001399,org_00325,member,2025-01-29T20:00:00,False
user_001400,org_00325,member,2025-01-30T02:00:00,False
user_001401,org_00325,member,2025-01-29T23:00:00,False
user_001402,org_00326,admin,2025-11-28T10:00:00,True
user_001403,org_00326,member,2025-11-27T04:00:00,False
user_001404,org_00326,viewer,2025-11-28T05:00:00,False
user_001405,org_00326,member,2025-11-28T07:00:00,False
user_001406,org_00326,member,2025-11-27T05:00:00,False
user_001407,org_00326,member,2025-11-28T18:00:00,False
user_001408,org_00327,admin,2025-02-03T10:00:00,True
user_001409,org_00327,member,2025-02-03T11:00:00,False
user_001410,org_00327,member,2025-02-02T07:00:00,False
user_001411,org_00327,member,2025-02-03T12:00:00,False
user_001412,org_00327,member,2025-02-03T06:00:00,False
user_001413,org_00327,member,2025-02-02T16:00:00,False
user_001414,org_00327,member,2025-02-02T23:00:00,False
user_001415,org_00328,admin,2025-10-13T18:00:00,True
user_001416,org_00328,member,2025-10-13T21:00:00,False
user_001417,org_00328,member,2025-10-14T01:00:00,False
user_001418,org_00328,viewer,2025-10-13T17:00:00,False
user_001419,org_00329,admin,2025-01-09T11:00:00,True
user_001420,org_00329,member,2025-01-09T20:00:00,False
user_001421,org_00329,member,2025-01-08T15:00:00,False
user_001422,org_00329,member,2025-01-08T22:00:00,False
user_001423,org_00329,member,2025-01-08T01:00:00,False
user_001424,org_00329,member,2025-01-09T03:00:00,False
user_001425,org_00330,admin,2025-01-19T18:00:00,True
user_001426,org_00331,admin,2025-09-19T10:00:00,True
user_001427,org_00332,admin,2025-11-27T08:00:00,True
user_001428,org_00333,admin,2025-01-03T14:00:00,True
user_001429,org_00334,admin,2025-11-09T18:00:00,True
user_001430,org_00334,member,2025-11-09T20:00:00,False
user_001431,org_00334,viewer,2025-11-08T01:00:00,False
user_001432,org_00334,member,2025-11-08T19:00:00,False
user_001433,org_00334,viewer,2025-11-09T22:00:00,False
user_001434,org_00334,member,2025-11-09T05:00:00,False
user_001435,org_00334,member,2025-11-08T03:00:00,False
user_001436,org_00334,viewer,2025-11-09T20:00:00,False
user_001437,org_00335,admin,2025-01-14T20:00:00,True
user_001438,org_00335,viewer,2025-01-15T19:00:00,False
user_001439,org_00335,member,2025-01-15T09:00:00,False
user_001440,org_00335,member,2025-01-15T13:00:00,False
user_001441,org_00335,member,2025-01-15T13:00:00,False
user_001442,org_00336,admin,2025-09-07T06:00:00,True
user_001443,org_00336,member,2025-09-08T23:00:00,False
user_001444,org_00336,viewer,2025-09-07T20:00:00,False
user_001445,org_00336,member,2025-09-08T01:00:00,False
user_001446,org_00336,viewer,2025-09-08T19:00:00,False
user_001447,org_00336,member,2025-09-07T23:00:00,False
user_001448,org_00337,admin,2025-02-01T22:00:00,True
user_001449,org_00337,viewer,2025-02-01T09:00:00,False
user_001450,org_00337,member,2025-02-01T16:00:00,False
user_001451,org_00338,admin,2025-08-11T06:00:00,True
user_001452,org_00338,viewer,2025-08-11T00:00:00,False
user_001453,org_00338,viewer,2025-08-10T12:00:00,False
user_001454,org_00338,member,2025-08-10T08:00:00,False
user_001455,org_00338,member,2025-08-10T16:00:00,False
user_001456,org_00338,member,2025-08-10T22:00:00,False
user_001457,org_00339,admin,2025-01-17T18:00:00,True
user_001458,org_00339,member,2025-01-17T11:00:00,False
user_001459,org_00340,admin,2025-09-01T02:00:00,True
user_001460,org_00340,viewer,2025-09-01T01:00:00,False
user_001461,org_00340,member,2025-09-02T01:00:00,False
user_001462,org_00340,member,2025-09-01T21:00:00,False
user_001463,org_00340,viewer,2025-09-01T21:00:00,False
user_001464,org_00340,member,2025-09-01T12:00:00,False
user_001465,org_00340,viewer,2025-09-01T02:00:00,False
user_001466,org_00341,admin,2025-10-25T13:00:00,True
user_001467,org_00342,admin,2025-03-14T04:00:00,True
user_001468,org_00342,member,2025-03-13T05:00:00,False
user_001469,org_00342,member,2025-03-13T13:00:00,False
user_001470,org_00342,member,2025-03-13T16:00:00,False
user_001471,org_00342,member,2025-03-14T11:00:00,False
user_001472,org_00342,member,2025-03-14T21:00:00,False
user_001473,org_00342,member,2025-03-13T22:00:00,False
user_001474,org_00342,member,2025-03-14T06:00:00,False
user_001475,org_00343,admin,2025-05-20T10:00:00,True
user_001476,org_00343,member,2025-05-19T01:00:00,False
user_001477,org_00343,member,2025-05-20T00:00:00,False
user_001478,org_00344,admin,2025-09-11T17:00:00,True
user_001479,org_00344,member,2025-09-11T04:00:00,False
user_001480,org_00345,admin,2025-03-18T08:00:00,True
user_001481,org_00345,member,2025-03-17T17:00:00,False
user_001482,org_00345,member,2025-03-17T04:00:00,False
user_001483,org_00345,member,2025-03-17T21:00:00,False
user_001484,org_00346,admin,2025-04-26T12:00:00,True
user_001485,org_00346,member,2025-04-26T05:00:00,False
user_001486,org_00346,member,2025-04-26T09:00:00,False
user_001487,org_00346,member,2025-04-25T06:00:00,False
user_001488,org_00346,member,2025-04-26T11:00:00,False
user_001489,org_00346,member,2025-04-25T22:00:00,False
user_001490,org_00347,admin,2025-02-16T04:00:00,True
user_001491,org_00347,member,2025-02-16T02:00:00,False
user_001492,org_00347,member,2025-02-17T14:00:00,False
user_001493,org_00347,member,2025-02-16T14:00:00,False
user_001494,org_00347,member,2025-02-16T22:00:00,False
user_001495,org_00347,viewer,2025-02-17T07:00:00,False
user_001496,org_00348,admin,2025-08-14T19:00:00,True
user_001497,org_00348,viewer,2025-08-14T20:00:00,False
user_001498,org_00348,viewer,2025-08-15T17:00:00,False
user_001499,org_00348,member,2025-08-15T10:00:00,False
user_001500,org_00348,viewer,2025-08-15T18:00:00,False
user_001501,org_00348,member,2025-08-14T14:00:00,False
user_001502,org_00349,admin,2025-03-05T05:00:00,True
user_001503,org_00350,admin,2025-12-08T18:00:00,True
user_001504,org_00350,viewer,2025-12-07T01:00:00,False
user_001505,org_00350,member,2025-12-07T02:00:00,False
user_001506,org_00351,admin,2025-02-25T22:00:00,True
user_001507,org_00351,member,2025-02-24T19:00:00,False
user_001508,org_00351,member,2025-02-25T19:00:00,False
user_001509,org_00351,viewer,2025-02-24T07:00:00,False
user_001510,org_00351,viewer,2025-02-25T19:00:00,False
user_001511,org_00352,admin,2025-05-05T19:00:00,True
user_001512,org_00353,admin,2025-01-11T22:00:00,True
user_001513,org_00353,member,2025-01-11T02:00:00,False
user_001514,org_00353,member,2025-01-11T10:00:00,False
user_001515,org_00354,admin,2025-05-23T03:00:00,True
user_001516,org_00354,member,2025-05-23T14:00:00,False
user_001517,org_00355,admin,2025-01-10T13:00:00,True
user_001518,org_00355,member,2025-01-09T10:00:00,False
user_001519,org_00355,member,2025-01-09T11:00:00,False
user_001520,org_00355,member,2025-01-10T22:00:00,False
user_001521,org_00355,member,2025-01-10T19:00:00,False
user_001522,org_00355,viewer,2025-01-09T18:00:00,False
user_001523,org_00355,viewer,2025-01-10T12:00:00,False
user_001524,org_00355,member,2025-01-10T09:00:00,False
user_001525,org_00356,admin,2025-06-14T23:00:00,True
user_001526,org_00356,member,2025-06-14T04:00:00,False
user_001527,org_00356,member,2025-06-13T10:00:00,False
user_001528,org_00356,member,2025-06-14T07:00:00,False
user_001529,org_00356,viewer,2025-06-14T03:00:00,False
user_001530,org_00356,member,2025-06-14T18:00:00,False
user_001531,org_00357,admin,2025-03-24T09:00:00,True
user_001532,org_00357,member,2025-03-25T04:00:00,False
user_001533,org_00357,member,2025-03-25T02:00:00,False
user_001534,org_00357,viewer,2025-03-24T14:00:00,False
user_001535,org_00357,member,2025-03-24T07:00:00,False
user_001536,org_00357,viewer,2025-03-25T10:00:00,False
user_001537,org_00357,member,2025-03-24T10:00:00,False
user_001538,org_00358,admin,2025-01-25T15:00:00,True
user_001539,org_00358,member,2025-01-25T15:00:00,False
user_001540,org_00358,member,2025-01-25T14:00:00,False
user_001541,org_00358,member,2025-01-25T12:00:00,False
user_001542,org_00358,member,2025-01-26T12:00:00,False
user_001543,org_00358,member,2025-01-26T05:00:00,False
user_001544,org_00358,viewer,2025-01-26T23:00:00,False
user_001545,org_00359,admin,2025-07-22T09:00:00,True
user_001546,org_00359,member,2025-07-22T09:00:00,False
user_001547,org_00359,member,2025-07-21T08:00:00,False
user_001548,org_00359,viewer,2025-07-22T01:00:00,False
user_001549,org_00359,member,2025-07-22T08:00:00,False
user_001550,org_00359,member,2025-07-22T06:00:00,False
user_001551,org_00359,member,2025-07-21T13:00:00,False
user_001552,org_00359,member,2025-07-21T18:00:00,False
user_001553,org_00360,admin,2025-01-09T19:00:00,True
user_001554,org_00360,member,2025-01-10T08:00:00,False
user_001555,org_00360,viewer,2025-01-09T16:00:00,False
user_001556,org_00360,viewer,2025-01-10T10:00:00,False
user_001557,org_00360,member,2025-01-09T20:00:00,False
user_001558,org_00360,member,2025-01-10T15:00:00,False
user_001559,org_00361,admin,2025-01-04T12:00:00,True
user_001560,org_00361,member,2025-01-03T17:00:00,False
user_001561,org_00361,viewer,2025-01-03T01:00:00,False
user_001562,org_00361,member,2025-01-04T21:00:00,False
user_001563,org_00361,member,2025-01-03T01:00:00,False
user_001564,org_00361,member,2025-01-04T21:00:00,False
user_001565,org_00362,admin,2025-12-06T07:00:00,True
user_001566,org_00362,member,2025-12-06T11:00:00,False
user_001567,org_00363,admin,2025-10-01T00:00:00,True
user_001568,org_00364,admin,2025-04-02T19:00:00,True
user_001569,org_00364,member,2025-04-03T17:00:00,False
user_001570,org_00364,member,2025-04-03T08:00:00,False
user_001571,org_00364,member,2025-04-02T05:00:00,False
user_001572,org_00364,member,2025-04-02T16:00:00,False
user_001573,org_00364,member,2025-04-03T21:00:00,False
user_001574,org_00364,member,2025-04-02T10:00:00,False
user_001575,org_00365,admin,2025-10-05T13:00:00,True
user_001576,org_00365,member,2025-10-04T22:00:00,False
user_001577,org_00365,member,2025-10-04T04:00:00,False
user_001578,org_00365,member,2025-10-05T06:00:00,False
user_001579,org_00365,member,2025-10-04T08:00:00,False
user_001580,org_00365,viewer,2025-10-04T10:00:00,False
user_001581,org_00365,member,2025-10-04T17:00:00,False
user_001582,org_00366,admin,2025-11-27T08:00:00,True
user_001583,org_00367,admin,2025-07-22T20:00:00,True
user_001584,org_00367,member,2025-07-22T19:00:00,False
user_001585,org_00367,member,2025-07-23T02:00:00,False
user_001586,org_00368,admin,2025-07-26T17:00:00,True
user_001587,org_00368,member,2025-07-26T21:00:00,False
user_001588,org_00368,member,2025-07-26T20:00:00,False
user_001589,org_00368,member,2025-07-26T02:00:00,False
user_001590,org_00369,admin,2025-11-02T08:00:00,True
user_001591,org_00369,member,2025-11-02T21:00:00,False
user_001592,org_00369,member,2025-11-02T08:00:00,False
user_001593,org_00369,member,2025-11-02T06:00:00,False
user_001594,org_00369,viewer,2025-11-01T14:00:00,False
user_001595,org_00369,viewer,2025-11-02T07:00:00,False
user_001596,org_00370,admin,2025-05-27T08:00:00,True
user_001597,org_00370,member,2025-05-26T14:00:00,False
user_001598,org_00370,viewer,2025-05-26T22:00:00,False
user_001599,org_00370,member,2025-05-26T19:00:00,False
user_001600,org_00370,member,2025-05-26T06:00:00,False
user_001601,org_00370,member,2025-05-26T20:00:00,False
user_001602,org_00370,viewer,2025-05-26T15:00:00,False
user_001603,org_00371,admin,2025-07-31T12:00:00,True
user_001604,org_00371,member,2025-07-30T17:00:00,False
user_001605,org_00371,member,2025-07-30T10:00:00,False
user_001606,org_00371,member,2025-07-31T14:00:00,False
user_001607,org_00371,member,2025-07-30T07:00:00,False
user_001608,org_00372,admin,2025-07-07T16:00:00,True
user_001609,org_00372,viewer,2025-07-07T09:00:00,False
user_001610,org_00372,viewer,2025-07-08T19:00:00,False
user_001611,org_00372,member,2025-07-07T19:00:00,False
user_001612,org_00372,member,2025-07-08T06:00:00,False
user_001613,org_00372,viewer,2025-07-08T01:00:00,False
user_001614,org_00373,admin,2025-12-12T18:00:00,True
user_001615,org_00373,viewer,2025-12-12T00:00:00,False
user_001616,org_00373,member,2025-12-13T02:00:00,False
user_001617,org_00373,member,2025-12-13T23:00:00,False
user_001618,org_00373,member,2025-12-13T02:00:00,False
user_001619,org_00374,admin,2025-03-13T05:00:00,True
user_001620,org_00374,member,2025-03-13T06:00:00,False
user_001621,org_00374,member,2025-03-13T12:00:00,False
user_001622,org_00374,viewer,2025-03-13T13:00:00,False
user_001623,org_00374,member,2025-03-13T15:00:00,False
user_001624,org_00374,member,2025-03-14T01:00:00,False
user_001625,org_00375,admin,2025-08-27T17:00:00,True
user_001626,org_00375,member,2025-08-27T19:00:00,False
user_001627,org_00375,viewer,2025-08-26T14:00:00,False
user_001628,org_00375,member,2025-08-26T08:00:00,False
user_001629,org_00375,member,2025-08-26T11:00:00,False
user_001630,org_00375,member,2025-08-27T08:00:00,False
user_001631,org_00375,member,2025-08-27T19:00:00,False
user_001632,org_00375,member,2025-08-26T09:00:00,False
user_001633,org_00376,admin,2025-06-27T03:00:00,True
user_001634,org_00376,member,2025-06-27T15:00:00,False
user_001635,org_00377,admin,2025-12-27T07:00:00,True
user_001636,org_00377,member,2025-12-27T12:00:00,False
user_001637,org_00377,member,2025-12-27T07:00:00,False
user_001638,org_00377,member,2025-12-28T17:00:00,False
user_001639,org_00377,member,2025-12-27T03:00:00,False
user_001640,org_00377,member,2025-12-28T12:00:00,False
user_001641,org_00377,member,2025-12-28T03:00:00,False
user_001642,org_00378,admin,2025-06-25T23:00:00,True
user_001643,org_00378,member,2025-06-24T10:00:00,False
user_001644,org_00378,member,2025-06-24T02:00:00,False
user_001645,org_00378,member,2025-06-25T22:00:00,False
user_001646,org_00378,member,2025-06-24T18:00:00,False
user_001647,org_00379,admin,2025-04-13T04:00:00,True
user_001648,org_00379,member,2025-04-12T11:00:00,False
user_001649,org_00379,member,2025-04-13T18:00:00,False
user_001650,org_00380,admin,2025-10-26T05:00:00,True
user_001651,org_00380,viewer,2025-10-26T13:00:00,False
user_001652,org_00380,member,2025-10-25T21:00:00,False
user_001653,org_00380,viewer,2025-10-25T11:00:00,False
user_001654,org_00380,member,2025-10-26T13:00:00,False
user_001655,org_00381,admin,2025-04-11T06:00:00,True
user_001656,org_00381,member,2025-04-12T03:00:00,False
user_001657,org_00381,member,2025-04-11T01:00:00,False
user_001658,org_00381,member,2025-04-12T05:00:00,False
user_001659,org_00381,viewer,2025-04-12T10:00:00,False
user_001660,org_00382,admin,2025-09-23T06:00:00,True
user_001661,org_00383,admin,2025-05-29T17:00:00,True
user_001662,org_00383,member,2025-05-29T03:00:00,False
user_001663,org_00383,viewer,2025-05-29T09:00:00,False
user_001664,org_00383,member,2025-05-29T09:00:00,False
user_001665,org_00383,member,2025-05-29T14:00:00,False
user_001666,org_00383,member,2025-05-29T02:00:00,False
user_001667,org_00384,admin,2025-02-07T02:00:00,True
user_001668,org_00384,member,2025-02-07T08:00:00,False
user_001669,org_00384,member,2025-02-06T03:00:00,False
user_001670,org_00384,member,2025-02-07T08:00:00,False
user_001671,org_00384,viewer,2025-02-06T07:00:00,False
user_001672,org_00384,member,2025-02-07T14:00:00,False
user_001673,org_00384,member,2025-02-06T14:00:00,False
user_001674,org_00384,viewer,2025-02-07T04:00:00,False
user_001675,org_00385,admin,2025-03-20T18:00:00,True
user_001676,org_00385,viewer,2025-03-20T23:00:00,False
user_001677,org_00385,member,2025-03-20T15:00:00,False
user_001678,org_00385,viewer,2025-03-19T00:00:00,False
user_001679,org_00385,member,2025-03-20T22:00:00,False
user_001680,org_00385,viewer,2025-03-20T01:00:00,False
user_001681,org_00385,member,2025-03-20T17:00:00,False
user_001682,org_00385,member,2025-03-20T11:00:00,False
user_001683,org_00386,admin,2025-08-08T22:00:00,True
user_001684,org_00386,member,2025-08-07T13:00:00,False
user_001685,org_00387,admin,2025-01-09T22:00:00,True
user_001686,org_00387,member,2025-01-09T19:00:00,False
user_001687,org_00387,viewer,2025-01-10T12:00:00,False
user_001688,org_00387,member,2025-01-10T02:00:00,False
user_001689,org_00388,admin,2025-06-29T07:00:00,True
user_001690,org_00388,member,2025-06-30T09:00:00,False
user_001691,org_00388,member,2025-06-29T02:00:00,False
user_001692,org_00388,viewer,2025-06-30T01:00:00,False
user_001693,org_00388,member,2025-06-29T01:00:00,False
user_001694,org_00388,member,2025-06-30T09:00:00,False
user_001695,org_00388,member,2025-06-30T12:00:00,False
user_001696,org_00389,admin,2025-03-22T16:00:00,True
user_001697,org_00390,admin,2025-06-21T06:00:00,True
user_001698,org_00391,admin,2025-12-11T07:00:00,True
user_001699,org_00391,member,2025-12-10T06:00:00,False
user_001700,org_00391,member,2025-12-10T14:00:00,False
user_001701,org_00391,viewer,2025-12-10T03:00:00,False
user_001702,org_00391,member,2025-12-10T23:00:00,False
user_001703,org_00391,member,2025-12-11T09:00:00,False
user_001704,org_00391,member,2025-12-10T18:00:00,False
user_001705,org_00391,member,2025-12-10T21:00:00,False
user_001706,org_00392,admin,2025-10-09T16:00:00,True
user_001707,org_00392,member,2025-10-08T02:00:00,False
user_001708,org_00392,member,2025-10-09T12:00:00,False
user_001709,org_00392,viewer,2025-10-08T03:00:00,False
user_001710,org_00392,member,2025-10-09T10:00:00,False
user_001711,org_00392,member,2025-10-09T10:00:00,False
user_001712,org_00392,member,2025-10-09T17:00:00,False
user_001713,org_00393,admin,2025-06-07T17:00:00,True
user_001714,org_00393,member,2025-06-06T06:00:00,False
user_001715,org_00393,member,2025-06-06T11:00:00,False
user_001716,org_00393,member,2025-06-07T07:00:00,False
user_001717,org_00393,member,2025-06-06T00:00:00,False
user_001718,org_00393,member,2025-06-07T17:00:00,False
user_001719,org_00394,admin,2025-08-19T04:00:00,True
user_001720,org_00394,member,2025-08-20T18:00:00,False
user_001721,org_00394,viewer,2025-08-19T04:00:00,False
user_001722,org_00394,member,2025-08-19T13:00:00,False
user_001723,org_00395,admin,2025-04-11T09:00:00,True
user_001724,org_00395,viewer,2025-04-11T01:00:00,False
user_001725,org_00395,viewer,2025-04-12T20:00:00,False
user_001726,org_00395,member,2025-04-12T17:00:00,False
user_001727,org_00395,member,2025-04-11T08:00:00,False
user_001728,org_00395,member,2025-04-12T13:00:00,False
user_001729,org_00395,member,2025-04-11T12:00:00,False
user_001730,org_00395,member,2025-04-11T17:00:00,False
user_001731,org_00396,admin,2025-10-28T12:00:00,True
user_001732,org_00396,member,2025-10-29T22:00:00,False
user_001733,org_00396,member,2025-10-29T23:00:00,False
user_001734,org_00396,member,2025-10-29T00:00:00,False
user_001735,org_00396,member,2025-10-29T03:00:00,False
user_001736,org_00397,admin,2025-12-18T05:00:00,True
user_001737,org_00397,member,2025-12-17T18:00:00,False
user_001738,org_00397,member,2025-12-17T13:00:00,False
user_001739,org_00398,admin,2025-12-26T10:00:00,True
user_001740,org_00398,member,2025-12-26T05:00:00,False
user_001741,org_00398,member,2025-12-26T18:00:00,False
user_001742,org_00399,admin,2025-11-13T05:00:00,True
user_001743,org_00399,member,2025-11-14T19:00:00,False
user_001744,org_00399,member,2025-11-13T07:00:00,False
user_001745,org_00399,member,2025-11-13T18:00:00,False
user_001746,org_00400,admin,2025-02-16T22:00:00,True
user_001747,org_00400,member,2025-02-17T07:00:00,False
user_001748,org_00400,member,2025-02-16T05:00:00,False
user_001749,org_00400,member,2025-02-16T14:00:00,False
user_001750,org_00400,member,2025-02-17T09:00:00,False
user_001751,org_00400,member,2025-02-16T23:00:00,False
user_001752,org_00400,member,2025-02-16T13:00:00,False
user_001753,org_00401,admin,2025-12-20T18:00:00,True
user_001754,org_00401,member,2025-12-19T15:00:00,False
user_001755,org_00401,member,2025-12-19T00:00:00,False
user_001756,org_00401,viewer,2025-12-20T08:00:00,False
user_001757,org_00401,member,2025-12-20T19:00:00,False
user_001758,org_00401,viewer,2025-12-20T23:00:00,False
user_001759,org_00401,member,2025-12-19T12:00:00,False
user_001760,org_00401,viewer,2025-12-19T18:00:00,False
user_001761,org_00402,admin,2025-03-25T15:00:00,True
user_001762,org_00402,member,2025-03-26T15:00:00,False
user_001763,org_00402,viewer,2025-03-25T17:00:00,False
user_001764,org_00402,member,2025-03-26T01:00:00,False
user_001765,org_00402,viewer,2025-03-26T05:00:00,False
user_001766,org_00402,member,2025-03-25T20:00:00,False
user_001767,org_00402,viewer,2025-03-26T11:00:00,False
user_001768,org_00403,admin,2025-06-14T05:00:00,True
user_001769,org_00404,admin,2025-11-14T20:00:00,True
user_001770,org_00404,member,2025-11-13T06:00:00,False
user_001771,org_00404,viewer,2025-11-14T07:00:00,False
user_001772,org_00404,member,2025-11-14T17:00:00,False
user_001773,org_00404,member,2025-11-13T17:00:00,False
user_001774,org_00404,member,2025-11-13T20:00:00,False
user_001775,org_00405,admin,2025-12-10T13:00:00,True
user_001776,org_00405,member,2025-12-10T20:00:00,False
user_001777,org_00406,admin,2025-05-20T03:00:00,True
user_001778,org_00407,admin,2025-09-27T08:00:00,True
user_001779,org_00407,member,2025-09-27T10:00:00,False
user_001780,org_00407,viewer,2025-09-26T08:00:00,False
user_001781,org_00408,admin,2025-09-15T09:00:00,True
user_001782,org_00409,admin,2025-03-21T20:00:00,True
user_001783,org_00409,viewer,2025-03-22T22:00:00,False
user_001784,org_00409,member,2025-03-21T23:00:00,False
user_001785,org_00410,admin,2025-09-03T07:00:00,True
user_001786,org_00410,member,2025-09-02T20:00:00,False
user_001787,org_00410,member,2025-09-03T01:00:00,False
user_001788,org_00410,member,2025-09-02T14:00:00,False
user_001789,org_00410,member,2025-09-03T05:00:00,False
user_001790,org_00410,member,2025-09-02T18:00:00,False
user_001791,org_00411,admin,2025-06-10T21:00:00,True
user_001792,org_00411,member,2025-06-11T20:00:00,False
user_001793,org_00411,member,2025-06-11T13:00:00,False
user_001794,org_00411,member,2025-06-11T01:00:00,False
user_001795,org_00411,member,2025-06-11T12:00:00,False
user_001796,org_00411,viewer,2025-06-10T08:00:00,False
user_001797,org_00412,admin,2025-10-21T04:00:00,True
user_001798,org_00412,viewer,2025-10-20T18:00:00,False
user_001799,org_00412,member,2025-10-21T22:00:00,False
user_001800,org_00412,member,2025-10-20T05:00:00,False
user_001801,org_00412,viewer,2025-10-20T13:00:00,False
user_001802,org_00412,member,2025-10-20T09:00:00,False
user_001803,org_00412,member,2025-10-20T11:00:00,False
user_001804,org_00413,admin,2025-02-18T07:00:00,True
user_001805,org_00413,member,2025-02-19T18:00:00,False
user_001806,org_00413,member,2025-02-19T08:00:00,False
user_001807,org_00413,member,2025-02-18T03:00:00,False
user_001808,org_00413,viewer,2025-02-19T05:00:00,False
user_001809,org_00413,member,2025-02-18T05:00:00,False
user_001810,org_00413,member,2025-02-18T21:00:00,False
user_001811,org_00413,member,2025-02-19T09:00:00,False
user_001812,org_00414,admin,2025-05-23T03:00:00,True
user_001813,org_00414,member,2025-05-24T20:00:00,False
user_001814,org_00414,member,2025-05-23T22:00:00,False
user_001815,org_00414,member,2025-05-24T17:00:00,False
user_001816,org_00415,admin,2025-04-12T06:00:00,True
user_001817,org_00415,member,2025-04-11T01:00:00,False
user_001818,org_00416,admin,2025-01-04T12:00:00,True
user_001819,org_00416,member,2025-01-05T10:00:00,False
user_001820,org_00416,member,2025-01-04T04:00:00,False
user_001821,org_00416,member,2025-01-05T02:00:00,False
user_001822,org_00417,admin,2025-03-24T10:00:00,True
user_001823,org_00417,viewer,2025-03-23T21:00:00,False
user_001824,org_00417,member,2025-03-23T04:00:00,False
user_001825,org_00417,member,2025-03-24T21:00:00,False
user_001826,org_00417,member,2025-03-23T23:00:00,False
user_001827,org_00417,member,2025-03-24T14:00:00,False
user_001828,org_00417,member,2025-03-23T16:00:00,False
user_001829,org_00418,admin,2025-09-28T07:00:00,True
user_001830,org_00418,member,2025-09-29T09:00:00,False
user_001831,org_00418,viewer,2025-09-28T00:00:00,False
user_001832,org_00418,member,2025-09-28T17:00:00,False
user_001833,org_00418,viewer,2025-09-29T23:00:00,False
user_001834,org_00418,member,2025-09-29T13:00:00,False
user_001835,org_00418,member,2025-09-29T10:00:00,False
user_001836,org_00419,admin,2025-09-03T19:00:00,True
user_001837,org_00419,member,2025-09-04T06:00:00,False
user_001838,org_00419,member,2025-09-03T17:00:00,False
user_001839,org_00419,member,2025-09-03T19:00:00,False
user_001840,org_00419,member,2025-09-04T16:00:00,False
user_001841,org_00420,admin,2025-01-27T22:00:00,True
user_001842,org_00420,member,2025-01-27T19:00:00,False
user_001843,org_00420,member,2025-01-28T02:00:00,False
user_001844,org_00420,viewer,2025-01-28T03:00:00,False
user_001845,org_00420,member,2025-01-28T19:00:00,False
user_001846,org_00420,member,2025-01-27T13:00:00,False
user_001847,org_00421,admin,2025-08-11T15:00:00,True
user_001848,org_00421,member,2025-08-11T06:00:00,False
user_001849,org_00421,viewer,2025-08-12T04:00:00,False
user_001850,org_00422,admin,2025-09-24T11:00:00,True
user_001851,org_00423,admin,2025-06-09T22:00:00,True
user_001852,org_00423,member,2025-06-09T18:00:00,False
user_001853,org_00423,viewer,2025-06-10T23:00:00,False
user_001854,org_00423,viewer,2025-06-10T06:00:00,False
user_001855,org_00423,viewer,2025-06-09T11:00:00,False
user_001856,org_00424,admin,2025-06-10T01:00:00,True
user_001857,org_00424,member,2025-06-10T00:00:00,False
user_001858,org_00424,member,2025-06-11T11:00:00,False
user_001859,org_00424,member,2025-06-10T02:00:00,False
user_001860,org_00425,admin,2025-05-18T07:00:00,True
user_001861,org_00425,viewer,2025-05-18T15:00:00,False
user_001862,org_00426,admin,2025-03-20T09:00:00,True
user_001863,org_00426,member,2025-03-20T10:00:00,False
user_001864,org_00426,member,2025-03-21T05:00:00,False
user_001865,org_00426,member,2025-03-21T21:00:00,False
user_001866,org_00426,member,2025-03-20T02:00:00,False
user_001867,org_00427,admin,2025-06-11T22:00:00,True
user_001868,org_00427,member,2025-06-10T16:00:00,False
user_001869,org_00427,member,2025-06-10T08:00:00,False
user_001870,org_00428,admin,2025-07-02T10:00:00,True
user_001871,org_00428,member,2025-07-01T01:00:00,False
user_001872,org_00428,member,2025-07-02T16:00:00,False
user_001873,org_00428,viewer,2025-07-01T19:00:00,False
user_001874,org_00428,viewer,2025-07-01T22:00:00,False
user_001875,org_00428,member,2025-07-01T22:00:00,False
user_001876,org_00428,member,2025-07-02T04:00:00,False
user_001877,org_00428,member,2025-07-02T23:00:00,False
user_001878,org_00429,admin,2025-12-09T04:00:00,True
user_001879,org_00429,member,2025-12-10T20:00:00,False
user_001880,org_00430,admin,2025-04-13T20:00:00,True
user_001881,org_00430,member,2025-04-13T16:00:00,False
user_001882,org_00430,member,2025-04-14T04:00:00,False
user_001883,org_00430,member,2025-04-14T17:00:00,False
user_001884,org_00430,viewer,2025-04-14T12:00:00,False
user_001885,org_00430,member,2025-04-13T01:00:00,False
user_001886,org_00431,admin,2025-07-04T17:00:00,True
user_001887,org_00431,member,2025-07-03T17:00:00,False
user_001888,org_00431,viewer,2025-07-03T05:00:00,False
user_001889,org_00431,member,2025-07-03T10:00:00,False
user_001890,org_00431,member,2025-07-03T12:00:00,False
user_001891,org_00431,member,2025-07-03T18:00:00,False
user_001892,org_00431,member,2025-07-04T03:00:00,False
user_001893,org_00432,admin,2025-01-28T00:00:00,True
user_001894,org_00432,member,2025-01-28T13:00:00,False
user_001895,org_00432,viewer,2025-01-28T18:00:00,False
user_001896,org_00433,admin,2025-10-30T10:00:00,True
user_001897,org_00433,member,2025-10-30T06:00:00,False
user_001898,org_00433,member,2025-10-30T05:00:00,False
user_001899,org_00433,member,2025-10-30T16:00:00,False
user_001900,org_00433,viewer,2025-10-31T02:00:00,False
user_001901,org_00433,member,2025-10-30T06:00:00,False
user_001902,org_00434,admin,2025-08-07T16:00:00,True
user_001903,org_00434,member,2025-08-07T19:00:00,False
user_001904,org_00434,member,2025-08-07T14:00:00,False
user_001905,org_00434,member,2025-08-07T23:00:00,False
user_001906,org_00434,member,2025-08-07T06:00:00,False
user_001907,org_00435,admin,2025-04-27T04:00:00,True
user_001908,org_00435,viewer,2025-04-28T23:00:00,False
user_001909,org_00435,member,2025-04-28T06:00:00,False
user_001910,org_00435,member,2025-04-28T01:00:00,False
user_001911,org_00435,member,2025-04-28T10:00:00,False
user_001912,org_00435,viewer,2025-04-28T15:00:00,False
user_001913,org_00435,member,2025-04-27T14:00:00,False
user_001914,org_00435,viewer,2025-04-27T00:00:00,False
user_001915,org_00436,admin,2025-09-10T01:00:00,True
user_001916,org_00436,member,2025-09-11T09:00:00,False
user_001917,org_00436,member,2025-09-11T06:00:00,False
user_001918,org_00436,member,2025-09-10T01:00:00,False
user_001919,org_00436,member,2025-09-11T14:00:00,False
user_001920,org_00436,member,2025-09-11T16:00:00,False
user_001921,org_00436,member,2025-09-11T18:00:00,False
user_001922,org_00436,viewer,2025-09-10T18:00:00,False
user_001923,org_00437,admin,2025-05-18T06:00:00,True
user_001924,org_00437,viewer,2025-05-19T07:00:00,False
user_001925,org_00437,viewer,2025-05-19T02:00:00,False
user_001926,org_00437,member,2025-05-19T09:00:00,False
user_001927,org_00437,member,2025-05-18T08:00:00,False
user_001928,org_00437,member,2025-05-18T23:00:00,False
user_001929,org_00437,member,2025-05-18T08:00:00,False
user_001930,org_00437,viewer,2025-05-18T07:00:00,False
user_001931,org_00438,admin,2025-04-30T15:00:00,True
user_001932,org_00438,member,2025-04-30T21:00:00,False
user_001933,org_00438,member,2025-05-01T17:00:00,False
user_001934,org_00438,member,2025-05-01T07:00:00,False
user_001935,org_00438,member,2025-05-01T21:00:00,False
user_001936,org_00438,member,2025-04-30T21:00:00,False
user_001937,org_00438,member,2025-04-30T14:00:00,False
user_001938,org_00439,admin,2025-03-18T15:00:00,True
user_001939,org_00439,member,2025-03-19T18:00:00,False
user_001940,org_00439,viewer,2025-03-18T06:00:00,False
user_001941,org_00439,member,2025-03-19T12:00:00,False
user_001942,org_00439,member,2025-03-18T00:00:00,False
user_001943,org_00439,member,2025-03-19T10:00:00,False
user_001944,org_00440,admin,2025-12-15T15:00:00,True
user_001945,org_00440,member,2025-12-16T15:00:00,False
user_001946,org_00440,member,2025-12-16T18:00:00,False
user_001947,org_00440,member,2025-12-16T11:00:00,False
user_001948,org_00440,member,2025-12-16T08:00:00,False
user_001949,org_00440,member,2025-12-15T22:00:00,False
user_001950,org_00440,viewer,2025-12-15T12:00:00,False
user_001951,org_00440,member,2025-12-15T15:00:00,False
user_001952,org_00441,admin,2025-07-05T20:00:00,True
user_001953,org_00441,member,2025-07-05T09:00:00,False
user_001954,org_00441,member,2025-07-05T02:00:00,False
user_001955,org_00441,member,2025-07-05T17:00:00,False
user_001956,org_00441,member,2025-07-06T17:00:00,False
user_001957,org_00442,admin,2025-01-23T11:00:00,True
user_001958,org_00442,member,2025-01-23T05:00:00,False
user_001959,org_00442,member,2025-01-22T03:00:00,False
user_001960,org_00442,member,2025-01-22T22:00:00,False
user_001961,org_00442,member,2025-01-23T01:00:00,False
user_001962,org_00442,viewer,2025-01-23T10:00:00,False
user_001963,org_00442,member,2025-01-22T13:00:00,False
user_001964,org_00443,admin,2025-12-06T14:00:00,True
user_001965,org_00443,member,2025-12-06T04:00:00,False
user_001966,org_00444,admin,2025-01-09T11:00:00,True
user_001967,org_00444,viewer,2025-01-09T13:00:00,False
user_001968,org_00444,member,2025-01-10T04:00:00,False
user_001969,org_00444,viewer,2025-01-09T10:00:00,False
user_001970,org_00445,admin,2025-03-26T15:00:00,True
user_001971,org_00445,viewer,2025-03-26T08:00:00,False
user_001972,org_00446,admin,2025-10-03T20:00:00,True
user_001973,org_00446,viewer,2025-10-03T13:00:00,False
user_001974,org_00446,member,2025-10-04T03:00:00,False
user_001975,org_00446,member,2025-10-03T09:00:00,False
user_001976,org_00446,member,2025-10-04T03:00:00,False
user_001977,org_00446,member,2025-10-03T17:00:00,False
user_001978,org_00446,member,2025-10-04T17:00:00,False
user_001979,org_00447,admin,2025-10-05T22:00:00,True
user_001980,org_00448,admin,2025-04-09T23:00:00,True
user_001981,org_00449,admin,2025-10-04T20:00:00,True
user_001982,org_00449,member,2025-10-05T15:00:00,False
user_001983,org_00449,member,2025-10-05T16:00:00,False
user_001984,org_00449,member,2025-10-04T09:00:00,False
user_001985,org_00449,viewer,2025-10-05T12:00:00,False
user_001986,org_00449,member,2025-10-04T10:00:00,False
user_001987,org_00450,admin,2025-01-08T06:00:00,True
user_001988,org_00450,member,2025-01-09T20:00:00,False
user_001989,org_00450,viewer,2025-01-08T09:00:00,False
user_001990,org_00450,member,2025-01-09T04:00:00,False
user_001991,org_00450,member,2025-01-09T03:00:00,False
user_001992,org_00450,member,2025-01-09T04:00:00,False
user_001993,org_00451,admin,2025-06-25T08:00:00,True
user_001994,org_00451,member,2025-06-25T00:00:00,False
user_001995,org_00452,admin,2025-12-22T20:00:00,True
user_001996,org_00452,member,2025-12-22T20:00:00,False
user_001997,org_00452,member,2025-12-22T14:00:00,False
user_001998,org_00452,member,2025-12-22T00:00:00,False
user_001999,org_00452,member,2025-12-22T08:00:00,False
user_002000,org_00452,viewer,2025-12-22T23:00:00,False
user_002001,org_00452,viewer,2025-12-22T10:00:00,False
user_002002,org_00453,admin,2025-06-24T01:00:00,True
user_002003,org_00453,member,2025-06-23T19:00:00,False
user_002004,org_00453,member,2025-06-23T08:00:00,False
user_002005,org_00453,member,2025-06-24T20:00:00,False
user_002006,org_00453,member,2025-06-24T22:00:00,False
user_002007,org_00453,member,2025-06-24T02:00:00,False
user_002008,org_00453,viewer,2025-06-24T09:00:00,False
user_002009,org_00454,admin,2025-12-30T19:00:00,True
user_002010,org_00454,member,2025-12-30T13:00:00,False
user_002011,org_00454,member,2025-12-30T17:00:00,False
user_002012,org_00454,member,2025-12-30T14:00:00,False
user_002013,org_00454,member,2025-12-30T07:00:00,False
user_002014,org_00454,member,2025-12-30T09:00:00,False
user_002015,org_00454,member,2025-12-29T02:00:00,False
user_002016,org_00455,admin,2025-01-23T00:00:00,True
user_002017,org_00455,viewer,2025-01-24T11:00:00,False
user_002018,org_00456,admin,2025-07-05T16:00:00,True
user_002019,org_00456,member,2025-07-05T08:00:00,False
user_002020,org_00456,member,2025-07-06T09:00:00,False
user_002021,org_00456,viewer,2025-07-05T19:00:00,False
user_002022,org_00456,member,2025-07-06T21:00:00,False
user_002023,org_00456,member,2025-07-06T15:00:00,False
user_002024,org_00456,member,2025-07-05T07:00:00,False
user_002025,org_00456,member,2025-07-06T15:00:00,False
user_002026,org_00457,admin,2025-04-08T18:00:00,True
user_002027,org_00457,viewer,2025-04-08T19:00:00,False
user_002028,org_00457,member,2025-04-09T02:00:00,False
user_002029,org_00457,member,2025-04-09T08:00:00,False
user_002030,org_00458,admin,2025-12-27T14:00:00,True
user_002031,org_00458,member,2025-12-27T22:00:00,False
user_002032,org_00459,admin,2025-05-17T21:00:00,True
user_002033,org_00459,viewer,2025-05-17T20:00:00,False
user_002034,org_00459,member,2025-05-17T22:00:00,False
user_002035,org_00460,admin,2025-01-05T01:00:00,True
user_002036,org_00460,member,2025-01-05T03:00:00,False
user_002037,org_00460,member,2025-01-04T08:00:00,False
user_002038,org_00460,member,2025-01-05T08:00:00,False
user_002039,org_00460,member,2025-01-04T15:00:00,False
user_002040,org_00460,member,2025-01-05T17:00:00,False
user_002041,org_00460,viewer,2025-01-05T22:00:00,False
user_002042,org_00460,member,2025-01-04T14:00:00,False
user_002043,org_00461,admin,2025-07-07T05:00:00,True
user_002044,org_00461,member,2025-07-06T16:00:00,False
user_002045,org_00462,admin,2025-11-19T08:00:00,True
user_002046,org_00462,member,2025-11-19T14:00:00,False
user_002047,org_00463,admin,2025-07-03T15:00:00,True
user_002048,org_00463,member,2025-07-03T09:00:00,False
user_002049,org_00464,admin,2025-05-25T13:00:00,True
user_002050,org_00464,member,2025-05-25T06:00:00,False
user_002051,org_00464,member,2025-05-26T10:00:00,False
user_002052,org_00464,viewer,2025-05-25T08:00:00,False
user_002053,org_00465,admin,2025-03-04T19:00:00,True
user_002054,org_00466,admin,2025-01-14T10:00:00,True
user_002055,org_00467,admin,2025-12-27T18:00:00,True
user_002056,org_00467,member,2025-12-27T07:00:00,False
user_002057,org_00467,member,2025-12-27T11:00:00,False
user_002058,org_00467,member,2025-12-27T12:00:00,False
user_002059,org_00468,admin,2025-02-11T07:00:00,True
user_002060,org_00468,member,2025-02-12T14:00:00,False
user_002061,org_00468,member,2025-02-11T21:00:00,False
user_002062,org_00468,member,2025-02-11T14:00:00,False
user_002063,org_00468,member,2025-02-12T10:00:00,False
user_002064,org_00468,viewer,2025-02-11T07:00:00,False
user_002065,org_00468,member,2025-02-11T04:00:00,False
user_002066,org_00469,admin,2025-04-22T02:00:00,True
user_002067,org_00469,member,2025-04-22T19:00:00,False
user_002068,org_00470,admin,2025-01-27T05:00:00,True
user_002069,org_00470,member,2025-01-27T08:00:00,False
user_002070,org_00470,member,2025-01-27T08:00:00,False
user_002071,org_00470,member,2025-01-27T09:00:00,False
user_002072,org_00470,member,2025-01-28T07:00:00,False
user_002073,org_00470,member,2025-01-28T20:00:00,False
user_002074,org_00470,member,2025-01-28T05:00:00,False
user_002075,org_00470,member,2025-01-27T22:00:00,False
user_002076,org_00471,admin,2025-11-27T20:00:00,True
user_002077,org_00471,member,2025-11-27T06:00:00,False
user_002078,org_00472,admin,2025-08-19T14:00:00,True
user_002079,org_00472,member,2025-08-19T15:00:00,False
user_002080,org_00472,member,2025-08-19T09:00:00,False
user_002081,org_00472,member,2025-08-19T10:00:00,False
user_002082,org_00472,member,2025-08-19T01:00:00,False
user_002083,org_00472,member,2025-08-20T13:00:00,False
user_002084,org_00472,member,2025-08-20T22:00:00,False
user_002085,org_00473,admin,2025-11-21T12:00:00,True
user_002086,org_00473,member,2025-11-20T02:00:00,False
user_002087,org_00473,viewer,2025-11-20T01:00:00,False
user_002088,org_00473,member,2025-11-20T11:00:00,False
user_002089,org_00474,admin,2025-09-27T12:00:00,True
user_002090,org_00474,member,2025-09-28T10:00:00,False
user_002091,org_00474,member,2025-09-27T15:00:00,False
user_002092,org_00474,viewer,2025-09-28T07:00:00,False
user_002093,org_00474,member,2025-09-27T05:00:00,False
user_002094,org_00474,member,2025-09-28T22:00:00,False
user_002095,org_00474,member,2025-09-28T13:00:00,False
user_002096,org_00474,member,2025-09-28T14:00:00,False
user_002097,org_00475,admin,2025-05-19T20:00:00,True
user_002098,org_00475,viewer,2025-05-18T13:00:00,False
user_002099,org_00475,viewer,2025-05-19T22:00:00,False
user_002100,org_00475,member,2025-05-18T23:00:00,False
user_002101,org_00476,admin,2025-03-08T19:00:00,True
user_002102,org_00476,member,2025-03-08T22:00:00,False
user_002103,org_00477,admin,2025-09-16T03:00:00,True
user_002104,org_00477,member,2025-09-16T16:00:00,False
user_002105,org_00477,member,2025-09-16T16:00:00,False
user_002106,org_00477,member,2025-09-16T07:00:00,False
user_002107,org_00477,member,2025-09-17T18:00:00,False
user_002108,org_00478,admin,2025-03-08T14:00:00,True
user_002109,org_00478,viewer,2025-03-08T03:00:00,False
user_002110,org_00479,admin,2025-10-14T12:00:00,True
user_002111,org_00479,member,2025-10-14T08:00:00,False
user_002112,org_00479,member,2025-10-14T10:00:00,False
user_002113,org_00479,member,2025-10-14T22:00:00,False
user_002114,org_00479,member,2025-10-14T22:00:00,False
user_002115,org_00479,member,2025-10-13T19:00:00,False
user_002116,org_00479,viewer,2025-10-14T03:00:00,False
user_002117,org_00480,admin,2025-05-25T22:00:00,True
user_002118,org_00480,member,2025-05-26T22:00:00,False
user_002119,org_00480,member,2025-05-25T01:00:00,False
user_002120,org_00480,member,2025-05-26T11:00:00,False
user_002121,org_00480,viewer,2025-05-26T02:00:00,False
user_002122,org_00480,member,2025-05-26T14:00:00,False
user_002123,org_00480,member,2025-05-25T06:00:00,False
user_002124,org_00481,admin,2025-11-15T10:00:00,True
user_002125,org_00482,admin,2025-03-06T08:00:00,True
user_002126,org_00482,member,2025-03-06T02:00:00,False
user_002127,org_00482,member,2025-03-06T21:00:00,False
user_002128,org_00482,member,2025-03-06T08:00:00,False
user_002129,org_00482,member,2025-03-06T20:00:00,False
user_002130,org_00483,admin,2025-10-16T08:00:00,True
user_002131,org_00483,member,2025-10-15T05:00:00,False
user_002132,org_00483,member,2025-10-15T13:00:00,False
user_002133,org_00483,member,2025-10-16T07:00:00,False
user_002134,org_00483,member,2025-10-16T21:00:00,False
user_002135,org_00484,admin,2025-04-16T10:00:00,True
user_002136,org_00484,viewer,2025-04-17T20:00:00,False
user_002137,org_00484,member,2025-04-17T00:00:00,False
user_002138,org_00484,member,2025-04-17T19:00:00,False
user_002139,org_00484,member,2025-04-17T13:00:00,False
user_002140,org_00484,member,2025-04-16T15:00:00,False
user_002141,org_00484,member,2025-04-16T04:00:00,False
user_002142,org_00485,admin,2025-01-13T12:00:00,True
user_002143,org_00485,viewer,2025-01-14T14:00:00,False
user_002144,org_00485,member,2025-01-14T20:00:00,False
user_002145,org_00486,admin,2025-09-17T09:00:00,True
user_002146,org_00486,member,2025-09-16T10:00:00,False
user_002147,org_00486,member,2025-09-17T20:00:00,False
user_002148,org_00486,member,2025-09-17T16:00:00,False
user_002149,org_00486,viewer,2025-09-16T00:00:00,False
user_002150,org_00486,member,2025-09-17T01:00:00,False
user_002151,org_00486,viewer,2025-09-16T03:00:00,False
user_002152,org_00487,admin,2025-09-23T17:00:00,True
user_002153,org_00488,admin,2025-06-15T22:00:00,True
user_002154,org_00489,admin,2025-08-02T20:00:00,True
user_002155,org_00489,member,2025-08-01T11:00:00,False
user_002156,org_00489,member,2025-08-02T01:00:00,False
user_002157,org_00489,member,2025-08-01T12:00:00,False
user_002158,org_00490,admin,2025-09-22T10:00:00,True
user_002159,org_00490,member,2025-09-22T02:00:00,False
user_002160,org_00490,member,2025-09-22T15:00:00,False
user_002161,org_00490,viewer,2025-09-22T15:00:00,False
user_002162,org_00490,member,2025-09-22T02:00:00,False
user_002163,org_00490,member,2025-09-22T09:00:00,False
user_002164,org_00491,admin,2025-06-29T00:00:00,True
user_002165,org_00491,viewer,2025-06-28T21:00:00,False
user_002166,org_00492,admin,2025-01-04T05:00:00,True
user_002167,org_00492,member,2025-01-05T20:00:00,False
user_002168,org_00492,member,2025-01-04T10:00:00,False
user_002169,org_00492,member,2025-01-04T08:00:00,False
user_002170,org_00492,member,2025-01-05T09:00:00,False
user_002171,org_00492,member,2025-01-04T20:00:00,False
user_002172,org_00492,viewer,2025-01-04T16:00:00,False
user_002173,org_00492,member,2025-01-05T07:00:00,False
user_002174,org_00493,admin,2025-06-05T22:00:00,True
user_002175,org_00494,admin,2025-06-18T14:00:00,True
user_002176,org_00494,viewer,2025-06-17T22:00:00,False
user_002177,org_00495,admin,2025-10-13T21:00:00,True
user_002178,org_00495,member,2025-10-13T14:00:00,False
user_002179,org_00496,admin,2025-12-23T19:00:00,True
user_002180,org_00496,member,2025-12-23T19:00:00,False
user_002181,org_00496,member,2025-12-24T08:00:00,False
user_002182,org_00496,member,2025-12-23T03:00:00,False
user_002183,org_00496,member,2025-12-23T09:00:00,False
user_002184,org_00496,member,2025-12-23T02:00:00,False
user_002185,org_00496,viewer,2025-12-24T15:00:00,False
user_002186,org_00496,member,2025-12-23T11:00:00,False
user_002187,org_00497,admin,2025-03-06T08:00:00,True
user_002188,org_00497,member,2025-03-06T01:00:00,False
user_002189,org_00497,member,2025-03-05T20:00:00,False
user_002190,org_00497,viewer,2025-03-05T11:00:00,False
user_002191,org_00497,member,2025-03-05T15:00:00,False
user_002192,org_00498,admin,2025-10-29T04:00:00,True
user_002193,org_00499,admin,2025-04-26T12:00:00,True
user_002194,org_00500,admin,2025-06-24T13:00:00,True
user_002195,org_00501,admin,2025-10-21T18:00:00,True
user_002196,org_00502,admin,2025-08-24T01:00:00,True
user_002197,org_00502,member,2025-08-25T14:00:00,False
user_002198,org_00502,member,2025-08-24T11:00:00,False
user_002199,org_00502,member,2025-08-25T10:00:00,False
user_002200,org_00502,member,2025-08-25T01:00:00,False
user_002201,org_00502,member,2025-08-25T03:00:00,False
user_002202,org_00502,member,2025-08-25T14:00:00,False
user_002203,org_00502,member,2025-08-25T10:00:00,False
user_002204,org_00503,admin,2025-03-16T21:00:00,True
user_002205,org_00504,admin,2025-10-31T16:00:00,True
user_002206,org_00504,member,2025-11-01T19:00:00,False
user_002207,org_00504,member,2025-10-31T10:00:00,False
user_002208,org_00504,member,2025-10-31T12:00:00,False
user_002209,org_00504,member,2025-10-31T23:00:00,False
user_002210,org_00504,viewer,2025-11-01T17:00:00,False
user_002211,org_00505,admin,2025-06-24T23:00:00,True
user_002212,org_00505,member,2025-06-24T06:00:00,False
user_002213,org_00505,member,2025-06-23T09:00:00,False
user_002214,org_00505,member,2025-06-23T03:00:00,False
user_002215,org_00505,member,2025-06-23T18:00:00,False
user_002216,org_00505,member,2025-06-24T07:00:00,False
user_002217,org_00505,member,2025-06-23T03:00:00,False
user_002218,org_00505,viewer,2025-06-24T16:00:00,False
user_002219,org_00506,admin,2025-03-18T07:00:00,True
user_002220,org_00506,member,2025-03-19T13:00:00,False
user_002221,org_00506,viewer,2025-03-18T09:00:00,False
user_002222,org_00506,member,2025-03-19T19:00:00,False
user_002223,org_00506,member,2025-03-19T00:00:00,False
user_002224,org_00507,admin,2025-01-20T14:00:00,True
user_002225,org_00507,viewer,2025-01-20T09:00:00,False
user_002226,org_00507,member,2025-01-19T15:00:00,False
user_002227,org_00507,member,2025-01-19T21:00:00,False
user_002228,org_00507,member,2025-01-19T07:00:00,False
user_002229,org_00507,member,2025-01-20T06:00:00,False
user_002230,org_00508,admin,2025-08-09T19:00:00,True
user_002231,org_00508,viewer,2025-08-09T01:00:00,False
user_002232,org_00508,member,2025-08-08T14:00:00,False
user_002233,org_00508,viewer,2025-08-09T15:00:00,False
user_002234,org_00508,member,2025-08-09T13:00:00,False
user_002235,org_00508,member,2025-08-08T09:00:00,False
user_002236,org_00509,admin,2025-01-20T18:00:00,True
user_002237,org_00509,member,2025-01-20T13:00:00,False
user_002238,org_00509,viewer,2025-01-21T22:00:00,False
user_002239,org_00509,viewer,2025-01-21T19:00:00,False
user_002240,org_00509,viewer,2025-01-21T19:00:00,False
user_002241,org_00509,member,2025-01-21T18:00:00,False
user_002242,org_00509,member,2025-01-20T17:00:00,False
user_002243,org_00510,admin,2025-09-02T22:00:00,True
user_002244,org_00510,member,2025-09-02T22:00:00,False
user_002245,org_00510,viewer,2025-09-02T03:00:00,False
user_002246,org_00510,member,2025-09-03T00:00:00,False
user_002247,org_00510,member,2025-09-02T03:00:00,False
user_002248,org_00510,member,2025-09-03T08:00:00,False
user_002249,org_00510,member,2025-09-02T00:00:00,False
user_002250,org_00510,member,2025-09-02T09:00:00,False
user_002251,org_00511,admin,2025-04-28T08:00:00,True
user_002252,org_00511,member,2025-04-28T02:00:00,False
user_002253,org_00511,member,2025-04-29T08:00:00,False
user_002254,org_00511,member,2025-04-28T05:00:00,False
user_002255,org_00511,member,2025-04-28T16:00:00,False
user_002256,org_00511,member,2025-04-28T23:00:00,False
user_002257,org_00511,member,2025-04-29T12:00:00,False
user_002258,org_00512,admin,2025-04-29T08:00:00,True
user_002259,org_00512,member,2025-04-30T20:00:00,False
user_002260,org_00512,member,2025-04-29T11:00:00,False
user_002261,org_00512,member,2025-04-30T21:00:00,False
user_002262,org_00512,member,2025-04-29T10:00:00,False
user_002263,org_00512,viewer,2025-04-29T23:00:00,False
user_002264,org_00513,admin,2025-03-20T09:00:00,True
user_002265,org_00513,viewer,2025-03-20T17:00:00,False
user_002266,org_00513,member,2025-03-20T09:00:00,False
user_002267,org_00514,admin,2025-03-21T18:00:00,True
user_002268,org_00514,member,2025-03-22T18:00:00,False
user_002269,org_00514,member,2025-03-22T14:00:00,False
user_002270,org_00514,member,2025-03-22T10:00:00,False
user_002271,org_00514,viewer,2025-03-22T05:00:00,False
user_002272,org_00515,admin,2025-09-14T22:00:00,True
user_002273,org_00515,member,2025-09-15T10:00:00,False
user_002274,org_00515,member,2025-09-15T18:00:00,False
user_002275,org_00516,admin,2025-12-27T11:00:00,True
user_002276,org_00516,member,2025-12-27T23:00:00,False
user_002277,org_00516,member,2025-12-27T09:00:00,False
user_002278,org_00516,member,2025-12-27T18:00:00,False
user_002279,org_00516,member,2025-12-26T09:00:00,False
user_002280,org_00516,member,2025-12-26T21:00:00,False
user_002281,org_00517,admin,2025-08-23T18:00:00,True
user_002282,org_00517,member,2025-08-24T06:00:00,False
user_002283,org_00518,admin,2025-11-05T08:00:00,True
user_002284,org_00518,member,2025-11-05T01:00:00,False
user_002285,org_00518,member,2025-11-06T12:00:00,False
user_002286,org_00518,member,2025-11-05T19:00:00,False
user_002287,org_00519,admin,2025-04-20T12:00:00,True
user_002288,org_00519,member,2025-04-21T00:00:00,False
user_002289,org_00519,member,2025-04-21T17:00:00,False
user_002290,org_00519,member,2025-04-20T18:00:00,False
user_002291,org_00519,member,2025-04-21T14:00:00,False
user_002292,org_00519,member,2025-04-20T18:00:00,False
user_002293,org_00520,admin,2025-12-31T15:00:00,True
user_002294,org_00520,member,2026-01-01T14:00:00,False
user_002295,org_00520,member,2025-12-31T01:00:00,False
user_002296,org_00520,member,2026-01-01T11:00:00,False
user_002297,org_00520,member,2026-01-01T19:00:00,False
user_002298,org_00521,admin,2025-01-27T05:00:00,True
user_002299,org_00521,member,2025-01-27T11:00:00,False
user_002300,org_00521,member,2025-01-26T18:00:00,False
user_002301,org_00521,member,2025-01-26T18:00:00,False
user_002302,org_00522,admin,2025-03-17T21:00:00,True
user_002303,org_00523,admin,2025-07-24T19:00:00,True
user_002304,org_00523,member,2025-07-23T12:00:00,False
user_002305,org_00523,member,2025-07-24T18:00:00,False
user_002306,org_00523,member,2025-07-24T17:00:00,False
user_002307,org_00524,admin,2025-09-28T09:00:00,True
user_002308,org_00524,member,2025-09-29T05:00:00,False
user_002309,org_00524,member,2025-09-28T03:00:00,False
user_002310,org_00524,member,2025-09-29T09:00:00,False
user_002311,org_00524,member,2025-09-28T00:00:00,False
user_002312,org_00525,admin,2025-12-27T01:00:00,True
user_002313,org_00525,member,2025-12-28T00:00:00,False
user_002314,org_00525,viewer,2025-12-27T23:00:00,False
user_002315,org_00525,viewer,2025-12-27T15:00:00,False
user_002316,org_00525,member,2025-12-27T08:00:00,False
user_002317,org_00525,member,2025-12-28T00:00:00,False
user_002318,org_00525,member,2025-12-27T00:00:00,False
user_002319,org_00526,admin,2025-11-05T08:00:00,True
user_002320,org_00526,member,2025-11-06T14:00:00,False
user_002321,org_00526,member,2025-11-06T10:00:00,False
user_002322,org_00526,viewer,2025-11-05T05:00:00,False
user_002323,org_00526,member,2025-11-05T22:00:00,False
user_002324,org_00526,member,2025-11-05T15:00:00,False
user_002325,org_00526,viewer,2025-11-06T05:00:00,False
user_002326,org_00526,member,2025-11-05T02:00:00,False
user_002327,org_00527,admin,2025-05-31T03:00:00,True
user_002328,org_00527,member,2025-05-31T01:00:00,False
user_002329,org_00527,member,2025-05-31T02:00:00,False
user_002330,org_00528,admin,2025-02-24T03:00:00,True
user_002331,org_00528,member,2025-02-25T12:00:00,False
user_002332,org_00529,admin,2025-06-06T10:00:00,True
user_002333,org_00529,member,2025-06-06T22:00:00,False
user_002334,org_00529,viewer,2025-06-06T00:00:00,False
user_002335,org_00529,member,2025-06-07T06:00:00,False
user_002336,org_00529,viewer,2025-06-07T05:00:00,False
user_002337,org_00530,admin,2025-12-21T02:00:00,True
user_002338,org_00530,member,2025-12-20T15:00:00,False
user_002339,org_00530,member,2025-12-21T01:00:00,False
user_002340,org_00531,admin,2025-03-15T06:00:00,True
user_002341,org_00532,admin,2025-09-08T17:00:00,True
user_002342,org_00533,admin,2025-04-17T17:00:00,True
user_002343,org_00533,member,2025-04-18T09:00:00,False
user_002344,org_00533,member,2025-04-18T02:00:00,False
user_002345,org_00534,admin,2025-08-20T00:00:00,True
user_002346,org_00534,member,2025-08-20T23:00:00,False
user_002347,org_00535,admin,2025-02-22T14:00:00,True
user_002348,org_00535,member,2025-02-22T04:00:00,False
user_002349,org_00536,admin,2025-12-13T10:00:00,True
user_002350,org_00536,member,2025-12-13T17:00:00,False
user_002351,org_00537,admin,2025-08-15T11:00:00,True
user_002352,org_00537,member,2025-08-15T12:00:00,False
user_002353,org_00537,member,2025-08-16T19:00:00,False
user_002354,org_00537,member,2025-08-15T21:00:00,False
user_002355,org_00537,member,2025-08-15T00:00:00,False
user_002356,org_00538,admin,2025-08-05T23:00:00,True
user_002357,org_00539,admin,2025-05-02T01:00:00,True
user_002358,org_00539,member,2025-05-02T01:00:00,False
user_002359,org_00539,member,2025-05-02T21:00:00,False
user_002360,org_00539,member,2025-05-02T07:00:00,False
user_002361,org_00539,viewer,2025-05-01T04:00:00,False
user_002362,org_00539,viewer,2025-05-02T13:00:00,False
user_002363,org_00540,admin,2025-08-26T05:00:00,True
user_002364,org_00541,admin,2025-12-14T13:00:00,True
user_002365,org_00541,member,2025-12-14T16:00:00,False
user_002366,org_00541,member,2025-12-13T22:00:00,False
user_002367,org_00541,member,2025-12-13T20:00:00,False
user_002368,org_00542,admin,2025-05-27T03:00:00,True
user_002369,org_00542,member,2025-05-28T06:00:00,False
user_002370,org_00542,member,2025-05-28T16:00:00,False
user_002371,org_00542,member,2025-05-27T12:00:00,False
user_002372,org_00542,member,2025-05-27T05:00:00,False
user_002373,org_00542,member,2025-05-27T07:00:00,False
user_002374,org_00542,member,2025-05-28T11:00:00,False
user_002375,org_00543,admin,2025-06-27T11:00:00,True
user_002376,org_00543,member,2025-06-28T03:00:00,False
user_002377,org_00543,member,2025-06-27T10:00:00,False
user_002378,org_00543,viewer,2025-06-27T07:00:00,False
user_002379,org_00543,member,2025-06-27T11:00:00,False
user_002380,org_00543,member,2025-06-27T16:00:00,False
user_002381,org_00543,member,2025-06-27T02:00:00,False
user_002382,org_00543,member,2025-06-27T15:00:00,False
user_002383,org_00544,admin,2025-02-13T08:00:00,True
user_002384,org_00544,member,2025-02-14T02:00:00,False
user_002385,org_00544,member,2025-02-14T00:00:00,False
user_002386,org_00545,admin,2025-08-19T05:00:00,True
user_002387,org_00545,member,2025-08-18T22:00:00,False
user_002388,org_00545,member,2025-08-18T12:00:00,False
user_002389,org_00545,viewer,2025-08-19T18:00:00,False
user_002390,org_00545,member,2025-08-19T11:00:00,False
user_002391,org_00545,member,2025-08-19T01:00:00,False
user_002392,org_00546,admin,2025-05-27T19:00:00,True
user_002393,org_00546,member,2025-05-28T00:00:00,False
user_002394,org_00546,viewer,2025-05-27T00:00:00,False
user_002395,org_00546,viewer,2025-05-28T06:00:00,False
user_002396,org_00547,admin,2025-09-28T06:00:00,True
user_002397,org_00547,member,2025-09-27T19:00:00,False
user_002398,org_00547,viewer,2025-09-28T19:00:00,False
user_002399,org_00547,member,2025-09-28T01:00:00,False
user_002400,org_00547,member,2025-09-28T08:00:00,False
user_002401,org_00548,admin,2025-05-01T13:00:00,True
user_002402,org_00548,member,2025-04-30T13:00:00,False
user_002403,org_00548,member,2025-04-30T06:00:00,False
user_002404,org_00548,member,2025-05-01T11:00:00,False
user_002405,org_00548,member,2025-05-01T13:00:00,False
user_002406,org_00549,admin,2025-06-05T22:00:00,True
user_002407,org_00550,admin,2025-08-27T10:00:00,True
user_002408,org_00550,member,2025-08-27T03:00:00,False
user_002409,org_00550,viewer,2025-08-27T09:00:00,False
user_002410,org_00550,member,2025-08-27T19:00:00,False
user_002411,org_00551,admin,2025-07-29T22:00:00,True
user_002412,org_00552,admin,2025-02-24T00:00:00,True
user_002413,org_00552,member,2025-02-23T03:00:00,False
user_002414,org_00552,member,2025-02-24T14:00:00,False
user_002415,org_00552,member,2025-02-24T19:00:00,False
user_002416,org_00552,member,2025-02-24T13:00:00,False
user_002417,org_00552,member,2025-02-23T22:00:00,False
user_002418,org_00553,admin,2025-08-07T14:00:00,True
user_002419,org_00554,admin,2025-05-25T07:00:00,True
user_002420,org_00554,viewer,2025-05-24T15:00:00,False
user_002421,org_00554,member,2025-05-24T19:00:00,False
user_002422,org_00554,viewer,2025-05-24T16:00:00,False
user_002423,org_00554,member,2025-05-25T18:00:00,False
user_002424,org_00554,member,2025-05-24T08:00:00,False
user_002425,org_00554,member,2025-05-25T17:00:00,False
user_002426,org_00554,viewer,2025-05-25T16:00:00,False
user_002427,org_00555,admin,2025-04-29T01:00:00,True
user_002428,org_00555,member,2025-04-29T12:00:00,False
user_002429,org_00556,admin,2025-09-17T23:00:00,True
user_002430,org_00556,member,2025-09-18T22:00:00,False
user_002431,org_00557,admin,2025-12-08T20:00:00,True
user_002432,org_00557,viewer,2025-12-07T10:00:00,False
user_002433,org_00557,member,2025-12-08T20:00:00,False
user_002434,org_00558,admin,2025-05-16T13:00:00,True
user_002435,org_00558,member,2025-05-17T07:00:00,False
user_002436,org_00558,member,2025-05-16T03:00:00,False
user_002437,org_00558,viewer,2025-05-17T23:00:00,False
user_002438,org_00558,member,2025-05-17T16:00:00,False
user_002439,org_00558,member,2025-05-16T17:00:00,False
user_002440,org_00559,admin,2025-09-28T10:00:00,True
user_002441,org_00559,viewer,2025-09-28T11:00:00,False
user_002442,org_00560,admin,2025-11-19T05:00:00,True
user_002443,org_00560,member,2025-11-20T11:00:00,False
user_002444,org_00561,admin,2025-06-18T20:00:00,True
user_002445,org_00561,viewer,2025-06-18T11:00:00,False
user_002446,org_00561,member,2025-06-19T03:00:00,False
user_002447,org_00562,admin,2025-05-09T18:00:00,True
user_002448,org_00563,admin,2025-07-23T19:00:00,True
user_002449,org_00563,member,2025-07-23T20:00:00,False
user_002450,org_00563,member,2025-07-22T09:00:00,False
user_002451,org_00564,admin,2025-02-06T03:00:00,True
user_002452,org_00564,member,2025-02-05T17:00:00,False
user_002453,org_00564,viewer,2025-02-05T22:00:00,False
user_002454,org_00564,member,2025-02-05T04:00:00,False
user_002455,org_00565,admin,2025-12-17T10:00:00,True
user_002456,org_00565,member,2025-12-18T19:00:00,False
user_002457,org_00565,member,2025-12-17T05:00:00,False
user_002458,org_00565,viewer,2025-12-17T12:00:00,False
user_002459,org_00565,member,2025-12-18T11:00:00,False
user_002460,org_00566,admin,2025-05-25T23:00:00,True
user_002461,org_00566,viewer,2025-05-25T07:00:00,False
user_002462,org_00566,member,2025-05-25T07:00:00,False
user_002463,org_00566,member,2025-05-25T05:00:00,False
user_002464,org_00566,member,2025-05-25T03:00:00,False
user_002465,org_00566,member,2025-05-26T23:00:00,False
user_002466,org_00566,viewer,2025-05-25T18:00:00,False
user_002467,org_00567,admin,2025-10-04T11:00:00,True
user_002468,org_00567,member,2025-10-05T12:00:00,False
user_002469,org_00567,member,2025-10-04T08:00:00,False
user_002470,org_00567,member,2025-10-05T06:00:00,False
user_002471,org_00567,viewer,2025-10-04T18:00:00,False
user_002472,org_00567,member,2025-10-05T11:00:00,False
user_002473,org_00567,member,2025-10-04T21:00:00,False
user_002474,org_00568,admin,2025-02-06T13:00:00,True
user_002475,org_00568,member,2025-02-05T21:00:00,False
user_002476,org_00569,admin,2025-02-24T01:00:00,True
user_002477,org_00569,member,2025-02-24T09:00:00,False
user_002478,org_00569,member,2025-02-25T03:00:00,False
user_002479,org_00569,viewer,2025-02-24T12:00:00,False
user_002480,org_00569,member,2025-02-24T14:00:00,False
user_002481,org_00569,member,2025-02-25T01:00:00,False
user_002482,org_00569,member,2025-02-25T22:00:00,False
user_002483,org_00570,admin,2025-10-14T06:00:00,True
user_002484,org_00570,member,2025-10-13T02:00:00,False
user_002485,org_00570,member,2025-10-13T23:00:00,False
user_002486,org_00570,viewer,2025-10-13T03:00:00,False
user_002487,org_00570,viewer,2025-10-13T06:00:00,False
user_002488,org_00570,member,2025-10-14T02:00:00,False
user_002489,org_00570,member,2025-10-13T16:00:00,False
user_002490,org_00571,admin,2025-09-29T04:00:00,True
user_002491,org_00571,member,2025-09-30T23:00:00,False
user_002492,org_00571,member,2025-09-29T02:00:00,False
user_002493,org_00572,admin,2025-11-10T00:00:00,True
user_002494,org_00573,admin,2025-08-24T08:00:00,True
user_002495,org_00573,member,2025-08-24T12:00:00,False
user_002496,org_00574,admin,2025-08-29T01:00:00,True
user_002497,org_00574,member,2025-08-29T02:00:00,False
user_002498,org_00574,viewer,2025-08-29T01:00:00,False
user_002499,org_00574,member,2025-08-29T06:00:00,False
user_002500,org_00574,member,2025-08-29T07:00:00,False
user_002501,org_00574,member,2025-08-30T11:00:00,False
user_002502,org_00575,admin,2025-02-04T17:00:00,True
user_002503,org_00576,admin,2025-07-03T01:00:00,True
user_002504,org_00576,member,2025-07-03T11:00:00,False
user_002505,org_00576,member,2025-07-02T12:00:00,False
user_002506,org_00576,viewer,2025-07-03T21:00:00,False
user_002507,org_00576,member,2025-07-02T18:00:00,False
user_002508,org_00577,admin,2025-03-26T17:00:00,True
user_002509,org_00577,member,2025-03-26T02:00:00,False
user_002510,org_00577,member,2025-03-25T04:00:00,False
user_002511,org_00577,member,2025-03-26T11:00:00,False
user_002512,org_00577,member,2025-03-26T11:00:00,False
user_002513,org_00577,member,2025-03-26T08:00:00,False
user_002514,org_00578,admin,2025-07-03T16:00:00,True
user_002515,org_00579,admin,2025-08-17T04:00:00,True
user_002516,org_00579,member,2025-08-18T00:00:00,False
user_002517,org_00580,admin,2025-05-02T14:00:00,True
user_002518,org_00580,viewer,2025-05-02T11:00:00,False
user_002519,org_00580,viewer,2025-05-03T07:00:00,False
user_002520,org_00580,viewer,2025-05-03T07:00:00,False
user_002521,org_00580,viewer,2025-05-03T21:00:00,False
user_002522,org_00580,member,2025-05-03T03:00:00,False
user_002523,org_00580,member,2025-05-03T04:00:00,False
user_002524,org_00580,member,2025-05-03T01:00:00,False
user_002525,org_00581,admin,2025-01-04T05:00:00,True
user_002526,org_00581,member,2025-01-03T01:00:00,False
user_002527,org_00581,member,2025-01-04T17:00:00,False
user_002528,org_00581,viewer,2025-01-03T01:00:00,False
user_002529,org_00581,member,2025-01-03T10:00:00,False
user_002530,org_00581,viewer,2025-01-04T07:00:00,False
user_002531,org_00581,member,2025-01-03T19:00:00,False
user_002532,org_00582,admin,2025-04-20T18:00:00,True
user_002533,org_00582,member,2025-04-20T18:00:00,False
user_002534,org_00582,viewer,2025-04-20T13:00:00,False
user_002535,org_00582,member,2025-04-20T11:00:00,False
user_002536,org_00582,member,2025-04-19T16:00:00,False
user_002537,org_00582,member,2025-04-19T10:00:00,False
user_002538,org_00583,admin,2025-01-15T17:00:00,True
user_002539,org_00583,member,2025-01-14T08:00:00,False
user_002540,org_00583,member,2025-01-14T12:00:00,False
user_002541,org_00583,member,2025-01-15T09:00:00,False
user_002542,org_00584,admin,2025-06-27T08:00:00,True
user_002543,org_00584,member,2025-06-27T22:00:00,False
user_002544,org_00585,admin,2025-02-19T04:00:00,True
user_002545,org_00585,member,2025-02-20T18:00:00,False
user_002546,org_00585,member,2025-02-20T19:00:00,False
user_002547,org_00586,admin,2025-10-29T07:00:00,True
user_002548,org_00586,member,2025-10-29T23:00:00,False
user_002549,org_00586,member,2025-10-30T17:00:00,False
user_002550,org_00586,member,2025-10-29T14:00:00,False
user_002551,org_00586,member,2025-10-29T06:00:00,False
user_002552,org_00586,member,2025-10-30T13:00:00,False
user_002553,org_00586,member,2025-10-29T01:00:00,False
user_002554,org_00587,admin,2025-04-16T01:00:00,True
user_002555,org_00587,member,2025-04-15T07:00:00,False
user_002556,org_00587,member,2025-04-16T08:00:00,False
user_002557,org_00587,member,2025-04-16T07:00:00,False
user_002558,org_00587,member,2025-04-16T21:00:00,False
user_002559,org_00587,member,2025-04-15T06:00:00,False
user_002560,org_00588,admin,2025-03-06T06:00:00,True
user_002561,org_00588,member,2025-03-05T20:00:00,False
user_002562,org_00588,member,2025-03-06T01:00:00,False
user_002563,org_00588,member,2025-03-05T20:00:00,False
user_002564,org_00588,member,2025-03-06T20:00:00,False
user_002565,org_00589,admin,2025-08-05T17:00:00,True
user_002566,org_00589,member,2025-08-05T16:00:00,False
user_002567,org_00589,member,2025-08-05T02:00:00,False
user_002568,org_00589,member,2025-08-04T10:00:00,False
user_002569,org_00589,member,2025-08-05T04:00:00,False
user_002570,org_00590,admin,2025-04-08T13:00:00,True
user_002571,org_00590,viewer,2025-04-09T20:00:00,False
user_002572,org_00590,member,2025-04-08T07:00:00,False
user_002573,org_00591,admin,2025-04-05T23:00:00,True
user_002574,org_00591,member,2025-04-05T18:00:00,False
user_002575,org_00591,member,2025-04-06T21:00:00,False
user_002576,org_00591,member,2025-04-06T11:00:00,False
user_002577,org_00591,viewer,2025-04-05T12:00:00,False
user_002578,org_00591,member,2025-04-05T18:00:00,False
user_002579,org_00591,viewer,2025-04-05T02:00:00,False
user_002580,org_00592,admin,2025-07-10T02:00:00,True
user_002581,org_00592,member,2025-07-11T04:00:00,False
user_002582,org_00592,member,2025-07-11T07:00:00,False
user_002583,org_00592,member,2025-07-11T03:00:00,False
user_002584,org_00592,member,2025-07-11T14:00:00,False
user_002585,org_00592,member,2025-07-10T21:00:00,False
user_002586,org_00592,member,2025-07-11T15:00:00,False
user_002587,org_00593,admin,2025-01-04T02:00:00,True
user_002588,org_00593,member,2025-01-04T14:00:00,False
user_002589,org_00593,member,2025-01-05T05:00:00,False
user_002590,org_00593,member,2025-01-04T04:00:00,False
user_002591,org_00593,member,2025-01-05T18:00:00,False
user_002592,org_00593,viewer,2025-01-04T12:00:00,False
user_002593,org_00593,member,2025-01-05T17:00:00,False
user_002594,org_00593,member,2025-01-04T21:00:00,False
user_002595,org_00594,admin,2025-05-26T09:00:00,True
user_002596,org_00594,viewer,2025-05-26T19:00:00,False
user_002597,org_00594,member,2025-05-27T02:00:00,False
user_002598,org_00594,viewer,2025-05-26T14:00:00,False
user_002599,org_00594,member,2025-05-26T18:00:00,False
user_002600,org_00594,viewer,2025-05-27T06:00:00,False
user_002601,org_00594,member,2025-05-26T15:00:00,False
user_002602,org_00594,member,2025-05-27T20:00:00,False
user_002603,org_00595,admin,2025-05-08T01:00:00,True
user_002604,org_00595,member,2025-05-08T13:00:00,False
user_002605,org_00595,member,2025-05-07T05:00:00,False
user_002606,org_00595,viewer,2025-05-08T02:00:00,False
user_002607,org_00595,member,2025-05-07T22:00:00,False
user_002608,org_00596,admin,2025-02-07T13:00:00,True
user_002609,org_00596,viewer,2025-02-06T00:00:00,False
user_002610,org_00596,member,2025-02-07T13:00:00,False
user_002611,org_00596,member,2025-02-07T05:00:00,False
user_002612,org_00596,viewer,2025-02-07T06:00:00,False
user_002613,org_00596,viewer,2025-02-07T12:00:00,False
user_002614,org_00597,admin,2025-08-16T21:00:00,True
user_002615,org_00597,member,2025-08-15T18:00:00,False
user_002616,org_00597,member,2025-08-15T20:00:00,False
user_002617,org_00597,member,2025-08-16T06:00:00,False
user_002618,org_00597,member,2025-08-15T21:00:00,False
user_002619,org_00597,member,2025-08-15T19:00:00,False
user_002620,org_00597,member,2025-08-15T15:00:00,False
user_002621,org_00598,admin,2025-04-07T11:00:00,True
user_002622,org_00598,member,2025-04-07T07:00:00,False
user_002623,org_00599,admin,2025-09-20T19:00:00,True
user_002624,org_00599,member,2025-09-20T01:00:00,False
user_002625,org_00599,member,2025-09-20T22:00:00,False
user_002626,org_00599,viewer,2025-09-20T14:00:00,False
user_002627,org_00599,member,2025-09-20T20:00:00,False
user_002628,org_00600,admin,2025-12-20T16:00:00,True
user_002629,org_00600,viewer,2025-12-21T11:00:00,False
user_002630,org_00600,member,2025-12-21T22:00:00,False
user_002631,org_00600,member,2025-12-21T14:00:00,False
user_002632,org_00600,member,2025-12-20T06:00:00,False
user_002633,org_00600,member,2025-12-21T00:00:00,False
user_002634,org_00600,member,2025-12-20T02:00:00,False
user_002635,org_00601,admin,2025-02-15T20:00:00,True
user_002636,org_00601,viewer,2025-02-15T22:00:00,False
user_002637,org_00601,member,2025-02-16T18:00:00,False
user_002638,org_00601,member,2025-02-15T05:00:00,False
user_002639,org_00602,admin,2025-12-29T18:00:00,True
user_002640,org_00602,member,2025-12-29T06:00:00,False
user_002641,org_00602,member,2025-12-28T22:00:00,False
user_002642,org_00602,member,2025-12-28T22:00:00,False
user_002643,org_00603,admin,2025-03-06T12:00:00,True
user_002644,org_00603,member,2025-03-05T03:00:00,False
user_002645,org_00603,viewer,2025-03-06T02:00:00,False
user_002646,org_00603,member,2025-03-05T15:00:00,False
user_002647,org_00603,member,2025-03-05T20:00:00,False
user_002648,org_00603,viewer,2025-03-06T00:00:00,False
user_002649,org_00604,admin,2025-06-14T20:00:00,True
user_002650,org_00605,admin,2025-03-21T15:00:00,True
user_002651,org_00605,member,2025-03-21T22:00:00,False
user_002652,org_00605,member,2025-03-21T15:00:00,False
user_002653,org_00605,member,2025-03-20T10:00:00,False
user_002654,org_00605,viewer,2025-03-21T20:00:00,False
user_002655,org_00605,member,2025-03-20T07:00:00,False
user_002656,org_00605,member,2025-03-21T04:00:00,False
user_002657,org_00606,admin,2025-03-05T04:00:00,True
user_002658,org_00606,viewer,2025-03-04T07:00:00,False
user_002659,org_00606,member,2025-03-04T12:00:00,False
user_002660,org_00606,member,2025-03-04T12:00:00,False
user_002661,org_00606,member,2025-03-05T22:00:00,False
user_002662,org_00606,viewer,2025-03-04T06:00:00,False
user_002663,org_00606,member,2025-03-05T23:00:00,False
user_002664,org_00606,member,2025-03-04T05:00:00,False
user_002665,org_00607,admin,2025-05-25T11:00:00,True
user_002666,org_00607,viewer,2025-05-25T21:00:00,False
user_002667,org_00607,member,2025-05-25T03:00:00,False
user_002668,org_00607,member,2025-05-24T19:00:00,False
user_002669,org_00607,viewer,2025-05-24T23:00:00,False
user_002670,org_00607,member,2025-05-24T17:00:00,False
user_002671,org_00607,member,2025-05-24T03:00:00,False
user_002672,org_00608,admin,2025-07-22T23:00:00,True
user_002673,org_00609,admin,2025-02-15T11:00:00,True
user_002674,org_00609,member,2025-02-15T05:00:00,False
user_002675,org_00609,member,2025-02-15T18:00:00,False
user_002676,org_00609,member,2025-02-15T07:00:00,False
user_002677,org_00610,admin,2025-05-10T18:00:00,True
user_002678,org_00610,member,2025-05-11T16:00:00,False
user_002679,org_00610,member,2025-05-11T09:00:00,False
user_002680,org_00610,member,2025-05-10T02:00:00,False
user_002681,org_00610,member,2025-05-10T04:00:00,False
user_002682,org_00611,admin,2025-11-27T18:00:00,True
user_002683,org_00611,viewer,2025-11-27T07:00:00,False
user_002684,org_00612,admin,2025-06-29T19:00:00,True
user_002685,org_00612,viewer,2025-06-29T13:00:00,False
user_002686,org_00612,viewer,2025-06-29T05:00:00,False
user_002687,org_00612,member,2025-06-30T21:00:00,False
user_002688,org_00612,member,2025-06-29T09:00:00,False
user_002689,org_00612,member,2025-06-30T10:00:00,False
user_002690,org_00612,member,2025-06-29T22:00:00,False
user_002691,org_00612,viewer,2025-06-30T22:00:00,False
user_002692,org_00613,admin,2025-05-28T23:00:00,True
user_002693,org_00613,viewer,2025-05-29T00:00:00,False
user_002694,org_00614,admin,2025-10-11T02:00:00,True
user_002695,org_00614,member,2025-10-11T02:00:00,False
user_002696,org_00614,member,2025-10-10T14:00:00,False
user_002697,org_00614,viewer,2025-10-10T23:00:00,False
user_002698,org_00614,member,2025-10-11T18:00:00,False
user_002699,org_00615,admin,2025-07-05T07:00:00,True
user_002700,org_00615,member,2025-07-06T20:00:00,False
user_002701,org_00615,viewer,2025-07-06T03:00:00,False
user_002702,org_00616,admin,2025-02-11T23:00:00,True
user_002703,org_00616,member,2025-02-10T04:00:00,False
user_002704,org_00616,member,2025-02-11T05:00:00,False
user_002705,org_00616,viewer,2025-02-10T15:00:00,False
user_002706,org_00616,member,2025-02-10T05:00:00,False
user_002707,org_00617,admin,2025-12-16T21:00:00,True
user_002708,org_00617,member,2025-12-15T11:00:00,False
user_002709,org_00617,member,2025-12-15T15:00:00,False
user_002710,org_00617,member,2025-12-16T05:00:00,False
user_002711,org_00617,member,2025-12-15T13:00:00,False
user_002712,org_00617,member,2025-12-15T00:00:00,False
user_002713,org_00617,member,2025-12-15T02:00:00,False
user_002714,org_00618,admin,2025-11-01T18:00:00,True
user_002715,org_00618,member,2025-10-31T05:00:00,False
user_002716,org_00618,member,2025-11-01T23:00:00,False
user_002717,org_00618,member,2025-11-01T16:00:00,False
user_002718,org_00618,member,2025-11-01T09:00:00,False
user_002719,org_00619,admin,2025-08-07T04:00:00,True
user_002720,org_00619,viewer,2025-08-07T05:00:00,False
user_002721,org_00619,member,2025-08-08T02:00:00,False
user_002722,org_00619,member,2025-08-07T16:00:00,False
user_002723,org_00619,viewer,2025-08-08T06:00:00,False
user_002724,org_00619,member,2025-08-08T01:00:00,False
user_002725,org_00619,viewer,2025-08-07T22:00:00,False
user_002726,org_00620,admin,2025-06-15T16:00:00,True
user_002727,org_00621,admin,2025-04-25T04:00:00,True
user_002728,org_00622,admin,2025-07-05T07:00:00,True
user_002729,org_00622,member,2025-07-05T19:00:00,False
user_002730,org_00622,viewer,2025-07-05T18:00:00,False
user_002731,org_00622,member,2025-07-04T16:00:00,False
user_002732,org_00622,member,2025-07-04T10:00:00,False
user_002733,org_00622,member,2025-07-04T08:00:00,False
user_002734,org_00622,viewer,2025-07-04T07:00:00,False
user_002735,org_00622,member,2025-07-05T05:00:00,False
user_002736,org_00623,admin,2025-03-13T20:00:00,True
user_002737,org_00623,member,2025-03-12T11:00:00,False
user_002738,org_00624,admin,2025-04-07T11:00:00,True
user_002739,org_00624,member,2025-04-07T03:00:00,False
user_002740,org_00624,member,2025-04-06T11:00:00,False
user_002741,org_00624,member,2025-04-07T21:00:00,False
user_002742,org_00624,member,2025-04-07T09:00:00,False
user_002743,org_00624,member,2025-04-06T05:00:00,False
user_002744,org_00624,member,2025-04-06T12:00:00,False
user_002745,org_00624,member,2025-04-07T09:00:00,False
user_002746,org_00625,admin,2025-03-25T20:00:00,True
user_002747,org_00625,member,2025-03-25T03:00:00,False
user_002748,org_00625,member,2025-03-25T19:00:00,False
user_002749,org_00625,member,2025-03-26T11:00:00,False
user_002750,org_00625,member,2025-03-25T05:00:00,False
user_002751,org_00625,member,2025-03-25T12:00:00,False
user_002752,org_00625,member,2025-03-26T17:00:00,False
user_002753,org_00625,member,2025-03-26T07:00:00,False
user_002754,org_00626,admin,2025-06-22T08:00:00,True
user_002755,org_00626,viewer,2025-06-21T19:00:00,False
user_002756,org_00626,member,2025-06-21T08:00:00,False
user_002757,org_00627,admin,2025-06-23T05:00:00,True
user_002758,org_00627,member,2025-06-23T16:00:00,False
user_002759,org_00628,admin,2025-07-30T05:00:00,True
user_002760,org_00628,viewer,2025-07-30T21:00:00,False
user_002761,org_00628,member,2025-07-29T13:00:00,False
user_002762,org_00628,member,2025-07-29T10:00:00,False
user_002763,org_00628,member,2025-07-29T13:00:00,False
user_002764,org_00628,member,2025-07-29T04:00:00,False
user_002765,org_00629,admin,2025-09-18T00:00:00,True
user_002766,org_00629,member,2025-09-17T01:00:00,False
user_002767,org_00629,member,2025-09-17T20:00:00,False
user_002768,org_00629,member,2025-09-17T01:00:00,False
user_002769,org_00629,viewer,2025-09-17T01:00:00,False
user_002770,org_00630,admin,2025-08-03T06:00:00,True
user_002771,org_00630,member,2025-08-03T10:00:00,False
user_002772,org_00630,member,2025-08-04T17:00:00,False
user_002773,org_00630,member,2025-08-03T03:00:00,False
user_002774,org_00631,admin,2025-06-09T03:00:00,True
user_002775,org_00631,member,2025-06-10T07:00:00,False
user_002776,org_00632,admin,2025-07-10T11:00:00,True
user_002777,org_00632,member,2025-07-10T12:00:00,False
user_002778,org_00632,viewer,2025-07-11T01:00:00,False
user_002779,org_00632,member,2025-07-11T13:00:00,False
user_002780,org_00632,member,2025-07-10T00:00:00,False
user_002781,org_00632,viewer,2025-07-11T22:00:00,False
user_002782,org_00632,member,2025-07-10T13:00:00,False
user_002783,org_00633,admin,2025-11-30T06:00:00,True
user_002784,org_00633,viewer,2025-11-30T15:00:00,False
user_002785,org_00633,member,2025-12-01T17:00:00,False
user_002786,org_00633,member,2025-12-01T06:00:00,False
user_002787,org_00633,member,2025-11-30T20:00:00,False
user_002788,org_00634,admin,2025-01-17T15:00:00,True
user_002789,org_00634,member,2025-01-16T12:00:00,False
user_002790,org_00634,viewer,2025-01-16T17:00:00,False
user_002791,org_00635,admin,2025-06-19T06:00:00,True
user_002792,org_00635,viewer,2025-06-19T04:00:00,False
user_002793,org_00635,viewer,2025-06-19T17:00:00,False
user_002794,org_00635,member,2025-06-18T22:00:00,False
user_002795,org_00635,viewer,2025-06-19T10:00:00,False
user_002796,org_00635,member,2025-06-19T16:00:00,False
user_002797,org_00635,member,2025-06-18T10:00:00,False
user_002798,org_00636,admin,2025-07-07T14:00:00,True
user_002799,org_00637,admin,2025-03-06T19:00:00,True
user_002800,org_00637,member,2025-03-05T01:00:00,False
user_002801,org_00637,member,2025-03-06T02:00:00,False
user_002802,org_00637,member,2025-03-06T18:00:00,False
user_002803,org_00637,member,2025-03-06T18:00:00,False
user_002804,org_00637,member,2025-03-06T05:00:00,False
user_002805,org_00638,admin,2025-08-14T17:00:00,True
user_002806,org_00638,viewer,2025-08-14T18:00:00,False
user_002807,org_00638,viewer,2025-08-14T22:00:00,False
user_002808,org_00638,member,2025-08-15T05:00:00,False
user_002809,org_00638,member,2025-08-14T09:00:00,False
user_002810,org_00638,viewer,2025-08-15T07:00:00,False
user_002811,org_00638,viewer,2025-08-15T18:00:00,False
user_002812,org_00639,admin,2025-04-14T09:00:00,True
user_002813,org_00639,viewer,2025-04-14T03:00:00,False
user_002814,org_00639,member,2025-04-14T00:00:00,False
user_002815,org_00639,viewer,2025-04-13T05:00:00,False
user_002816,org_00639,member,2025-04-13T01:00:00,False
user_002817,org_00640,admin,2025-01-26T00:00:00,True
user_002818,org_00640,member,2025-01-27T15:00:00,False
user_002819,org_00640,viewer,2025-01-27T20:00:00,False
user_002820,org_00641,admin,2025-05-19T21:00:00,True
user_002821,org_00641,member,2025-05-19T03:00:00,False
user_002822,org_00641,member,2025-05-20T18:00:00,False
user_002823,org_00641,member,2025-05-20T07:00:00,False
user_002824,org_00642,admin,2025-12-08T18:00:00,True
user_002825,org_00642,member,2025-12-08T08:00:00,False
user_002826,org_00642,member,2025-12-07T20:00:00,False
user_002827,org_00642,member,2025-12-08T17:00:00,False
user_002828,org_00642,member,2025-12-07T06:00:00,False
user_002829,org_00642,member,2025-12-07T10:00:00,False
user_002830,org_00643,admin,2025-06-02T00:00:00,True
user_002831,org_00643,member,2025-06-02T15:00:00,False
user_002832,org_00643,member,2025-06-03T12:00:00,False
user_002833,org_00644,admin,2025-12-13T19:00:00,True
user_002834,org_00644,viewer,2025-12-12T19:00:00,False
user_002835,org_00644,member,2025-12-12T09:00:00,False
user_002836,org_00644,member,2025-12-12T02:00:00,False
user_002837,org_00644,viewer,2025-12-12T15:00:00,False
user_002838,org_00644,member,2025-12-13T04:00:00,False
user_002839,org_00644,member,2025-12-12T11:00:00,False
user_002840,org_00645,admin,2025-01-11T12:00:00,True
user_002841,org_00645,member,2025-01-11T14:00:00,False
user_002842,org_00645,member,2025-01-11T07:00:00,False
user_002843,org_00645,member,2025-01-10T19:00:00,False
user_002844,org_00646,admin,2025-07-26T00:00:00,True
user_002845,org_00646,viewer,2025-07-26T21:00:00,False
user_002846,org_00646,member,2025-07-26T23:00:00,False
user_002847,org_00647,admin,2025-11-14T00:00:00,True
user_002848,org_00647,member,2025-11-14T11:00:00,False
user_002849,org_00647,viewer,2025-11-15T18:00:00,False
user_002850,org_00648,admin,2025-03-22T15:00:00,True
user_002851,org_00648,member,2025-03-23T20:00:00,False
user_002852,org_00648,viewer,2025-03-23T14:00:00,False
user_002853,org_00648,viewer,2025-03-23T17:00:00,False
user_002854,org_00648,member,2025-03-22T04:00:00,False
user_002855,org_00648,viewer,2025-03-22T16:00:00,False
user_002856,org_00649,admin,2025-11-27T13:00:00,True
user_002857,org_00649,member,2025-11-26T07:00:00,False
user_002858,org_00649,viewer,2025-11-26T23:00:00,False
user_002859,org_00649,member,2025-11-27T15:00:00,False
user_002860,org_00650,admin,2025-04-12T08:00:00,True
user_002861,org_00650,member,2025-04-11T22:00:00,False
user_002862,org_00650,viewer,2025-04-11T15:00:00,False
user_002863,org_00651,admin,2025-05-05T03:00:00,True
user_002864,org_00651,viewer,2025-05-04T03:00:00,False
user_002865,org_00651,viewer,2025-05-05T17:00:00,False
user_002866,org_00651,viewer,2025-05-04T17:00:00,False
user_002867,org_00651,member,2025-05-05T15:00:00,False
user_002868,org_00652,admin,2025-09-06T02:00:00,True
user_002869,org_00652,member,2025-09-06T02:00:00,False
user_002870,org_00652,member,2025-09-05T18:00:00,False
user_002871,org_00653,admin,2025-09-02T19:00:00,True
user_002872,org_00653,viewer,2025-09-02T05:00:00,False
user_002873,org_00653,member,2025-09-01T01:00:00,False
user_002874,org_00653,member,2025-09-01T10:00:00,False
user_002875,org_00653,member,2025-09-01T23:00:00,False
user_002876,org_00653,member,2025-09-02T11:00:00,False
user_002877,org_00654,admin,2025-08-05T03:00:00,True
user_002878,org_00654,viewer,2025-08-05T20:00:00,False
user_002879,org_00655,admin,2025-01-17T14:00:00,True
user_002880,org_00655,member,2025-01-17T23:00:00,False
user_002881,org_00655,viewer,2025-01-18T21:00:00,False
user_002882,org_00656,admin,2025-05-10T17:00:00,True
user_002883,org_00656,member,2025-05-10T16:00:00,False
user_002884,org_00657,admin,2025-04-19T17:00:00,True
user_002885,org_00657,member,2025-04-20T22:00:00,False
user_002886,org_00657,viewer,2025-04-19T19:00:00,False
user_002887,org_00657,member,2025-04-19T01:00:00,False
user_002888,org_00657,member,2025-04-20T20:00:00,False
user_002889,org_00658,admin,2025-09-01T11:00:00,True
user_002890,org_00658,member,2025-09-02T15:00:00,False
user_002891,org_00659,admin,2025-05-13T22:00:00,True
user_002892,org_00659,member,2025-05-14T00:00:00,False
user_002893,org_00659,member,2025-05-13T11:00:00,False
user_002894,org_00660,admin,2025-08-10T14:00:00,True
user_002895,org_00661,admin,2025-04-12T10:00:00,True
user_002896,org_00661,member,2025-04-12T23:00:00,False
user_002897,org_00661,member,2025-04-12T22:00:00,False
user_002898,org_00661,member,2025-04-12T08:00:00,False
user_002899,org_00661,member,2025-04-12T16:00:00,False
user_002900,org_00661,member,2025-04-12T05:00:00,False
user_002901,org_00661,member,2025-04-13T22:00:00,False
user_002902,org_00661,member,2025-04-12T15:00:00,False
user_002903,org_00662,admin,2025-03-02T04:00:00,True
user_002904,org_00662,member,2025-03-03T01:00:00,False
user_002905,org_00662,viewer,2025-03-03T10:00:00,False
user_002906,org_00662,member,2025-03-03T08:00:00,False
user_002907,org_00662,member,2025-03-02T09:00:00,False
user_002908,org_00662,viewer,2025-03-03T05:00:00,False
user_002909,org_00662,member,2025-03-02T03:00:00,False
user_002910,org_00662,viewer,2025-03-03T09:00:00,False
user_002911,org_00663,admin,2025-10-28T22:00:00,True
user_002912,org_00663,member,2025-10-29T08:00:00,False
user_002913,org_00663,member,2025-10-28T13:00:00,False
user_002914,org_00663,member,2025-10-29T03:00:00,False
user_002915,org_00663,member,2025-10-28T11:00:00,False
user_002916,org_00663,viewer,2025-10-29T05:00:00,False
user_002917,org_00663,member,2025-10-29T02:00:00,False
user_002918,org_00664,admin,2025-08-01T08:00:00,True
user_002919,org_00664,viewer,2025-08-01T13:00:00,False
user_002920,org_00664,member,2025-07-31T13:00:00,False
user_002921,org_00664,viewer,2025-08-01T20:00:00,False
user_002922,org_00664,member,2025-08-01T08:00:00,False
user_002923,org_00664,viewer,2025-07-31T11:00:00,False
user_002924,org_00664,member,2025-08-01T19:00:00,False
user_002925,org_00664,member,2025-08-01T17:00:00,False
user_002926,org_00665,admin,2025-04-12T05:00:00,True
user_002927,org_00665,member,2025-04-11T08:00:00,False
user_002928,org_00665,member,2025-04-11T05:00:00,False
user_002929,org_00665,member,2025-04-11T01:00:00,False
user_002930,org_00665,member,2025-04-12T16:00:00,False
user_002931,org_00666,admin,2025-10-07T15:00:00,True
user_002932,org_00666,viewer,2025-10-07T07:00:00,False
user_002933,org_00666,viewer,2025-10-08T08:00:00,False
user_002934,org_00667,admin,2025-03-16T10:00:00,True
user_002935,org_00667,viewer,2025-03-15T02:00:00,False
user_002936,org_00667,viewer,2025-03-15T01:00:00,False
user_002937,org_00667,viewer,2025-03-16T21:00:00,False
user_002938,org_00668,admin,2025-09-14T20:00:00,True
user_002939,org_00668,member,2025-09-13T17:00:00,False
user_002940,org_00668,member,2025-09-13T12:00:00,False
user_002941,org_00668,member,2025-09-13T06:00:00,False
user_002942,org_00669,admin,2025-11-19T07:00:00,True
user_002943,org_00669,member,2025-11-19T04:00:00,False
user_002944,org_00669,member,2025-11-19T18:00:00,False
user_002945,org_00669,viewer,2025-11-18T06:00:00,False
user_002946,org_00669,member,2025-11-18T15:00:00,False
user_002947,org_00669,member,2025-11-19T07:00:00,False
user_002948,org_00670,admin,2025-02-23T14:00:00,True
user_002949,org_00670,member,2025-02-24T21:00:00,False
user_002950,org_00670,member,2025-02-23T01:00:00,False
user_002951,org_00670,viewer,2025-02-24T23:00:00,False
user_002952,org_00670,member,2025-02-23T20:00:00,False
user_002953,org_00671,admin,2025-02-16T13:00:00,True
user_002954,org_00671,viewer,2025-02-16T08:00:00,False
user_002955,org_00671,member,2025-02-17T21:00:00,False
user_002956,org_00671,member,2025-02-17T19:00:00,False
user_002957,org_00672,admin,2025-10-01T08:00:00,True
user_002958,org_00672,viewer,2025-09-30T19:00:00,False
user_002959,org_00672,member,2025-10-01T03:00:00,False
user_002960,org_00672,viewer,2025-09-30T09:00:00,False
user_002961,org_00672,member,2025-09-30T02:00:00,False
user_002962,org_00672,member,2025-09-30T17:00:00,False
user_002963,org_00672,viewer,2025-10-01T19:00:00,False
user_002964,org_00672,viewer,2025-10-01T00:00:00,False
user_002965,org_00673,admin,2025-07-31T00:00:00,True
user_002966,org_00673,member,2025-08-01T01:00:00,False
user_002967,org_00673,member,2025-08-01T10:00:00,False
user_002968,org_00673,member,2025-08-01T02:00:00,False
user_002969,org_00673,member,2025-08-01T13:00:00,False
user_002970,org_00673,member,2025-07-31T01:00:00,False
user_002971,org_00673,member,2025-07-31T03:00:00,False
user_002972,org_00674,admin,2025-03-01T14:00:00,True
user_002973,org_00674,member,2025-03-01T14:00:00,False
user_002974,org_00674,member,2025-03-01T12:00:00,False
user_002975,org_00674,member,2025-03-01T01:00:00,False
user_002976,org_00675,admin,2025-09-26T06:00:00,True
user_002977,org_00675,member,2025-09-26T18:00:00,False
user_002978,org_00675,member,2025-09-26T22:00:00,False
user_002979,org_00675,member,2025-09-26T19:00:00,False
user_002980,org_00676,admin,2025-10-05T13:00:00,True
user_002981,org_00676,member,2025-10-05T18:00:00,False
user_002982,org_00677,admin,2025-09-12T06:00:00,True
user_002983,org_00677,member,2025-09-11T13:00:00,False
user_002984,org_00677,member,2025-09-12T01:00:00,False
user_002985,org_00677,member,2025-09-12T03:00:00,False
user_002986,org_00677,member,2025-09-12T14:00:00,False
user_002987,org_00677,member,2025-09-12T16:00:00,False
user_002988,org_00677,member,2025-09-12T11:00:00,False
user_002989,org_00678,admin,2025-10-21T18:00:00,True
user_002990,org_00679,admin,2025-06-02T15:00:00,True
user_002991,org_00680,admin,2025-05-02T07:00:00,True
user_002992,org_00680,viewer,2025-05-03T20:00:00,False
user_002993,org_00680,member,2025-05-02T13:00:00,False
user_002994,org_00680,member,2025-05-02T20:00:00,False
user_002995,org_00680,viewer,2025-05-03T00:00:00,False
user_002996,org_00680,viewer,2025-05-03T09:00:00,False
user_002997,org_00681,admin,2025-04-08T23:00:00,True
user_002998,org_00681,member,2025-04-08T07:00:00,False
user_002999,org_00681,member,2025-04-07T18:00:00,False
user_003000,org_00682,admin,2025-06-17T00:00:00,True
user_003001,org_00682,member,2025-06-17T11:00:00,False
user_003002,org_00682,member,2025-06-18T04:00:00,False
user_003003,org_00682,member,2025-06-17T07:00:00,False
user_003004,org_00682,viewer,2025-06-17T23:00:00,False
user_003005,org_00683,admin,2025-09-27T07:00:00,True
user_003006,org_00683,member,2025-09-26T02:00:00,False
user_003007,org_00683,viewer,2025-09-27T05:00:00,False
user_003008,org_00683,member,2025-09-27T23:00:00,False
user_003009,org_00683,member,2025-09-26T04:00:00,False
user_003010,org_00683,member,2025-09-26T15:00:00,False
user_003011,org_00683,member,2025-09-26T20:00:00,False
user_003012,org_00683,member,2025-09-26T06:00:00,False
user_003013,org_00684,admin,2025-10-10T02:00:00,True
user_003014,org_00684,member,2025-10-10T15:00:00,False
user_003015,org_00684,viewer,2025-10-10T05:00:00,False
user_003016,org_00684,viewer,2025-10-10T09:00:00,False
user_003017,org_00684,member,2025-10-11T08:00:00,False
user_003018,org_00684,viewer,2025-10-10T16:00:00,False
user_003019,org_00684,viewer,2025-10-11T02:00:00,False
user_003020,org_00684,viewer,2025-10-10T20:00:00,False
user_003021,org_00685,admin,2025-09-01T13:00:00,True
user_003022,org_00685,member,2025-08-31T11:00:00,False
user_003023,org_00685,member,2025-08-31T01:00:00,False
user_003024,org_00685,member,2025-08-31T17:00:00,False
user_003025,org_00685,member,2025-09-01T15:00:00,False
user_003026,org_00685,member,2025-08-31T23:00:00,False
user_003027,org_00685,viewer,2025-09-01T20:00:00,False
user_003028,org_00685,member,2025-09-01T18:00:00,False
user_003029,org_00686,admin,2025-12-12T15:00:00,True
user_003030,org_00686,member,2025-12-11T17:00:00,False
user_003031,org_00686,viewer,2025-12-11T10:00:00,False
user_003032,org_00687,admin,2025-12-15T07:00:00,True
user_003033,org_00687,member,2025-12-16T10:00:00,False
user_003034,org_00687,member,2025-12-15T19:00:00,False
user_003035,org_00688,admin,2025-06-06T12:00:00,True
user_003036,org_00689,admin,2025-10-25T10:00:00,True
user_003037,org_00689,member,2025-10-26T09:00:00,False
user_003038,org_00689,member,2025-10-26T19:00:00,False
user_003039,org_00690,admin,2025-10-27T18:00:00,True
user_003040,org_00691,admin,2025-10-04T15:00:00,True
user_003041,org_00691,member,2025-10-04T13:00:00,False
user_003042,org_00691,member,2025-10-04T23:00:00,False
user_003043,org_00691,member,2025-10-04T01:00:00,False
user_003044,org_00691,member,2025-10-03T20:00:00,False
user_003045,org_00691,member,2025-10-03T21:00:00,False
user_003046,org_00691,member,2025-10-03T02:00:00,False
user_003047,org_00691,member,2025-10-04T01:00:00,False
user_003048,org_00692,admin,2025-07-02T17:00:00,True
user_003049,org_00692,member,2025-07-02T09:00:00,False
user_003050,org_00692,member,2025-07-01T11:00:00,False
user_003051,org_00692,viewer,2025-07-01T01:00:00,False
user_003052,org_00692,member,2025-07-01T03:00:00,False
user_003053,org_00693,admin,2025-08-07T00:00:00,True
user_003054,org_00693,member,2025-08-07T12:00:00,False
user_003055,org_00693,member,2025-08-07T09:00:00,False
user_003056,org_00693,member,2025-08-07T00:00:00,False
user_003057,org_00693,member,2025-08-06T21:00:00,False
user_003058,org_00693,viewer,2025-08-06T17:00:00,False
user_003059,org_00694,admin,2025-03-18T00:00:00,True
user_003060,org_00694,member,2025-03-18T07:00:00,False
user_003061,org_00694,member,2025-03-19T07:00:00,False
user_003062,org_00694,member,2025-03-19T20:00:00,False
user_003063,org_00694,member,2025-03-19T22:00:00,False
user_003064,org_00694,member,2025-03-18T23:00:00,False
user_003065,org_00695,admin,2025-12-11T01:00:00,True
user_003066,org_00695,viewer,2025-12-11T09:00:00,False
user_003067,org_00695,viewer,2025-12-12T16:00:00,False
user_003068,org_00695,member,2025-12-12T20:00:00,False
user_003069,org_00696,admin,2025-09-06T10:00:00,True
user_003070,org_00696,member,2025-09-05T10:00:00,False
user_003071,org_00696,member,2025-09-05T14:00:00,False
user_003072,org_00696,member,2025-09-06T21:00:00,False
user_003073,org_00696,viewer,2025-09-06T21:00:00,False
user_003074,org_00696,member,2025-09-05T09:00:00,False
user_003075,org_00696,member,2025-09-06T19:00:00,False
user_003076,org_00697,admin,2025-07-12T03:00:00,True
user_003077,org_00698,admin,2025-02-16T00:00:00,True
user_003078,org_00698,member,2025-02-17T11:00:00,False
user_003079,org_00698,member,2025-02-17T17:00:00,False
user_003080,org_00698,member,2025-02-16T02:00:00,False
user_003081,org_00698,viewer,2025-02-17T01:00:00,False
user_003082,org_00698,viewer,2025-02-17T04:00:00,False
user_003083,org_00698,member,2025-02-16T21:00:00,False
user_003084,org_00698,member,2025-02-16T08:00:00,False
user_003085,org_00699,admin,2025-10-02T00:00:00,True
user_003086,org_00699,member,2025-10-01T10:00:00,False
user_003087,org_00699,member,2025-10-02T00:00:00,False
user_003088,org_00699,member,2025-10-02T09:00:00,False
user_003089,org_00699,member,2025-10-02T13:00:00,False
user_003090,org_00700,admin,2025-06-06T21:00:00,True
user_003091,org_00700,viewer,2025-06-05T04:00:00,False
user_003092,org_00700,viewer,2025-06-06T02:00:00,False
user_003093,org_00700,member,2025-06-05T05:00:00,False
user_003094,org_00700,member,2025-06-05T00:00:00,False
user_003095,org_00700,member,2025-06-05T19:00:00,False
user_003096,org_00700,member,2025-06-06T01:00:00,False
user_003097,org_00700,member,2025-06-05T01:00:00,False
user_003098,org_00701,admin,2025-10-26T13:00:00,True
user_003099,org_00701,member,2025-10-26T18:00:00,False
user_003100,org_00702,admin,2025-05-16T14:00:00,True
user_003101,org_00702,member,2025-05-15T22:00:00,False
user_003102,org_00702,member,2025-05-15T15:00:00,False
user_003103,org_00702,member,2025-05-15T02:00:00,False
user_003104,org_00702,member,2025-05-16T10:00:00,False
user_003105,org_00702,member,2025-05-15T13:00:00,False
user_003106,org_00703,admin,2025-06-22T22:00:00,True
user_003107,org_00703,viewer,2025-06-21T20:00:00,False
user_003108,org_00703,member,2025-06-21T03:00:00,False
user_003109,org_00703,member,2025-06-22T06:00:00,False
user_003110,org_00703,member,2025-06-22T04:00:00,False
user_003111,org_00703,member,2025-06-22T10:00:00,False
user_003112,org_00704,admin,2025-02-10T15:00:00,True
user_003113,org_00704,member,2025-02-10T04:00:00,False
user_003114,org_00705,admin,2025-06-05T02:00:00,True
user_003115,org_00705,member,2025-06-04T09:00:00,False
user_003116,org_00705,member,2025-06-04T17:00:00,False
user_003117,org_00705,member,2025-06-05T18:00:00,False
user_003118,org_00705,member,2025-06-05T05:00:00,False
user_003119,org_00705,member,2025-06-04T01:00:00,False
user_003120,org_00705,member,2025-06-04T20:00:00,False
user_003121,org_00705,member,2025-06-04T19:00:00,False
user_003122,org_00706,admin,2025-11-05T20:00:00,True
user_003123,org_00706,member,2025-11-05T15:00:00,False
user_003124,org_00706,member,2025-11-06T03:00:00,False
user_003125,org_00707,admin,2025-02-15T06:00:00,True
user_003126,org_00707,member,2025-02-15T07:00:00,False
user_003127,org_00707,member,2025-02-14T15:00:00,False
user_003128,org_00707,member,2025-02-15T08:00:00,False
user_003129,org_00707,member,2025-02-14T19:00:00,False
user_003130,org_00708,admin,2025-06-04T23:00:00,True
user_003131,org_00708,member,2025-06-03T23:00:00,False
user_003132,org_00708,viewer,2025-06-04T13:00:00,False
user_003133,org_00708,member,2025-06-03T14:00:00,False
user_003134,org_00708,member,2025-06-03T18:00:00,False
user_003135,org_00708,member,2025-06-04T15:00:00,False
user_003136,org_00708,member,2025-06-04T22:00:00,False
user_003137,org_00708,member,2025-06-03T21:00:00,False
user_003138,org_00709,admin,2025-10-06T13:00:00,True
user_003139,org_00709,viewer,2025-10-06T04:00:00,False
user_003140,org_00709,member,2025-10-05T10:00:00,False
user_003141,org_00709,viewer,2025-10-06T18:00:00,False
user_003142,org_00709,member,2025-10-06T13:00:00,False
user_003143,org_00709,member,2025-10-05T00:00:00,False
user_003144,org_00709,viewer,2025-10-06T11:00:00,False
user_003145,org_00709,member,2025-10-05T04:00:00,False
user_003146,org_00710,admin,2025-06-22T13:00:00,True
user_003147,org_00710,member,2025-06-23T11:00:00,False
user_003148,org_00711,admin,2025-07-20T04:00:00,True
user_003149,org_00711,member,2025-07-20T23:00:00,False
user_003150,org_00711,member,2025-07-21T03:00:00,False
user_003151,org_00711,viewer,2025-07-21T16:00:00,False
user_003152,org_00711,member,2025-07-21T21:00:00,False
user_003153,org_00712,admin,2025-11-06T23:00:00,True
user_003154,org_00712,member,2025-11-06T14:00:00,False
user_003155,org_00712,member,2025-11-07T18:00:00,False
user_003156,org_00712,member,2025-11-06T10:00:00,False
user_003157,org_00713,admin,2025-10-03T07:00:00,True
user_003158,org_00714,admin,2025-02-24T01:00:00,True
user_003159,org_00714,viewer,2025-02-24T15:00:00,False
user_003160,org_00714,member,2025-02-25T13:00:00,False
user_003161,org_00715,admin,2025-11-04T17:00:00,True
user_003162,org_00715,member,2025-11-03T10:00:00,False
user_003163,org_00715,member,2025-11-03T18:00:00,False
user_003164,org_00716,admin,2025-02-12T17:00:00,True
user_003165,org_00716,member,2025-02-12T04:00:00,False
user_003166,org_00717,admin,2025-01-29T07:00:00,True
user_003167,org_00717,member,2025-01-28T12:00:00,False
user_003168,org_00717,member,2025-01-28T10:00:00,False
user_003169,org_00717,member,2025-01-28T05:00:00,False
user_003170,org_00717,member,2025-01-28T02:00:00,False
user_003171,org_00717,member,2025-01-28T07:00:00,False
user_003172,org_00718,admin,2025-05-12T13:00:00,True
user_003173,org_00718,member,2025-05-11T13:00:00,False
user_003174,org_00718,member,2025-05-12T15:00:00,False
user_003175,org_00718,member,2025-05-12T08:00:00,False
user_003176,org_00718,member,2025-05-12T13:00:00,False
user_003177,org_00718,member,2025-05-12T18:00:00,False
user_003178,org_00719,admin,2025-04-05T15:00:00,True
user_003179,org_00719,viewer,2025-04-04T18:00:00,False
user_003180,org_00719,member,2025-04-05T22:00:00,False
user_003181,org_00719,member,2025-04-04T18:00:00,False
user_003182,org_00719,member,2025-04-05T00:00:00,False
user_003183,org_00719,member,2025-04-04T17:00:00,False
user_003184,org_00719,viewer,2025-04-05T17:00:00,False
user_003185,org_00720,admin,2025-06-25T22:00:00,True
user_003186,org_00720,member,2025-06-24T22:00:00,False
user_003187,org_00720,member,2025-06-25T22:00:00,False
user_003188,org_00720,member,2025-06-24T05:00:00,False
user_003189,org_00721,admin,2025-11-16T18:00:00,True
user_003190,org_00721,member,2025-11-17T05:00:00,False
user_003191,org_00721,viewer,2025-11-17T21:00:00,False
user_003192,org_00721,viewer,2025-11-17T23:00:00,False
user_003193,org_00722,admin,2025-09-05T16:00:00,True
user_003194,org_00722,member,2025-09-05T11:00:00,False
user_003195,org_00722,member,2025-09-05T18:00:00,False
user_003196,org_00722,viewer,2025-09-05T03:00:00,False
user_003197,org_00722,viewer,2025-09-04T01:00:00,False
user_003198,org_00722,member,2025-09-04T04:00:00,False
user_003199,org_00722,member,2025-09-04T06:00:00,False
user_003200,org_00722,viewer,2025-09-05T03:00:00,False
user_003201,org_00723,admin,2025-07-25T02:00:00,True
user_003202,org_00723,member,2025-07-24T01:00:00,False
user_003203,org_00723,member,2025-07-24T20:00:00,False
user_003204,org_00723,member,2025-07-25T19:00:00,False
user_003205,org_00723,member,2025-07-25T03:00:00,False
user_003206,org_00724,admin,2025-12-06T07:00:00,True
user_003207,org_00724,member,2025-12-07T17:00:00,False
user_003208,org_00724,member,2025-12-07T19:00:00,False
user_003209,org_00724,member,2025-12-07T11:00:00,False
user_003210,org_00725,admin,2025-02-17T16:00:00,True
user_003211,org_00725,member,2025-02-17T19:00:00,False
user_003212,org_00725,member,2025-02-18T17:00:00,False
user_003213,org_00725,member,2025-02-18T12:00:00,False
user_003214,org_00725,viewer,2025-02-17T14:00:00,False
user_003215,org_00725,member,2025-02-17T13:00:00,False
user_003216,org_00726,admin,2025-08-25T11:00:00,True
user_003217,org_00726,member,2025-08-26T03:00:00,False
user_003218,org_00726,viewer,2025-08-26T05:00:00,False
user_003219,org_00726,member,2025-08-26T06:00:00,False
user_003220,org_00727,admin,2025-06-24T23:00:00,True
user_003221,org_00727,viewer,2025-06-23T04:00:00,False
user_003222,org_00727,member,2025-06-24T14:00:00,False
user_003223,org_00727,member,2025-06-23T07:00:00,False
user_003224,org_00727,member,2025-06-24T08:00:00,False
user_003225,org_00727,member,2025-06-23T09:00:00,False
user_003226,org_00727,viewer,2025-06-23T18:00:00,False
user_003227,org_00727,viewer,2025-06-24T14:00:00,False
user_003228,org_00728,admin,2025-10-26T06:00:00,True
user_003229,org_00728,viewer,2025-10-26T22:00:00,False
user_003230,org_00728,member,2025-10-26T07:00:00,False
user_003231,org_00728,member,2025-10-26T12:00:00,False
user_003232,org_00728,member,2025-10-26T16:00:00,False
user_003233,org_00728,viewer,2025-10-27T03:00:00,False
user_003234,org_00728,member,2025-10-27T04:00:00,False
user_003235,org_00728,member,2025-10-27T14:00:00,False
user_003236,org_00729,admin,2025-11-15T07:00:00,True
user_003237,org_00730,admin,2025-08-08T12:00:00,True
user_003238,org_00730,viewer,2025-08-07T20:00:00,False
user_003239,org_00730,member,2025-08-08T22:00:00,False
user_003240,org_00730,member,2025-08-07T00:00:00,False
user_003241,org_00730,member,2025-08-08T23:00:00,False
user_003242,org_00730,viewer,2025-08-07T16:00:00,False
user_003243,org_00730,viewer,2025-08-08T11:00:00,False
user_003244,org_00730,member,2025-08-08T16:00:00,False
user_003245,org_00731,admin,2025-12-16T14:00:00,True
user_003246,org_00731,member,2025-12-16T15:00:00,False
user_003247,org_00731,viewer,2025-12-16T02:00:00,False
user_003248,org_00731,viewer,2025-12-16T02:00:00,False
user_003249,org_00732,admin,2025-02-19T20:00:00,True
user_003250,org_00733,admin,2025-12-09T02:00:00,True
user_003251,org_00734,admin,2025-09-17T16:00:00,True
user_003252,org_00734,viewer,2025-09-17T03:00:00,False
user_003253,org_00734,member,2025-09-16T21:00:00,False
user_003254,org_00734,member,2025-09-16T14:00:00,False
user_003255,org_00734,member,2025-09-17T08:00:00,False
user_003256,org_00734,viewer,2025-09-16T00:00:00,False
user_003257,org_00734,member,2025-09-17T13:00:00,False
user_003258,org_00735,admin,2025-07-09T17:00:00,True
user_003259,org_00735,member,2025-07-08T05:00:00,False
user_003260,org_00736,admin,2025-08-26T00:00:00,True
user_003261,org_00736,member,2025-08-27T17:00:00,False
user_003262,org_00736,member,2025-08-26T20:00:00,False
user_003263,org_00736,member,2025-08-26T09:00:00,False
user_003264,org_00736,viewer,2025-08-27T11:00:00,False
user_003265,org_00737,admin,2025-02-02T20:00:00,True
user_003266,org_00738,admin,2025-01-24T05:00:00,True
user_003267,org_00738,member,2025-01-25T14:00:00,False
user_003268,org_00738,member,2025-01-25T17:00:00,False
user_003269,org_00738,viewer,2025-01-24T17:00:00,False
user_003270,org_00738,member,2025-01-24T17:00:00,False
user_003271,org_00738,viewer,2025-01-24T15:00:00,False
user_003272,org_00739,admin,2025-03-25T12:00:00,True
user_003273,org_00739,member,2025-03-26T14:00:00,False
user_003274,org_00740,admin,2025-04-20T18:00:00,True
user_003275,org_00740,member,2025-04-19T14:00:00,False
user_003276,org_00740,member,2025-04-19T12:00:00,False
user_003277,org_00741,admin,2025-11-15T09:00:00,True
user_003278,org_00741,member,2025-11-15T19:00:00,False
user_003279,org_00741,viewer,2025-11-16T00:00:00,False
user_003280,org_00741,member,2025-11-16T21:00:00,False
user_003281,org_00741,member,2025-11-15T03:00:00,False
user_003282,org_00742,admin,2025-07-10T07:00:00,True
user_003283,org_00743,admin,2025-03-07T14:00:00,True
user_003284,org_00743,member,2025-03-06T22:00:00,False
user_003285,org_00743,member,2025-03-06T23:00:00,False
user_003286,org_00743,member,2025-03-06T15:00:00,False
user_003287,org_00743,member,2025-03-07T05:00:00,False
user_003288,org_00743,member,2025-03-07T05:00:00,False
user_003289,org_00744,admin,2025-12-11T03:00:00,True
user_003290,org_00744,member,2025-12-12T22:00:00,False
user_003291,org_00744,member,2025-12-11T00:00:00,False
user_003292,org_00744,member,2025-12-12T19:00:00,False
user_003293,org_00744,member,2025-12-12T06:00:00,False
user_003294,org_00744,member,2025-12-12T08:00:00,False
user_003295,org_00744,member,2025-12-12T23:00:00,False
user_003296,org_00744,viewer,2025-12-12T06:00:00,False
user_003297,org_00745,admin,2025-12-18T19:00:00,True
user_003298,org_00745,viewer,2025-12-17T00:00:00,False
user_003299,org_00745,member,2025-12-18T00:00:00,False
user_003300,org_00745,member,2025-12-17T05:00:00,False
user_003301,org_00745,viewer,2025-12-17T10:00:00,False
user_003302,org_00745,member,2025-12-18T22:00:00,False
user_003303,org_00745,viewer,2025-12-17T00:00:00,False
user_003304,org_00745,member,2025-12-18T10:00:00,False
user_003305,org_00746,admin,2025-11-15T17:00:00,True
user_003306,org_00746,member,2025-11-14T00:00:00,False
user_003307,org_00747,admin,2025-11-18T02:00:00,True
user_003308,org_00748,admin,2025-11-14T05:00:00,True
user_003309,org_00748,member,2025-11-15T14:00:00,False
user_003310,org_00748,viewer,2025-11-14T00:00:00,False
user_003311,org_00748,member,2025-11-14T23:00:00,False
user_003312,org_00748,viewer,2025-11-15T17:00:00,False
user_003313,org_00748,member,2025-11-15T20:00:00,False
user_003314,org_00748,member,2025-11-14T01:00:00,False
user_003315,org_00748,member,2025-11-14T02:00:00,False
user_003316,org_00749,admin,2025-09-24T21:00:00,True
user_003317,org_00750,admin,2025-12-06T08:00:00,True
user_003318,org_00750,member,2025-12-07T17:00:00,False
user_003319,org_00750,member,2025-12-06T08:00:00,False
user_003320,org_00750,member,2025-12-07T21:00:00,False
user_003321,org_00750,member,2025-12-07T16:00:00,False
user_003322,org_00750,viewer,2025-12-06T22:00:00,False
user_003323,org_00751,admin,2025-12-02T22:00:00,True
user_003324,org_00751,member,2025-12-02T21:00:00,False
user_003325,org_00751,member,2025-12-02T14:00:00,False
user_003326,org_00752,admin,2025-09-29T07:00:00,True
user_003327,org_00752,viewer,2025-09-29T09:00:00,False
user_003328,org_00752,member,2025-09-30T05:00:00,False
user_003329,org_00752,member,2025-09-29T12:00:00,False
user_003330,org_00752,member,2025-09-30T02:00:00,False
user_003331,org_00752,member,2025-09-30T08:00:00,False
user_003332,org_00752,member,2025-09-30T11:00:00,False
user_003333,org_00753,admin,2025-08-24T10:00:00,True
user_003334,org_00753,member,2025-08-24T20:00:00,False
user_003335,org_00753,member,2025-08-25T04:00:00,False
user_003336,org_00753,member,2025-08-25T09:00:00,False
user_003337,org_00754,admin,2025-05-15T12:00:00,True
user_003338,org_00754,member,2025-05-14T13:00:00,False
user_003339,org_00755,admin,2025-03-12T17:00:00,True
user_003340,org_00755,member,2025-03-13T15:00:00,False
user_003341,org_00755,member,2025-03-12T19:00:00,False
user_003342,org_00755,viewer,2025-03-13T11:00:00,False
user_003343,org_00755,member,2025-03-13T18:00:00,False
user_003344,org_00755,member,2025-03-12T09:00:00,False
user_003345,org_00755,viewer,2025-03-13T06:00:00,False
user_003346,org_00755,member,2025-03-12T04:00:00,False
user_003347,org_00756,admin,2025-02-05T20:00:00,True
user_003348,org_00756,viewer,2025-02-05T08:00:00,False
user_003349,org_00756,member,2025-02-06T16:00:00,False
user_003350,org_00757,admin,2025-09-07T07:00:00,True
user_003351,org_00757,member,2025-09-07T05:00:00,False
user_003352,org_00758,admin,2025-07-23T11:00:00,True
user_003353,org_00759,admin,2025-03-13T21:00:00,True
user_003354,org_00760,admin,2025-08-23T08:00:00,True
user_003355,org_00760,viewer,2025-08-23T11:00:00,False
user_003356,org_00760,viewer,2025-08-22T12:00:00,False
user_003357,org_00760,member,2025-08-23T00:00:00,False
user_003358,org_00760,member,2025-08-23T07:00:00,False
user_003359,org_00760,member,2025-08-22T08:00:00,False
user_003360,org_00760,viewer,2025-08-22T00:00:00,False
user_003361,org_00761,admin,2025-06-11T14:00:00,True
user_003362,org_00761,member,2025-06-11T10:00:00,False
user_003363,org_00761,member,2025-06-10T23:00:00,False
user_003364,org_00762,admin,2025-03-18T13:00:00,True
user_003365,org_00762,viewer,2025-03-17T23:00:00,False
user_003366,org_00762,viewer,2025-03-17T03:00:00,False
user_003367,org_00762,member,2025-03-17T16:00:00,False
user_003368,org_00762,member,2025-03-18T05:00:00,False
user_003369,org_00763,admin,2025-11-05T05:00:00,True
user_003370,org_00763,member,2025-11-04T17:00:00,False
user_003371,org_00763,member,2025-11-05T08:00:00,False
user_003372,org_00764,admin,2025-04-10T19:00:00,True
user_003373,org_00764,member,2025-04-10T18:00:00,False
user_003374,org_00764,member,2025-04-10T03:00:00,False
user_003375,org_00764,viewer,2025-04-10T16:00:00,False
user_003376,org_00765,admin,2025-04-26T07:00:00,True
user_003377,org_00765,member,2025-04-26T12:00:00,False
user_003378,org_00765,member,2025-04-26T16:00:00,False
user_003379,org_00765,viewer,2025-04-27T13:00:00,False
user_003380,org_00765,member,2025-04-27T23:00:00,False
user_003381,org_00765,member,2025-04-26T11:00:00,False
user_003382,org_00765,viewer,2025-04-26T02:00:00,False
user_003383,org_00765,member,2025-04-27T00:00:00,False
user_003384,org_00766,admin,2025-03-08T06:00:00,True
user_003385,org_00766,member,2025-03-09T14:00:00,False
user_003386,org_00766,viewer,2025-03-09T08:00:00,False
user_003387,org_00766,member,2025-03-08T12:00:00,False
user_003388,org_00766,member,2025-03-08T17:00:00,False
user_003389,org_00767,admin,2025-07-31T09:00:00,True
user_003390,org_00767,viewer,2025-08-01T02:00:00,False
user_003391,org_00767,member,2025-07-31T19:00:00,False
user_003392,org_00767,member,2025-07-31T18:00:00,False
user_003393,org_00767,member,2025-08-01T19:00:00,False
user_003394,org_00767,member,2025-07-31T00:00:00,False
user_003395,org_00767,member,2025-08-01T00:00:00,False
user_003396,org_00767,member,2025-07-31T02:00:00,False
user_003397,org_00768,admin,2025-03-28T10:00:00,True
user_003398,org_00768,member,2025-03-28T15:00:00,False
user_003399,org_00768,viewer,2025-03-27T02:00:00,False
user_003400,org_00768,member,2025-03-28T01:00:00,False
user_003401,org_00768,member,2025-03-28T06:00:00,False
user_003402,org_00768,member,2025-03-27T13:00:00,False
user_003403,org_00768,viewer,2025-03-28T00:00:00,False
user_003404,org_00768,viewer,2025-03-28T13:00:00,False
user_003405,org_00769,admin,2025-12-23T15:00:00,True
user_003406,org_00769,member,2025-12-22T23:00:00,False
user_003407,org_00769,member,2025-12-22T18:00:00,False
user_003408,org_00769,member,2025-12-23T22:00:00,False
user_003409,org_00770,admin,2025-08-19T00:00:00,True
user_003410,org_00770,member,2025-08-18T11:00:00,False
user_003411,org_00770,member,2025-08-18T18:00:00,False
user_003412,org_00770,viewer,2025-08-18T02:00:00,False
user_003413,org_00770,viewer,2025-08-18T11:00:00,False
user_003414,org_00770,viewer,2025-08-19T08:00:00,False
user_003415,org_00770,member,2025-08-18T23:00:00,False
user_003416,org_00771,admin,2025-03-20T18:00:00,True
user_003417,org_00771,member,2025-03-20T02:00:00,False
user_003418,org_00771,member,2025-03-20T22:00:00,False
user_003419,org_00771,viewer,2025-03-19T11:00:00,False
user_003420,org_00771,member,2025-03-19T20:00:00,False
user_003421,org_00771,viewer,2025-03-19T14:00:00,False
user_003422,org_00772,admin,2025-10-24T04:00:00,True
user_003423,org_00772,viewer,2025-10-24T08:00:00,False
user_003424,org_00772,member,2025-10-24T22:00:00,False
user_003425,org_00772,member,2025-10-24T07:00:00,False
user_003426,org_00773,admin,2025-04-12T13:00:00,True
user_003427,org_00774,admin,2025-07-05T12:00:00,True
user_003428,org_00774,member,2025-07-05T17:00:00,False
user_003429,org_00774,member,2025-07-05T00:00:00,False
user_003430,org_00775,admin,2025-11-22T04:00:00,True
user_003431,org_00775,member,2025-11-21T00:00:00,False
user_003432,org_00775,member,2025-11-21T08:00:00,False
user_003433,org_00775,viewer,2025-11-22T11:00:00,False
user_003434,org_00775,member,2025-11-21T13:00:00,False
user_003435,org_00776,admin,2025-05-15T20:00:00,True
user_003436,org_00777,admin,2025-03-29T12:00:00,True
user_003437,org_00777,member,2025-03-29T03:00:00,False
user_003438,org_00778,admin,2025-11-13T12:00:00,True
user_003439,org_00778,member,2025-11-13T08:00:00,False
user_003440,org_00778,member,2025-11-14T16:00:00,False
user_003441,org_00778,member,2025-11-14T20:00:00,False
user_003442,org_00778,member,2025-11-14T07:00:00,False
user_003443,org_00778,member,2025-11-14T21:00:00,False
user_003444,org_00779,admin,2025-08-20T01:00:00,True
user_003445,org_00780,admin,2025-05-20T05:00:00,True
user_003446,org_00780,member,2025-05-21T04:00:00,False
user_003447,org_00780,viewer,2025-05-20T21:00:00,False
user_003448,org_00781,admin,2025-05-16T00:00:00,True
user_003449,org_00781,member,2025-05-16T09:00:00,False
user_003450,org_00781,member,2025-05-16T00:00:00,False
user_003451,org_00781,member,2025-05-16T14:00:00,False
user_003452,org_00781,member,2025-05-16T23:00:00,False
user_003453,org_00781,member,2025-05-15T11:00:00,False
user_003454,org_00781,member,2025-05-15T00:00:00,False
user_003455,org_00782,admin,2025-10-22T02:00:00,True
user_003456,org_00782,member,2025-10-23T07:00:00,False
user_003457,org_00782,member,2025-10-22T16:00:00,False
user_003458,org_00782,member,2025-10-22T03:00:00,False
user_003459,org_00782,viewer,2025-10-23T11:00:00,False
user_003460,org_00782,viewer,2025-10-22T16:00:00,False
user_003461,org_00783,admin,2025-01-07T19:00:00,True
user_003462,org_00783,member,2025-01-06T07:00:00,False
user_003463,org_00783,member,2025-01-06T18:00:00,False
user_003464,org_00783,viewer,2025-01-07T12:00:00,False
user_003465,org_00783,viewer,2025-01-06T21:00:00,False
user_003466,org_00783,member,2025-01-06T10:00:00,False
user_003467,org_00783,member,2025-01-06T19:00:00,False
user_003468,org_00784,admin,2025-10-29T16:00:00,True
user_003469,org_00785,admin,2025-03-26T11:00:00,True
user_003470,org_00785,member,2025-03-27T22:00:00,False
user_003471,org_00785,member,2025-03-27T08:00:00,False
user_003472,org_00785,member,2025-03-27T04:00:00,False
user_003473,org_00785,viewer,2025-03-27T19:00:00,False
user_003474,org_00786,admin,2025-03-07T12:00:00,True
user_003475,org_00786,member,2025-03-08T10:00:00,False
user_003476,org_00786,member,2025-03-07T08:00:00,False
user_003477,org_00786,member,2025-03-08T17:00:00,False
user_003478,org_00786,member,2025-03-08T17:00:00,False
user_003479,org_00786,member,2025-03-07T12:00:00,False
user_003480,org_00787,admin,2025-04-10T20:00:00,True
user_003481,org_00787,member,2025-04-10T13:00:00,False
user_003482,org_00788,admin,2025-01-11T22:00:00,True
user_003483,org_00788,member,2025-01-11T15:00:00,False
user_003484,org_00788,member,2025-01-11T20:00:00,False
user_003485,org_00788,member,2025-01-10T00:00:00,False
user_003486,org_00789,admin,2025-04-01T09:00:00,True
user_003487,org_00789,viewer,2025-03-31T21:00:00,False
user_003488,org_00789,member,2025-03-31T01:00:00,False
user_003489,org_00789,viewer,2025-04-01T17:00:00,False
user_003490,org_00790,admin,2025-12-22T19:00:00,True
user_003491,org_00790,member,2025-12-21T09:00:00,False
user_003492,org_00790,member,2025-12-21T20:00:00,False
user_003493,org_00790,member,2025-12-22T11:00:00,False
user_003494,org_00790,member,2025-12-21T14:00:00,False
user_003495,org_00790,member,2025-12-22T11:00:00,False
user_003496,org_00791,admin,2025-09-03T08:00:00,True
user_003497,org_00791,viewer,2025-09-03T09:00:00,False
user_003498,org_00791,viewer,2025-09-02T21:00:00,False
user_003499,org_00791,member,2025-09-03T06:00:00,False
user_003500,org_00792,admin,2025-05-30T21:00:00,True
user_003501,org_00792,member,2025-05-30T16:00:00,False
user_003502,org_00792,viewer,2025-05-30T20:00:00,False
user_003503,org_00793,admin,2025-08-17T00:00:00,True
user_003504,org_00793,member,2025-08-16T12:00:00,False
user_003505,org_00794,admin,2025-02-01T19:00:00,True
user_003506,org_00794,member,2025-02-02T00:00:00,False
user_003507,org_00794,member,2025-02-02T18:00:00,False
user_003508,org_00794,member,2025-02-02T06:00:00,False
user_003509,org_00794,viewer,2025-02-02T02:00:00,False
user_003510,org_00794,member,2025-02-02T04:00:00,False
user_003511,org_00794,viewer,2025-02-01T13:00:00,False
user_003512,org_00794,member,2025-02-01T09:00:00,False
user_003513,org_00795,admin,2025-01-28T21:00:00,True
user_003514,org_00795,member,2025-01-29T13:00:00,False
user_003515,org_00795,member,2025-01-29T16:00:00,False
user_003516,org_00795,viewer,2025-01-28T12:00:00,False
user_003517,org_00796,admin,2025-07-08T23:00:00,True
user_003518,org_00796,member,2025-07-08T14:00:00,False
user_003519,org_00796,member,2025-07-07T00:00:00,False
user_003520,org_00796,member,2025-07-08T17:00:00,False
user_003521,org_00796,member,2025-07-07T02:00:00,False
user_003522,org_00796,viewer,2025-07-07T07:00:00,False
user_003523,org_00797,admin,2025-09-01T03:00:00,True
user_003524,org_00797,viewer,2025-08-31T23:00:00,False
user_003525,org_00797,member,2025-09-01T00:00:00,False
user_003526,org_00797,member,2025-09-01T03:00:00,False
user_003527,org_00798,admin,2025-03-20T03:00:00,True
user_003528,org_00798,member,2025-03-21T06:00:00,False
user_003529,org_00798,viewer,2025-03-20T01:00:00,False
user_003530,org_00799,admin,2025-12-03T02:00:00,True
user_003531,org_00799,member,2025-12-04T15:00:00,False
user_003532,org_00799,viewer,2025-12-04T14:00:00,False
user_003533,org_00799,member,2025-12-03T06:00:00,False
user_003534,org_00799,member,2025-12-03T09:00:00,False
user_003535,org_00800,admin,2025-04-09T08:00:00,True
user_003536,org_00800,member,2025-04-08T00:00:00,False
user_003537,org_00800,member,2025-04-09T03:00:00,False
user_003538,org_00800,viewer,2025-04-09T21:00:00,False
user_003539,org_00800,member,2025-04-08T04:00:00,False
user_003540,org_00800,member,2025-04-08T11:00:00,False
user_003541,org_00800,member,2025-04-08T10:00:00,False
user_003542,org_00801,admin,2025-03-29T19:00:00,True
user_003543,org_00802,admin,2025-04-17T13:00:00,True
user_003544,org_00802,member,2025-04-16T15:00:00,False
user_003545,org_00802,member,2025-04-16T15:00:00,False
user_003546,org_00802,viewer,2025-04-17T04:00:00,False
user_003547,org_00802,viewer,2025-04-16T09:00:00,False
user_003548,org_00803,admin,2025-11-18T08:00:00,True
user_003549,org_00803,member,2025-11-19T10:00:00,False
user_003550,org_00803,member,2025-11-18T03:00:00,False
user_003551,org_00804,admin,2025-09-13T06:00:00,True
user_003552,org_00804,member,2025-09-14T03:00:00,False
user_003553,org_00804,member,2025-09-13T13:00:00,False
user_003554,org_00804,member,2025-09-14T01:00:00,False
user_003555,org_00804,member,2025-09-13T00:00:00,False
user_003556,org_00805,admin,2025-08-24T06:00:00,True
user_003557,org_00805,member,2025-08-24T23:00:00,False
user_003558,org_00805,member,2025-08-24T20:00:00,False
user_003559,org_00805,viewer,2025-08-23T04:00:00,False
user_003560,org_00805,member,2025-08-24T00:00:00,False
user_003561,org_00805,member,2025-08-24T19:00:00,False
user_003562,org_00805,member,2025-08-23T03:00:00,False
user_003563,org_00806,admin,2025-06-15T01:00:00,True
user_003564,org_00806,viewer,2025-06-15T04:00:00,False
user_003565,org_00806,member,2025-06-14T22:00:00,False
user_003566,org_00806,member,2025-06-15T00:00:00,False
user_003567,org_00806,viewer,2025-06-14T12:00:00,False
user_003568,org_00807,admin,2025-11-01T08:00:00,True
user_003569,org_00807,member,2025-11-01T15:00:00,False
user_003570,org_00807,member,2025-11-02T09:00:00,False
user_003571,org_00807,member,2025-11-02T12:00:00,False
user_003572,org_00807,member,2025-11-01T12:00:00,False
user_003573,org_00807,viewer,2025-11-02T21:00:00,False
user_003574,org_00808,admin,2025-03-19T11:00:00,True
user_003575,org_00808,member,2025-03-20T20:00:00,False
user_003576,org_00809,admin,2025-01-14T10:00:00,True
user_003577,org_00809,viewer,2025-01-14T06:00:00,False
user_003578,org_00809,viewer,2025-01-13T15:00:00,False
user_003579,org_00809,member,2025-01-13T13:00:00,False
user_003580,org_00809,viewer,2025-01-14T15:00:00,False
user_003581,org_00809,member,2025-01-13T16:00:00,False
user_003582,org_00809,member,2025-01-13T01:00:00,False
user_003583,org_00809,member,2025-01-13T10:00:00,False
user_003584,org_00810,admin,2025-08-13T09:00:00,True
user_003585,org_00810,member,2025-08-14T08:00:00,False
user_003586,org_00810,member,2025-08-14T02:00:00,False
user_003587,org_00810,member,2025-08-13T07:00:00,False
user_003588,org_00810,viewer,2025-08-14T08:00:00,False
user_003589,org_00810,viewer,2025-08-14T06:00:00,False
user_003590,org_00810,member,2025-08-14T13:00:00,False
user_003591,org_00810,member,2025-08-13T03:00:00,False
user_003592,org_00811,admin,2025-02-26T01:00:00,True
user_003593,org_00811,member,2025-02-26T14:00:00,False
user_003594,org_00812,admin,2025-09-14T05:00:00,True
user_003595,org_00812,member,2025-09-14T02:00:00,False
user_003596,org_00812,member,2025-09-14T00:00:00,False
user_003597,org_00812,member,2025-09-14T23:00:00,False
user_003598,org_00812,member,2025-09-14T01:00:00,False
user_003599,org_00813,admin,2025-05-10T05:00:00,True
user_003600,org_00813,viewer,2025-05-10T19:00:00,False
user_003601,org_00813,member,2025-05-09T15:00:00,False
user_003602,org_00813,member,2025-05-10T04:00:00,False
user_003603,org_00813,viewer,2025-05-10T17:00:00,False
user_003604,org_00813,member,2025-05-09T13:00:00,False
user_003605,org_00814,admin,2025-03-25T05:00:00,True
user_003606,org_00814,member,2025-03-26T20:00:00,False
user_003607,org_00814,member,2025-03-25T20:00:00,False
user_003608,org_00814,member,2025-03-26T19:00:00,False
user_003609,org_00815,admin,2025-08-07T18:00:00,True
user_003610,org_00815,member,2025-08-08T14:00:00,False
user_003611,org_00815,member,2025-08-07T05:00:00,False
user_003612,org_00816,admin,2025-01-14T00:00:00,True
user_003613,org_00816,member,2025-01-13T07:00:00,False
user_003614,org_00816,member,2025-01-13T02:00:00,False
user_003615,org_00817,admin,2025-08-10T20:00:00,True
user_003616,org_00817,member,2025-08-10T22:00:00,False
user_003617,org_00817,member,2025-08-11T03:00:00,False
user_003618,org_00818,admin,2025-10-08T19:00:00,True
user_003619,org_00818,member,2025-10-09T05:00:00,False
user_003620,org_00818,viewer,2025-10-09T04:00:00,False
user_003621,org_00818,member,2025-10-09T23:00:00,False
user_003622,org_00818,member,2025-10-08T04:00:00,False
user_003623,org_00818,viewer,2025-10-09T02:00:00,False
user_003624,org_00819,admin,2025-03-24T00:00:00,True
user_003625,org_00819,member,2025-03-24T18:00:00,False
user_003626,org_00819,member,2025-03-23T04:00:00,False
user_003627,org_00819,member,2025-03-24T03:00:00,False
user_003628,org_00819,member,2025-03-24T15:00:00,False
user_003629,org_00820,admin,2025-04-21T13:00:00,True
user_003630,org_00821,admin,2025-04-27T09:00:00,True
user_003631,org_00821,member,2025-04-26T12:00:00,False
user_003632,org_00821,viewer,2025-04-27T02:00:00,False
user_003633,org_00821,member,2025-04-27T17:00:00,False
user_003634,org_00821,viewer,2025-04-27T00:00:00,False
user_003635,org_00822,admin,2025-03-20T02:00:00,True
user_003636,org_00822,member,2025-03-19T13:00:00,False
user_003637,org_00822,viewer,2025-03-19T14:00:00,False
user_003638,org_00822,member,2025-03-20T10:00:00,False
user_003639,org_00823,admin,2025-02-13T17:00:00,True
user_003640,org_00824,admin,2025-05-09T12:00:00,True
user_003641,org_00824,viewer,2025-05-08T19:00:00,False
user_003642,org_00824,member,2025-05-09T16:00:00,False
user_003643,org_00824,member,2025-05-09T11:00:00,False
user_003644,org_00824,viewer,2025-05-09T09:00:00,False
user_003645,org_00824,viewer,2025-05-09T14:00:00,False
user_003646,org_00825,admin,2025-09-19T02:00:00,True
user_003647,org_00825,member,2025-09-19T14:00:00,False
user_003648,org_00825,member,2025-09-18T06:00:00,False
user_003649,org_00825,viewer,2025-09-18T23:00:00,False
user_003650,org_00825,member,2025-09-19T19:00:00,False
user_003651,org_00825,member,2025-09-18T13:00:00,False
user_003652,org_00826,admin,2025-11-18T20:00:00,True
user_003653,org_00827,admin,2025-05-27T17:00:00,True
user_003654,org_00827,member,2025-05-28T05:00:00,False
user_003655,org_00827,member,2025-05-28T11:00:00,False
user_003656,org_00827,member,2025-05-27T14:00:00,False
user_003657,org_00827,viewer,2025-05-28T06:00:00,False
user_003658,org_00827,viewer,2025-05-27T08:00:00,False
user_003659,org_00827,member,2025-05-27T00:00:00,False
user_003660,org_00827,member,2025-05-28T00:00:00,False
user_003661,org_00828,admin,2025-08-14T15:00:00,True
user_003662,org_00828,viewer,2025-08-14T18:00:00,False
user_003663,org_00828,member,2025-08-13T09:00:00,False
user_003664,org_00828,member,2025-08-13T01:00:00,False
user_003665,org_00828,member,2025-08-14T21:00:00,False
user_003666,org_00829,admin,2025-02-09T00:00:00,True
user_003667,org_00829,member,2025-02-10T00:00:00,False
user_003668,org_00829,viewer,2025-02-09T15:00:00,False
user_003669,org_00829,member,2025-02-10T02:00:00,False
user_003670,org_00829,member,2025-02-09T10:00:00,False
user_003671,org_00829,member,2025-02-10T17:00:00,False
user_003672,org_00829,member,2025-02-10T07:00:00,False
user_003673,org_00830,admin,2025-01-03T17:00:00,True
user_003674,org_00830,member,2025-01-03T22:00:00,False
user_003675,org_00830,member,2025-01-03T15:00:00,False
user_003676,org_00830,viewer,2025-01-03T06:00:00,False
user_003677,org_00830,member,2025-01-03T20:00:00,False
user_003678,org_00830,member,2025-01-04T04:00:00,False
user_003679,org_00831,admin,2025-12-31T02:00:00,True
user_003680,org_00831,member,2025-12-31T20:00:00,False
user_003681,org_00831,member,2026-01-01T12:00:00,False
user_003682,org_00831,member,2026-01-01T00:00:00,False
user_003683,org_00831,member,2026-01-01T07:00:00,False
user_003684,org_00831,member,2025-12-31T14:00:00,False
user_003685,org_00832,admin,2025-05-29T18:00:00,True
user_003686,org_00832,member,2025-05-30T07:00:00,False
user_003687,org_00832,viewer,2025-05-29T10:00:00,False
user_003688,org_00832,member,2025-05-29T18:00:00,False
user_003689,org_00832,viewer,2025-05-29T13:00:00,False
user_003690,org_00832,member,2025-05-29T20:00:00,False
user_003691,org_00833,admin,2025-10-10T21:00:00,True
user_003692,org_00833,viewer,2025-10-11T18:00:00,False
user_003693,org_00834,admin,2025-06-16T05:00:00,True
user_003694,org_00834,viewer,2025-06-16T06:00:00,False
user_003695,org_00834,viewer,2025-06-16T04:00:00,False
user_003696,org_00834,member,2025-06-15T01:00:00,False
user_003697,org_00834,member,2025-06-16T11:00:00,False
user_003698,org_00834,viewer,2025-06-16T11:00:00,False
user_003699,org_00834,member,2025-06-16T11:00:00,False
user_003700,org_00834,member,2025-06-16T07:00:00,False
user_003701,org_00835,admin,2025-07-19T14:00:00,True
user_003702,org_00835,member,2025-07-18T16:00:00,False
user_003703,org_00835,member,2025-07-18T05:00:00,False
user_003704,org_00835,member,2025-07-18T19:00:00,False
user_003705,org_00835,member,2025-07-18T12:00:00,False
user_003706,org_00835,member,2025-07-19T21:00:00,False
user_003707,org_00836,admin,2025-02-06T19:00:00,True
user_003708,org_00837,admin,2025-11-11T01:00:00,True
user_003709,org_00837,member,2025-11-12T19:00:00,False
user_003710,org_00837,member,2025-11-11T07:00:00,False
user_003711,org_00837,member,2025-11-11T23:00:00,False
user_003712,org_00837,member,2025-11-11T06:00:00,False
user_003713,org_00837,viewer,2025-11-11T03:00:00,False
user_003714,org_00837,viewer,2025-11-11T12:00:00,False
user_003715,org_00837,member,2025-11-11T05:00:00,False
user_003716,org_00838,admin,2025-07-02T08:00:00,True
user_003717,org_00838,member,2025-07-03T13:00:00,False
user_003718,org_00838,member,2025-07-02T20:00:00,False
user_003719,org_00838,viewer,2025-07-02T03:00:00,False
user_003720,org_00839,admin,2025-10-13T21:00:00,True
user_003721,org_00839,member,2025-10-14T19:00:00,False
user_003722,org_00840,admin,2025-04-26T07:00:00,True
user_003723,org_00840,member,2025-04-26T19:00:00,False
user_003724,org_00840,viewer,2025-04-26T07:00:00,False
user_003725,org_00840,viewer,2025-04-26T03:00:00,False
user_003726,org_00840,member,2025-04-25T02:00:00,False
user_003727,org_00840,member,2025-04-26T01:00:00,False
user_003728,org_00840,member,2025-04-26T19:00:00,False
user_003729,org_00840,member,2025-04-25T09:00:00,False
user_003730,org_00841,admin,2025-01-31T06:00:00,True
user_003731,org_00841,member,2025-01-31T13:00:00,False
user_003732,org_00841,member,2025-01-31T17:00:00,False
user_003733,org_00841,member,2025-02-01T03:00:00,False
user_003734,org_00841,member,2025-01-31T09:00:00,False
user_003735,org_00841,member,2025-02-01T11:00:00,False
user_003736,org_00841,member,2025-02-01T18:00:00,False
user_003737,org_00842,admin,2025-08-05T12:00:00,True
user_003738,org_00842,member,2025-08-05T16:00:00,False
user_003739,org_00842,viewer,2025-08-05T17:00:00,False
user_003740,org_00842,member,2025-08-04T05:00:00,False
user_003741,org_00842,member,2025-08-04T05:00:00,False
user_003742,org_00842,member,2025-08-04T06:00:00,False
user_003743,org_00842,member,2025-08-04T02:00:00,False
user_003744,org_00842,member,2025-08-04T15:00:00,False
user_003745,org_00843,admin,2025-10-11T03:00:00,True
user_003746,org_00843,member,2025-10-10T10:00:00,False
user_003747,org_00843,viewer,2025-10-11T19:00:00,False
user_003748,org_00843,member,2025-10-10T07:00:00,False
user_003749,org_00843,member,2025-10-11T00:00:00,False
user_003750,org_00843,member,2025-10-10T16:00:00,False
user_003751,org_00843,member,2025-10-11T05:00:00,False
user_003752,org_00843,member,2025-10-11T18:00:00,False
user_003753,org_00844,admin,2025-04-01T11:00:00,True
user_003754,org_00844,member,2025-04-02T17:00:00,False
user_003755,org_00844,member,2025-04-02T13:00:00,False
user_003756,org_00844,member,2025-04-02T09:00:00,False
user_003757,org_00844,member,2025-04-01T02:00:00,False
user_003758,org_00844,member,2025-04-01T11:00:00,False
user_003759,org_00845,admin,2025-06-11T20:00:00,True
user_003760,org_00845,member,2025-06-11T02:00:00,False
user_003761,org_00845,member,2025-06-10T14:00:00,False
user_003762,org_00845,member,2025-06-10T10:00:00,False
user_003763,org_00846,admin,2025-02-08T13:00:00,True
user_003764,org_00846,viewer,2025-02-09T06:00:00,False
user_003765,org_00846,member,2025-02-08T04:00:00,False
user_003766,org_00846,member,2025-02-09T09:00:00,False
user_003767,org_00847,admin,2025-08-13T05:00:00,True
user_003768,org_00847,member,2025-08-12T12:00:00,False
user_003769,org_00848,admin,2025-07-28T10:00:00,True
user_003770,org_00849,admin,2025-09-17T23:00:00,True
user_003771,org_00849,member,2025-09-17T17:00:00,False
user_003772,org_00849,member,2025-09-18T18:00:00,False
user_003773,org_00849,member,2025-09-18T12:00:00,False
user_003774,org_00849,viewer,2025-09-17T01:00:00,False
user_003775,org_00849,member,2025-09-17T10:00:00,False
user_003776,org_00850,admin,2025-05-03T06:00:00,True
user_003777,org_00850,member,2025-05-03T00:00:00,False
user_003778,org_00850,member,2025-05-04T17:00:00,False
user_003779,org_00850,member,2025-05-03T14:00:00,False
user_003780,org_00850,viewer,2025-05-04T20:00:00,False
user_003781,org_00850,member,2025-05-03T08:00:00,False
user_003782,org_00851,admin,2025-08-14T05:00:00,True
user_003783,org_00851,member,2025-08-14T01:00:00,False
user_003784,org_00851,viewer,2025-08-14T23:00:00,False
user_003785,org_00851,member,2025-08-15T18:00:00,False
user_003786,org_00851,member,2025-08-15T06:00:00,False
user_003787,org_00852,admin,2025-05-18T14:00:00,True
user_003788,org_00852,viewer,2025-05-17T20:00:00,False
user_003789,org_00852,member,2025-05-18T12:00:00,False
user_003790,org_00852,member,2025-05-17T18:00:00,False
user_003791,org_00853,admin,2025-09-19T08:00:00,True
user_003792,org_00853,member,2025-09-19T13:00:00,False
user_003793,org_00853,member,2025-09-19T09:00:00,False
user_003794,org_00853,member,2025-09-20T09:00:00,False
user_003795,org_00853,member,2025-09-20T19:00:00,False
user_003796,org_00853,viewer,2025-09-19T12:00:00,False
user_003797,org_00854,admin,2025-12-14T01:00:00,True
user_003798,org_00854,member,2025-12-14T09:00:00,False
user_003799,org_00854,member,2025-12-14T23:00:00,False
user_003800,org_00855,admin,2025-09-17T15:00:00,True
user_003801,org_00855,viewer,2025-09-17T15:00:00,False
user_003802,org_00855,member,2025-09-17T18:00:00,False
user_003803,org_00855,viewer,2025-09-18T12:00:00,False
user_003804,org_00855,member,2025-09-18T01:00:00,False
user_003805,org_00855,viewer,2025-09-18T23:00:00,False
user_003806,org_00855,member,2025-09-17T10:00:00,False
user_003807,org_00855,member,2025-09-17T07:00:00,False
user_003808,org_00856,admin,2025-08-20T10:00:00,True
user_003809,org_00856,member,2025-08-20T23:00:00,False
user_003810,org_00856,member,2025-08-20T23:00:00,False
user_003811,org_00856,member,2025-08-19T01:00:00,False
user_003812,org_00857,admin,2025-08-28T03:00:00,True
user_003813,org_00857,viewer,2025-08-27T05:00:00,False
user_003814,org_00857,member,2025-08-27T23:00:00,False
user_003815,org_00858,admin,2025-01-14T11:00:00,True
user_003816,org_00858,member,2025-01-14T08:00:00,False
user_003817,org_00858,member,2025-01-14T21:00:00,False
user_003818,org_00858,viewer,2025-01-14T09:00:00,False
user_003819,org_00858,viewer,2025-01-14T14:00:00,False
user_003820,org_00858,member,2025-01-14T16:00:00,False
user_003821,org_00859,admin,2025-07-28T11:00:00,True
user_003822,org_00859,member,2025-07-29T08:00:00,False
user_003823,org_00859,viewer,2025-07-29T19:00:00,False
user_003824,org_00859,member,2025-07-29T11:00:00,False
user_003825,org_00859,member,2025-07-28T01:00:00,False
user_003826,org_00859,member,2025-07-28T11:00:00,False
user_003827,org_00859,member,2025-07-28T23:00:00,False
user_003828,org_00860,admin,2025-03-28T14:00:00,True
user_003829,org_00860,member,2025-03-28T16:00:00,False
user_003830,org_00860,member,2025-03-29T23:00:00,False
user_003831,org_00861,admin,2025-05-13T14:00:00,True
user_003832,org_00861,viewer,2025-05-14T18:00:00,False
user_003833,org_00862,admin,2025-08-27T17:00:00,True
user_003834,org_00863,admin,2025-06-24T01:00:00,True
user_003835,org_00863,member,2025-06-24T07:00:00,False
user_003836,org_00864,admin,2025-10-04T16:00:00,True
user_003837,org_00864,member,2025-10-04T17:00:00,False
user_003838,org_00865,admin,2025-06-23T16:00:00,True
user_003839,org_00865,member,2025-06-24T16:00:00,False
user_003840,org_00865,member,2025-06-23T19:00:00,False
user_003841,org_00865,member,2025-06-23T09:00:00,False
user_003842,org_00865,member,2025-06-23T17:00:00,False
user_003843,org_00866,admin,2025-09-07T02:00:00,True
user_003844,org_00866,member,2025-09-08T16:00:00,False
user_003845,org_00866,member,2025-09-08T04:00:00,False
user_003846,org_00866,member,2025-09-08T02:00:00,False
user_003847,org_00866,viewer,2025-09-07T00:00:00,False
user_003848,org_00866,member,2025-09-08T23:00:00,False
user_003849,org_00867,admin,2025-06-07T04:00:00,True
user_003850,org_00867,viewer,2025-06-07T08:00:00,False
user_003851,org_00867,member,2025-06-06T03:00:00,False
user_003852,org_00867,member,2025-06-07T07:00:00,False
user_003853,org_00868,admin,2025-10-01T22:00:00,True
user_003854,org_00868,member,2025-10-02T15:00:00,False
user_003855,org_00868,member,2025-10-02T08:00:00,False
user_003856,org_00868,member,2025-10-02T12:00:00,False
user_003857,org_00868,member,2025-10-02T08:00:00,False
user_003858,org_00868,member,2025-10-01T23:00:00,False
user_003859,org_00868,member,2025-10-02T01:00:00,False
user_003860,org_00869,admin,2025-10-28T15:00:00,True
user_003861,org_00869,member,2025-10-28T23:00:00,False
user_003862,org_00869,viewer,2025-10-27T12:00:00,False
user_003863,org_00869,member,2025-10-28T15:00:00,False
user_003864,org_00870,admin,2025-02-24T08:00:00,True
user_003865,org_00870,member,2025-02-24T07:00:00,False
user_003866,org_00870,member,2025-02-23T10:00:00,False
user_003867,org_00870,member,2025-02-23T11:00:00,False
user_003868,org_00870,viewer,2025-02-23T17:00:00,False
user_003869,org_00870,member,2025-02-24T23:00:00,False
user_003870,org_00870,member,2025-02-24T15:00:00,False
user_003871,org_00871,admin,2025-03-15T09:00:00,True
user_003872,org_00871,member,2025-03-14T07:00:00,False
user_003873,org_00871,member,2025-03-15T21:00:00,False
user_003874,org_00871,member,2025-03-14T04:00:00,False
user_003875,org_00871,member,2025-03-14T03:00:00,False
user_003876,org_00871,member,2025-03-15T02:00:00,False
user_003877,org_00871,member,2025-03-15T10:00:00,False
user_003878,org_00871,member,2025-03-14T15:00:00,False
user_003879,org_00872,admin,2025-04-20T23:00:00,True
user_003880,org_00872,member,2025-04-21T20:00:00,False
user_003881,org_00872,member,2025-04-21T21:00:00,False
user_003882,org_00872,member,2025-04-20T04:00:00,False
user_003883,org_00872,viewer,2025-04-20T10:00:00,False
user_003884,org_00872,member,2025-04-21T04:00:00,False
user_003885,org_00873,admin,2025-08-10T12:00:00,True
user_003886,org_00873,member,2025-08-10T17:00:00,False
user_003887,org_00873,member,2025-08-10T05:00:00,False
user_003888,org_00874,admin,2025-06-30T22:00:00,True
user_003889,org_00874,viewer,2025-06-29T05:00:00,False
user_003890,org_00874,member,2025-06-29T13:00:00,False
user_003891,org_00874,viewer,2025-06-30T13:00:00,False
user_003892,org_00874,member,2025-06-29T15:00:00,False
user_003893,org_00875,admin,2025-09-28T13:00:00,True
user_003894,org_00875,member,2025-09-29T01:00:00,False
user_003895,org_00875,member,2025-09-28T02:00:00,False
user_003896,org_00875,member,2025-09-29T15:00:00,False
user_003897,org_00876,admin,2025-09-12T20:00:00,True
user_003898,org_00876,member,2025-09-11T00:00:00,False
user_003899,org_00876,viewer,2025-09-12T06:00:00,False
user_003900,org_00876,member,2025-09-11T22:00:00,False
user_003901,org_00877,admin,2025-07-06T17:00:00,True
user_003902,org_00877,member,2025-07-05T02:00:00,False
user_003903,org_00878,admin,2025-07-05T13:00:00,True
user_003904,org_00878,member,2025-07-05T03:00:00,False
user_003905,org_00878,member,2025-07-04T21:00:00,False
user_003906,org_00878,member,2025-07-04T23:00:00,False
user_003907,org_00878,member,2025-07-04T19:00:00,False
user_003908,org_00878,member,2025-07-04T07:00:00,False
user_003909,org_00879,admin,2025-02-27T19:00:00,True
user_003910,org_00879,member,2025-02-27T20:00:00,False
user_003911,org_00879,member,2025-02-27T03:00:00,False
user_003912,org_00879,viewer,2025-02-27T12:00:00,False
user_003913,org_00879,member,2025-02-27T10:00:00,False
user_003914,org_00880,admin,2025-05-03T11:00:00,True
user_003915,org_00880,member,2025-05-02T03:00:00,False
user_003916,org_00880,viewer,2025-05-03T00:00:00,False
user_003917,org_00881,admin,2025-04-05T22:00:00,True
user_003918,org_00881,member,2025-04-04T03:00:00,False
user_003919,org_00881,viewer,2025-04-04T03:00:00,False
user_003920,org_00881,member,2025-04-05T03:00:00,False
user_003921,org_00881,member,2025-04-05T13:00:00,False
user_003922,org_00881,viewer,2025-04-04T07:00:00,False
user_003923,org_00881,member,2025-04-04T23:00:00,False
user_003924,org_00882,admin,2025-06-24T14:00:00,True
user_003925,org_00882,member,2025-06-24T10:00:00,False
user_003926,org_00882,member,2025-06-24T18:00:00,False
user_003927,org_00883,admin,2025-06-26T02:00:00,True
user_003928,org_00883,member,2025-06-26T21:00:00,False
user_003929,org_00884,admin,2025-12-28T04:00:00,True
user_003930,org_00884,member,2025-12-27T08:00:00,False
user_003931,org_00884,viewer,2025-12-28T03:00:00,False
user_003932,org_00884,member,2025-12-27T11:00:00,False
user_003933,org_00884,member,2025-12-27T23:00:00,False
user_003934,org_00884,member,2025-12-28T13:00:00,False
user_003935,org_00884,member,2025-12-28T13:00:00,False
user_003936,org_00884,member,2025-12-28T15:00:00,False
user_003937,org_00885,admin,2025-07-27T19:00:00,True
user_003938,org_00885,viewer,2025-07-26T00:00:00,False
user_003939,org_00885,member,2025-07-27T19:00:00,False
user_003940,org_00885,member,2025-07-26T23:00:00,False
user_003941,org_00885,member,2025-07-27T23:00:00,False
user_003942,org_00885,viewer,2025-07-26T12:00:00,False
user_003943,org_00885,viewer,2025-07-27T09:00:00,False
user_003944,org_00885,member,2025-07-27T05:00:00,False
user_003945,org_00886,admin,2025-11-29T01:00:00,True
user_003946,org_00886,viewer,2025-11-28T05:00:00,False
user_003947,org_00886,member,2025-11-29T16:00:00,False
user_003948,org_00886,viewer,2025-11-28T15:00:00,False
user_003949,org_00886,member,2025-11-29T01:00:00,False
user_003950,org_00886,member,2025-11-28T13:00:00,False
user_003951,org_00886,member,2025-11-29T14:00:00,False
user_003952,org_00887,admin,2025-03-30T00:00:00,True
user_003953,org_00887,member,2025-03-31T04:00:00,False
user_003954,org_00888,admin,2025-12-30T11:00:00,True
user_003955,org_00889,admin,2025-03-01T19:00:00,True
user_003956,org_00889,member,2025-03-02T12:00:00,False
user_003957,org_00890,admin,2025-03-09T17:00:00,True
user_003958,org_00890,viewer,2025-03-10T07:00:00,False
user_003959,org_00890,member,2025-03-10T00:00:00,False
user_003960,org_00890,member,2025-03-09T20:00:00,False
user_003961,org_00890,member,2025-03-10T13:00:00,False
user_003962,org_00890,member,2025-03-10T13:00:00,False
user_003963,org_00890,viewer,2025-03-10T22:00:00,False
user_003964,org_00890,member,2025-03-10T12:00:00,False
user_003965,org_00891,admin,2025-05-22T19:00:00,True
user_003966,org_00891,viewer,2025-05-21T06:00:00,False
user_003967,org_00892,admin,2025-04-29T19:00:00,True
user_003968,org_00892,viewer,2025-04-28T06:00:00,False
user_003969,org_00892,member,2025-04-28T12:00:00,False
user_003970,org_00892,viewer,2025-04-28T11:00:00,False
user_003971,org_00893,admin,2025-08-07T08:00:00,True
user_003972,org_00893,viewer,2025-08-08T03:00:00,False
user_003973,org_00893,member,2025-08-08T08:00:00,False
user_003974,org_00893,member,2025-08-07T22:00:00,False
user_003975,org_00893,member,2025-08-08T10:00:00,False
user_003976,org_00893,viewer,2025-08-07T12:00:00,False
user_003977,org_00894,admin,2025-02-10T22:00:00,True
user_003978,org_00894,member,2025-02-10T19:00:00,False
user_003979,org_00894,member,2025-02-10T14:00:00,False
user_003980,org_00894,viewer,2025-02-09T15:00:00,False
user_003981,org_00894,viewer,2025-02-09T23:00:00,False
user_003982,org_00894,member,2025-02-10T14:00:00,False
user_003983,org_00895,admin,2025-07-01T21:00:00,True
user_003984,org_00895,member,2025-06-30T01:00:00,False
user_003985,org_00895,member,2025-06-30T21:00:00,False
user_003986,org_00895,member,2025-06-30T03:00:00,False
user_003987,org_00895,member,2025-07-01T07:00:00,False
user_003988,org_00895,member,2025-07-01T05:00:00,False
user_003989,org_00896,admin,2025-08-12T01:00:00,True
user_003990,org_00896,member,2025-08-13T02:00:00,False
user_003991,org_00897,admin,2025-09-27T03:00:00,True
user_003992,org_00898,admin,2025-01-17T06:00:00,True
user_003993,org_00898,member,2025-01-16T22:00:00,False
user_003994,org_00898,member,2025-01-16T00:00:00,False
user_003995,org_00898,member,2025-01-17T16:00:00,False
user_003996,org_00898,member,2025-01-16T04:00:00,False
user_003997,org_00898,viewer,2025-01-16T19:00:00,False
user_003998,org_00898,viewer,2025-01-16T02:00:00,False
user_003999,org_00899,admin,2025-08-19T14:00:00,True
user_004000,org_00899,viewer,2025-08-18T20:00:00,False
user_004001,org_00899,viewer,2025-08-19T18:00:00,False
user_004002,org_00899,member,2025-08-19T01:00:00,False
user_004003,org_00900,admin,2025-06-24T17:00:00,True
user_004004,org_00901,admin,2025-01-20T04:00:00,True
user_004005,org_00901,member,2025-01-21T13:00:00,False
user_004006,org_00901,viewer,2025-01-20T21:00:00,False
user_004007,org_00902,admin,2025-12-12T04:00:00,True
user_004008,org_00902,member,2025-12-12T07:00:00,False
user_004009,org_00902,viewer,2025-12-13T05:00:00,False
user_004010,org_00902,member,2025-12-13T23:00:00,False
user_004011,org_00902,viewer,2025-12-13T23:00:00,False
user_004012,org_00902,member,2025-12-12T20:00:00,False
user_004013,org_00903,admin,2025-06-13T23:00:00,True
user_004014,org_00903,member,2025-06-13T11:00:00,False
user_004015,org_00903,member,2025-06-12T22:00:00,False
user_004016,org_00904,admin,2025-03-18T15:00:00,True
user_004017,org_00904,member,2025-03-19T09:00:00,False
user_004018,org_00905,admin,2025-08-16T12:00:00,True
user_004019,org_00905,member,2025-08-17T13:00:00,False
user_004020,org_00905,member,2025-08-16T06:00:00,False
user_004021,org_00905,member,2025-08-17T01:00:00,False
user_004022,org_00905,member,2025-08-16T19:00:00,False
user_004023,org_00905,viewer,2025-08-17T01:00:00,False
user_004024,org_00905,member,2025-08-16T15:00:00,False
user_004025,org_00906,admin,2025-08-20T06:00:00,True
user_004026,org_00906,member,2025-08-21T09:00:00,False
user_004027,org_00906,member,2025-08-20T16:00:00,False
user_004028,org_00906,member,2025-08-21T01:00:00,False
user_004029,org_00906,member,2025-08-21T00:00:00,False
user_004030,org_00906,viewer,2025-08-20T22:00:00,False
user_004031,org_00906,member,2025-08-20T14:00:00,False
user_004032,org_00906,member,2025-08-20T05:00:00,False
user_004033,org_00907,admin,2025-09-28T11:00:00,True
user_004034,org_00907,member,2025-09-27T04:00:00,False
user_004035,org_00907,member,2025-09-27T11:00:00,False
user_004036,org_00908,admin,2025-06-23T01:00:00,True
user_004037,org_00909,admin,2025-04-28T05:00:00,True
user_004038,org_00909,member,2025-04-28T19:00:00,False
user_004039,org_00909,viewer,2025-04-29T22:00:00,False
user_004040,org_00909,member,2025-04-28T17:00:00,False
user_004041,org_00909,viewer,2025-04-29T19:00:00,False
user_004042,org_00910,admin,2025-04-07T21:00:00,True
user_004043,org_00910,member,2025-04-08T08:00:00,False
user_004044,org_00910,member,2025-04-07T04:00:00,False
user_004045,org_00910,viewer,2025-04-08T07:00:00,False
user_004046,org_00910,member,2025-04-07T11:00:00,False
user_004047,org_00910,member,2025-04-07T10:00:00,False
user_004048,org_00911,admin,2025-01-08T16:00:00,True
user_004049,org_00911,member,2025-01-07T04:00:00,False
user_004050,org_00911,viewer,2025-01-07T22:00:00,False
user_004051,org_00911,member,2025-01-08T16:00:00,False
user_004052,org_00911,member,2025-01-08T09:00:00,False
user_004053,org_00912,admin,2025-03-20T01:00:00,True
user_004054,org_00913,admin,2025-09-18T14:00:00,True
user_004055,org_00913,member,2025-09-17T15:00:00,False
user_004056,org_00914,admin,2025-12-24T16:00:00,True
user_004057,org_00914,member,2025-12-23T07:00:00,False
user_004058,org_00914,member,2025-12-23T19:00:00,False
user_004059,org_00914,viewer,2025-12-24T09:00:00,False
user_004060,org_00914,member,2025-12-23T02:00:00,False
user_004061,org_00915,admin,2025-05-01T14:00:00,True
user_004062,org_00915,viewer,2025-05-01T14:00:00,False
user_004063,org_00915,member,2025-05-02T01:00:00,False
user_004064,org_00915,viewer,2025-05-01T09:00:00,False
user_004065,org_00915,member,2025-05-01T23:00:00,False
user_004066,org_00915,member,2025-05-02T01:00:00,False
user_004067,org_00915,member,2025-05-02T13:00:00,False
user_004068,org_00915,member,2025-05-02T01:00:00,False
user_004069,org_00916,admin,2025-09-22T17:00:00,True
user_004070,org_00916,viewer,2025-09-22T15:00:00,False
user_004071,org_00916,viewer,2025-09-22T00:00:00,False
user_004072,org_00916,member,2025-09-23T18:00:00,False
user_004073,org_00916,member,2025-09-22T16:00:00,False
user_004074,org_00916,member,2025-09-23T16:00:00,False
user_004075,org_00916,member,2025-09-23T18:00:00,False
user_004076,org_00916,viewer,2025-09-22T23:00:00,False
user_004077,org_00917,admin,2025-02-16T13:00:00,True
user_004078,org_00917,viewer,2025-02-16T13:00:00,False
user_004079,org_00917,viewer,2025-02-17T01:00:00,False
user_004080,org_00917,member,2025-02-16T09:00:00,False
user_004081,org_00917,member,2025-02-16T20:00:00,False
user_004082,org_00917,member,2025-02-17T16:00:00,False
user_004083,org_00917,member,2025-02-16T23:00:00,False
user_004084,org_00918,admin,2025-01-16T08:00:00,True
user_004085,org_00918,viewer,2025-01-17T02:00:00,False
user_004086,org_00918,member,2025-01-17T02:00:00,False
user_004087,org_00918,member,2025-01-16T08:00:00,False
user_004088,org_00918,member,2025-01-16T12:00:00,False
user_004089,org_00919,admin,2025-05-26T22:00:00,True
user_004090,org_00919,member,2025-05-26T06:00:00,False
user_004091,org_00920,admin,2025-12-21T00:00:00,True
user_004092,org_00920,member,2025-12-20T07:00:00,False
user_004093,org_00921,admin,2025-05-29T06:00:00,True
user_004094,org_00921,viewer,2025-05-28T18:00:00,False
user_004095,org_00922,admin,2025-10-14T00:00:00,True
user_004096,org_00922,member,2025-10-14T09:00:00,False
user_004097,org_00922,member,2025-10-13T06:00:00,False
user_004098,org_00922,viewer,2025-10-14T13:00:00,False
user_004099,org_00922,viewer,2025-10-13T23:00:00,False
user_004100,org_00923,admin,2025-12-02T17:00:00,True
user_004101,org_00923,member,2025-12-03T20:00:00,False
user_004102,org_00923,member,2025-12-03T20:00:00,False
user_004103,org_00923,member,2025-12-03T04:00:00,False
user_004104,org_00923,viewer,2025-12-03T16:00:00,False
user_004105,org_00923,member,2025-12-02T06:00:00,False
user_004106,org_00924,admin,2025-11-07T19:00:00,True
user_004107,org_00924,member,2025-11-06T11:00:00,False
user_004108,org_00925,admin,2025-07-27T09:00:00,True
user_004109,org_00925,member,2025-07-26T12:00:00,False
user_004110,org_00925,member,2025-07-27T02:00:00,False
user_004111,org_00925,member,2025-07-27T01:00:00,False
user_004112,org_00925,viewer,2025-07-26T06:00:00,False
user_004113,org_00925,viewer,2025-07-26T13:00:00,False
user_004114,org_00925,member,2025-07-27T15:00:00,False
user_004115,org_00925,viewer,2025-07-27T21:00:00,False
user_004116,org_00926,admin,2025-09-28T05:00:00,True
user_004117,org_00926,member,2025-09-28T03:00:00,False
user_004118,org_00926,member,2025-09-28T03:00:00,False
user_004119,org_00926,member,2025-09-28T01:00:00,False
user_004120,org_00926,member,2025-09-27T11:00:00,False
user_004121,org_00926,member,2025-09-28T22:00:00,False
user_004122,org_00926,member,2025-09-27T02:00:00,False
user_004123,org_00926,member,2025-09-28T06:00:00,False
user_004124,org_00927,admin,2025-05-28T11:00:00,True
user_004125,org_00927,member,2025-05-27T20:00:00,False
user_004126,org_00927,member,2025-05-28T06:00:00,False
user_004127,org_00928,admin,2025-10-13T07:00:00,True
user_004128,org_00928,member,2025-10-13T16:00:00,False
user_004129,org_00928,member,2025-10-14T04:00:00,False
user_004130,org_00928,viewer,2025-10-13T19:00:00,False
user_004131,org_00929,admin,2025-03-14T22:00:00,True
user_004132,org_00929,member,2025-03-14T07:00:00,False
user_004133,org_00929,member,2025-03-15T07:00:00,False
user_004134,org_00930,admin,2025-06-04T13:00:00,True
user_004135,org_00930,member,2025-06-03T14:00:00,False
user_004136,org_00930,member,2025-06-04T04:00:00,False
user_004137,org_00930,member,2025-06-03T17:00:00,False
user_004138,org_00931,admin,2025-10-27T23:00:00,True
user_004139,org_00931,viewer,2025-10-26T08:00:00,False
user_004140,org_00931,member,2025-10-26T04:00:00,False
user_004141,org_00931,member,2025-10-26T07:00:00,False
user_004142,org_00932,admin,2025-06-10T04:00:00,True
user_004143,org_00932,member,2025-06-11T02:00:00,False
user_004144,org_00932,member,2025-06-10T04:00:00,False
user_004145,org_00932,member,2025-06-10T12:00:00,False
user_004146,org_00932,viewer,2025-06-11T15:00:00,False
user_004147,org_00932,viewer,2025-06-11T01:00:00,False
user_004148,org_00932,member,2025-06-10T05:00:00,False
user_004149,org_00933,admin,2025-11-05T01:00:00,True
user_004150,org_00933,viewer,2025-11-05T08:00:00,False
user_004151,org_00933,viewer,2025-11-06T21:00:00,False
user_004152,org_00933,member,2025-11-06T13:00:00,False
user_004153,org_00933,member,2025-11-06T06:00:00,False
user_004154,org_00933,member,2025-11-05T16:00:00,False
user_004155,org_00933,member,2025-11-06T14:00:00,False
user_004156,org_00934,admin,2025-08-03T11:00:00,True
user_004157,org_00935,admin,2025-07-20T23:00:00,True
user_004158,org_00935,member,2025-07-20T13:00:00,False
user_004159,org_00935,viewer,2025-07-19T14:00:00,False
user_004160,org_00935,member,2025-07-20T00:00:00,False
user_004161,org_00935,member,2025-07-20T18:00:00,False
user_004162,org_00936,admin,2025-01-29T03:00:00,True
user_004163,org_00936,member,2025-01-28T18:00:00,False
user_004164,org_00936,member,2025-01-29T23:00:00,False
user_004165,org_00936,member,2025-01-29T18:00:00,False
user_004166,org_00936,member,2025-01-28T10:00:00,False
user_004167,org_00936,member,2025-01-29T14:00:00,False
user_004168,org_00936,member,2025-01-28T00:00:00,False
user_004169,org_00937,admin,2025-03-03T11:00:00,True
user_004170,org_00937,member,2025-03-02T04:00:00,False
user_004171,org_00937,member,2025-03-03T13:00:00,False
user_004172,org_00937,member,2025-03-03T08:00:00,False
user_004173,org_00937,member,2025-03-03T11:00:00,False
user_004174,org_00937,member,2025-03-03T23:00:00,False
user_004175,org_00937,viewer,2025-03-03T02:00:00,False
user_004176,org_00938,admin,2025-04-19T01:00:00,True
user_004177,org_00938,member,2025-04-19T17:00:00,False
user_004178,org_00938,member,2025-04-19T18:00:00,False
user_004179,org_00938,viewer,2025-04-19T22:00:00,False
user_004180,org_00938,member,2025-04-18T01:00:00,False
user_004181,org_00939,admin,2025-04-11T20:00:00,True
user_004182,org_00939,member,2025-04-11T08:00:00,False
user_004183,org_00939,viewer,2025-04-10T07:00:00,False
user_004184,org_00940,admin,2025-04-15T01:00:00,True
user_004185,org_00940,viewer,2025-04-16T14:00:00,False
user_004186,org_00940,viewer,2025-04-16T13:00:00,False
user_004187,org_00940,member,2025-04-15T16:00:00,False
user_004188,org_00941,admin,2025-01-05T04:00:00,True
user_004189,org_00941,member,2025-01-05T18:00:00,False
user_004190,org_00942,admin,2025-01-16T06:00:00,True
user_004191,org_00942,member,2025-01-17T15:00:00,False
user_004192,org_00942,viewer,2025-01-16T08:00:00,False
user_004193,org_00943,admin,2025-07-15T20:00:00,True
user_004194,org_00943,member,2025-07-14T08:00:00,False
user_004195,org_00943,member,2025-07-15T01:00:00,False
user_004196,org_00943,member,2025-07-14T08:00:00,False
user_004197,org_00943,member,2025-07-14T10:00:00,False
user_004198,org_00943,member,2025-07-15T04:00:00,False
user_004199,org_00944,admin,2025-10-29T15:00:00,True
user_004200,org_00944,member,2025-10-30T11:00:00,False
user_004201,org_00944,member,2025-10-30T21:00:00,False
user_004202,org_00944,member,2025-10-30T16:00:00,False
user_004203,org_00944,member,2025-10-30T02:00:00,False
user_004204,org_00944,member,2025-10-30T06:00:00,False
user_004205,org_00944,member,2025-10-29T07:00:00,False
user_004206,org_00945,admin,2025-06-15T11:00:00,True
user_004207,org_00945,member,2025-06-15T23:00:00,False
user_004208,org_00946,admin,2025-10-12T08:00:00,True
user_004209,org_00947,admin,2025-12-11T02:00:00,True
user_004210,org_00947,member,2025-12-11T22:00:00,False
user_004211,org_00947,member,2025-12-12T01:00:00,False
user_004212,org_00947,member,2025-12-11T10:00:00,False
user_004213,org_00948,admin,2025-04-22T20:00:00,True
user_004214,org_00948,member,2025-04-23T19:00:00,False
user_004215,org_00949,admin,2025-05-23T14:00:00,True
user_004216,org_00949,member,2025-05-24T15:00:00,False
user_004217,org_00949,member,2025-05-23T18:00:00,False
user_004218,org_00949,viewer,2025-05-23T21:00:00,False
user_004219,org_00949,viewer,2025-05-23T21:00:00,False
user_004220,org_00949,viewer,2025-05-23T05:00:00,False
user_004221,org_00949,member,2025-05-24T17:00:00,False
user_004222,org_00949,member,2025-05-24T10:00:00,False
user_004223,org_00950,admin,2025-01-14T09:00:00,True
user_004224,org_00950,member,2025-01-14T20:00:00,False
user_004225,org_00950,member,2025-01-15T13:00:00,False
user_004226,org_00951,admin,2025-12-30T04:00:00,True
user_004227,org_00951,member,2025-12-31T20:00:00,False
user_004228,org_00951,member,2025-12-30T14:00:00,False
user_004229,org_00951,viewer,2025-12-31T16:00:00,False
user_004230,org_00951,member,2025-12-30T07:00:00,False
user_004231,org_00951,viewer,2025-12-31T05:00:00,False
user_004232,org_00951,member,2025-12-31T21:00:00,False
user_004233,org_00951,viewer,2025-12-31T00:00:00,False
user_004234,org_00952,admin,2025-07-09T12:00:00,True
user_004235,org_00953,admin,2025-04-17T09:00:00,True
user_004236,org_00953,viewer,2025-04-18T03:00:00,False
user_004237,org_00953,member,2025-04-17T04:00:00,False
user_004238,org_00953,member,2025-04-17T01:00:00,False
user_004239,org_00953,member,2025-04-18T12:00:00,False
user_004240,org_00953,viewer,2025-04-18T17:00:00,False
user_004241,org_00953,member,2025-04-18T17:00:00,False
user_004242,org_00953,member,2025-04-17T13:00:00,False
user_004243,org_00954,admin,2025-05-01T09:00:00,True
user_004244,org_00954,member,2025-05-01T14:00:00,False
user_004245,org_00954,viewer,2025-05-01T03:00:00,False
user_004246,org_00955,admin,2025-03-01T09:00:00,True
user_004247,org_00955,member,2025-03-01T02:00:00,False
user_004248,org_00955,member,2025-03-01T07:00:00,False
user_004249,org_00955,member,2025-03-01T21:00:00,False
user_004250,org_00955,member,2025-03-01T18:00:00,False
user_004251,org_00955,member,2025-03-02T08:00:00,False
user_004252,org_00955,member,2025-03-02T07:00:00,False
user_004253,org_00955,viewer,2025-03-01T03:00:00,False
user_004254,org_00956,admin,2025-10-16T16:00:00,True
user_004255,org_00956,member,2025-10-17T05:00:00,False
user_004256,org_00956,member,2025-10-16T14:00:00,False
user_004257,org_00956,member,2025-10-16T16:00:00,False
user_004258,org_00956,member,2025-10-16T01:00:00,False
user_004259,org_00957,admin,2025-10-25T03:00:00,True
user_004260,org_00957,member,2025-10-24T11:00:00,False
user_004261,org_00957,viewer,2025-10-25T16:00:00,False
user_004262,org_00957,viewer,2025-10-25T12:00:00,False
user_004263,org_00958,admin,2025-07-07T12:00:00,True
user_004264,org_00958,member,2025-07-08T11:00:00,False
user_004265,org_00959,admin,2025-07-12T11:00:00,True
user_004266,org_00959,member,2025-07-13T12:00:00,False
user_004267,org_00959,viewer,2025-07-12T07:00:00,False
user_004268,org_00959,member,2025-07-12T01:00:00,False
user_004269,org_00960,admin,2025-06-08T15:00:00,True
user_004270,org_00961,admin,2025-12-09T22:00:00,True
user_004271,org_00962,admin,2025-04-10T18:00:00,True
user_004272,org_00963,admin,2025-03-24T11:00:00,True
user_004273,org_00963,member,2025-03-24T08:00:00,False
user_004274,org_00964,admin,2025-11-09T17:00:00,True
user_004275,org_00964,member,2025-11-09T13:00:00,False
user_004276,org_00964,member,2025-11-08T15:00:00,False
user_004277,org_00964,member,2025-11-08T07:00:00,False
user_004278,org_00964,member,2025-11-09T08:00:00,False
user_004279,org_00965,admin,2025-11-07T22:00:00,True
user_004280,org_00965,member,2025-11-07T06:00:00,False
user_004281,org_00965,member,2025-11-06T03:00:00,False
user_004282,org_00966,admin,2025-10-09T12:00:00,True
user_004283,org_00966,member,2025-10-08T07:00:00,False
user_004284,org_00966,member,2025-10-09T22:00:00,False
user_004285,org_00966,member,2025-10-09T14:00:00,False
user_004286,org_00966,member,2025-10-08T07:00:00,False
user_004287,org_00966,member,2025-10-08T20:00:00,False
user_004288,org_00967,admin,2025-08-17T13:00:00,True
user_004289,org_00967,member,2025-08-17T01:00:00,False
user_004290,org_00968,admin,2025-11-10T18:00:00,True
user_004291,org_00968,member,2025-11-09T23:00:00,False
user_004292,org_00968,member,2025-11-10T08:00:00,False
user_004293,org_00969,admin,2025-10-02T07:00:00,True
user_004294,org_00970,admin,2025-09-11T02:00:00,True
user_004295,org_00970,member,2025-09-12T14:00:00,False
user_004296,org_00970,member,2025-09-12T14:00:00,False
user_004297,org_00970,member,2025-09-11T06:00:00,False
user_004298,org_00970,member,2025-09-11T05:00:00,False
user_004299,org_00970,member,2025-09-11T13:00:00,False
user_004300,org_00970,member,2025-09-12T22:00:00,False
user_004301,org_00971,admin,2025-08-05T05:00:00,True
user_004302,org_00971,member,2025-08-04T02:00:00,False
user_004303,org_00971,member,2025-08-05T23:00:00,False
user_004304,org_00971,member,2025-08-05T15:00:00,False
user_004305,org_00971,member,2025-08-05T08:00:00,False
user_004306,org_00972,admin,2025-12-04T23:00:00,True
user_004307,org_00972,member,2025-12-03T18:00:00,False
user_004308,org_00972,member,2025-12-04T23:00:00,False
user_004309,org_00973,admin,2025-10-09T09:00:00,True
user_004310,org_00974,admin,2025-05-16T01:00:00,True
user_004311,org_00974,viewer,2025-05-16T02:00:00,False
user_004312,org_00974,member,2025-05-17T08:00:00,False
user_004313,org_00975,admin,2025-03-08T10:00:00,True
user_004314,org_00976,admin,2025-03-20T09:00:00,True
user_004315,org_00977,admin,2025-10-10T04:00:00,True
user_004316,org_00977,member,2025-10-10T17:00:00,False
user_004317,org_00977,member,2025-10-10T11:00:00,False
user_004318,org_00977,member,2025-10-10T03:00:00,False
user_004319,org_00977,member,2025-10-10T13:00:00,False
user_004320,org_00978,admin,2025-03-28T09:00:00,True
user_004321,org_00978,member,2025-03-27T02:00:00,False
user_004322,org_00978,member,2025-03-27T22:00:00,False
user_004323,org_00979,admin,2025-10-15T04:00:00,True
user_004324,org_00979,member,2025-10-16T02:00:00,False
user_004325,org_00979,member,2025-10-16T06:00:00,False
user_004326,org_00980,admin,2025-09-02T22:00:00,True
user_004327,org_00981,admin,2025-06-09T08:00:00,True
user_004328,org_00981,viewer,2025-06-09T01:00:00,False
user_004329,org_00981,member,2025-06-09T22:00:00,False
user_004330,org_00981,member,2025-06-08T18:00:00,False
user_004331,org_00981,member,2025-06-09T00:00:00,False
user_004332,org_00981,member,2025-06-08T19:00:00,False
user_004333,org_00981,member,2025-06-09T16:00:00,False
user_004334,org_00982,admin,2025-03-14T13:00:00,True
user_004335,org_00983,admin,2025-08-19T12:00:00,True
user_004336,org_00983,viewer,2025-08-19T08:00:00,False
user_004337,org_00983,member,2025-08-20T05:00:00,False
user_004338,org_00983,member,2025-08-19T21:00:00,False
user_004339,org_00984,admin,2025-05-20T11:00:00,True
user_004340,org_00984,member,2025-05-20T19:00:00,False
user_004341,org_00984,member,2025-05-21T20:00:00,False
user_004342,org_00984,viewer,2025-05-21T19:00:00,False
user_004343,org_00984,member,2025-05-20T05:00:00,False
user_004344,org_00985,admin,2025-10-14T10:00:00,True
user_004345,org_00985,viewer,2025-10-14T17:00:00,False
user_004346,org_00985,member,2025-10-15T08:00:00,False
user_004347,org_00985,member,2025-10-15T01:00:00,False
user_004348,org_00985,viewer,2025-10-14T06:00:00,False
user_004349,org_00986,admin,2025-03-03T16:00:00,True
user_004350,org_00986,member,2025-03-04T10:00:00,False
user_004351,org_00986,member,2025-03-04T06:00:00,False
user_004352,org_00986,member,2025-03-03T08:00:00,False
user_004353,org_00986,member,2025-03-04T10:00:00,False
user_004354,org_00986,member,2025-03-04T20:00:00,False
user_004355,org_00986,member,2025-03-04T18:00:00,False
user_004356,org_00986,member,2025-03-04T09:00:00,False
user_004357,org_00987,admin,2025-09-02T22:00:00,True
user_004358,org_00987,member,2025-09-03T09:00:00,False
user_004359,org_00987,member,2025-09-03T10:00:00,False
user_004360,org_00987,member,2025-09-02T09:00:00,False
user_004361,org_00987,viewer,2025-09-03T07:00:00,False
user_004362,org_00987,member,2025-09-03T13:00:00,False
user_004363,org_00987,member,2025-09-02T16:00:00,False
user_004364,org_00987,member,2025-09-02T03:00:00,False
user_004365,org_00988,admin,2025-01-06T21:00:00,True
user_004366,org_00988,member,2025-01-07T16:00:00,False
user_004367,org_00988,member,2025-01-07T03:00:00,False
user_004368,org_00988,member,2025-01-06T16:00:00,False
user_004369,org_00988,member,2025-01-07T21:00:00,False
user_004370,org_00988,member,2025-01-06T15:00:00,False
user_004371,org_00989,admin,2025-03-22T01:00:00,True
user_004372,org_00989,viewer,2025-03-22T16:00:00,False
user_004373,org_00989,member,2025-03-22T22:00:00,False
user_004374,org_00989,viewer,2025-03-22T05:00:00,False
user_004375,org_00989,member,2025-03-22T20:00:00,False
user_004376,org_00989,viewer,2025-03-22T20:00:00,False
user_004377,org_00989,member,2025-03-23T22:00:00,False
user_004378,org_00990,admin,2025-03-02T14:00:00,True
user_004379,org_00990,member,2025-03-03T08:00:00,False
user_004380,org_00990,member,2025-03-02T18:00:00,False
user_004381,org_00990,viewer,2025-03-02T15:00:00,False
user_004382,org_00990,member,2025-03-02T06:00:00,False
user_004383,org_00991,admin,2025-07-16T22:00:00,True
user_004384,org_00991,member,2025-07-16T03:00:00,False
user_004385,org_00991,member,2025-07-16T11:00:00,False
user_004386,org_00992,admin,2025-10-13T01:00:00,True
user_004387,org_00992,member,2025-10-13T09:00:00,False
user_004388,org_00992,member,2025-10-13T17:00:00,False
user_004389,org_00992,member,2025-10-14T19:00:00,False
user_004390,org_00992,member,2025-10-13T17:00:00,False
user_004391,org_00992,member,2025-10-13T19:00:00,False
user_004392,org_00993,admin,2025-12-01T09:00:00,True
user_004393,org_00994,admin,2025-06-13T04:00:00,True
user_004394,org_00994,viewer,2025-06-13T01:00:00,False
user_004395,org_00994,member,2025-06-14T21:00:00,False
user_004396,org_00994,viewer,2025-06-14T05:00:00,False
user_004397,org_00994,member,2025-06-14T08:00:00,False
user_004398,org_00995,admin,2025-10-19T23:00:00,True
user_004399,org_00995,member,2025-10-19T06:00:00,False
user_004400,org_00995,viewer,2025-10-18T08:00:00,False
user_004401,org_00995,member,2025-10-19T22:00:00,False
user_004402,org_00995,member,2025-10-19T19:00:00,False
user_004403,org_00995,member,2025-10-18T07:00:00,False
user_004404,org_00996,admin,2025-07-21T21:00:00,True
user_004405,org_00996,member,2025-07-21T23:00:00,False
user_004406,org_00996,member,2025-07-21T09:00:00,False
user_004407,org_00996,member,2025-07-21T17:00:00,False
user_004408,org_00997,admin,2025-08-19T23:00:00,True
user_004409,org_00997,viewer,2025-08-18T11:00:00,False
user_004410,org_00997,member,2025-08-19T16:00:00,False
user_004411,org_00998,admin,2025-12-05T18:00:00,True
user_004412,org_00998,viewer,2025-12-05T23:00:00,False
user_004413,org_00998,viewer,2025-12-05T06:00:00,False
user_004414,org_00998,member,2025-12-06T07:00:00,False
user_004415,org_00998,member,2025-12-05T13:00:00,False
user_004416,org_00999,admin,2025-01-17T00:00:00,True
user_004417,org_00999,member,2025-01-18T10:00:00,False
user_004418,org_00999,member,2025-01-18T05:00:00,False
user_004419,org_00999,member,2025-01-17T15:00:00,False
user_004420,org_00999,viewer,2025-01-18T16:00:00,False
user_004421,org_00999,member,2025-01-17T13:00:00,False
user_004422,org_01000,admin,2025-05-20T19:00:00,True
user_004423,org_01000,member,2025-05-20T02:00:00,False
user_004424,org_01000,viewer,2025-05-21T18:00:00,False
user_004425,org_01000,member,2025-05-21T16:00:00,False
user_004426,org_01000,member,2025-05-20T00:00:00,False
user_004427,org_01000,member,2025-05-20T04:00:00,False
user_004428,org_01000,member,2025-05-20T13:00:00,False
user_004429,org_01001,admin,2025-05-09T17:00:00,True
user_004430,org_01001,member,2025-05-09T12:00:00,False
user_004431,org_01001,member,2025-05-09T09:00:00,False
user_004432,org_01001,member,2025-05-09T07:00:00,False
user_004433,org_01002,admin,2025-03-28T04:00:00,True
user_004434,org_01003,admin,2025-11-03T20:00:00,True
user_004435,org_01003,member,2025-11-03T17:00:00,False
user_004436,org_01004,admin,2025-03-05T20:00:00,True
user_004437,org_01004,member,2025-03-05T10:00:00,False
user_004438,org_01004,member,2025-03-04T08:00:00,False
user_004439,org_01004,member,2025-03-05T23:00:00,False
user_004440,org_01004,member,2025-03-05T21:00:00,False
user_004441,org_01004,viewer,2025-03-04T15:00:00,False
user_004442,org_01004,member,2025-03-04T01:00:00,False
user_004443,org_01004,member,2025-03-05T14:00:00,False
user_004444,org_01005,admin,2025-12-30T09:00:00,True
user_004445,org_01005,viewer,2025-12-29T17:00:00,False
user_004446,org_01005,member,2025-12-29T23:00:00,False
user_004447,org_01005,member,2025-12-30T08:00:00,False
user_004448,org_01005,member,2025-12-30T16:00:00,False
user_004449,org_01005,member,2025-12-29T10:00:00,False
user_004450,org_01005,member,2025-12-29T12:00:00,False
user_004451,org_01006,admin,2025-03-12T12:00:00,True
user_004452,org_01006,member,2025-03-11T13:00:00,False
user_004453,org_01006,member,2025-03-11T08:00:00,False
user_004454,org_01006,member,2025-03-11T02:00:00,False
user_004455,org_01007,admin,2025-07-18T05:00:00,True
user_004456,org_01007,member,2025-07-18T09:00:00,False
user_004457,org_01007,member,2025-07-18T02:00:00,False
user_004458,org_01007,member,2025-07-19T17:00:00,False
user_004459,org_01007,member,2025-07-18T18:00:00,False
user_004460,org_01007,member,2025-07-19T03:00:00,False
user_004461,org_01008,admin,2025-06-24T08:00:00,True
user_004462,org_01009,admin,2025-03-28T01:00:00,True
user_004463,org_01009,member,2025-03-29T18:00:00,False
user_004464,org_01009,member,2025-03-29T06:00:00,False
user_004465,org_01009,member,2025-03-28T00:00:00,False
user_004466,org_01010,admin,2025-05-17T05:00:00,True
user_004467,org_01011,admin,2025-08-26T08:00:00,True
user_004468,org_01011,member,2025-08-26T01:00:00,False
user_004469,org_01011,viewer,2025-08-25T15:00:00,False
user_004470,org_01011,member,2025-08-26T19:00:00,False
user_004471,org_01011,member,2025-08-25T20:00:00,False
user_004472,org_01012,admin,2025-05-15T00:00:00,True
user_004473,org_01012,member,2025-05-15T23:00:00,False
user_004474,org_01012,member,2025-05-15T10:00:00,False
user_004475,org_01012,member,2025-05-14T07:00:00,False
user_004476,org_01012,member,2025-05-14T08:00:00,False
user_004477,org_01012,member,2025-05-15T14:00:00,False
user_004478,org_01012,member,2025-05-14T10:00:00,False
user_004479,org_01013,admin,2025-12-26T05:00:00,True
user_004480,org_01013,member,2025-12-26T21:00:00,False
user_004481,org_01013,member,2025-12-26T04:00:00,False
user_004482,org_01013,viewer,2025-12-26T13:00:00,False
user_004483,org_01013,member,2025-12-25T02:00:00,False
user_004484,org_01013,member,2025-12-25T09:00:00,False
user_004485,org_01013,member,2025-12-25T15:00:00,False
user_004486,org_01014,admin,2025-10-22T02:00:00,True
user_004487,org_01014,member,2025-10-23T11:00:00,False
user_004488,org_01015,admin,2025-07-10T11:00:00,True
user_004489,org_01015,member,2025-07-11T13:00:00,False
user_004490,org_01015,member,2025-07-10T07:00:00,False
user_004491,org_01015,viewer,2025-07-10T14:00:00,False
user_004492,org_01015,member,2025-07-10T00:00:00,False
user_004493,org_01015,member,2025-07-11T18:00:00,False
user_004494,org_01015,member,2025-07-11T01:00:00,False
user_004495,org_01015,member,2025-07-10T03:00:00,False
user_004496,org_01016,admin,2025-10-05T11:00:00,True
user_004497,org_01016,member,2025-10-04T20:00:00,False
user_004498,org_01016,viewer,2025-10-05T21:00:00,False
user_004499,org_01016,viewer,2025-10-04T11:00:00,False
user_004500,org_01016,member,2025-10-05T14:00:00,False
user_004501,org_01017,admin,2025-05-17T22:00:00,True
user_004502,org_01017,viewer,2025-05-18T23:00:00,False
user_004503,org_01018,admin,2025-01-21T06:00:00,True
user_004504,org_01018,member,2025-01-21T00:00:00,False
user_004505,org_01018,member,2025-01-22T12:00:00,False
user_004506,org_01018,member,2025-01-21T09:00:00,False
user_004507,org_01019,admin,2025-02-17T10:00:00,True
user_004508,org_01019,viewer,2025-02-17T08:00:00,False
user_004509,org_01019,viewer,2025-02-18T18:00:00,False
user_004510,org_01019,member,2025-02-18T12:00:00,False
user_004511,org_01019,viewer,2025-02-18T11:00:00,False
user_004512,org_01019,member,2025-02-18T18:00:00,False
user_004513,org_01019,member,2025-02-18T04:00:00,False
user_004514,org_01019,member,2025-02-17T03:00:00,False
user_004515,org_01020,admin,2025-12-25T22:00:00,True
user_004516,org_01020,member,2025-12-25T15:00:00,False
user_004517,org_01020,member,2025-12-24T08:00:00,False
user_004518,org_01020,viewer,2025-12-25T09:00:00,False
user_004519,org_01020,member,2025-12-25T03:00:00,False
user_004520,org_01021,admin,2025-10-28T01:00:00,True
user_004521,org_01021,member,2025-10-28T05:00:00,False
user_004522,org_01021,member,2025-10-28T05:00:00,False
user_004523,org_01021,member,2025-10-27T10:00:00,False
user_004524,org_01021,member,2025-10-27T02:00:00,False
user_004525,org_01021,member,2025-10-28T22:00:00,False
user_004526,org_01022,admin,2025-11-05T16:00:00,True
user_004527,org_01022,member,2025-11-06T11:00:00,False
user_004528,org_01022,member,2025-11-06T01:00:00,False
user_004529,org_01022,member,2025-11-05T17:00:00,False
user_004530,org_01022,member,2025-11-05T09:00:00,False
user_004531,org_01023,admin,2025-04-11T08:00:00,True
user_004532,org_01023,member,2025-04-11T21:00:00,False
user_004533,org_01023,member,2025-04-10T01:00:00,False
user_004534,org_01023,member,2025-04-11T04:00:00,False
user_004535,org_01023,member,2025-04-11T19:00:00,False
user_004536,org_01024,admin,2025-11-09T15:00:00,True
user_004537,org_01024,member,2025-11-09T05:00:00,False
user_004538,org_01024,member,2025-11-09T03:00:00,False
user_004539,org_01024,member,2025-11-10T21:00:00,False
user_004540,org_01024,viewer,2025-11-10T22:00:00,False
user_004541,org_01024,member,2025-11-10T03:00:00,False
user_004542,org_01025,admin,2025-11-23T10:00:00,True
user_004543,org_01025,member,2025-11-23T06:00:00,False
user_004544,org_01026,admin,2025-01-03T02:00:00,True
user_004545,org_01026,member,2025-01-02T18:00:00,False
user_004546,org_01026,member,2025-01-02T07:00:00,False
user_004547,org_01026,member,2025-01-02T03:00:00,False
user_004548,org_01027,admin,2025-12-11T06:00:00,True
user_004549,org_01027,member,2025-12-10T16:00:00,False
user_004550,org_01027,member,2025-12-10T21:00:00,False
user_004551,org_01027,member,2025-12-11T19:00:00,False
user_004552,org_01028,admin,2025-06-26T01:00:00,True
user_004553,org_01028,member,2025-06-27T03:00:00,False
user_004554,org_01028,member,2025-06-26T20:00:00,False
user_004555,org_01028,member,2025-06-27T15:00:00,False
user_004556,org_01028,member,2025-06-26T23:00:00,False
user_004557,org_01028,member,2025-06-26T14:00:00,False
user_004558,org_01028,member,2025-06-26T00:00:00,False
user_004559,org_01028,member,2025-06-27T02:00:00,False
user_004560,org_01029,admin,2025-07-11T16:00:00,True
user_004561,org_01029,member,2025-07-11T06:00:00,False
user_004562,org_01029,viewer,2025-07-11T15:00:00,False
user_004563,org_01030,admin,2025-08-09T03:00:00,True
user_004564,org_01030,member,2025-08-10T06:00:00,False
user_004565,org_01030,viewer,2025-08-09T09:00:00,False
user_004566,org_01030,member,2025-08-10T20:00:00,False
user_004567,org_01030,member,2025-08-10T20:00:00,False
user_004568,org_01031,admin,2025-03-24T05:00:00,True
user_004569,org_01031,member,2025-03-25T05:00:00,False
user_004570,org_01031,member,2025-03-25T14:00:00,False
user_004571,org_01031,member,2025-03-25T21:00:00,False
user_004572,org_01031,member,2025-03-24T17:00:00,False
user_004573,org_01031,viewer,2025-03-24T01:00:00,False
user_004574,org_01031,member,2025-03-25T19:00:00,False
user_004575,org_01031,member,2025-03-24T16:00:00,False
user_004576,org_01032,admin,2025-05-04T12:00:00,True
user_004577,org_01032,member,2025-05-03T14:00:00,False
user_004578,org_01032,member,2025-05-03T18:00:00,False
user_004579,org_01032,member,2025-05-04T03:00:00,False
user_004580,org_01032,member,2025-05-04T09:00:00,False
user_004581,org_01033,admin,2025-02-23T13:00:00,True
user_004582,org_01033,viewer,2025-02-23T22:00:00,False
user_004583,org_01033,member,2025-02-22T16:00:00,False
user_004584,org_01033,member,2025-02-22T07:00:00,False
user_004585,org_01033,member,2025-02-23T05:00:00,False
user_004586,org_01034,admin,2025-04-15T07:00:00,True
user_004587,org_01034,viewer,2025-04-14T02:00:00,False
user_004588,org_01035,admin,2025-08-30T08:00:00,True
user_004589,org_01035,viewer,2025-08-30T01:00:00,False
user_004590,org_01036,admin,2025-12-22T22:00:00,True
user_004591,org_01037,admin,2025-06-20T09:00:00,True
user_004592,org_01037,member,2025-06-20T06:00:00,False
user_004593,org_01037,member,2025-06-20T11:00:00,False
user_004594,org_01037,member,2025-06-20T03:00:00,False
user_004595,org_01038,admin,2025-07-06T11:00:00,True
user_004596,org_01038,member,2025-07-06T08:00:00,False
user_004597,org_01038,viewer,2025-07-05T09:00:00,False
user_004598,org_01038,viewer,2025-07-05T14:00:00,False
user_004599,org_01038,member,2025-07-06T14:00:00,False
user_004600,org_01038,viewer,2025-07-05T19:00:00,False
user_004601,org_01038,member,2025-07-05T23:00:00,False
user_004602,org_01038,member,2025-07-05T15:00:00,False
user_004603,org_01039,admin,2025-01-15T11:00:00,True
user_004604,org_01039,viewer,2025-01-15T09:00:00,False
user_004605,org_01040,admin,2025-04-05T09:00:00,True
user_004606,org_01040,member,2025-04-05T05:00:00,False
user_004607,org_01040,member,2025-04-04T15:00:00,False
user_004608,org_01041,admin,2025-07-26T11:00:00,True
user_004609,org_01041,member,2025-07-27T13:00:00,False
user_004610,org_01041,member,2025-07-26T05:00:00,False
user_004611,org_01041,member,2025-07-26T13:00:00,False
user_004612,org_01041,member,2025-07-26T00:00:00,False
user_004613,org_01042,admin,2025-08-29T17:00:00,True
user_004614,org_01042,member,2025-08-28T18:00:00,False
user_004615,org_01042,viewer,2025-08-28T03:00:00,False
user_004616,org_01042,viewer,2025-08-29T03:00:00,False
user_004617,org_01042,member,2025-08-29T07:00:00,False
user_004618,org_01042,member,2025-08-28T15:00:00,False
user_004619,org_01042,member,2025-08-29T12:00:00,False
user_004620,org_01043,admin,2025-01-11T02:00:00,True
user_004621,org_01043,member,2025-01-10T13:00:00,False
user_004622,org_01043,member,2025-01-11T18:00:00,False
user_004623,org_01043,member,2025-01-10T22:00:00,False
user_004624,org_01043,member,2025-01-11T02:00:00,False
user_004625,org_01044,admin,2025-04-29T00:00:00,True
user_004626,org_01044,viewer,2025-04-29T12:00:00,False
user_004627,org_01044,member,2025-04-30T03:00:00,False
user_004628,org_01044,member,2025-04-29T02:00:00,False
user_004629,org_01044,member,2025-04-30T09:00:00,False
user_004630,org_01044,member,2025-04-29T21:00:00,False
user_004631,org_01045,admin,2025-01-12T17:00:00,True
user_004632,org_01045,member,2025-01-12T19:00:00,False
user_004633,org_01045,member,2025-01-12T19:00:00,False
user_004634,org_01045,viewer,2025-01-12T19:00:00,False
user_004635,org_01045,member,2025-01-13T02:00:00,False
user_004636,org_01045,member,2025-01-13T08:00:00,False
user_004637,org_01045,member,2025-01-12T07:00:00,False
user_004638,org_01046,admin,2025-04-26T10:00:00,True
user_004639,org_01046,member,2025-04-27T19:00:00,False
user_004640,org_01046,member,2025-04-26T14:00:00,False
user_004641,org_01046,viewer,2025-04-26T06:00:00,False
user_004642,org_01047,admin,2025-03-30T19:00:00,True
user_004643,org_01048,admin,2025-08-27T02:00:00,True
user_004644,org_01048,member,2025-08-26T10:00:00,False
user_004645,org_01048,member,2025-08-27T09:00:00,False
user_004646,org_01048,member,2025-08-26T11:00:00,False
user_004647,org_01048,viewer,2025-08-27T10:00:00,False
user_004648,org_01049,admin,2025-07-04T16:00:00,True
user_004649,org_01049,viewer,2025-07-05T05:00:00,False
user_004650,org_01049,member,2025-07-04T20:00:00,False
user_004651,org_01049,viewer,2025-07-04T07:00:00,False
user_004652,org_01050,admin,2025-08-24T09:00:00,True
user_004653,org_01050,member,2025-08-23T17:00:00,False
user_004654,org_01050,member,2025-08-24T21:00:00,False
user_004655,org_01050,member,2025-08-23T16:00:00,False
user_004656,org_01050,member,2025-08-23T11:00:00,False
user_004657,org_01050,member,2025-08-24T12:00:00,False
user_004658,org_01050,member,2025-08-24T16:00:00,False
user_004659,org_01050,member,2025-08-23T05:00:00,False
user_004660,org_01051,admin,2025-09-28T07:00:00,True
user_004661,org_01051,member,2025-09-27T15:00:00,False
user_004662,org_01051,member,2025-09-27T17:00:00,False
user_004663,org_01051,viewer,2025-09-27T14:00:00,False
user_004664,org_01051,member,2025-09-27T11:00:00,False
user_004665,org_01051,member,2025-09-28T18:00:00,False
user_004666,org_01052,admin,2025-06-27T00:00:00,True
user_004667,org_01052,viewer,2025-06-26T20:00:00,False
user_004668,org_01053,admin,2025-02-10T12:00:00,True
user_004669,org_01053,member,2025-02-10T07:00:00,False
user_004670,org_01054,admin,2025-03-06T09:00:00,True
user_004671,org_01054,member,2025-03-05T08:00:00,False
user_004672,org_01054,member,2025-03-06T07:00:00,False
user_004673,org_01054,member,2025-03-06T22:00:00,False
user_004674,org_01054,member,2025-03-05T01:00:00,False
user_004675,org_01054,viewer,2025-03-06T15:00:00,False
user_004676,org_01054,member,2025-03-05T02:00:00,False
user_004677,org_01055,admin,2025-11-21T07:00:00,True
user_004678,org_01055,member,2025-11-20T04:00:00,False
user_004679,org_01055,member,2025-11-21T15:00:00,False
user_004680,org_01055,member,2025-11-20T18:00:00,False
user_004681,org_01055,member,2025-11-20T00:00:00,False
user_004682,org_01056,admin,2025-03-10T09:00:00,True
user_004683,org_01056,member,2025-03-11T07:00:00,False
user_004684,org_01056,member,2025-03-10T20:00:00,False
user_004685,org_01056,member,2025-03-11T17:00:00,False
user_004686,org_01056,viewer,2025-03-10T04:00:00,False
user_004687,org_01056,member,2025-03-11T16:00:00,False
user_004688,org_01056,member,2025-03-11T03:00:00,False
user_004689,org_01056,member,2025-03-10T23:00:00,False
user_004690,org_01057,admin,2025-04-16T07:00:00,True
user_004691,org_01057,viewer,2025-04-17T23:00:00,False
user_004692,org_01057,member,2025-04-17T23:00:00,False
user_004693,org_01057,viewer,2025-04-17T05:00:00,False
user_004694,org_01057,member,2025-04-16T04:00:00,False
user_004695,org_01057,member,2025-04-17T01:00:00,False
user_004696,org_01057,member,2025-04-17T01:00:00,False
user_004697,org_01057,member,2025-04-17T14:00:00,False
user_004698,org_01058,admin,2025-08-01T18:00:00,True
user_004699,org_01058,member,2025-08-02T23:00:00,False
user_004700,org_01058,member,2025-08-02T08:00:00,False
user_004701,org_01058,member,2025-08-01T02:00:00,False
user_004702,org_01058,member,2025-08-01T09:00:00,False
user_004703,org_01059,admin,2025-07-02T02:00:00,True
user_004704,org_01059,member,2025-07-01T15:00:00,False
user_004705,org_01059,member,2025-07-01T22:00:00,False
user_004706,org_01059,member,2025-07-02T01:00:00,False
user_004707,org_01059,member,2025-07-02T13:00:00,False
user_004708,org_01059,member,2025-07-02T00:00:00,False
user_004709,org_01059,member,2025-07-01T07:00:00,False
user_004710,org_01059,member,2025-07-01T19:00:00,False
user_004711,org_01060,admin,2025-07-26T08:00:00,True
user_004712,org_01061,admin,2025-04-26T09:00:00,True
user_004713,org_01061,member,2025-04-27T03:00:00,False
user_004714,org_01062,admin,2025-09-23T18:00:00,True
user_004715,org_01062,member,2025-09-22T21:00:00,False
user_004716,org_01063,admin,2025-09-21T08:00:00,True
user_004717,org_01064,admin,2025-02-06T11:00:00,True
user_004718,org_01064,member,2025-02-07T11:00:00,False
user_004719,org_01064,member,2025-02-07T21:00:00,False
user_004720,org_01064,member,2025-02-06T04:00:00,False
user_004721,org_01064,viewer,2025-02-07T17:00:00,False
user_004722,org_01064,viewer,2025-02-06T07:00:00,False
user_004723,org_01065,admin,2025-11-09T13:00:00,True
user_004724,org_01065,member,2025-11-10T10:00:00,False
user_004725,org_01065,member,2025-11-10T10:00:00,False
user_004726,org_01066,admin,2025-07-17T05:00:00,True
user_004727,org_01066,member,2025-07-18T06:00:00,False
user_004728,org_01066,member,2025-07-18T15:00:00,False
user_004729,org_01066,member,2025-07-17T03:00:00,False
user_004730,org_01066,member,2025-07-18T12:00:00,False
user_004731,org_01067,admin,2025-07-13T11:00:00,True
user_004732,org_01067,member,2025-07-14T22:00:00,False
user_004733,org_01067,viewer,2025-07-14T02:00:00,False
user_004734,org_01067,member,2025-07-13T02:00:00,False
user_004735,org_01068,admin,2025-05-04T12:00:00,True
user_004736,org_01068,viewer,2025-05-04T00:00:00,False
user_004737,org_01069,admin,2025-10-15T04:00:00,True
user_004738,org_01069,member,2025-10-16T10:00:00,False
user_004739,org_01069,member,2025-10-15T14:00:00,False
user_004740,org_01069,member,2025-10-16T14:00:00,False
user_004741,org_01069,viewer,2025-10-15T17:00:00,False
user_004742,org_01069,member,2025-10-15T01:00:00,False
user_004743,org_01069,member,2025-10-16T04:00:00,False
user_004744,org_01069,viewer,2025-10-15T14:00:00,False
user_004745,org_01070,admin,2025-08-13T16:00:00,True
user_004746,org_01071,admin,2025-10-23T00:00:00,True
user_004747,org_01072,admin,2025-05-12T06:00:00,True
user_004748,org_01072,viewer,2025-05-11T12:00:00,False
user_004749,org_01072,member,2025-05-12T04:00:00,False
user_004750,org_01072,member,2025-05-12T09:00:00,False
user_004751,org_01072,member,2025-05-12T15:00:00,False
user_004752,org_01072,member,2025-05-11T15:00:00,False
user_004753,org_01073,admin,2025-05-19T10:00:00,True
user_004754,org_01073,member,2025-05-20T13:00:00,False
user_004755,org_01073,member,2025-05-19T02:00:00,False
user_004756,org_01073,viewer,2025-05-19T07:00:00,False
user_004757,org_01073,member,2025-05-20T09:00:00,False
user_004758,org_01073,member,2025-05-19T23:00:00,False
user_004759,org_01074,admin,2025-05-14T04:00:00,True
user_004760,org_01074,member,2025-05-15T00:00:00,False
user_004761,org_01074,member,2025-05-14T16:00:00,False
user_004762,org_01074,member,2025-05-14T20:00:00,False
user_004763,org_01074,member,2025-05-14T02:00:00,False
user_004764,org_01074,member,2025-05-14T03:00:00,False
user_004765,org_01074,member,2025-05-15T17:00:00,False
user_004766,org_01075,admin,2025-10-01T12:00:00,True
user_004767,org_01075,member,2025-10-01T00:00:00,False
user_004768,org_01075,member,2025-10-02T21:00:00,False
user_004769,org_01076,admin,2025-05-10T00:00:00,True
user_004770,org_01076,member,2025-05-10T09:00:00,False
user_004771,org_01076,member,2025-05-10T10:00:00,False
user_004772,org_01076,viewer,2025-05-09T17:00:00,False
user_004773,org_01077,admin,2025-07-06T02:00:00,True
user_004774,org_01077,member,2025-07-07T09:00:00,False
user_004775,org_01077,member,2025-07-07T22:00:00,False
user_004776,org_01078,admin,2025-12-16T17:00:00,True
user_004777,org_01078,member,2025-12-15T01:00:00,False
user_004778,org_01078,member,2025-12-16T08:00:00,False
user_004779,org_01078,viewer,2025-12-15T13:00:00,False
user_004780,org_01078,member,2025-12-15T07:00:00,False
user_004781,org_01078,member,2025-12-16T02:00:00,False
user_004782,org_01078,member,2025-12-15T03:00:00,False
user_004783,org_01079,admin,2025-06-27T07:00:00,True
user_004784,org_01079,member,2025-06-26T14:00:00,False
user_004785,org_01079,viewer,2025-06-26T17:00:00,False
user_004786,org_01080,admin,2025-12-11T23:00:00,True
user_004787,org_01081,admin,2025-05-25T08:00:00,True
user_004788,org_01081,member,2025-05-25T17:00:00,False
user_004789,org_01081,member,2025-05-25T16:00:00,False
user_004790,org_01081,member,2025-05-26T17:00:00,False
user_004791,org_01081,member,2025-05-26T15:00:00,False
user_004792,org_01082,admin,2025-03-14T15:00:00,True
user_004793,org_01082,member,2025-03-14T01:00:00,False
user_004794,org_01082,member,2025-03-14T00:00:00,False
user_004795,org_01082,member,2025-03-14T02:00:00,False
user_004796,org_01082,member,2025-03-13T10:00:00,False
user_004797,org_01082,viewer,2025-03-13T21:00:00,False
user_004798,org_01083,admin,2025-07-28T06:00:00,True
user_004799,org_01083,member,2025-07-28T01:00:00,False
user_004800,org_01083,viewer,2025-07-28T17:00:00,False
user_004801,org_01083,member,2025-07-27T10:00:00,False
user_004802,org_01084,admin,2025-08-17T19:00:00,True
user_004803,org_01084,member,2025-08-18T05:00:00,False
user_004804,org_01084,member,2025-08-17T19:00:00,False
user_004805,org_01084,viewer,2025-08-17T09:00:00,False
user_004806,org_01084,member,2025-08-18T17:00:00,False
user_004807,org_01085,admin,2025-07-19T23:00:00,True
user_004808,org_01085,member,2025-07-19T23:00:00,False
user_004809,org_01085,member,2025-07-18T23:00:00,False
user_004810,org_01085,member,2025-07-19T04:00:00,False
user_004811,org_01086,admin,2025-08-25T15:00:00,True
user_004812,org_01086,member,2025-08-24T13:00:00,False
user_004813,org_01086,member,2025-08-25T15:00:00,False
user_004814,org_01087,admin,2025-02-06T15:00:00,True
user_004815,org_01087,member,2025-02-07T20:00:00,False
user_004816,org_01087,viewer,2025-02-06T01:00:00,False
user_004817,org_01087,member,2025-02-06T05:00:00,False
user_004818,org_01087,member,2025-02-07T16:00:00,False
user_004819,org_01087,member,2025-02-06T15:00:00,False
user_004820,org_01087,member,2025-02-06T05:00:00,False
user_004821,org_01088,admin,2025-03-31T17:00:00,True
user_004822,org_01088,member,2025-03-30T17:00:00,False
user_004823,org_01089,admin,2025-08-25T22:00:00,True
user_004824,org_01090,admin,2025-09-01T10:00:00,True
user_004825,org_01090,viewer,2025-09-01T04:00:00,False
user_004826,org_01090,member,2025-09-01T05:00:00,False
user_004827,org_01090,member,2025-08-31T01:00:00,False
user_004828,org_01090,member,2025-09-01T13:00:00,False
user_004829,org_01090,viewer,2025-08-31T01:00:00,False
user_004830,org_01090,viewer,2025-09-01T11:00:00,False
user_004831,org_01090,member,2025-09-01T08:00:00,False
user_004832,org_01091,admin,2025-10-27T21:00:00,True
user_004833,org_01091,member,2025-10-28T06:00:00,False
user_004834,org_01091,member,2025-10-27T00:00:00,False
user_004835,org_01091,member,2025-10-28T10:00:00,False
user_004836,org_01092,admin,2025-06-19T14:00:00,True
user_004837,org_01092,member,2025-06-18T20:00:00,False
user_004838,org_01092,viewer,2025-06-19T18:00:00,False
user_004839,org_01092,member,2025-06-18T10:00:00,False
user_004840,org_01092,viewer,2025-06-19T15:00:00,False
user_004841,org_01092,member,2025-06-19T13:00:00,False
user_004842,org_01093,admin,2025-11-11T14:00:00,True
user_004843,org_01093,member,2025-11-11T08:00:00,False
user_004844,org_01094,admin,2025-02-02T22:00:00,True
user_004845,org_01095,admin,2025-07-27T11:00:00,True
user_004846,org_01095,viewer,2025-07-28T22:00:00,False
user_004847,org_01095,member,2025-07-28T21:00:00,False
user_004848,org_01095,member,2025-07-27T01:00:00,False
user_004849,org_01096,admin,2025-03-06T20:00:00,True
user_004850,org_01096,member,2025-03-05T06:00:00,False
user_004851,org_01096,member,2025-03-05T06:00:00,False
user_004852,org_01096,member,2025-03-05T20:00:00,False
user_004853,org_01096,member,2025-03-05T21:00:00,False
user_004854,org_01096,member,2025-03-06T05:00:00,False
user_004855,org_01097,admin,2025-12-01T02:00:00,True
user_004856,org_01097,member,2025-11-30T01:00:00,False
user_004857,org_01097,member,2025-11-30T20:00:00,False
user_004858,org_01097,member,2025-12-01T17:00:00,False
user_004859,org_01097,member,2025-12-01T11:00:00,False
user_004860,org_01097,member,2025-12-01T11:00:00,False
user_004861,org_01097,member,2025-11-30T07:00:00,False
user_004862,org_01098,admin,2025-08-22T02:00:00,True
user_004863,org_01098,member,2025-08-22T19:00:00,False
user_004864,org_01098,member,2025-08-22T21:00:00,False
user_004865,org_01098,viewer,2025-08-23T11:00:00,False
user_004866,org_01098,member,2025-08-23T08:00:00,False
user_004867,org_01098,viewer,2025-08-23T16:00:00,False
user_004868,org_01098,member,2025-08-23T03:00:00,False
user_004869,org_01098,member,2025-08-23T18:00:00,False
user_004870,org_01099,admin,2025-02-08T01:00:00,True
user_004871,org_01099,member,2025-02-08T10:00:00,False
user_004872,org_01099,member,2025-02-08T08:00:00,False
user_004873,org_01099,member,2025-02-08T06:00:00,False
user_004874,org_01099,member,2025-02-08T14:00:00,False
user_004875,org_01100,admin,2025-10-19T05:00:00,True
user_004876,org_01100,viewer,2025-10-19T16:00:00,False
user_004877,org_01100,viewer,2025-10-20T02:00:00,False
user_004878,org_01100,viewer,2025-10-19T20:00:00,False
user_004879,org_01100,member,2025-10-19T19:00:00,False
user_004880,org_01100,member,2025-10-20T13:00:00,False
user_004881,org_01100,member,2025-10-20T08:00:00,False
user_004882,org_01101,admin,2025-01-19T22:00:00,True
user_004883,org_01101,member,2025-01-19T22:00:00,False
user_004884,org_01101,viewer,2025-01-20T17:00:00,False
user_004885,org_01101,member,2025-01-20T19:00:00,False
user_004886,org_01101,member,2025-01-19T12:00:00,False
user_004887,org_01101,member,2025-01-20T04:00:00,False
user_004888,org_01102,admin,2025-07-25T14:00:00,True
user_004889,org_01102,member,2025-07-25T12:00:00,False
user_004890,org_01102,member,2025-07-25T16:00:00,False
user_004891,org_01102,member,2025-07-25T04:00:00,False
user_004892,org_01103,admin,2025-12-13T02:00:00,True
user_004893,org_01103,member,2025-12-13T04:00:00,False
user_004894,org_01103,viewer,2025-12-13T20:00:00,False
user_004895,org_01103,member,2025-12-12T04:00:00,False
user_004896,org_01103,viewer,2025-12-13T01:00:00,False
user_004897,org_01103,member,2025-12-12T18:00:00,False
user_004898,org_01103,member,2025-12-13T01:00:00,False
user_004899,org_01104,admin,2025-12-28T07:00:00,True
user_004900,org_01104,viewer,2025-12-27T06:00:00,False
user_004901,org_01104,member,2025-12-28T20:00:00,False
user_004902,org_01104,member,2025-12-27T17:00:00,False
user_004903,org_01105,admin,2025-02-22T04:00:00,True
user_004904,org_01105,member,2025-02-22T01:00:00,False
user_004905,org_01105,member,2025-02-21T20:00:00,False
user_004906,org_01105,member,2025-02-21T06:00:00,False
user_004907,org_01105,member,2025-02-22T05:00:00,False
user_004908,org_01106,admin,2025-10-13T10:00:00,True
user_004909,org_01106,member,2025-10-12T02:00:00,False
user_004910,org_01107,admin,2025-06-29T01:00:00,True
user_004911,org_01107,member,2025-06-29T16:00:00,False
user_004912,org_01107,member,2025-06-30T04:00:00,False
user_004913,org_01108,admin,2025-04-04T05:00:00,True
user_004914,org_01108,member,2025-04-04T11:00:00,False
user_004915,org_01108,member,2025-04-04T02:00:00,False
user_004916,org_01108,member,2025-04-03T04:00:00,False
user_004917,org_01108,viewer,2025-04-04T04:00:00,False
user_004918,org_01108,member,2025-04-03T06:00:00,False
user_004919,org_01108,member,2025-04-03T13:00:00,False
user_004920,org_01109,admin,2025-06-28T05:00:00,True
user_004921,org_01109,member,2025-06-28T01:00:00,False
user_004922,org_01109,member,2025-06-27T07:00:00,False
user_004923,org_01110,admin,2025-09-28T03:00:00,True
user_004924,org_01110,member,2025-09-29T20:00:00,False
user_004925,org_01110,member,2025-09-28T09:00:00,False
user_004926,org_01110,member,2025-09-29T00:00:00,False
user_004927,org_01110,member,2025-09-29T20:00:00,False
user_004928,org_01110,member,2025-09-29T05:00:00,False
user_004929,org_01110,member,2025-09-28T18:00:00,False
user_004930,org_01111,admin,2025-12-16T11:00:00,True
user_004931,org_01111,member,2025-12-16T15:00:00,False
user_004932,org_01111,viewer,2025-12-15T21:00:00,False
user_004933,org_01111,member,2025-12-16T17:00:00,False
user_004934,org_01111,member,2025-12-15T19:00:00,False
user_004935,org_01111,viewer,2025-12-15T00:00:00,False
user_004936,org_01112,admin,2025-01-26T17:00:00,True
user_004937,org_01112,member,2025-01-27T19:00:00,False
user_004938,org_01112,viewer,2025-01-27T22:00:00,False
user_004939,org_01112,member,2025-01-26T05:00:00,False
user_004940,org_01112,member,2025-01-27T18:00:00,False
user_004941,org_01112,member,2025-01-26T20:00:00,False
user_004942,org_01112,member,2025-01-27T16:00:00,False
user_004943,org_01113,admin,2025-08-09T19:00:00,True
user_004944,org_01113,viewer,2025-08-08T17:00:00,False
user_004945,org_01113,member,2025-08-09T09:00:00,False
user_004946,org_01114,admin,2025-08-21T14:00:00,True
user_004947,org_01114,viewer,2025-08-21T23:00:00,False
user_004948,org_01115,admin,2025-02-20T02:00:00,True
user_004949,org_01116,admin,2025-08-06T13:00:00,True
user_004950,org_01116,member,2025-08-06T09:00:00,False
user_004951,org_01116,member,2025-08-07T23:00:00,False
user_004952,org_01117,admin,2025-01-18T07:00:00,True
user_004953,org_01118,admin,2025-03-13T01:00:00,True
user_004954,org_01118,member,2025-03-12T04:00:00,False
user_004955,org_01118,member,2025-03-13T13:00:00,False
user_004956,org_01118,member,2025-03-13T02:00:00,False
user_004957,org_01118,member,2025-03-12T19:00:00,False
user_004958,org_01118,member,2025-03-12T22:00:00,False
user_004959,org_01118,member,2025-03-13T14:00:00,False
user_004960,org_01118,member,2025-03-12T06:00:00,False
user_004961,org_01119,admin,2025-01-20T20:00:00,True
user_004962,org_01120,admin,2025-09-16T05:00:00,True
user_004963,org_01120,member,2025-09-16T14:00:00,False
user_004964,org_01120,member,2025-09-17T08:00:00,False
user_004965,org_01120,member,2025-09-17T18:00:00,False
user_004966,org_01120,member,2025-09-17T03:00:00,False
user_004967,org_01120,viewer,2025-09-16T10:00:00,False
user_004968,org_01121,admin,2025-06-03T10:00:00,True
user_004969,org_01121,member,2025-06-03T22:00:00,False
user_004970,org_01121,member,2025-06-03T15:00:00,False
user_004971,org_01121,member,2025-06-04T21:00:00,False
user_004972,org_01121,member,2025-06-04T01:00:00,False
user_004973,org_01121,member,2025-06-03T09:00:00,False
user_004974,org_01121,viewer,2025-06-03T16:00:00,False
user_004975,org_01121,member,2025-06-04T03:00:00,False
user_004976,org_01122,admin,2025-12-19T05:00:00,True
user_004977,org_01123,admin,2025-10-05T13:00:00,True
user_004978,org_01123,member,2025-10-05T08:00:00,False
user_004979,org_01123,viewer,2025-10-05T12:00:00,False
user_004980,org_01123,member,2025-10-05T02:00:00,False
user_004981,org_01123,member,2025-10-05T22:00:00,False
user_004982,org_01123,member,2025-10-05T23:00:00,False
user_004983,org_01123,member,2025-10-04T17:00:00,False
user_004984,org_01123,member,2025-10-04T21:00:00,False
user_004985,org_01124,admin,2025-07-12T01:00:00,True
user_004986,org_01124,member,2025-07-12T01:00:00,False
user_004987,org_01124,member,2025-07-12T15:00:00,False
user_004988,org_01124,member,2025-07-12T14:00:00,False
user_004989,org_01125,admin,2025-05-07T01:00:00,True
user_004990,org_01125,viewer,2025-05-08T15:00:00,False
user_004991,org_01125,member,2025-05-08T02:00:00,False
user_004992,org_01125,member,2025-05-08T06:00:00,False
user_004993,org_01125,member,2025-05-07T13:00:00,False
user_004994,org_01126,admin,2025-12-09T01:00:00,True
user_004995,org_01127,admin,2025-11-18T08:00:00,True
user_004996,org_01127,member,2025-11-18T11:00:00,False
user_004997,org_01127,member,2025-11-18T22:00:00,False
user_004998,org_01128,admin,2025-01-05T21:00:00,True
user_004999,org_01128,member,2025-01-05T02:00:00,False
user_005000,org_01128,member,2025-01-05T12:00:00,False
user_005001,org_01129,admin,2025-02-10T13:00:00,True
user_005002,org_01129,member,2025-02-10T14:00:00,False
user_005003,org_01129,member,2025-02-10T00:00:00,False
user_005004,org_01129,member,2025-02-09T13:00:00,False
user_005005,org_01129,member,2025-02-10T20:00:00,False
user_005006,org_01129,member,2025-02-10T00:00:00,False
user_005007,org_01129,member,2025-02-09T18:00:00,False
user_005008,org_01130,admin,2025-01-15T17:00:00,True
user_005009,org_01130,member,2025-01-16T05:00:00,False
user_005010,org_01130,member,2025-01-15T04:00:00,False
user_005011,org_01130,member,2025-01-16T00:00:00,False
user_005012,org_01131,admin,2025-07-05T00:00:00,True
user_005013,org_01131,member,2025-07-05T06:00:00,False
user_005014,org_01132,admin,2025-06-25T04:00:00,True
user_005015,org_01132,member,2025-06-25T06:00:00,False
user_005016,org_01133,admin,2025-03-22T09:00:00,True
user_005017,org_01134,admin,2025-04-08T22:00:00,True
user_005018,org_01134,member,2025-04-08T08:00:00,False
user_005019,org_01134,member,2025-04-09T20:00:00,False
user_005020,org_01134,member,2025-04-08T11:00:00,False
user_005021,org_01135,admin,2025-06-29T13:00:00,True
user_005022,org_01135,viewer,2025-06-29T00:00:00,False
user_005023,org_01135,member,2025-06-28T10:00:00,False
user_005024,org_01135,member,2025-06-28T07:00:00,False
user_005025,org_01135,viewer,2025-06-29T23:00:00,False
user_005026,org_01135,viewer,2025-06-28T15:00:00,False
user_005027,org_01135,member,2025-06-28T07:00:00,False
user_005028,org_01136,admin,2025-03-01T22:00:00,True
user_005029,org_01136,member,2025-03-01T01:00:00,False
user_005030,org_01136,member,2025-03-01T10:00:00,False
user_005031,org_01136,member,2025-03-02T05:00:00,False
user_005032,org_01137,admin,2025-07-16T16:00:00,True
user_005033,org_01137,member,2025-07-16T20:00:00,False
user_005034,org_01137,member,2025-07-16T09:00:00,False
user_005035,org_01138,admin,2025-10-27T22:00:00,True
user_005036,org_01138,member,2025-10-28T18:00:00,False
user_005037,org_01138,member,2025-10-28T05:00:00,False
user_005038,org_01138,member,2025-10-27T09:00:00,False
user_005039,org_01138,member,2025-10-27T03:00:00,False
user_005040,org_01138,member,2025-10-27T04:00:00,False
user_005041,org_01139,admin,2025-07-03T03:00:00,True
user_005042,org_01140,admin,2025-09-16T22:00:00,True
user_005043,org_01140,member,2025-09-15T03:00:00,False
user_005044,org_01140,member,2025-09-15T23:00:00,False
user_005045,org_01140,member,2025-09-16T12:00:00,False
user_005046,org_01140,viewer,2025-09-16T20:00:00,False
user_005047,org_01141,admin,2025-09-20T05:00:00,True
user_005048,org_01141,member,2025-09-20T12:00:00,False
user_005049,org_01141,viewer,2025-09-19T20:00:00,False
user_005050,org_01141,member,2025-09-20T14:00:00,False
user_005051,org_01141,viewer,2025-09-19T02:00:00,False
user_005052,org_01141,member,2025-09-19T21:00:00,False
user_005053,org_01141,member,2025-09-20T16:00:00,False
user_005054,org_01142,admin,2025-03-03T12:00:00,True
user_005055,org_01142,member,2025-03-03T04:00:00,False
user_005056,org_01142,member,2025-03-03T23:00:00,False
user_005057,org_01142,member,2025-03-03T02:00:00,False
user_005058,org_01142,member,2025-03-03T16:00:00,False
user_005059,org_01142,viewer,2025-03-04T20:00:00,False
user_005060,org_01142,member,2025-03-04T06:00:00,False
user_005061,org_01143,admin,2025-09-06T09:00:00,True
user_005062,org_01143,member,2025-09-06T01:00:00,False
user_005063,org_01144,admin,2025-05-28T13:00:00,True
user_005064,org_01145,admin,2025-07-09T18:00:00,True
user_005065,org_01145,member,2025-07-09T11:00:00,False
user_005066,org_01145,member,2025-07-10T13:00:00,False
user_005067,org_01146,admin,2025-09-13T08:00:00,True
user_005068,org_01146,member,2025-09-13T20:00:00,False
user_005069,org_01146,viewer,2025-09-14T19:00:00,False
user_005070,org_01146,member,2025-09-14T06:00:00,False
user_005071,org_01146,member,2025-09-14T20:00:00,False
user_005072,org_01147,admin,2025-06-11T16:00:00,True
user_005073,org_01147,member,2025-06-10T01:00:00,False
user_005074,org_01147,member,2025-06-11T17:00:00,False
user_005075,org_01147,member,2025-06-10T11:00:00,False
user_005076,org_01147,viewer,2025-06-10T16:00:00,False
user_005077,org_01147,member,2025-06-10T14:00:00,False
user_005078,org_01147,member,2025-06-11T07:00:00,False
user_005079,org_01148,admin,2025-09-29T18:00:00,True
user_005080,org_01148,member,2025-09-29T17:00:00,False
user_005081,org_01148,member,2025-09-28T17:00:00,False
user_005082,org_01148,member,2025-09-29T22:00:00,False
user_005083,org_01148,member,2025-09-29T05:00:00,False
user_005084,org_01148,member,2025-09-28T13:00:00,False
user_005085,org_01148,viewer,2025-09-29T23:00:00,False
user_005086,org_01149,admin,2025-11-28T06:00:00,True
user_005087,org_01149,viewer,2025-11-28T08:00:00,False
user_005088,org_01149,member,2025-11-29T23:00:00,False
user_005089,org_01149,member,2025-11-29T10:00:00,False
user_005090,org_01149,member,2025-11-28T04:00:00,False
user_005091,org_01150,admin,2025-01-09T11:00:00,True
user_005092,org_01150,member,2025-01-10T16:00:00,False
user_005093,org_01150,member,2025-01-10T13:00:00,False
user_005094,org_01150,member,2025-01-10T16:00:00,False
user_005095,org_01150,member,2025-01-09T21:00:00,False
user_005096,org_01150,member,2025-01-10T14:00:00,False
user_005097,org_01150,member,2025-01-10T23:00:00,False
user_005098,org_01150,viewer,2025-01-10T10:00:00,False
user_005099,org_01151,admin,2025-12-21T20:00:00,True
user_005100,org_01151,member,2025-12-22T15:00:00,False
user_005101,org_01151,member,2025-12-22T17:00:00,False
user_005102,org_01151,member,2025-12-21T11:00:00,False
user_005103,org_01151,member,2025-12-22T12:00:00,False
user_005104,org_01151,member,2025-12-21T11:00:00,False
user_005105,org_01151,viewer,2025-12-21T16:00:00,False
user_005106,org_01151,viewer,2025-12-21T21:00:00,False
user_005107,org_01152,admin,2025-01-26T21:00:00,True
user_005108,org_01152,viewer,2025-01-25T07:00:00,False
user_005109,org_01152,member,2025-01-25T04:00:00,False
user_005110,org_01152,member,2025-01-26T21:00:00,False
user_005111,org_01152,member,2025-01-25T20:00:00,False
user_005112,org_01152,member,2025-01-25T20:00:00,False
user_005113,org_01153,admin,2025-04-22T09:00:00,True
user_005114,org_01154,admin,2025-10-09T19:00:00,True
user_005115,org_01154,viewer,2025-10-09T09:00:00,False
user_005116,org_01154,viewer,2025-10-10T01:00:00,False
user_005117,org_01154,member,2025-10-10T00:00:00,False
user_005118,org_01154,viewer,2025-10-09T16:00:00,False
user_005119,org_01154,member,2025-10-09T10:00:00,False
user_005120,org_01155,admin,2025-08-31T11:00:00,True
user_005121,org_01155,viewer,2025-08-31T15:00:00,False
user_005122,org_01155,member,2025-08-31T06:00:00,False
user_005123,org_01155,viewer,2025-08-30T02:00:00,False
user_005124,org_01155,member,2025-08-31T08:00:00,False
user_005125,org_01155,member,2025-08-30T00:00:00,False
user_005126,org_01156,admin,2025-08-03T19:00:00,True
user_005127,org_01156,member,2025-08-04T07:00:00,False
user_005128,org_01156,viewer,2025-08-03T19:00:00,False
user_005129,org_01156,member,2025-08-03T12:00:00,False
user_005130,org_01156,member,2025-08-04T19:00:00,False
user_005131,org_01156,member,2025-08-03T14:00:00,False
user_005132,org_01157,admin,2025-01-14T09:00:00,True
user_005133,org_01158,admin,2025-08-28T21:00:00,True
user_005134,org_01158,member,2025-08-28T19:00:00,False
user_005135,org_01159,admin,2025-04-03T01:00:00,True
user_005136,org_01159,member,2025-04-04T17:00:00,False
user_005137,org_01159,member,2025-04-03T01:00:00,False
user_005138,org_01159,viewer,2025-04-03T18:00:00,False
user_005139,org_01160,admin,2025-03-30T17:00:00,True
user_005140,org_01160,member,2025-03-29T16:00:00,False
user_005141,org_01160,member,2025-03-30T05:00:00,False
user_005142,org_01160,member,2025-03-29T10:00:00,False
user_005143,org_01160,member,2025-03-30T09:00:00,False
user_005144,org_01160,member,2025-03-30T01:00:00,False
user_005145,org_01160,member,2025-03-29T21:00:00,False
user_005146,org_01160,member,2025-03-30T14:00:00,False
user_005147,org_01161,admin,2025-09-13T16:00:00,True
user_005148,org_01161,member,2025-09-12T19:00:00,False
user_005149,org_01161,member,2025-09-12T19:00:00,False
user_005150,org_01162,admin,2025-12-24T09:00:00,True
user_005151,org_01162,viewer,2025-12-25T09:00:00,False
user_005152,org_01163,admin,2025-01-26T15:00:00,True
user_005153,org_01164,admin,2025-10-06T21:00:00,True
user_005154,org_01164,viewer,2025-10-06T15:00:00,False
user_005155,org_01164,member,2025-10-05T12:00:00,False
user_005156,org_01164,member,2025-10-06T12:00:00,False
user_005157,org_01165,admin,2025-01-20T04:00:00,True
user_005158,org_01166,admin,2025-06-19T15:00:00,True
user_005159,org_01166,member,2025-06-18T13:00:00,False
user_005160,org_01166,member,2025-06-19T06:00:00,False
user_005161,org_01166,member,2025-06-18T03:00:00,False
user_005162,org_01166,member,2025-06-18T01:00:00,False
user_005163,org_01166,viewer,2025-06-19T23:00:00,False
user_005164,org_01167,admin,2025-12-30T13:00:00,True
user_005165,org_01167,member,2025-12-30T08:00:00,False
user_005166,org_01167,member,2025-12-30T22:00:00,False
user_005167,org_01167,member,2025-12-30T04:00:00,False
user_005168,org_01168,admin,2025-12-08T05:00:00,True
user_005169,org_01168,member,2025-12-08T14:00:00,False
user_005170,org_01168,member,2025-12-08T13:00:00,False
user_005171,org_01168,member,2025-12-08T01:00:00,False
user_005172,org_01169,admin,2025-09-07T19:00:00,True
user_005173,org_01169,member,2025-09-08T15:00:00,False
user_005174,org_01170,admin,2025-12-07T05:00:00,True
user_005175,org_01170,viewer,2025-12-07T00:00:00,False
user_005176,org_01170,member,2025-12-07T16:00:00,False
user_005177,org_01170,viewer,2025-12-08T22:00:00,False
user_005178,org_01171,admin,2025-04-24T09:00:00,True
user_005179,org_01171,viewer,2025-04-24T14:00:00,False
user_005180,org_01171,member,2025-04-24T05:00:00,False
user_005181,org_01172,admin,2025-08-22T01:00:00,True
user_005182,org_01172,member,2025-08-22T16:00:00,False
user_005183,org_01173,admin,2025-09-20T11:00:00,True
user_005184,org_01173,member,2025-09-19T15:00:00,False
user_005185,org_01173,member,2025-09-19T15:00:00,False
user_005186,org_01173,member,2025-09-19T22:00:00,False
user_005187,org_01173,member,2025-09-19T15:00:00,False
user_005188,org_01173,member,2025-09-19T11:00:00,False
user_005189,org_01173,viewer,2025-09-20T11:00:00,False
user_005190,org_01173,viewer,2025-09-19T14:00:00,False
user_005191,org_01174,admin,2025-09-02T08:00:00,True
user_005192,org_01174,member,2025-09-02T17:00:00,False
user_005193,org_01174,viewer,2025-09-02T12:00:00,False
user_005194,org_01174,member,2025-09-01T08:00:00,False
user_005195,org_01175,admin,2025-09-14T06:00:00,True
user_005196,org_01175,viewer,2025-09-14T07:00:00,False
user_005197,org_01175,member,2025-09-14T01:00:00,False
user_005198,org_01175,member,2025-09-15T10:00:00,False
user_005199,org_01175,member,2025-09-15T14:00:00,False
user_005200,org_01175,member,2025-09-14T21:00:00,False
user_005201,org_01175,member,2025-09-15T13:00:00,False
user_005202,org_01175,member,2025-09-15T09:00:00,False
user_005203,org_01176,admin,2025-11-06T01:00:00,True
user_005204,org_01176,member,2025-11-07T09:00:00,False
user_005205,org_01176,member,2025-11-06T06:00:00,False
user_005206,org_01176,member,2025-11-07T03:00:00,False
user_005207,org_01176,member,2025-11-06T19:00:00,False
user_005208,org_01176,member,2025-11-07T05:00:00,False
user_005209,org_01177,admin,2025-03-13T08:00:00,True
user_005210,org_01177,viewer,2025-03-13T16:00:00,False
user_005211,org_01177,member,2025-03-13T01:00:00,False
user_005212,org_01177,member,2025-03-13T03:00:00,False
user_005213,org_01178,admin,2025-05-18T19:00:00,True
user_005214,org_01178,member,2025-05-18T10:00:00,False
user_005215,org_01178,viewer,2025-05-18T10:00:00,False
user_005216,org_01178,member,2025-05-19T23:00:00,False
user_005217,org_01178,member,2025-05-18T03:00:00,False
user_005218,org_01179,admin,2025-01-18T04:00:00,True
user_005219,org_01179,member,2025-01-18T05:00:00,False
user_005220,org_01180,admin,2025-12-16T17:00:00,True
user_005221,org_01181,admin,2025-11-04T14:00:00,True
user_005222,org_01181,member,2025-11-05T23:00:00,False
user_005223,org_01181,member,2025-11-05T16:00:00,False
user_005224,org_01181,viewer,2025-11-05T19:00:00,False
user_005225,org_01181,member,2025-11-05T22:00:00,False
user_005226,org_01182,admin,2025-08-06T18:00:00,True
user_005227,org_01182,member,2025-08-06T20:00:00,False
user_005228,org_01182,viewer,2025-08-06T04:00:00,False
user_005229,org_01182,member,2025-08-06T19:00:00,False
user_005230,org_01182,member,2025-08-05T12:00:00,False
user_005231,org_01182,member,2025-08-05T07:00:00,False
user_005232,org_01182,member,2025-08-06T11:00:00,False
user_005233,org_01183,admin,2025-07-31T01:00:00,True
user_005234,org_01183,member,2025-08-01T17:00:00,False
user_005235,org_01183,viewer,2025-08-01T03:00:00,False
user_005236,org_01184,admin,2025-03-27T23:00:00,True
user_005237,org_01184,viewer,2025-03-26T16:00:00,False
user_005238,org_01184,member,2025-03-26T08:00:00,False
user_005239,org_01185,admin,2025-01-25T02:00:00,True
user_005240,org_01185,viewer,2025-01-25T20:00:00,False
user_005241,org_01185,member,2025-01-25T14:00:00,False
user_005242,org_01185,viewer,2025-01-26T18:00:00,False
user_005243,org_01185,member,2025-01-25T10:00:00,False
user_005244,org_01186,admin,2025-04-10T18:00:00,True
user_005245,org_01186,member,2025-04-09T19:00:00,False
user_005246,org_01186,member,2025-04-09T18:00:00,False
user_005247,org_01186,member,2025-04-09T20:00:00,False
user_005248,org_01187,admin,2025-08-18T05:00:00,True
user_005249,org_01187,viewer,2025-08-18T18:00:00,False
user_005250,org_01187,member,2025-08-18T18:00:00,False
user_005251,org_01187,member,2025-08-19T06:00:00,False
user_005252,org_01187,member,2025-08-19T04:00:00,False
user_005253,org_01187,member,2025-08-18T05:00:00,False
user_005254,org_01187,member,2025-08-18T12:00:00,False
user_005255,org_01188,admin,2025-04-24T02:00:00,True
user_005256,org_01188,member,2025-04-25T05:00:00,False
user_005257,org_01188,viewer,2025-04-24T20:00:00,False
user_005258,org_01188,member,2025-04-25T20:00:00,False
user_005259,org_01188,member,2025-04-24T22:00:00,False
user_005260,org_01188,member,2025-04-24T19:00:00,False
user_005261,org_01189,admin,2025-03-05T06:00:00,True
user_005262,org_01190,admin,2025-08-08T23:00:00,True
user_005263,org_01190,member,2025-08-08T17:00:00,False
user_005264,org_01190,viewer,2025-08-08T11:00:00,False
user_005265,org_01190,viewer,2025-08-07T01:00:00,False
user_005266,org_01190,member,2025-08-07T01:00:00,False
user_005267,org_01190,member,2025-08-07T04:00:00,False
user_005268,org_01191,admin,2025-04-20T14:00:00,True
user_005269,org_01191,member,2025-04-21T21:00:00,False
user_005270,org_01191,member,2025-04-21T08:00:00,False
user_005271,org_01191,member,2025-04-20T14:00:00,False
user_005272,org_01192,admin,2025-04-01T14:00:00,True
user_005273,org_01193,admin,2025-11-27T04:00:00,True
user_005274,org_01193,viewer,2025-11-28T23:00:00,False
user_005275,org_01194,admin,2025-10-09T11:00:00,True
user_005276,org_01194,member,2025-10-08T12:00:00,False
user_005277,org_01195,admin,2025-05-20T07:00:00,True
user_005278,org_01196,admin,2025-11-18T17:00:00,True
user_005279,org_01197,admin,2025-07-22T12:00:00,True
user_005280,org_01197,viewer,2025-07-23T00:00:00,False
user_005281,org_01197,member,2025-07-23T08:00:00,False
user_005282,org_01197,viewer,2025-07-23T02:00:00,False
user_005283,org_01197,member,2025-07-23T03:00:00,False
user_005284,org_01198,admin,2025-11-07T20:00:00,True
user_005285,org_01198,member,2025-11-08T05:00:00,False
user_005286,org_01198,viewer,2025-11-08T04:00:00,False
user_005287,org_01198,member,2025-11-07T18:00:00,False
user_005288,org_01198,member,2025-11-07T00:00:00,False
user_005289,org_01198,member,2025-11-08T10:00:00,False
user_005290,org_01198,viewer,2025-11-08T11:00:00,False
user_005291,org_01198,member,2025-11-08T16:00:00,False
user_005292,org_01199,admin,2025-05-23T15:00:00,True
user_005293,org_01199,member,2025-05-24T14:00:00,False
user_005294,org_01199,member,2025-05-24T00:00:00,False
user_005295,org_01200,admin,2025-10-13T05:00:00,True
user_005296,org_01200,member,2025-10-14T05:00:00,False
user_005297,org_01200,viewer,2025-10-13T17:00:00,False
user_005298,org_01200,member,2025-10-13T05:00:00,False
user_005299,org_01200,member,2025-10-13T15:00:00,False
user_005300,org_01200,viewer,2025-10-14T21:00:00,False
user_005301,org_01200,viewer,2025-10-13T05:00:00,False
user_005302,org_01201,admin,2025-10-24T21:00:00,True
user_005303,org_01201,member,2025-10-23T20:00:00,False
user_005304,org_01201,member,2025-10-24T12:00:00,False
user_005305,org_01201,member,2025-10-23T17:00:00,False
user_005306,org_01202,admin,2025-07-10T21:00:00,True
user_005307,org_01202,member,2025-07-10T13:00:00,False
user_005308,org_01202,viewer,2025-07-09T07:00:00,False
user_005309,org_01202,member,2025-07-09T03:00:00,False
user_005310,org_01202,member,2025-07-09T08:00:00,False
user_005311,org_01203,admin,2025-09-05T14:00:00,True
user_005312,org_01203,member,2025-09-05T06:00:00,False
user_005313,org_01203,member,2025-09-05T05:00:00,False
user_005314,org_01204,admin,2025-11-29T00:00:00,True
user_005315,org_01205,admin,2025-01-25T06:00:00,True
user_005316,org_01206,admin,2025-12-09T12:00:00,True
user_005317,org_01206,member,2025-12-08T17:00:00,False
user_005318,org_01206,viewer,2025-12-09T19:00:00,False
user_005319,org_01206,member,2025-12-09T14:00:00,False
user_005320,org_01206,member,2025-12-08T21:00:00,False
user_005321,org_01206,viewer,2025-12-09T23:00:00,False
user_005322,org_01207,admin,2025-07-02T20:00:00,True
user_005323,org_01207,member,2025-07-03T12:00:00,False
user_005324,org_01208,admin,2025-08-27T17:00:00,True
user_005325,org_01209,admin,2025-03-02T06:00:00,True
user_005326,org_01209,member,2025-03-02T21:00:00,False
user_005327,org_01209,member,2025-03-02T05:00:00,False
user_005328,org_01209,member,2025-03-01T17:00:00,False
user_005329,org_01209,member,2025-03-02T05:00:00,False
user_005330,org_01209,member,2025-03-02T01:00:00,False
user_005331,org_01209,viewer,2025-03-01T21:00:00,False
user_005332,org_01209,member,2025-03-01T07:00:00,False
user_005333,org_01210,admin,2025-10-16T17:00:00,True
user_005334,org_01210,member,2025-10-16T15:00:00,False
user_005335,org_01210,member,2025-10-17T01:00:00,False
user_005336,org_01211,admin,2025-06-14T08:00:00,True
user_005337,org_01211,member,2025-06-15T09:00:00,False
user_005338,org_01211,member,2025-06-15T05:00:00,False
user_005339,org_01211,member,2025-06-15T02:00:00,False
user_005340,org_01211,viewer,2025-06-14T21:00:00,False
user_005341,org_01211,member,2025-06-14T15:00:00,False
user_005342,org_01211,member,2025-06-15T19:00:00,False
user_005343,org_01211,member,2025-06-14T13:00:00,False
user_005344,org_01212,admin,2025-02-16T05:00:00,True
user_005345,org_01212,member,2025-02-17T19:00:00,False
user_005346,org_01212,member,2025-02-17T05:00:00,False
user_005347,org_01212,member,2025-02-17T22:00:00,False
user_005348,org_01212,member,2025-02-16T06:00:00,False
user_005349,org_01212,member,2025-02-17T15:00:00,False
user_005350,org_01213,admin,2025-05-12T13:00:00,True
user_005351,org_01213,member,2025-05-12T19:00:00,False
user_005352,org_01213,member,2025-05-12T23:00:00,False
user_005353,org_01213,member,2025-05-12T19:00:00,False
user_005354,org_01213,member,2025-05-12T15:00:00,False
user_005355,org_01213,viewer,2025-05-13T09:00:00,False
user_005356,org_01214,admin,2025-12-05T19:00:00,True
user_005357,org_01215,admin,2025-04-04T18:00:00,True
user_005358,org_01215,member,2025-04-05T08:00:00,False
user_005359,org_01216,admin,2025-02-06T22:00:00,True
user_005360,org_01216,viewer,2025-02-06T15:00:00,False
user_005361,org_01216,viewer,2025-02-06T17:00:00,False
user_005362,org_01216,viewer,2025-02-07T06:00:00,False
user_005363,org_01216,member,2025-02-06T14:00:00,False
user_005364,org_01216,member,2025-02-07T05:00:00,False
user_005365,org_01216,member,2025-02-06T21:00:00,False
user_005366,org_01216,member,2025-02-07T01:00:00,False
user_005367,org_01217,admin,2025-07-13T20:00:00,True
user_005368,org_01217,member,2025-07-12T00:00:00,False
user_005369,org_01217,member,2025-07-12T09:00:00,False
user_005370,org_01217,member,2025-07-12T05:00:00,False
user_005371,org_01217,member,2025-07-12T21:00:00,False
user_005372,org_01217,member,2025-07-13T17:00:00,False
user_005373,org_01218,admin,2025-11-02T01:00:00,True
user_005374,org_01218,member,2025-11-01T06:00:00,False
user_005375,org_01218,viewer,2025-11-02T22:00:00,False
user_005376,org_01218,viewer,2025-11-01T16:00:00,False
user_005377,org_01218,member,2025-11-01T16:00:00,False
user_005378,org_01219,admin,2025-02-16T08:00:00,True
user_005379,org_01219,viewer,2025-02-16T09:00:00,False
user_005380,org_01219,member,2025-02-16T10:00:00,False
user_005381,org_01219,member,2025-02-16T20:00:00,False
user_005382,org_01219,viewer,2025-02-16T08:00:00,False
user_005383,org_01219,viewer,2025-02-16T15:00:00,False
user_005384,org_01219,member,2025-02-16T01:00:00,False
user_005385,org_01220,admin,2025-04-16T14:00:00,True
user_005386,org_01220,viewer,2025-04-16T01:00:00,False
user_005387,org_01220,member,2025-04-16T14:00:00,False
user_005388,org_01221,admin,2025-09-28T12:00:00,True
user_005389,org_01221,member,2025-09-28T01:00:00,False
user_005390,org_01221,viewer,2025-09-29T17:00:00,False
user_005391,org_01221,viewer,2025-09-28T20:00:00,False
user_005392,org_01221,viewer,2025-09-28T11:00:00,False
user_005393,org_01221,member,2025-09-29T22:00:00,False
user_005394,org_01222,admin,2025-07-16T13:00:00,True
user_005395,org_01222,viewer,2025-07-16T12:00:00,False
user_005396,org_01222,member,2025-07-16T23:00:00,False
user_005397,org_01222,member,2025-07-16T01:00:00,False
user_005398,org_01223,admin,2025-07-18T06:00:00,True
user_005399,org_01223,viewer,2025-07-18T09:00:00,False
user_005400,org_01224,admin,2025-03-09T06:00:00,True
user_005401,org_01224,member,2025-03-10T23:00:00,False
user_005402,org_01224,member,2025-03-09T22:00:00,False
user_005403,org_01224,member,2025-03-09T01:00:00,False
user_005404,org_01224,member,2025-03-10T14:00:00,False
user_005405,org_01224,member,2025-03-09T14:00:00,False
user_005406,org_01224,member,2025-03-10T23:00:00,False
user_005407,org_01224,viewer,2025-03-10T01:00:00,False
user_005408,org_01225,admin,2025-11-24T16:00:00,True
user_005409,org_01225,member,2025-11-23T12:00:00,False
user_005410,org_01225,member,2025-11-24T19:00:00,False
user_005411,org_01225,member,2025-11-24T20:00:00,False
user_005412,org_01225,member,2025-11-23T22:00:00,False
user_005413,org_01225,member,2025-11-24T01:00:00,False
user_005414,org_01226,admin,2025-05-05T06:00:00,True
user_005415,org_01226,member,2025-05-06T11:00:00,False
user_005416,org_01226,member,2025-05-06T02:00:00,False
user_005417,org_01226,member,2025-05-05T18:00:00,False
user_005418,org_01226,member,2025-05-06T22:00:00,False
user_005419,org_01226,member,2025-05-06T01:00:00,False
user_005420,org_01226,member,2025-05-05T11:00:00,False
user_005421,org_01226,member,2025-05-05T21:00:00,False
user_005422,org_01227,admin,2025-01-16T13:00:00,True
user_005423,org_01227,member,2025-01-16T19:00:00,False
user_005424,org_01227,member,2025-01-17T14:00:00,False
user_005425,org_01227,member,2025-01-16T23:00:00,False
user_005426,org_01227,member,2025-01-16T22:00:00,False
user_005427,org_01227,member,2025-01-16T11:00:00,False
user_005428,org_01228,admin,2025-10-27T07:00:00,True
user_005429,org_01228,member,2025-10-26T22:00:00,False
user_005430,org_01228,member,2025-10-27T22:00:00,False
user_005431,org_01228,member,2025-10-26T12:00:00,False
user_005432,org_01228,member,2025-10-26T15:00:00,False
user_005433,org_01228,viewer,2025-10-27T14:00:00,False
user_005434,org_01229,admin,2025-07-08T15:00:00,True
user_005435,org_01229,member,2025-07-07T07:00:00,False
user_005436,org_01229,member,2025-07-07T02:00:00,False
user_005437,org_01229,member,2025-07-08T19:00:00,False
user_005438,org_01230,admin,2025-11-04T02:00:00,True
user_005439,org_01230,member,2025-11-03T05:00:00,False
user_005440,org_01230,member,2025-11-04T04:00:00,False
user_005441,org_01230,member,2025-11-03T13:00:00,False
user_005442,org_01230,member,2025-11-03T08:00:00,False
user_005443,org_01230,viewer,2025-11-04T02:00:00,False
user_005444,org_01231,admin,2025-08-23T01:00:00,True
user_005445,org_01232,admin,2025-09-26T01:00:00,True
user_005446,org_01232,member,2025-09-27T11:00:00,False
user_005447,org_01232,member,2025-09-27T11:00:00,False
user_005448,org_01233,admin,2025-04-19T21:00:00,True
user_005449,org_01233,member,2025-04-20T23:00:00,False
user_005450,org_01233,member,2025-04-19T12:00:00,False
user_005451,org_01233,member,2025-04-20T04:00:00,False
user_005452,org_01234,admin,2025-04-01T18:00:00,True
user_005453,org_01234,member,2025-04-01T18:00:00,False
user_005454,org_01234,member,2025-04-01T00:00:00,False
user_005455,org_01234,member,2025-04-01T00:00:00,False
user_005456,org_01234,member,2025-04-01T16:00:00,False
user_005457,org_01234,member,2025-03-31T18:00:00,False
user_005458,org_01234,member,2025-04-01T23:00:00,False
user_005459,org_01234,member,2025-04-01T11:00:00,False
user_005460,org_01235,admin,2025-02-21T18:00:00,True
user_005461,org_01235,member,2025-02-20T21:00:00,False
user_005462,org_01235,member,2025-02-21T16:00:00,False
user_005463,org_01236,admin,2025-05-23T13:00:00,True
user_005464,org_01236,member,2025-05-23T18:00:00,False
user_005465,org_01236,member,2025-05-22T18:00:00,False
user_005466,org_01236,member,2025-05-23T08:00:00,False
user_005467,org_01237,admin,2025-07-13T19:00:00,True
user_005468,org_01237,member,2025-07-14T15:00:00,False
user_005469,org_01237,member,2025-07-13T18:00:00,False
user_005470,org_01237,member,2025-07-13T11:00:00,False
user_005471,org_01237,member,2025-07-13T01:00:00,False
user_005472,org_01237,member,2025-07-14T00:00:00,False
user_005473,org_01237,member,2025-07-13T06:00:00,False
user_005474,org_01238,admin,2025-06-07T13:00:00,True
user_005475,org_01238,member,2025-06-07T22:00:00,False
user_005476,org_01238,viewer,2025-06-08T08:00:00,False
user_005477,org_01238,member,2025-06-08T05:00:00,False
user_005478,org_01238,member,2025-06-08T20:00:00,False
user_005479,org_01238,member,2025-06-07T13:00:00,False
user_005480,org_01238,member,2025-06-07T02:00:00,False
user_005481,org_01239,admin,2025-01-03T13:00:00,True
user_005482,org_01239,member,2025-01-03T01:00:00,False
user_005483,org_01239,member,2025-01-03T18:00:00,False
user_005484,org_01239,member,2025-01-03T08:00:00,False
user_005485,org_01239,member,2025-01-02T08:00:00,False
user_005486,org_01240,admin,2025-03-03T08:00:00,True
user_005487,org_01240,member,2025-03-02T05:00:00,False
user_005488,org_01240,member,2025-03-02T20:00:00,False
user_005489,org_01241,admin,2025-09-28T04:00:00,True
user_005490,org_01241,member,2025-09-29T05:00:00,False
user_005491,org_01242,admin,2025-06-22T12:00:00,True
user_005492,org_01242,member,2025-06-22T16:00:00,False
user_005493,org_01242,member,2025-06-22T03:00:00,False
user_005494,org_01242,member,2025-06-21T00:00:00,False
user_005495,org_01242,member,2025-06-21T03:00:00,False
user_005496,org_01242,member,2025-06-21T21:00:00,False
user_005497,org_01242,member,2025-06-21T12:00:00,False
user_005498,org_01243,admin,2025-09-24T01:00:00,True
user_005499,org_01243,member,2025-09-24T04:00:00,False
user_005500,org_01243,member,2025-09-24T13:00:00,False
user_005501,org_01243,member,2025-09-25T04:00:00,False
user_005502,org_01243,viewer,2025-09-24T16:00:00,False
user_005503,org_01243,member,2025-09-25T10:00:00,False
user_005504,org_01243,member,2025-09-25T22:00:00,False
user_005505,org_01244,admin,2025-01-04T18:00:00,True
user_005506,org_01244,member,2025-01-04T16:00:00,False
user_005507,org_01244,member,2025-01-03T03:00:00,False
user_005508,org_01244,member,2025-01-03T08:00:00,False
user_005509,org_01245,admin,2025-02-27T23:00:00,True
user_005510,org_01245,member,2025-02-27T20:00:00,False
user_005511,org_01246,admin,2025-06-10T10:00:00,True
user_005512,org_01246,viewer,2025-06-11T07:00:00,False
user_005513,org_01246,member,2025-06-11T23:00:00,False
user_005514,org_01246,viewer,2025-06-11T19:00:00,False
user_005515,org_01247,admin,2025-04-22T13:00:00,True
user_005516,org_01248,admin,2025-05-15T22:00:00,True
user_005517,org_01248,member,2025-05-15T18:00:00,False
user_005518,org_01248,viewer,2025-05-16T07:00:00,False
user_005519,org_01248,member,2025-05-15T02:00:00,False
user_005520,org_01248,member,2025-05-16T08:00:00,False
user_005521,org_01248,member,2025-05-16T17:00:00,False
user_005522,org_01248,member,2025-05-15T00:00:00,False
user_005523,org_01248,member,2025-05-16T01:00:00,False
user_005524,org_01249,admin,2025-03-17T08:00:00,True
user_005525,org_01249,member,2025-03-16T09:00:00,False
user_005526,org_01249,member,2025-03-17T18:00:00,False
user_005527,org_01249,member,2025-03-17T02:00:00,False
user_005528,org_01249,viewer,2025-03-16T22:00:00,False
user_005529,org_01249,member,2025-03-16T02:00:00,False
user_005530,org_01250,admin,2025-01-21T13:00:00,True
user_005531,org_01250,viewer,2025-01-22T07:00:00,False
user_005532,org_01250,member,2025-01-21T04:00:00,False
user_005533,org_01250,member,2025-01-22T01:00:00,False
user_005534,org_01250,member,2025-01-22T04:00:00,False
user_005535,org_01250,member,2025-01-21T07:00:00,False
user_005536,org_01251,admin,2025-04-05T11:00:00,True
user_005537,org_01251,viewer,2025-04-05T19:00:00,False
user_005538,org_01251,member,2025-04-06T07:00:00,False
user_005539,org_01251,viewer,2025-04-06T23:00:00,False
user_005540,org_01252,admin,2025-07-08T14:00:00,True
user_005541,org_01253,admin,2025-04-23T07:00:00,True
user_005542,org_01253,viewer,2025-04-24T18:00:00,False
user_005543,org_01253,member,2025-04-23T00:00:00,False
user_005544,org_01253,member,2025-04-24T23:00:00,False
user_005545,org_01253,member,2025-04-24T02:00:00,False
user_005546,org_01253,viewer,2025-04-24T14:00:00,False
user_005547,org_01253,member,2025-04-23T00:00:00,False
user_005548,org_01253,member,2025-04-24T14:00:00,False
user_005549,org_01254,admin,2025-01-13T07:00:00,True
user_005550,org_01254,member,2025-01-13T05:00:00,False
user_005551,org_01254,viewer,2025-01-12T06:00:00,False
user_005552,org_01254,member,2025-01-12T14:00:00,False
user_005553,org_01254,viewer,2025-01-12T01:00:00,False
user_005554,org_01254,member,2025-01-13T10:00:00,False
user_005555,org_01255,admin,2025-03-29T18:00:00,True
user_005556,org_01255,viewer,2025-03-29T09:00:00,False
user_005557,org_01256,admin,2025-11-07T19:00:00,True
user_005558,org_01256,member,2025-11-07T15:00:00,False
user_005559,org_01257,admin,2025-04-25T20:00:00,True
user_005560,org_01257,member,2025-04-26T05:00:00,False
user_005561,org_01258,admin,2025-01-02T22:00:00,True
user_005562,org_01258,member,2025-01-02T07:00:00,False
user_005563,org_01258,viewer,2025-01-02T06:00:00,False
user_005564,org_01258,member,2025-01-02T18:00:00,False
user_005565,org_01258,viewer,2025-01-02T17:00:00,False
user_005566,org_01258,member,2025-01-02T21:00:00,False
user_005567,org_01258,member,2025-01-02T00:00:00,False
user_005568,org_01258,member,2025-01-01T18:00:00,False
user_005569,org_01259,admin,2025-12-28T10:00:00,True
user_005570,org_01259,member,2025-12-27T19:00:00,False
user_005571,org_01259,member,2025-12-27T15:00:00,False
user_005572,org_01259,viewer,2025-12-27T17:00:00,False
user_005573,org_01259,member,2025-12-27T22:00:00,False
user_005574,org_01259,member,2025-12-28T10:00:00,False
user_005575,org_01260,admin,2025-03-29T19:00:00,True
user_005576,org_01260,member,2025-03-28T04:00:00,False
user_005577,org_01260,member,2025-03-28T13:00:00,False
user_005578,org_01260,member,2025-03-28T21:00:00,False
user_005579,org_01260,member,2025-03-29T14:00:00,False
user_005580,org_01260,member,2025-03-29T10:00:00,False
user_005581,org_01260,member,2025-03-29T11:00:00,False
user_005582,org_01260,member,2025-03-28T21:00:00,False
user_005583,org_01261,admin,2025-04-24T06:00:00,True
user_005584,org_01261,member,2025-04-24T10:00:00,False
user_005585,org_01261,member,2025-04-23T04:00:00,False
user_005586,org_01261,member,2025-04-24T04:00:00,False
user_005587,org_01261,viewer,2025-04-23T18:00:00,False
user_005588,org_01262,admin,2025-11-04T22:00:00,True
user_005589,org_01263,admin,2025-09-26T18:00:00,True
user_005590,org_01263,member,2025-09-26T16:00:00,False
user_005591,org_01263,member,2025-09-26T01:00:00,False
user_005592,org_01263,member,2025-09-26T02:00:00,False
user_005593,org_01263,viewer,2025-09-26T14:00:00,False
user_005594,org_01263,member,2025-09-27T06:00:00,False
user_005595,org_01263,member,2025-09-27T17:00:00,False
user_005596,org_01264,admin,2025-02-02T16:00:00,True
user_005597,org_01265,admin,2025-04-26T23:00:00,True
user_005598,org_01265,member,2025-04-27T00:00:00,False
user_005599,org_01266,admin,2025-05-17T20:00:00,True
user_005600,org_01266,member,2025-05-17T01:00:00,False
user_005601,org_01266,viewer,2025-05-18T12:00:00,False
user_005602,org_01266,member,2025-05-17T11:00:00,False
user_005603,org_01266,member,2025-05-18T17:00:00,False
user_005604,org_01266,viewer,2025-05-18T10:00:00,False
user_005605,org_01266,viewer,2025-05-17T17:00:00,False
user_005606,org_01267,admin,2025-10-25T06:00:00,True
user_005607,org_01268,admin,2025-04-10T08:00:00,True
user_005608,org_01268,member,2025-04-11T18:00:00,False
user_005609,org_01268,member,2025-04-10T17:00:00,False
user_005610,org_01268,member,2025-04-11T12:00:00,False
user_005611,org_01268,member,2025-04-11T18:00:00,False
user_005612,org_01268,member,2025-04-11T00:00:00,False
user_005613,org_01268,member,2025-04-11T19:00:00,False
user_005614,org_01269,admin,2025-10-03T05:00:00,True
user_005615,org_01269,member,2025-10-02T16:00:00,False
user_005616,org_01269,member,2025-10-03T11:00:00,False
user_005617,org_01269,member,2025-10-03T20:00:00,False
user_005618,org_01269,viewer,2025-10-02T19:00:00,False
user_005619,org_01269,member,2025-10-02T19:00:00,False
user_005620,org_01269,member,2025-10-03T04:00:00,False
user_005621,org_01269,member,2025-10-02T12:00:00,False
user_005622,org_01270,admin,2025-08-29T21:00:00,True
user_005623,org_01270,member,2025-08-30T05:00:00,False
user_005624,org_01270,viewer,2025-08-30T06:00:00,False
user_005625,org_01270,member,2025-08-30T03:00:00,False
user_005626,org_01270,member,2025-08-30T07:00:00,False
user_005627,org_01270,viewer,2025-08-29T09:00:00,False
user_005628,org_01270,viewer,2025-08-30T04:00:00,False
user_005629,org_01270,viewer,2025-08-29T10:00:00,False
user_005630,org_01271,admin,2025-09-18T02:00:00,True
user_005631,org_01271,member,2025-09-18T07:00:00,False
user_005632,org_01272,admin,2025-12-14T06:00:00,True
user_005633,org_01272,member,2025-12-15T00:00:00,False
user_005634,org_01272,member,2025-12-15T02:00:00,False
user_005635,org_01273,admin,2025-03-13T17:00:00,True
user_005636,org_01273,member,2025-03-13T12:00:00,False
user_005637,org_01274,admin,2026-01-01T03:00:00,True
user_005638,org_01275,admin,2025-02-15T14:00:00,True
user_005639,org_01275,member,2025-02-14T23:00:00,False
user_005640,org_01276,admin,2025-06-28T13:00:00,True
user_005641,org_01276,member,2025-06-29T16:00:00,False
user_005642,org_01276,member,2025-06-29T16:00:00,False
user_005643,org_01276,viewer,2025-06-29T21:00:00,False
user_005644,org_01276,member,2025-06-28T22:00:00,False
user_005645,org_01276,member,2025-06-28T04:00:00,False
user_005646,org_01277,admin,2025-01-11T02:00:00,True
user_005647,org_01277,member,2025-01-12T16:00:00,False
user_005648,org_01277,member,2025-01-11T05:00:00,False
user_005649,org_01277,viewer,2025-01-11T06:00:00,False
user_005650,org_01277,viewer,2025-01-11T14:00:00,False
user_005651,org_01278,admin,2025-11-07T15:00:00,True
user_005652,org_01279,admin,2025-12-30T20:00:00,True
user_005653,org_01279,member,2025-12-30T21:00:00,False
user_005654,org_01279,member,2025-12-29T07:00:00,False
user_005655,org_01279,member,2025-12-30T08:00:00,False
user_005656,org_01279,member,2025-12-29T06:00:00,False
user_005657,org_01279,member,2025-12-29T07:00:00,False
user_005658,org_01279,member,2025-12-30T02:00:00,False
user_005659,org_01280,admin,2025-07-05T13:00:00,True
user_005660,org_01280,member,2025-07-05T16:00:00,False
user_005661,org_01280,member,2025-07-05T04:00:00,False
user_005662,org_01280,member,2025-07-04T18:00:00,False
user_005663,org_01281,admin,2025-09-25T04:00:00,True
user_005664,org_01281,viewer,2025-09-24T11:00:00,False
user_005665,org_01281,member,2025-09-24T02:00:00,False
user_005666,org_01281,member,2025-09-25T08:00:00,False
user_005667,org_01281,viewer,2025-09-25T09:00:00,False
user_005668,org_01281,member,2025-09-24T17:00:00,False
user_005669,org_01281,member,2025-09-25T23:00:00,False
user_005670,org_01281,member,2025-09-25T01:00:00,False
user_005671,org_01282,admin,2025-09-13T20:00:00,True
user_005672,org_01282,member,2025-09-14T20:00:00,False
user_005673,org_01282,viewer,2025-09-13T07:00:00,False
user_005674,org_01283,admin,2025-04-01T02:00:00,True
user_005675,org_01283,member,2025-04-01T16:00:00,False
user_005676,org_01283,member,2025-04-01T20:00:00,False
user_005677,org_01283,member,2025-04-01T09:00:00,False
user_005678,org_01283,viewer,2025-04-01T17:00:00,False
user_005679,org_01283,member,2025-03-31T11:00:00,False
user_005680,org_01283,member,2025-04-01T14:00:00,False
user_005681,org_01283,member,2025-04-01T23:00:00,False
user_005682,org_01284,admin,2025-08-12T14:00:00,True
user_005683,org_01284,viewer,2025-08-12T06:00:00,False
user_005684,org_01284,member,2025-08-11T23:00:00,False
user_005685,org_01284,viewer,2025-08-11T18:00:00,False
user_005686,org_01284,viewer,2025-08-12T03:00:00,False
user_005687,org_01285,admin,2025-02-22T03:00:00,True
user_005688,org_01285,member,2025-02-23T12:00:00,False
user_005689,org_01285,viewer,2025-02-22T09:00:00,False
user_005690,org_01285,member,2025-02-22T14:00:00,False
user_005691,org_01286,admin,2025-10-13T18:00:00,True
user_005692,org_01287,admin,2025-07-10T11:00:00,True
user_005693,org_01287,member,2025-07-10T09:00:00,False
user_005694,org_01287,member,2025-07-11T12:00:00,False
user_005695,org_01287,member,2025-07-10T11:00:00,False
user_005696,org_01287,member,2025-07-11T23:00:00,False
user_005697,org_01287,member,2025-07-11T21:00:00,False
user_005698,org_01287,member,2025-07-11T15:00:00,False
user_005699,org_01288,admin,2025-01-22T14:00:00,True
user_005700,org_01288,viewer,2025-01-22T16:00:00,False
user_005701,org_01288,member,2025-01-22T01:00:00,False
user_005702,org_01288,member,2025-01-21T19:00:00,False
user_005703,org_01288,member,2025-01-21T18:00:00,False
user_005704,org_01288,member,2025-01-21T15:00:00,False
user_005705,org_01289,admin,2025-06-19T06:00:00,True
user_005706,org_01289,member,2025-06-18T03:00:00,False
user_005707,org_01289,member,2025-06-19T12:00:00,False
user_005708,org_01289,member,2025-06-18T23:00:00,False
user_005709,org_01289,member,2025-06-19T19:00:00,False
user_005710,org_01290,admin,2025-02-03T22:00:00,True
user_005711,org_01290,member,2025-02-03T22:00:00,False
user_005712,org_01290,member,2025-02-02T10:00:00,False
user_005713,org_01290,member,2025-02-03T11:00:00,False
user_005714,org_01290,member,2025-02-02T03:00:00,False
user_005715,org_01290,member,2025-02-02T22:00:00,False
user_005716,org_01291,admin,2025-09-11T03:00:00,True
user_005717,org_01291,member,2025-09-10T18:00:00,False
user_005718,org_01291,member,2025-09-10T19:00:00,False
user_005719,org_01291,member,2025-09-10T10:00:00,False
user_005720,org_01291,member,2025-09-10T12:00:00,False
user_005721,org_01291,member,2025-09-10T02:00:00,False
user_005722,org_01292,admin,2025-04-04T16:00:00,True
user_005723,org_01292,member,2025-04-05T18:00:00,False
user_005724,org_01292,member,2025-04-04T08:00:00,False
user_005725,org_01292,viewer,2025-04-04T00:00:00,False
user_005726,org_01292,member,2025-04-05T22:00:00,False
user_005727,org_01293,admin,2025-08-05T15:00:00,True
user_005728,org_01294,admin,2025-02-06T02:00:00,True
user_005729,org_01294,member,2025-02-07T03:00:00,False
user_005730,org_01294,member,2025-02-06T21:00:00,False
user_005731,org_01294,member,2025-02-07T14:00:00,False
user_005732,org_01294,member,2025-02-06T02:00:00,False
user_005733,org_01295,admin,2025-05-25T04:00:00,True
user_005734,org_01295,member,2025-05-25T16:00:00,False
user_005735,org_01296,admin,2025-03-04T16:00:00,True
user_005736,org_01296,member,2025-03-03T00:00:00,False
user_005737,org_01296,member,2025-03-03T04:00:00,False
user_005738,org_01296,member,2025-03-03T01:00:00,False
user_005739,org_01296,member,2025-03-03T11:00:00,False
user_005740,org_01297,admin,2025-05-06T23:00:00,True
user_005741,org_01297,member,2025-05-06T07:00:00,False
user_005742,org_01297,member,2025-05-05T00:00:00,False
user_005743,org_01297,member,2025-05-06T21:00:00,False
user_005744,org_01297,member,2025-05-06T13:00:00,False
user_005745,org_01297,member,2025-05-05T15:00:00,False
user_005746,org_01297,member,2025-05-05T03:00:00,False
user_005747,org_01297,member,2025-05-05T06:00:00,False
user_005748,org_01298,admin,2025-07-14T15:00:00,True
user_005749,org_01298,member,2025-07-15T08:00:00,False
user_005750,org_01298,member,2025-07-15T16:00:00,False
user_005751,org_01299,admin,2025-10-16T04:00:00,True
user_005752,org_01299,member,2025-10-17T02:00:00,False
user_005753,org_01299,member,2025-10-17T01:00:00,False
user_005754,org_01299,member,2025-10-16T09:00:00,False
user_005755,org_01299,member,2025-10-16T06:00:00,False
user_005756,org_01299,member,2025-10-17T18:00:00,False
user_005757,org_01299,member,2025-10-17T16:00:00,False
user_005758,org_01299,member,2025-10-16T01:00:00,False
user_005759,org_01300,admin,2025-03-08T23:00:00,True
user_005760,org_01300,member,2025-03-08T13:00:00,False
user_005761,org_01300,member,2025-03-08T00:00:00,False
user_005762,org_01300,viewer,2025-03-08T11:00:00,False
user_005763,org_01300,viewer,2025-03-08T02:00:00,False
user_005764,org_01300,viewer,2025-03-09T06:00:00,False
user_005765,org_01301,admin,2025-12-05T20:00:00,True
user_005766,org_01301,member,2025-12-05T08:00:00,False
user_005767,org_01301,member,2025-12-04T17:00:00,False
user_005768,org_01301,viewer,2025-12-05T21:00:00,False
user_005769,org_01302,admin,2025-06-12T14:00:00,True
user_005770,org_01302,member,2025-06-12T17:00:00,False
user_005771,org_01302,member,2025-06-12T20:00:00,False
user_005772,org_01302,member,2025-06-12T20:00:00,False
user_005773,org_01302,member,2025-06-12T08:00:00,False
user_005774,org_01303,admin,2025-08-09T17:00:00,True
user_005775,org_01303,member,2025-08-10T22:00:00,False
user_005776,org_01303,viewer,2025-08-10T20:00:00,False
user_005777,org_01303,viewer,2025-08-09T05:00:00,False
user_005778,org_01303,viewer,2025-08-09T00:00:00,False
user_005779,org_01303,member,2025-08-09T09:00:00,False
user_005780,org_01304,admin,2025-06-09T02:00:00,True
user_005781,org_01304,member,2025-06-09T05:00:00,False
user_005782,org_01305,admin,2025-09-25T19:00:00,True
user_005783,org_01305,member,2025-09-25T21:00:00,False
user_005784,org_01305,member,2025-09-25T03:00:00,False
user_005785,org_01305,member,2025-09-25T03:00:00,False
user_005786,org_01305,viewer,2025-09-25T21:00:00,False
user_005787,org_01306,admin,2025-10-25T22:00:00,True
user_005788,org_01307,admin,2025-06-19T14:00:00,True
user_005789,org_01307,member,2025-06-19T04:00:00,False
user_005790,org_01307,member,2025-06-20T16:00:00,False
user_005791,org_01307,viewer,2025-06-20T16:00:00,False
user_005792,org_01308,admin,2025-01-23T14:00:00,True
user_005793,org_01308,viewer,2025-01-23T21:00:00,False
user_005794,org_01308,member,2025-01-24T02:00:00,False
user_005795,org_01308,member,2025-01-23T09:00:00,False
user_005796,org_01308,member,2025-01-24T01:00:00,False
user_005797,org_01308,viewer,2025-01-24T14:00:00,False
user_005798,org_01309,admin,2025-04-27T03:00:00,True
user_005799,org_01309,member,2025-04-27T00:00:00,False
user_005800,org_01309,member,2025-04-27T07:00:00,False
user_005801,org_01309,member,2025-04-28T17:00:00,False
user_005802,org_01310,admin,2025-12-24T04:00:00,True
user_005803,org_01310,member,2025-12-23T10:00:00,False
user_005804,org_01311,admin,2025-10-17T07:00:00,True
user_005805,org_01311,member,2025-10-17T04:00:00,False
user_005806,org_01311,member,2025-10-16T15:00:00,False
user_005807,org_01311,member,2025-10-16T04:00:00,False
user_005808,org_01311,member,2025-10-16T13:00:00,False
user_005809,org_01311,member,2025-10-17T12:00:00,False
user_005810,org_01311,member,2025-10-17T14:00:00,False
user_005811,org_01312,admin,2025-05-22T10:00:00,True
user_005812,org_01312,viewer,2025-05-23T22:00:00,False
user_005813,org_01312,member,2025-05-23T01:00:00,False
user_005814,org_01312,member,2025-05-23T00:00:00,False
user_005815,org_01312,member,2025-05-23T07:00:00,False
user_005816,org_01312,member,2025-05-22T10:00:00,False
user_005817,org_01312,member,2025-05-23T10:00:00,False
user_005818,org_01312,member,2025-05-23T21:00:00,False
user_005819,org_01313,admin,2025-02-03T03:00:00,True
user_005820,org_01313,viewer,2025-02-04T06:00:00,False
user_005821,org_01313,member,2025-02-03T10:00:00,False
user_005822,org_01313,member,2025-02-04T13:00:00,False
user_005823,org_01313,member,2025-02-04T14:00:00,False
user_005824,org_01313,member,2025-02-03T07:00:00,False
user_005825,org_01314,admin,2025-12-03T20:00:00,True
user_005826,org_01314,member,2025-12-03T06:00:00,False
user_005827,org_01314,viewer,2025-12-03T11:00:00,False
user_005828,org_01314,member,2025-12-04T12:00:00,False
user_005829,org_01315,admin,2025-10-13T14:00:00,True
user_005830,org_01315,member,2025-10-14T12:00:00,False
user_005831,org_01315,viewer,2025-10-13T14:00:00,False
user_005832,org_01315,member,2025-10-14T12:00:00,False
user_005833,org_01315,member,2025-10-13T22:00:00,False
user_005834,org_01315,viewer,2025-10-13T23:00:00,False
user_005835,org_01316,admin,2025-07-31T12:00:00,True
user_005836,org_01316,member,2025-07-31T04:00:00,False
user_005837,org_01316,member,2025-07-31T15:00:00,False
user_005838,org_01316,member,2025-07-31T14:00:00,False
user_005839,org_01316,member,2025-07-31T18:00:00,False
user_005840,org_01316,viewer,2025-07-31T00:00:00,False
user_005841,org_01316,viewer,2025-07-31T07:00:00,False
user_005842,org_01316,member,2025-07-31T07:00:00,False
user_005843,org_01317,admin,2025-07-04T21:00:00,True
user_005844,org_01317,member,2025-07-05T20:00:00,False
user_005845,org_01317,member,2025-07-05T06:00:00,False
user_005846,org_01317,member,2025-07-05T09:00:00,False
user_005847,org_01317,member,2025-07-05T14:00:00,False
user_005848,org_01317,viewer,2025-07-05T21:00:00,False
user_005849,org_01318,admin,2025-05-24T15:00:00,True
user_005850,org_01318,member,2025-05-23T20:00:00,False
user_005851,org_01318,member,2025-05-23T05:00:00,False
user_005852,org_01319,admin,2025-09-09T13:00:00,True
user_005853,org_01319,member,2025-09-09T01:00:00,False
user_005854,org_01320,admin,2025-12-19T10:00:00,True
user_005855,org_01320,member,2025-12-19T04:00:00,False
user_005856,org_01320,member,2025-12-20T00:00:00,False
user_005857,org_01320,viewer,2025-12-20T15:00:00,False
user_005858,org_01320,member,2025-12-20T08:00:00,False
user_005859,org_01320,member,2025-12-20T05:00:00,False
user_005860,org_01320,member,2025-12-19T10:00:00,False
user_005861,org_01320,member,2025-12-19T13:00:00,False
user_005862,org_01321,admin,2025-02-13T03:00:00,True
user_005863,org_01321,member,2025-02-12T00:00:00,False
user_005864,org_01321,member,2025-02-12T17:00:00,False
user_005865,org_01321,member,2025-02-13T15:00:00,False
user_005866,org_01321,member,2025-02-12T21:00:00,False
user_005867,org_01321,viewer,2025-02-12T22:00:00,False
user_005868,org_01321,member,2025-02-13T23:00:00,False
user_005869,org_01322,admin,2025-04-22T01:00:00,True
user_005870,org_01322,member,2025-04-23T17:00:00,False
user_005871,org_01322,viewer,2025-04-23T06:00:00,False
user_005872,org_01322,member,2025-04-23T06:00:00,False
user_005873,org_01322,member,2025-04-23T05:00:00,False
user_005874,org_01322,member,2025-04-22T06:00:00,False
user_005875,org_01322,member,2025-04-22T09:00:00,False
user_005876,org_01322,viewer,2025-04-22T23:00:00,False
user_005877,org_01323,admin,2025-05-19T17:00:00,True
user_005878,org_01323,member,2025-05-18T07:00:00,False
user_005879,org_01324,admin,2025-02-01T04:00:00,True
user_005880,org_01324,member,2025-02-01T12:00:00,False
user_005881,org_01324,member,2025-02-01T16:00:00,False
user_005882,org_01325,admin,2025-05-20T06:00:00,True
user_005883,org_01325,member,2025-05-21T09:00:00,False
user_005884,org_01325,member,2025-05-21T04:00:00,False
user_005885,org_01325,member,2025-05-21T20:00:00,False
user_005886,org_01326,admin,2026-01-01T06:00:00,True
user_005887,org_01326,member,2026-01-01T18:00:00,False
user_005888,org_01326,member,2026-01-01T22:00:00,False
user_005889,org_01326,member,2026-01-01T13:00:00,False
user_005890,org_01326,member,2026-01-01T03:00:00,False
user_005891,org_01327,admin,2025-10-23T15:00:00,True
user_005892,org_01328,admin,2025-08-18T03:00:00,True
user_005893,org_01328,viewer,2025-08-17T05:00:00,False
user_005894,org_01328,member,2025-08-18T18:00:00,False
user_005895,org_01328,viewer,2025-08-18T21:00:00,False
user_005896,org_01328,member,2025-08-18T17:00:00,False
user_005897,org_01328,member,2025-08-18T18:00:00,False
user_005898,org_01329,admin,2025-01-11T09:00:00,True
user_005899,org_01330,admin,2025-11-21T12:00:00,True
user_005900,org_01331,admin,2025-11-11T03:00:00,True
user_005901,org_01331,member,2025-11-12T23:00:00,False
user_005902,org_01331,member,2025-11-11T04:00:00,False
user_005903,org_01332,admin,2025-10-01T08:00:00,True
user_005904,org_01332,member,2025-09-30T05:00:00,False
user_005905,org_01332,member,2025-09-30T15:00:00,False
user_005906,org_01332,member,2025-10-01T02:00:00,False
user_005907,org_01332,member,2025-09-30T18:00:00,False
user_005908,org_01332,member,2025-10-01T07:00:00,False
user_005909,org_01332,member,2025-10-01T12:00:00,False
user_005910,org_01332,member,2025-09-30T13:00:00,False
user_005911,org_01333,admin,2025-01-15T15:00:00,True
user_005912,org_01333,member,2025-01-14T20:00:00,False
user_005913,org_01333,viewer,2025-01-14T23:00:00,False
user_005914,org_01334,admin,2025-12-30T18:00:00,True
user_005915,org_01334,viewer,2025-12-31T19:00:00,False
user_005916,org_01334,member,2025-12-30T02:00:00,False
user_005917,org_01334,member,2025-12-31T18:00:00,False
user_005918,org_01334,viewer,2025-12-31T09:00:00,False
user_005919,org_01334,member,2025-12-30T03:00:00,False
user_005920,org_01335,admin,2025-03-09T08:00:00,True
user_005921,org_01335,viewer,2025-03-09T13:00:00,False
user_005922,org_01335,viewer,2025-03-09T07:00:00,False
user_005923,org_01335,member,2025-03-09T18:00:00,False
user_005924,org_01335,member,2025-03-09T01:00:00,False
user_005925,org_01336,admin,2025-05-17T00:00:00,True
user_005926,org_01336,member,2025-05-16T07:00:00,False
user_005927,org_01336,member,2025-05-16T10:00:00,False
user_005928,org_01336,member,2025-05-16T18:00:00,False
user_005929,org_01336,member,2025-05-16T19:00:00,False
user_005930,org_01336,member,2025-05-17T20:00:00,False
user_005931,org_01337,admin,2025-06-22T02:00:00,True
user_005932,org_01337,member,2025-06-21T16:00:00,False
user_005933,org_01337,viewer,2025-06-22T10:00:00,False
user_005934,org_01337,viewer,2025-06-22T22:00:00,False
user_005935,org_01337,member,2025-06-22T12:00:00,False
user_005936,org_01337,member,2025-06-21T02:00:00,False
user_005937,org_01337,member,2025-06-22T21:00:00,False
user_005938,org_01338,admin,2025-08-21T01:00:00,True
user_005939,org_01338,member,2025-08-21T01:00:00,False
user_005940,org_01339,admin,2025-11-15T07:00:00,True
user_005941,org_01339,member,2025-11-14T11:00:00,False
user_005942,org_01339,viewer,2025-11-14T23:00:00,False
user_005943,org_01339,viewer,2025-11-15T08:00:00,False
user_005944,org_01339,member,2025-11-14T10:00:00,False
user_005945,org_01339,member,2025-11-14T23:00:00,False
user_005946,org_01339,member,2025-11-14T10:00:00,False
user_005947,org_01340,admin,2025-07-13T10:00:00,True
user_005948,org_01340,member,2025-07-12T05:00:00,False
user_005949,org_01340,member,2025-07-13T03:00:00,False
user_005950,org_01340,member,2025-07-12T18:00:00,False
user_005951,org_01340,member,2025-07-12T18:00:00,False
user_005952,org_01340,member,2025-07-13T02:00:00,False
user_005953,org_01340,member,2025-07-13T13:00:00,False
user_005954,org_01341,admin,2025-04-01T10:00:00,True
user_005955,org_01342,admin,2025-04-19T22:00:00,True
user_005956,org_01342,member,2025-04-19T04:00:00,False
user_005957,org_01342,member,2025-04-19T02:00:00,False
user_005958,org_01342,member,2025-04-19T23:00:00,False
user_005959,org_01343,admin,2025-08-09T23:00:00,True
user_005960,org_01343,member,2025-08-08T00:00:00,False
user_005961,org_01343,member,2025-08-09T21:00:00,False
user_005962,org_01343,member,2025-08-08T08:00:00,False
user_005963,org_01343,viewer,2025-08-08T05:00:00,False
user_005964,org_01344,admin,2025-05-24T08:00:00,True
user_005965,org_01344,member,2025-05-25T12:00:00,False
user_005966,org_01344,member,2025-05-25T17:00:00,False
user_005967,org_01344,member,2025-05-25T08:00:00,False
user_005968,org_01344,member,2025-05-24T00:00:00,False
user_005969,org_01344,member,2025-05-25T19:00:00,False
user_005970,org_01345,admin,2025-01-22T18:00:00,True
user_005971,org_01345,member,2025-01-22T04:00:00,False
user_005972,org_01345,viewer,2025-01-22T23:00:00,False
user_005973,org_01345,member,2025-01-21T23:00:00,False
user_005974,org_01345,member,2025-01-21T17:00:00,False
user_005975,org_01345,member,2025-01-22T13:00:00,False
user_005976,org_01346,admin,2025-02-08T18:00:00,True
user_005977,org_01347,admin,2025-09-11T12:00:00,True
user_005978,org_01347,member,2025-09-12T00:00:00,False
user_005979,org_01347,member,2025-09-11T21:00:00,False
user_005980,org_01347,viewer,2025-09-12T00:00:00,False
user_005981,org_01347,viewer,2025-09-11T05:00:00,False
user_005982,org_01347,member,2025-09-11T18:00:00,False
user_005983,org_01348,admin,2025-07-23T13:00:00,True
user_005984,org_01348,viewer,2025-07-24T19:00:00,False
user_005985,org_01348,member,2025-07-24T06:00:00,False
user_005986,org_01348,member,2025-07-23T08:00:00,False
user_005987,org_01348,member,2025-07-24T05:00:00,False
user_005988,org_01349,admin,2025-08-07T04:00:00,True
user_005989,org_01349,viewer,2025-08-07T07:00:00,False
user_005990,org_01350,admin,2025-04-22T18:00:00,True
user_005991,org_01350,member,2025-04-23T00:00:00,False
user_005992,org_01350,member,2025-04-23T08:00:00,False
user_005993,org_01350,member,2025-04-22T04:00:00,False
user_005994,org_01350,member,2025-04-23T10:00:00,False
user_005995,org_01350,member,2025-04-23T17:00:00,False
user_005996,org_01351,admin,2025-05-14T10:00:00,True
user_005997,org_01351,member,2025-05-15T20:00:00,False
user_005998,org_01351,member,2025-05-14T08:00:00,False
user_005999,org_01351,viewer,2025-05-14T23:00:00,False
user_006000,org_01351,member,2025-05-14T06:00:00,False
user_006001,org_01351,member,2025-05-15T16:00:00,False
user_006002,org_01352,admin,2025-02-03T21:00:00,True
user_006003,org_01352,member,2025-02-04T06:00:00,False
user_006004,org_01352,member,2025-02-04T08:00:00,False
user_006005,org_01352,member,2025-02-03T09:00:00,False
user_006006,org_01353,admin,2025-07-20T07:00:00,True
user_006007,org_01353,member,2025-07-20T21:00:00,False
user_006008,org_01353,member,2025-07-19T04:00:00,False
user_006009,org_01353,member,2025-07-20T02:00:00,False
user_006010,org_01353,member,2025-07-20T17:00:00,False
user_006011,org_01353,member,2025-07-20T19:00:00,False
user_006012,org_01353,member,2025-07-20T18:00:00,False
user_006013,org_01354,admin,2025-10-20T02:00:00,True
user_006014,org_01355,admin,2025-11-05T21:00:00,True
user_006015,org_01356,admin,2025-11-25T05:00:00,True
user_006016,org_01356,member,2025-11-25T05:00:00,False
user_006017,org_01356,member,2025-11-24T12:00:00,False
user_006018,org_01356,viewer,2025-11-24T15:00:00,False
user_006019,org_01357,admin,2025-12-28T01:00:00,True
user_006020,org_01357,member,2025-12-28T01:00:00,False
user_006021,org_01357,member,2025-12-27T18:00:00,False
user_006022,org_01357,member,2025-12-27T09:00:00,False
user_006023,org_01357,viewer,2025-12-27T10:00:00,False
user_006024,org_01357,viewer,2025-12-27T00:00:00,False
user_006025,org_01357,member,2025-12-27T18:00:00,False
user_006026,org_01357,member,2025-12-27T11:00:00,False
user_006027,org_01358,admin,2025-11-22T08:00:00,True
user_006028,org_01358,viewer,2025-11-22T08:00:00,False
user_006029,org_01358,member,2025-11-21T01:00:00,False
user_006030,org_01358,member,2025-11-22T22:00:00,False
user_006031,org_01358,member,2025-11-22T23:00:00,False
user_006032,org_01358,viewer,2025-11-22T05:00:00,False
user_006033,org_01358,member,2025-11-21T02:00:00,False
user_006034,org_01358,member,2025-11-21T12:00:00,False
user_006035,org_01359,admin,2025-01-10T17:00:00,True
user_006036,org_01359,member,2025-01-11T02:00:00,False
user_006037,org_01359,member,2025-01-10T23:00:00,False
user_006038,org_01359,viewer,2025-01-11T11:00:00,False
user_006039,org_01359,member,2025-01-10T00:00:00,False
user_006040,org_01359,member,2025-01-11T03:00:00,False
user_006041,org_01359,member,2025-01-11T04:00:00,False
user_006042,org_01360,admin,2025-05-31T17:00:00,True
user_006043,org_01360,member,2025-05-30T01:00:00,False
user_006044,org_01360,member,2025-05-31T10:00:00,False
user_006045,org_01361,admin,2025-08-10T00:00:00,True
user_006046,org_01362,admin,2025-02-16T03:00:00,True
user_006047,org_01362,member,2025-02-16T03:00:00,False
user_006048,org_01362,member,2025-02-17T22:00:00,False
user_006049,org_01362,member,2025-02-17T15:00:00,False
user_006050,org_01362,member,2025-02-17T12:00:00,False
user_006051,org_01363,admin,2025-06-11T17:00:00,True
user_006052,org_01363,member,2025-06-10T14:00:00,False
user_006053,org_01363,member,2025-06-11T11:00:00,False
user_006054,org_01363,member,2025-06-10T06:00:00,False
user_006055,org_01363,member,2025-06-10T22:00:00,False
user_006056,org_01363,viewer,2025-06-10T02:00:00,False
user_006057,org_01363,member,2025-06-10T10:00:00,False
user_006058,org_01364,admin,2025-01-28T13:00:00,True
user_006059,org_01364,member,2025-01-28T02:00:00,False
user_006060,org_01364,member,2025-01-29T09:00:00,False
user_006061,org_01364,member,2025-01-29T16:00:00,False
user_006062,org_01364,viewer,2025-01-29T16:00:00,False
user_006063,org_01364,member,2025-01-28T00:00:00,False
user_006064,org_01364,member,2025-01-28T04:00:00,False
user_006065,org_01365,admin,2025-01-05T14:00:00,True
user_006066,org_01365,viewer,2025-01-05T07:00:00,False
user_006067,org_01365,member,2025-01-06T03:00:00,False
user_006068,org_01365,member,2025-01-06T00:00:00,False
user_006069,org_01365,member,2025-01-06T04:00:00,False
user_006070,org_01366,admin,2025-08-21T07:00:00,True
user_006071,org_01366,member,2025-08-21T13:00:00,False
user_006072,org_01366,member,2025-08-21T11:00:00,False
user_006073,org_01366,member,2025-08-22T01:00:00,False
user_006074,org_01366,member,2025-08-21T03:00:00,False
user_006075,org_01366,member,2025-08-21T00:00:00,False
user_006076,org_01366,member,2025-08-21T15:00:00,False
user_006077,org_01366,member,2025-08-22T20:00:00,False
user_006078,org_01367,admin,2025-05-04T16:00:00,True
user_006079,org_01367,viewer,2025-05-04T00:00:00,False
user_006080,org_01367,member,2025-05-05T12:00:00,False
user_006081,org_01367,member,2025-05-05T01:00:00,False
user_006082,org_01368,admin,2025-01-15T00:00:00,True
user_006083,org_01368,member,2025-01-16T17:00:00,False
user_006084,org_01368,member,2025-01-15T10:00:00,False
user_006085,org_01368,member,2025-01-16T08:00:00,False
user_006086,org_01368,member,2025-01-16T13:00:00,False
user_006087,org_01369,admin,2025-10-07T23:00:00,True
user_006088,org_01369,member,2025-10-07T15:00:00,False
user_006089,org_01369,member,2025-10-07T06:00:00,False
user_006090,org_01369,member,2025-10-06T09:00:00,False
user_006091,org_01369,member,2025-10-07T19:00:00,False
user_006092,org_01369,member,2025-10-07T17:00:00,False
user_006093,org_01369,member,2025-10-06T01:00:00,False
user_006094,org_01370,admin,2025-03-16T08:00:00,True
user_006095,org_01370,member,2025-03-17T10:00:00,False
user_006096,org_01370,viewer,2025-03-16T21:00:00,False
user_006097,org_01370,member,2025-03-16T06:00:00,False
user_006098,org_01371,admin,2025-04-16T16:00:00,True
user_006099,org_01371,member,2025-04-16T15:00:00,False
user_006100,org_01371,member,2025-04-16T11:00:00,False
user_006101,org_01371,viewer,2025-04-16T17:00:00,False
user_006102,org_01371,viewer,2025-04-16T10:00:00,False
user_006103,org_01371,member,2025-04-16T14:00:00,False
user_006104,org_01371,member,2025-04-17T12:00:00,False
user_006105,org_01372,admin,2025-10-18T12:00:00,True
user_006106,org_01372,member,2025-10-19T14:00:00,False
user_006107,org_01373,admin,2025-11-17T12:00:00,True
user_006108,org_01373,member,2025-11-18T05:00:00,False
user_006109,org_01373,member,2025-11-17T08:00:00,False
user_006110,org_01373,member,2025-11-18T21:00:00,False
user_006111,org_01373,member,2025-11-18T04:00:00,False
user_006112,org_01373,member,2025-11-17T12:00:00,False
user_006113,org_01373,viewer,2025-11-18T08:00:00,False
user_006114,org_01374,admin,2025-06-23T09:00:00,True
user_006115,org_01374,member,2025-06-23T17:00:00,False
user_006116,org_01374,member,2025-06-24T23:00:00,False
user_006117,org_01374,member,2025-06-24T02:00:00,False
user_006118,org_01374,member,2025-06-23T20:00:00,False
user_006119,org_01374,member,2025-06-23T20:00:00,False
user_006120,org_01374,member,2025-06-24T23:00:00,False
user_006121,org_01375,admin,2025-03-01T12:00:00,True
user_006122,org_01375,member,2025-03-01T01:00:00,False
user_006123,org_01375,member,2025-03-01T11:00:00,False
user_006124,org_01375,member,2025-03-01T13:00:00,False
user_006125,org_01375,member,2025-02-28T14:00:00,False
user_006126,org_01375,member,2025-03-01T02:00:00,False
user_006127,org_01376,admin,2025-01-28T14:00:00,True
user_006128,org_01376,member,2025-01-28T02:00:00,False
user_006129,org_01376,member,2025-01-28T13:00:00,False
user_006130,org_01376,member,2025-01-27T09:00:00,False
user_006131,org_01376,member,2025-01-27T22:00:00,False
user_006132,org_01376,member,2025-01-28T14:00:00,False
user_006133,org_01376,viewer,2025-01-27T18:00:00,False
user_006134,org_01377,admin,2025-04-06T16:00:00,True
user_006135,org_01377,viewer,2025-04-05T07:00:00,False
user_006136,org_01377,viewer,2025-04-05T03:00:00,False
user_006137,org_01377,viewer,2025-04-06T12:00:00,False
user_006138,org_01377,member,2025-04-06T22:00:00,False
user_006139,org_01377,member,2025-04-05T12:00:00,False
user_006140,org_01377,member,2025-04-05T03:00:00,False
user_006141,org_01377,viewer,2025-04-06T20:00:00,False
user_006142,org_01378,admin,2025-06-10T11:00:00,True
user_006143,org_01378,member,2025-06-09T16:00:00,False
user_006144,org_01378,viewer,2025-06-09T01:00:00,False
user_006145,org_01378,viewer,2025-06-09T23:00:00,False
user_006146,org_01378,member,2025-06-09T18:00:00,False
user_006147,org_01378,viewer,2025-06-09T20:00:00,False
user_006148,org_01378,member,2025-06-10T20:00:00,False
user_006149,org_01379,admin,2025-02-16T13:00:00,True
user_006150,org_01380,admin,2025-07-29T13:00:00,True
user_006151,org_01380,viewer,2025-07-30T03:00:00,False
user_006152,org_01380,member,2025-07-29T11:00:00,False
user_006153,org_01380,viewer,2025-07-30T16:00:00,False
user_006154,org_01381,admin,2025-05-06T22:00:00,True
user_006155,org_01381,member,2025-05-06T00:00:00,False
user_006156,org_01381,member,2025-05-06T07:00:00,False
user_006157,org_01381,member,2025-05-07T15:00:00,False
user_006158,org_01381,member,2025-05-06T04:00:00,False
user_006159,org_01381,member,2025-05-06T03:00:00,False
user_006160,org_01381,member,2025-05-07T05:00:00,False
user_006161,org_01382,admin,2025-05-01T15:00:00,True
user_006162,org_01382,member,2025-04-30T16:00:00,False
user_006163,org_01382,member,2025-04-30T18:00:00,False
user_006164,org_01382,member,2025-05-01T09:00:00,False
user_006165,org_01383,admin,2025-07-27T14:00:00,True
user_006166,org_01383,viewer,2025-07-26T22:00:00,False
user_006167,org_01383,member,2025-07-26T05:00:00,False
user_006168,org_01383,member,2025-07-27T15:00:00,False
user_006169,org_01383,member,2025-07-27T04:00:00,False
user_006170,org_01383,member,2025-07-27T05:00:00,False
user_006171,org_01384,admin,2025-06-25T13:00:00,True
user_006172,org_01384,member,2025-06-24T09:00:00,False
user_006173,org_01384,member,2025-06-24T23:00:00,False
user_006174,org_01385,admin,2025-01-08T08:00:00,True
user_006175,org_01385,member,2025-01-09T18:00:00,False
user_006176,org_01385,member,2025-01-08T22:00:00,False
user_006177,org_01385,member,2025-01-08T15:00:00,False
user_006178,org_01385,viewer,2025-01-09T05:00:00,False
user_006179,org_01386,admin,2025-01-05T10:00:00,True
user_006180,org_01386,member,2025-01-05T22:00:00,False
user_006181,org_01386,member,2025-01-04T10:00:00,False
user_006182,org_01386,viewer,2025-01-05T00:00:00,False
user_006183,org_01386,member,2025-01-05T03:00:00,False
user_006184,org_01386,member,2025-01-05T09:00:00,False
user_006185,org_01386,member,2025-01-05T14:00:00,False
user_006186,org_01387,admin,2025-06-24T22:00:00,True
user_006187,org_01387,member,2025-06-24T04:00:00,False
user_006188,org_01387,member,2025-06-24T18:00:00,False
user_006189,org_01388,admin,2025-06-08T00:00:00,True
user_006190,org_01388,member,2025-06-08T17:00:00,False
user_006191,org_01389,admin,2025-03-31T11:00:00,True
user_006192,org_01389,member,2025-03-31T04:00:00,False
user_006193,org_01390,admin,2025-07-24T03:00:00,True
user_006194,org_01390,member,2025-07-24T05:00:00,False
user_006195,org_01390,member,2025-07-24T15:00:00,False
user_006196,org_01391,admin,2025-07-29T16:00:00,True
user_006197,org_01391,viewer,2025-07-29T14:00:00,False
user_006198,org_01391,member,2025-07-28T08:00:00,False
user_006199,org_01391,member,2025-07-28T14:00:00,False
user_006200,org_01391,member,2025-07-28T23:00:00,False
user_006201,org_01391,member,2025-07-28T10:00:00,False
user_006202,org_01391,member,2025-07-29T23:00:00,False
user_006203,org_01392,admin,2025-04-12T21:00:00,True
user_006204,org_01392,member,2025-04-13T11:00:00,False
user_006205,org_01392,member,2025-04-13T10:00:00,False
user_006206,org_01392,member,2025-04-12T14:00:00,False
user_006207,org_01393,admin,2025-12-17T19:00:00,True
user_006208,org_01394,admin,2025-04-18T20:00:00,True
user_006209,org_01394,member,2025-04-19T04:00:00,False
user_006210,org_01394,member,2025-04-18T18:00:00,False
user_006211,org_01394,member,2025-04-18T06:00:00,False
user_006212,org_01394,viewer,2025-04-18T06:00:00,False
user_006213,org_01394,member,2025-04-18T14:00:00,False
user_006214,org_01394,member,2025-04-19T08:00:00,False
user_006215,org_01395,admin,2025-11-13T02:00:00,True
user_006216,org_01395,member,2025-11-14T12:00:00,False
user_006217,org_01395,member,2025-11-13T15:00:00,False
user_006218,org_01395,member,2025-11-13T22:00:00,False
user_006219,org_01395,viewer,2025-11-14T13:00:00,False
user_006220,org_01395,viewer,2025-11-14T00:00:00,False
user_006221,org_01396,admin,2025-12-17T18:00:00,True
user_006222,org_01396,member,2025-12-17T06:00:00,False
user_006223,org_01396,viewer,2025-12-17T01:00:00,False
user_006224,org_01396,member,2025-12-18T02:00:00,False
user_006225,org_01396,member,2025-12-17T10:00:00,False
user_006226,org_01396,viewer,2025-12-18T07:00:00,False
user_006227,org_01396,member,2025-12-18T11:00:00,False
user_006228,org_01397,admin,2025-10-28T11:00:00,True
user_006229,org_01397,viewer,2025-10-29T11:00:00,False
user_006230,org_01397,viewer,2025-10-28T11:00:00,False
user_006231,org_01397,viewer,2025-10-28T07:00:00,False
user_006232,org_01397,member,2025-10-28T10:00:00,False
user_006233,org_01398,admin,2025-01-28T15:00:00,True
user_006234,org_01398,member,2025-01-29T09:00:00,False
user_006235,org_01398,member,2025-01-28T10:00:00,False
user_006236,org_01398,member,2025-01-29T08:00:00,False
user_006237,org_01398,member,2025-01-29T18:00:00,False
user_006238,org_01399,admin,2025-02-27T01:00:00,True
user_006239,org_01399,member,2025-02-27T18:00:00,False
user_006240,org_01399,member,2025-02-28T06:00:00,False
user_006241,org_01399,member,2025-02-27T17:00:00,False
user_006242,org_01399,viewer,2025-02-27T07:00:00,False
user_006243,org_01399,member,2025-02-27T02:00:00,False
user_006244,org_01399,member,2025-02-28T14:00:00,False
user_006245,org_01399,member,2025-02-28T20:00:00,False
user_006246,org_01400,admin,2025-01-10T16:00:00,True
user_006247,org_01400,member,2025-01-09T17:00:00,False
user_006248,org_01401,admin,2025-06-05T20:00:00,True
user_006249,org_01401,member,2025-06-05T22:00:00,False
user_006250,org_01401,member,2025-06-05T12:00:00,False
user_006251,org_01401,member,2025-06-06T05:00:00,False
user_006252,org_01401,member,2025-06-05T04:00:00,False
user_006253,org_01401,member,2025-06-05T12:00:00,False
user_006254,org_01401,member,2025-06-06T01:00:00,False
user_006255,org_01401,member,2025-06-05T18:00:00,False
user_006256,org_01402,admin,2025-05-19T18:00:00,True
user_006257,org_01402,member,2025-05-19T08:00:00,False
user_006258,org_01402,member,2025-05-19T12:00:00,False
user_006259,org_01402,member,2025-05-19T23:00:00,False
user_006260,org_01402,viewer,2025-05-19T21:00:00,False
user_006261,org_01403,admin,2025-07-29T08:00:00,True
user_006262,org_01403,member,2025-07-28T01:00:00,False
user_006263,org_01403,member,2025-07-29T02:00:00,False
user_006264,org_01403,member,2025-07-29T07:00:00,False
user_006265,org_01404,admin,2025-05-01T21:00:00,True
user_006266,org_01404,member,2025-05-02T01:00:00,False
user_006267,org_01405,admin,2025-08-03T19:00:00,True
user_006268,org_01405,member,2025-08-03T13:00:00,False
user_006269,org_01405,member,2025-08-02T10:00:00,False
user_006270,org_01405,member,2025-08-03T09:00:00,False
user_006271,org_01405,member,2025-08-02T09:00:00,False
user_006272,org_01405,viewer,2025-08-02T12:00:00,False
user_006273,org_01406,admin,2025-11-02T13:00:00,True
user_006274,org_01406,viewer,2025-11-01T11:00:00,False
user_006275,org_01406,viewer,2025-11-01T17:00:00,False
user_006276,org_01407,admin,2025-07-25T11:00:00,True
user_006277,org_01407,member,2025-07-25T21:00:00,False
user_006278,org_01407,member,2025-07-26T15:00:00,False
user_006279,org_01407,viewer,2025-07-25T15:00:00,False
user_006280,org_01407,member,2025-07-26T07:00:00,False
user_006281,org_01407,member,2025-07-26T20:00:00,False
user_006282,org_01407,member,2025-07-25T18:00:00,False
user_006283,org_01408,admin,2025-11-23T18:00:00,True
user_006284,org_01408,member,2025-11-23T23:00:00,False
user_006285,org_01408,member,2025-11-22T05:00:00,False
user_006286,org_01409,admin,2025-11-30T10:00:00,True
user_006287,org_01409,member,2025-12-01T00:00:00,False
user_006288,org_01409,member,2025-11-30T05:00:00,False
user_006289,org_01409,member,2025-12-01T03:00:00,False
user_006290,org_01409,member,2025-11-30T14:00:00,False
user_006291,org_01409,member,2025-12-01T20:00:00,False
user_006292,org_01409,member,2025-11-30T11:00:00,False
user_006293,org_01410,admin,2025-09-24T17:00:00,True
user_006294,org_01410,member,2025-09-24T11:00:00,False
user_006295,org_01410,member,2025-09-23T15:00:00,False
user_006296,org_01410,member,2025-09-24T03:00:00,False
user_006297,org_01411,admin,2025-11-25T08:00:00,True
user_006298,org_01411,member,2025-11-24T14:00:00,False
user_006299,org_01412,admin,2025-10-04T05:00:00,True
user_006300,org_01412,viewer,2025-10-03T12:00:00,False
user_006301,org_01413,admin,2025-04-18T00:00:00,True
user_006302,org_01413,member,2025-04-18T06:00:00,False
user_006303,org_01413,member,2025-04-19T11:00:00,False
user_006304,org_01413,viewer,2025-04-18T22:00:00,False
user_006305,org_01413,viewer,2025-04-19T17:00:00,False
user_006306,org_01414,admin,2025-09-16T21:00:00,True
user_006307,org_01414,member,2025-09-16T13:00:00,False
user_006308,org_01414,member,2025-09-16T19:00:00,False
user_006309,org_01414,member,2025-09-16T17:00:00,False
user_006310,org_01414,member,2025-09-15T05:00:00,False
user_006311,org_01414,viewer,2025-09-16T08:00:00,False
user_006312,org_01414,member,2025-09-15T17:00:00,False
user_006313,org_01414,viewer,2025-09-16T10:00:00,False
user_006314,org_01415,admin,2025-06-18T20:00:00,True
user_006315,org_01415,member,2025-06-18T02:00:00,False
user_006316,org_01415,viewer,2025-06-19T10:00:00,False
user_006317,org_01416,admin,2025-06-04T14:00:00,True
user_006318,org_01416,viewer,2025-06-04T23:00:00,False
user_006319,org_01416,member,2025-06-04T19:00:00,False
user_006320,org_01416,member,2025-06-05T17:00:00,False
user_006321,org_01416,viewer,2025-06-04T05:00:00,False
user_006322,org_01416,member,2025-06-05T17:00:00,False
user_006323,org_01416,member,2025-06-04T07:00:00,False
user_006324,org_01416,member,2025-06-05T23:00:00,False
user_006325,org_01417,admin,2025-05-29T15:00:00,True
user_006326,org_01417,member,2025-05-28T09:00:00,False
user_006327,org_01417,member,2025-05-28T23:00:00,False
user_006328,org_01418,admin,2025-05-08T06:00:00,True
user_006329,org_01418,member,2025-05-09T11:00:00,False
user_006330,org_01418,viewer,2025-05-08T09:00:00,False
user_006331,org_01418,member,2025-05-09T05:00:00,False
user_006332,org_01418,member,2025-05-08T19:00:00,False
user_006333,org_01418,viewer,2025-05-08T08:00:00,False
user_006334,org_01418,viewer,2025-05-08T04:00:00,False
user_006335,org_01419,admin,2025-06-09T16:00:00,True
user_006336,org_01419,member,2025-06-10T05:00:00,False
user_006337,org_01420,admin,2025-09-01T04:00:00,True
user_006338,org_01420,viewer,2025-09-01T00:00:00,False
user_006339,org_01420,viewer,2025-09-02T02:00:00,False
user_006340,org_01420,member,2025-09-01T06:00:00,False
user_006341,org_01420,viewer,2025-09-01T00:00:00,False
user_006342,org_01421,admin,2025-06-10T16:00:00,True
user_006343,org_01421,member,2025-06-10T19:00:00,False
user_006344,org_01421,member,2025-06-10T17:00:00,False
user_006345,org_01421,viewer,2025-06-11T16:00:00,False
user_006346,org_01421,member,2025-06-11T14:00:00,False
user_006347,org_01421,member,2025-06-11T21:00:00,False
user_006348,org_01421,member,2025-06-11T03:00:00,False
user_006349,org_01422,admin,2025-12-22T07:00:00,True
user_006350,org_01422,member,2025-12-23T17:00:00,False
user_006351,org_01422,member,2025-12-22T17:00:00,False
user_006352,org_01422,member,2025-12-22T21:00:00,False
user_006353,org_01422,member,2025-12-22T17:00:00,False
user_006354,org_01422,member,2025-12-22T11:00:00,False
user_006355,org_01422,member,2025-12-22T11:00:00,False
user_006356,org_01422,member,2025-12-23T10:00:00,False
user_006357,org_01423,admin,2025-08-02T19:00:00,True
user_006358,org_01423,member,2025-08-02T10:00:00,False
user_006359,org_01423,member,2025-08-02T11:00:00,False
user_006360,org_01423,member,2025-08-02T00:00:00,False
user_006361,org_01423,member,2025-08-02T19:00:00,False
user_006362,org_01423,member,2025-08-03T13:00:00,False
user_006363,org_01424,admin,2025-11-24T12:00:00,True
user_006364,org_01424,member,2025-11-24T08:00:00,False
user_006365,org_01424,member,2025-11-23T09:00:00,False
user_006366,org_01424,member,2025-11-23T00:00:00,False
user_006367,org_01425,admin,2025-08-05T05:00:00,True
user_006368,org_01425,member,2025-08-05T12:00:00,False
user_006369,org_01425,member,2025-08-05T07:00:00,False
user_006370,org_01425,member,2025-08-06T17:00:00,False
user_006371,org_01425,member,2025-08-06T23:00:00,False
user_006372,org_01425,viewer,2025-08-06T05:00:00,False
user_006373,org_01425,member,2025-08-06T05:00:00,False
user_006374,org_01425,member,2025-08-05T23:00:00,False
user_006375,org_01426,admin,2025-06-15T23:00:00,True
user_006376,org_01426,member,2025-06-16T22:00:00,False
user_006377,org_01426,member,2025-06-15T21:00:00,False
user_006378,org_01426,member,2025-06-16T11:00:00,False
user_006379,org_01426,member,2025-06-15T04:00:00,False
user_006380,org_01427,admin,2025-02-03T17:00:00,True
user_006381,org_01427,member,2025-02-03T13:00:00,False
user_006382,org_01427,member,2025-02-02T01:00:00,False
user_006383,org_01427,member,2025-02-02T02:00:00,False
user_006384,org_01427,member,2025-02-03T02:00:00,False
user_006385,org_01427,viewer,2025-02-02T04:00:00,False
user_006386,org_01427,viewer,2025-02-02T22:00:00,False
user_006387,org_01428,admin,2025-02-26T11:00:00,True
user_006388,org_01428,member,2025-02-26T01:00:00,False
user_006389,org_01429,admin,2025-06-21T17:00:00,True
user_006390,org_01429,viewer,2025-06-21T23:00:00,False
user_006391,org_01429,viewer,2025-06-21T21:00:00,False
user_006392,org_01429,viewer,2025-06-20T19:00:00,False
user_006393,org_01429,viewer,2025-06-21T14:00:00,False
user_006394,org_01430,admin,2025-04-28T07:00:00,True
user_006395,org_01430,viewer,2025-04-29T08:00:00,False
user_006396,org_01430,viewer,2025-04-29T21:00:00,False
user_006397,org_01430,viewer,2025-04-28T11:00:00,False
user_006398,org_01430,viewer,2025-04-28T07:00:00,False
user_006399,org_01431,admin,2025-03-22T23:00:00,True
user_006400,org_01431,member,2025-03-21T11:00:00,False
user_006401,org_01431,member,2025-03-22T21:00:00,False
user_006402,org_01431,member,2025-03-21T21:00:00,False
user_006403,org_01432,admin,2025-04-28T02:00:00,True
user_006404,org_01433,admin,2025-06-06T07:00:00,True
user_006405,org_01434,admin,2025-03-22T11:00:00,True
user_006406,org_01434,member,2025-03-23T23:00:00,False
user_006407,org_01434,member,2025-03-23T12:00:00,False
user_006408,org_01434,member,2025-03-23T08:00:00,False
user_006409,org_01434,viewer,2025-03-23T18:00:00,False
user_006410,org_01434,member,2025-03-23T10:00:00,False
user_006411,org_01434,member,2025-03-23T20:00:00,False
user_006412,org_01434,member,2025-03-23T23:00:00,False
user_006413,org_01435,admin,2025-04-19T05:00:00,True
user_006414,org_01435,viewer,2025-04-20T14:00:00,False
user_006415,org_01435,member,2025-04-20T06:00:00,False
user_006416,org_01436,admin,2025-07-24T19:00:00,True
user_006417,org_01436,member,2025-07-25T09:00:00,False
user_006418,org_01436,member,2025-07-24T06:00:00,False
user_006419,org_01437,admin,2025-07-19T05:00:00,True
user_006420,org_01437,member,2025-07-18T17:00:00,False
user_006421,org_01437,member,2025-07-18T07:00:00,False
user_006422,org_01437,member,2025-07-19T17:00:00,False
user_006423,org_01437,member,2025-07-18T08:00:00,False
user_006424,org_01438,admin,2025-02-08T11:00:00,True
user_006425,org_01438,member,2025-02-09T10:00:00,False
user_006426,org_01438,member,2025-02-08T01:00:00,False
user_006427,org_01438,member,2025-02-08T16:00:00,False
user_006428,org_01439,admin,2025-07-20T01:00:00,True
user_006429,org_01439,member,2025-07-20T13:00:00,False
user_006430,org_01440,admin,2025-01-15T21:00:00,True
user_006431,org_01440,viewer,2025-01-14T04:00:00,False
user_006432,org_01440,member,2025-01-14T01:00:00,False
user_006433,org_01440,member,2025-01-14T05:00:00,False
user_006434,org_01441,admin,2025-05-22T08:00:00,True
user_006435,org_01441,member,2025-05-22T00:00:00,False
user_006436,org_01441,viewer,2025-05-23T21:00:00,False
user_006437,org_01441,viewer,2025-05-23T00:00:00,False
user_006438,org_01441,member,2025-05-23T15:00:00,False
user_006439,org_01441,member,2025-05-22T08:00:00,False
user_006440,org_01442,admin,2025-01-30T17:00:00,True
user_006441,org_01442,member,2025-01-31T19:00:00,False
user_006442,org_01443,admin,2025-05-25T20:00:00,True
user_006443,org_01443,member,2025-05-25T09:00:00,False
user_006444,org_01443,member,2025-05-25T15:00:00,False
user_006445,org_01443,viewer,2025-05-25T22:00:00,False
user_006446,org_01443,member,2025-05-25T00:00:00,False
user_006447,org_01443,viewer,2025-05-26T01:00:00,False
user_006448,org_01443,viewer,2025-05-25T23:00:00,False
user_006449,org_01443,member,2025-05-26T01:00:00,False
user_006450,org_01444,admin,2025-09-24T18:00:00,True
user_006451,org_01444,member,2025-09-23T22:00:00,False
user_006452,org_01444,viewer,2025-09-23T20:00:00,False
user_006453,org_01444,member,2025-09-24T23:00:00,False
user_006454,org_01444,member,2025-09-23T05:00:00,False
user_006455,org_01444,member,2025-09-23T06:00:00,False
user_006456,org_01444,member,2025-09-24T19:00:00,False
user_006457,org_01445,admin,2025-08-16T16:00:00,True
user_006458,org_01445,member,2025-08-16T10:00:00,False
user_006459,org_01445,member,2025-08-16T15:00:00,False
user_006460,org_01445,member,2025-08-17T09:00:00,False
user_006461,org_01445,member,2025-08-17T16:00:00,False
user_006462,org_01446,admin,2025-01-07T22:00:00,True
user_006463,org_01446,member,2025-01-07T03:00:00,False
user_006464,org_01446,member,2025-01-07T16:00:00,False
user_006465,org_01447,admin,2025-11-15T20:00:00,True
user_006466,org_01447,viewer,2025-11-15T12:00:00,False
user_006467,org_01448,admin,2025-02-06T21:00:00,True
user_006468,org_01448,member,2025-02-06T12:00:00,False
user_006469,org_01449,admin,2025-05-25T05:00:00,True
user_006470,org_01449,member,2025-05-25T02:00:00,False
user_006471,org_01449,viewer,2025-05-24T05:00:00,False
user_006472,org_01449,member,2025-05-25T22:00:00,False
user_006473,org_01450,admin,2025-05-13T07:00:00,True
user_006474,org_01450,member,2025-05-13T05:00:00,False
user_006475,org_01451,admin,2025-09-22T01:00:00,True
user_006476,org_01452,admin,2025-01-20T11:00:00,True
user_006477,org_01452,member,2025-01-21T08:00:00,False
user_006478,org_01452,member,2025-01-20T01:00:00,False
user_006479,org_01453,admin,2025-01-19T14:00:00,True
user_006480,org_01453,viewer,2025-01-19T08:00:00,False
user_006481,org_01453,member,2025-01-19T15:00:00,False
user_006482,org_01453,viewer,2025-01-19T01:00:00,False
user_006483,org_01453,viewer,2025-01-19T10:00:00,False
user_006484,org_01453,viewer,2025-01-19T02:00:00,False
user_006485,org_01453,member,2025-01-18T19:00:00,False
user_006486,org_01453,member,2025-01-19T01:00:00,False
user_006487,org_01454,admin,2025-09-08T13:00:00,True
user_006488,org_01455,admin,2025-12-21T17:00:00,True
user_006489,org_01455,member,2025-12-21T17:00:00,False
user_006490,org_01455,member,2025-12-21T07:00:00,False
user_006491,org_01456,admin,2025-06-12T15:00:00,True
user_006492,org_01456,member,2025-06-11T18:00:00,False
user_006493,org_01456,member,2025-06-12T18:00:00,False
user_006494,org_01456,member,2025-06-11T00:00:00,False
user_006495,org_01456,viewer,2025-06-11T01:00:00,False
user_006496,org_01456,member,2025-06-12T12:00:00,False
user_006497,org_01456,member,2025-06-12T05:00:00,False
user_006498,org_01457,admin,2025-08-22T13:00:00,True
user_006499,org_01458,admin,2025-10-20T14:00:00,True
user_006500,org_01458,member,2025-10-20T07:00:00,False
user_006501,org_01458,member,2025-10-20T09:00:00,False
user_006502,org_01458,member,2025-10-20T21:00:00,False
user_006503,org_01459,admin,2025-06-04T07:00:00,True
user_006504,org_01460,admin,2025-03-04T05:00:00,True
user_006505,org_01461,admin,2025-03-31T04:00:00,True
user_006506,org_01461,viewer,2025-04-01T19:00:00,False
user_006507,org_01461,member,2025-03-31T22:00:00,False
user_006508,org_01461,member,2025-04-01T09:00:00,False
user_006509,org_01461,member,2025-03-31T17:00:00,False
user_006510,org_01461,member,2025-04-01T13:00:00,False
user_006511,org_01462,admin,2025-08-10T18:00:00,True
user_006512,org_01462,member,2025-08-10T07:00:00,False
user_006513,org_01462,viewer,2025-08-09T06:00:00,False
user_006514,org_01462,member,2025-08-10T23:00:00,False
user_006515,org_01462,member,2025-08-09T11:00:00,False
user_006516,org_01463,admin,2025-03-07T16:00:00,True
user_006517,org_01464,admin,2025-06-08T02:00:00,True
user_006518,org_01464,viewer,2025-06-08T04:00:00,False
user_006519,org_01464,member,2025-06-08T17:00:00,False
user_006520,org_01464,member,2025-06-08T16:00:00,False
user_006521,org_01464,member,2025-06-08T10:00:00,False
user_006522,org_01464,viewer,2025-06-08T11:00:00,False
user_006523,org_01465,admin,2025-07-09T04:00:00,True
user_006524,org_01466,admin,2025-08-05T15:00:00,True
user_006525,org_01466,member,2025-08-06T03:00:00,False
user_006526,org_01467,admin,2025-05-21T09:00:00,True
user_006527,org_01467,member,2025-05-20T17:00:00,False
user_006528,org_01467,member,2025-05-21T08:00:00,False
user_006529,org_01467,member,2025-05-20T03:00:00,False
user_006530,org_01468,admin,2025-10-11T12:00:00,True
user_006531,org_01468,member,2025-10-11T19:00:00,False
user_006532,org_01468,member,2025-10-10T10:00:00,False
user_006533,org_01468,member,2025-10-10T10:00:00,False
user_006534,org_01468,member,2025-10-10T01:00:00,False
user_006535,org_01468,member,2025-10-10T19:00:00,False
user_006536,org_01469,admin,2025-02-11T05:00:00,True
user_006537,org_01469,member,2025-02-11T14:00:00,False
user_006538,org_01469,member,2025-02-11T15:00:00,False
user_006539,org_01469,member,2025-02-11T08:00:00,False
user_006540,org_01470,admin,2025-11-30T19:00:00,True
user_006541,org_01470,member,2025-11-30T08:00:00,False
user_006542,org_01470,member,2025-12-01T16:00:00,False
user_006543,org_01471,admin,2025-06-25T00:00:00,True
user_006544,org_01471,viewer,2025-06-24T04:00:00,False
user_006545,org_01471,viewer,2025-06-24T10:00:00,False
user_006546,org_01471,member,2025-06-24T01:00:00,False
user_006547,org_01471,viewer,2025-06-25T00:00:00,False
user_006548,org_01472,admin,2025-12-19T10:00:00,True
user_006549,org_01472,viewer,2025-12-18T20:00:00,False
user_006550,org_01472,member,2025-12-18T14:00:00,False
user_006551,org_01472,member,2025-12-18T13:00:00,False
user_006552,org_01472,member,2025-12-18T18:00:00,False
user_006553,org_01473,admin,2025-12-09T22:00:00,True
user_006554,org_01473,member,2025-12-09T16:00:00,False
user_006555,org_01473,member,2025-12-10T06:00:00,False
user_006556,org_01473,member,2025-12-09T12:00:00,False
user_006557,org_01473,member,2025-12-09T10:00:00,False
user_006558,org_01474,admin,2025-05-24T09:00:00,True
user_006559,org_01474,member,2025-05-23T07:00:00,False
user_006560,org_01474,member,2025-05-24T00:00:00,False
user_006561,org_01474,member,2025-05-24T02:00:00,False
user_006562,org_01474,member,2025-05-24T09:00:00,False
user_006563,org_01474,member,2025-05-24T20:00:00,False
user_006564,org_01474,viewer,2025-05-24T08:00:00,False
user_006565,org_01475,admin,2025-11-27T20:00:00,True
user_006566,org_01475,member,2025-11-27T08:00:00,False
user_006567,org_01475,member,2025-11-27T18:00:00,False
user_006568,org_01475,member,2025-11-28T21:00:00,False
user_006569,org_01475,viewer,2025-11-28T08:00:00,False
user_006570,org_01475,viewer,2025-11-27T04:00:00,False
user_006571,org_01475,member,2025-11-27T14:00:00,False
user_006572,org_01475,member,2025-11-27T18:00:00,False
user_006573,org_01476,admin,2025-01-29T17:00:00,True
user_006574,org_01476,viewer,2025-01-30T14:00:00,False
user_006575,org_01476,member,2025-01-30T19:00:00,False
user_006576,org_01476,member,2025-01-30T22:00:00,False
user_006577,org_01476,viewer,2025-01-29T08:00:00,False
user_006578,org_01476,viewer,2025-01-29T14:00:00,False
user_006579,org_01476,member,2025-01-30T21:00:00,False
user_006580,org_01477,admin,2025-11-19T02:00:00,True
user_006581,org_01477,member,2025-11-20T17:00:00,False
user_006582,org_01478,admin,2025-09-21T02:00:00,True
user_006583,org_01478,member,2025-09-21T13:00:00,False
user_006584,org_01478,member,2025-09-22T03:00:00,False
user_006585,org_01478,member,2025-09-22T22:00:00,False
user_006586,org_01478,member,2025-09-21T19:00:00,False
user_006587,org_01479,admin,2025-10-08T18:00:00,True
user_006588,org_01480,admin,2025-12-04T20:00:00,True
user_006589,org_01480,member,2025-12-04T12:00:00,False
user_006590,org_01481,admin,2025-03-12T03:00:00,True
user_006591,org_01481,member,2025-03-12T00:00:00,False
user_006592,org_01481,viewer,2025-03-12T13:00:00,False
user_006593,org_01481,member,2025-03-11T23:00:00,False
user_006594,org_01481,member,2025-03-12T12:00:00,False
user_006595,org_01481,member,2025-03-12T06:00:00,False
user_006596,org_01482,admin,2025-02-11T12:00:00,True
user_006597,org_01482,member,2025-02-10T18:00:00,False
user_006598,org_01482,member,2025-02-10T04:00:00,False
user_006599,org_01482,member,2025-02-10T13:00:00,False
user_006600,org_01482,member,2025-02-11T17:00:00,False
user_006601,org_01482,member,2025-02-10T00:00:00,False
user_006602,org_01482,member,2025-02-10T00:00:00,False
user_006603,org_01483,admin,2025-10-07T12:00:00,True
user_006604,org_01483,member,2025-10-08T06:00:00,False
user_006605,org_01483,member,2025-10-08T07:00:00,False
user_006606,org_01483,member,2025-10-08T23:00:00,False
user_006607,org_01484,admin,2025-12-28T12:00:00,True
user_006608,org_01484,member,2025-12-27T20:00:00,False
user_006609,org_01484,member,2025-12-27T09:00:00,False
user_006610,org_01484,viewer,2025-12-27T04:00:00,False
user_006611,org_01484,member,2025-12-28T16:00:00,False
user_006612,org_01485,admin,2025-02-27T17:00:00,True
user_006613,org_01485,member,2025-02-26T00:00:00,False
user_006614,org_01485,member,2025-02-26T19:00:00,False
user_006615,org_01485,viewer,2025-02-26T20:00:00,False
user_006616,org_01485,viewer,2025-02-26T06:00:00,False
user_006617,org_01486,admin,2025-05-09T21:00:00,True
user_006618,org_01486,member,2025-05-09T07:00:00,False
user_006619,org_01486,member,2025-05-09T05:00:00,False
user_006620,org_01486,member,2025-05-09T21:00:00,False
user_006621,org_01486,viewer,2025-05-08T21:00:00,False
user_006622,org_01486,member,2025-05-09T20:00:00,False
user_006623,org_01486,viewer,2025-05-08T00:00:00,False
user_006624,org_01486,member,2025-05-09T01:00:00,False
user_006625,org_01487,admin,2025-04-14T15:00:00,True
user_006626,org_01488,admin,2025-07-07T11:00:00,True
user_006627,org_01488,member,2025-07-07T01:00:00,False
user_006628,org_01488,member,2025-07-06T06:00:00,False
user_006629,org_01489,admin,2025-08-30T22:00:00,True
user_006630,org_01489,member,2025-08-30T14:00:00,False
user_006631,org_01489,member,2025-08-31T02:00:00,False
user_006632,org_01489,member,2025-08-31T02:00:00,False
user_006633,org_01490,admin,2025-11-27T13:00:00,True
user_006634,org_01490,member,2025-11-27T16:00:00,False
user_006635,org_01490,viewer,2025-11-27T01:00:00,False
user_006636,org_01490,viewer,2025-11-27T11:00:00,False
user_006637,org_01491,admin,2025-02-04T19:00:00,True
user_006638,org_01491,member,2025-02-05T16:00:00,False
user_006639,org_01492,admin,2025-11-07T03:00:00,True
user_006640,org_01492,member,2025-11-07T22:00:00,False
user_006641,org_01493,admin,2025-08-03T22:00:00,True
user_006642,org_01494,admin,2025-07-31T04:00:00,True
user_006643,org_01494,viewer,2025-08-01T22:00:00,False
user_006644,org_01494,viewer,2025-08-01T00:00:00,False
user_006645,org_01495,admin,2025-06-22T14:00:00,True
user_006646,org_01495,member,2025-06-23T02:00:00,False
user_006647,org_01495,member,2025-06-23T19:00:00,False
user_006648,org_01495,viewer,2025-06-22T16:00:00,False
user_006649,org_01495,member,2025-06-23T02:00:00,False
user_006650,org_01495,member,2025-06-23T05:00:00,False
user_006651,org_01495,member,2025-06-22T21:00:00,False
user_006652,org_01496,admin,2025-12-03T15:00:00,True
user_006653,org_01496,viewer,2025-12-04T14:00:00,False
user_006654,org_01496,member,2025-12-04T11:00:00,False
user_006655,org_01496,member,2025-12-04T23:00:00,False
user_006656,org_01497,admin,2025-11-13T12:00:00,True
user_006657,org_01497,member,2025-11-13T10:00:00,False
user_006658,org_01497,viewer,2025-11-13T21:00:00,False
user_006659,org_01497,member,2025-11-13T01:00:00,False
user_006660,org_01497,viewer,2025-11-13T11:00:00,False
user_006661,org_01498,admin,2025-07-16T11:00:00,True
user_006662,org_01498,member,2025-07-16T06:00:00,False
user_006663,org_01498,member,2025-07-15T11:00:00,False
user_006664,org_01498,member,2025-07-15T10:00:00,False
user_006665,org_01498,member,2025-07-15T20:00:00,False
user_006666,org_01498,member,2025-07-16T03:00:00,False
user_006667,org_01498,member,2025-07-15T03:00:00,False
user_006668,org_01499,admin,2025-11-08T17:00:00,True
user_006669,org_01500,admin,2025-10-24T01:00:00,True
user_006670,org_01500,member,2025-10-23T17:00:00,False
user_006671,org_01500,member,2025-10-23T18:00:00,False
user_006672,org_01501,admin,2025-03-09T05:00:00,True
user_006673,org_01501,member,2025-03-10T23:00:00,False
user_006674,org_01501,member,2025-03-10T07:00:00,False
user_006675,org_01502,admin,2025-01-24T14:00:00,True
user_006676,org_01502,member,2025-01-24T01:00:00,False
user_006677,org_01502,viewer,2025-01-24T11:00:00,False
user_006678,org_01502,member,2025-01-24T12:00:00,False
user_006679,org_01502,member,2025-01-24T05:00:00,False
user_006680,org_01502,member,2025-01-24T07:00:00,False
user_006681,org_01503,admin,2025-10-12T07:00:00,True
user_006682,org_01503,member,2025-10-12T21:00:00,False
user_006683,org_01503,viewer,2025-10-13T03:00:00,False
user_006684,org_01503,member,2025-10-12T00:00:00,False
user_006685,org_01503,member,2025-10-13T10:00:00,False
user_006686,org_01503,member,2025-10-12T18:00:00,False
user_006687,org_01503,member,2025-10-12T04:00:00,False
user_006688,org_01504,admin,2025-08-07T18:00:00,True
user_006689,org_01504,member,2025-08-08T03:00:00,False
user_006690,org_01504,member,2025-08-07T05:00:00,False
user_006691,org_01504,member,2025-08-08T12:00:00,False
user_006692,org_01505,admin,2025-02-27T22:00:00,True
user_006693,org_01505,viewer,2025-02-28T06:00:00,False
user_006694,org_01505,member,2025-02-28T16:00:00,False
user_006695,org_01505,member,2025-02-27T21:00:00,False
user_006696,org_01506,admin,2025-02-08T13:00:00,True
user_006697,org_01507,admin,2025-12-19T15:00:00,True
user_006698,org_01507,viewer,2025-12-19T19:00:00,False
user_006699,org_01507,member,2025-12-19T23:00:00,False
user_006700,org_01507,member,2025-12-18T11:00:00,False
user_006701,org_01507,member,2025-12-19T12:00:00,False
user_006702,org_01507,member,2025-12-19T14:00:00,False
user_006703,org_01507,member,2025-12-18T21:00:00,False
user_006704,org_01508,admin,2025-12-01T08:00:00,True
user_006705,org_01508,member,2025-11-30T15:00:00,False
user_006706,org_01508,member,2025-11-30T05:00:00,False
user_006707,org_01508,member,2025-12-01T21:00:00,False
user_006708,org_01508,member,2025-12-01T05:00:00,False
user_006709,org_01508,member,2025-12-01T10:00:00,False
user_006710,org_01509,admin,2025-05-28T11:00:00,True
user_006711,org_01509,viewer,2025-05-28T16:00:00,False
user_006712,org_01509,member,2025-05-28T04:00:00,False
user_006713,org_01509,member,2025-05-28T11:00:00,False
user_006714,org_01510,admin,2025-07-31T14:00:00,True
user_006715,org_01510,member,2025-07-31T22:00:00,False
user_006716,org_01510,member,2025-07-31T06:00:00,False
user_006717,org_01510,member,2025-07-30T16:00:00,False
user_006718,org_01510,member,2025-07-30T03:00:00,False
user_006719,org_01511,admin,2025-12-22T12:00:00,True
user_006720,org_01512,admin,2025-04-15T03:00:00,True
user_006721,org_01512,viewer,2025-04-14T05:00:00,False
user_006722,org_01512,member,2025-04-15T01:00:00,False
user_006723,org_01512,member,2025-04-15T11:00:00,False
user_006724,org_01512,member,2025-04-14T23:00:00,False
user_006725,org_01513,admin,2025-04-25T10:00:00,True
user_006726,org_01513,member,2025-04-26T23:00:00,False
user_006727,org_01513,member,2025-04-26T17:00:00,False
user_006728,org_01513,member,2025-04-25T11:00:00,False
user_006729,org_01513,viewer,2025-04-26T11:00:00,False
user_006730,org_01513,member,2025-04-26T09:00:00,False
user_006731,org_01513,member,2025-04-26T06:00:00,False
user_006732,org_01514,admin,2025-12-03T06:00:00,True
user_006733,org_01514,member,2025-12-03T11:00:00,False
user_006734,org_01515,admin,2025-09-23T12:00:00,True
user_006735,org_01515,member,2025-09-23T08:00:00,False
user_006736,org_01515,member,2025-09-22T00:00:00,False
user_006737,org_01516,admin,2025-08-12T14:00:00,True
user_006738,org_01516,viewer,2025-08-12T19:00:00,False
user_006739,org_01517,admin,2025-01-17T19:00:00,True
user_006740,org_01517,member,2025-01-17T15:00:00,False
user_006741,org_01517,member,2025-01-17T14:00:00,False
user_006742,org_01517,member,2025-01-18T21:00:00,False
user_006743,org_01517,viewer,2025-01-17T15:00:00,False
user_006744,org_01517,member,2025-01-18T06:00:00,False
user_006745,org_01517,member,2025-01-17T05:00:00,False
user_006746,org_01517,member,2025-01-18T18:00:00,False
user_006747,org_01518,admin,2025-04-17T06:00:00,True
user_006748,org_01518,member,2025-04-17T19:00:00,False
user_006749,org_01518,member,2025-04-18T20:00:00,False
user_006750,org_01518,member,2025-04-18T06:00:00,False
user_006751,org_01518,member,2025-04-17T00:00:00,False
user_006752,org_01519,admin,2025-08-10T22:00:00,True
user_006753,org_01519,member,2025-08-11T12:00:00,False
user_006754,org_01519,member,2025-08-11T02:00:00,False
user_006755,org_01519,member,2025-08-10T10:00:00,False
user_006756,org_01519,member,2025-08-10T05:00:00,False
user_006757,org_01519,member,2025-08-11T10:00:00,False
user_006758,org_01519,viewer,2025-08-10T02:00:00,False
user_006759,org_01520,admin,2025-03-11T13:00:00,True
user_006760,org_01520,member,2025-03-12T23:00:00,False
user_006761,org_01520,member,2025-03-11T03:00:00,False
user_006762,org_01520,member,2025-03-11T07:00:00,False
user_006763,org_01520,member,2025-03-11T01:00:00,False
user_006764,org_01521,admin,2025-04-08T19:00:00,True
user_006765,org_01522,admin,2025-08-19T13:00:00,True
user_006766,org_01522,member,2025-08-19T02:00:00,False
user_006767,org_01522,viewer,2025-08-18T10:00:00,False
user_006768,org_01522,member,2025-08-19T00:00:00,False
user_006769,org_01522,member,2025-08-19T04:00:00,False
user_006770,org_01522,member,2025-08-18T05:00:00,False
user_006771,org_01523,admin,2025-11-07T03:00:00,True
user_006772,org_01523,member,2025-11-07T08:00:00,False
user_006773,org_01523,member,2025-11-07T21:00:00,False
user_006774,org_01523,member,2025-11-08T13:00:00,False
user_006775,org_01523,viewer,2025-11-08T13:00:00,False
user_006776,org_01524,admin,2025-04-17T01:00:00,True
user_006777,org_01524,viewer,2025-04-17T16:00:00,False
user_006778,org_01524,member,2025-04-17T16:00:00,False
user_006779,org_01525,admin,2025-06-08T15:00:00,True
user_006780,org_01525,viewer,2025-06-07T07:00:00,False
user_006781,org_01525,member,2025-06-08T19:00:00,False
user_006782,org_01525,member,2025-06-08T10:00:00,False
user_006783,org_01525,viewer,2025-06-07T14:00:00,False
user_006784,org_01525,member,2025-06-07T12:00:00,False
user_006785,org_01525,member,2025-06-08T11:00:00,False
user_006786,org_01525,member,2025-06-08T08:00:00,False
user_006787,org_01526,admin,2025-01-16T17:00:00,True
user_006788,org_01526,member,2025-01-16T02:00:00,False
user_006789,org_01526,member,2025-01-17T08:00:00,False
user_006790,org_01526,viewer,2025-01-17T09:00:00,False
user_006791,org_01527,admin,2025-07-03T07:00:00,True
user_006792,org_01527,member,2025-07-03T12:00:00,False
user_006793,org_01527,viewer,2025-07-03T12:00:00,False
user_006794,org_01527,member,2025-07-04T03:00:00,False
user_006795,org_01527,member,2025-07-03T22:00:00,False
user_006796,org_01528,admin,2025-03-28T04:00:00,True
user_006797,org_01528,member,2025-03-29T02:00:00,False
user_006798,org_01528,viewer,2025-03-29T17:00:00,False
user_006799,org_01529,admin,2025-08-06T06:00:00,True
user_006800,org_01529,member,2025-08-06T00:00:00,False
user_006801,org_01529,viewer,2025-08-06T07:00:00,False
user_006802,org_01529,viewer,2025-08-05T17:00:00,False
user_006803,org_01529,viewer,2025-08-06T12:00:00,False
user_006804,org_01529,member,2025-08-05T12:00:00,False
user_006805,org_01529,viewer,2025-08-06T07:00:00,False
user_006806,org_01530,admin,2025-10-19T18:00:00,True
user_006807,org_01530,member,2025-10-18T03:00:00,False
user_006808,org_01530,member,2025-10-19T05:00:00,False
user_006809,org_01530,viewer,2025-10-18T10:00:00,False
user_006810,org_01530,viewer,2025-10-19T00:00:00,False
user_006811,org_01530,member,2025-10-18T22:00:00,False
user_006812,org_01531,admin,2025-10-13T10:00:00,True
user_006813,org_01532,admin,2025-05-20T00:00:00,True
user_006814,org_01532,member,2025-05-20T07:00:00,False
user_006815,org_01532,member,2025-05-20T18:00:00,False
user_006816,org_01532,viewer,2025-05-20T20:00:00,False
user_006817,org_01532,viewer,2025-05-20T22:00:00,False
user_006818,org_01532,member,2025-05-21T14:00:00,False
user_006819,org_01532,member,2025-05-21T19:00:00,False
user_006820,org_01533,admin,2025-11-29T09:00:00,True
user_006821,org_01533,member,2025-11-29T23:00:00,False
user_006822,org_01533,viewer,2025-11-30T00:00:00,False
user_006823,org_01533,viewer,2025-11-30T21:00:00,False
user_006824,org_01534,admin,2025-02-03T11:00:00,True
user_006825,org_01534,member,2025-02-03T22:00:00,False
user_006826,org_01534,member,2025-02-02T08:00:00,False
user_006827,org_01534,member,2025-02-03T01:00:00,False
user_006828,org_01534,member,2025-02-03T05:00:00,False
user_006829,org_01534,member,2025-02-02T18:00:00,False
user_006830,org_01535,admin,2025-12-02T18:00:00,True
user_006831,org_01535,member,2025-12-03T00:00:00,False
user_006832,org_01535,member,2025-12-03T10:00:00,False
user_006833,org_01536,admin,2025-01-01T17:00:00,True
user_006834,org_01537,admin,2025-11-28T14:00:00,True
user_006835,org_01537,member,2025-11-29T07:00:00,False
user_006836,org_01537,member,2025-11-29T20:00:00,False
user_006837,org_01537,member,2025-11-28T14:00:00,False
user_006838,org_01538,admin,2025-02-05T08:00:00,True
user_006839,org_01539,admin,2025-07-13T16:00:00,True
user_006840,org_01539,viewer,2025-07-13T17:00:00,False
user_006841,org_01539,viewer,2025-07-13T19:00:00,False
user_006842,org_01539,member,2025-07-12T00:00:00,False
user_006843,org_01539,member,2025-07-13T19:00:00,False
user_006844,org_01539,member,2025-07-12T07:00:00,False
user_006845,org_01540,admin,2025-03-21T07:00:00,True
user_006846,org_01540,viewer,2025-03-20T13:00:00,False
user_006847,org_01540,viewer,2025-03-21T03:00:00,False
user_006848,org_01540,member,2025-03-21T05:00:00,False
user_006849,org_01540,viewer,2025-03-20T17:00:00,False
user_006850,org_01541,admin,2025-03-08T00:00:00,True
user_006851,org_01541,member,2025-03-07T18:00:00,False
user_006852,org_01542,admin,2025-09-17T17:00:00,True
user_006853,org_01542,member,2025-09-17T13:00:00,False
user_006854,org_01542,viewer,2025-09-17T21:00:00,False
user_006855,org_01542,member,2025-09-17T01:00:00,False
user_006856,org_01542,member,2025-09-16T16:00:00,False
user_006857,org_01542,member,2025-09-16T16:00:00,False
user_006858,org_01542,member,2025-09-17T05:00:00,False
user_006859,org_01542,member,2025-09-17T22:00:00,False
user_006860,org_01543,admin,2025-04-11T04:00:00,True
user_006861,org_01543,member,2025-04-11T07:00:00,False
user_006862,org_01543,member,2025-04-10T12:00:00,False
user_006863,org_01543,member,2025-04-11T19:00:00,False
user_006864,org_01543,viewer,2025-04-10T06:00:00,False
user_006865,org_01543,member,2025-04-11T00:00:00,False
user_006866,org_01544,admin,2025-09-30T13:00:00,True
user_006867,org_01544,member,2025-10-01T16:00:00,False
user_006868,org_01544,member,2025-10-01T11:00:00,False
user_006869,org_01544,viewer,2025-10-01T01:00:00,False
user_006870,org_01544,member,2025-09-30T10:00:00,False
user_006871,org_01544,member,2025-09-30T16:00:00,False
user_006872,org_01544,viewer,2025-09-30T23:00:00,False
user_006873,org_01545,admin,2025-06-05T21:00:00,True
user_006874,org_01545,member,2025-06-06T23:00:00,False
user_006875,org_01545,member,2025-06-05T05:00:00,False
user_006876,org_01545,member,2025-06-06T03:00:00,False
user_006877,org_01545,member,2025-06-05T08:00:00,False
user_006878,org_01545,viewer,2025-06-06T11:00:00,False
user_006879,org_01545,member,2025-06-05T19:00:00,False
user_006880,org_01546,admin,2025-10-14T06:00:00,True
user_006881,org_01546,viewer,2025-10-14T06:00:00,False
user_006882,org_01546,member,2025-10-14T13:00:00,False
user_006883,org_01546,member,2025-10-14T04:00:00,False
user_006884,org_01546,member,2025-10-14T21:00:00,False
user_006885,org_01546,member,2025-10-13T11:00:00,False
user_006886,org_01546,member,2025-10-13T15:00:00,False
user_006887,org_01547,admin,2025-04-12T09:00:00,True
user_006888,org_01547,viewer,2025-04-12T17:00:00,False
user_006889,org_01547,member,2025-04-11T14:00:00,False
user_006890,org_01548,admin,2025-05-15T05:00:00,True
user_006891,org_01549,admin,2025-06-01T06:00:00,True
user_006892,org_01549,member,2025-06-01T07:00:00,False
user_006893,org_01549,member,2025-05-31T22:00:00,False
user_006894,org_01550,admin,2025-07-15T23:00:00,True
user_006895,org_01551,admin,2025-04-07T08:00:00,True
user_006896,org_01551,member,2025-04-06T03:00:00,False
user_006897,org_01551,member,2025-04-07T05:00:00,False
user_006898,org_01551,member,2025-04-06T17:00:00,False
user_006899,org_01551,member,2025-04-06T02:00:00,False
user_006900,org_01551,member,2025-04-07T04:00:00,False
user_006901,org_01551,member,2025-04-06T06:00:00,False
user_006902,org_01551,member,2025-04-06T18:00:00,False
user_006903,org_01552,admin,2025-03-28T16:00:00,True
user_006904,org_01552,member,2025-03-27T09:00:00,False
user_006905,org_01552,member,2025-03-28T21:00:00,False
user_006906,org_01552,member,2025-03-28T08:00:00,False
user_006907,org_01552,member,2025-03-28T10:00:00,False
user_006908,org_01552,member,2025-03-27T13:00:00,False
user_006909,org_01552,member,2025-03-27T14:00:00,False
user_006910,org_01553,admin,2025-07-03T10:00:00,True
user_006911,org_01554,admin,2025-12-29T01:00:00,True
user_006912,org_01555,admin,2025-09-28T16:00:00,True
user_006913,org_01556,admin,2025-10-15T12:00:00,True
user_006914,org_01556,member,2025-10-14T11:00:00,False
user_006915,org_01556,member,2025-10-14T03:00:00,False
user_006916,org_01556,member,2025-10-15T16:00:00,False
user_006917,org_01556,member,2025-10-14T03:00:00,False
user_006918,org_01556,member,2025-10-14T23:00:00,False
user_006919,org_01557,admin,2025-04-25T15:00:00,True
user_006920,org_01558,admin,2025-03-11T11:00:00,True
user_006921,org_01558,member,2025-03-10T04:00:00,False
user_006922,org_01558,member,2025-03-10T01:00:00,False
user_006923,org_01558,member,2025-03-11T22:00:00,False
user_006924,org_01558,member,2025-03-11T19:00:00,False
user_006925,org_01558,member,2025-03-10T12:00:00,False
user_006926,org_01558,viewer,2025-03-11T03:00:00,False
user_006927,org_01559,admin,2025-07-04T14:00:00,True
user_006928,org_01559,viewer,2025-07-04T21:00:00,False
user_006929,org_01560,admin,2025-08-26T15:00:00,True
user_006930,org_01560,member,2025-08-25T13:00:00,False
user_006931,org_01560,member,2025-08-26T00:00:00,False
user_006932,org_01560,member,2025-08-26T12:00:00,False
user_006933,org_01561,admin,2025-05-18T04:00:00,True
user_006934,org_01562,admin,2025-08-01T18:00:00,True
user_006935,org_01562,member,2025-08-02T16:00:00,False
user_006936,org_01563,admin,2025-04-23T01:00:00,True
user_006937,org_01564,admin,2025-12-30T20:00:00,True
user_006938,org_01564,member,2025-12-29T08:00:00,False
user_006939,org_01564,viewer,2025-12-30T03:00:00,False
user_006940,org_01564,member,2025-12-29T09:00:00,False
user_006941,org_01565,admin,2025-06-07T13:00:00,True
user_006942,org_01565,member,2025-06-07T10:00:00,False
user_006943,org_01565,member,2025-06-07T14:00:00,False
user_006944,org_01565,member,2025-06-07T09:00:00,False
user_006945,org_01566,admin,2025-05-19T12:00:00,True
user_006946,org_01566,member,2025-05-18T12:00:00,False
user_006947,org_01566,member,2025-05-19T17:00:00,False
user_006948,org_01566,member,2025-05-19T12:00:00,False
user_006949,org_01566,viewer,2025-05-18T07:00:00,False
user_006950,org_01566,member,2025-05-19T02:00:00,False
user_006951,org_01566,member,2025-05-18T04:00:00,False
user_006952,org_01566,member,2025-05-19T11:00:00,False
user_006953,org_01567,admin,2025-10-21T09:00:00,True
user_006954,org_01567,member,2025-10-21T17:00:00,False
user_006955,org_01567,member,2025-10-20T01:00:00,False
user_006956,org_01567,member,2025-10-21T15:00:00,False
user_006957,org_01568,admin,2025-06-07T06:00:00,True
user_006958,org_01569,admin,2025-10-09T02:00:00,True
user_006959,org_01569,member,2025-10-10T23:00:00,False
user_006960,org_01569,member,2025-10-09T06:00:00,False
user_006961,org_01569,member,2025-10-09T09:00:00,False
user_006962,org_01570,admin,2025-02-02T12:00:00,True
user_006963,org_01570,member,2025-02-02T06:00:00,False
user_006964,org_01570,member,2025-02-02T18:00:00,False
user_006965,org_01570,viewer,2025-02-02T09:00:00,False
user_006966,org_01570,viewer,2025-02-03T07:00:00,False
user_006967,org_01570,viewer,2025-02-03T17:00:00,False
user_006968,org_01570,member,2025-02-02T09:00:00,False
user_006969,org_01571,admin,2025-12-29T03:00:00,True
user_006970,org_01571,member,2025-12-30T06:00:00,False
user_006971,org_01572,admin,2025-08-21T11:00:00,True
user_006972,org_01572,member,2025-08-21T23:00:00,False
user_006973,org_01572,member,2025-08-21T04:00:00,False
user_006974,org_01572,member,2025-08-21T21:00:00,False
user_006975,org_01573,admin,2025-12-06T03:00:00,True
user_006976,org_01574,admin,2025-02-03T09:00:00,True
user_006977,org_01574,member,2025-02-02T11:00:00,False
user_006978,org_01574,member,2025-02-03T03:00:00,False
user_006979,org_01574,member,2025-02-03T06:00:00,False
user_006980,org_01575,admin,2025-04-24T14:00:00,True
user_006981,org_01575,member,2025-04-25T19:00:00,False
user_006982,org_01575,member,2025-04-25T02:00:00,False
user_006983,org_01575,member,2025-04-25T19:00:00,False
user_006984,org_01576,admin,2025-02-11T09:00:00,True
user_006985,org_01576,member,2025-02-12T07:00:00,False
user_006986,org_01576,member,2025-02-12T07:00:00,False
user_006987,org_01576,member,2025-02-12T07:00:00,False
user_006988,org_01576,member,2025-02-11T07:00:00,False
user_006989,org_01577,admin,2025-08-26T10:00:00,True
user_006990,org_01577,member,2025-08-26T18:00:00,False
user_006991,org_01577,member,2025-08-26T00:00:00,False
user_006992,org_01577,member,2025-08-27T08:00:00,False
user_006993,org_01577,member,2025-08-26T21:00:00,False
user_006994,org_01577,member,2025-08-26T08:00:00,False
user_006995,org_01578,admin,2025-11-03T17:00:00,True
user_006996,org_01578,member,2025-11-03T14:00:00,False
user_006997,org_01578,member,2025-11-03T07:00:00,False
user_006998,org_01578,viewer,2025-11-03T02:00:00,False
user_006999,org_01578,member,2025-11-03T16:00:00,False
user_007000,org_01579,admin,2025-12-18T23:00:00,True
user_007001,org_01579,member,2025-12-18T16:00:00,False
user_007002,org_01579,member,2025-12-18T13:00:00,False
user_007003,org_01579,viewer,2025-12-18T11:00:00,False
user_007004,org_01579,viewer,2025-12-18T12:00:00,False
user_007005,org_01579,member,2025-12-17T22:00:00,False
user_007006,org_01579,viewer,2025-12-18T04:00:00,False
user_007007,org_01579,member,2025-12-18T08:00:00,False
user_007008,org_01580,admin,2025-08-20T20:00:00,True
user_007009,org_01580,viewer,2025-08-19T19:00:00,False
user_007010,org_01580,member,2025-08-19T19:00:00,False
user_007011,org_01580,member,2025-08-19T17:00:00,False
user_007012,org_01580,member,2025-08-20T00:00:00,False
user_007013,org_01581,admin,2025-08-21T10:00:00,True
user_007014,org_01581,member,2025-08-22T21:00:00,False
user_007015,org_01581,member,2025-08-21T11:00:00,False
user_007016,org_01581,member,2025-08-21T07:00:00,False
user_007017,org_01581,member,2025-08-22T18:00:00,False
user_007018,org_01581,viewer,2025-08-21T05:00:00,False
user_007019,org_01581,viewer,2025-08-21T18:00:00,False
user_007020,org_01582,admin,2025-06-16T06:00:00,True
user_007021,org_01582,member,2025-06-17T08:00:00,False
user_007022,org_01582,member,2025-06-16T19:00:00,False
user_007023,org_01582,viewer,2025-06-17T06:00:00,False
user_007024,org_01582,member,2025-06-17T20:00:00,False
user_007025,org_01582,member,2025-06-17T03:00:00,False
user_007026,org_01582,viewer,2025-06-16T06:00:00,False
user_007027,org_01582,member,2025-06-17T01:00:00,False
user_007028,org_01583,admin,2025-09-08T10:00:00,True
user_007029,org_01583,member,2025-09-08T12:00:00,False
user_007030,org_01583,member,2025-09-08T17:00:00,False
user_007031,org_01583,member,2025-09-09T20:00:00,False
user_007032,org_01583,viewer,2025-09-08T05:00:00,False
user_007033,org_01583,member,2025-09-09T18:00:00,False
user_007034,org_01583,member,2025-09-09T23:00:00,False
user_007035,org_01584,admin,2025-08-31T05:00:00,True
user_007036,org_01584,member,2025-08-31T14:00:00,False
user_007037,org_01584,member,2025-08-30T22:00:00,False
user_007038,org_01584,member,2025-08-31T14:00:00,False
user_007039,org_01584,member,2025-08-30T05:00:00,False
user_007040,org_01584,viewer,2025-08-31T03:00:00,False
user_007041,org_01585,admin,2025-11-06T15:00:00,True
user_007042,org_01585,viewer,2025-11-05T21:00:00,False
user_007043,org_01585,viewer,2025-11-06T11:00:00,False
user_007044,org_01585,viewer,2025-11-06T16:00:00,False
user_007045,org_01586,admin,2025-12-29T15:00:00,True
user_007046,org_01586,viewer,2025-12-28T13:00:00,False
user_007047,org_01586,member,2025-12-29T19:00:00,False
user_007048,org_01587,admin,2025-02-27T06:00:00,True
user_007049,org_01588,admin,2025-11-28T23:00:00,True
user_007050,org_01588,member,2025-11-29T13:00:00,False
user_007051,org_01588,member,2025-11-29T13:00:00,False
user_007052,org_01588,member,2025-11-28T08:00:00,False
user_007053,org_01588,member,2025-11-28T04:00:00,False
user_007054,org_01588,member,2025-11-29T12:00:00,False
user_007055,org_01589,admin,2025-03-19T04:00:00,True
user_007056,org_01589,member,2025-03-18T06:00:00,False
user_007057,org_01589,member,2025-03-19T22:00:00,False
user_007058,org_01589,member,2025-03-19T09:00:00,False
user_007059,org_01589,member,2025-03-19T05:00:00,False
user_007060,org_01589,member,2025-03-18T18:00:00,False
user_007061,org_01589,member,2025-03-18T02:00:00,False
user_007062,org_01590,admin,2025-08-14T21:00:00,True
user_007063,org_01590,member,2025-08-15T12:00:00,False
user_007064,org_01590,member,2025-08-15T03:00:00,False
user_007065,org_01590,viewer,2025-08-15T05:00:00,False
user_007066,org_01590,member,2025-08-14T01:00:00,False
user_007067,org_01590,member,2025-08-15T06:00:00,False
user_007068,org_01590,member,2025-08-15T19:00:00,False
user_007069,org_01590,member,2025-08-15T07:00:00,False
user_007070,org_01591,admin,2025-01-31T15:00:00,True
user_007071,org_01591,viewer,2025-01-30T09:00:00,False
user_007072,org_01591,member,2025-01-30T03:00:00,False
user_007073,org_01591,member,2025-01-30T20:00:00,False
user_007074,org_01592,admin,2025-02-27T09:00:00,True
user_007075,org_01592,viewer,2025-02-27T05:00:00,False
user_007076,org_01592,member,2025-02-27T01:00:00,False
user_007077,org_01593,admin,2025-06-12T11:00:00,True
user_007078,org_01593,member,2025-06-12T09:00:00,False
user_007079,org_01593,viewer,2025-06-11T22:00:00,False
user_007080,org_01593,member,2025-06-11T09:00:00,False
user_007081,org_01594,admin,2025-08-06T01:00:00,True
user_007082,org_01594,member,2025-08-06T09:00:00,False
user_007083,org_01595,admin,2025-06-12T17:00:00,True
user_007084,org_01595,member,2025-06-12T12:00:00,False
user_007085,org_01595,member,2025-06-12T14:00:00,False
user_007086,org_01595,member,2025-06-12T11:00:00,False
user_007087,org_01596,admin,2025-02-14T03:00:00,True
user_007088,org_01596,member,2025-02-14T06:00:00,False
user_007089,org_01596,member,2025-02-14T06:00:00,False
user_007090,org_01596,member,2025-02-14T19:00:00,False
user_007091,org_01596,member,2025-02-13T15:00:00,False
user_007092,org_01596,member,2025-02-14T04:00:00,False
user_007093,org_01596,viewer,2025-02-13T07:00:00,False
user_007094,org_01596,viewer,2025-02-14T06:00:00,False
user_007095,org_01597,admin,2025-10-02T14:00:00,True
user_007096,org_01598,admin,2025-10-26T15:00:00,True
user_007097,org_01599,admin,2025-02-12T11:00:00,True
user_007098,org_01599,member,2025-02-12T16:00:00,False
user_007099,org_01599,member,2025-02-13T06:00:00,False
user_007100,org_01599,viewer,2025-02-12T18:00:00,False
user_007101,org_01599,member,2025-02-13T07:00:00,False
user_007102,org_01599,member,2025-02-12T23:00:00,False
user_007103,org_01599,member,2025-02-12T01:00:00,False
user_007104,org_01600,admin,2025-02-09T13:00:00,True
user_007105,org_01601,admin,2025-05-03T19:00:00,True
user_007106,org_01601,viewer,2025-05-03T04:00:00,False
user_007107,org_01601,member,2025-05-03T13:00:00,False
user_007108,org_01602,admin,2025-07-28T10:00:00,True
user_007109,org_01602,viewer,2025-07-27T15:00:00,False
user_007110,org_01603,admin,2025-06-18T15:00:00,True
user_007111,org_01603,member,2025-06-17T10:00:00,False
user_007112,org_01603,member,2025-06-18T17:00:00,False
user_007113,org_01604,admin,2025-12-09T22:00:00,True
user_007114,org_01604,member,2025-12-08T20:00:00,False
user_007115,org_01604,member,2025-12-08T03:00:00,False
user_007116,org_01604,member,2025-12-09T19:00:00,False
user_007117,org_01604,member,2025-12-08T17:00:00,False
user_007118,org_01604,member,2025-12-08T03:00:00,False
user_007119,org_01605,admin,2025-02-24T14:00:00,True
user_007120,org_01606,admin,2025-09-04T11:00:00,True
user_007121,org_01606,member,2025-09-04T06:00:00,False
user_007122,org_01606,member,2025-09-04T14:00:00,False
user_007123,org_01607,admin,2025-01-28T04:00:00,True
user_007124,org_01607,member,2025-01-28T11:00:00,False
user_007125,org_01607,member,2025-01-29T14:00:00,False
user_007126,org_01607,viewer,2025-01-29T22:00:00,False
user_007127,org_01607,viewer,2025-01-28T07:00:00,False
user_007128,org_01607,member,2025-01-29T08:00:00,False
user_007129,org_01608,admin,2025-08-15T10:00:00,True
user_007130,org_01609,admin,2025-09-21T12:00:00,True
user_007131,org_01609,member,2025-09-20T15:00:00,False
user_007132,org_01609,member,2025-09-21T05:00:00,False
user_007133,org_01610,admin,2025-11-08T21:00:00,True
user_007134,org_01611,admin,2025-08-07T17:00:00,True
user_007135,org_01611,member,2025-08-08T20:00:00,False
user_007136,org_01611,member,2025-08-08T13:00:00,False
user_007137,org_01611,viewer,2025-08-08T07:00:00,False
user_007138,org_01611,member,2025-08-07T19:00:00,False
user_007139,org_01612,admin,2025-05-06T01:00:00,True
user_007140,org_01612,member,2025-05-06T16:00:00,False
user_007141,org_01612,member,2025-05-07T09:00:00,False
user_007142,org_01612,member,2025-05-07T04:00:00,False
user_007143,org_01612,viewer,2025-05-07T11:00:00,False
user_007144,org_01612,viewer,2025-05-06T11:00:00,False
user_007145,org_01613,admin,2025-12-23T05:00:00,True
user_007146,org_01613,member,2025-12-23T10:00:00,False
user_007147,org_01613,member,2025-12-23T20:00:00,False
user_007148,org_01613,member,2025-12-24T14:00:00,False
user_007149,org_01614,admin,2025-10-30T10:00:00,True
user_007150,org_01614,member,2025-10-30T05:00:00,False
user_007151,org_01615,admin,2025-05-28T07:00:00,True
user_007152,org_01615,member,2025-05-28T06:00:00,False
user_007153,org_01616,admin,2025-01-04T14:00:00,True
user_007154,org_01616,viewer,2025-01-03T16:00:00,False
user_007155,org_01616,member,2025-01-03T01:00:00,False
user_007156,org_01616,member,2025-01-04T02:00:00,False
user_007157,org_01616,viewer,2025-01-04T14:00:00,False
user_007158,org_01616,member,2025-01-03T20:00:00,False
user_007159,org_01616,member,2025-01-04T10:00:00,False
user_007160,org_01617,admin,2025-04-07T13:00:00,True
user_007161,org_01618,admin,2025-11-24T11:00:00,True
user_007162,org_01618,viewer,2025-11-23T22:00:00,False
user_007163,org_01618,member,2025-11-23T05:00:00,False
user_007164,org_01618,member,2025-11-23T03:00:00,False
user_007165,org_01618,viewer,2025-11-23T10:00:00,False
user_007166,org_01618,member,2025-11-24T09:00:00,False
user_007167,org_01619,admin,2025-03-10T09:00:00,True
user_007168,org_01619,member,2025-03-09T03:00:00,False
user_007169,org_01619,member,2025-03-10T12:00:00,False
user_007170,org_01619,member,2025-03-10T19:00:00,False
user_007171,org_01619,member,2025-03-10T23:00:00,False
user_007172,org_01619,member,2025-03-09T00:00:00,False
user_007173,org_01620,admin,2025-08-27T03:00:00,True
user_007174,org_01620,viewer,2025-08-28T05:00:00,False
user_007175,org_01621,admin,2025-01-12T09:00:00,True
user_007176,org_01621,member,2025-01-11T10:00:00,False
user_007177,org_01622,admin,2025-06-25T05:00:00,True
user_007178,org_01623,admin,2025-05-30T00:00:00,True
user_007179,org_01623,member,2025-05-29T00:00:00,False
user_007180,org_01624,admin,2025-03-03T23:00:00,True
user_007181,org_01624,member,2025-03-02T06:00:00,False
user_007182,org_01625,admin,2025-01-13T11:00:00,True
user_007183,org_01625,viewer,2025-01-14T02:00:00,False
user_007184,org_01625,member,2025-01-14T19:00:00,False
user_007185,org_01625,viewer,2025-01-14T21:00:00,False
user_007186,org_01626,admin,2025-06-13T07:00:00,True
user_007187,org_01626,member,2025-06-13T08:00:00,False
user_007188,org_01627,admin,2025-07-10T20:00:00,True
user_007189,org_01627,member,2025-07-10T14:00:00,False
user_007190,org_01627,member,2025-07-09T08:00:00,False
user_007191,org_01627,member,2025-07-09T16:00:00,False
user_007192,org_01627,member,2025-07-10T12:00:00,False
user_007193,org_01627,member,2025-07-10T12:00:00,False
user_007194,org_01628,admin,2025-06-25T19:00:00,True
user_007195,org_01628,member,2025-06-25T23:00:00,False
user_007196,org_01628,viewer,2025-06-25T00:00:00,False
user_007197,org_01628,member,2025-06-25T23:00:00,False
user_007198,org_01629,admin,2025-06-18T13:00:00,True
user_007199,org_01629,viewer,2025-06-19T12:00:00,False
user_007200,org_01629,member,2025-06-19T15:00:00,False
user_007201,org_01629,member,2025-06-18T08:00:00,False
user_007202,org_01629,viewer,2025-06-18T18:00:00,False
user_007203,org_01629,viewer,2025-06-18T00:00:00,False
user_007204,org_01629,member,2025-06-19T17:00:00,False
user_007205,org_01629,member,2025-06-19T19:00:00,False
user_007206,org_01630,admin,2025-05-06T16:00:00,True
user_007207,org_01630,member,2025-05-06T20:00:00,False
user_007208,org_01631,admin,2025-08-07T16:00:00,True
user_007209,org_01631,member,2025-08-07T17:00:00,False
user_007210,org_01631,member,2025-08-06T19:00:00,False
user_007211,org_01632,admin,2025-06-08T13:00:00,True
user_007212,org_01632,viewer,2025-06-07T13:00:00,False
user_007213,org_01632,member,2025-06-07T10:00:00,False
user_007214,org_01632,member,2025-06-07T10:00:00,False
user_007215,org_01632,member,2025-06-08T10:00:00,False
user_007216,org_01632,member,2025-06-08T21:00:00,False
user_007217,org_01633,admin,2025-04-06T07:00:00,True
user_007218,org_01633,member,2025-04-05T16:00:00,False
user_007219,org_01633,member,2025-04-05T20:00:00,False
user_007220,org_01633,member,2025-04-05T13:00:00,False
user_007221,org_01634,admin,2025-10-19T01:00:00,True
user_007222,org_01634,member,2025-10-18T10:00:00,False
user_007223,org_01634,member,2025-10-19T16:00:00,False
user_007224,org_01634,viewer,2025-10-18T07:00:00,False
user_007225,org_01635,admin,2025-04-04T01:00:00,True
user_007226,org_01635,viewer,2025-04-03T03:00:00,False
user_007227,org_01635,member,2025-04-04T18:00:00,False
user_007228,org_01635,viewer,2025-04-03T08:00:00,False
user_007229,org_01635,member,2025-04-04T00:00:00,False
user_007230,org_01635,member,2025-04-03T11:00:00,False
user_007231,org_01635,member,2025-04-03T10:00:00,False
user_007232,org_01635,member,2025-04-03T21:00:00,False
user_007233,org_01636,admin,2025-01-08T08:00:00,True
user_007234,org_01636,member,2025-01-08T04:00:00,False
user_007235,org_01636,member,2025-01-08T21:00:00,False
user_007236,org_01636,member,2025-01-08T03:00:00,False
user_007237,org_01636,viewer,2025-01-09T16:00:00,False
user_007238,org_01636,member,2025-01-08T02:00:00,False
user_007239,org_01637,admin,2025-06-02T23:00:00,True
user_007240,org_01637,member,2025-06-02T07:00:00,False
user_007241,org_01637,member,2025-06-03T01:00:00,False
user_007242,org_01637,member,2025-06-03T06:00:00,False
user_007243,org_01637,member,2025-06-03T21:00:00,False
user_007244,org_01637,member,2025-06-02T06:00:00,False
user_007245,org_01637,member,2025-06-02T04:00:00,False
user_007246,org_01637,viewer,2025-06-02T15:00:00,False
user_007247,org_01638,admin,2025-09-09T05:00:00,True
user_007248,org_01638,viewer,2025-09-08T17:00:00,False
user_007249,org_01638,viewer,2025-09-08T16:00:00,False
user_007250,org_01638,viewer,2025-09-08T22:00:00,False
user_007251,org_01638,member,2025-09-09T17:00:00,False
user_007252,org_01638,member,2025-09-08T22:00:00,False
user_007253,org_01638,member,2025-09-08T03:00:00,False
user_007254,org_01638,member,2025-09-08T13:00:00,False
user_007255,org_01639,admin,2025-06-23T18:00:00,True
user_007256,org_01639,viewer,2025-06-22T18:00:00,False
user_007257,org_01639,member,2025-06-23T18:00:00,False
user_007258,org_01639,member,2025-06-23T10:00:00,False
user_007259,org_01639,member,2025-06-22T17:00:00,False
user_007260,org_01639,member,2025-06-22T00:00:00,False
user_007261,org_01639,member,2025-06-22T15:00:00,False
user_007262,org_01639,viewer,2025-06-23T23:00:00,False
user_007263,org_01640,admin,2025-03-01T13:00:00,True
user_007264,org_01640,member,2025-02-28T18:00:00,False
user_007265,org_01641,admin,2025-10-16T11:00:00,True
user_007266,org_01641,member,2025-10-16T17:00:00,False
user_007267,org_01641,member,2025-10-15T23:00:00,False
user_007268,org_01641,member,2025-10-16T13:00:00,False
user_007269,org_01641,member,2025-10-15T06:00:00,False
user_007270,org_01642,admin,2025-11-09T16:00:00,True
user_007271,org_01642,member,2025-11-09T18:00:00,False
user_007272,org_01643,admin,2025-02-05T10:00:00,True
user_007273,org_01643,member,2025-02-06T13:00:00,False
user_007274,org_01643,viewer,2025-02-06T18:00:00,False
user_007275,org_01643,viewer,2025-02-05T14:00:00,False
user_007276,org_01643,member,2025-02-06T06:00:00,False
user_007277,org_01643,member,2025-02-06T00:00:00,False
user_007278,org_01643,viewer,2025-02-06T20:00:00,False
user_007279,org_01644,admin,2025-07-20T15:00:00,True
user_007280,org_01644,member,2025-07-20T13:00:00,False
user_007281,org_01644,member,2025-07-20T12:00:00,False
user_007282,org_01644,member,2025-07-20T20:00:00,False
user_007283,org_01644,member,2025-07-21T19:00:00,False
user_007284,org_01644,viewer,2025-07-20T17:00:00,False
user_007285,org_01644,member,2025-07-21T19:00:00,False
user_007286,org_01645,admin,2025-07-14T04:00:00,True
user_007287,org_01645,viewer,2025-07-13T13:00:00,False
user_007288,org_01646,admin,2025-10-26T18:00:00,True
user_007289,org_01646,viewer,2025-10-27T18:00:00,False
user_007290,org_01646,viewer,2025-10-27T10:00:00,False
user_007291,org_01646,member,2025-10-26T19:00:00,False
user_007292,org_01646,member,2025-10-26T11:00:00,False
user_007293,org_01647,admin,2025-09-19T11:00:00,True
user_007294,org_01647,member,2025-09-19T13:00:00,False
user_007295,org_01647,member,2025-09-18T10:00:00,False
user_007296,org_01648,admin,2025-11-26T19:00:00,True
user_007297,org_01648,viewer,2025-11-25T16:00:00,False
user_007298,org_01648,member,2025-11-26T06:00:00,False
user_007299,org_01648,member,2025-11-26T14:00:00,False
user_007300,org_01648,member,2025-11-25T23:00:00,False
user_007301,org_01648,member,2025-11-26T21:00:00,False
user_007302,org_01648,member,2025-11-25T07:00:00,False
user_007303,org_01648,member,2025-11-26T03:00:00,False
user_007304,org_01649,admin,2025-02-10T23:00:00,True
user_007305,org_01649,member,2025-02-09T10:00:00,False
user_007306,org_01649,member,2025-02-09T05:00:00,False
user_007307,org_01649,member,2025-02-10T18:00:00,False
user_007308,org_01649,member,2025-02-10T13:00:00,False
user_007309,org_01649,member,2025-02-10T15:00:00,False
user_007310,org_01650,admin,2025-10-04T07:00:00,True
user_007311,org_01651,admin,2025-11-18T12:00:00,True
user_007312,org_01651,member,2025-11-18T14:00:00,False
user_007313,org_01651,member,2025-11-19T12:00:00,False
user_007314,org_01651,viewer,2025-11-18T07:00:00,False
user_007315,org_01652,admin,2025-01-18T23:00:00,True
user_007316,org_01652,member,2025-01-17T10:00:00,False
user_007317,org_01652,member,2025-01-18T15:00:00,False
user_007318,org_01652,member,2025-01-17T13:00:00,False
user_007319,org_01652,member,2025-01-18T13:00:00,False
user_007320,org_01652,member,2025-01-18T15:00:00,False
user_007321,org_01652,member,2025-01-18T03:00:00,False
user_007322,org_01653,admin,2025-05-29T18:00:00,True
user_007323,org_01653,viewer,2025-05-30T06:00:00,False
user_007324,org_01653,member,2025-05-30T16:00:00,False
user_007325,org_01653,member,2025-05-29T18:00:00,False
user_007326,org_01653,member,2025-05-29T23:00:00,False
user_007327,org_01653,viewer,2025-05-30T03:00:00,False
user_007328,org_01653,member,2025-05-30T07:00:00,False
user_007329,org_01654,admin,2025-07-05T17:00:00,True
user_007330,org_01654,viewer,2025-07-05T17:00:00,False
user_007331,org_01654,member,2025-07-05T05:00:00,False
user_007332,org_01654,member,2025-07-04T07:00:00,False
user_007333,org_01654,member,2025-07-04T00:00:00,False
user_007334,org_01654,member,2025-07-05T12:00:00,False
user_007335,org_01655,admin,2025-11-03T06:00:00,True
user_007336,org_01656,admin,2025-10-16T05:00:00,True
user_007337,org_01656,viewer,2025-10-17T09:00:00,False
user_007338,org_01656,member,2025-10-16T23:00:00,False
user_007339,org_01657,admin,2025-02-04T20:00:00,True
user_007340,org_01657,viewer,2025-02-05T23:00:00,False
user_007341,org_01657,viewer,2025-02-04T09:00:00,False
user_007342,org_01657,member,2025-02-05T23:00:00,False
user_007343,org_01657,viewer,2025-02-04T15:00:00,False
user_007344,org_01657,viewer,2025-02-05T06:00:00,False
user_007345,org_01658,admin,2025-08-08T22:00:00,True
user_007346,org_01658,member,2025-08-07T01:00:00,False
user_007347,org_01658,member,2025-08-08T21:00:00,False
user_007348,org_01658,member,2025-08-07T16:00:00,False
user_007349,org_01658,member,2025-08-08T15:00:00,False
user_007350,org_01658,viewer,2025-08-07T00:00:00,False
user_007351,org_01658,viewer,2025-08-07T02:00:00,False
user_007352,org_01658,member,2025-08-08T18:00:00,False
user_007353,org_01659,admin,2025-12-21T03:00:00,True
user_007354,org_01659,member,2025-12-21T18:00:00,False
user_007355,org_01659,viewer,2025-12-22T11:00:00,False
user_007356,org_01659,member,2025-12-22T22:00:00,False
user_007357,org_01659,viewer,2025-12-22T07:00:00,False
user_007358,org_01659,member,2025-12-22T16:00:00,False
user_007359,org_01659,member,2025-12-22T15:00:00,False
user_007360,org_01659,member,2025-12-21T09:00:00,False
user_007361,org_01660,admin,2025-02-07T10:00:00,True
user_007362,org_01660,member,2025-02-06T13:00:00,False
user_007363,org_01660,viewer,2025-02-06T07:00:00,False
user_007364,org_01660,member,2025-02-06T18:00:00,False
user_007365,org_01661,admin,2025-02-11T04:00:00,True
user_007366,org_01662,admin,2025-01-01T20:00:00,True
user_007367,org_01662,member,2025-01-01T19:00:00,False
user_007368,org_01662,viewer,2025-01-01T14:00:00,False
user_007369,org_01662,member,2025-01-02T03:00:00,False
user_007370,org_01663,admin,2025-03-10T18:00:00,True
user_007371,org_01663,member,2025-03-10T16:00:00,False
user_007372,org_01664,admin,2025-10-25T10:00:00,True
user_007373,org_01664,member,2025-10-25T22:00:00,False
user_007374,org_01664,viewer,2025-10-24T09:00:00,False
user_007375,org_01664,viewer,2025-10-24T11:00:00,False
user_007376,org_01664,member,2025-10-25T06:00:00,False
user_007377,org_01664,viewer,2025-10-24T22:00:00,False
user_007378,org_01665,admin,2025-07-14T20:00:00,True
user_007379,org_01665,member,2025-07-15T06:00:00,False
user_007380,org_01665,viewer,2025-07-15T14:00:00,False
user_007381,org_01665,viewer,2025-07-14T08:00:00,False
user_007382,org_01666,admin,2025-06-29T07:00:00,True
user_007383,org_01666,member,2025-06-30T06:00:00,False
user_007384,org_01666,member,2025-06-30T19:00:00,False
user_007385,org_01666,member,2025-06-30T18:00:00,False
user_007386,org_01666,member,2025-06-29T00:00:00,False
user_007387,org_01667,admin,2025-04-03T13:00:00,True
user_007388,org_01667,viewer,2025-04-03T21:00:00,False
user_007389,org_01667,viewer,2025-04-02T08:00:00,False
user_007390,org_01668,admin,2025-01-04T12:00:00,True
user_007391,org_01668,viewer,2025-01-04T17:00:00,False
user_007392,org_01668,member,2025-01-04T13:00:00,False
user_007393,org_01668,member,2025-01-04T13:00:00,False
user_007394,org_01668,member,2025-01-04T01:00:00,False
user_007395,org_01668,member,2025-01-04T00:00:00,False
user_007396,org_01668,member,2025-01-03T01:00:00,False
user_007397,org_01668,member,2025-01-03T17:00:00,False
user_007398,org_01669,admin,2025-07-03T04:00:00,True
user_007399,org_01669,member,2025-07-03T16:00:00,False
user_007400,org_01669,viewer,2025-07-03T04:00:00,False
user_007401,org_01669,viewer,2025-07-03T15:00:00,False
user_007402,org_01669,viewer,2025-07-03T00:00:00,False
user_007403,org_01669,member,2025-07-02T17:00:00,False
user_007404,org_01669,member,2025-07-02T21:00:00,False
user_007405,org_01670,admin,2025-12-08T03:00:00,True
user_007406,org_01670,member,2025-12-08T16:00:00,False
user_007407,org_01671,admin,2025-11-02T13:00:00,True
user_007408,org_01671,member,2025-11-02T10:00:00,False
user_007409,org_01671,viewer,2025-11-01T01:00:00,False
user_007410,org_01671,member,2025-11-01T14:00:00,False
user_007411,org_01671,member,2025-11-02T13:00:00,False
user_007412,org_01671,member,2025-11-01T15:00:00,False
user_007413,org_01672,admin,2025-12-16T10:00:00,True
user_007414,org_01672,member,2025-12-17T06:00:00,False
user_007415,org_01673,admin,2025-07-25T08:00:00,True
user_007416,org_01673,member,2025-07-25T21:00:00,False
user_007417,org_01674,admin,2025-09-05T04:00:00,True
user_007418,org_01675,admin,2025-09-27T06:00:00,True
user_007419,org_01675,viewer,2025-09-26T18:00:00,False
user_007420,org_01675,member,2025-09-26T13:00:00,False
user_007421,org_01675,member,2025-09-26T16:00:00,False
user_007422,org_01675,member,2025-09-26T18:00:00,False
user_007423,org_01676,admin,2025-03-18T21:00:00,True
user_007424,org_01676,member,2025-03-17T19:00:00,False
user_007425,org_01676,member,2025-03-17T19:00:00,False
user_007426,org_01677,admin,2025-09-02T15:00:00,True
user_007427,org_01677,member,2025-09-02T18:00:00,False
user_007428,org_01677,member,2025-09-02T16:00:00,False
user_007429,org_01677,member,2025-09-02T08:00:00,False
user_007430,org_01677,member,2025-09-02T20:00:00,False
user_007431,org_01677,member,2025-09-02T23:00:00,False
user_007432,org_01677,viewer,2025-09-02T08:00:00,False
user_007433,org_01677,member,2025-09-02T03:00:00,False
user_007434,org_01678,admin,2025-10-27T19:00:00,True
user_007435,org_01678,viewer,2025-10-26T23:00:00,False
user_007436,org_01678,member,2025-10-27T05:00:00,False
user_007437,org_01678,member,2025-10-26T05:00:00,False
user_007438,org_01679,admin,2025-08-28T11:00:00,True
user_007439,org_01679,member,2025-08-28T23:00:00,False
user_007440,org_01679,member,2025-08-28T22:00:00,False
user_007441,org_01679,viewer,2025-08-28T11:00:00,False
user_007442,org_01680,admin,2025-12-02T01:00:00,True
user_007443,org_01680,member,2025-12-01T14:00:00,False
user_007444,org_01680,member,2025-12-01T10:00:00,False
user_007445,org_01680,member,2025-12-01T03:00:00,False
user_007446,org_01680,member,2025-12-01T14:00:00,False
user_007447,org_01681,admin,2025-05-07T10:00:00,True
user_007448,org_01681,member,2025-05-06T05:00:00,False
user_007449,org_01681,member,2025-05-07T14:00:00,False
user_007450,org_01681,member,2025-05-06T23:00:00,False
user_007451,org_01681,member,2025-05-06T07:00:00,False
user_007452,org_01681,member,2025-05-07T01:00:00,False
user_007453,org_01681,viewer,2025-05-06T06:00:00,False
user_007454,org_01681,member,2025-05-06T13:00:00,False
user_007455,org_01682,admin,2025-09-18T10:00:00,True
user_007456,org_01682,member,2025-09-19T19:00:00,False
user_007457,org_01682,member,2025-09-19T04:00:00,False
user_007458,org_01683,admin,2025-04-12T18:00:00,True
user_007459,org_01683,member,2025-04-11T23:00:00,False
user_007460,org_01683,viewer,2025-04-12T19:00:00,False
user_007461,org_01683,member,2025-04-12T22:00:00,False
user_007462,org_01683,member,2025-04-11T06:00:00,False
user_007463,org_01683,member,2025-04-11T09:00:00,False
user_007464,org_01684,admin,2025-01-08T10:00:00,True
user_007465,org_01684,member,2025-01-08T10:00:00,False
user_007466,org_01684,member,2025-01-07T21:00:00,False
user_007467,org_01684,member,2025-01-07T21:00:00,False
user_007468,org_01684,member,2025-01-08T22:00:00,False
user_007469,org_01684,member,2025-01-08T09:00:00,False
user_007470,org_01685,admin,2025-08-10T16:00:00,True
user_007471,org_01685,member,2025-08-10T06:00:00,False
user_007472,org_01685,member,2025-08-09T09:00:00,False
user_007473,org_01686,admin,2025-08-18T07:00:00,True
user_007474,org_01686,viewer,2025-08-18T07:00:00,False
user_007475,org_01686,member,2025-08-17T00:00:00,False
user_007476,org_01686,viewer,2025-08-18T21:00:00,False
user_007477,org_01686,member,2025-08-17T16:00:00,False
user_007478,org_01686,member,2025-08-18T19:00:00,False
user_007479,org_01686,member,2025-08-18T08:00:00,False
user_007480,org_01686,member,2025-08-17T19:00:00,False
user_007481,org_01687,admin,2025-04-24T05:00:00,True
user_007482,org_01687,member,2025-04-24T22:00:00,False
user_007483,org_01687,member,2025-04-24T05:00:00,False
user_007484,org_01688,admin,2025-07-05T12:00:00,True
user_007485,org_01688,member,2025-07-06T21:00:00,False
user_007486,org_01688,member,2025-07-05T18:00:00,False
user_007487,org_01688,member,2025-07-06T01:00:00,False
user_007488,org_01689,admin,2025-09-18T14:00:00,True
user_007489,org_01690,admin,2025-05-15T05:00:00,True
user_007490,org_01690,member,2025-05-16T19:00:00,False
user_007491,org_01690,member,2025-05-16T04:00:00,False
user_007492,org_01690,viewer,2025-05-15T00:00:00,False
user_007493,org_01691,admin,2025-12-15T04:00:00,True
user_007494,org_01691,member,2025-12-14T07:00:00,False
user_007495,org_01691,member,2025-12-15T23:00:00,False
user_007496,org_01691,member,2025-12-15T03:00:00,False
user_007497,org_01691,member,2025-12-15T04:00:00,False
user_007498,org_01692,admin,2025-08-07T21:00:00,True
user_007499,org_01692,member,2025-08-07T22:00:00,False
user_007500,org_01692,member,2025-08-08T04:00:00,False
user_007501,org_01692,member,2025-08-07T14:00:00,False
user_007502,org_01692,member,2025-08-08T07:00:00,False
user_007503,org_01692,member,2025-08-07T16:00:00,False
user_007504,org_01692,viewer,2025-08-08T21:00:00,False
user_007505,org_01692,member,2025-08-08T21:00:00,False
user_007506,org_01693,admin,2025-11-05T23:00:00,True
user_007507,org_01693,viewer,2025-11-04T06:00:00,False
user_007508,org_01693,member,2025-11-05T03:00:00,False
user_007509,org_01693,viewer,2025-11-04T03:00:00,False
user_007510,org_01693,viewer,2025-11-04T04:00:00,False
user_007511,org_01693,member,2025-11-05T19:00:00,False
user_007512,org_01693,member,2025-11-05T01:00:00,False
user_007513,org_01694,admin,2025-11-27T13:00:00,True
user_007514,org_01694,member,2025-11-26T04:00:00,False
user_007515,org_01694,viewer,2025-11-26T05:00:00,False
user_007516,org_01694,viewer,2025-11-27T22:00:00,False
user_007517,org_01694,member,2025-11-27T19:00:00,False
user_007518,org_01694,member,2025-11-26T03:00:00,False
user_007519,org_01694,member,2025-11-26T19:00:00,False
user_007520,org_01695,admin,2025-01-27T19:00:00,True
user_007521,org_01695,member,2025-01-27T12:00:00,False
user_007522,org_01696,admin,2025-02-11T20:00:00,True
user_007523,org_01696,member,2025-02-12T14:00:00,False
user_007524,org_01696,member,2025-02-12T23:00:00,False
user_007525,org_01696,viewer,2025-02-11T06:00:00,False
user_007526,org_01696,member,2025-02-12T13:00:00,False
user_007527,org_01696,member,2025-02-12T22:00:00,False
user_007528,org_01696,member,2025-02-11T00:00:00,False
user_007529,org_01696,viewer,2025-02-12T07:00:00,False
user_007530,org_01697,admin,2025-11-11T01:00:00,True
user_007531,org_01697,viewer,2025-11-10T08:00:00,False
user_007532,org_01698,admin,2025-08-22T09:00:00,True
user_007533,org_01698,member,2025-08-21T07:00:00,False
user_007534,org_01698,member,2025-08-22T12:00:00,False
user_007535,org_01698,member,2025-08-21T23:00:00,False
user_007536,org_01698,viewer,2025-08-22T20:00:00,False
user_007537,org_01699,admin,2025-12-26T13:00:00,True
user_007538,org_01699,member,2025-12-25T16:00:00,False
user_007539,org_01699,member,2025-12-26T18:00:00,False
user_007540,org_01699,member,2025-12-25T12:00:00,False
user_007541,org_01699,member,2025-12-26T16:00:00,False
user_007542,org_01699,member,2025-12-26T07:00:00,False
user_007543,org_01700,admin,2025-11-19T05:00:00,True
user_007544,org_01700,viewer,2025-11-18T00:00:00,False
user_007545,org_01700,member,2025-11-19T13:00:00,False
user_007546,org_01701,admin,2025-11-23T03:00:00,True
user_007547,org_01701,member,2025-11-23T00:00:00,False
user_007548,org_01701,member,2025-11-23T22:00:00,False
user_007549,org_01701,member,2025-11-22T03:00:00,False
user_007550,org_01701,member,2025-11-22T02:00:00,False
user_007551,org_01702,admin,2025-05-23T09:00:00,True
user_007552,org_01702,member,2025-05-22T21:00:00,False
user_007553,org_01702,viewer,2025-05-23T03:00:00,False
user_007554,org_01702,viewer,2025-05-23T22:00:00,False
user_007555,org_01702,member,2025-05-22T04:00:00,False
user_007556,org_01702,member,2025-05-23T14:00:00,False
user_007557,org_01702,member,2025-05-23T05:00:00,False
user_007558,org_01702,viewer,2025-05-22T16:00:00,False
user_007559,org_01703,admin,2025-03-17T16:00:00,True
user_007560,org_01703,member,2025-03-18T17:00:00,False
user_007561,org_01703,member,2025-03-18T20:00:00,False
user_007562,org_01703,member,2025-03-17T05:00:00,False
user_007563,org_01704,admin,2025-10-05T12:00:00,True
user_007564,org_01704,member,2025-10-05T08:00:00,False
user_007565,org_01704,viewer,2025-10-05T15:00:00,False
user_007566,org_01705,admin,2025-01-05T06:00:00,True
user_007567,org_01706,admin,2025-03-27T06:00:00,True
user_007568,org_01706,member,2025-03-26T21:00:00,False
user_007569,org_01707,admin,2025-10-15T11:00:00,True
user_007570,org_01707,member,2025-10-16T17:00:00,False
user_007571,org_01707,member,2025-10-15T06:00:00,False
user_007572,org_01707,member,2025-10-16T15:00:00,False
user_007573,org_01707,member,2025-10-15T07:00:00,False
user_007574,org_01707,member,2025-10-15T04:00:00,False
user_007575,org_01707,viewer,2025-10-16T01:00:00,False
user_007576,org_01707,viewer,2025-10-15T14:00:00,False
user_007577,org_01708,admin,2025-03-21T22:00:00,True
user_007578,org_01708,member,2025-03-22T22:00:00,False
user_007579,org_01708,viewer,2025-03-21T15:00:00,False
user_007580,org_01708,member,2025-03-21T14:00:00,False
user_007581,org_01708,member,2025-03-21T06:00:00,False
user_007582,org_01709,admin,2025-05-16T10:00:00,True
user_007583,org_01710,admin,2025-07-16T03:00:00,True
user_007584,org_01710,member,2025-07-16T02:00:00,False
user_007585,org_01710,member,2025-07-15T15:00:00,False
user_007586,org_01711,admin,2025-12-11T03:00:00,True
user_007587,org_01711,viewer,2025-12-10T11:00:00,False
user_007588,org_01711,member,2025-12-10T17:00:00,False
user_007589,org_01711,member,2025-12-10T03:00:00,False
user_007590,org_01711,viewer,2025-12-11T17:00:00,False
user_007591,org_01711,member,2025-12-10T19:00:00,False
user_007592,org_01712,admin,2025-12-29T18:00:00,True
user_007593,org_01712,viewer,2025-12-30T07:00:00,False
user_007594,org_01712,viewer,2025-12-29T06:00:00,False
user_007595,org_01712,member,2025-12-30T04:00:00,False
user_007596,org_01712,member,2025-12-30T19:00:00,False
user_007597,org_01712,viewer,2025-12-30T05:00:00,False
user_007598,org_01712,member,2025-12-29T22:00:00,False
user_007599,org_01713,admin,2025-02-23T17:00:00,True
user_007600,org_01713,viewer,2025-02-22T05:00:00,False
user_007601,org_01713,member,2025-02-23T05:00:00,False
user_007602,org_01713,member,2025-02-22T11:00:00,False
user_007603,org_01713,member,2025-02-23T01:00:00,False
user_007604,org_01713,viewer,2025-02-22T10:00:00,False
user_007605,org_01713,member,2025-02-23T04:00:00,False
user_007606,org_01713,member,2025-02-23T23:00:00,False
user_007607,org_01714,admin,2025-07-05T07:00:00,True
user_007608,org_01714,member,2025-07-05T22:00:00,False
user_007609,org_01714,viewer,2025-07-05T04:00:00,False
user_007610,org_01714,viewer,2025-07-06T12:00:00,False
user_007611,org_01714,viewer,2025-07-06T21:00:00,False
user_007612,org_01714,member,2025-07-06T07:00:00,False
user_007613,org_01714,member,2025-07-05T03:00:00,False
user_007614,org_01714,viewer,2025-07-06T03:00:00,False
user_007615,org_01715,admin,2025-12-27T14:00:00,True
user_007616,org_01715,viewer,2025-12-27T06:00:00,False
user_007617,org_01715,member,2025-12-27T14:00:00,False
user_007618,org_01715,member,2025-12-28T02:00:00,False
user_007619,org_01715,member,2025-12-28T23:00:00,False
user_007620,org_01715,member,2025-12-27T16:00:00,False
user_007621,org_01715,member,2025-12-28T06:00:00,False
user_007622,org_01715,member,2025-12-28T16:00:00,False
user_007623,org_01716,admin,2025-10-23T11:00:00,True
user_007624,org_01716,member,2025-10-24T17:00:00,False
user_007625,org_01716,member,2025-10-23T23:00:00,False
user_007626,org_01716,member,2025-10-24T21:00:00,False
user_007627,org_01716,member,2025-10-23T06:00:00,False
user_007628,org_01717,admin,2025-09-06T00:00:00,True
user_007629,org_01717,member,2025-09-06T02:00:00,False
user_007630,org_01718,admin,2025-02-04T07:00:00,True
user_007631,org_01718,member,2025-02-05T03:00:00,False
user_007632,org_01718,viewer,2025-02-04T15:00:00,False
user_007633,org_01719,admin,2025-04-12T04:00:00,True
user_007634,org_01720,admin,2025-12-10T03:00:00,True
user_007635,org_01720,member,2025-12-10T00:00:00,False
user_007636,org_01720,member,2025-12-10T06:00:00,False
user_007637,org_01720,member,2025-12-10T12:00:00,False
user_007638,org_01720,member,2025-12-10T18:00:00,False
user_007639,org_01721,admin,2025-11-19T22:00:00,True
user_007640,org_01721,member,2025-11-19T12:00:00,False
user_007641,org_01721,viewer,2025-11-19T00:00:00,False
user_007642,org_01721,member,2025-11-18T11:00:00,False
user_007643,org_01721,member,2025-11-18T13:00:00,False
user_007644,org_01722,admin,2025-03-05T22:00:00,True
user_007645,org_01722,member,2025-03-05T08:00:00,False
user_007646,org_01722,member,2025-03-05T07:00:00,False
user_007647,org_01722,member,2025-03-05T18:00:00,False
user_007648,org_01722,member,2025-03-05T01:00:00,False
user_007649,org_01722,member,2025-03-05T11:00:00,False
user_007650,org_01723,admin,2025-05-06T01:00:00,True
user_007651,org_01723,viewer,2025-05-07T11:00:00,False
user_007652,org_01723,member,2025-05-07T09:00:00,False
user_007653,org_01723,member,2025-05-07T22:00:00,False
user_007654,org_01723,member,2025-05-07T15:00:00,False
user_007655,org_01723,member,2025-05-07T11:00:00,False
user_007656,org_01723,member,2025-05-06T04:00:00,False
user_007657,org_01723,member,2025-05-07T11:00:00,False
user_007658,org_01724,admin,2025-12-03T15:00:00,True
user_007659,org_01724,viewer,2025-12-03T09:00:00,False
user_007660,org_01724,member,2025-12-03T20:00:00,False
user_007661,org_01724,viewer,2025-12-04T11:00:00,False
user_007662,org_01724,viewer,2025-12-04T18:00:00,False
user_007663,org_01724,member,2025-12-04T08:00:00,False
user_007664,org_01724,member,2025-12-03T16:00:00,False
user_007665,org_01725,admin,2025-10-04T14:00:00,True
user_007666,org_01725,member,2025-10-03T07:00:00,False
user_007667,org_01725,viewer,2025-10-04T17:00:00,False
user_007668,org_01725,member,2025-10-04T07:00:00,False
user_007669,org_01725,member,2025-10-04T01:00:00,False
user_007670,org_01725,member,2025-10-03T03:00:00,False
user_007671,org_01726,admin,2025-06-05T23:00:00,True
user_007672,org_01726,member,2025-06-05T02:00:00,False
user_007673,org_01726,member,2025-06-06T13:00:00,False
user_007674,org_01726,member,2025-06-06T21:00:00,False
user_007675,org_01726,member,2025-06-05T09:00:00,False
user_007676,org_01727,admin,2025-07-03T13:00:00,True
user_007677,org_01728,admin,2025-12-11T03:00:00,True
user_007678,org_01728,member,2025-12-12T01:00:00,False
user_007679,org_01728,member,2025-12-12T14:00:00,False
user_007680,org_01728,member,2025-12-11T09:00:00,False
user_007681,org_01728,viewer,2025-12-12T00:00:00,False
user_007682,org_01728,member,2025-12-12T00:00:00,False
user_007683,org_01728,member,2025-12-11T08:00:00,False
user_007684,org_01729,admin,2025-02-10T20:00:00,True
user_007685,org_01729,member,2025-02-10T18:00:00,False
user_007686,org_01730,admin,2025-07-12T17:00:00,True
user_007687,org_01730,member,2025-07-13T16:00:00,False
user_007688,org_01730,member,2025-07-13T07:00:00,False
user_007689,org_01730,member,2025-07-13T18:00:00,False
user_007690,org_01730,member,2025-07-12T16:00:00,False
user_007691,org_01730,viewer,2025-07-13T15:00:00,False
user_007692,org_01730,viewer,2025-07-13T11:00:00,False
user_007693,org_01731,admin,2025-12-02T02:00:00,True
user_007694,org_01731,member,2025-12-02T07:00:00,False
user_007695,org_01731,member,2025-12-02T15:00:00,False
user_007696,org_01731,member,2025-12-02T07:00:00,False
user_007697,org_01731,member,2025-12-02T07:00:00,False
user_007698,org_01732,admin,2025-04-24T03:00:00,True
user_007699,org_01732,member,2025-04-23T10:00:00,False
user_007700,org_01732,member,2025-04-23T19:00:00,False
user_007701,org_01732,member,2025-04-23T13:00:00,False
user_007702,org_01732,member,2025-04-24T15:00:00,False
user_007703,org_01732,member,2025-04-24T16:00:00,False
user_007704,org_01732,member,2025-04-23T12:00:00,False
user_007705,org_01732,viewer,2025-04-24T20:00:00,False
user_007706,org_01733,admin,2025-09-30T08:00:00,True
user_007707,org_01734,admin,2025-02-18T23:00:00,True
user_007708,org_01734,viewer,2025-02-19T01:00:00,False
user_007709,org_01734,viewer,2025-02-19T12:00:00,False
user_007710,org_01734,viewer,2025-02-18T14:00:00,False
user_007711,org_01734,member,2025-02-18T01:00:00,False
user_007712,org_01734,viewer,2025-02-19T17:00:00,False
user_007713,org_01734,member,2025-02-19T15:00:00,False
user_007714,org_01735,admin,2025-09-11T14:00:00,True
user_007715,org_01735,member,2025-09-12T10:00:00,False
user_007716,org_01736,admin,2025-04-03T04:00:00,True
user_007717,org_01736,member,2025-04-04T06:00:00,False
user_007718,org_01736,member,2025-04-04T13:00:00,False
user_007719,org_01736,member,2025-04-03T23:00:00,False
user_007720,org_01737,admin,2025-06-17T18:00:00,True
user_007721,org_01737,member,2025-06-17T11:00:00,False
user_007722,org_01737,member,2025-06-17T07:00:00,False
user_007723,org_01737,member,2025-06-16T16:00:00,False
user_007724,org_01738,admin,2025-12-06T02:00:00,True
user_007725,org_01739,admin,2025-10-15T23:00:00,True
user_007726,org_01739,member,2025-10-14T12:00:00,False
user_007727,org_01739,viewer,2025-10-15T06:00:00,False
user_007728,org_01739,member,2025-10-14T08:00:00,False
user_007729,org_01739,member,2025-10-14T02:00:00,False
user_007730,org_01740,admin,2025-11-29T16:00:00,True
user_007731,org_01740,member,2025-11-30T18:00:00,False
user_007732,org_01740,member,2025-11-29T00:00:00,False
user_007733,org_01740,viewer,2025-11-29T22:00:00,False
user_007734,org_01740,member,2025-11-29T07:00:00,False
user_007735,org_01740,member,2025-11-29T06:00:00,False
user_007736,org_01740,member,2025-11-29T13:00:00,False
user_007737,org_01740,member,2025-11-30T05:00:00,False
user_007738,org_01741,admin,2025-11-23T08:00:00,True
user_007739,org_01741,member,2025-11-23T17:00:00,False
user_007740,org_01741,member,2025-11-22T22:00:00,False
user_007741,org_01741,member,2025-11-22T13:00:00,False
user_007742,org_01742,admin,2025-04-17T03:00:00,True
user_007743,org_01742,member,2025-04-17T12:00:00,False
user_007744,org_01742,member,2025-04-18T22:00:00,False
user_007745,org_01742,viewer,2025-04-18T12:00:00,False
user_007746,org_01742,member,2025-04-17T03:00:00,False
user_007747,org_01743,admin,2025-03-05T09:00:00,True
user_007748,org_01743,member,2025-03-05T20:00:00,False
user_007749,org_01743,member,2025-03-05T19:00:00,False
user_007750,org_01743,member,2025-03-05T08:00:00,False
user_007751,org_01743,member,2025-03-05T13:00:00,False
user_007752,org_01743,member,2025-03-06T21:00:00,False
user_007753,org_01744,admin,2025-05-01T03:00:00,True
user_007754,org_01744,member,2025-05-01T21:00:00,False
user_007755,org_01744,member,2025-05-01T13:00:00,False
user_007756,org_01745,admin,2025-03-13T09:00:00,True
user_007757,org_01745,member,2025-03-14T09:00:00,False
user_007758,org_01745,member,2025-03-14T00:00:00,False
user_007759,org_01745,viewer,2025-03-14T16:00:00,False
user_007760,org_01745,member,2025-03-13T03:00:00,False
user_007761,org_01746,admin,2025-07-22T22:00:00,True
user_007762,org_01746,member,2025-07-23T15:00:00,False
user_007763,org_01746,member,2025-07-23T03:00:00,False
user_007764,org_01747,admin,2025-05-31T00:00:00,True
user_007765,org_01748,admin,2025-08-19T17:00:00,True
user_007766,org_01748,member,2025-08-20T06:00:00,False
user_007767,org_01748,member,2025-08-19T04:00:00,False
user_007768,org_01748,member,2025-08-19T09:00:00,False
user_007769,org_01748,viewer,2025-08-20T14:00:00,False
user_007770,org_01748,member,2025-08-19T12:00:00,False
user_007771,org_01748,member,2025-08-19T16:00:00,False
user_007772,org_01749,admin,2025-08-10T17:00:00,True
user_007773,org_01749,member,2025-08-10T15:00:00,False
user_007774,org_01749,member,2025-08-10T17:00:00,False
user_007775,org_01749,viewer,2025-08-09T21:00:00,False
user_007776,org_01749,viewer,2025-08-10T23:00:00,False
user_007777,org_01749,viewer,2025-08-10T01:00:00,False
user_007778,org_01749,member,2025-08-09T00:00:00,False
user_007779,org_01750,admin,2025-11-02T10:00:00,True
user_007780,org_01750,member,2025-11-01T08:00:00,False
user_007781,org_01750,member,2025-11-01T04:00:00,False
user_007782,org_01751,admin,2025-04-19T17:00:00,True
user_007783,org_01752,admin,2025-11-17T09:00:00,True
user_007784,org_01753,admin,2025-04-22T09:00:00,True
user_007785,org_01753,member,2025-04-22T02:00:00,False
user_007786,org_01753,viewer,2025-04-21T09:00:00,False
user_007787,org_01754,admin,2025-12-12T08:00:00,True
user_007788,org_01755,admin,2025-09-28T05:00:00,True
user_007789,org_01755,member,2025-09-27T19:00:00,False
user_007790,org_01756,admin,2025-06-22T06:00:00,True
user_007791,org_01756,member,2025-06-22T11:00:00,False
user_007792,org_01756,member,2025-06-23T19:00:00,False
user_007793,org_01757,admin,2025-08-27T16:00:00,True
user_007794,org_01758,admin,2025-09-25T07:00:00,True
user_007795,org_01758,member,2025-09-25T01:00:00,False
user_007796,org_01758,viewer,2025-09-24T14:00:00,False
user_007797,org_01759,admin,2025-01-01T17:00:00,True
user_007798,org_01760,admin,2025-10-11T00:00:00,True
user_007799,org_01760,member,2025-10-10T20:00:00,False
user_007800,org_01760,member,2025-10-10T17:00:00,False
user_007801,org_01760,member,2025-10-11T18:00:00,False
user_007802,org_01760,member,2025-10-10T07:00:00,False
user_007803,org_01760,member,2025-10-11T17:00:00,False
user_007804,org_01760,viewer,2025-10-11T23:00:00,False
user_007805,org_01760,viewer,2025-10-11T21:00:00,False
user_007806,org_01761,admin,2025-12-27T07:00:00,True
user_007807,org_01761,viewer,2025-12-27T06:00:00,False
user_007808,org_01761,member,2025-12-27T15:00:00,False
user_007809,org_01761,viewer,2025-12-28T02:00:00,False
user_007810,org_01761,member,2025-12-27T12:00:00,False
user_007811,org_01761,member,2025-12-27T12:00:00,False
user_007812,org_01761,viewer,2025-12-27T08:00:00,False
user_007813,org_01762,admin,2025-12-04T10:00:00,True
user_007814,org_01762,member,2025-12-03T19:00:00,False
user_007815,org_01763,admin,2025-11-07T17:00:00,True
user_007816,org_01763,member,2025-11-07T14:00:00,False
user_007817,org_01763,member,2025-11-06T20:00:00,False
user_007818,org_01763,member,2025-11-07T06:00:00,False
user_007819,org_01763,member,2025-11-07T07:00:00,False
user_007820,org_01763,member,2025-11-07T09:00:00,False
user_007821,org_01764,admin,2025-01-10T19:00:00,True
user_007822,org_01764,member,2025-01-10T07:00:00,False
user_007823,org_01764,member,2025-01-10T20:00:00,False
user_007824,org_01764,member,2025-01-09T01:00:00,False
user_007825,org_01764,member,2025-01-10T15:00:00,False
user_007826,org_01764,member,2025-01-10T08:00:00,False
user_007827,org_01764,member,2025-01-10T20:00:00,False
user_007828,org_01764,member,2025-01-09T05:00:00,False
user_007829,org_01765,admin,2025-05-28T15:00:00,True
user_007830,org_01766,admin,2025-05-22T22:00:00,True
user_007831,org_01766,member,2025-05-22T09:00:00,False
user_007832,org_01766,member,2025-05-21T17:00:00,False
user_007833,org_01766,member,2025-05-21T17:00:00,False
user_007834,org_01766,viewer,2025-05-22T22:00:00,False
user_007835,org_01766,viewer,2025-05-21T17:00:00,False
user_007836,org_01766,member,2025-05-21T14:00:00,False
user_007837,org_01767,admin,2025-03-07T05:00:00,True
user_007838,org_01767,viewer,2025-03-07T08:00:00,False
user_007839,org_01767,viewer,2025-03-07T05:00:00,False
user_007840,org_01767,viewer,2025-03-06T03:00:00,False
user_007841,org_01767,member,2025-03-07T15:00:00,False
user_007842,org_01767,member,2025-03-07T23:00:00,False
user_007843,org_01768,admin,2025-10-04T10:00:00,True
user_007844,org_01768,member,2025-10-03T16:00:00,False
user_007845,org_01768,viewer,2025-10-03T18:00:00,False
user_007846,org_01768,viewer,2025-10-04T15:00:00,False
user_007847,org_01768,member,2025-10-03T03:00:00,False
user_007848,org_01768,member,2025-10-03T16:00:00,False
user_007849,org_01768,member,2025-10-03T15:00:00,False
user_007850,org_01769,admin,2025-03-24T17:00:00,True
user_007851,org_01770,admin,2025-04-25T05:00:00,True
user_007852,org_01770,viewer,2025-04-26T11:00:00,False
user_007853,org_01770,member,2025-04-25T15:00:00,False
user_007854,org_01770,member,2025-04-25T10:00:00,False
user_007855,org_01770,member,2025-04-25T05:00:00,False
user_007856,org_01770,member,2025-04-25T21:00:00,False
user_007857,org_01770,member,2025-04-26T05:00:00,False
user_007858,org_01770,member,2025-04-25T13:00:00,False
user_007859,org_01771,admin,2025-04-24T17:00:00,True
user_007860,org_01771,member,2025-04-25T10:00:00,False
user_007861,org_01771,member,2025-04-24T12:00:00,False
user_007862,org_01772,admin,2025-08-26T21:00:00,True
user_007863,org_01772,member,2025-08-27T03:00:00,False
user_007864,org_01772,member,2025-08-26T22:00:00,False
user_007865,org_01772,member,2025-08-26T19:00:00,False
user_007866,org_01772,member,2025-08-26T00:00:00,False
user_007867,org_01772,member,2025-08-27T20:00:00,False
user_007868,org_01773,admin,2025-12-23T13:00:00,True
user_007869,org_01773,viewer,2025-12-23T16:00:00,False
user_007870,org_01773,viewer,2025-12-22T20:00:00,False
user_007871,org_01773,viewer,2025-12-23T16:00:00,False
user_007872,org_01773,viewer,2025-12-22T21:00:00,False
user_007873,org_01774,admin,2025-04-18T18:00:00,True
user_007874,org_01774,member,2025-04-19T14:00:00,False
user_007875,org_01775,admin,2025-05-17T08:00:00,True
user_007876,org_01775,member,2025-05-16T10:00:00,False
user_007877,org_01775,member,2025-05-16T11:00:00,False
user_007878,org_01775,member,2025-05-17T05:00:00,False
user_007879,org_01775,member,2025-05-17T13:00:00,False
user_007880,org_01776,admin,2025-10-26T00:00:00,True
user_007881,org_01777,admin,2025-01-30T14:00:00,True
user_007882,org_01777,member,2025-01-30T11:00:00,False
user_007883,org_01777,member,2025-01-30T05:00:00,False
user_007884,org_01777,viewer,2025-01-30T13:00:00,False
user_007885,org_01777,member,2025-01-31T08:00:00,False
user_007886,org_01777,member,2025-01-31T16:00:00,False
user_007887,org_01777,member,2025-01-30T12:00:00,False
user_007888,org_01777,member,2025-01-30T21:00:00,False
user_007889,org_01778,admin,2025-01-31T04:00:00,True
user_007890,org_01779,admin,2025-02-02T07:00:00,True
user_007891,org_01779,viewer,2025-02-01T00:00:00,False
user_007892,org_01779,member,2025-02-02T08:00:00,False
user_007893,org_01779,viewer,2025-02-02T19:00:00,False
user_007894,org_01779,member,2025-02-02T06:00:00,False
user_007895,org_01779,viewer,2025-02-02T16:00:00,False
user_007896,org_01779,viewer,2025-02-01T02:00:00,False
user_007897,org_01779,viewer,2025-02-02T02:00:00,False
user_007898,org_01780,admin,2025-04-20T22:00:00,True
user_007899,org_01780,member,2025-04-19T01:00:00,False
user_007900,org_01780,viewer,2025-04-20T21:00:00,False
user_007901,org_01780,member,2025-04-20T23:00:00,False
user_007902,org_01780,member,2025-04-20T20:00:00,False
user_007903,org_01780,viewer,2025-04-20T13:00:00,False
user_007904,org_01781,admin,2025-07-06T02:00:00,True
user_007905,org_01781,member,2025-07-07T18:00:00,False
user_007906,org_01782,admin,2025-09-27T16:00:00,True
user_007907,org_01782,member,2025-09-26T01:00:00,False
user_007908,org_01782,member,2025-09-26T01:00:00,False
user_007909,org_01783,admin,2025-07-27T15:00:00,True
user_007910,org_01784,admin,2025-10-25T04:00:00,True
user_007911,org_01785,admin,2025-06-11T00:00:00,True
user_007912,org_01785,viewer,2025-06-10T09:00:00,False
user_007913,org_01785,viewer,2025-06-11T18:00:00,False
user_007914,org_01785,viewer,2025-06-11T15:00:00,False
user_007915,org_01785,viewer,2025-06-11T20:00:00,False
user_007916,org_01785,member,2025-06-10T20:00:00,False
user_007917,org_01786,admin,2025-04-14T08:00:00,True
user_007918,org_01786,member,2025-04-14T02:00:00,False
user_007919,org_01786,viewer,2025-04-15T07:00:00,False
user_007920,org_01786,member,2025-04-14T00:00:00,False
user_007921,org_01786,viewer,2025-04-15T06:00:00,False
user_007922,org_01786,viewer,2025-04-14T19:00:00,False
user_007923,org_01786,member,2025-04-14T14:00:00,False
user_007924,org_01786,member,2025-04-15T08:00:00,False
user_007925,org_01787,admin,2025-01-13T21:00:00,True
user_007926,org_01787,member,2025-01-13T19:00:00,False
user_007927,org_01787,viewer,2025-01-12T04:00:00,False
user_007928,org_01787,member,2025-01-13T16:00:00,False
user_007929,org_01788,admin,2025-06-16T16:00:00,True
user_007930,org_01788,member,2025-06-16T12:00:00,False
user_007931,org_01788,member,2025-06-16T08:00:00,False
user_007932,org_01789,admin,2025-12-16T12:00:00,True
user_007933,org_01789,viewer,2025-12-16T23:00:00,False
user_007934,org_01789,member,2025-12-15T03:00:00,False
user_007935,org_01789,member,2025-12-16T11:00:00,False
user_007936,org_01789,member,2025-12-15T22:00:00,False
user_007937,org_01789,member,2025-12-15T09:00:00,False
user_007938,org_01789,member,2025-12-15T11:00:00,False
user_007939,org_01790,admin,2025-12-09T02:00:00,True
user_007940,org_01790,member,2025-12-09T09:00:00,False
user_007941,org_01790,member,2025-12-09T20:00:00,False
user_007942,org_01790,member,2025-12-09T17:00:00,False
user_007943,org_01790,member,2025-12-09T08:00:00,False
user_007944,org_01790,member,2025-12-08T21:00:00,False
user_007945,org_01791,admin,2025-11-25T09:00:00,True
user_007946,org_01791,viewer,2025-11-25T21:00:00,False
user_007947,org_01791,member,2025-11-25T21:00:00,False
user_007948,org_01791,member,2025-11-25T17:00:00,False
user_007949,org_01791,member,2025-11-26T14:00:00,False
user_007950,org_01791,viewer,2025-11-25T02:00:00,False
user_007951,org_01791,member,2025-11-25T23:00:00,False
user_007952,org_01791,member,2025-11-25T01:00:00,False
user_007953,org_01792,admin,2025-05-08T18:00:00,True
user_007954,org_01792,member,2025-05-08T08:00:00,False
user_007955,org_01792,viewer,2025-05-07T00:00:00,False
user_007956,org_01792,member,2025-05-07T09:00:00,False
user_007957,org_01792,viewer,2025-05-08T07:00:00,False
user_007958,org_01793,admin,2025-11-08T14:00:00,True
user_007959,org_01793,viewer,2025-11-07T06:00:00,False
user_007960,org_01794,admin,2025-09-17T14:00:00,True
user_007961,org_01794,member,2025-09-17T03:00:00,False
user_007962,org_01794,member,2025-09-18T06:00:00,False
user_007963,org_01794,member,2025-09-17T02:00:00,False
user_007964,org_01794,member,2025-09-17T16:00:00,False
user_007965,org_01794,member,2025-09-18T07:00:00,False
user_007966,org_01794,member,2025-09-17T15:00:00,False
user_007967,org_01794,member,2025-09-18T08:00:00,False
user_007968,org_01795,admin,2025-05-15T10:00:00,True
user_007969,org_01796,admin,2025-07-14T17:00:00,True
user_007970,org_01796,member,2025-07-14T18:00:00,False
user_007971,org_01796,member,2025-07-14T04:00:00,False
user_007972,org_01796,viewer,2025-07-15T21:00:00,False
user_007973,org_01796,viewer,2025-07-14T02:00:00,False
user_007974,org_01796,member,2025-07-15T02:00:00,False
user_007975,org_01796,member,2025-07-15T03:00:00,False
user_007976,org_01797,admin,2025-02-04T20:00:00,True
user_007977,org_01797,member,2025-02-04T14:00:00,False
user_007978,org_01797,viewer,2025-02-04T03:00:00,False
user_007979,org_01798,admin,2025-08-19T12:00:00,True
user_007980,org_01799,admin,2025-12-30T17:00:00,True
user_007981,org_01799,member,2025-12-30T16:00:00,False
user_007982,org_01799,member,2025-12-30T12:00:00,False
user_007983,org_01799,member,2025-12-30T17:00:00,False
user_007984,org_01799,viewer,2025-12-30T01:00:00,False
user_007985,org_01799,member,2025-12-30T19:00:00,False
user_007986,org_01800,admin,2025-12-17T08:00:00,True
user_007987,org_01800,member,2025-12-17T23:00:00,False
user_007988,org_01800,member,2025-12-18T02:00:00,False
user_007989,org_01800,viewer,2025-12-17T02:00:00,False
user_007990,org_01800,viewer,2025-12-18T01:00:00,False
user_007991,org_01800,viewer,2025-12-18T22:00:00,False
user_007992,org_01800,member,2025-12-17T01:00:00,False
user_007993,org_01800,member,2025-12-18T00:00:00,False
user_007994,org_01801,admin,2025-06-14T14:00:00,True
user_007995,org_01801,member,2025-06-14T23:00:00,False
user_007996,org_01801,member,2025-06-15T12:00:00,False
user_007997,org_01801,member,2025-06-14T12:00:00,False
user_007998,org_01801,member,2025-06-15T00:00:00,False
user_007999,org_01801,member,2025-06-15T20:00:00,False
user_008000,org_01802,admin,2025-11-23T03:00:00,True
user_008001,org_01802,member,2025-11-24T02:00:00,False
user_008002,org_01802,member,2025-11-24T15:00:00,False
user_008003,org_01802,member,2025-11-23T08:00:00,False
user_008004,org_01802,member,2025-11-24T10:00:00,False
user_008005,org_01803,admin,2025-06-23T12:00:00,True
user_008006,org_01803,member,2025-06-22T07:00:00,False
user_008007,org_01803,member,2025-06-23T18:00:00,False
user_008008,org_01804,admin,2025-06-01T16:00:00,True
user_008009,org_01804,member,2025-06-01T17:00:00,False
user_008010,org_01804,viewer,2025-05-31T08:00:00,False
user_008011,org_01804,member,2025-05-31T20:00:00,False
user_008012,org_01804,member,2025-06-01T08:00:00,False
user_008013,org_01804,viewer,2025-06-01T12:00:00,False
user_008014,org_01804,member,2025-05-31T07:00:00,False
user_008015,org_01805,admin,2025-05-15T18:00:00,True
user_008016,org_01805,member,2025-05-15T01:00:00,False
user_008017,org_01805,member,2025-05-14T15:00:00,False
user_008018,org_01806,admin,2025-08-09T03:00:00,True
user_008019,org_01806,member,2025-08-09T09:00:00,False
user_008020,org_01806,member,2025-08-09T03:00:00,False
user_008021,org_01807,admin,2025-11-03T22:00:00,True
user_008022,org_01807,viewer,2025-11-04T21:00:00,False
user_008023,org_01808,admin,2025-05-05T16:00:00,True
user_008024,org_01808,member,2025-05-05T15:00:00,False
user_008025,org_01809,admin,2025-04-16T06:00:00,True
user_008026,org_01809,member,2025-04-16T00:00:00,False
user_008027,org_01809,viewer,2025-04-16T04:00:00,False
user_008028,org_01809,viewer,2025-04-16T09:00:00,False
user_008029,org_01809,member,2025-04-15T13:00:00,False
user_008030,org_01809,viewer,2025-04-16T07:00:00,False
user_008031,org_01809,member,2025-04-16T17:00:00,False
user_008032,org_01810,admin,2025-04-07T23:00:00,True
user_008033,org_01810,member,2025-04-08T20:00:00,False
user_008034,org_01810,member,2025-04-07T00:00:00,False
user_008035,org_01810,member,2025-04-08T19:00:00,False
user_008036,org_01810,member,2025-04-08T00:00:00,False
user_008037,org_01811,admin,2025-08-30T01:00:00,True
user_008038,org_01811,member,2025-08-30T08:00:00,False
user_008039,org_01811,member,2025-08-29T08:00:00,False
user_008040,org_01811,member,2025-08-29T15:00:00,False
user_008041,org_01811,member,2025-08-29T03:00:00,False
user_008042,org_01812,admin,2025-10-24T10:00:00,True
user_008043,org_01812,viewer,2025-10-24T21:00:00,False
user_008044,org_01813,admin,2025-12-16T18:00:00,True
user_008045,org_01813,member,2025-12-17T18:00:00,False
user_008046,org_01813,member,2025-12-16T23:00:00,False
user_008047,org_01813,member,2025-12-17T09:00:00,False
user_008048,org_01813,viewer,2025-12-17T22:00:00,False
user_008049,org_01813,member,2025-12-16T23:00:00,False
user_008050,org_01813,member,2025-12-16T00:00:00,False
user_008051,org_01813,member,2025-12-17T03:00:00,False
user_008052,org_01814,admin,2025-04-07T19:00:00,True
user_008053,org_01814,member,2025-04-07T05:00:00,False
user_008054,org_01815,admin,2025-04-06T00:00:00,True
user_008055,org_01815,member,2025-04-05T02:00:00,False
user_008056,org_01815,viewer,2025-04-06T15:00:00,False
user_008057,org_01815,viewer,2025-04-05T20:00:00,False
user_008058,org_01815,member,2025-04-06T04:00:00,False
user_008059,org_01815,member,2025-04-06T17:00:00,False
user_008060,org_01815,viewer,2025-04-05T02:00:00,False
user_008061,org_01816,admin,2025-11-27T06:00:00,True
user_008062,org_01816,member,2025-11-26T12:00:00,False
user_008063,org_01817,admin,2025-01-28T22:00:00,True
user_008064,org_01817,member,2025-01-28T15:00:00,False
user_008065,org_01817,viewer,2025-01-29T10:00:00,False
user_008066,org_01817,viewer,2025-01-28T05:00:00,False
user_008067,org_01817,member,2025-01-29T19:00:00,False
user_008068,org_01817,member,2025-01-28T13:00:00,False
user_008069,org_01817,member,2025-01-28T11:00:00,False
user_008070,org_01818,admin,2025-03-15T18:00:00,True
user_008071,org_01818,viewer,2025-03-15T18:00:00,False
user_008072,org_01818,member,2025-03-15T19:00:00,False
user_008073,org_01818,viewer,2025-03-15T06:00:00,False
user_008074,org_01819,admin,2025-01-23T09:00:00,True
user_008075,org_01819,member,2025-01-22T18:00:00,False
user_008076,org_01819,member,2025-01-23T05:00:00,False
user_008077,org_01820,admin,2025-02-24T11:00:00,True
user_008078,org_01821,admin,2025-11-01T07:00:00,True
user_008079,org_01821,member,2025-10-31T01:00:00,False
user_008080,org_01821,member,2025-11-01T05:00:00,False
user_008081,org_01821,member,2025-10-31T23:00:00,False
user_008082,org_01821,member,2025-11-01T21:00:00,False
user_008083,org_01821,viewer,2025-10-31T12:00:00,False
user_008084,org_01821,member,2025-10-31T12:00:00,False
user_008085,org_01821,member,2025-10-31T00:00:00,False
user_008086,org_01822,admin,2025-03-04T21:00:00,True
user_008087,org_01823,admin,2025-12-08T04:00:00,True
user_008088,org_01823,member,2025-12-08T08:00:00,False
user_008089,org_01824,admin,2025-09-05T08:00:00,True
user_008090,org_01824,member,2025-09-05T01:00:00,False
user_008091,org_01824,member,2025-09-06T09:00:00,False
user_008092,org_01824,member,2025-09-05T07:00:00,False
user_008093,org_01825,admin,2025-01-20T22:00:00,True
user_008094,org_01825,member,2025-01-20T06:00:00,False
user_008095,org_01825,viewer,2025-01-21T23:00:00,False
user_008096,org_01825,viewer,2025-01-20T06:00:00,False
user_008097,org_01825,member,2025-01-21T19:00:00,False
user_008098,org_01826,admin,2025-05-27T17:00:00,True
user_008099,org_01826,viewer,2025-05-27T16:00:00,False
user_008100,org_01826,member,2025-05-28T14:00:00,False
user_008101,org_01826,viewer,2025-05-27T17:00:00,False
user_008102,org_01826,member,2025-05-27T13:00:00,False
user_008103,org_01826,member,2025-05-27T16:00:00,False
user_008104,org_01826,member,2025-05-27T19:00:00,False
user_008105,org_01827,admin,2025-01-07T03:00:00,True
user_008106,org_01827,viewer,2025-01-08T22:00:00,False
user_008107,org_01827,member,2025-01-07T22:00:00,False
user_008108,org_01827,member,2025-01-07T03:00:00,False
user_008109,org_01827,member,2025-01-07T03:00:00,False
user_008110,org_01827,member,2025-01-08T23:00:00,False
user_008111,org_01828,admin,2025-06-15T19:00:00,True
user_008112,org_01829,admin,2025-05-19T05:00:00,True
user_008113,org_01829,viewer,2025-05-19T09:00:00,False
user_008114,org_01829,member,2025-05-18T16:00:00,False
user_008115,org_01829,viewer,2025-05-19T09:00:00,False
user_008116,org_01829,viewer,2025-05-18T14:00:00,False
user_008117,org_01829,member,2025-05-19T07:00:00,False
user_008118,org_01829,viewer,2025-05-19T21:00:00,False
user_008119,org_01830,admin,2025-09-17T06:00:00,True
user_008120,org_01830,member,2025-09-17T00:00:00,False
user_008121,org_01830,member,2025-09-17T02:00:00,False
user_008122,org_01830,member,2025-09-17T14:00:00,False
user_008123,org_01830,viewer,2025-09-17T01:00:00,False
user_008124,org_01831,admin,2025-03-10T16:00:00,True
user_008125,org_01831,member,2025-03-09T21:00:00,False
user_008126,org_01832,admin,2025-07-22T02:00:00,True
user_008127,org_01832,viewer,2025-07-22T16:00:00,False
user_008128,org_01832,viewer,2025-07-23T17:00:00,False
user_008129,org_01833,admin,2025-03-01T14:00:00,True
user_008130,org_01833,member,2025-03-01T17:00:00,False
user_008131,org_01833,member,2025-03-01T00:00:00,False
user_008132,org_01833,member,2025-03-02T01:00:00,False
user_008133,org_01834,admin,2025-07-12T00:00:00,True
user_008134,org_01834,member,2025-07-13T13:00:00,False
user_008135,org_01834,member,2025-07-12T04:00:00,False
user_008136,org_01834,member,2025-07-12T01:00:00,False
user_008137,org_01834,viewer,2025-07-12T08:00:00,False
user_008138,org_01834,member,2025-07-13T03:00:00,False
user_008139,org_01834,member,2025-07-13T21:00:00,False
user_008140,org_01835,admin,2025-08-15T14:00:00,True
user_008141,org_01835,member,2025-08-15T07:00:00,False
user_008142,org_01836,admin,2025-05-20T20:00:00,True
user_008143,org_01837,admin,2025-08-19T11:00:00,True
user_008144,org_01837,viewer,2025-08-19T08:00:00,False
user_008145,org_01837,member,2025-08-19T18:00:00,False
user_008146,org_01837,member,2025-08-18T09:00:00,False
user_008147,org_01837,member,2025-08-19T05:00:00,False
user_008148,org_01837,viewer,2025-08-18T18:00:00,False
user_008149,org_01838,admin,2025-03-16T10:00:00,True
user_008150,org_01839,admin,2025-12-02T23:00:00,True
user_008151,org_01839,viewer,2025-12-02T03:00:00,False
user_008152,org_01840,admin,2025-03-31T22:00:00,True
user_008153,org_01841,admin,2025-01-21T20:00:00,True
user_008154,org_01842,admin,2025-12-06T02:00:00,True
user_008155,org_01842,member,2025-12-05T03:00:00,False
user_008156,org_01842,member,2025-12-06T21:00:00,False
user_008157,org_01843,admin,2025-12-04T21:00:00,True
user_008158,org_01843,member,2025-12-04T12:00:00,False
user_008159,org_01844,admin,2025-06-19T07:00:00,True
user_008160,org_01844,member,2025-06-18T04:00:00,False
user_008161,org_01844,member,2025-06-19T11:00:00,False
user_008162,org_01844,member,2025-06-19T10:00:00,False
user_008163,org_01844,member,2025-06-18T10:00:00,False
user_008164,org_01844,member,2025-06-19T23:00:00,False
user_008165,org_01845,admin,2025-02-28T22:00:00,True
user_008166,org_01845,member,2025-02-28T22:00:00,False
user_008167,org_01845,viewer,2025-02-27T15:00:00,False
user_008168,org_01846,admin,2025-06-22T22:00:00,True
user_008169,org_01846,member,2025-06-21T23:00:00,False
user_008170,org_01847,admin,2025-07-13T23:00:00,True
user_008171,org_01847,member,2025-07-14T04:00:00,False
user_008172,org_01847,viewer,2025-07-13T00:00:00,False
user_008173,org_01847,member,2025-07-13T10:00:00,False
user_008174,org_01847,member,2025-07-14T21:00:00,False
user_008175,org_01847,member,2025-07-14T08:00:00,False
user_008176,org_01847,member,2025-07-14T19:00:00,False
user_008177,org_01847,member,2025-07-14T20:00:00,False
user_008178,org_01848,admin,2025-10-28T04:00:00,True
user_008179,org_01849,admin,2025-06-07T23:00:00,True
user_008180,org_01849,member,2025-06-07T18:00:00,False
user_008181,org_01849,member,2025-06-06T08:00:00,False
user_008182,org_01849,member,2025-06-06T09:00:00,False
user_008183,org_01850,admin,2025-01-12T14:00:00,True
user_008184,org_01850,member,2025-01-12T13:00:00,False
user_008185,org_01850,viewer,2025-01-12T08:00:00,False
user_008186,org_01850,viewer,2025-01-13T07:00:00,False
user_008187,org_01850,viewer,2025-01-13T09:00:00,False
user_008188,org_01850,member,2025-01-13T06:00:00,False
user_008189,org_01850,member,2025-01-12T06:00:00,False
user_008190,org_01850,member,2025-01-13T10:00:00,False
user_008191,org_01851,admin,2025-06-23T21:00:00,True
user_008192,org_01852,admin,2025-06-11T06:00:00,True
user_008193,org_01853,admin,2025-03-14T03:00:00,True
user_008194,org_01853,member,2025-03-13T08:00:00,False
user_008195,org_01853,viewer,2025-03-14T13:00:00,False
user_008196,org_01853,viewer,2025-03-13T17:00:00,False
user_008197,org_01853,viewer,2025-03-13T23:00:00,False
user_008198,org_01854,admin,2025-10-18T13:00:00,True
user_008199,org_01854,member,2025-10-17T08:00:00,False
user_008200,org_01854,member,2025-10-18T04:00:00,False
user_008201,org_01854,member,2025-10-18T05:00:00,False
user_008202,org_01854,member,2025-10-17T23:00:00,False
user_008203,org_01854,member,2025-10-18T05:00:00,False
user_008204,org_01855,admin,2025-09-30T02:00:00,True
user_008205,org_01855,member,2025-09-30T23:00:00,False
user_008206,org_01856,admin,2025-04-17T05:00:00,True
user_008207,org_01856,member,2025-04-16T23:00:00,False
user_008208,org_01856,member,2025-04-16T21:00:00,False
user_008209,org_01856,member,2025-04-17T18:00:00,False
user_008210,org_01856,viewer,2025-04-16T04:00:00,False
user_008211,org_01857,admin,2025-12-23T23:00:00,True
user_008212,org_01857,member,2025-12-23T06:00:00,False
user_008213,org_01857,viewer,2025-12-24T12:00:00,False
user_008214,org_01857,member,2025-12-24T03:00:00,False
user_008215,org_01857,viewer,2025-12-24T14:00:00,False
user_008216,org_01857,member,2025-12-24T03:00:00,False
user_008217,org_01858,admin,2025-05-26T10:00:00,True
user_008218,org_01858,viewer,2025-05-25T14:00:00,False
user_008219,org_01858,viewer,2025-05-26T12:00:00,False
user_008220,org_01858,viewer,2025-05-26T13:00:00,False
user_008221,org_01858,member,2025-05-26T00:00:00,False
user_008222,org_01858,member,2025-05-26T23:00:00,False
user_008223,org_01858,viewer,2025-05-26T01:00:00,False
user_008224,org_01858,member,2025-05-26T05:00:00,False
user_008225,org_01859,admin,2025-09-28T11:00:00,True
user_008226,org_01859,member,2025-09-27T02:00:00,False
user_008227,org_01859,member,2025-09-28T00:00:00,False
user_008228,org_01859,viewer,2025-09-27T06:00:00,False
user_008229,org_01859,viewer,2025-09-27T13:00:00,False
user_008230,org_01860,admin,2025-03-31T14:00:00,True
user_008231,org_01860,member,2025-04-01T15:00:00,False
user_008232,org_01860,member,2025-04-01T11:00:00,False
user_008233,org_01860,member,2025-03-31T13:00:00,False
user_008234,org_01860,member,2025-03-31T16:00:00,False
user_008235,org_01860,member,2025-03-31T04:00:00,False
user_008236,org_01861,admin,2025-09-14T19:00:00,True
user_008237,org_01861,member,2025-09-13T01:00:00,False
user_008238,org_01861,member,2025-09-13T02:00:00,False
user_008239,org_01862,admin,2025-01-27T16:00:00,True
user_008240,org_01862,member,2025-01-27T12:00:00,False
user_008241,org_01862,member,2025-01-27T16:00:00,False
user_008242,org_01863,admin,2025-03-13T15:00:00,True
user_008243,org_01863,member,2025-03-14T03:00:00,False
user_008244,org_01863,member,2025-03-14T03:00:00,False
user_008245,org_01863,member,2025-03-14T03:00:00,False
user_008246,org_01863,member,2025-03-14T04:00:00,False
user_008247,org_01864,admin,2025-08-09T13:00:00,True
user_008248,org_01865,admin,2025-06-08T10:00:00,True
user_008249,org_01865,viewer,2025-06-08T05:00:00,False
user_008250,org_01865,member,2025-06-07T10:00:00,False
user_008251,org_01865,member,2025-06-08T14:00:00,False
user_008252,org_01865,member,2025-06-08T12:00:00,False
user_008253,org_01866,admin,2025-04-03T11:00:00,True
user_008254,org_01866,member,2025-04-03T00:00:00,False
user_008255,org_01866,member,2025-04-02T02:00:00,False
user_008256,org_01866,member,2025-04-02T23:00:00,False
user_008257,org_01866,member,2025-04-02T05:00:00,False
user_008258,org_01866,member,2025-04-02T11:00:00,False
user_008259,org_01867,admin,2025-09-25T23:00:00,True
user_008260,org_01868,admin,2025-07-25T08:00:00,True
user_008261,org_01868,viewer,2025-07-26T00:00:00,False
user_008262,org_01868,viewer,2025-07-25T05:00:00,False
user_008263,org_01868,member,2025-07-25T11:00:00,False
user_008264,org_01868,member,2025-07-25T12:00:00,False
user_008265,org_01869,admin,2025-05-18T23:00:00,True
user_008266,org_01869,member,2025-05-17T09:00:00,False
user_008267,org_01869,viewer,2025-05-17T06:00:00,False
user_008268,org_01870,admin,2025-08-26T22:00:00,True
user_008269,org_01870,member,2025-08-26T12:00:00,False
user_008270,org_01870,member,2025-08-25T15:00:00,False
user_008271,org_01870,viewer,2025-08-25T01:00:00,False
user_008272,org_01870,member,2025-08-25T08:00:00,False
user_008273,org_01870,member,2025-08-26T20:00:00,False
user_008274,org_01870,member,2025-08-25T20:00:00,False
user_008275,org_01870,member,2025-08-25T05:00:00,False
user_008276,org_01871,admin,2025-08-29T23:00:00,True
user_008277,org_01871,member,2025-08-30T17:00:00,False
user_008278,org_01871,member,2025-08-30T11:00:00,False
user_008279,org_01871,viewer,2025-08-29T12:00:00,False
user_008280,org_01871,member,2025-08-29T16:00:00,False
user_008281,org_01871,member,2025-08-29T10:00:00,False
user_008282,org_01871,member,2025-08-29T01:00:00,False
user_008283,org_01871,member,2025-08-29T16:00:00,False
user_008284,org_01872,admin,2025-01-22T07:00:00,True
user_008285,org_01872,member,2025-01-22T15:00:00,False
user_008286,org_01872,viewer,2025-01-22T11:00:00,False
user_008287,org_01872,viewer,2025-01-21T11:00:00,False
user_008288,org_01872,member,2025-01-21T16:00:00,False
user_008289,org_01872,member,2025-01-22T20:00:00,False
user_008290,org_01872,member,2025-01-21T18:00:00,False
user_008291,org_01872,member,2025-01-21T12:00:00,False
user_008292,org_01873,admin,2025-05-28T01:00:00,True
user_008293,org_01873,member,2025-05-27T19:00:00,False
user_008294,org_01874,admin,2025-02-11T01:00:00,True
user_008295,org_01874,viewer,2025-02-10T05:00:00,False
user_008296,org_01875,admin,2025-07-08T03:00:00,True
user_008297,org_01875,member,2025-07-08T16:00:00,False
user_008298,org_01875,member,2025-07-08T15:00:00,False
user_008299,org_01875,viewer,2025-07-07T06:00:00,False
user_008300,org_01875,member,2025-07-07T12:00:00,False
user_008301,org_01875,viewer,2025-07-08T11:00:00,False
user_008302,org_01875,member,2025-07-08T06:00:00,False
user_008303,org_01876,admin,2025-11-14T14:00:00,True
user_008304,org_01877,admin,2025-01-13T16:00:00,True
user_008305,org_01877,viewer,2025-01-12T07:00:00,False
user_008306,org_01877,member,2025-01-13T14:00:00,False
user_008307,org_01878,admin,2025-09-29T08:00:00,True
user_008308,org_01878,member,2025-09-30T06:00:00,False
user_008309,org_01878,member,2025-09-29T12:00:00,False
user_008310,org_01878,member,2025-09-29T09:00:00,False
user_008311,org_01878,member,2025-09-30T04:00:00,False
user_008312,org_01878,member,2025-09-30T03:00:00,False
user_008313,org_01879,admin,2025-03-08T00:00:00,True
user_008314,org_01879,member,2025-03-09T02:00:00,False
user_008315,org_01880,admin,2025-02-19T03:00:00,True
user_008316,org_01880,member,2025-02-20T09:00:00,False
user_008317,org_01880,viewer,2025-02-19T09:00:00,False
user_008318,org_01880,member,2025-02-19T20:00:00,False
user_008319,org_01880,viewer,2025-02-19T07:00:00,False
user_008320,org_01881,admin,2025-11-14T22:00:00,True
user_008321,org_01881,member,2025-11-13T00:00:00,False
user_008322,org_01881,member,2025-11-14T17:00:00,False
user_008323,org_01881,member,2025-11-14T13:00:00,False
user_008324,org_01881,member,2025-11-14T08:00:00,False
user_008325,org_01881,member,2025-11-14T23:00:00,False
user_008326,org_01881,member,2025-11-14T17:00:00,False
user_008327,org_01881,member,2025-11-14T06:00:00,False
user_008328,org_01882,admin,2025-04-08T19:00:00,True
user_008329,org_01882,member,2025-04-08T03:00:00,False
user_008330,org_01882,member,2025-04-08T09:00:00,False
user_008331,org_01882,member,2025-04-08T17:00:00,False
user_008332,org_01882,viewer,2025-04-07T05:00:00,False
user_008333,org_01882,member,2025-04-07T09:00:00,False
user_008334,org_01883,admin,2025-06-18T04:00:00,True
user_008335,org_01883,member,2025-06-18T13:00:00,False
user_008336,org_01884,admin,2025-07-26T08:00:00,True
user_008337,org_01884,member,2025-07-27T11:00:00,False
user_008338,org_01884,member,2025-07-27T08:00:00,False
user_008339,org_01884,viewer,2025-07-26T17:00:00,False
user_008340,org_01884,member,2025-07-27T18:00:00,False
user_008341,org_01884,viewer,2025-07-26T18:00:00,False
user_008342,org_01884,member,2025-07-27T23:00:00,False
user_008343,org_01885,admin,2025-03-06T05:00:00,True
user_008344,org_01885,member,2025-03-06T07:00:00,False
user_008345,org_01885,member,2025-03-05T12:00:00,False
user_008346,org_01885,member,2025-03-06T05:00:00,False
user_008347,org_01885,member,2025-03-06T16:00:00,False
user_008348,org_01885,viewer,2025-03-05T09:00:00,False
user_008349,org_01886,admin,2025-04-10T08:00:00,True
user_008350,org_01887,admin,2025-07-13T09:00:00,True
user_008351,org_01887,member,2025-07-13T23:00:00,False
user_008352,org_01887,member,2025-07-13T01:00:00,False
user_008353,org_01888,admin,2025-09-06T14:00:00,True
user_008354,org_01888,member,2025-09-05T02:00:00,False
user_008355,org_01888,member,2025-09-05T08:00:00,False
user_008356,org_01889,admin,2025-04-11T21:00:00,True
user_008357,org_01889,member,2025-04-10T18:00:00,False
user_008358,org_01889,member,2025-04-11T12:00:00,False
user_008359,org_01889,member,2025-04-10T02:00:00,False
user_008360,org_01889,viewer,2025-04-11T11:00:00,False
user_008361,org_01890,admin,2025-04-29T05:00:00,True
user_008362,org_01890,member,2025-04-28T07:00:00,False
user_008363,org_01890,member,2025-04-29T00:00:00,False
user_008364,org_01890,viewer,2025-04-29T06:00:00,False
user_008365,org_01891,admin,2025-12-02T18:00:00,True
user_008366,org_01891,viewer,2025-12-02T10:00:00,False
user_008367,org_01891,member,2025-12-03T17:00:00,False
user_008368,org_01891,viewer,2025-12-03T15:00:00,False
user_008369,org_01891,member,2025-12-03T13:00:00,False
user_008370,org_01892,admin,2025-09-25T09:00:00,True
user_008371,org_01892,member,2025-09-26T07:00:00,False
user_008372,org_01892,viewer,2025-09-25T12:00:00,False
user_008373,org_01892,member,2025-09-26T05:00:00,False
user_008374,org_01892,viewer,2025-09-26T19:00:00,False
user_008375,org_01892,member,2025-09-25T18:00:00,False
user_008376,org_01892,member,2025-09-25T11:00:00,False
user_008377,org_01893,admin,2025-07-23T12:00:00,True
user_008378,org_01893,viewer,2025-07-23T08:00:00,False
user_008379,org_01893,member,2025-07-23T11:00:00,False
user_008380,org_01894,admin,2025-09-04T12:00:00,True
user_008381,org_01894,viewer,2025-09-04T07:00:00,False
user_008382,org_01894,viewer,2025-09-04T20:00:00,False
user_008383,org_01894,member,2025-09-05T21:00:00,False
user_008384,org_01895,admin,2025-10-21T05:00:00,True
user_008385,org_01896,admin,2025-03-09T03:00:00,True
user_008386,org_01896,member,2025-03-09T23:00:00,False
user_008387,org_01896,member,2025-03-10T14:00:00,False
user_008388,org_01896,member,2025-03-10T14:00:00,False
user_008389,org_01896,viewer,2025-03-09T08:00:00,False
user_008390,org_01897,admin,2025-02-27T01:00:00,True
user_008391,org_01898,admin,2025-02-11T21:00:00,True
user_008392,org_01898,member,2025-02-12T02:00:00,False
user_008393,org_01898,member,2025-02-11T01:00:00,False
user_008394,org_01899,admin,2025-07-26T10:00:00,True
user_008395,org_01899,member,2025-07-26T07:00:00,False
user_008396,org_01899,member,2025-07-26T02:00:00,False
user_008397,org_01899,member,2025-07-26T15:00:00,False
user_008398,org_01899,member,2025-07-26T13:00:00,False
user_008399,org_01899,member,2025-07-26T22:00:00,False
user_008400,org_01899,member,2025-07-26T23:00:00,False
user_008401,org_01900,admin,2025-09-14T04:00:00,True
user_008402,org_01900,viewer,2025-09-14T09:00:00,False
user_008403,org_01900,member,2025-09-13T10:00:00,False
user_008404,org_01900,member,2025-09-13T11:00:00,False
user_008405,org_01900,member,2025-09-13T17:00:00,False
user_008406,org_01900,viewer,2025-09-14T16:00:00,False
user_008407,org_01900,member,2025-09-14T12:00:00,False
user_008408,org_01900,member,2025-09-13T22:00:00,False
user_008409,org_01901,admin,2025-06-18T07:00:00,True
user_008410,org_01901,member,2025-06-18T20:00:00,False
user_008411,org_01901,member,2025-06-19T14:00:00,False
user_008412,org_01901,viewer,2025-06-18T21:00:00,False
user_008413,org_01901,member,2025-06-18T03:00:00,False
user_008414,org_01901,member,2025-06-19T19:00:00,False
user_008415,org_01901,member,2025-06-18T19:00:00,False
user_008416,org_01902,admin,2025-09-13T07:00:00,True
user_008417,org_01902,member,2025-09-13T03:00:00,False
user_008418,org_01902,viewer,2025-09-12T01:00:00,False
user_008419,org_01902,viewer,2025-09-13T04:00:00,False
user_008420,org_01902,member,2025-09-13T07:00:00,False
user_008421,org_01902,member,2025-09-12T14:00:00,False
user_008422,org_01902,member,2025-09-13T10:00:00,False
user_008423,org_01902,viewer,2025-09-12T04:00:00,False
user_008424,org_01903,admin,2025-10-21T20:00:00,True
user_008425,org_01903,viewer,2025-10-20T02:00:00,False
user_008426,org_01903,member,2025-10-20T03:00:00,False
user_008427,org_01903,member,2025-10-21T04:00:00,False
user_008428,org_01903,member,2025-10-20T21:00:00,False
user_008429,org_01903,member,2025-10-20T10:00:00,False
user_008430,org_01903,member,2025-10-21T02:00:00,False
user_008431,org_01903,member,2025-10-20T07:00:00,False
user_008432,org_01904,admin,2025-02-24T18:00:00,True
user_008433,org_01904,member,2025-02-23T09:00:00,False
user_008434,org_01904,viewer,2025-02-23T21:00:00,False
user_008435,org_01904,member,2025-02-23T08:00:00,False
user_008436,org_01904,member,2025-02-23T19:00:00,False
user_008437,org_01904,member,2025-02-24T01:00:00,False
user_008438,org_01905,admin,2025-02-06T19:00:00,True
user_008439,org_01905,viewer,2025-02-07T18:00:00,False
user_008440,org_01905,member,2025-02-06T21:00:00,False
user_008441,org_01906,admin,2025-12-12T18:00:00,True
user_008442,org_01906,member,2025-12-12T17:00:00,False
user_008443,org_01906,member,2025-12-13T02:00:00,False
user_008444,org_01906,member,2025-12-12T23:00:00,False
user_008445,org_01906,member,2025-12-12T16:00:00,False
user_008446,org_01906,viewer,2025-12-13T20:00:00,False
user_008447,org_01906,viewer,2025-12-13T09:00:00,False
user_008448,org_01907,admin,2025-09-25T15:00:00,True
user_008449,org_01907,member,2025-09-26T13:00:00,False
user_008450,org_01907,member,2025-09-26T12:00:00,False
user_008451,org_01908,admin,2025-06-25T10:00:00,True
user_008452,org_01908,member,2025-06-25T16:00:00,False
user_008453,org_01909,admin,2025-07-11T06:00:00,True
user_008454,org_01909,member,2025-07-12T06:00:00,False
user_008455,org_01909,member,2025-07-12T07:00:00,False
user_008456,org_01910,admin,2025-11-08T20:00:00,True
user_008457,org_01910,member,2025-11-07T13:00:00,False
user_008458,org_01910,member,2025-11-07T16:00:00,False
user_008459,org_01910,member,2025-11-08T17:00:00,False
user_008460,org_01910,member,2025-11-07T22:00:00,False
user_008461,org_01910,member,2025-11-07T01:00:00,False
user_008462,org_01910,member,2025-11-08T18:00:00,False
user_008463,org_01911,admin,2025-08-22T13:00:00,True
user_008464,org_01911,viewer,2025-08-22T03:00:00,False
user_008465,org_01911,member,2025-08-21T23:00:00,False
user_008466,org_01911,member,2025-08-22T08:00:00,False
user_008467,org_01912,admin,2025-10-19T21:00:00,True
user_008468,org_01912,member,2025-10-18T08:00:00,False
user_008469,org_01912,member,2025-10-18T09:00:00,False
user_008470,org_01912,member,2025-10-19T04:00:00,False
user_008471,org_01912,member,2025-10-19T14:00:00,False
user_008472,org_01912,viewer,2025-10-18T15:00:00,False
user_008473,org_01913,admin,2025-11-29T12:00:00,True
user_008474,org_01913,member,2025-11-30T01:00:00,False
user_008475,org_01913,member,2025-11-30T16:00:00,False
user_008476,org_01913,member,2025-11-30T13:00:00,False
user_008477,org_01913,member,2025-11-29T20:00:00,False
user_008478,org_01913,viewer,2025-11-29T14:00:00,False
user_008479,org_01914,admin,2025-02-25T09:00:00,True
user_008480,org_01914,member,2025-02-24T19:00:00,False
user_008481,org_01914,viewer,2025-02-24T22:00:00,False
user_008482,org_01915,admin,2025-07-07T21:00:00,True
user_008483,org_01915,member,2025-07-06T03:00:00,False
user_008484,org_01915,member,2025-07-06T23:00:00,False
user_008485,org_01915,member,2025-07-06T13:00:00,False
user_008486,org_01916,admin,2025-02-11T07:00:00,True
user_008487,org_01916,member,2025-02-10T09:00:00,False
user_008488,org_01916,viewer,2025-02-10T14:00:00,False
user_008489,org_01916,viewer,2025-02-10T18:00:00,False
user_008490,org_01917,admin,2025-04-17T19:00:00,True
user_008491,org_01917,member,2025-04-17T01:00:00,False
user_008492,org_01917,member,2025-04-17T11:00:00,False
user_008493,org_01917,member,2025-04-17T18:00:00,False
user_008494,org_01917,member,2025-04-18T01:00:00,False
user_008495,org_01918,admin,2025-07-04T01:00:00,True
user_008496,org_01918,member,2025-07-04T21:00:00,False
user_008497,org_01919,admin,2025-04-20T08:00:00,True
user_008498,org_01919,viewer,2025-04-21T18:00:00,False
user_008499,org_01919,member,2025-04-20T12:00:00,False
user_008500,org_01920,admin,2025-03-25T02:00:00,True
user_008501,org_01920,member,2025-03-25T15:00:00,False
user_008502,org_01920,member,2025-03-25T18:00:00,False
user_008503,org_01920,member,2025-03-24T17:00:00,False
user_008504,org_01920,member,2025-03-25T14:00:00,False
user_008505,org_01920,member,2025-03-24T11:00:00,False
user_008506,org_01920,member,2025-03-25T08:00:00,False
user_008507,org_01920,member,2025-03-24T05:00:00,False
user_008508,org_01921,admin,2025-04-27T12:00:00,True
user_008509,org_01921,viewer,2025-04-27T20:00:00,False
user_008510,org_01921,member,2025-04-28T01:00:00,False
user_008511,org_01922,admin,2025-02-08T10:00:00,True
user_008512,org_01922,viewer,2025-02-09T13:00:00,False
user_008513,org_01923,admin,2025-06-24T10:00:00,True
user_008514,org_01923,member,2025-06-24T05:00:00,False
user_008515,org_01923,member,2025-06-24T21:00:00,False
user_008516,org_01923,viewer,2025-06-24T13:00:00,False
user_008517,org_01923,member,2025-06-24T01:00:00,False
user_008518,org_01923,member,2025-06-24T10:00:00,False
user_008519,org_01923,member,2025-06-24T07:00:00,False
user_008520,org_01924,admin,2025-01-10T09:00:00,True
user_008521,org_01924,member,2025-01-10T20:00:00,False
user_008522,org_01924,member,2025-01-10T15:00:00,False
user_008523,org_01924,member,2025-01-10T19:00:00,False
user_008524,org_01925,admin,2025-12-04T13:00:00,True
user_008525,org_01925,member,2025-12-05T07:00:00,False
user_008526,org_01925,member,2025-12-04T08:00:00,False
user_008527,org_01925,viewer,2025-12-04T07:00:00,False
user_008528,org_01925,member,2025-12-04T20:00:00,False
user_008529,org_01925,member,2025-12-05T14:00:00,False
user_008530,org_01926,admin,2025-07-01T03:00:00,True
user_008531,org_01926,member,2025-07-01T18:00:00,False
user_008532,org_01926,member,2025-07-01T18:00:00,False
user_008533,org_01926,viewer,2025-06-30T10:00:00,False
user_008534,org_01926,member,2025-06-30T19:00:00,False
user_008535,org_01927,admin,2025-03-02T10:00:00,True
user_008536,org_01927,member,2025-03-01T13:00:00,False
user_008537,org_01927,member,2025-03-02T03:00:00,False
user_008538,org_01927,member,2025-03-01T04:00:00,False
user_008539,org_01928,admin,2025-07-22T09:00:00,True
user_008540,org_01928,member,2025-07-23T20:00:00,False
user_008541,org_01928,viewer,2025-07-22T22:00:00,False
user_008542,org_01928,viewer,2025-07-22T05:00:00,False
user_008543,org_01928,member,2025-07-22T10:00:00,False
user_008544,org_01928,member,2025-07-22T19:00:00,False
user_008545,org_01928,member,2025-07-22T23:00:00,False
user_008546,org_01928,member,2025-07-23T11:00:00,False
user_008547,org_01929,admin,2025-07-01T20:00:00,True
user_008548,org_01929,member,2025-07-01T10:00:00,False
user_008549,org_01929,member,2025-07-02T10:00:00,False
user_008550,org_01929,member,2025-07-01T04:00:00,False
user_008551,org_01930,admin,2025-11-21T07:00:00,True
user_008552,org_01931,admin,2025-11-03T20:00:00,True
user_008553,org_01931,member,2025-11-03T07:00:00,False
user_008554,org_01931,member,2025-11-03T22:00:00,False
user_008555,org_01932,admin,2025-04-07T22:00:00,True
user_008556,org_01932,member,2025-04-07T23:00:00,False
user_008557,org_01932,viewer,2025-04-08T02:00:00,False
user_008558,org_01932,member,2025-04-07T12:00:00,False
user_008559,org_01932,viewer,2025-04-07T14:00:00,False
user_008560,org_01932,member,2025-04-08T16:00:00,False
user_008561,org_01932,viewer,2025-04-07T18:00:00,False
user_008562,org_01932,member,2025-04-08T20:00:00,False
user_008563,org_01933,admin,2025-02-06T05:00:00,True
user_008564,org_01933,member,2025-02-06T16:00:00,False
user_008565,org_01933,member,2025-02-05T10:00:00,False
user_008566,org_01933,member,2025-02-06T14:00:00,False
user_008567,org_01934,admin,2025-08-09T22:00:00,True
user_008568,org_01934,member,2025-08-09T03:00:00,False
user_008569,org_01934,member,2025-08-09T15:00:00,False
user_008570,org_01934,member,2025-08-10T17:00:00,False
user_008571,org_01935,admin,2025-06-15T21:00:00,True
user_008572,org_01935,member,2025-06-15T03:00:00,False
user_008573,org_01935,member,2025-06-16T19:00:00,False
user_008574,org_01935,member,2025-06-16T09:00:00,False
user_008575,org_01935,viewer,2025-06-15T09:00:00,False
user_008576,org_01935,viewer,2025-06-15T04:00:00,False
user_008577,org_01935,member,2025-06-16T08:00:00,False
user_008578,org_01936,admin,2025-04-05T07:00:00,True
user_008579,org_01936,member,2025-04-05T22:00:00,False
user_008580,org_01936,viewer,2025-04-04T02:00:00,False
user_008581,org_01936,member,2025-04-04T13:00:00,False
user_008582,org_01936,member,2025-04-05T08:00:00,False
user_008583,org_01936,viewer,2025-04-04T14:00:00,False
user_008584,org_01936,member,2025-04-05T12:00:00,False
user_008585,org_01937,admin,2025-04-15T01:00:00,True
user_008586,org_01937,member,2025-04-15T09:00:00,False
user_008587,org_01937,member,2025-04-14T16:00:00,False
user_008588,org_01937,viewer,2025-04-14T03:00:00,False
user_008589,org_01938,admin,2025-12-22T13:00:00,True
user_008590,org_01939,admin,2025-10-31T15:00:00,True
user_008591,org_01939,viewer,2025-10-31T03:00:00,False
user_008592,org_01940,admin,2025-08-18T15:00:00,True
user_008593,org_01940,viewer,2025-08-18T08:00:00,False
user_008594,org_01941,admin,2025-08-15T21:00:00,True
user_008595,org_01941,member,2025-08-15T19:00:00,False
user_008596,org_01941,member,2025-08-15T09:00:00,False
user_008597,org_01941,member,2025-08-15T13:00:00,False
user_008598,org_01941,viewer,2025-08-15T10:00:00,False
user_008599,org_01941,member,2025-08-16T14:00:00,False
user_008600,org_01942,admin,2025-05-22T09:00:00,True
user_008601,org_01942,member,2025-05-22T12:00:00,False
user_008602,org_01942,viewer,2025-05-23T21:00:00,False
user_008603,org_01942,member,2025-05-23T19:00:00,False
user_008604,org_01942,member,2025-05-22T10:00:00,False
user_008605,org_01942,member,2025-05-23T09:00:00,False
user_008606,org_01942,member,2025-05-22T03:00:00,False
user_008607,org_01942,member,2025-05-23T17:00:00,False
user_008608,org_01943,admin,2025-10-31T14:00:00,True
user_008609,org_01944,admin,2025-03-26T09:00:00,True
user_008610,org_01944,viewer,2025-03-26T16:00:00,False
user_008611,org_01944,member,2025-03-27T15:00:00,False
user_008612,org_01944,viewer,2025-03-26T22:00:00,False
user_008613,org_01944,member,2025-03-26T10:00:00,False
user_008614,org_01944,member,2025-03-27T21:00:00,False
user_008615,org_01944,member,2025-03-27T11:00:00,False
user_008616,org_01944,member,2025-03-27T23:00:00,False
user_008617,org_01945,admin,2025-03-19T15:00:00,True
user_008618,org_01945,member,2025-03-19T05:00:00,False
user_008619,org_01945,member,2025-03-19T15:00:00,False
user_008620,org_01945,member,2025-03-18T14:00:00,False
user_008621,org_01945,member,2025-03-19T01:00:00,False
user_008622,org_01945,member,2025-03-19T05:00:00,False
user_008623,org_01945,member,2025-03-18T16:00:00,False
user_008624,org_01946,admin,2025-03-15T04:00:00,True
user_008625,org_01946,member,2025-03-16T09:00:00,False
user_008626,org_01946,viewer,2025-03-16T20:00:00,False
user_008627,org_01946,member,2025-03-15T10:00:00,False
user_008628,org_01947,admin,2025-01-23T18:00:00,True
user_008629,org_01947,viewer,2025-01-23T13:00:00,False
user_008630,org_01948,admin,2025-08-05T10:00:00,True
user_008631,org_01948,member,2025-08-05T01:00:00,False
user_008632,org_01948,member,2025-08-05T09:00:00,False
user_008633,org_01948,member,2025-08-04T17:00:00,False
user_008634,org_01949,admin,2025-09-26T21:00:00,True
user_008635,org_01949,member,2025-09-25T19:00:00,False
user_008636,org_01950,admin,2025-04-29T12:00:00,True
user_008637,org_01950,member,2025-04-30T10:00:00,False
user_008638,org_01950,member,2025-04-30T20:00:00,False
user_008639,org_01951,admin,2025-07-11T21:00:00,True
user_008640,org_01951,member,2025-07-11T17:00:00,False
user_008641,org_01952,admin,2025-02-27T08:00:00,True
user_008642,org_01953,admin,2025-05-15T05:00:00,True
user_008643,org_01953,member,2025-05-16T07:00:00,False
user_008644,org_01953,member,2025-05-16T14:00:00,False
user_008645,org_01953,member,2025-05-15T08:00:00,False
user_008646,org_01953,member,2025-05-15T02:00:00,False
user_008647,org_01954,admin,2025-12-18T02:00:00,True
user_008648,org_01954,member,2025-12-18T19:00:00,False
user_008649,org_01954,member,2025-12-17T18:00:00,False
user_008650,org_01954,member,2025-12-17T19:00:00,False
user_008651,org_01954,member,2025-12-17T06:00:00,False
user_008652,org_01954,viewer,2025-12-17T18:00:00,False
user_008653,org_01954,member,2025-12-18T04:00:00,False
user_008654,org_01954,member,2025-12-17T05:00:00,False
user_008655,org_01955,admin,2025-03-22T08:00:00,True
user_008656,org_01955,member,2025-03-23T21:00:00,False
user_008657,org_01955,member,2025-03-22T10:00:00,False
user_008658,org_01955,member,2025-03-22T09:00:00,False
user_008659,org_01955,member,2025-03-23T15:00:00,False
user_008660,org_01955,member,2025-03-22T21:00:00,False
user_008661,org_01955,member,2025-03-23T06:00:00,False
user_008662,org_01955,member,2025-03-22T08:00:00,False
user_008663,org_01956,admin,2025-09-26T14:00:00,True
user_008664,org_01956,member,2025-09-25T17:00:00,False
user_008665,org_01956,viewer,2025-09-25T12:00:00,False
user_008666,org_01956,viewer,2025-09-25T17:00:00,False
user_008667,org_01956,viewer,2025-09-26T16:00:00,False
user_008668,org_01956,member,2025-09-26T09:00:00,False
user_008669,org_01956,member,2025-09-25T21:00:00,False
user_008670,org_01956,member,2025-09-25T06:00:00,False
user_008671,org_01957,admin,2025-10-14T13:00:00,True
user_008672,org_01958,admin,2025-06-03T19:00:00,True
user_008673,org_01958,member,2025-06-04T21:00:00,False
user_008674,org_01958,member,2025-06-04T23:00:00,False
user_008675,org_01958,viewer,2025-06-04T22:00:00,False
user_008676,org_01959,admin,2025-08-30T01:00:00,True
user_008677,org_01959,member,2025-08-30T06:00:00,False
user_008678,org_01959,member,2025-08-30T08:00:00,False
user_008679,org_01959,viewer,2025-08-30T08:00:00,False
user_008680,org_01959,member,2025-08-30T22:00:00,False
user_008681,org_01959,member,2025-08-30T01:00:00,False
user_008682,org_01960,admin,2025-03-15T15:00:00,True
user_008683,org_01960,member,2025-03-15T03:00:00,False
user_008684,org_01960,viewer,2025-03-15T17:00:00,False
user_008685,org_01960,member,2025-03-16T01:00:00,False
user_008686,org_01961,admin,2025-04-02T08:00:00,True
user_008687,org_01961,member,2025-04-02T08:00:00,False
user_008688,org_01961,member,2025-04-01T01:00:00,False
user_008689,org_01962,admin,2025-04-11T18:00:00,True
user_008690,org_01962,member,2025-04-12T03:00:00,False
user_008691,org_01962,member,2025-04-12T12:00:00,False
user_008692,org_01963,admin,2025-01-22T23:00:00,True
user_008693,org_01963,viewer,2025-01-23T12:00:00,False
user_008694,org_01963,member,2025-01-23T03:00:00,False
user_008695,org_01963,member,2025-01-23T07:00:00,False
user_008696,org_01963,member,2025-01-23T18:00:00,False
user_008697,org_01963,member,2025-01-22T20:00:00,False
user_008698,org_01964,admin,2025-02-06T09:00:00,True
user_008699,org_01964,member,2025-02-06T17:00:00,False
user_008700,org_01964,member,2025-02-06T00:00:00,False
user_008701,org_01964,member,2025-02-06T15:00:00,False
user_008702,org_01964,member,2025-02-06T19:00:00,False
user_008703,org_01964,member,2025-02-07T21:00:00,False
user_008704,org_01964,member,2025-02-07T14:00:00,False
user_008705,org_01964,member,2025-02-06T01:00:00,False
user_008706,org_01965,admin,2025-06-22T07:00:00,True
user_008707,org_01966,admin,2025-08-27T01:00:00,True
user_008708,org_01966,member,2025-08-28T10:00:00,False
user_008709,org_01966,member,2025-08-27T17:00:00,False
user_008710,org_01966,member,2025-08-27T19:00:00,False
user_008711,org_01966,member,2025-08-28T19:00:00,False
user_008712,org_01967,admin,2025-12-23T12:00:00,True
user_008713,org_01967,member,2025-12-24T04:00:00,False
user_008714,org_01967,member,2025-12-23T05:00:00,False
user_008715,org_01967,member,2025-12-23T08:00:00,False
user_008716,org_01968,admin,2025-09-30T18:00:00,True
user_008717,org_01969,admin,2025-05-17T09:00:00,True
user_008718,org_01969,member,2025-05-18T14:00:00,False
user_008719,org_01969,member,2025-05-17T15:00:00,False
user_008720,org_01969,viewer,2025-05-17T07:00:00,False
user_008721,org_01969,member,2025-05-18T08:00:00,False
user_008722,org_01969,member,2025-05-17T17:00:00,False
user_008723,org_01970,admin,2025-01-31T01:00:00,True
user_008724,org_01970,viewer,2025-01-31T15:00:00,False
user_008725,org_01970,member,2025-01-31T21:00:00,False
user_008726,org_01971,admin,2025-06-12T16:00:00,True
user_008727,org_01972,admin,2025-04-09T20:00:00,True
user_008728,org_01972,member,2025-04-10T16:00:00,False
user_008729,org_01973,admin,2025-11-17T12:00:00,True
user_008730,org_01973,member,2025-11-17T17:00:00,False
user_008731,org_01973,member,2025-11-17T00:00:00,False
user_008732,org_01973,member,2025-11-17T17:00:00,False
user_008733,org_01973,member,2025-11-17T18:00:00,False
user_008734,org_01973,member,2025-11-18T09:00:00,False
user_008735,org_01973,member,2025-11-17T14:00:00,False
user_008736,org_01974,admin,2025-07-18T08:00:00,True
user_008737,org_01974,member,2025-07-17T13:00:00,False
user_008738,org_01975,admin,2025-12-08T04:00:00,True
user_008739,org_01975,member,2025-12-09T08:00:00,False
user_008740,org_01975,member,2025-12-08T03:00:00,False
user_008741,org_01975,member,2025-12-08T10:00:00,False
user_008742,org_01975,viewer,2025-12-09T01:00:00,False
user_008743,org_01975,member,2025-12-08T16:00:00,False
user_008744,org_01975,member,2025-12-08T10:00:00,False
user_008745,org_01976,admin,2025-05-03T03:00:00,True
user_008746,org_01976,member,2025-05-03T02:00:00,False
user_008747,org_01976,member,2025-05-03T05:00:00,False
user_008748,org_01977,admin,2025-05-10T12:00:00,True
user_008749,org_01977,member,2025-05-10T20:00:00,False
user_008750,org_01977,member,2025-05-09T12:00:00,False
user_008751,org_01977,member,2025-05-09T16:00:00,False
user_008752,org_01978,admin,2025-11-12T21:00:00,True
user_008753,org_01979,admin,2025-04-08T03:00:00,True
user_008754,org_01979,member,2025-04-08T14:00:00,False
user_008755,org_01979,member,2025-04-08T18:00:00,False
user_008756,org_01979,viewer,2025-04-09T19:00:00,False
user_008757,org_01979,viewer,2025-04-08T19:00:00,False
user_008758,org_01979,member,2025-04-08T09:00:00,False
user_008759,org_01979,member,2025-04-09T22:00:00,False
user_008760,org_01980,admin,2025-12-25T14:00:00,True
user_008761,org_01980,member,2025-12-24T19:00:00,False
user_008762,org_01980,member,2025-12-24T20:00:00,False
user_008763,org_01980,member,2025-12-25T15:00:00,False
user_008764,org_01980,member,2025-12-24T15:00:00,False
user_008765,org_01980,member,2025-12-24T15:00:00,False
user_008766,org_01981,admin,2025-10-14T10:00:00,True
user_008767,org_01981,member,2025-10-14T12:00:00,False
user_008768,org_01981,member,2025-10-15T15:00:00,False
user_008769,org_01981,member,2025-10-15T04:00:00,False
user_008770,org_01981,member,2025-10-15T13:00:00,False
user_008771,org_01981,viewer,2025-10-14T21:00:00,False
user_008772,org_01982,admin,2025-12-10T11:00:00,True
user_008773,org_01982,member,2025-12-11T09:00:00,False
user_008774,org_01983,admin,2025-08-15T10:00:00,True
user_008775,org_01983,member,2025-08-16T14:00:00,False
user_008776,org_01983,member,2025-08-16T07:00:00,False
user_008777,org_01983,member,2025-08-16T16:00:00,False
user_008778,org_01983,viewer,2025-08-16T14:00:00,False
user_008779,org_01983,member,2025-08-15T13:00:00,False
user_008780,org_01983,member,2025-08-16T01:00:00,False
user_008781,org_01983,member,2025-08-16T14:00:00,False
user_008782,org_01984,admin,2025-11-12T16:00:00,True
user_008783,org_01985,admin,2025-09-30T10:00:00,True
user_008784,org_01985,member,2025-09-30T10:00:00,False
user_008785,org_01985,member,2025-10-01T20:00:00,False
user_008786,org_01985,member,2025-09-30T02:00:00,False
user_008787,org_01985,viewer,2025-10-01T03:00:00,False
user_008788,org_01985,viewer,2025-09-30T22:00:00,False
user_008789,org_01985,member,2025-09-30T14:00:00,False
user_008790,org_01985,member,2025-09-30T21:00:00,False
user_008791,org_01986,admin,2025-06-11T07:00:00,True
user_008792,org_01986,member,2025-06-11T14:00:00,False
user_008793,org_01986,member,2025-06-11T18:00:00,False
user_008794,org_01986,member,2025-06-10T02:00:00,False
user_008795,org_01987,admin,2025-05-21T20:00:00,True
user_008796,org_01987,viewer,2025-05-21T23:00:00,False
user_008797,org_01987,member,2025-05-21T04:00:00,False
user_008798,org_01987,member,2025-05-22T13:00:00,False
user_008799,org_01987,member,2025-05-22T14:00:00,False
user_008800,org_01988,admin,2025-03-04T13:00:00,True
user_008801,org_01988,member,2025-03-03T18:00:00,False
user_008802,org_01988,viewer,2025-03-04T21:00:00,False
user_008803,org_01988,member,2025-03-04T03:00:00,False
user_008804,org_01989,admin,2025-02-07T20:00:00,True
user_008805,org_01989,member,2025-02-07T13:00:00,False
user_008806,org_01989,member,2025-02-07T08:00:00,False
user_008807,org_01989,member,2025-02-07T21:00:00,False
user_008808,org_01989,viewer,2025-02-07T12:00:00,False
user_008809,org_01989,member,2025-02-07T03:00:00,False
user_008810,org_01990,admin,2025-09-24T21:00:00,True
user_008811,org_01990,member,2025-09-23T00:00:00,False
user_008812,org_01990,member,2025-09-23T01:00:00,False
user_008813,org_01990,viewer,2025-09-24T17:00:00,False
user_008814,org_01990,viewer,2025-09-24T22:00:00,False
user_008815,org_01991,admin,2025-08-02T14:00:00,True
user_008816,org_01991,member,2025-08-03T14:00:00,False
user_008817,org_01991,member,2025-08-02T22:00:00,False
user_008818,org_01991,viewer,2025-08-03T16:00:00,False
user_008819,org_01991,viewer,2025-08-02T03:00:00,False
user_008820,org_01991,member,2025-08-02T00:00:00,False
user_008821,org_01992,admin,2025-05-19T07:00:00,True
user_008822,org_01992,member,2025-05-20T04:00:00,False
user_008823,org_01993,admin,2025-10-29T10:00:00,True
user_008824,org_01993,viewer,2025-10-29T08:00:00,False
user_008825,org_01993,member,2025-10-29T22:00:00,False
user_008826,org_01993,member,2025-10-29T17:00:00,False
user_008827,org_01993,viewer,2025-10-28T12:00:00,False
user_008828,org_01993,viewer,2025-10-28T13:00:00,False
user_008829,org_01993,member,2025-10-29T03:00:00,False
user_008830,org_01993,member,2025-10-29T03:00:00,False
user_008831,org_01994,admin,2025-06-08T18:00:00,True
user_008832,org_01994,member,2025-06-08T06:00:00,False
user_008833,org_01994,member,2025-06-08T17:00:00,False
user_008834,org_01994,member,2025-06-07T06:00:00,False
user_008835,org_01995,admin,2025-06-18T23:00:00,True
user_008836,org_01995,member,2025-06-18T19:00:00,False
user_008837,org_01995,member,2025-06-19T20:00:00,False
user_008838,org_01995,member,2025-06-19T11:00:00,False
user_008839,org_01995,member,2025-06-19T19:00:00,False
user_008840,org_01996,admin,2025-04-30T01:00:00,True
user_008841,org_01997,admin,2025-12-18T23:00:00,True
user_008842,org_01997,member,2025-12-17T19:00:00,False
user_008843,org_01997,viewer,2025-12-17T10:00:00,False
user_008844,org_01997,viewer,2025-12-18T01:00:00,False
user_008845,org_01997,viewer,2025-12-17T22:00:00,False
user_008846,org_01997,member,2025-12-18T07:00:00,False
user_008847,org_01997,member,2025-12-17T11:00:00,False
user_008848,org_01997,member,2025-12-18T22:00:00,False
user_008849,org_01998,admin,2025-05-28T20:00:00,True
user_008850,org_01998,viewer,2025-05-27T22:00:00,False
user_008851,org_01998,member,2025-05-27T12:00:00,False
user_008852,org_01998,member,2025-05-27T01:00:00,False
user_008853,org_01998,viewer,2025-05-28T23:00:00,False
user_008854,org_01999,admin,2025-06-03T02:00:00,True
user_008855,org_01999,member,2025-06-03T07:00:00,False
user_008856,org_01999,member,2025-06-03T10:00:00,False
user_008857,org_01999,member,2025-06-03T10:00:00,False
user_008858,org_01999,member,2025-06-02T13:00:00,False
user_008859,org_02000,admin,2025-05-03T01:00:00,True
user_008860,org_02000,member,2025-05-03T22:00:00,False
user_008861,org_02000,member,2025-05-03T12:00:00,False
user_008862,org_02000,member,2025-05-04T15:00:00,False
user_008863,org_02001,admin,2025-05-30T15:00:00,True
user_008864,org_02001,member,2025-05-30T21:00:00,False
user_008865,org_02001,member,2025-05-30T21:00:00,False
user_008866,org_02001,viewer,2025-05-30T12:00:00,False
user_008867,org_02001,member,2025-05-30T18:00:00,False
user_008868,org_02001,member,2025-05-30T17:00:00,False
user_008869,org_02002,admin,2025-03-08T05:00:00,True
user_008870,org_02002,member,2025-03-08T17:00:00,False
user_008871,org_02002,viewer,2025-03-09T19:00:00,False
user_008872,org_02002,member,2025-03-08T16:00:00,False
user_008873,org_02002,member,2025-03-09T15:00:00,False
user_008874,org_02002,member,2025-03-08T15:00:00,False
user_008875,org_02002,member,2025-03-09T09:00:00,False
user_008876,org_02003,admin,2025-07-27T14:00:00,True
user_008877,org_02003,member,2025-07-28T08:00:00,False
user_008878,org_02003,member,2025-07-27T11:00:00,False
user_008879,org_02004,admin,2025-12-07T18:00:00,True
user_008880,org_02004,member,2025-12-06T14:00:00,False
user_008881,org_02004,member,2025-12-06T14:00:00,False
user_008882,org_02004,member,2025-12-06T11:00:00,False
user_008883,org_02005,admin,2025-02-15T05:00:00,True
user_008884,org_02005,viewer,2025-02-16T22:00:00,False
user_008885,org_02005,member,2025-02-15T16:00:00,False
user_008886,org_02006,admin,2025-12-21T23:00:00,True
user_008887,org_02006,viewer,2025-12-21T14:00:00,False
user_008888,org_02006,member,2025-12-21T10:00:00,False
user_008889,org_02006,viewer,2025-12-22T08:00:00,False
user_008890,org_02007,admin,2025-05-06T17:00:00,True
user_008891,org_02007,viewer,2025-05-07T11:00:00,False
user_008892,org_02007,viewer,2025-05-06T13:00:00,False
user_008893,org_02007,viewer,2025-05-07T15:00:00,False
user_008894,org_02007,member,2025-05-07T20:00:00,False
user_008895,org_02008,admin,2025-04-08T20:00:00,True
user_008896,org_02008,member,2025-04-08T17:00:00,False
user_008897,org_02009,admin,2025-01-28T00:00:00,True
user_008898,org_02009,member,2025-01-28T15:00:00,False
user_008899,org_02009,member,2025-01-28T03:00:00,False
user_008900,org_02009,member,2025-01-28T16:00:00,False
user_008901,org_02009,member,2025-01-27T12:00:00,False
user_008902,org_02009,member,2025-01-28T00:00:00,False
user_008903,org_02009,member,2025-01-27T12:00:00,False
user_008904,org_02010,admin,2025-12-03T22:00:00,True
user_008905,org_02010,member,2025-12-04T11:00:00,False
user_008906,org_02010,member,2025-12-03T09:00:00,False
user_008907,org_02010,member,2025-12-03T18:00:00,False
user_008908,org_02010,viewer,2025-12-03T18:00:00,False
user_008909,org_02010,member,2025-12-04T03:00:00,False
user_008910,org_02010,member,2025-12-04T10:00:00,False
user_008911,org_02011,admin,2025-11-06T14:00:00,True
user_008912,org_02012,admin,2025-02-22T03:00:00,True
user_008913,org_02012,member,2025-02-23T23:00:00,False
user_008914,org_02012,member,2025-02-23T18:00:00,False
user_008915,org_02013,admin,2025-08-17T05:00:00,True
user_008916,org_02013,member,2025-08-18T19:00:00,False
user_008917,org_02013,member,2025-08-18T11:00:00,False
user_008918,org_02013,member,2025-08-17T16:00:00,False
user_008919,org_02013,member,2025-08-18T09:00:00,False
user_008920,org_02013,member,2025-08-17T02:00:00,False
user_008921,org_02013,member,2025-08-18T05:00:00,False
user_008922,org_02014,admin,2025-01-06T16:00:00,True
user_008923,org_02015,admin,2025-06-24T07:00:00,True
user_008924,org_02015,viewer,2025-06-24T03:00:00,False
user_008925,org_02016,admin,2025-05-10T00:00:00,True
user_008926,org_02016,member,2025-05-10T05:00:00,False
user_008927,org_02016,viewer,2025-05-09T16:00:00,False
user_008928,org_02016,viewer,2025-05-10T12:00:00,False
user_008929,org_02016,member,2025-05-10T01:00:00,False
user_008930,org_02016,member,2025-05-09T23:00:00,False
user_008931,org_02017,admin,2025-10-19T04:00:00,True
user_008932,org_02017,member,2025-10-19T07:00:00,False
user_008933,org_02018,admin,2025-06-19T19:00:00,True
user_008934,org_02018,member,2025-06-20T00:00:00,False
user_008935,org_02018,viewer,2025-06-19T06:00:00,False
user_008936,org_02019,admin,2025-10-18T23:00:00,True
user_008937,org_02019,member,2025-10-18T09:00:00,False
user_008938,org_02020,admin,2025-09-30T16:00:00,True
user_008939,org_02020,viewer,2025-10-01T12:00:00,False
user_008940,org_02020,member,2025-09-30T23:00:00,False
user_008941,org_02021,admin,2025-06-06T23:00:00,True
user_008942,org_02021,member,2025-06-06T23:00:00,False
user_008943,org_02021,member,2025-06-07T18:00:00,False
user_008944,org_02021,member,2025-06-07T19:00:00,False
user_008945,org_02021,member,2025-06-06T06:00:00,False
user_008946,org_02021,member,2025-06-06T01:00:00,False
user_008947,org_02021,member,2025-06-06T03:00:00,False
user_008948,org_02022,admin,2025-04-19T07:00:00,True
user_008949,org_02022,viewer,2025-04-20T20:00:00,False
user_008950,org_02022,member,2025-04-20T23:00:00,False
user_008951,org_02022,viewer,2025-04-20T21:00:00,False
user_008952,org_02022,member,2025-04-19T10:00:00,False
user_008953,org_02023,admin,2025-02-15T17:00:00,True
user_008954,org_02023,member,2025-02-15T01:00:00,False
user_008955,org_02023,member,2025-02-14T01:00:00,False
user_008956,org_02023,viewer,2025-02-15T17:00:00,False
user_008957,org_02023,member,2025-02-14T11:00:00,False
user_008958,org_02023,viewer,2025-02-15T18:00:00,False
user_008959,org_02023,member,2025-02-14T03:00:00,False
user_008960,org_02024,admin,2025-01-18T12:00:00,True
user_008961,org_02024,member,2025-01-19T09:00:00,False
user_008962,org_02024,member,2025-01-19T15:00:00,False
user_008963,org_02025,admin,2025-05-26T12:00:00,True
user_008964,org_02025,viewer,2025-05-27T08:00:00,False
user_008965,org_02025,member,2025-05-27T02:00:00,False
user_008966,org_02025,member,2025-05-27T03:00:00,False
user_008967,org_02025,member,2025-05-27T07:00:00,False
user_008968,org_02025,member,2025-05-27T19:00:00,False
user_008969,org_02025,member,2025-05-27T06:00:00,False
user_008970,org_02025,member,2025-05-26T18:00:00,False
user_008971,org_02026,admin,2025-04-14T20:00:00,True
user_008972,org_02026,member,2025-04-13T02:00:00,False
user_008973,org_02026,member,2025-04-14T08:00:00,False
user_008974,org_02026,member,2025-04-13T10:00:00,False
user_008975,org_02026,viewer,2025-04-13T08:00:00,False
user_008976,org_02026,member,2025-04-13T16:00:00,False
user_008977,org_02027,admin,2025-08-25T00:00:00,True
user_008978,org_02028,admin,2025-01-14T17:00:00,True
user_008979,org_02028,member,2025-01-14T03:00:00,False
user_008980,org_02028,viewer,2025-01-13T18:00:00,False
user_008981,org_02028,member,2025-01-13T11:00:00,False
user_008982,org_02028,member,2025-01-13T18:00:00,False
user_008983,org_02029,admin,2025-11-09T13:00:00,True
user_008984,org_02029,member,2025-11-09T09:00:00,False
user_008985,org_02029,member,2025-11-10T06:00:00,False
user_008986,org_02029,member,2025-11-10T13:00:00,False
user_008987,org_02029,member,2025-11-10T05:00:00,False
user_008988,org_02029,member,2025-11-09T09:00:00,False
user_008989,org_02029,member,2025-11-09T23:00:00,False
user_008990,org_02030,admin,2025-07-18T19:00:00,True
user_008991,org_02030,viewer,2025-07-18T10:00:00,False
user_008992,org_02030,member,2025-07-18T15:00:00,False
user_008993,org_02030,member,2025-07-19T18:00:00,False
user_008994,org_02030,member,2025-07-18T12:00:00,False
user_008995,org_02030,member,2025-07-19T10:00:00,False
user_008996,org_02031,admin,2025-01-24T04:00:00,True
user_008997,org_02031,viewer,2025-01-24T03:00:00,False
user_008998,org_02032,admin,2025-08-22T16:00:00,True
user_008999,org_02033,admin,2025-01-03T09:00:00,True
user_009000,org_02033,viewer,2025-01-03T06:00:00,False
user_009001,org_02034,admin,2025-03-11T01:00:00,True
user_009002,org_02034,member,2025-03-11T00:00:00,False
user_009003,org_02034,member,2025-03-10T10:00:00,False
user_009004,org_02034,viewer,2025-03-11T10:00:00,False
user_009005,org_02035,admin,2025-10-11T02:00:00,True
user_009006,org_02035,member,2025-10-12T16:00:00,False
user_009007,org_02035,member,2025-10-12T11:00:00,False
user_009008,org_02035,member,2025-10-12T08:00:00,False
user_009009,org_02035,viewer,2025-10-12T11:00:00,False
user_009010,org_02035,member,2025-10-11T02:00:00,False
user_009011,org_02035,viewer,2025-10-11T04:00:00,False
user_009012,org_02035,member,2025-10-11T00:00:00,False
user_009013,org_02036,admin,2025-05-21T07:00:00,True
user_009014,org_02036,member,2025-05-20T15:00:00,False
user_009015,org_02036,viewer,2025-05-21T08:00:00,False
user_009016,org_02036,member,2025-05-20T02:00:00,False
user_009017,org_02036,member,2025-05-20T04:00:00,False
user_009018,org_02036,member,2025-05-21T15:00:00,False
user_009019,org_02037,admin,2025-07-02T08:00:00,True
user_009020,org_02037,viewer,2025-07-02T05:00:00,False
user_009021,org_02037,member,2025-07-01T21:00:00,False
user_009022,org_02037,member,2025-07-01T21:00:00,False
user_009023,org_02038,admin,2025-01-19T21:00:00,True
user_009024,org_02039,admin,2025-04-04T03:00:00,True
user_009025,org_02039,member,2025-04-04T21:00:00,False
user_009026,org_02039,viewer,2025-04-04T17:00:00,False
user_009027,org_02039,member,2025-04-05T08:00:00,False
user_009028,org_02039,viewer,2025-04-04T16:00:00,False
user_009029,org_02039,viewer,2025-04-05T05:00:00,False
user_009030,org_02039,member,2025-04-05T13:00:00,False
user_009031,org_02039,member,2025-04-05T19:00:00,False
user_009032,org_02040,admin,2025-06-15T02:00:00,True
user_009033,org_02041,admin,2025-07-29T10:00:00,True
user_009034,org_02041,member,2025-07-30T01:00:00,False
user_009035,org_02041,member,2025-07-29T00:00:00,False
user_009036,org_02042,admin,2025-09-30T10:00:00,True
user_009037,org_02042,viewer,2025-10-01T22:00:00,False
user_009038,org_02042,member,2025-09-30T18:00:00,False
user_009039,org_02042,member,2025-09-30T12:00:00,False
user_009040,org_02042,member,2025-09-30T22:00:00,False
user_009041,org_02043,admin,2025-06-06T05:00:00,True
user_009042,org_02043,member,2025-06-06T21:00:00,False
user_009043,org_02043,viewer,2025-06-05T04:00:00,False
user_009044,org_02043,viewer,2025-06-06T02:00:00,False
user_009045,org_02044,admin,2025-03-22T12:00:00,True
user_009046,org_02044,member,2025-03-22T00:00:00,False
user_009047,org_02044,member,2025-03-22T17:00:00,False
user_009048,org_02044,member,2025-03-22T16:00:00,False
user_009049,org_02044,member,2025-03-22T17:00:00,False
user_009050,org_02044,member,2025-03-21T17:00:00,False
user_009051,org_02044,member,2025-03-21T00:00:00,False
user_009052,org_02045,admin,2025-07-12T18:00:00,True
user_009053,org_02045,member,2025-07-12T00:00:00,False
user_009054,org_02045,member,2025-07-13T02:00:00,False
user_009055,org_02045,member,2025-07-12T06:00:00,False
user_009056,org_02045,viewer,2025-07-12T08:00:00,False
user_009057,org_02046,admin,2025-07-11T07:00:00,True
user_009058,org_02046,member,2025-07-10T16:00:00,False
user_009059,org_02046,member,2025-07-11T17:00:00,False
user_009060,org_02046,member,2025-07-11T20:00:00,False
user_009061,org_02046,viewer,2025-07-10T10:00:00,False
user_009062,org_02047,admin,2025-02-24T13:00:00,True
user_009063,org_02047,viewer,2025-02-24T04:00:00,False
user_009064,org_02047,viewer,2025-02-24T18:00:00,False
user_009065,org_02047,viewer,2025-02-25T12:00:00,False
user_009066,org_02047,member,2025-02-25T04:00:00,False
user_009067,org_02048,admin,2025-11-18T01:00:00,True
user_009068,org_02048,member,2025-11-17T18:00:00,False
user_009069,org_02048,member,2025-11-18T07:00:00,False
user_009070,org_02048,member,2025-11-17T18:00:00,False
user_009071,org_02048,member,2025-11-18T21:00:00,False
user_009072,org_02049,admin,2025-01-07T12:00:00,True
user_009073,org_02050,admin,2025-03-11T08:00:00,True
user_009074,org_02050,member,2025-03-11T22:00:00,False
user_009075,org_02050,member,2025-03-10T18:00:00,False
user_009076,org_02050,member,2025-03-10T12:00:00,False
user_009077,org_02051,admin,2025-05-01T12:00:00,True
user_009078,org_02051,member,2025-04-30T20:00:00,False
user_009079,org_02051,member,2025-04-30T19:00:00,False
user_009080,org_02051,member,2025-04-30T17:00:00,False
user_009081,org_02052,admin,2025-02-15T13:00:00,True
user_009082,org_02052,member,2025-02-14T22:00:00,False
user_009083,org_02053,admin,2025-08-14T16:00:00,True
user_009084,org_02053,member,2025-08-14T23:00:00,False
user_009085,org_02053,viewer,2025-08-13T21:00:00,False
user_009086,org_02053,viewer,2025-08-14T09:00:00,False
user_009087,org_02053,viewer,2025-08-13T14:00:00,False
user_009088,org_02053,member,2025-08-13T14:00:00,False
user_009089,org_02053,member,2025-08-13T16:00:00,False
user_009090,org_02053,member,2025-08-14T05:00:00,False
user_009091,org_02054,admin,2025-10-15T21:00:00,True
user_009092,org_02054,member,2025-10-16T22:00:00,False
user_009093,org_02054,member,2025-10-15T22:00:00,False
user_009094,org_02054,member,2025-10-15T15:00:00,False
user_009095,org_02054,viewer,2025-10-15T03:00:00,False
user_009096,org_02055,admin,2025-08-02T21:00:00,True
user_009097,org_02055,member,2025-08-03T08:00:00,False
user_009098,org_02056,admin,2025-11-10T05:00:00,True
user_009099,org_02056,viewer,2025-11-10T02:00:00,False
user_009100,org_02056,viewer,2025-11-10T02:00:00,False
user_009101,org_02056,member,2025-11-09T00:00:00,False
user_009102,org_02057,admin,2025-08-31T06:00:00,True
user_009103,org_02057,viewer,2025-08-30T19:00:00,False
user_009104,org_02057,viewer,2025-08-30T01:00:00,False
user_009105,org_02057,member,2025-08-30T02:00:00,False
user_009106,org_02057,member,2025-08-30T03:00:00,False
user_009107,org_02057,member,2025-08-30T05:00:00,False
user_009108,org_02058,admin,2025-01-08T13:00:00,True
user_009109,org_02058,member,2025-01-08T20:00:00,False
user_009110,org_02058,member,2025-01-09T22:00:00,False
user_009111,org_02058,member,2025-01-08T03:00:00,False
user_009112,org_02058,member,2025-01-08T08:00:00,False
user_009113,org_02059,admin,2025-08-01T00:00:00,True
user_009114,org_02059,member,2025-08-01T04:00:00,False
user_009115,org_02059,member,2025-08-02T07:00:00,False
user_009116,org_02059,viewer,2025-08-02T00:00:00,False
user_009117,org_02059,member,2025-08-01T09:00:00,False
user_009118,org_02059,member,2025-08-01T17:00:00,False
user_009119,org_02059,member,2025-08-02T02:00:00,False
user_009120,org_02059,viewer,2025-08-02T21:00:00,False
user_009121,org_02060,admin,2025-12-22T09:00:00,True
user_009122,org_02061,admin,2025-01-04T10:00:00,True
user_009123,org_02061,member,2025-01-04T18:00:00,False
user_009124,org_02061,member,2025-01-03T07:00:00,False
user_009125,org_02061,member,2025-01-03T02:00:00,False
user_009126,org_02062,admin,2025-07-27T00:00:00,True
user_009127,org_02063,admin,2025-11-26T07:00:00,True
user_009128,org_02063,member,2025-11-25T14:00:00,False
user_009129,org_02063,member,2025-11-25T09:00:00,False
user_009130,org_02063,member,2025-11-25T14:00:00,False
user_009131,org_02064,admin,2025-08-27T08:00:00,True
user_009132,org_02064,member,2025-08-27T19:00:00,False
user_009133,org_02064,member,2025-08-27T23:00:00,False
user_009134,org_02064,member,2025-08-27T17:00:00,False
user_009135,org_02064,viewer,2025-08-26T19:00:00,False
user_009136,org_02064,member,2025-08-27T20:00:00,False
user_009137,org_02064,member,2025-08-26T06:00:00,False
user_009138,org_02065,admin,2025-07-14T02:00:00,True
user_009139,org_02065,member,2025-07-14T23:00:00,False
user_009140,org_02065,viewer,2025-07-13T00:00:00,False
user_009141,org_02065,member,2025-07-14T19:00:00,False
user_009142,org_02065,member,2025-07-13T01:00:00,False
user_009143,org_02065,member,2025-07-13T15:00:00,False
user_009144,org_02065,member,2025-07-13T16:00:00,False
user_009145,org_02065,member,2025-07-13T18:00:00,False
user_009146,org_02066,admin,2025-05-19T23:00:00,True
user_009147,org_02066,member,2025-05-18T05:00:00,False
user_009148,org_02066,member,2025-05-19T05:00:00,False
user_009149,org_02066,member,2025-05-18T07:00:00,False
user_009150,org_02067,admin,2025-05-13T10:00:00,True
user_009151,org_02067,member,2025-05-13T19:00:00,False
user_009152,org_02067,member,2025-05-14T14:00:00,False
user_009153,org_02067,member,2025-05-14T19:00:00,False
user_009154,org_02068,admin,2025-08-11T14:00:00,True
user_009155,org_02068,member,2025-08-11T13:00:00,False
user_009156,org_02069,admin,2025-12-26T12:00:00,True
user_009157,org_02069,member,2025-12-27T18:00:00,False
user_009158,org_02069,member,2025-12-27T15:00:00,False
user_009159,org_02069,member,2025-12-27T04:00:00,False
user_009160,org_02070,admin,2025-02-28T03:00:00,True
user_009161,org_02070,member,2025-02-28T04:00:00,False
user_009162,org_02070,member,2025-02-28T08:00:00,False
user_009163,org_02071,admin,2025-01-07T02:00:00,True
user_009164,org_02071,member,2025-01-07T20:00:00,False
user_009165,org_02071,viewer,2025-01-07T00:00:00,False
user_009166,org_02072,admin,2025-09-19T03:00:00,True
user_009167,org_02072,member,2025-09-20T17:00:00,False
user_009168,org_02072,member,2025-09-20T12:00:00,False
user_009169,org_02072,member,2025-09-19T06:00:00,False
user_009170,org_02072,viewer,2025-09-20T02:00:00,False
user_009171,org_02072,viewer,2025-09-19T17:00:00,False
user_009172,org_02073,admin,2025-05-15T00:00:00,True
user_009173,org_02074,admin,2025-02-09T23:00:00,True
user_009174,org_02074,viewer,2025-02-09T09:00:00,False
user_009175,org_02074,member,2025-02-09T15:00:00,False
user_009176,org_02074,member,2025-02-09T04:00:00,False
user_009177,org_02074,member,2025-02-09T20:00:00,False
user_009178,org_02075,admin,2025-03-30T07:00:00,True
user_009179,org_02075,viewer,2025-03-29T16:00:00,False
user_009180,org_02075,member,2025-03-30T10:00:00,False
user_009181,org_02075,member,2025-03-30T19:00:00,False
user_009182,org_02075,member,2025-03-29T18:00:00,False
user_009183,org_02075,viewer,2025-03-29T23:00:00,False
user_009184,org_02076,admin,2025-04-19T21:00:00,True
user_009185,org_02076,member,2025-04-20T15:00:00,False
user_009186,org_02076,member,2025-04-20T13:00:00,False
user_009187,org_02076,member,2025-04-20T05:00:00,False
user_009188,org_02076,member,2025-04-20T16:00:00,False
user_009189,org_02076,member,2025-04-20T07:00:00,False
user_009190,org_02076,viewer,2025-04-19T11:00:00,False
user_009191,org_02077,admin,2025-06-22T15:00:00,True
user_009192,org_02077,member,2025-06-23T23:00:00,False
user_009193,org_02077,member,2025-06-23T08:00:00,False
user_009194,org_02078,admin,2025-05-17T22:00:00,True
user_009195,org_02079,admin,2025-12-28T14:00:00,True
user_009196,org_02079,viewer,2025-12-27T20:00:00,False
user_009197,org_02079,member,2025-12-28T21:00:00,False
user_009198,org_02079,member,2025-12-28T09:00:00,False
user_009199,org_02079,member,2025-12-27T08:00:00,False
user_009200,org_02079,member,2025-12-27T15:00:00,False
user_009201,org_02080,admin,2025-02-12T02:00:00,True
user_009202,org_02080,member,2025-02-12T08:00:00,False
user_009203,org_02080,member,2025-02-12T10:00:00,False
user_009204,org_02080,member,2025-02-13T08:00:00,False
user_009205,org_02080,viewer,2025-02-12T07:00:00,False
user_009206,org_02080,member,2025-02-13T09:00:00,False
user_009207,org_02080,member,2025-02-12T20:00:00,False
user_009208,org_02080,member,2025-02-12T02:00:00,False
user_009209,org_02081,admin,2025-10-03T10:00:00,True
user_009210,org_02081,member,2025-10-04T01:00:00,False
user_009211,org_02081,member,2025-10-04T09:00:00,False
user_009212,org_02081,member,2025-10-04T02:00:00,False
user_009213,org_02081,member,2025-10-04T00:00:00,False
user_009214,org_02081,member,2025-10-03T23:00:00,False
user_009215,org_02081,viewer,2025-10-03T02:00:00,False
user_009216,org_02081,member,2025-10-04T08:00:00,False
user_009217,org_02082,admin,2025-11-06T05:00:00,True
user_009218,org_02082,member,2025-11-05T09:00:00,False
user_009219,org_02082,member,2025-11-05T18:00:00,False
user_009220,org_02082,viewer,2025-11-06T16:00:00,False
user_009221,org_02082,member,2025-11-05T13:00:00,False
user_009222,org_02083,admin,2025-03-04T09:00:00,True
user_009223,org_02084,admin,2025-06-13T11:00:00,True
user_009224,org_02084,member,2025-06-13T16:00:00,False
user_009225,org_02084,member,2025-06-13T22:00:00,False
user_009226,org_02084,member,2025-06-13T08:00:00,False
user_009227,org_02085,admin,2025-12-23T16:00:00,True
user_009228,org_02085,viewer,2025-12-24T08:00:00,False
user_009229,org_02085,member,2025-12-24T18:00:00,False
user_009230,org_02086,admin,2025-10-23T01:00:00,True
user_009231,org_02086,member,2025-10-24T09:00:00,False
user_009232,org_02086,viewer,2025-10-24T19:00:00,False
user_009233,org_02086,member,2025-10-23T02:00:00,False
user_009234,org_02086,member,2025-10-23T13:00:00,False
user_009235,org_02086,member,2025-10-24T14:00:00,False
user_009236,org_02086,viewer,2025-10-24T06:00:00,False
user_009237,org_02087,admin,2025-10-26T09:00:00,True
user_009238,org_02087,viewer,2025-10-26T06:00:00,False
user_009239,org_02087,member,2025-10-26T00:00:00,False
user_009240,org_02087,member,2025-10-27T07:00:00,False
user_009241,org_02087,viewer,2025-10-26T16:00:00,False
user_009242,org_02088,admin,2025-05-22T20:00:00,True
user_009243,org_02088,member,2025-05-23T08:00:00,False
user_009244,org_02088,member,2025-05-23T22:00:00,False
user_009245,org_02088,member,2025-05-22T22:00:00,False
user_009246,org_02088,viewer,2025-05-22T15:00:00,False
user_009247,org_02088,viewer,2025-05-23T01:00:00,False
user_009248,org_02088,member,2025-05-23T05:00:00,False
user_009249,org_02088,viewer,2025-05-22T04:00:00,False
user_009250,org_02089,admin,2025-03-20T07:00:00,True
user_009251,org_02089,viewer,2025-03-20T12:00:00,False
user_009252,org_02089,viewer,2025-03-21T23:00:00,False
user_009253,org_02089,member,2025-03-21T02:00:00,False
user_009254,org_02089,member,2025-03-20T10:00:00,False
user_009255,org_02090,admin,2025-03-27T15:00:00,True
user_009256,org_02090,member,2025-03-26T21:00:00,False
user_009257,org_02090,member,2025-03-26T03:00:00,False
user_009258,org_02090,member,2025-03-27T21:00:00,False
user_009259,org_02090,member,2025-03-26T17:00:00,False
user_009260,org_02091,admin,2025-01-20T00:00:00,True
user_009261,org_02091,member,2025-01-19T03:00:00,False
user_009262,org_02091,viewer,2025-01-20T03:00:00,False
user_009263,org_02091,member,2025-01-20T16:00:00,False
user_009264,org_02091,member,2025-01-20T11:00:00,False
user_009265,org_02091,member,2025-01-20T08:00:00,False
user_009266,org_02091,member,2025-01-20T17:00:00,False
user_009267,org_02091,member,2025-01-19T12:00:00,False
user_009268,org_02092,admin,2025-04-15T10:00:00,True
user_009269,org_02092,member,2025-04-16T05:00:00,False
user_009270,org_02092,viewer,2025-04-16T08:00:00,False
user_009271,org_02092,member,2025-04-16T20:00:00,False
user_009272,org_02092,viewer,2025-04-16T03:00:00,False
user_009273,org_02093,admin,2025-03-05T02:00:00,True
user_009274,org_02093,member,2025-03-05T17:00:00,False
user_009275,org_02093,member,2025-03-04T18:00:00,False
user_009276,org_02093,member,2025-03-04T19:00:00,False
user_009277,org_02093,member,2025-03-05T21:00:00,False
user_009278,org_02094,admin,2025-12-11T11:00:00,True
user_009279,org_02094,member,2025-12-12T05:00:00,False
user_009280,org_02094,viewer,2025-12-12T11:00:00,False
user_009281,org_02094,member,2025-12-12T15:00:00,False
user_009282,org_02095,admin,2025-04-06T15:00:00,True
user_009283,org_02095,member,2025-04-06T03:00:00,False
user_009284,org_02095,viewer,2025-04-05T20:00:00,False
user_009285,org_02095,member,2025-04-06T22:00:00,False
user_009286,org_02096,admin,2025-09-22T03:00:00,True
user_009287,org_02096,member,2025-09-22T17:00:00,False
user_009288,org_02096,member,2025-09-22T12:00:00,False
user_009289,org_02096,member,2025-09-22T11:00:00,False
user_009290,org_02096,member,2025-09-22T16:00:00,False
user_009291,org_02096,member,2025-09-23T01:00:00,False
user_009292,org_02096,member,2025-09-22T01:00:00,False
user_009293,org_02097,admin,2025-12-22T15:00:00,True
user_009294,org_02097,viewer,2025-12-23T08:00:00,False
user_009295,org_02097,member,2025-12-22T16:00:00,False
user_009296,org_02098,admin,2025-03-12T20:00:00,True
user_009297,org_02098,member,2025-03-13T23:00:00,False
user_009298,org_02098,viewer,2025-03-13T01:00:00,False
user_009299,org_02098,member,2025-03-13T16:00:00,False
user_009300,org_02098,member,2025-03-12T11:00:00,False
user_009301,org_02098,viewer,2025-03-13T08:00:00,False
user_009302,org_02098,member,2025-03-13T08:00:00,False
user_009303,org_02098,member,2025-03-13T23:00:00,False
user_009304,org_02099,admin,2025-11-30T01:00:00,True
user_009305,org_02099,viewer,2025-11-30T03:00:00,False
user_009306,org_02099,member,2025-11-30T21:00:00,False
user_009307,org_02100,admin,2025-10-03T12:00:00,True
user_009308,org_02100,viewer,2025-10-04T05:00:00,False
user_009309,org_02100,member,2025-10-04T15:00:00,False
user_009310,org_02100,member,2025-10-04T04:00:00,False
user_009311,org_02100,member,2025-10-03T11:00:00,False
user_009312,org_02100,member,2025-10-04T00:00:00,False
user_009313,org_02100,member,2025-10-04T00:00:00,False
user_009314,org_02101,admin,2025-06-13T16:00:00,True
user_009315,org_02102,admin,2025-02-04T20:00:00,True
user_009316,org_02102,viewer,2025-02-04T22:00:00,False
user_009317,org_02103,admin,2025-04-19T08:00:00,True
user_009318,org_02103,member,2025-04-20T16:00:00,False
user_009319,org_02103,member,2025-04-19T03:00:00,False
user_009320,org_02103,member,2025-04-20T23:00:00,False
user_009321,org_02103,member,2025-04-20T00:00:00,False
user_009322,org_02103,member,2025-04-19T18:00:00,False
user_009323,org_02104,admin,2025-09-16T04:00:00,True
user_009324,org_02104,member,2025-09-16T11:00:00,False
user_009325,org_02104,member,2025-09-17T17:00:00,False
user_009326,org_02105,admin,2025-07-24T01:00:00,True
user_009327,org_02105,member,2025-07-23T16:00:00,False
user_009328,org_02105,member,2025-07-24T19:00:00,False
user_009329,org_02105,viewer,2025-07-23T15:00:00,False
user_009330,org_02105,member,2025-07-24T12:00:00,False
user_009331,org_02105,viewer,2025-07-24T16:00:00,False
user_009332,org_02105,member,2025-07-24T14:00:00,False
user_009333,org_02106,admin,2025-12-20T14:00:00,True
user_009334,org_02107,admin,2025-12-25T19:00:00,True
user_009335,org_02107,viewer,2025-12-25T03:00:00,False
user_009336,org_02107,member,2025-12-26T20:00:00,False
user_009337,org_02107,member,2025-12-26T00:00:00,False
user_009338,org_02107,member,2025-12-26T12:00:00,False
user_009339,org_02107,member,2025-12-25T08:00:00,False
user_009340,org_02107,member,2025-12-26T07:00:00,False
user_009341,org_02107,member,2025-12-26T18:00:00,False
user_009342,org_02108,admin,2025-02-17T23:00:00,True
user_009343,org_02108,member,2025-02-18T01:00:00,False
user_009344,org_02108,member,2025-02-18T07:00:00,False
user_009345,org_02108,viewer,2025-02-17T01:00:00,False
user_009346,org_02109,admin,2025-05-18T23:00:00,True
user_009347,org_02109,member,2025-05-18T21:00:00,False
user_009348,org_02109,member,2025-05-18T21:00:00,False
user_009349,org_02109,member,2025-05-19T04:00:00,False
user_009350,org_02110,admin,2025-01-16T21:00:00,True
user_009351,org_02110,member,2025-01-16T20:00:00,False
user_009352,org_02110,viewer,2025-01-17T21:00:00,False
user_009353,org_02110,member,2025-01-16T15:00:00,False
user_009354,org_02110,member,2025-01-17T19:00:00,False
user_009355,org_02110,member,2025-01-16T15:00:00,False
user_009356,org_02111,admin,2025-12-20T00:00:00,True
user_009357,org_02111,member,2025-12-20T02:00:00,False
user_009358,org_02111,member,2025-12-20T23:00:00,False
user_009359,org_02111,member,2025-12-19T19:00:00,False
user_009360,org_02112,admin,2025-11-27T12:00:00,True
user_009361,org_02112,member,2025-11-26T11:00:00,False
user_009362,org_02113,admin,2025-09-18T14:00:00,True
user_009363,org_02113,member,2025-09-17T13:00:00,False
user_009364,org_02113,member,2025-09-18T03:00:00,False
user_009365,org_02113,viewer,2025-09-18T07:00:00,False
user_009366,org_02113,member,2025-09-17T11:00:00,False
user_009367,org_02114,admin,2025-01-28T03:00:00,True
user_009368,org_02114,member,2025-01-28T02:00:00,False
user_009369,org_02115,admin,2025-10-26T23:00:00,True
user_009370,org_02115,member,2025-10-26T17:00:00,False
user_009371,org_02115,member,2025-10-26T19:00:00,False
user_009372,org_02115,member,2025-10-25T00:00:00,False
user_009373,org_02115,member,2025-10-25T05:00:00,False
user_009374,org_02115,viewer,2025-10-26T19:00:00,False
user_009375,org_02115,member,2025-10-25T21:00:00,False
user_009376,org_02116,admin,2025-09-04T08:00:00,True
user_009377,org_02116,member,2025-09-03T20:00:00,False
user_009378,org_02116,member,2025-09-03T14:00:00,False
user_009379,org_02116,member,2025-09-03T00:00:00,False
user_009380,org_02116,member,2025-09-03T13:00:00,False
user_009381,org_02117,admin,2025-07-21T18:00:00,True
user_009382,org_02117,viewer,2025-07-21T20:00:00,False
user_009383,org_02117,member,2025-07-21T03:00:00,False
user_009384,org_02118,admin,2025-08-01T22:00:00,True
user_009385,org_02118,viewer,2025-08-01T01:00:00,False
user_009386,org_02118,member,2025-07-31T13:00:00,False
user_009387,org_02118,member,2025-07-31T06:00:00,False
user_009388,org_02118,member,2025-07-31T15:00:00,False
user_009389,org_02118,member,2025-07-31T21:00:00,False
user_009390,org_02118,member,2025-08-01T06:00:00,False
user_009391,org_02118,member,2025-08-01T17:00:00,False
user_009392,org_02119,admin,2025-02-06T06:00:00,True
user_009393,org_02119,member,2025-02-05T19:00:00,False
user_009394,org_02119,member,2025-02-05T06:00:00,False
user_009395,org_02119,member,2025-02-06T06:00:00,False
user_009396,org_02119,viewer,2025-02-05T04:00:00,False
user_009397,org_02119,member,2025-02-05T08:00:00,False
user_009398,org_02119,viewer,2025-02-06T07:00:00,False
user_009399,org_02119,member,2025-02-05T16:00:00,False
user_009400,org_02120,admin,2025-02-01T23:00:00,True
user_009401,org_02120,member,2025-02-02T03:00:00,False
user_009402,org_02120,member,2025-02-01T11:00:00,False
user_009403,org_02120,member,2025-02-01T15:00:00,False
user_009404,org_02121,admin,2025-01-13T08:00:00,True
user_009405,org_02122,admin,2025-11-30T21:00:00,True
user_009406,org_02122,member,2025-12-01T20:00:00,False
user_009407,org_02122,viewer,2025-12-01T07:00:00,False
user_009408,org_02122,member,2025-11-30T05:00:00,False
user_009409,org_02122,member,2025-12-01T04:00:00,False
user_009410,org_02123,admin,2025-08-30T12:00:00,True
user_009411,org_02123,member,2025-08-30T17:00:00,False
user_009412,org_02123,member,2025-08-30T17:00:00,False
user_009413,org_02123,member,2025-08-30T01:00:00,False
user_009414,org_02123,member,2025-08-30T06:00:00,False
user_009415,org_02123,member,2025-08-31T12:00:00,False
user_009416,org_02123,member,2025-08-31T16:00:00,False
user_009417,org_02124,admin,2025-09-26T04:00:00,True
user_009418,org_02124,member,2025-09-26T06:00:00,False
user_009419,org_02124,member,2025-09-26T15:00:00,False
user_009420,org_02124,member,2025-09-26T12:00:00,False
user_009421,org_02125,admin,2025-07-19T12:00:00,True
user_009422,org_02125,member,2025-07-18T02:00:00,False
user_009423,org_02125,member,2025-07-18T05:00:00,False
user_009424,org_02125,member,2025-07-18T10:00:00,False
user_009425,org_02125,member,2025-07-19T10:00:00,False
user_009426,org_02125,viewer,2025-07-18T14:00:00,False
user_009427,org_02125,member,2025-07-18T20:00:00,False
user_009428,org_02126,admin,2025-12-27T02:00:00,True
user_009429,org_02126,member,2025-12-28T06:00:00,False
user_009430,org_02127,admin,2025-12-10T20:00:00,True
user_009431,org_02127,member,2025-12-09T10:00:00,False
user_009432,org_02127,member,2025-12-10T20:00:00,False
user_009433,org_02127,member,2025-12-09T20:00:00,False
user_009434,org_02128,admin,2025-03-16T14:00:00,True
user_009435,org_02128,member,2025-03-17T00:00:00,False
user_009436,org_02128,member,2025-03-17T06:00:00,False
user_009437,org_02128,member,2025-03-17T08:00:00,False
user_009438,org_02128,viewer,2025-03-16T08:00:00,False
user_009439,org_02128,member,2025-03-17T23:00:00,False
user_009440,org_02128,viewer,2025-03-16T12:00:00,False
user_009441,org_02128,viewer,2025-03-16T06:00:00,False
user_009442,org_02129,admin,2025-09-18T19:00:00,True
user_009443,org_02129,member,2025-09-18T06:00:00,False
user_009444,org_02129,member,2025-09-17T06:00:00,False
user_009445,org_02129,member,2025-09-17T18:00:00,False
user_009446,org_02130,admin,2025-03-24T14:00:00,True
user_009447,org_02130,viewer,2025-03-24T23:00:00,False
user_009448,org_02130,member,2025-03-24T01:00:00,False
user_009449,org_02130,viewer,2025-03-24T18:00:00,False
user_009450,org_02130,member,2025-03-23T12:00:00,False
user_009451,org_02130,member,2025-03-24T13:00:00,False
user_009452,org_02131,admin,2025-07-12T01:00:00,True
user_009453,org_02131,member,2025-07-13T15:00:00,False
user_009454,org_02131,member,2025-07-12T16:00:00,False
user_009455,org_02132,admin,2025-12-06T04:00:00,True
user_009456,org_02133,admin,2025-05-28T06:00:00,True
user_009457,org_02133,viewer,2025-05-28T12:00:00,False
user_009458,org_02134,admin,2025-07-16T08:00:00,True
user_009459,org_02134,viewer,2025-07-15T07:00:00,False
user_009460,org_02134,member,2025-07-15T05:00:00,False
user_009461,org_02134,member,2025-07-16T19:00:00,False
user_009462,org_02134,member,2025-07-16T14:00:00,False
user_009463,org_02134,viewer,2025-07-16T18:00:00,False
user_009464,org_02135,admin,2025-12-25T02:00:00,True
user_009465,org_02135,member,2025-12-25T05:00:00,False
user_009466,org_02135,member,2025-12-26T19:00:00,False
user_009467,org_02135,member,2025-12-26T09:00:00,False
user_009468,org_02135,member,2025-12-25T16:00:00,False
user_009469,org_02136,admin,2025-10-18T13:00:00,True
user_009470,org_02136,member,2025-10-19T01:00:00,False
user_009471,org_02136,member,2025-10-18T11:00:00,False
user_009472,org_02136,member,2025-10-18T06:00:00,False
user_009473,org_02137,admin,2025-06-20T08:00:00,True
user_009474,org_02137,member,2025-06-20T19:00:00,False
user_009475,org_02137,viewer,2025-06-21T01:00:00,False
user_009476,org_02137,member,2025-06-21T01:00:00,False
user_009477,org_02137,member,2025-06-21T02:00:00,False
user_009478,org_02137,member,2025-06-20T23:00:00,False
user_009479,org_02137,member,2025-06-21T10:00:00,False
user_009480,org_02138,admin,2025-03-25T02:00:00,True
user_009481,org_02138,viewer,2025-03-26T13:00:00,False
user_009482,org_02138,member,2025-03-26T15:00:00,False
user_009483,org_02138,viewer,2025-03-25T14:00:00,False
user_009484,org_02138,member,2025-03-26T23:00:00,False
user_009485,org_02138,viewer,2025-03-25T01:00:00,False
user_009486,org_02139,admin,2025-09-24T01:00:00,True
user_009487,org_02139,viewer,2025-09-25T15:00:00,False
user_009488,org_02139,member,2025-09-25T14:00:00,False
user_009489,org_02139,member,2025-09-25T20:00:00,False
user_009490,org_02139,member,2025-09-25T00:00:00,False
user_009491,org_02139,member,2025-09-25T00:00:00,False
user_009492,org_02140,admin,2025-05-27T18:00:00,True
user_009493,org_02140,viewer,2025-05-27T09:00:00,False
user_009494,org_02140,member,2025-05-26T12:00:00,False
user_009495,org_02140,member,2025-05-27T06:00:00,False
user_009496,org_02141,admin,2025-10-27T05:00:00,True
user_009497,org_02141,viewer,2025-10-28T00:00:00,False
user_009498,org_02141,member,2025-10-28T13:00:00,False
user_009499,org_02141,member,2025-10-28T03:00:00,False
user_009500,org_02141,member,2025-10-27T15:00:00,False
user_009501,org_02141,viewer,2025-10-27T11:00:00,False
user_009502,org_02142,admin,2025-01-13T18:00:00,True
user_009503,org_02142,viewer,2025-01-13T02:00:00,False
user_009504,org_02142,member,2025-01-12T07:00:00,False
user_009505,org_02142,member,2025-01-13T14:00:00,False
user_009506,org_02142,viewer,2025-01-13T18:00:00,False
user_009507,org_02142,member,2025-01-12T22:00:00,False
user_009508,org_02143,admin,2025-07-17T20:00:00,True
user_009509,org_02143,member,2025-07-16T07:00:00,False
user_009510,org_02143,member,2025-07-17T10:00:00,False
user_009511,org_02143,member,2025-07-17T17:00:00,False
user_009512,org_02144,admin,2025-07-17T17:00:00,True
user_009513,org_02144,member,2025-07-18T06:00:00,False
user_009514,org_02144,viewer,2025-07-17T22:00:00,False
user_009515,org_02144,member,2025-07-17T00:00:00,False
user_009516,org_02144,viewer,2025-07-17T06:00:00,False
user_009517,org_02145,admin,2025-03-07T04:00:00,True
user_009518,org_02145,viewer,2025-03-08T17:00:00,False
user_009519,org_02146,admin,2025-10-22T10:00:00,True
user_009520,org_02146,member,2025-10-22T21:00:00,False
user_009521,org_02146,member,2025-10-22T15:00:00,False
user_009522,org_02146,member,2025-10-21T02:00:00,False
user_009523,org_02146,member,2025-10-21T23:00:00,False
user_009524,org_02147,admin,2025-10-28T01:00:00,True
user_009525,org_02148,admin,2025-01-30T09:00:00,True
user_009526,org_02148,member,2025-01-31T18:00:00,False
user_009527,org_02149,admin,2025-07-10T12:00:00,True
user_009528,org_02149,member,2025-07-10T21:00:00,False
user_009529,org_02149,member,2025-07-10T18:00:00,False
user_009530,org_02149,member,2025-07-09T03:00:00,False
user_009531,org_02149,viewer,2025-07-09T01:00:00,False
user_009532,org_02149,member,2025-07-10T22:00:00,False
user_009533,org_02149,member,2025-07-10T11:00:00,False
user_009534,org_02149,viewer,2025-07-10T01:00:00,False
user_009535,org_02150,admin,2025-08-27T06:00:00,True
user_009536,org_02150,member,2025-08-26T10:00:00,False
user_009537,org_02150,member,2025-08-26T07:00:00,False
user_009538,org_02150,member,2025-08-26T05:00:00,False
user_009539,org_02151,admin,2025-01-13T11:00:00,True
user_009540,org_02151,member,2025-01-12T18:00:00,False
user_009541,org_02151,member,2025-01-12T18:00:00,False
user_009542,org_02152,admin,2025-11-13T09:00:00,True
user_009543,org_02152,member,2025-11-12T07:00:00,False
user_009544,org_02152,member,2025-11-12T08:00:00,False
user_009545,org_02152,member,2025-11-12T22:00:00,False
user_009546,org_02152,member,2025-11-13T12:00:00,False
user_009547,org_02153,admin,2025-11-10T23:00:00,True
user_009548,org_02153,member,2025-11-10T16:00:00,False
user_009549,org_02153,member,2025-11-10T22:00:00,False
user_009550,org_02153,member,2025-11-09T15:00:00,False
user_009551,org_02153,member,2025-11-10T08:00:00,False
user_009552,org_02153,member,2025-11-09T22:00:00,False
user_009553,org_02153,member,2025-11-10T15:00:00,False
user_009554,org_02154,admin,2025-05-15T01:00:00,True
user_009555,org_02155,admin,2025-04-18T16:00:00,True
user_009556,org_02155,member,2025-04-19T19:00:00,False
user_009557,org_02155,member,2025-04-18T11:00:00,False
user_009558,org_02155,member,2025-04-18T00:00:00,False
user_009559,org_02155,member,2025-04-18T09:00:00,False
user_009560,org_02155,viewer,2025-04-19T18:00:00,False
user_009561,org_02156,admin,2025-02-26T20:00:00,True
user_009562,org_02156,member,2025-02-27T03:00:00,False
user_009563,org_02156,member,2025-02-26T17:00:00,False
user_009564,org_02157,admin,2025-07-27T18:00:00,True
user_009565,org_02157,viewer,2025-07-28T04:00:00,False
user_009566,org_02157,member,2025-07-27T13:00:00,False
user_009567,org_02157,viewer,2025-07-28T17:00:00,False
user_009568,org_02158,admin,2025-09-29T04:00:00,True
user_009569,org_02158,member,2025-09-29T02:00:00,False
user_009570,org_02158,member,2025-09-29T12:00:00,False
user_009571,org_02159,admin,2025-09-19T13:00:00,True
user_009572,org_02159,member,2025-09-20T05:00:00,False
user_009573,org_02159,member,2025-09-19T16:00:00,False
user_009574,org_02159,member,2025-09-20T17:00:00,False
user_009575,org_02160,admin,2025-05-29T07:00:00,True
user_009576,org_02160,member,2025-05-30T13:00:00,False
user_009577,org_02160,member,2025-05-29T12:00:00,False
user_009578,org_02160,member,2025-05-29T02:00:00,False
user_009579,org_02160,viewer,2025-05-30T23:00:00,False
user_009580,org_02161,admin,2025-02-20T01:00:00,True
user_009581,org_02161,member,2025-02-21T18:00:00,False
user_009582,org_02161,member,2025-02-20T05:00:00,False
user_009583,org_02161,viewer,2025-02-20T03:00:00,False
user_009584,org_02161,viewer,2025-02-21T00:00:00,False
user_009585,org_02161,member,2025-02-20T12:00:00,False
user_009586,org_02161,viewer,2025-02-21T16:00:00,False
user_009587,org_02162,admin,2025-09-07T20:00:00,True
user_009588,org_02162,member,2025-09-08T19:00:00,False
user_009589,org_02162,member,2025-09-07T16:00:00,False
user_009590,org_02162,viewer,2025-09-08T21:00:00,False
user_009591,org_02162,viewer,2025-09-08T16:00:00,False
user_009592,org_02162,viewer,2025-09-08T01:00:00,False
user_009593,org_02162,member,2025-09-08T12:00:00,False
user_009594,org_02163,admin,2025-06-19T20:00:00,True
user_009595,org_02163,member,2025-06-18T06:00:00,False
user_009596,org_02164,admin,2025-08-16T23:00:00,True
user_009597,org_02164,member,2025-08-16T13:00:00,False
user_009598,org_02164,member,2025-08-17T22:00:00,False
user_009599,org_02164,viewer,2025-08-17T12:00:00,False
user_009600,org_02164,member,2025-08-16T16:00:00,False
user_009601,org_02165,admin,2025-08-11T10:00:00,True
user_009602,org_02165,member,2025-08-12T09:00:00,False
user_009603,org_02165,member,2025-08-11T06:00:00,False
user_009604,org_02166,admin,2025-10-01T22:00:00,True
user_009605,org_02166,member,2025-10-01T23:00:00,False
user_009606,org_02166,member,2025-10-01T22:00:00,False
user_009607,org_02167,admin,2025-12-10T21:00:00,True
user_009608,org_02167,member,2025-12-10T07:00:00,False
user_009609,org_02168,admin,2025-08-21T07:00:00,True
user_009610,org_02168,member,2025-08-20T11:00:00,False
user_009611,org_02169,admin,2025-03-05T04:00:00,True
user_009612,org_02169,member,2025-03-05T11:00:00,False
user_009613,org_02169,member,2025-03-05T23:00:00,False
user_009614,org_02169,member,2025-03-05T01:00:00,False
user_009615,org_02169,member,2025-03-05T17:00:00,False
user_009616,org_02169,member,2025-03-05T14:00:00,False
user_009617,org_02170,admin,2025-08-21T08:00:00,True
user_009618,org_02170,member,2025-08-20T18:00:00,False
user_009619,org_02170,member,2025-08-20T14:00:00,False
user_009620,org_02170,member,2025-08-21T09:00:00,False
user_009621,org_02170,member,2025-08-21T13:00:00,False
user_009622,org_02170,viewer,2025-08-21T11:00:00,False
user_009623,org_02170,member,2025-08-20T11:00:00,False
user_009624,org_02170,viewer,2025-08-20T17:00:00,False
user_009625,org_02171,admin,2025-04-27T19:00:00,True
user_009626,org_02171,member,2025-04-26T02:00:00,False
user_009627,org_02171,member,2025-04-26T09:00:00,False
user_009628,org_02171,member,2025-04-26T06:00:00,False
user_009629,org_02171,member,2025-04-26T22:00:00,False
user_009630,org_02171,member,2025-04-27T05:00:00,False
user_009631,org_02171,member,2025-04-27T23:00:00,False
user_009632,org_02172,admin,2025-10-03T09:00:00,True
user_009633,org_02172,member,2025-10-02T11:00:00,False
user_009634,org_02172,member,2025-10-03T09:00:00,False
user_009635,org_02172,member,2025-10-03T23:00:00,False
user_009636,org_02172,member,2025-10-02T13:00:00,False
user_009637,org_02172,viewer,2025-10-02T18:00:00,False
user_009638,org_02173,admin,2025-10-07T07:00:00,True
user_009639,org_02173,member,2025-10-07T14:00:00,False
user_009640,org_02173,member,2025-10-07T07:00:00,False
user_009641,org_02173,member,2025-10-08T14:00:00,False
user_009642,org_02174,admin,2025-04-09T07:00:00,True
user_009643,org_02174,viewer,2025-04-08T09:00:00,False
user_009644,org_02174,viewer,2025-04-09T19:00:00,False
user_009645,org_02175,admin,2025-09-30T16:00:00,True
user_009646,org_02175,member,2025-09-30T15:00:00,False
user_009647,org_02176,admin,2025-07-18T13:00:00,True
user_009648,org_02177,admin,2025-06-29T19:00:00,True
user_009649,org_02177,member,2025-06-29T13:00:00,False
user_009650,org_02177,member,2025-06-29T12:00:00,False
user_009651,org_02177,member,2025-06-29T01:00:00,False
user_009652,org_02177,member,2025-06-29T21:00:00,False
user_009653,org_02177,member,2025-06-28T17:00:00,False
user_009654,org_02177,member,2025-06-29T11:00:00,False
user_009655,org_02177,viewer,2025-06-29T15:00:00,False
user_009656,org_02178,admin,2025-09-22T07:00:00,True
user_009657,org_02178,member,2025-09-21T09:00:00,False
user_009658,org_02179,admin,2025-02-06T18:00:00,True
user_009659,org_02179,member,2025-02-05T08:00:00,False
user_009660,org_02179,viewer,2025-02-06T13:00:00,False
user_009661,org_02180,admin,2025-01-02T04:00:00,True
user_009662,org_02180,member,2025-01-03T09:00:00,False
user_009663,org_02180,member,2025-01-02T19:00:00,False
user_009664,org_02180,viewer,2025-01-02T08:00:00,False
user_009665,org_02181,admin,2025-09-03T06:00:00,True
user_009666,org_02181,member,2025-09-02T21:00:00,False
user_009667,org_02181,member,2025-09-02T00:00:00,False
user_009668,org_02182,admin,2025-02-20T06:00:00,True
user_009669,org_02182,member,2025-02-20T01:00:00,False
user_009670,org_02182,member,2025-02-20T14:00:00,False
user_009671,org_02182,member,2025-02-21T02:00:00,False
user_009672,org_02182,member,2025-02-20T06:00:00,False
user_009673,org_02182,member,2025-02-20T02:00:00,False
user_009674,org_02182,member,2025-02-21T04:00:00,False
user_009675,org_02183,admin,2025-02-25T12:00:00,True
user_009676,org_02183,member,2025-02-25T06:00:00,False
user_009677,org_02183,member,2025-02-26T03:00:00,False
user_009678,org_02183,member,2025-02-25T04:00:00,False
user_009679,org_02183,member,2025-02-26T07:00:00,False
user_009680,org_02183,member,2025-02-26T11:00:00,False
user_009681,org_02183,member,2025-02-26T05:00:00,False
user_009682,org_02184,admin,2025-09-04T21:00:00,True
user_009683,org_02184,member,2025-09-05T04:00:00,False
user_009684,org_02185,admin,2025-12-06T14:00:00,True
user_009685,org_02186,admin,2025-03-25T23:00:00,True
user_009686,org_02186,viewer,2025-03-25T12:00:00,False
user_009687,org_02186,member,2025-03-25T18:00:00,False
user_009688,org_02186,viewer,2025-03-25T08:00:00,False
user_009689,org_02186,viewer,2025-03-26T22:00:00,False
user_009690,org_02187,admin,2025-12-18T05:00:00,True
user_009691,org_02187,member,2025-12-17T20:00:00,False
user_009692,org_02187,viewer,2025-12-18T20:00:00,False
user_009693,org_02187,member,2025-12-17T05:00:00,False
user_009694,org_02187,member,2025-12-18T14:00:00,False
user_009695,org_02187,member,2025-12-17T03:00:00,False
user_009696,org_02187,member,2025-12-18T15:00:00,False
user_009697,org_02188,admin,2025-12-10T16:00:00,True
user_009698,org_02188,viewer,2025-12-10T05:00:00,False
user_009699,org_02188,member,2025-12-10T20:00:00,False
user_009700,org_02188,member,2025-12-11T15:00:00,False
user_009701,org_02188,member,2025-12-10T19:00:00,False
user_009702,org_02188,member,2025-12-10T08:00:00,False
user_009703,org_02188,member,2025-12-10T00:00:00,False
user_009704,org_02188,member,2025-12-11T07:00:00,False
user_009705,org_02189,admin,2025-07-01T18:00:00,True
user_009706,org_02189,viewer,2025-07-01T09:00:00,False
user_009707,org_02190,admin,2025-07-11T00:00:00,True
user_009708,org_02190,viewer,2025-07-12T07:00:00,False
user_009709,org_02190,member,2025-07-12T01:00:00,False
user_009710,org_02190,member,2025-07-11T20:00:00,False
user_009711,org_02190,member,2025-07-11T11:00:00,False
user_009712,org_02190,viewer,2025-07-11T15:00:00,False
user_009713,org_02191,admin,2025-06-27T15:00:00,True
user_009714,org_02191,viewer,2025-06-27T18:00:00,False
user_009715,org_02191,viewer,2025-06-28T03:00:00,False
user_009716,org_02191,member,2025-06-28T20:00:00,False
user_009717,org_02192,admin,2025-11-23T22:00:00,True
user_009718,org_02192,member,2025-11-23T23:00:00,False
user_009719,org_02192,member,2025-11-24T13:00:00,False
user_009720,org_02192,member,2025-11-23T11:00:00,False
user_009721,org_02192,member,2025-11-23T16:00:00,False
user_009722,org_02192,viewer,2025-11-23T12:00:00,False
user_009723,org_02192,viewer,2025-11-24T15:00:00,False
user_009724,org_02193,admin,2025-05-01T07:00:00,True
user_009725,org_02193,member,2025-05-01T11:00:00,False
user_009726,org_02194,admin,2025-06-25T16:00:00,True
user_009727,org_02194,member,2025-06-26T03:00:00,False
user_009728,org_02194,member,2025-06-25T08:00:00,False
user_009729,org_02194,viewer,2025-06-25T00:00:00,False
user_009730,org_02194,member,2025-06-25T18:00:00,False
user_009731,org_02194,viewer,2025-06-25T07:00:00,False
user_009732,org_02194,member,2025-06-25T04:00:00,False
user_009733,org_02194,viewer,2025-06-25T01:00:00,False
user_009734,org_02195,admin,2025-10-04T07:00:00,True
user_009735,org_02195,member,2025-10-05T04:00:00,False
user_009736,org_02195,member,2025-10-04T09:00:00,False
user_009737,org_02195,member,2025-10-04T10:00:00,False
user_009738,org_02196,admin,2025-07-03T05:00:00,True
user_009739,org_02196,member,2025-07-03T19:00:00,False
user_009740,org_02196,member,2025-07-03T16:00:00,False
user_009741,org_02196,viewer,2025-07-02T08:00:00,False
user_009742,org_02197,admin,2025-05-14T09:00:00,True
user_009743,org_02197,member,2025-05-14T04:00:00,False
user_009744,org_02197,viewer,2025-05-14T03:00:00,False
user_009745,org_02197,viewer,2025-05-15T14:00:00,False
user_009746,org_02197,member,2025-05-14T18:00:00,False
user_009747,org_02197,member,2025-05-14T05:00:00,False
user_009748,org_02197,viewer,2025-05-15T08:00:00,False
user_009749,org_02197,member,2025-05-14T13:00:00,False
user_009750,org_02198,admin,2025-09-06T00:00:00,True
user_009751,org_02198,member,2025-09-06T16:00:00,False
user_009752,org_02199,admin,2025-05-17T23:00:00,True
user_009753,org_02199,member,2025-05-18T15:00:00,False
user_009754,org_02200,admin,2025-09-04T08:00:00,True
user_009755,org_02200,member,2025-09-04T20:00:00,False
user_009756,org_02200,member,2025-09-04T23:00:00,False
user_009757,org_02200,viewer,2025-09-04T18:00:00,False
user_009758,org_02200,member,2025-09-04T09:00:00,False
user_009759,org_02200,member,2025-09-04T00:00:00,False
user_009760,org_02201,admin,2025-07-26T09:00:00,True
user_009761,org_02202,admin,2025-04-01T04:00:00,True
user_009762,org_02202,member,2025-04-01T00:00:00,False
user_009763,org_02203,admin,2025-09-01T10:00:00,True
user_009764,org_02203,member,2025-09-01T09:00:00,False
user_009765,org_02203,member,2025-09-01T23:00:00,False
user_009766,org_02203,member,2025-09-02T04:00:00,False
user_009767,org_02203,viewer,2025-09-02T15:00:00,False
user_009768,org_02203,member,2025-09-01T01:00:00,False
user_009769,org_02203,member,2025-09-02T16:00:00,False
user_009770,org_02204,admin,2025-07-11T02:00:00,True
user_009771,org_02205,admin,2025-02-22T01:00:00,True
user_009772,org_02206,admin,2025-03-08T13:00:00,True
user_009773,org_02206,member,2025-03-08T19:00:00,False
user_009774,org_02206,member,2025-03-07T09:00:00,False
user_009775,org_02206,member,2025-03-08T07:00:00,False
user_009776,org_02206,member,2025-03-07T21:00:00,False
user_009777,org_02207,admin,2025-01-06T01:00:00,True
user_009778,org_02207,member,2025-01-05T01:00:00,False
user_009779,org_02207,member,2025-01-05T20:00:00,False
user_009780,org_02208,admin,2025-12-02T03:00:00,True
user_009781,org_02208,viewer,2025-12-03T14:00:00,False
user_009782,org_02208,viewer,2025-12-02T02:00:00,False
user_009783,org_02208,member,2025-12-03T05:00:00,False
user_009784,org_02209,admin,2025-08-06T03:00:00,True
user_009785,org_02209,member,2025-08-05T20:00:00,False
user_009786,org_02209,viewer,2025-08-05T07:00:00,False
user_009787,org_02209,member,2025-08-05T19:00:00,False
user_009788,org_02209,viewer,2025-08-06T16:00:00,False
user_009789,org_02210,admin,2025-02-28T16:00:00,True
user_009790,org_02210,viewer,2025-02-28T10:00:00,False
user_009791,org_02210,member,2025-02-28T05:00:00,False
user_009792,org_02210,member,2025-02-28T21:00:00,False
user_009793,org_02210,member,2025-02-28T10:00:00,False
user_009794,org_02211,admin,2025-03-03T23:00:00,True
user_009795,org_02211,member,2025-03-04T19:00:00,False
user_009796,org_02211,member,2025-03-03T13:00:00,False
user_009797,org_02211,viewer,2025-03-04T08:00:00,False
user_009798,org_02211,member,2025-03-03T06:00:00,False
user_009799,org_02211,member,2025-03-04T21:00:00,False
user_009800,org_02211,viewer,2025-03-03T10:00:00,False
user_009801,org_02211,viewer,2025-03-04T21:00:00,False
user_009802,org_02212,admin,2025-06-07T03:00:00,True
user_009803,org_02212,member,2025-06-08T16:00:00,False
user_009804,org_02212,member,2025-06-08T16:00:00,False
user_009805,org_02212,member,2025-06-08T17:00:00,False
user_009806,org_02212,member,2025-06-07T16:00:00,False
user_009807,org_02213,admin,2025-11-13T18:00:00,True
user_009808,org_02213,member,2025-11-12T19:00:00,False
user_009809,org_02213,member,2025-11-13T13:00:00,False
user_009810,org_02213,viewer,2025-11-12T04:00:00,False
user_009811,org_02213,member,2025-11-13T02:00:00,False
user_009812,org_02213,member,2025-11-13T07:00:00,False
user_009813,org_02213,member,2025-11-12T01:00:00,False
user_009814,org_02213,viewer,2025-11-12T21:00:00,False
user_009815,org_02214,admin,2025-01-24T10:00:00,True
user_009816,org_02214,viewer,2025-01-24T08:00:00,False
user_009817,org_02214,member,2025-01-23T01:00:00,False
user_009818,org_02214,viewer,2025-01-24T13:00:00,False
user_009819,org_02214,member,2025-01-23T08:00:00,False
user_009820,org_02215,admin,2025-06-23T15:00:00,True
user_009821,org_02215,member,2025-06-22T03:00:00,False
user_009822,org_02215,member,2025-06-23T01:00:00,False
user_009823,org_02215,member,2025-06-23T01:00:00,False
user_009824,org_02215,member,2025-06-23T00:00:00,False
user_009825,org_02215,member,2025-06-22T05:00:00,False
user_009826,org_02215,member,2025-06-23T01:00:00,False
user_009827,org_02215,member,2025-06-22T20:00:00,False
user_009828,org_02216,admin,2025-06-25T10:00:00,True
user_009829,org_02216,member,2025-06-25T15:00:00,False
user_009830,org_02217,admin,2025-09-06T16:00:00,True
user_009831,org_02217,member,2025-09-05T20:00:00,False
user_009832,org_02217,viewer,2025-09-06T07:00:00,False
user_009833,org_02217,viewer,2025-09-05T14:00:00,False
user_009834,org_02218,admin,2025-12-14T07:00:00,True
user_009835,org_02219,admin,2025-12-20T11:00:00,True
user_009836,org_02219,member,2025-12-21T23:00:00,False
user_009837,org_02219,member,2025-12-20T07:00:00,False
user_009838,org_02219,viewer,2025-12-21T19:00:00,False
user_009839,org_02219,viewer,2025-12-21T19:00:00,False
user_009840,org_02219,member,2025-12-20T20:00:00,False
user_009841,org_02219,member,2025-12-20T14:00:00,False
user_009842,org_02219,member,2025-12-21T14:00:00,False
user_009843,org_02220,admin,2025-02-20T21:00:00,True
user_009844,org_02220,member,2025-02-20T04:00:00,False
user_009845,org_02220,member,2025-02-20T09:00:00,False
user_009846,org_02220,member,2025-02-21T18:00:00,False
user_009847,org_02221,admin,2025-11-01T07:00:00,True
user_009848,org_02222,admin,2025-06-11T03:00:00,True
user_009849,org_02222,member,2025-06-12T02:00:00,False
user_009850,org_02222,member,2025-06-12T20:00:00,False
user_009851,org_02222,member,2025-06-12T08:00:00,False
user_009852,org_02222,member,2025-06-12T23:00:00,False
user_009853,org_02222,member,2025-06-11T03:00:00,False
user_009854,org_02222,member,2025-06-11T10:00:00,False
user_009855,org_02222,member,2025-06-12T03:00:00,False
user_009856,org_02223,admin,2025-05-09T16:00:00,True
user_009857,org_02223,member,2025-05-09T17:00:00,False
user_009858,org_02223,member,2025-05-09T06:00:00,False
user_009859,org_02223,member,2025-05-09T17:00:00,False
user_009860,org_02223,member,2025-05-09T12:00:00,False
user_009861,org_02223,viewer,2025-05-09T11:00:00,False
user_009862,org_02223,member,2025-05-08T19:00:00,False
user_009863,org_02224,admin,2025-03-22T16:00:00,True
user_009864,org_02224,member,2025-03-22T08:00:00,False
user_009865,org_02224,member,2025-03-22T10:00:00,False
user_009866,org_02224,member,2025-03-21T15:00:00,False
user_009867,org_02225,admin,2025-09-11T09:00:00,True
user_009868,org_02225,viewer,2025-09-11T14:00:00,False
user_009869,org_02225,member,2025-09-11T04:00:00,False
user_009870,org_02225,member,2025-09-11T17:00:00,False
user_009871,org_02225,member,2025-09-11T01:00:00,False
user_009872,org_02225,member,2025-09-10T20:00:00,False
user_009873,org_02226,admin,2025-02-06T19:00:00,True
user_009874,org_02226,member,2025-02-07T02:00:00,False
user_009875,org_02226,member,2025-02-06T19:00:00,False
user_009876,org_02226,member,2025-02-06T03:00:00,False
user_009877,org_02226,viewer,2025-02-06T01:00:00,False
user_009878,org_02226,member,2025-02-07T20:00:00,False
user_009879,org_02226,viewer,2025-02-07T06:00:00,False
user_009880,org_02227,admin,2025-12-24T01:00:00,True
user_009881,org_02227,member,2025-12-25T11:00:00,False
user_009882,org_02227,member,2025-12-24T04:00:00,False
user_009883,org_02227,viewer,2025-12-24T07:00:00,False
user_009884,org_02227,viewer,2025-12-25T01:00:00,False
user_009885,org_02227,viewer,2025-12-24T12:00:00,False
user_009886,org_02228,admin,2025-01-03T05:00:00,True
user_009887,org_02228,member,2025-01-03T00:00:00,False
user_009888,org_02228,member,2025-01-02T12:00:00,False
user_009889,org_02228,member,2025-01-02T17:00:00,False
user_009890,org_02228,viewer,2025-01-02T05:00:00,False
user_009891,org_02228,member,2025-01-03T15:00:00,False
user_009892,org_02228,member,2025-01-02T12:00:00,False
user_009893,org_02229,admin,2025-02-09T03:00:00,True
user_009894,org_02229,member,2025-02-08T04:00:00,False
user_009895,org_02230,admin,2025-10-31T13:00:00,True
user_009896,org_02230,member,2025-11-01T05:00:00,False
user_009897,org_02230,viewer,2025-10-31T18:00:00,False
user_009898,org_02230,viewer,2025-10-31T08:00:00,False
user_009899,org_02230,viewer,2025-10-31T08:00:00,False
user_009900,org_02231,admin,2025-05-05T05:00:00,True
user_009901,org_02231,member,2025-05-05T12:00:00,False
user_009902,org_02231,member,2025-05-05T22:00:00,False
user_009903,org_02231,member,2025-05-04T09:00:00,False
user_009904,org_02232,admin,2025-08-31T11:00:00,True
user_009905,org_02232,member,2025-08-30T13:00:00,False
user_009906,org_02232,viewer,2025-08-31T06:00:00,False
user_009907,org_02232,member,2025-08-30T17:00:00,False
user_009908,org_02232,viewer,2025-08-30T19:00:00,False
user_009909,org_02232,member,2025-08-31T12:00:00,False
user_009910,org_02233,admin,2025-01-29T14:00:00,True
user_009911,org_02233,member,2025-01-29T15:00:00,False
user_009912,org_02233,member,2025-01-29T01:00:00,False
user_009913,org_02233,member,2025-01-28T23:00:00,False
user_009914,org_02234,admin,2025-10-31T17:00:00,True
user_009915,org_02234,member,2025-10-31T17:00:00,False
user_009916,org_02234,member,2025-10-30T04:00:00,False
user_009917,org_02234,member,2025-10-30T18:00:00,False
user_009918,org_02234,viewer,2025-10-30T22:00:00,False
user_009919,org_02234,member,2025-10-31T09:00:00,False
user_009920,org_02234,member,2025-10-30T13:00:00,False
user_009921,org_02234,viewer,2025-10-31T20:00:00,False
user_009922,org_02235,admin,2025-12-09T19:00:00,True
user_009923,org_02235,member,2025-12-09T04:00:00,False
user_009924,org_02235,member,2025-12-10T04:00:00,False
user_009925,org_02235,viewer,2025-12-09T04:00:00,False
user_009926,org_02236,admin,2025-12-12T23:00:00,True
user_009927,org_02236,member,2025-12-13T17:00:00,False
user_009928,org_02236,member,2025-12-12T00:00:00,False
user_009929,org_02236,member,2025-12-13T03:00:00,False
user_009930,org_02236,viewer,2025-12-13T02:00:00,False
user_009931,org_02236,viewer,2025-12-13T04:00:00,False
user_009932,org_02236,member,2025-12-12T07:00:00,False
user_009933,org_02236,member,2025-12-13T10:00:00,False
user_009934,org_02237,admin,2025-06-30T00:00:00,True
user_009935,org_02237,member,2025-06-30T01:00:00,False
user_009936,org_02237,member,2025-06-30T06:00:00,False
user_009937,org_02237,member,2025-06-29T23:00:00,False
user_009938,org_02237,member,2025-06-29T18:00:00,False
user_009939,org_02238,admin,2025-07-01T06:00:00,True
user_009940,org_02239,admin,2025-08-12T16:00:00,True
user_009941,org_02239,member,2025-08-13T21:00:00,False
user_009942,org_02239,viewer,2025-08-13T18:00:00,False
user_009943,org_02239,member,2025-08-12T01:00:00,False
user_009944,org_02240,admin,2025-09-08T02:00:00,True
user_009945,org_02240,viewer,2025-09-08T11:00:00,False
user_009946,org_02240,member,2025-09-07T11:00:00,False
user_009947,org_02240,member,2025-09-07T04:00:00,False
user_009948,org_02241,admin,2025-10-15T03:00:00,True
user_009949,org_02241,member,2025-10-14T01:00:00,False
user_009950,org_02241,member,2025-10-15T20:00:00,False
user_009951,org_02242,admin,2025-12-02T17:00:00,True
user_009952,org_02242,member,2025-12-02T04:00:00,False
user_009953,org_02242,viewer,2025-12-01T18:00:00,False
user_009954,org_02242,member,2025-12-02T18:00:00,False
user_009955,org_02242,member,2025-12-02T17:00:00,False
user_009956,org_02243,admin,2025-03-08T13:00:00,True
user_009957,org_02243,viewer,2025-03-08T06:00:00,False
user_009958,org_02244,admin,2025-07-25T11:00:00,True
user_009959,org_02244,member,2025-07-26T02:00:00,False
user_009960,org_02244,member,2025-07-26T20:00:00,False
user_009961,org_02244,member,2025-07-26T18:00:00,False
user_009962,org_02245,admin,2025-12-24T21:00:00,True
user_009963,org_02245,member,2025-12-24T01:00:00,False
user_009964,org_02245,member,2025-12-24T13:00:00,False
user_009965,org_02245,member,2025-12-23T23:00:00,False
user_009966,org_02246,admin,2025-12-05T15:00:00,True
user_009967,org_02246,member,2025-12-05T09:00:00,False
user_009968,org_02246,viewer,2025-12-04T08:00:00,False
user_009969,org_02246,member,2025-12-04T22:00:00,False
user_009970,org_02246,member,2025-12-05T13:00:00,False
user_009971,org_02246,member,2025-12-04T19:00:00,False
user_009972,org_02246,member,2025-12-04T02:00:00,False
user_009973,org_02247,admin,2025-02-05T16:00:00,True
user_009974,org_02247,member,2025-02-06T00:00:00,False
user_009975,org_02247,member,2025-02-05T06:00:00,False
user_009976,org_02247,member,2025-02-05T05:00:00,False
user_009977,org_02248,admin,2025-07-18T10:00:00,True
user_009978,org_02248,member,2025-07-18T18:00:00,False
user_009979,org_02248,viewer,2025-07-18T21:00:00,False
user_009980,org_02248,member,2025-07-17T01:00:00,False
user_009981,org_02249,admin,2025-01-20T10:00:00,True
user_009982,org_02250,admin,2025-04-02T10:00:00,True
user_009983,org_02250,member,2025-04-02T16:00:00,False
user_009984,org_02250,viewer,2025-04-02T17:00:00,False
user_009985,org_02250,member,2025-04-02T23:00:00,False
user_009986,org_02250,member,2025-04-03T06:00:00,False
user_009987,org_02250,member,2025-04-02T17:00:00,False
user_009988,org_02250,viewer,2025-04-02T17:00:00,False
user_009989,org_02250,member,2025-04-03T08:00:00,False
user_009990,org_02251,admin,2025-11-29T04:00:00,True
user_009991,org_02251,member,2025-11-29T18:00:00,False
user_009992,org_02251,member,2025-11-29T06:00:00,False
user_009993,org_02251,viewer,2025-11-29T20:00:00,False
user_009994,org_02251,viewer,2025-11-28T12:00:00,False
user_009995,org_02251,member,2025-11-28T08:00:00,False
user_009996,org_02252,admin,2025-03-25T22:00:00,True
user_009997,org_02252,viewer,2025-03-26T06:00:00,False
user_009998,org_02252,member,2025-03-26T23:00:00,False
user_009999,org_02252,member,2025-03-25T11:00:00,False
user_010000,org_02252,viewer,2025-03-26T07:00:00,False
user_010001,org_02252,viewer,2025-03-25T19:00:00,False
user_010002,org_02252,member,2025-03-25T05:00:00,False
user_010003,org_02253,admin,2025-06-20T23:00:00,True
user_010004,org_02253,member,2025-06-20T02:00:00,False
user_010005,org_02253,member,2025-06-19T04:00:00,False
user_010006,org_02253,member,2025-06-19T20:00:00,False
user_010007,org_02253,viewer,2025-06-19T05:00:00,False
user_010008,org_02254,admin,2025-04-30T01:00:00,True
user_010009,org_02254,member,2025-04-30T23:00:00,False
user_010010,org_02255,admin,2025-07-29T15:00:00,True
user_010011,org_02255,member,2025-07-29T23:00:00,False
user_010012,org_02255,viewer,2025-07-29T08:00:00,False
user_010013,org_02256,admin,2025-09-08T19:00:00,True
user_010014,org_02256,viewer,2025-09-07T14:00:00,False
user_010015,org_02256,viewer,2025-09-07T16:00:00,False
user_010016,org_02256,member,2025-09-08T11:00:00,False
user_010017,org_02256,member,2025-09-07T09:00:00,False
user_010018,org_02256,viewer,2025-09-08T22:00:00,False
user_010019,org_02256,member,2025-09-08T05:00:00,False
user_010020,org_02256,member,2025-09-07T18:00:00,False
user_010021,org_02257,admin,2025-07-19T04:00:00,True
user_010022,org_02257,member,2025-07-19T21:00:00,False
user_010023,org_02257,member,2025-07-19T20:00:00,False
user_010024,org_02257,member,2025-07-20T16:00:00,False
user_010025,org_02257,viewer,2025-07-20T09:00:00,False
user_010026,org_02258,admin,2025-10-06T01:00:00,True
user_010027,org_02258,member,2025-10-06T19:00:00,False
user_010028,org_02258,member,2025-10-05T20:00:00,False
user_010029,org_02258,member,2025-10-06T05:00:00,False
user_010030,org_02258,member,2025-10-05T19:00:00,False
user_010031,org_02258,member,2025-10-05T04:00:00,False
user_010032,org_02258,viewer,2025-10-06T00:00:00,False
user_010033,org_02258,member,2025-10-06T14:00:00,False
user_010034,org_02259,admin,2025-04-20T23:00:00,True
user_010035,org_02259,member,2025-04-19T13:00:00,False
user_010036,org_02259,member,2025-04-20T10:00:00,False
user_010037,org_02259,member,2025-04-19T19:00:00,False
user_010038,org_02260,admin,2025-09-03T16:00:00,True
user_010039,org_02260,member,2025-09-04T08:00:00,False
user_010040,org_02260,member,2025-09-04T16:00:00,False
user_010041,org_02260,member,2025-09-04T08:00:00,False
user_010042,org_02260,member,2025-09-03T02:00:00,False
user_010043,org_02260,member,2025-09-04T09:00:00,False
user_010044,org_02260,viewer,2025-09-03T16:00:00,False
user_010045,org_02261,admin,2025-09-15T17:00:00,True
user_010046,org_02261,member,2025-09-14T06:00:00,False
user_010047,org_02261,member,2025-09-14T19:00:00,False
user_010048,org_02261,member,2025-09-15T13:00:00,False
user_010049,org_02261,viewer,2025-09-14T06:00:00,False
user_010050,org_02261,viewer,2025-09-14T22:00:00,False
user_010051,org_02262,admin,2025-06-02T13:00:00,True
user_010052,org_02262,member,2025-06-02T06:00:00,False
user_010053,org_02262,member,2025-06-02T17:00:00,False
user_010054,org_02262,viewer,2025-06-03T15:00:00,False
user_010055,org_02262,member,2025-06-02T03:00:00,False
user_010056,org_02262,member,2025-06-03T08:00:00,False
user_010057,org_02262,member,2025-06-02T10:00:00,False
user_010058,org_02263,admin,2025-08-24T21:00:00,True
user_010059,org_02263,viewer,2025-08-25T07:00:00,False
user_010060,org_02263,viewer,2025-08-25T07:00:00,False
user_010061,org_02264,admin,2025-03-20T08:00:00,True
user_010062,org_02264,member,2025-03-21T12:00:00,False
user_010063,org_02264,member,2025-03-20T02:00:00,False
user_010064,org_02265,admin,2025-10-01T23:00:00,True
user_010065,org_02265,viewer,2025-09-30T08:00:00,False
user_010066,org_02266,admin,2025-11-05T00:00:00,True
user_010067,org_02266,member,2025-11-05T03:00:00,False
user_010068,org_02267,admin,2025-02-16T06:00:00,True
user_010069,org_02267,member,2025-02-16T10:00:00,False
user_010070,org_02267,member,2025-02-16T17:00:00,False
user_010071,org_02267,member,2025-02-15T20:00:00,False
user_010072,org_02268,admin,2025-12-13T18:00:00,True
user_010073,org_02268,member,2025-12-12T09:00:00,False
user_010074,org_02268,member,2025-12-13T20:00:00,False
user_010075,org_02268,member,2025-12-13T16:00:00,False
user_010076,org_02268,member,2025-12-13T19:00:00,False
user_010077,org_02268,viewer,2025-12-12T17:00:00,False
user_010078,org_02268,member,2025-12-12T19:00:00,False
user_010079,org_02268,member,2025-12-13T18:00:00,False
user_010080,org_02269,admin,2025-08-10T14:00:00,True
user_010081,org_02269,member,2025-08-10T07:00:00,False
user_010082,org_02269,member,2025-08-10T07:00:00,False
user_010083,org_02269,member,2025-08-09T13:00:00,False
user_010084,org_02269,viewer,2025-08-09T23:00:00,False
user_010085,org_02270,admin,2025-11-20T02:00:00,True
user_010086,org_02270,member,2025-11-20T12:00:00,False
user_010087,org_02270,member,2025-11-20T13:00:00,False
user_010088,org_02270,member,2025-11-21T18:00:00,False
user_010089,org_02270,viewer,2025-11-20T08:00:00,False
user_010090,org_02271,admin,2025-10-01T10:00:00,True
user_010091,org_02271,viewer,2025-10-01T11:00:00,False
user_010092,org_02271,member,2025-10-01T04:00:00,False
user_010093,org_02271,member,2025-10-02T17:00:00,False
user_010094,org_02271,member,2025-10-02T11:00:00,False
user_010095,org_02271,viewer,2025-10-02T02:00:00,False
user_010096,org_02271,member,2025-10-01T08:00:00,False
user_010097,org_02271,viewer,2025-10-01T01:00:00,False
user_010098,org_02272,admin,2025-03-24T17:00:00,True
user_010099,org_02272,member,2025-03-24T21:00:00,False
user_010100,org_02272,member,2025-03-25T19:00:00,False
user_010101,org_02272,member,2025-03-24T00:00:00,False
user_010102,org_02273,admin,2025-05-03T08:00:00,True
user_010103,org_02273,member,2025-05-02T10:00:00,False
user_010104,org_02273,viewer,2025-05-03T12:00:00,False
user_010105,org_02273,viewer,2025-05-02T07:00:00,False
user_010106,org_02273,member,2025-05-02T10:00:00,False
user_010107,org_02273,viewer,2025-05-03T20:00:00,False
user_010108,org_02273,member,2025-05-03T20:00:00,False
user_010109,org_02274,admin,2025-05-18T13:00:00,True
user_010110,org_02274,member,2025-05-18T02:00:00,False
user_010111,org_02274,member,2025-05-18T16:00:00,False
user_010112,org_02274,member,2025-05-18T07:00:00,False
user_010113,org_02274,viewer,2025-05-18T07:00:00,False
user_010114,org_02274,member,2025-05-18T15:00:00,False
user_010115,org_02274,member,2025-05-17T06:00:00,False
user_010116,org_02275,admin,2025-04-21T20:00:00,True
user_010117,org_02275,viewer,2025-04-20T08:00:00,False
user_010118,org_02275,member,2025-04-21T11:00:00,False
user_010119,org_02276,admin,2025-08-17T23:00:00,True
user_010120,org_02276,member,2025-08-18T07:00:00,False
user_010121,org_02276,member,2025-08-18T11:00:00,False
user_010122,org_02277,admin,2025-03-27T09:00:00,True
user_010123,org_02277,member,2025-03-26T22:00:00,False
user_010124,org_02277,member,2025-03-26T19:00:00,False
user_010125,org_02278,admin,2025-11-25T10:00:00,True
user_010126,org_02278,viewer,2025-11-26T07:00:00,False
user_010127,org_02279,admin,2025-04-21T14:00:00,True
user_010128,org_02279,member,2025-04-21T18:00:00,False
user_010129,org_02279,viewer,2025-04-21T21:00:00,False
user_010130,org_02280,admin,2025-07-24T09:00:00,True
user_010131,org_02280,member,2025-07-24T08:00:00,False
user_010132,org_02280,member,2025-07-23T11:00:00,False
user_010133,org_02281,admin,2025-07-13T17:00:00,True
user_010134,org_02281,member,2025-07-13T20:00:00,False
user_010135,org_02281,member,2025-07-14T07:00:00,False
user_010136,org_02282,admin,2025-03-24T21:00:00,True
user_010137,org_02282,member,2025-03-24T13:00:00,False
user_010138,org_02282,member,2025-03-24T06:00:00,False
user_010139,org_02282,member,2025-03-24T01:00:00,False
user_010140,org_02282,member,2025-03-23T06:00:00,False
user_010141,org_02282,viewer,2025-03-24T19:00:00,False
user_010142,org_02283,admin,2025-03-02T12:00:00,True
user_010143,org_02283,member,2025-03-01T13:00:00,False
user_010144,org_02283,member,2025-03-01T10:00:00,False
user_010145,org_02283,member,2025-03-02T13:00:00,False
user_010146,org_02283,member,2025-03-02T15:00:00,False
user_010147,org_02283,member,2025-03-02T09:00:00,False
user_010148,org_02284,admin,2025-01-24T08:00:00,True
user_010149,org_02284,member,2025-01-25T11:00:00,False
user_010150,org_02284,viewer,2025-01-24T01:00:00,False
user_010151,org_02284,member,2025-01-25T11:00:00,False
user_010152,org_02284,member,2025-01-25T18:00:00,False
user_010153,org_02284,viewer,2025-01-24T17:00:00,False
user_010154,org_02284,member,2025-01-24T04:00:00,False
user_010155,org_02284,member,2025-01-25T14:00:00,False
user_010156,org_02285,admin,2025-09-12T16:00:00,True
user_010157,org_02285,member,2025-09-11T08:00:00,False
user_010158,org_02285,viewer,2025-09-11T17:00:00,False
user_010159,org_02285,viewer,2025-09-11T23:00:00,False
user_010160,org_02286,admin,2025-08-17T04:00:00,True
user_010161,org_02286,member,2025-08-17T09:00:00,False
user_010162,org_02287,admin,2025-10-26T22:00:00,True
user_010163,org_02287,viewer,2025-10-27T15:00:00,False
user_010164,org_02288,admin,2025-12-24T10:00:00,True
user_010165,org_02288,member,2025-12-24T22:00:00,False
user_010166,org_02288,viewer,2025-12-23T02:00:00,False
user_010167,org_02289,admin,2025-01-27T12:00:00,True
user_010168,org_02289,viewer,2025-01-27T09:00:00,False
user_010169,org_02289,member,2025-01-27T14:00:00,False
user_010170,org_02289,member,2025-01-27T00:00:00,False
user_010171,org_02289,member,2025-01-27T17:00:00,False
user_010172,org_02289,member,2025-01-26T01:00:00,False
user_010173,org_02290,admin,2025-02-03T00:00:00,True
user_010174,org_02290,member,2025-02-03T04:00:00,False
user_010175,org_02290,member,2025-02-03T21:00:00,False
user_010176,org_02290,viewer,2025-02-02T03:00:00,False
user_010177,org_02290,member,2025-02-02T04:00:00,False
user_010178,org_02291,admin,2025-06-15T06:00:00,True
user_010179,org_02291,member,2025-06-16T11:00:00,False
user_010180,org_02292,admin,2025-12-12T08:00:00,True
user_010181,org_02292,member,2025-12-12T17:00:00,False
user_010182,org_02292,viewer,2025-12-12T18:00:00,False
user_010183,org_02292,viewer,2025-12-13T21:00:00,False
user_010184,org_02293,admin,2025-06-28T11:00:00,True
user_010185,org_02294,admin,2025-10-30T07:00:00,True
user_010186,org_02294,member,2025-10-31T09:00:00,False
user_010187,org_02295,admin,2025-07-23T22:00:00,True
user_010188,org_02295,member,2025-07-23T00:00:00,False
user_010189,org_02295,member,2025-07-23T04:00:00,False
user_010190,org_02295,member,2025-07-23T21:00:00,False
user_010191,org_02295,viewer,2025-07-24T20:00:00,False
user_010192,org_02295,member,2025-07-24T18:00:00,False
user_010193,org_02296,admin,2025-08-21T08:00:00,True
user_010194,org_02296,viewer,2025-08-21T23:00:00,False
user_010195,org_02296,member,2025-08-20T20:00:00,False
user_010196,org_02296,member,2025-08-20T04:00:00,False
user_010197,org_02297,admin,2025-01-23T13:00:00,True
user_010198,org_02298,admin,2025-03-18T11:00:00,True
user_010199,org_02298,member,2025-03-18T20:00:00,False
user_010200,org_02298,member,2025-03-18T08:00:00,False
user_010201,org_02298,member,2025-03-18T08:00:00,False
user_010202,org_02299,admin,2025-11-25T02:00:00,True
user_010203,org_02299,member,2025-11-24T01:00:00,False
user_010204,org_02299,member,2025-11-25T18:00:00,False
user_010205,org_02299,member,2025-11-24T22:00:00,False
user_010206,org_02299,member,2025-11-24T05:00:00,False
user_010207,org_02299,viewer,2025-11-25T03:00:00,False
user_010208,org_02299,viewer,2025-11-25T18:00:00,False
user_010209,org_02300,admin,2025-12-18T05:00:00,True
user_010210,org_02300,viewer,2025-12-19T10:00:00,False
user_010211,org_02301,admin,2025-02-16T12:00:00,True
user_010212,org_02301,member,2025-02-16T20:00:00,False
user_010213,org_02301,member,2025-02-15T16:00:00,False
user_010214,org_02301,member,2025-02-15T10:00:00,False
user_010215,org_02301,member,2025-02-16T12:00:00,False
user_010216,org_02301,member,2025-02-16T05:00:00,False
user_010217,org_02302,admin,2025-04-08T22:00:00,True
user_010218,org_02302,member,2025-04-09T04:00:00,False
user_010219,org_02302,member,2025-04-08T18:00:00,False
user_010220,org_02302,member,2025-04-08T00:00:00,False
user_010221,org_02303,admin,2025-05-26T23:00:00,True
user_010222,org_02303,member,2025-05-26T05:00:00,False
user_010223,org_02303,member,2025-05-25T03:00:00,False
user_010224,org_02304,admin,2025-03-11T09:00:00,True
user_010225,org_02304,member,2025-03-12T03:00:00,False
user_010226,org_02304,viewer,2025-03-11T00:00:00,False
user_010227,org_02305,admin,2025-05-30T02:00:00,True
user_010228,org_02305,viewer,2025-05-30T04:00:00,False
user_010229,org_02305,member,2025-05-30T05:00:00,False
user_010230,org_02306,admin,2025-06-30T03:00:00,True
user_010231,org_02306,member,2025-07-01T15:00:00,False
user_010232,org_02306,member,2025-06-30T21:00:00,False
user_010233,org_02306,member,2025-06-30T02:00:00,False
user_010234,org_02306,viewer,2025-06-30T10:00:00,False
user_010235,org_02307,admin,2025-02-09T05:00:00,True
user_010236,org_02307,viewer,2025-02-10T20:00:00,False
user_010237,org_02307,member,2025-02-10T19:00:00,False
user_010238,org_02307,viewer,2025-02-09T06:00:00,False
user_010239,org_02307,member,2025-02-09T08:00:00,False
user_010240,org_02307,member,2025-02-09T06:00:00,False
user_010241,org_02307,member,2025-02-09T02:00:00,False
user_010242,org_02307,viewer,2025-02-10T09:00:00,False
user_010243,org_02308,admin,2025-08-14T14:00:00,True
user_010244,org_02308,member,2025-08-14T15:00:00,False
user_010245,org_02308,member,2025-08-14T02:00:00,False
user_010246,org_02308,viewer,2025-08-13T12:00:00,False
user_010247,org_02308,viewer,2025-08-14T14:00:00,False
user_010248,org_02309,admin,2025-01-28T07:00:00,True
user_010249,org_02309,viewer,2025-01-28T13:00:00,False
user_010250,org_02309,member,2025-01-28T07:00:00,False
user_010251,org_02310,admin,2025-10-24T07:00:00,True
user_010252,org_02310,member,2025-10-23T05:00:00,False
user_010253,org_02311,admin,2025-07-21T16:00:00,True
user_010254,org_02311,member,2025-07-21T20:00:00,False
user_010255,org_02311,viewer,2025-07-21T22:00:00,False
user_010256,org_02311,viewer,2025-07-21T03:00:00,False
user_010257,org_02311,member,2025-07-20T02:00:00,False
user_010258,org_02311,member,2025-07-20T13:00:00,False
user_010259,org_02311,member,2025-07-20T08:00:00,False
user_010260,org_02312,admin,2025-06-25T10:00:00,True
user_010261,org_02312,member,2025-06-26T02:00:00,False
user_010262,org_02312,member,2025-06-26T17:00:00,False
user_010263,org_02312,member,2025-06-25T20:00:00,False
user_010264,org_02312,member,2025-06-25T18:00:00,False
user_010265,org_02312,member,2025-06-25T05:00:00,False
user_010266,org_02312,viewer,2025-06-25T05:00:00,False
user_010267,org_02312,member,2025-06-26T01:00:00,False
user_010268,org_02313,admin,2025-04-04T06:00:00,True
user_010269,org_02313,member,2025-04-05T15:00:00,False
user_010270,org_02314,admin,2025-09-11T11:00:00,True
user_010271,org_02314,member,2025-09-10T19:00:00,False
user_010272,org_02314,member,2025-09-11T03:00:00,False
user_010273,org_02314,member,2025-09-10T09:00:00,False
user_010274,org_02314,member,2025-09-11T22:00:00,False
user_010275,org_02315,admin,2025-05-20T23:00:00,True
user_010276,org_02315,member,2025-05-21T04:00:00,False
user_010277,org_02315,member,2025-05-20T04:00:00,False
user_010278,org_02315,member,2025-05-21T16:00:00,False
user_010279,org_02315,member,2025-05-20T00:00:00,False
user_010280,org_02315,member,2025-05-20T07:00:00,False
user_010281,org_02315,member,2025-05-21T13:00:00,False
user_010282,org_02315,viewer,2025-05-20T08:00:00,False
user_010283,org_02316,admin,2025-08-23T09:00:00,True
user_010284,org_02317,admin,2025-07-12T05:00:00,True
user_010285,org_02317,member,2025-07-12T02:00:00,False
user_010286,org_02317,viewer,2025-07-11T21:00:00,False
user_010287,org_02318,admin,2025-05-24T04:00:00,True
user_010288,org_02318,member,2025-05-24T00:00:00,False
user_010289,org_02318,member,2025-05-24T08:00:00,False
user_010290,org_02319,admin,2025-11-27T12:00:00,True
user_010291,org_02319,member,2025-11-27T21:00:00,False
user_010292,org_02319,member,2025-11-27T19:00:00,False
user_010293,org_02320,admin,2025-01-09T04:00:00,True
user_010294,org_02320,viewer,2025-01-10T03:00:00,False
user_010295,org_02320,member,2025-01-10T06:00:00,False
user_010296,org_02320,member,2025-01-10T14:00:00,False
user_010297,org_02320,member,2025-01-10T07:00:00,False
user_010298,org_02320,member,2025-01-09T23:00:00,False
user_010299,org_02320,member,2025-01-09T18:00:00,False
user_010300,org_02321,admin,2025-10-12T12:00:00,True
user_010301,org_02321,member,2025-10-13T09:00:00,False
user_010302,org_02321,viewer,2025-10-13T23:00:00,False
user_010303,org_02321,member,2025-10-13T20:00:00,False
user_010304,org_02321,viewer,2025-10-13T16:00:00,False
user_010305,org_02321,viewer,2025-10-13T15:00:00,False
user_010306,org_02321,member,2025-10-12T02:00:00,False
user_010307,org_02322,admin,2025-02-03T05:00:00,True
user_010308,org_02322,viewer,2025-02-03T00:00:00,False
user_010309,org_02322,viewer,2025-02-02T18:00:00,False
user_010310,org_02323,admin,2025-06-16T05:00:00,True
user_010311,org_02323,viewer,2025-06-17T06:00:00,False
user_010312,org_02324,admin,2025-07-08T02:00:00,True
user_010313,org_02324,viewer,2025-07-07T11:00:00,False
user_010314,org_02324,member,2025-07-07T17:00:00,False
user_010315,org_02324,member,2025-07-08T12:00:00,False
user_010316,org_02325,admin,2025-03-05T09:00:00,True
user_010317,org_02325,viewer,2025-03-06T01:00:00,False
user_010318,org_02325,member,2025-03-06T05:00:00,False
user_010319,org_02325,member,2025-03-05T21:00:00,False
user_010320,org_02325,member,2025-03-05T03:00:00,False
user_010321,org_02326,admin,2025-02-09T08:00:00,True
user_010322,org_02326,member,2025-02-10T01:00:00,False
user_010323,org_02326,member,2025-02-09T20:00:00,False
user_010324,org_02326,member,2025-02-10T09:00:00,False
user_010325,org_02326,member,2025-02-09T18:00:00,False
user_010326,org_02326,member,2025-02-10T04:00:00,False
user_010327,org_02326,viewer,2025-02-09T19:00:00,False
user_010328,org_02326,member,2025-02-09T21:00:00,False
user_010329,org_02327,admin,2025-07-27T03:00:00,True
user_010330,org_02327,member,2025-07-27T10:00:00,False
user_010331,org_02327,member,2025-07-27T01:00:00,False
user_010332,org_02327,member,2025-07-26T17:00:00,False
user_010333,org_02328,admin,2025-03-10T19:00:00,True
user_010334,org_02329,admin,2025-09-03T09:00:00,True
user_010335,org_02329,member,2025-09-02T11:00:00,False
user_010336,org_02329,member,2025-09-03T08:00:00,False
user_010337,org_02329,member,2025-09-02T09:00:00,False
user_010338,org_02329,member,2025-09-03T06:00:00,False
user_010339,org_02330,admin,2025-10-28T16:00:00,True
user_010340,org_02330,viewer,2025-10-29T20:00:00,False
user_010341,org_02331,admin,2025-09-30T15:00:00,True
user_010342,org_02331,member,2025-10-01T20:00:00,False
user_010343,org_02331,member,2025-09-30T09:00:00,False
user_010344,org_02331,member,2025-09-30T23:00:00,False
user_010345,org_02331,viewer,2025-10-01T05:00:00,False
user_010346,org_02332,admin,2025-03-03T01:00:00,True
user_010347,org_02333,admin,2025-10-22T10:00:00,True
user_010348,org_02333,viewer,2025-10-23T19:00:00,False
user_010349,org_02333,member,2025-10-22T11:00:00,False
user_010350,org_02333,member,2025-10-23T04:00:00,False
user_010351,org_02333,member,2025-10-22T19:00:00,False
user_010352,org_02333,viewer,2025-10-23T23:00:00,False
user_010353,org_02333,member,2025-10-22T04:00:00,False
user_010354,org_02334,admin,2025-12-05T20:00:00,True
user_010355,org_02334,viewer,2025-12-06T02:00:00,False
user_010356,org_02334,member,2025-12-06T03:00:00,False
user_010357,org_02335,admin,2025-09-03T21:00:00,True
user_010358,org_02335,member,2025-09-04T11:00:00,False
user_010359,org_02336,admin,2025-03-28T00:00:00,True
user_010360,org_02336,member,2025-03-29T06:00:00,False
user_010361,org_02336,member,2025-03-28T07:00:00,False
user_010362,org_02336,member,2025-03-29T11:00:00,False
user_010363,org_02337,admin,2025-07-07T15:00:00,True
user_010364,org_02337,member,2025-07-06T12:00:00,False
user_010365,org_02337,member,2025-07-07T02:00:00,False
user_010366,org_02337,member,2025-07-06T01:00:00,False
user_010367,org_02337,viewer,2025-07-06T18:00:00,False
user_010368,org_02337,viewer,2025-07-06T12:00:00,False
user_010369,org_02337,member,2025-07-06T00:00:00,False
user_010370,org_02338,admin,2025-08-09T22:00:00,True
user_010371,org_02338,member,2025-08-10T16:00:00,False
user_010372,org_02338,member,2025-08-09T02:00:00,False
user_010373,org_02338,viewer,2025-08-09T02:00:00,False
user_010374,org_02339,admin,2025-02-21T03:00:00,True
user_010375,org_02339,member,2025-02-21T02:00:00,False
user_010376,org_02340,admin,2025-02-14T19:00:00,True
user_010377,org_02340,member,2025-02-15T03:00:00,False
user_010378,org_02341,admin,2025-10-30T10:00:00,True
user_010379,org_02341,member,2025-10-29T21:00:00,False
user_010380,org_02341,member,2025-10-30T06:00:00,False
user_010381,org_02341,member,2025-10-30T23:00:00,False
user_010382,org_02341,viewer,2025-10-30T16:00:00,False
user_010383,org_02341,member,2025-10-29T13:00:00,False
user_010384,org_02341,member,2025-10-29T12:00:00,False
user_010385,org_02341,member,2025-10-29T21:00:00,False
user_010386,org_02342,admin,2025-01-29T06:00:00,True
user_010387,org_02342,member,2025-01-29T10:00:00,False
user_010388,org_02343,admin,2025-05-08T21:00:00,True
user_010389,org_02343,member,2025-05-09T04:00:00,False
user_010390,org_02343,member,2025-05-08T14:00:00,False
user_010391,org_02343,viewer,2025-05-08T15:00:00,False
user_010392,org_02343,viewer,2025-05-08T03:00:00,False
user_010393,org_02344,admin,2025-09-04T19:00:00,True
user_010394,org_02344,viewer,2025-09-05T16:00:00,False
user_010395,org_02345,admin,2025-12-17T23:00:00,True
user_010396,org_02345,member,2025-12-17T00:00:00,False
user_010397,org_02345,member,2025-12-17T14:00:00,False
user_010398,org_02345,member,2025-12-18T14:00:00,False
user_010399,org_02345,member,2025-12-17T08:00:00,False
user_010400,org_02345,member,2025-12-17T12:00:00,False
user_010401,org_02345,member,2025-12-17T08:00:00,False
user_010402,org_02345,viewer,2025-12-17T11:00:00,False
user_010403,org_02346,admin,2025-03-08T11:00:00,True
user_010404,org_02347,admin,2025-12-09T18:00:00,True
user_010405,org_02347,viewer,2025-12-10T07:00:00,False
user_010406,org_02347,viewer,2025-12-09T07:00:00,False
user_010407,org_02348,admin,2025-10-24T10:00:00,True
user_010408,org_02348,member,2025-10-25T23:00:00,False
user_010409,org_02348,viewer,2025-10-25T08:00:00,False
user_010410,org_02348,viewer,2025-10-25T20:00:00,False
user_010411,org_02348,member,2025-10-25T20:00:00,False
user_010412,org_02348,member,2025-10-25T20:00:00,False
user_010413,org_02348,member,2025-10-25T07:00:00,False
user_010414,org_02348,viewer,2025-10-25T17:00:00,False
user_010415,org_02349,admin,2025-04-08T08:00:00,True
user_010416,org_02349,member,2025-04-08T09:00:00,False
user_010417,org_02349,member,2025-04-08T08:00:00,False
user_010418,org_02349,member,2025-04-07T16:00:00,False
user_010419,org_02349,viewer,2025-04-08T00:00:00,False
user_010420,org_02349,member,2025-04-07T10:00:00,False
user_010421,org_02349,viewer,2025-04-08T09:00:00,False
user_010422,org_02350,admin,2025-10-23T13:00:00,True
user_010423,org_02350,member,2025-10-23T22:00:00,False
user_010424,org_02350,member,2025-10-22T15:00:00,False
user_010425,org_02350,viewer,2025-10-22T07:00:00,False
user_010426,org_02350,viewer,2025-10-22T16:00:00,False
user_010427,org_02350,member,2025-10-22T20:00:00,False
user_010428,org_02350,member,2025-10-22T16:00:00,False
user_010429,org_02351,admin,2025-11-17T14:00:00,True
user_010430,org_02352,admin,2025-01-29T23:00:00,True
user_010431,org_02352,member,2025-01-30T22:00:00,False
user_010432,org_02352,member,2025-01-30T21:00:00,False
user_010433,org_02352,viewer,2025-01-29T16:00:00,False
user_010434,org_02352,member,2025-01-29T16:00:00,False
user_010435,org_02352,member,2025-01-29T12:00:00,False
user_010436,org_02352,member,2025-01-29T15:00:00,False
user_010437,org_02353,admin,2025-05-08T20:00:00,True
user_010438,org_02353,member,2025-05-09T18:00:00,False
user_010439,org_02353,member,2025-05-09T12:00:00,False
user_010440,org_02353,member,2025-05-09T10:00:00,False
user_010441,org_02353,member,2025-05-08T17:00:00,False
user_010442,org_02353,member,2025-05-09T08:00:00,False
user_010443,org_02353,viewer,2025-05-09T07:00:00,False
user_010444,org_02354,admin,2025-06-07T19:00:00,True
user_010445,org_02354,viewer,2025-06-07T11:00:00,False
user_010446,org_02355,admin,2025-05-30T14:00:00,True
user_010447,org_02355,viewer,2025-05-29T11:00:00,False
user_010448,org_02355,member,2025-05-29T09:00:00,False
user_010449,org_02355,member,2025-05-29T08:00:00,False
user_010450,org_02355,viewer,2025-05-29T01:00:00,False
user_010451,org_02356,admin,2025-11-24T17:00:00,True
user_010452,org_02356,member,2025-11-23T18:00:00,False
user_010453,org_02356,member,2025-11-23T20:00:00,False
user_010454,org_02357,admin,2025-01-30T04:00:00,True
user_010455,org_02357,member,2025-01-30T18:00:00,False
user_010456,org_02357,member,2025-01-29T23:00:00,False
user_010457,org_02357,member,2025-01-30T20:00:00,False
user_010458,org_02357,member,2025-01-29T12:00:00,False
user_010459,org_02357,member,2025-01-29T22:00:00,False
user_010460,org_02357,viewer,2025-01-30T06:00:00,False
user_010461,org_02357,member,2025-01-30T01:00:00,False
user_010462,org_02358,admin,2025-03-01T17:00:00,True
user_010463,org_02358,member,2025-03-01T15:00:00,False
user_010464,org_02358,member,2025-03-01T21:00:00,False
user_010465,org_02358,member,2025-03-01T01:00:00,False
user_010466,org_02359,admin,2025-11-09T19:00:00,True
user_010467,org_02359,member,2025-11-08T07:00:00,False
user_010468,org_02359,member,2025-11-08T22:00:00,False
user_010469,org_02359,member,2025-11-09T05:00:00,False
user_010470,org_02359,member,2025-11-09T11:00:00,False
user_010471,org_02359,member,2025-11-09T01:00:00,False
user_010472,org_02359,member,2025-11-08T10:00:00,False
user_010473,org_02360,admin,2025-04-14T00:00:00,True
user_010474,org_02360,member,2025-04-15T02:00:00,False
user_010475,org_02360,member,2025-04-15T03:00:00,False
user_010476,org_02360,member,2025-04-14T03:00:00,False
user_010477,org_02361,admin,2025-12-18T04:00:00,True
user_010478,org_02361,member,2025-12-18T08:00:00,False
user_010479,org_02362,admin,2025-06-26T03:00:00,True
user_010480,org_02362,member,2025-06-25T08:00:00,False
user_010481,org_02362,member,2025-06-25T18:00:00,False
user_010482,org_02362,member,2025-06-26T01:00:00,False
user_010483,org_02362,member,2025-06-26T12:00:00,False
user_010484,org_02362,member,2025-06-25T19:00:00,False
user_010485,org_02362,member,2025-06-25T21:00:00,False
user_010486,org_02363,admin,2025-09-15T15:00:00,True
user_010487,org_02363,member,2025-09-14T07:00:00,False
user_010488,org_02363,viewer,2025-09-15T02:00:00,False
user_010489,org_02363,viewer,2025-09-14T18:00:00,False
user_010490,org_02363,viewer,2025-09-14T21:00:00,False
user_010491,org_02363,member,2025-09-14T00:00:00,False
user_010492,org_02364,admin,2025-04-04T03:00:00,True
user_010493,org_02364,viewer,2025-04-05T17:00:00,False
user_010494,org_02364,viewer,2025-04-04T20:00:00,False
user_010495,org_02364,member,2025-04-05T01:00:00,False
user_010496,org_02364,member,2025-04-05T04:00:00,False
user_010497,org_02364,viewer,2025-04-05T15:00:00,False
user_010498,org_02364,member,2025-04-05T14:00:00,False
user_010499,org_02364,member,2025-04-04T23:00:00,False
user_010500,org_02365,admin,2025-05-06T11:00:00,True
user_010501,org_02366,admin,2025-05-19T09:00:00,True
user_010502,org_02366,member,2025-05-18T20:00:00,False
user_010503,org_02366,member,2025-05-19T04:00:00,False
user_010504,org_02366,member,2025-05-19T09:00:00,False
user_010505,org_02366,member,2025-05-18T02:00:00,False
user_010506,org_02367,admin,2025-07-18T03:00:00,True
user_010507,org_02367,member,2025-07-19T10:00:00,False
user_010508,org_02367,member,2025-07-19T03:00:00,False
user_010509,org_02367,member,2025-07-19T11:00:00,False
user_010510,org_02367,member,2025-07-19T03:00:00,False
user_010511,org_02367,member,2025-07-19T20:00:00,False
user_010512,org_02367,member,2025-07-19T17:00:00,False
user_010513,org_02368,admin,2025-04-10T15:00:00,True
user_010514,org_02368,viewer,2025-04-09T12:00:00,False
user_010515,org_02368,member,2025-04-09T14:00:00,False
user_010516,org_02368,member,2025-04-09T21:00:00,False
user_010517,org_02368,viewer,2025-04-09T08:00:00,False
user_010518,org_02368,member,2025-04-10T01:00:00,False
user_010519,org_02368,viewer,2025-04-10T20:00:00,False
user_010520,org_02368,member,2025-04-10T12:00:00,False
user_010521,org_02369,admin,2025-03-31T11:00:00,True
user_010522,org_02369,member,2025-03-31T14:00:00,False
user_010523,org_02369,member,2025-03-31T12:00:00,False
user_010524,org_02369,member,2025-03-31T13:00:00,False
user_010525,org_02369,member,2025-03-31T05:00:00,False
user_010526,org_02369,member,2025-04-01T16:00:00,False
user_010527,org_02370,admin,2025-05-15T04:00:00,True
user_010528,org_02371,admin,2025-02-15T20:00:00,True
user_010529,org_02371,member,2025-02-15T12:00:00,False
user_010530,org_02371,viewer,2025-02-14T03:00:00,False
user_010531,org_02371,member,2025-02-14T14:00:00,False
user_010532,org_02371,member,2025-02-14T03:00:00,False
user_010533,org_02371,member,2025-02-14T12:00:00,False
user_010534,org_02371,member,2025-02-14T19:00:00,False
user_010535,org_02372,admin,2025-11-21T14:00:00,True
user_010536,org_02373,admin,2025-03-18T13:00:00,True
user_010537,org_02373,viewer,2025-03-17T04:00:00,False
user_010538,org_02374,admin,2025-08-08T03:00:00,True
user_010539,org_02374,member,2025-08-08T06:00:00,False
user_010540,org_02374,member,2025-08-07T00:00:00,False
user_010541,org_02374,member,2025-08-08T22:00:00,False
user_010542,org_02375,admin,2025-12-12T00:00:00,True
user_010543,org_02375,member,2025-12-12T10:00:00,False
user_010544,org_02375,member,2025-12-12T03:00:00,False
user_010545,org_02376,admin,2025-12-02T12:00:00,True
user_010546,org_02376,member,2025-12-02T00:00:00,False
user_010547,org_02377,admin,2025-01-25T14:00:00,True
user_010548,org_02377,member,2025-01-24T09:00:00,False
user_010549,org_02377,viewer,2025-01-25T15:00:00,False
user_010550,org_02377,member,2025-01-24T03:00:00,False
user_010551,org_02377,member,2025-01-24T04:00:00,False
user_010552,org_02377,member,2025-01-24T15:00:00,False
user_010553,org_02378,admin,2025-04-09T20:00:00,True
user_010554,org_02378,member,2025-04-09T21:00:00,False
user_010555,org_02378,member,2025-04-08T08:00:00,False
user_010556,org_02378,member,2025-04-08T07:00:00,False
user_010557,org_02378,viewer,2025-04-08T11:00:00,False
user_010558,org_02378,member,2025-04-09T20:00:00,False
user_010559,org_02378,member,2025-04-09T22:00:00,False
user_010560,org_02378,member,2025-04-09T17:00:00,False
user_010561,org_02379,admin,2025-11-23T07:00:00,True
user_010562,org_02379,member,2025-11-23T07:00:00,False
user_010563,org_02379,member,2025-11-23T09:00:00,False
user_010564,org_02379,member,2025-11-22T06:00:00,False
user_010565,org_02379,viewer,2025-11-22T03:00:00,False
user_010566,org_02379,member,2025-11-22T09:00:00,False
user_010567,org_02379,member,2025-11-22T18:00:00,False
user_010568,org_02379,viewer,2025-11-22T14:00:00,False
user_010569,org_02380,admin,2025-10-12T22:00:00,True
user_010570,org_02380,viewer,2025-10-12T14:00:00,False
user_010571,org_02380,viewer,2025-10-13T10:00:00,False
user_010572,org_02380,member,2025-10-13T23:00:00,False
user_010573,org_02380,viewer,2025-10-12T13:00:00,False
user_010574,org_02380,member,2025-10-12T12:00:00,False
user_010575,org_02381,admin,2025-04-13T07:00:00,True
user_010576,org_02381,viewer,2025-04-13T18:00:00,False
user_010577,org_02381,member,2025-04-12T18:00:00,False
user_010578,org_02382,admin,2025-08-20T03:00:00,True
user_010579,org_02382,member,2025-08-19T18:00:00,False
user_010580,org_02382,viewer,2025-08-19T06:00:00,False
user_010581,org_02382,member,2025-08-20T18:00:00,False
user_010582,org_02383,admin,2025-08-24T15:00:00,True
user_010583,org_02383,member,2025-08-25T04:00:00,False
user_010584,org_02383,viewer,2025-08-24T05:00:00,False
user_010585,org_02383,member,2025-08-24T09:00:00,False
user_010586,org_02383,member,2025-08-25T17:00:00,False
user_010587,org_02383,member,2025-08-25T14:00:00,False
user_010588,org_02383,viewer,2025-08-24T01:00:00,False
user_010589,org_02384,admin,2025-07-12T20:00:00,True
user_010590,org_02384,member,2025-07-12T11:00:00,False
user_010591,org_02384,viewer,2025-07-11T08:00:00,False
user_010592,org_02384,member,2025-07-12T23:00:00,False
user_010593,org_02384,viewer,2025-07-12T08:00:00,False
user_010594,org_02385,admin,2025-07-17T07:00:00,True
user_010595,org_02385,viewer,2025-07-18T15:00:00,False
user_010596,org_02385,viewer,2025-07-17T02:00:00,False
user_010597,org_02385,member,2025-07-17T06:00:00,False
user_010598,org_02385,member,2025-07-18T10:00:00,False
user_010599,org_02385,member,2025-07-18T11:00:00,False
user_010600,org_02385,member,2025-07-18T22:00:00,False
user_010601,org_02386,admin,2025-04-18T01:00:00,True
user_010602,org_02386,viewer,2025-04-19T08:00:00,False
user_010603,org_02386,viewer,2025-04-19T12:00:00,False
user_010604,org_02386,member,2025-04-18T00:00:00,False
user_010605,org_02386,member,2025-04-19T07:00:00,False
user_010606,org_02386,viewer,2025-04-19T11:00:00,False
user_010607,org_02386,member,2025-04-19T12:00:00,False
user_010608,org_02387,admin,2025-05-29T08:00:00,True
user_010609,org_02387,member,2025-05-29T12:00:00,False
user_010610,org_02387,viewer,2025-05-29T12:00:00,False
user_010611,org_02387,member,2025-05-28T19:00:00,False
user_010612,org_02388,admin,2025-06-22T14:00:00,True
user_010613,org_02388,viewer,2025-06-21T07:00:00,False
user_010614,org_02388,viewer,2025-06-21T15:00:00,False
user_010615,org_02388,member,2025-06-22T05:00:00,False
user_010616,org_02388,viewer,2025-06-22T05:00:00,False
user_010617,org_02388,member,2025-06-22T12:00:00,False
user_010618,org_02388,member,2025-06-21T15:00:00,False
user_010619,org_02389,admin,2025-12-26T22:00:00,True
user_010620,org_02389,viewer,2025-12-27T23:00:00,False
user_010621,org_02389,member,2025-12-27T04:00:00,False
user_010622,org_02389,viewer,2025-12-27T17:00:00,False
user_010623,org_02389,member,2025-12-26T23:00:00,False
user_010624,org_02389,member,2025-12-27T23:00:00,False
user_010625,org_02389,member,2025-12-27T18:00:00,False
user_010626,org_02390,admin,2025-08-14T21:00:00,True
user_010627,org_02390,member,2025-08-13T08:00:00,False
user_010628,org_02390,member,2025-08-14T14:00:00,False
user_010629,org_02390,viewer,2025-08-13T06:00:00,False
user_010630,org_02390,member,2025-08-13T00:00:00,False
user_010631,org_02391,admin,2025-02-23T09:00:00,True
user_010632,org_02391,member,2025-02-23T20:00:00,False
user_010633,org_02391,member,2025-02-22T10:00:00,False
user_010634,org_02391,member,2025-02-23T20:00:00,False
user_010635,org_02391,viewer,2025-02-22T05:00:00,False
user_010636,org_02391,member,2025-02-23T16:00:00,False
user_010637,org_02392,admin,2025-04-11T12:00:00,True
user_010638,org_02392,member,2025-04-12T02:00:00,False
user_010639,org_02392,member,2025-04-11T02:00:00,False
user_010640,org_02392,member,2025-04-11T03:00:00,False
user_010641,org_02393,admin,2025-07-06T02:00:00,True
user_010642,org_02393,member,2025-07-07T07:00:00,False
user_010643,org_02393,member,2025-07-07T01:00:00,False
user_010644,org_02393,member,2025-07-06T06:00:00,False
user_010645,org_02393,viewer,2025-07-07T05:00:00,False
user_010646,org_02393,member,2025-07-06T20:00:00,False
user_010647,org_02393,member,2025-07-07T18:00:00,False
user_010648,org_02393,member,2025-07-06T17:00:00,False
user_010649,org_02394,admin,2025-07-17T06:00:00,True
user_010650,org_02394,member,2025-07-16T00:00:00,False
user_010651,org_02395,admin,2025-04-26T14:00:00,True
user_010652,org_02395,member,2025-04-26T14:00:00,False
user_010653,org_02395,member,2025-04-26T00:00:00,False
user_010654,org_02396,admin,2025-09-13T11:00:00,True
user_010655,org_02396,viewer,2025-09-12T20:00:00,False
user_010656,org_02396,member,2025-09-13T10:00:00,False
user_010657,org_02396,member,2025-09-12T06:00:00,False
user_010658,org_02396,member,2025-09-12T15:00:00,False
user_010659,org_02396,member,2025-09-12T12:00:00,False
user_010660,org_02397,admin,2025-12-13T16:00:00,True
user_010661,org_02397,member,2025-12-12T08:00:00,False
user_010662,org_02397,member,2025-12-12T19:00:00,False
user_010663,org_02397,member,2025-12-13T18:00:00,False
user_010664,org_02398,admin,2025-04-26T11:00:00,True
user_010665,org_02398,member,2025-04-26T01:00:00,False
user_010666,org_02399,admin,2025-10-05T07:00:00,True
user_010667,org_02399,member,2025-10-06T06:00:00,False
user_010668,org_02399,member,2025-10-05T10:00:00,False
user_010669,org_02399,viewer,2025-10-06T02:00:00,False
user_010670,org_02399,member,2025-10-06T10:00:00,False
user_010671,org_02400,admin,2025-01-08T22:00:00,True
user_010672,org_02400,member,2025-01-08T23:00:00,False
user_010673,org_02400,member,2025-01-08T09:00:00,False
user_010674,org_02400,member,2025-01-07T15:00:00,False
user_010675,org_02401,admin,2025-12-18T01:00:00,True
user_010676,org_02401,viewer,2025-12-18T02:00:00,False
user_010677,org_02401,member,2025-12-17T03:00:00,False
user_010678,org_02401,member,2025-12-18T17:00:00,False
user_010679,org_02401,member,2025-12-18T03:00:00,False
user_010680,org_02401,member,2025-12-18T23:00:00,False
user_010681,org_02401,member,2025-12-18T08:00:00,False
user_010682,org_02401,member,2025-12-17T21:00:00,False
user_010683,org_02402,admin,2025-11-12T22:00:00,True
user_010684,org_02402,viewer,2025-11-13T17:00:00,False
user_010685,org_02403,admin,2025-07-20T08:00:00,True
user_010686,org_02403,viewer,2025-07-19T03:00:00,False
user_010687,org_02404,admin,2025-04-30T01:00:00,True
user_010688,org_02404,member,2025-04-30T06:00:00,False
user_010689,org_02404,member,2025-04-30T15:00:00,False
user_010690,org_02404,viewer,2025-04-30T09:00:00,False
user_010691,org_02404,member,2025-05-01T18:00:00,False
user_010692,org_02404,viewer,2025-05-01T08:00:00,False
user_010693,org_02404,viewer,2025-04-30T02:00:00,False
user_010694,org_02405,admin,2025-05-08T01:00:00,True
user_010695,org_02405,viewer,2025-05-09T11:00:00,False
user_010696,org_02406,admin,2025-02-05T00:00:00,True
user_010697,org_02406,member,2025-02-05T15:00:00,False
user_010698,org_02406,member,2025-02-05T07:00:00,False
user_010699,org_02407,admin,2025-07-09T12:00:00,True
user_010700,org_02408,admin,2025-03-24T09:00:00,True
user_010701,org_02408,viewer,2025-03-24T17:00:00,False
user_010702,org_02408,member,2025-03-23T00:00:00,False
user_010703,org_02408,member,2025-03-24T23:00:00,False
user_010704,org_02408,member,2025-03-23T07:00:00,False
user_010705,org_02408,member,2025-03-24T04:00:00,False
user_010706,org_02408,viewer,2025-03-23T13:00:00,False
user_010707,org_02408,member,2025-03-24T17:00:00,False
user_010708,org_02409,admin,2025-07-02T00:00:00,True
user_010709,org_02409,member,2025-07-01T07:00:00,False
user_010710,org_02409,member,2025-07-01T03:00:00,False
user_010711,org_02409,member,2025-07-02T21:00:00,False
user_010712,org_02409,member,2025-07-02T02:00:00,False
user_010713,org_02409,member,2025-07-02T23:00:00,False
user_010714,org_02410,admin,2025-11-06T13:00:00,True
user_010715,org_02410,member,2025-11-05T21:00:00,False
user_010716,org_02410,member,2025-11-05T22:00:00,False
user_010717,org_02410,member,2025-11-06T23:00:00,False
user_010718,org_02410,member,2025-11-05T05:00:00,False
user_010719,org_02410,viewer,2025-11-05T10:00:00,False
user_010720,org_02410,viewer,2025-11-05T15:00:00,False
user_010721,org_02411,admin,2025-01-26T18:00:00,True
user_010722,org_02411,member,2025-01-26T02:00:00,False
user_010723,org_02411,member,2025-01-27T18:00:00,False
user_010724,org_02411,member,2025-01-26T05:00:00,False
user_010725,org_02412,admin,2025-11-03T00:00:00,True
user_010726,org_02412,member,2025-11-04T19:00:00,False
user_010727,org_02412,member,2025-11-04T16:00:00,False
user_010728,org_02413,admin,2025-11-20T13:00:00,True
user_010729,org_02413,member,2025-11-21T11:00:00,False
user_010730,org_02413,member,2025-11-20T20:00:00,False
user_010731,org_02413,viewer,2025-11-21T20:00:00,False
user_010732,org_02413,viewer,2025-11-21T22:00:00,False
user_010733,org_02413,member,2025-11-20T20:00:00,False
user_010734,org_02414,admin,2025-12-26T07:00:00,True
user_010735,org_02415,admin,2025-04-12T21:00:00,True
user_010736,org_02415,viewer,2025-04-12T08:00:00,False
user_010737,org_02415,member,2025-04-13T12:00:00,False
user_010738,org_02415,member,2025-04-13T21:00:00,False
user_010739,org_02415,member,2025-04-13T03:00:00,False
user_010740,org_02415,member,2025-04-13T14:00:00,False
user_010741,org_02416,admin,2025-12-11T13:00:00,True
user_010742,org_02416,viewer,2025-12-11T10:00:00,False
user_010743,org_02416,viewer,2025-12-11T00:00:00,False
user_010744,org_02416,viewer,2025-12-11T03:00:00,False
user_010745,org_02416,viewer,2025-12-11T19:00:00,False
user_010746,org_02416,member,2025-12-10T08:00:00,False
user_010747,org_02416,member,2025-12-10T08:00:00,False
user_010748,org_02417,admin,2025-11-15T05:00:00,True
user_010749,org_02417,member,2025-11-14T13:00:00,False
user_010750,org_02417,member,2025-11-15T07:00:00,False
user_010751,org_02417,member,2025-11-14T16:00:00,False
user_010752,org_02417,member,2025-11-15T10:00:00,False
user_010753,org_02417,member,2025-11-15T00:00:00,False
user_010754,org_02417,member,2025-11-14T20:00:00,False
user_010755,org_02418,admin,2025-02-13T07:00:00,True
user_010756,org_02418,member,2025-02-13T10:00:00,False
user_010757,org_02418,member,2025-02-12T21:00:00,False
user_010758,org_02418,member,2025-02-12T01:00:00,False
user_010759,org_02418,viewer,2025-02-12T04:00:00,False
user_010760,org_02418,member,2025-02-13T01:00:00,False
user_010761,org_02419,admin,2025-10-20T20:00:00,True
user_010762,org_02420,admin,2025-08-05T13:00:00,True
user_010763,org_02421,admin,2025-03-13T09:00:00,True
user_010764,org_02421,member,2025-03-13T00:00:00,False
user_010765,org_02421,member,2025-03-12T22:00:00,False
user_010766,org_02421,viewer,2025-03-12T00:00:00,False
user_010767,org_02421,member,2025-03-12T04:00:00,False
user_010768,org_02421,member,2025-03-12T11:00:00,False
user_010769,org_02421,member,2025-03-12T17:00:00,False
user_010770,org_02422,admin,2025-07-20T11:00:00,True
user_010771,org_02422,member,2025-07-19T07:00:00,False
user_010772,org_02422,member,2025-07-20T21:00:00,False
user_010773,org_02422,member,2025-07-20T01:00:00,False
user_010774,org_02422,member,2025-07-20T01:00:00,False
user_010775,org_02422,member,2025-07-19T01:00:00,False
user_010776,org_02422,member,2025-07-19T05:00:00,False
user_010777,org_02422,member,2025-07-19T03:00:00,False
user_010778,org_02423,admin,2025-11-18T21:00:00,True
user_010779,org_02423,member,2025-11-18T18:00:00,False
user_010780,org_02423,member,2025-11-18T17:00:00,False
user_010781,org_02423,member,2025-11-18T12:00:00,False
user_010782,org_02424,admin,2025-03-05T05:00:00,True
user_010783,org_02425,admin,2025-05-11T19:00:00,True
user_010784,org_02425,member,2025-05-11T20:00:00,False
user_010785,org_02425,member,2025-05-10T01:00:00,False
user_010786,org_02425,member,2025-05-11T22:00:00,False
user_010787,org_02425,member,2025-05-10T21:00:00,False
user_010788,org_02425,member,2025-05-11T13:00:00,False
user_010789,org_02425,member,2025-05-10T05:00:00,False
user_010790,org_02426,admin,2025-01-08T13:00:00,True
user_010791,org_02426,member,2025-01-09T14:00:00,False
user_010792,org_02426,member,2025-01-09T16:00:00,False
user_010793,org_02427,admin,2025-06-23T04:00:00,True
user_010794,org_02428,admin,2025-03-16T06:00:00,True
user_010795,org_02429,admin,2025-03-11T15:00:00,True
user_010796,org_02429,member,2025-03-12T12:00:00,False
user_010797,org_02429,member,2025-03-11T12:00:00,False
user_010798,org_02429,member,2025-03-11T06:00:00,False
user_010799,org_02429,member,2025-03-12T17:00:00,False
user_010800,org_02430,admin,2025-05-07T02:00:00,True
user_010801,org_02430,member,2025-05-06T10:00:00,False
user_010802,org_02430,member,2025-05-06T03:00:00,False
user_010803,org_02430,member,2025-05-06T19:00:00,False
user_010804,org_02431,admin,2025-08-14T18:00:00,True
user_010805,org_02432,admin,2025-10-31T14:00:00,True
user_010806,org_02432,member,2025-11-01T13:00:00,False
user_010807,org_02432,member,2025-10-31T09:00:00,False
user_010808,org_02432,viewer,2025-10-31T19:00:00,False
user_010809,org_02432,member,2025-11-01T14:00:00,False
user_010810,org_02432,viewer,2025-11-01T02:00:00,False
user_010811,org_02433,admin,2025-12-12T02:00:00,True
user_010812,org_02433,member,2025-12-13T13:00:00,False
user_010813,org_02433,member,2025-12-12T05:00:00,False
user_010814,org_02434,admin,2025-07-12T11:00:00,True
user_010815,org_02434,member,2025-07-12T11:00:00,False
user_010816,org_02434,viewer,2025-07-13T09:00:00,False
user_010817,org_02435,admin,2025-01-26T14:00:00,True
user_010818,org_02435,member,2025-01-27T01:00:00,False
user_010819,org_02435,member,2025-01-26T03:00:00,False
user_010820,org_02435,member,2025-01-27T18:00:00,False
user_010821,org_02435,member,2025-01-27T18:00:00,False
user_010822,org_02435,viewer,2025-01-26T21:00:00,False
user_010823,org_02435,member,2025-01-26T22:00:00,False
user_010824,org_02436,admin,2025-03-05T13:00:00,True
user_010825,org_02436,member,2025-03-06T13:00:00,False
user_010826,org_02437,admin,2025-08-02T22:00:00,True
user_010827,org_02437,member,2025-08-02T17:00:00,False
user_010828,org_02437,member,2025-08-02T11:00:00,False
user_010829,org_02437,viewer,2025-08-03T00:00:00,False
user_010830,org_02437,member,2025-08-03T18:00:00,False
user_010831,org_02437,viewer,2025-08-03T21:00:00,False
user_010832,org_02437,member,2025-08-03T14:00:00,False
user_010833,org_02438,admin,2025-01-21T09:00:00,True
user_010834,org_02438,viewer,2025-01-21T08:00:00,False
user_010835,org_02438,viewer,2025-01-20T01:00:00,False
user_010836,org_02438,viewer,2025-01-21T06:00:00,False
user_010837,org_02438,viewer,2025-01-21T02:00:00,False
user_010838,org_02438,member,2025-01-21T08:00:00,False
user_010839,org_02438,viewer,2025-01-20T19:00:00,False
user_010840,org_02438,member,2025-01-20T23:00:00,False
user_010841,org_02439,admin,2025-08-26T12:00:00,True
user_010842,org_02439,member,2025-08-26T14:00:00,False
user_010843,org_02439,member,2025-08-26T21:00:00,False
user_010844,org_02439,viewer,2025-08-25T06:00:00,False
user_010845,org_02440,admin,2025-01-11T08:00:00,True
user_010846,org_02440,member,2025-01-12T08:00:00,False
user_010847,org_02440,member,2025-01-12T02:00:00,False
user_010848,org_02440,member,2025-01-11T22:00:00,False
user_010849,org_02440,member,2025-01-11T15:00:00,False
user_010850,org_02440,member,2025-01-11T23:00:00,False
user_010851,org_02440,member,2025-01-12T08:00:00,False
user_010852,org_02441,admin,2025-05-26T12:00:00,True
user_010853,org_02441,viewer,2025-05-27T06:00:00,False
user_010854,org_02441,member,2025-05-26T01:00:00,False
user_010855,org_02441,member,2025-05-27T22:00:00,False
user_010856,org_02442,admin,2025-10-11T20:00:00,True
user_010857,org_02442,member,2025-10-10T21:00:00,False
user_010858,org_02442,viewer,2025-10-11T20:00:00,False
user_010859,org_02442,viewer,2025-10-11T11:00:00,False
user_010860,org_02442,member,2025-10-10T20:00:00,False
user_010861,org_02442,viewer,2025-10-11T22:00:00,False
user_010862,org_02442,member,2025-10-11T05:00:00,False
user_010863,org_02442,member,2025-10-10T05:00:00,False
user_010864,org_02443,admin,2025-03-27T21:00:00,True
user_010865,org_02443,member,2025-03-27T07:00:00,False
user_010866,org_02443,viewer,2025-03-27T20:00:00,False
user_010867,org_02443,member,2025-03-26T07:00:00,False
user_010868,org_02443,member,2025-03-26T00:00:00,False
user_010869,org_02444,admin,2025-08-13T10:00:00,True
user_010870,org_02445,admin,2025-05-02T23:00:00,True
user_010871,org_02445,member,2025-05-02T06:00:00,False
user_010872,org_02445,member,2025-05-03T20:00:00,False
user_010873,org_02445,member,2025-05-02T13:00:00,False
user_010874,org_02445,member,2025-05-02T05:00:00,False
user_010875,org_02445,viewer,2025-05-03T18:00:00,False
user_010876,org_02446,admin,2025-03-19T03:00:00,True
user_010877,org_02446,member,2025-03-20T19:00:00,False
user_010878,org_02446,member,2025-03-19T07:00:00,False
user_010879,org_02446,member,2025-03-19T01:00:00,False
user_010880,org_02446,member,2025-03-20T11:00:00,False
user_010881,org_02446,member,2025-03-20T05:00:00,False
user_010882,org_02446,member,2025-03-20T16:00:00,False
user_010883,org_02446,member,2025-03-19T01:00:00,False
user_010884,org_02447,admin,2025-04-26T14:00:00,True
user_010885,org_02447,viewer,2025-04-26T15:00:00,False
user_010886,org_02447,viewer,2025-04-26T03:00:00,False
user_010887,org_02447,member,2025-04-26T19:00:00,False
user_010888,org_02447,member,2025-04-27T01:00:00,False
user_010889,org_02447,viewer,2025-04-27T03:00:00,False
user_010890,org_02447,member,2025-04-26T02:00:00,False
user_010891,org_02447,member,2025-04-27T03:00:00,False
user_010892,org_02448,admin,2025-09-06T21:00:00,True
user_010893,org_02448,member,2025-09-06T06:00:00,False
user_010894,org_02448,member,2025-09-05T22:00:00,False
user_010895,org_02448,member,2025-09-05T07:00:00,False
user_010896,org_02448,member,2025-09-05T12:00:00,False
user_010897,org_02448,viewer,2025-09-05T16:00:00,False
user_010898,org_02449,admin,2025-02-10T14:00:00,True
user_010899,org_02449,member,2025-02-10T14:00:00,False
user_010900,org_02449,member,2025-02-10T07:00:00,False
user_010901,org_02449,member,2025-02-10T01:00:00,False
user_010902,org_02449,member,2025-02-10T12:00:00,False
user_010903,org_02450,admin,2025-12-23T14:00:00,True
user_010904,org_02450,viewer,2025-12-22T20:00:00,False
user_010905,org_02450,member,2025-12-22T19:00:00,False
user_010906,org_02450,member,2025-12-22T06:00:00,False
user_010907,org_02451,admin,2025-07-13T04:00:00,True
user_010908,org_02451,member,2025-07-12T02:00:00,False
user_010909,org_02451,member,2025-07-13T03:00:00,False
user_010910,org_02451,member,2025-07-12T11:00:00,False
user_010911,org_02451,member,2025-07-12T20:00:00,False
user_010912,org_02451,member,2025-07-13T20:00:00,False
user_010913,org_02452,admin,2025-04-24T19:00:00,True
user_010914,org_02453,admin,2025-06-13T00:00:00,True
user_010915,org_02453,member,2025-06-12T03:00:00,False
user_010916,org_02453,member,2025-06-12T05:00:00,False
user_010917,org_02453,member,2025-06-13T12:00:00,False
user_010918,org_02453,viewer,2025-06-12T18:00:00,False
user_010919,org_02453,viewer,2025-06-12T14:00:00,False
user_010920,org_02453,member,2025-06-13T12:00:00,False
user_010921,org_02454,admin,2025-08-04T01:00:00,True
user_010922,org_02454,member,2025-08-04T16:00:00,False
user_010923,org_02454,viewer,2025-08-05T13:00:00,False
user_010924,org_02454,member,2025-08-04T09:00:00,False
user_010925,org_02455,admin,2025-02-20T03:00:00,True
user_010926,org_02455,member,2025-02-20T08:00:00,False
user_010927,org_02455,member,2025-02-19T08:00:00,False
user_010928,org_02455,member,2025-02-19T06:00:00,False
user_010929,org_02456,admin,2025-04-15T20:00:00,True
user_010930,org_02456,viewer,2025-04-14T04:00:00,False
user_010931,org_02456,member,2025-04-15T18:00:00,False
user_010932,org_02457,admin,2025-04-24T23:00:00,True
user_010933,org_02457,member,2025-04-24T07:00:00,False
user_010934,org_02457,member,2025-04-24T20:00:00,False
user_010935,org_02457,member,2025-04-24T05:00:00,False
user_010936,org_02457,viewer,2025-04-24T06:00:00,False
user_010937,org_02457,member,2025-04-25T07:00:00,False
user_010938,org_02457,member,2025-04-25T20:00:00,False
user_010939,org_02458,admin,2025-10-21T22:00:00,True
user_010940,org_02458,member,2025-10-22T14:00:00,False
user_010941,org_02458,member,2025-10-21T12:00:00,False
user_010942,org_02459,admin,2025-07-31T09:00:00,True
user_010943,org_02459,member,2025-07-30T16:00:00,False
user_010944,org_02459,member,2025-07-30T08:00:00,False
user_010945,org_02459,member,2025-07-31T03:00:00,False
user_010946,org_02460,admin,2025-10-16T16:00:00,True
user_010947,org_02460,member,2025-10-16T05:00:00,False
user_010948,org_02460,member,2025-10-17T14:00:00,False
user_010949,org_02461,admin,2025-10-06T06:00:00,True
user_010950,org_02461,member,2025-10-07T19:00:00,False
user_010951,org_02461,member,2025-10-06T20:00:00,False
user_010952,org_02461,member,2025-10-07T00:00:00,False
user_010953,org_02461,viewer,2025-10-06T19:00:00,False
user_010954,org_02461,member,2025-10-06T21:00:00,False
user_010955,org_02461,member,2025-10-06T15:00:00,False
user_010956,org_02461,member,2025-10-07T03:00:00,False
user_010957,org_02462,admin,2025-06-28T11:00:00,True
user_010958,org_02462,member,2025-06-27T02:00:00,False
user_010959,org_02462,member,2025-06-27T19:00:00,False
user_010960,org_02462,member,2025-06-27T23:00:00,False
user_010961,org_02462,member,2025-06-28T21:00:00,False
user_010962,org_02463,admin,2025-10-15T08:00:00,True
user_010963,org_02463,member,2025-10-14T06:00:00,False
user_010964,org_02464,admin,2025-05-01T11:00:00,True
user_010965,org_02464,member,2025-05-01T16:00:00,False
user_010966,org_02464,member,2025-04-30T08:00:00,False
user_010967,org_02464,viewer,2025-05-01T03:00:00,False
user_010968,org_02464,member,2025-05-01T22:00:00,False
user_010969,org_02464,member,2025-05-01T10:00:00,False
user_010970,org_02464,viewer,2025-05-01T15:00:00,False
user_010971,org_02464,member,2025-05-01T23:00:00,False
user_010972,org_02465,admin,2025-12-24T00:00:00,True
user_010973,org_02465,member,2025-12-23T09:00:00,False
user_010974,org_02465,member,2025-12-24T15:00:00,False
user_010975,org_02465,member,2025-12-24T05:00:00,False
user_010976,org_02466,admin,2025-01-26T23:00:00,True
user_010977,org_02466,member,2025-01-26T08:00:00,False
user_010978,org_02467,admin,2025-06-21T15:00:00,True
user_010979,org_02467,member,2025-06-21T12:00:00,False
user_010980,org_02467,member,2025-06-20T23:00:00,False
user_010981,org_02467,member,2025-06-20T01:00:00,False
user_010982,org_02467,member,2025-06-20T02:00:00,False
user_010983,org_02468,admin,2025-03-03T13:00:00,True
user_010984,org_02468,member,2025-03-02T20:00:00,False
user_010985,org_02468,viewer,2025-03-02T12:00:00,False
user_010986,org_02468,member,2025-03-03T21:00:00,False
user_010987,org_02468,member,2025-03-03T09:00:00,False
user_010988,org_02468,member,2025-03-02T19:00:00,False
user_010989,org_02468,viewer,2025-03-02T08:00:00,False
user_010990,org_02469,admin,2025-09-01T19:00:00,True
user_010991,org_02469,member,2025-08-31T19:00:00,False
user_010992,org_02470,admin,2025-01-21T20:00:00,True
user_010993,org_02470,member,2025-01-21T01:00:00,False
user_010994,org_02470,member,2025-01-20T16:00:00,False
user_010995,org_02470,member,2025-01-20T04:00:00,False
user_010996,org_02470,member,2025-01-20T17:00:00,False
user_010997,org_02470,viewer,2025-01-21T15:00:00,False
user_010998,org_02470,member,2025-01-21T00:00:00,False
user_010999,org_02471,admin,2025-08-05T15:00:00,True
user_011000,org_02471,member,2025-08-06T23:00:00,False
user_011001,org_02471,viewer,2025-08-05T10:00:00,False
user_011002,org_02471,member,2025-08-05T23:00:00,False
user_011003,org_02471,viewer,2025-08-05T20:00:00,False
user_011004,org_02471,member,2025-08-06T22:00:00,False
user_011005,org_02471,member,2025-08-06T18:00:00,False
user_011006,org_02471,member,2025-08-06T06:00:00,False
user_011007,org_02472,admin,2025-06-04T05:00:00,True
user_011008,org_02472,viewer,2025-06-03T02:00:00,False
user_011009,org_02472,member,2025-06-03T18:00:00,False
user_011010,org_02472,viewer,2025-06-03T15:00:00,False
user_011011,org_02472,member,2025-06-03T12:00:00,False
user_011012,org_02472,member,2025-06-04T06:00:00,False
user_011013,org_02472,member,2025-06-03T08:00:00,False
user_011014,org_02472,member,2025-06-04T03:00:00,False
user_011015,org_02473,admin,2025-03-10T23:00:00,True
user_011016,org_02473,viewer,2025-03-09T05:00:00,False
user_011017,org_02473,viewer,2025-03-10T05:00:00,False
user_011018,org_02473,viewer,2025-03-10T17:00:00,False
user_011019,org_02473,member,2025-03-09T07:00:00,False
user_011020,org_02473,viewer,2025-03-10T16:00:00,False
user_011021,org_02473,viewer,2025-03-10T18:00:00,False
user_011022,org_02474,admin,2025-12-28T11:00:00,True
user_011023,org_02474,viewer,2025-12-28T11:00:00,False
user_011024,org_02475,admin,2025-10-28T14:00:00,True
user_011025,org_02475,member,2025-10-29T23:00:00,False
user_011026,org_02476,admin,2025-10-04T17:00:00,True
user_011027,org_02476,member,2025-10-05T23:00:00,False
user_011028,org_02476,member,2025-10-04T18:00:00,False
user_011029,org_02476,member,2025-10-05T23:00:00,False
user_011030,org_02476,member,2025-10-05T16:00:00,False
user_011031,org_02476,viewer,2025-10-05T04:00:00,False
user_011032,org_02476,member,2025-10-05T06:00:00,False
user_011033,org_02477,admin,2025-12-04T11:00:00,True
user_011034,org_02477,member,2025-12-03T18:00:00,False
user_011035,org_02478,admin,2025-01-08T11:00:00,True
user_011036,org_02478,member,2025-01-07T19:00:00,False
user_011037,org_02479,admin,2025-08-20T11:00:00,True
user_011038,org_02479,member,2025-08-20T20:00:00,False
user_011039,org_02480,admin,2025-08-12T05:00:00,True
user_011040,org_02481,admin,2025-07-08T20:00:00,True
user_011041,org_02481,member,2025-07-09T22:00:00,False
user_011042,org_02482,admin,2025-09-15T17:00:00,True
user_011043,org_02482,viewer,2025-09-16T05:00:00,False
user_011044,org_02482,member,2025-09-15T22:00:00,False
user_011045,org_02482,member,2025-09-15T17:00:00,False
user_011046,org_02482,member,2025-09-15T01:00:00,False
user_011047,org_02482,member,2025-09-15T16:00:00,False
user_011048,org_02482,member,2025-09-15T10:00:00,False
user_011049,org_02482,viewer,2025-09-15T02:00:00,False
user_011050,org_02483,admin,2025-02-23T13:00:00,True
user_011051,org_02483,viewer,2025-02-23T05:00:00,False
user_011052,org_02483,member,2025-02-24T13:00:00,False
user_011053,org_02483,member,2025-02-23T21:00:00,False
user_011054,org_02483,member,2025-02-23T05:00:00,False
user_011055,org_02483,member,2025-02-24T01:00:00,False
user_011056,org_02483,member,2025-02-24T17:00:00,False
user_011057,org_02483,member,2025-02-24T06:00:00,False
user_011058,org_02484,admin,2025-01-04T01:00:00,True
user_011059,org_02484,member,2025-01-04T21:00:00,False
user_011060,org_02484,viewer,2025-01-04T04:00:00,False
user_011061,org_02484,member,2025-01-05T18:00:00,False
user_011062,org_02484,member,2025-01-05T10:00:00,False
user_011063,org_02484,member,2025-01-05T09:00:00,False
user_011064,org_02484,viewer,2025-01-05T12:00:00,False
user_011065,org_02484,member,2025-01-04T03:00:00,False
user_011066,org_02485,admin,2025-06-09T09:00:00,True
user_011067,org_02486,admin,2025-06-18T09:00:00,True
user_011068,org_02486,member,2025-06-18T10:00:00,False
user_011069,org_02486,member,2025-06-18T02:00:00,False
user_011070,org_02486,viewer,2025-06-19T02:00:00,False
user_011071,org_02486,viewer,2025-06-18T15:00:00,False
user_011072,org_02486,viewer,2025-06-19T03:00:00,False
user_011073,org_02486,member,2025-06-19T03:00:00,False
user_011074,org_02487,admin,2025-03-21T23:00:00,True
user_011075,org_02487,member,2025-03-21T06:00:00,False
user_011076,org_02487,member,2025-03-20T22:00:00,False
user_011077,org_02488,admin,2025-02-18T13:00:00,True
user_011078,org_02488,member,2025-02-19T16:00:00,False
user_011079,org_02488,viewer,2025-02-18T01:00:00,False
user_011080,org_02488,member,2025-02-18T02:00:00,False
user_011081,org_02489,admin,2025-05-23T16:00:00,True
user_011082,org_02489,member,2025-05-22T21:00:00,False
user_011083,org_02489,viewer,2025-05-23T01:00:00,False
user_011084,org_02490,admin,2025-11-10T15:00:00,True
user_011085,org_02490,member,2025-11-10T02:00:00,False
user_011086,org_02490,member,2025-11-10T14:00:00,False
user_011087,org_02491,admin,2025-04-14T00:00:00,True
user_011088,org_02491,viewer,2025-04-13T15:00:00,False
user_011089,org_02491,member,2025-04-14T07:00:00,False
user_011090,org_02492,admin,2025-02-21T18:00:00,True
user_011091,org_02492,member,2025-02-21T15:00:00,False
user_011092,org_02492,viewer,2025-02-22T15:00:00,False
user_011093,org_02493,admin,2025-07-01T00:00:00,True
user_011094,org_02493,viewer,2025-06-30T03:00:00,False
user_011095,org_02494,admin,2025-05-29T13:00:00,True
user_011096,org_02495,admin,2025-05-26T19:00:00,True
user_011097,org_02495,member,2025-05-26T23:00:00,False
user_011098,org_02495,member,2025-05-26T04:00:00,False
user_011099,org_02495,member,2025-05-26T01:00:00,False
user_011100,org_02495,viewer,2025-05-27T17:00:00,False
user_011101,org_02496,admin,2025-09-23T10:00:00,True
user_011102,org_02496,member,2025-09-24T14:00:00,False
user_011103,org_02496,member,2025-09-24T16:00:00,False
user_011104,org_02496,member,2025-09-24T03:00:00,False
user_011105,org_02497,admin,2025-11-21T00:00:00,True
user_011106,org_02497,member,2025-11-20T15:00:00,False
user_011107,org_02497,viewer,2025-11-20T13:00:00,False
user_011108,org_02497,member,2025-11-21T01:00:00,False
user_011109,org_02497,member,2025-11-20T03:00:00,False
user_011110,org_02497,member,2025-11-20T11:00:00,False
user_011111,org_02498,admin,2025-12-05T20:00:00,True
user_011112,org_02499,admin,2025-06-08T18:00:00,True
user_011113,org_02499,viewer,2025-06-08T09:00:00,False
user_011114,org_02499,member,2025-06-08T08:00:00,False
user_011115,org_02499,member,2025-06-07T15:00:00,False
user_011116,org_02499,member,2025-06-07T03:00:00,False
user_011117,org_02499,member,2025-06-08T22:00:00,False
user_011118,org_02500,admin,2025-04-06T03:00:00,True
user_011119,org_02500,member,2025-04-06T23:00:00,False
user_011120,org_02500,member,2025-04-06T19:00:00,False
user_011121,org_02500,member,2025-04-05T00:00:00,False
user_011122,org_02500,member,2025-04-05T16:00:00,False
user_011123,org_02500,member,2025-04-05T19:00:00,False
