lead_id,account_id,lead_source,campaign,channel,created_at,lifecycle_stage,company_size,segment
LEAD_000001,ACC_00332,Organic,Product Blog,Organic,2024-03-07,MQL,1-99,SMB
LEAD_000002,ACC_00118,Paid Search,Search - Brand,Paid Search,2024-09-30,Lead,100-999,Mid-Market
LEAD_000003,ACC_01158,Organic,SEO,Organic,2024-09-11,Lead,1-99,SMB
LEAD_000004,ACC_00445,Organic,Product Blog,Organic,2024-09-08,Converted,1-99,SMB
LEAD_000005,ACC_01007,Outbound,Named Account Outreach,Outbound,2025-10-04,Lead,1000+,Enterprise
LEAD_000006,ACC_00750,Partner,Cloud Partner,Partner,2024-01-05,Lead,1000+,Enterprise
LEAD_000007,ACC_00795,Organic,SEO,Organic,2025-01-29,Lead,1-99,SMB
LEAD_000008,ACC_00937,Outbound,SDR Outbound,Outbound,2025-12-18,Converted,1000+,Enterprise
LEAD_000009,ACC_00319,Referral,Customer Referral,Referral,2025-10-01,SQL,1-99,SMB
LEAD_000010,ACC_00262,Referral,Customer Referral,Referral,2025-03-19,MQL,1000+,Enterprise
LEAD_000011,ACC_01197,Events,Executive Roundtable,Events,2025-12-30,Converted,1-99,SMB
LEAD_000012,ACC_00802,Referral,Employee Referral,Referral,2024-10-21,Lead,1-99,SMB
LEAD_000013,ACC_00351,Partner,Cloud Partner,Partner,2025-03-22,Converted,100-999,Mid-Market
LEAD_000014,ACC_00776,Referral,Customer Referral,Referral,2025-02-01,MQL,1000+,Enterprise
LEAD_000015,ACC_00473,Referral,Customer Referral,Referral,2024-02-04,Lead,1-99,SMB
LEAD_000016,ACC_01032,Paid Search,Search - Brand,Paid Search,2024-01-30,Lead,100-999,Mid-Market
LEAD_000017,ACC_00610,Events,Industry Conference,Events,2025-10-17,Converted,1-99,SMB
LEAD_000018,ACC_00377,Events,Executive Roundtable,Events,2024-05-06,Converted,1000+,Enterprise
LEAD_000019,ACC_00829,Outbound,SDR Outbound,Outbound,2024-09-16,MQL,1000+,Enterprise
LEAD_000020,ACC_00901,Referral,Customer Referral,Referral,2025-03-31,Lead,1-99,SMB
LEAD_000021,ACC_00448,Paid Search,Search - Competitor,Paid Search,2025-02-24,Lead,100-999,Mid-Market
LEAD_000022,ACC_00903,Paid Social,Paid Social Retargeting,Paid Social,2025-01-10,Lead,1-99,SMB
LEAD_000023,ACC_00281,Partner,Technology Partner,Partner,2025-12-16,Lead,1-99,SMB
LEAD_000024,ACC_00288,Outbound,Named Account Outreach,Outbound,2025-07-29,Lead,1-99,SMB
LEAD_000025,ACC_00992,Events,Industry Conference,Events,2025-11-19,MQL,100-999,Mid-Market
LEAD_000026,ACC_00746,Events,Webinar,Events,2025-04-26,MQL,100-999,Mid-Market
LEAD_000027,ACC_00043,Outbound,Named Account Outreach,Outbound,2025-12-16,Converted,100-999,Mid-Market
LEAD_000028,ACC_00811,Referral,Customer Referral,Referral,2025-03-15,MQL,1-99,SMB
LEAD_000029,ACC_00368,Organic,SEO,Organic,2025-01-31,Lead,100-999,Mid-Market
LEAD_000030,ACC_00330,Referral,Employee Referral,Referral,2025-08-18,MQL,1-99,SMB
LEAD_000031,ACC_00509,Organic,Content Hub,Organic,2025-09-27,Lead,100-999,Mid-Market
LEAD_000032,ACC_00543,Partner,Reseller,Partner,2024-02-19,SQL,1000+,Enterprise
LEAD_000033,ACC_01071,Organic,SEO,Organic,2025-10-27,SQL,1000+,Enterprise
LEAD_000034,ACC_00523,Partner,Cloud Partner,Partner,2025-05-20,Lead,1-99,SMB
LEAD_000035,ACC_00357,Paid Search,Search - Nonbrand,Paid Search,2025-10-18,Lead,100-999,Mid-Market
LEAD_000036,ACC_00929,Organic,SEO,Organic,2025-06-07,SQL,100-999,Mid-Market
LEAD_000037,ACC_00652,Partner,Cloud Partner,Partner,2025-11-08,MQL,1000+,Enterprise
LEAD_000038,ACC_00001,Outbound,Named Account Outreach,Outbound,2024-07-20,MQL,100-999,Mid-Market
LEAD_000039,ACC_00759,Organic,SEO,Organic,2024-05-17,SQL,1-99,SMB
LEAD_000040,ACC_00602,Outbound,Named Account Outreach,Outbound,2024-05-23,MQL,100-999,Mid-Market
LEAD_000041,ACC_00690,Organic,Content Hub,Organic,2024-07-03,Lead,100-999,Mid-Market
LEAD_000042,ACC_00222,Organic,Product Blog,Organic,2024-06-05,SQL,100-999,Mid-Market
LEAD_000043,ACC_00575,Organic,Content Hub,Organic,2024-11-18,Converted,1000+,Enterprise
LEAD_000044,ACC_00777,Partner,Cloud Partner,Partner,2024-05-24,Lead,100-999,Mid-Market
LEAD_000045,ACC_00813,Outbound,Named Account Outreach,Outbound,2024-04-25,Lead,1000+,Enterprise
LEAD_000046,ACC_00817,Partner,Technology Partner,Partner,2025-01-17,MQL,1000+,Enterprise
LEAD_000047,,Events,Industry Conference,Events,2025-08-02,MQL,100-999,Mid-Market
LEAD_000048,ACC_00602,Partner,Reseller,Partner,2024-04-09,Lead,100-999,Mid-Market
LEAD_000049,ACC_00516,Events,Industry Conference,Events,2025-01-08,MQL,1-99,SMB
LEAD_000050,ACC_00651,Referral,Employee Referral,Referral,2025-04-26,MQL,1-99,SMB
LEAD_000051,ACC_00395,Paid Search,Search - Competitor,Paid Search,2025-05-30,MQL,1-99,SMB
LEAD_000052,ACC_00379,Organic,Product Blog,Organic,2024-03-17,Lead,1-99,SMB
LEAD_000053,ACC_00829,Organic,Content Hub,Organic,2025-06-20,Lead,1000+,Enterprise
LEAD_000054,ACC_00376,Partner,Technology Partner,Partner,2024-01-20,Lead,1-99,SMB
LEAD_000055,ACC_00899,Partner,Cloud Partner,Partner,2024-06-22,Converted,1-99,SMB
LEAD_000056,ACC_00895,Organic,Product Blog,Organic,2024-08-21,MQL,100-999,Mid-Market
LEAD_000057,ACC_01145,Referral,Customer Referral,Referral,2025-09-15,Lead,1-99,SMB
LEAD_000058,ACC_00159,Referral,Customer Referral,Referral,2024-05-20,Converted,100-999,Mid-Market
LEAD_000059,ACC_00436,Paid Search,Search - Competitor,Paid Search,2025-07-25,Lead,1-99,SMB
LEAD_000060,ACC_00926,Organic,SEO,Organic,2025-12-23,MQL,1-99,SMB
LEAD_000061,ACC_00516,Organic,Content Hub,Organic,2025-12-02,Lead,1-99,SMB
LEAD_000062,ACC_00787,Paid Search,Search - Brand,Paid Search,2024-08-09,SQL,100-999,Mid-Market
LEAD_000063,ACC_00883,Events,Industry Conference,Events,2024-03-10,MQL,1000+,Enterprise
LEAD_000064,ACC_01062,Partner,Cloud Partner,Partner,2024-06-11,SQL,100-999,Mid-Market
LEAD_000065,ACC_00272,Organic,Content Hub,Organic,2025-07-16,Lead,1-99,SMB
LEAD_000066,ACC_00313,Paid Social,LinkedIn Demand Gen,Paid Social,2024-05-23,Lead,1-99,SMB
LEAD_000067,ACC_00566,Organic,Content Hub,Organic,2025-04-16,Lead,100-999,Mid-Market
LEAD_000068,ACC_00608,Paid Social,Paid Social Retargeting,Paid Social,2024-09-30,Converted,1-99,SMB
LEAD_000069,ACC_01087,Paid Social,LinkedIn Demand Gen,Paid Social,2025-07-14,Lead,100-999,Mid-Market
LEAD_000070,ACC_00047,Partner,Cloud Partner,Partner,2025-03-18,MQL,1-99,SMB
LEAD_000071,ACC_00295,Partner,Reseller,Partner,2025-03-04,MQL,1000+,Enterprise
LEAD_000072,ACC_01096,Events,Webinar,Events,2025-07-25,Lead,1-99,SMB
LEAD_000073,ACC_00738,Organic,SEO,Organic,2025-11-29,Lead,1-99,SMB
LEAD_000074,ACC_00811,Outbound,Named Account Outreach,Outbound,2024-09-23,Lead,1-99,SMB
LEAD_000075,ACC_00300,Organic,Product Blog,Organic,2025-01-21,MQL,100-999,Mid-Market
LEAD_000076,ACC_00748,Paid Search,Search - Competitor,Paid Search,2025-04-02,Converted,1-99,SMB
LEAD_000077,ACC_00444,Events,Executive Roundtable,Events,2025-08-24,Lead,1-99,SMB
LEAD_000078,ACC_00880,Outbound,SDR Outbound,Outbound,2024-12-18,Converted,100-999,Mid-Market
LEAD_000079,ACC_00109,Organic,Product Blog,Organic,2024-09-30,Lead,1-99,SMB
LEAD_000080,ACC_00342,Paid Social,Paid Social Retargeting,Paid Social,2025-09-10,Lead,1000+,Enterprise
LEAD_000081,ACC_00774,Outbound,SDR Outbound,Outbound,2025-11-27,Converted,1000+,Enterprise
LEAD_000082,ACC_00725,Referral,Customer Referral,Referral,2025-02-19,SQL,1-99,SMB
LEAD_000083,ACC_01009,Partner,Cloud Partner,Partner,2024-03-16,Lead,100-999,Mid-Market
LEAD_000084,ACC_00962,Organic,Content Hub,Organic,2024-07-30,MQL,1-99,SMB
LEAD_000085,ACC_00018,Paid Social,LinkedIn Demand Gen,Paid Social,2024-12-04,SQL,1-99,SMB
LEAD_000086,ACC_00109,Organic,Content Hub,Organic,2025-05-29,SQL,1-99,SMB
LEAD_000087,ACC_00426,Organic,Product Blog,Organic,2025-05-04,MQL,100-999,Mid-Market
LEAD_000088,ACC_01151,Partner,Technology Partner,Partner,2025-08-22,Lead,1-99,SMB
LEAD_000089,ACC_00573,Outbound,SDR Outbound,Outbound,2024-01-22,Lead,100-999,Mid-Market
LEAD_000090,ACC_01071,Organic,Product Blog,Organic,2024-12-06,MQL,1000+,Enterprise
LEAD_000091,ACC_00072,Outbound,Named Account Outreach,Outbound,2025-05-27,MQL,1-99,SMB
LEAD_000092,ACC_01156,Outbound,SDR Outbound,Outbound,2025-12-22,Lead,1-99,SMB
LEAD_000093,ACC_00074,Outbound,SDR Outbound,Outbound,2024-04-14,Lead,1-99,SMB
LEAD_000094,ACC_00971,Paid Search,Search - Brand,Paid Search,2025-10-04,Lead,1-99,SMB
LEAD_000095,ACC_01053,Paid Search,Search - Nonbrand,Paid Search,2024-01-06,MQL,1-99,SMB
LEAD_000096,ACC_00354,Organic,Content Hub,Organic,2024-05-23,Lead,100-999,Mid-Market
LEAD_000097,ACC_00361,Paid Search,Search - Nonbrand,Paid Search,2025-09-11,Lead,1000+,Enterprise
LEAD_000098,ACC_00698,Paid Search,Search - Brand,Paid Search,2025-07-29,Lead,100-999,Mid-Market
LEAD_000099,ACC_00867,Paid Search,Search - Brand,Paid Search,2025-12-12,Converted,1000+,Enterprise
LEAD_000100,ACC_00145,Organic,Product Blog,Organic,2025-03-15,MQL,1-99,SMB
LEAD_000101,ACC_00285,Organic,Product Blog,Organic,2025-03-26,Lead,100-999,Mid-Market
LEAD_000102,ACC_00906,Referral,Employee Referral,Referral,2025-01-25,Lead,100-999,Mid-Market
LEAD_000103,ACC_00969,Outbound,SDR Outbound,Outbound,2025-01-09,Lead,100-999,Mid-Market
LEAD_000104,ACC_00185,Paid Search,Search - Competitor,Paid Search,2025-01-10,MQL,100-999,Mid-Market
LEAD_000105,ACC_01068,Referral,Employee Referral,Referral,2024-08-01,MQL,100-999,Mid-Market
LEAD_000106,ACC_01041,Paid Search,Search - Nonbrand,Paid Search,2025-09-15,MQL,1-99,SMB
LEAD_000107,ACC_01042,Paid Social,Paid Social Retargeting,Paid Social,2024-09-17,MQL,100-999,Mid-Market
LEAD_000108,ACC_00289,Events,Webinar,Events,2025-03-22,Lead,100-999,Mid-Market
LEAD_000109,ACC_00803,Paid Social,LinkedIn ABM,Paid Social,2025-05-04,Lead,1000+,Enterprise
LEAD_000110,ACC_00193,Paid Search,Search - Nonbrand,Paid Search,2025-01-28,Lead,1-99,SMB
LEAD_000111,ACC_00236,Paid Search,Search - Brand,Paid Search,2025-03-22,MQL,100-999,Mid-Market
LEAD_000112,ACC_00086,Paid Social,LinkedIn ABM,Paid Social,2024-02-05,Lead,1-99,SMB
LEAD_000113,ACC_00592,Partner,Technology Partner,Partner,2024-08-18,SQL,1-99,SMB
LEAD_000114,ACC_00854,Paid Social,Paid Social Retargeting,Paid Social,2024-11-23,Lead,1000+,Enterprise
LEAD_000115,ACC_00239,Paid Social,Paid Social Retargeting,Paid Social,2024-10-15,MQL,1-99,SMB
LEAD_000116,ACC_00224,Paid Search,Search - Nonbrand,Paid Search,2025-10-25,Lead,1000+,Enterprise
LEAD_000117,ACC_00333,Paid Social,Paid Social Retargeting,Paid Social,2025-10-17,Lead,100-999,Mid-Market
LEAD_000118,ACC_00238,Organic,Product Blog,Organic,2025-06-04,MQL,100-999,Mid-Market
LEAD_000119,ACC_01000,Events,Webinar,Events,2024-09-14,Lead,1-99,SMB
LEAD_000120,ACC_00204,Outbound,Named Account Outreach,Outbound,2024-02-07,Lead,1-99,SMB
LEAD_000121,ACC_00335,Paid Social,LinkedIn Demand Gen,Paid Social,2025-07-06,Lead,1-99,SMB
LEAD_000122,ACC_00367,Outbound,SDR Outbound,Outbound,2025-10-08,MQL,100-999,Mid-Market
LEAD_000123,ACC_00244,Organic,SEO,Organic,2024-12-23,Lead,100-999,Mid-Market
LEAD_000124,ACC_01130,Paid Search,Search - Competitor,Paid Search,2025-08-27,Converted,1000+,Enterprise
LEAD_000125,ACC_00252,Paid Social,LinkedIn Demand Gen,Paid Social,2025-11-11,Converted,1000+,Enterprise
LEAD_000126,ACC_00584,Paid Social,LinkedIn ABM,Paid Social,2025-02-03,SQL,1-99,SMB
LEAD_000127,ACC_00680,Outbound,SDR Outbound,Outbound,2024-06-02,Lead,1-99,SMB
LEAD_000128,ACC_00314,Referral,Customer Referral,Referral,2024-01-17,MQL,1-99,SMB
LEAD_000129,ACC_00566,Paid Search,Search - Brand,Paid Search,2025-07-07,Lead,100-999,Mid-Market
LEAD_000130,ACC_00205,Paid Search,Search - Competitor,Paid Search,2025-02-15,SQL,1-99,SMB
LEAD_000131,ACC_00580,Partner,Cloud Partner,Partner,2024-04-22,MQL,1-99,SMB
LEAD_000132,ACC_00023,Paid Search,Search - Competitor,Paid Search,2024-02-09,Lead,1000+,Enterprise
LEAD_000133,ACC_00527,Organic,Content Hub,Organic,2025-12-09,MQL,1000+,Enterprise
LEAD_000134,ACC_00438,Referral,Customer Referral,Referral,2024-08-22,SQL,100-999,Mid-Market
LEAD_000135,ACC_00421,Events,Webinar,Events,2024-08-27,SQL,100-999,Mid-Market
LEAD_000136,ACC_00133,Referral,Employee Referral,Referral,2025-04-04,MQL,100-999,Mid-Market
LEAD_000137,ACC_01199,Organic,Product Blog,Organic,2024-09-23,MQL,1-99,SMB
LEAD_000138,ACC_00033,Organic,Content Hub,Organic,2025-10-29,SQL,1-99,SMB
LEAD_000139,ACC_00176,Paid Social,Paid Social Retargeting,Paid Social,2025-05-12,SQL,1-99,SMB
LEAD_000140,ACC_00124,Referral,Employee Referral,Referral,2024-09-18,SQL,1-99,SMB
LEAD_000141,ACC_01174,Organic,Product Blog,Organic,2024-07-13,Lead,100-999,Mid-Market
LEAD_000142,ACC_00383,Organic,SEO,Organic,2025-09-20,MQL,100-999,Mid-Market
LEAD_000143,ACC_00518,Organic,Product Blog,Organic,2025-03-08,SQL,100-999,Mid-Market
LEAD_000144,ACC_00902,Outbound,SDR Outbound,Outbound,2025-11-02,Lead,1-99,SMB
LEAD_000145,ACC_00061,Outbound,Named Account Outreach,Outbound,2024-09-09,Lead,100-999,Mid-Market
LEAD_000146,ACC_00081,Outbound,Named Account Outreach,Outbound,2024-01-16,Lead,100-999,Mid-Market
LEAD_000147,ACC_00220,Organic,SEO,Organic,2025-10-19,Lead,1-99,SMB
LEAD_000148,ACC_00815,Outbound,Named Account Outreach,Outbound,2024-06-24,SQL,1-99,SMB
LEAD_000149,ACC_01175,Paid Social,LinkedIn Demand Gen,Paid Social,2025-09-10,Lead,100-999,Mid-Market
LEAD_000150,ACC_00745,Organic,SEO,Organic,2025-06-02,MQL,100-999,Mid-Market
LEAD_000151,ACC_01047,Paid Search,Search - Nonbrand,Paid Search,2024-06-18,Lead,1-99,SMB
LEAD_000152,ACC_01059,Paid Social,LinkedIn ABM,Paid Social,2025-07-07,Converted,100-999,Mid-Market
LEAD_000153,ACC_00332,Paid Search,Search - Competitor,Paid Search,2024-02-29,SQL,1-99,SMB
LEAD_000154,ACC_00221,Referral,Employee Referral,Referral,2024-10-13,MQL,1-99,SMB
LEAD_000155,ACC_00193,Paid Social,Paid Social Retargeting,Paid Social,2024-09-17,MQL,1-99,SMB
LEAD_000156,ACC_00954,Paid Search,Search - Brand,Paid Search,2025-04-25,Lead,1-99,SMB
LEAD_000157,ACC_00804,Outbound,SDR Outbound,Outbound,2025-01-25,SQL,100-999,Mid-Market
LEAD_000158,ACC_01038,Partner,Technology Partner,Partner,2025-03-23,MQL,1-99,SMB
LEAD_000159,ACC_00609,Organic,Content Hub,Organic,2024-12-14,Lead,100-999,Mid-Market
LEAD_000160,ACC_01172,Partner,Technology Partner,Partner,2025-06-24,Converted,100-999,Mid-Market
LEAD_000161,ACC_01073,Paid Search,Search - Competitor,Paid Search,2024-04-27,Lead,1-99,SMB
LEAD_000162,ACC_00971,Paid Search,Search - Competitor,Paid Search,2025-06-09,MQL,1-99,SMB
LEAD_000163,ACC_00964,Outbound,SDR Outbound,Outbound,2024-02-06,Lead,1-99,SMB
LEAD_000164,ACC_00149,Partner,Cloud Partner,Partner,2024-03-03,MQL,1-99,SMB
LEAD_000165,ACC_00894,Paid Search,Search - Nonbrand,Paid Search,2025-06-12,Lead,1-99,SMB
LEAD_000166,ACC_01137,Organic,SEO,Organic,2024-04-25,Lead,1-99,SMB
LEAD_000167,ACC_00351,Paid Social,Paid Social Retargeting,Paid Social,2025-07-16,MQL,100-999,Mid-Market
LEAD_000168,ACC_00978,Paid Search,Search - Competitor,Paid Search,2024-04-07,Converted,1-99,SMB
LEAD_000169,ACC_00421,Referral,Customer Referral,Referral,2024-04-17,Lead,100-999,Mid-Market
LEAD_000170,ACC_00255,Paid Social,Paid Social Retargeting,Paid Social,2025-11-12,MQL,1-99,SMB
LEAD_000171,ACC_00877,Events,Webinar,Events,2024-05-09,MQL,1-99,SMB
LEAD_000172,ACC_00199,Paid Search,Search - Nonbrand,Paid Search,2025-10-29,SQL,1-99,SMB
LEAD_000173,ACC_00578,Events,Industry Conference,Events,2024-09-11,Lead,100-999,Mid-Market
LEAD_000174,ACC_01124,Organic,SEO,Organic,2025-08-05,MQL,1-99,SMB
LEAD_000175,ACC_00189,Paid Search,Search - Nonbrand,Paid Search,2025-11-17,Converted,100-999,Mid-Market
LEAD_000176,ACC_00187,Organic,Content Hub,Organic,2024-03-26,Lead,1-99,SMB
LEAD_000177,ACC_01132,Organic,SEO,Organic,2024-08-29,Lead,100-999,Mid-Market
LEAD_000178,ACC_00933,Referral,Customer Referral,Referral,2025-02-23,SQL,1-99,SMB
LEAD_000179,ACC_00554,Outbound,SDR Outbound,Outbound,2025-09-24,Lead,1000+,Enterprise
LEAD_000180,ACC_00487,Partner,Technology Partner,Partner,2024-05-16,Lead,1-99,SMB
LEAD_000181,ACC_01157,Paid Social,LinkedIn ABM,Paid Social,2024-05-16,Lead,1-99,SMB
LEAD_000182,ACC_00869,Partner,Cloud Partner,Partner,2024-09-26,SQL,1-99,SMB
LEAD_000183,ACC_01090,Partner,Technology Partner,Partner,2024-05-29,Converted,1-99,SMB
LEAD_000184,ACC_00111,Events,Webinar,Events,2024-07-14,MQL,1-99,SMB
LEAD_000185,ACC_00637,Partner,Cloud Partner,Partner,2024-04-04,MQL,100-999,Mid-Market
LEAD_000186,ACC_00871,Outbound,SDR Outbound,Outbound,2025-08-28,Lead,100-999,Mid-Market
LEAD_000187,ACC_00043,Paid Search,Search - Brand,Paid Search,2025-08-05,Lead,100-999,Mid-Market
LEAD_000188,ACC_00615,Referral,Employee Referral,Referral,2024-04-15,Lead,1-99,SMB
LEAD_000189,ACC_00067,Organic,Product Blog,Organic,2025-01-27,Lead,100-999,Mid-Market
LEAD_000190,ACC_01081,Paid Search,Search - Brand,Paid Search,2025-04-17,Lead,1-99,SMB
LEAD_000191,ACC_00818,Referral,Employee Referral,Referral,2025-04-03,MQL,100-999,Mid-Market
LEAD_000192,ACC_00227,Organic,Product Blog,Organic,2025-12-20,Lead,1-99,SMB
LEAD_000193,ACC_00626,Organic,Product Blog,Organic,2025-04-13,Lead,1-99,SMB
LEAD_000194,ACC_00132,Paid Search,Search - Nonbrand,Paid Search,2025-05-17,Lead,1000+,Enterprise
LEAD_000195,ACC_00965,Paid Social,LinkedIn ABM,Paid Social,2024-01-25,MQL,1000+,Enterprise
LEAD_000196,ACC_00236,Referral,Customer Referral,Referral,2024-02-27,Lead,100-999,Mid-Market
LEAD_000197,ACC_00729,Events,Executive Roundtable,Events,2025-03-28,Lead,1-99,SMB
LEAD_000198,ACC_00095,Paid Social,LinkedIn Demand Gen,Paid Social,2025-10-25,Lead,1-99,SMB
LEAD_000199,ACC_00190,Referral,Employee Referral,Referral,2024-10-18,MQL,1-99,SMB
LEAD_000200,ACC_01177,Partner,Technology Partner,Partner,2025-04-15,SQL,1-99,SMB
LEAD_000201,ACC_00464,Events,Executive Roundtable,Events,2024-06-02,SQL,1-99,SMB
LEAD_000202,ACC_00148,Paid Search,Search - Nonbrand,Paid Search,2024-11-29,SQL,100-999,Mid-Market
LEAD_000203,ACC_00840,Paid Social,LinkedIn Demand Gen,Paid Social,2025-07-03,MQL,100-999,Mid-Market
LEAD_000204,ACC_00242,Organic,Product Blog,Organic,2025-04-27,Converted,100-999,Mid-Market
LEAD_000205,ACC_00708,Organic,Content Hub,Organic,2024-03-24,MQL,100-999,Mid-Market
LEAD_000206,ACC_00972,Outbound,SDR Outbound,Outbound,2025-10-04,MQL,1-99,SMB
LEAD_000207,ACC_00821,Organic,SEO,Organic,2025-11-08,Lead,1-99,SMB
LEAD_000208,ACC_00297,Partner,Cloud Partner,Partner,2024-12-14,Lead,1000+,Enterprise
LEAD_000209,ACC_00285,Outbound,SDR Outbound,Outbound,2024-09-06,Lead,100-999,Mid-Market
LEAD_000210,ACC_00267,Organic,Content Hub,Organic,2025-01-23,Lead,1-99,SMB
LEAD_000211,ACC_00759,Paid Social,LinkedIn ABM,Paid Social,2025-08-08,SQL,1-99,SMB
LEAD_000212,ACC_00807,Outbound,SDR Outbound,Outbound,2024-11-26,Lead,100-999,Mid-Market
LEAD_000213,ACC_00626,Referral,Customer Referral,Referral,2024-01-23,MQL,1-99,SMB
LEAD_000214,ACC_00479,Paid Search,Search - Brand,Paid Search,2024-02-23,SQL,100-999,Mid-Market
LEAD_000215,ACC_00075,Referral,Customer Referral,Referral,2025-08-16,MQL,1-99,SMB
LEAD_000216,ACC_01003,Events,Executive Roundtable,Events,2025-07-29,Lead,1-99,SMB
LEAD_000217,ACC_00793,Partner,Technology Partner,Partner,2025-07-18,Lead,1-99,SMB
LEAD_000218,ACC_00766,Paid Search,Search - Brand,Paid Search,2024-04-02,Lead,1-99,SMB
LEAD_000219,ACC_00125,Outbound,SDR Outbound,Outbound,2024-05-04,Converted,1-99,SMB
LEAD_000220,ACC_00346,Events,Industry Conference,Events,2024-10-15,MQL,100-999,Mid-Market
LEAD_000221,ACC_00365,Paid Search,Search - Brand,Paid Search,2024-06-17,SQL,100-999,Mid-Market
LEAD_000222,ACC_00718,Referral,Employee Referral,Referral,2024-10-09,MQL,1-99,SMB
LEAD_000223,ACC_00945,Referral,Customer Referral,Referral,2025-02-12,MQL,1-99,SMB
LEAD_000224,ACC_01040,Paid Social,Paid Social Retargeting,Paid Social,2024-07-23,SQL,1-99,SMB
LEAD_000225,ACC_00627,Outbound,SDR Outbound,Outbound,2024-03-31,Lead,100-999,Mid-Market
LEAD_000226,ACC_00438,Paid Social,LinkedIn Demand Gen,Paid Social,2024-10-21,Lead,100-999,Mid-Market
LEAD_000227,ACC_00490,Outbound,Named Account Outreach,Outbound,2025-06-12,Lead,100-999,Mid-Market
LEAD_000228,ACC_00884,Events,Industry Conference,Events,2025-03-27,MQL,1-99,SMB
LEAD_000229,ACC_00382,Organic,Product Blog,Organic,2024-08-22,Converted,1000+,Enterprise
LEAD_000230,ACC_00499,Organic,SEO,Organic,2024-08-15,MQL,1-99,SMB
LEAD_000231,ACC_00944,Paid Search,Search - Competitor,Paid Search,2025-03-02,MQL,1-99,SMB
LEAD_000232,ACC_00652,Referral,Employee Referral,Referral,2024-05-06,Converted,1000+,Enterprise
LEAD_000233,ACC_00562,Paid Search,Search - Brand,Paid Search,2025-09-01,Lead,1-99,SMB
LEAD_000234,ACC_00881,Referral,Employee Referral,Referral,2025-09-27,Lead,1-99,SMB
LEAD_000235,ACC_00347,Paid Social,LinkedIn Demand Gen,Paid Social,2024-01-19,Converted,1000+,Enterprise
LEAD_000236,ACC_00073,Paid Search,Search - Brand,Paid Search,2025-12-10,Converted,1000+,Enterprise
LEAD_000237,ACC_00947,Referral,Customer Referral,Referral,2024-01-18,MQL,100-999,Mid-Market
LEAD_000238,ACC_00546,Partner,Cloud Partner,Partner,2024-12-01,Lead,1-99,SMB
LEAD_000239,ACC_00391,Paid Search,Search - Competitor,Paid Search,2025-05-02,Converted,100-999,Mid-Market
LEAD_000240,ACC_00115,Organic,Content Hub,Organic,2024-08-27,SQL,1-99,SMB
LEAD_000241,ACC_01112,Organic,Content Hub,Organic,2024-05-28,MQL,1-99,SMB
LEAD_000242,ACC_00871,Organic,Content Hub,Organic,2024-02-04,Lead,100-999,Mid-Market
LEAD_000243,ACC_00329,Paid Search,Search - Nonbrand,Paid Search,2025-06-15,MQL,100-999,Mid-Market
LEAD_000244,ACC_00730,Partner,Reseller,Partner,2024-01-27,SQL,100-999,Mid-Market
LEAD_000245,ACC_00558,Paid Search,Search - Competitor,Paid Search,2024-12-19,SQL,100-999,Mid-Market
LEAD_000246,ACC_00393,Organic,SEO,Organic,2024-10-14,MQL,100-999,Mid-Market
LEAD_000247,ACC_00374,Paid Search,Search - Competitor,Paid Search,2025-12-08,MQL,1-99,SMB
LEAD_000248,ACC_00092,Paid Social,Paid Social Retargeting,Paid Social,2025-11-11,MQL,100-999,Mid-Market
LEAD_000249,ACC_01170,Referral,Customer Referral,Referral,2025-08-20,MQL,1-99,SMB
LEAD_000250,ACC_01111,Paid Search,Search - Brand,Paid Search,2025-06-18,Lead,1-99,SMB
LEAD_000251,ACC_01045,Organic,Content Hub,Organic,2025-01-31,Lead,1-99,SMB
LEAD_000252,ACC_00379,Partner,Technology Partner,Partner,2024-09-12,Lead,1-99,SMB
LEAD_000253,ACC_01197,Referral,Employee Referral,Referral,2024-05-01,SQL,1-99,SMB
LEAD_000254,ACC_00331,Outbound,SDR Outbound,Outbound,2025-12-08,Lead,100-999,Mid-Market
LEAD_000255,ACC_00990,Events,Industry Conference,Events,2024-10-08,Lead,100-999,Mid-Market
LEAD_000256,ACC_00122,Referral,Customer Referral,Referral,2024-11-09,Converted,100-999,Mid-Market
LEAD_000257,ACC_00373,Partner,Cloud Partner,Partner,2024-04-13,MQL,1-99,SMB
LEAD_000258,ACC_00693,Referral,Employee Referral,Referral,2024-07-21,Lead,1-99,SMB
LEAD_000259,ACC_01162,Organic,SEO,Organic,2025-04-08,Lead,100-999,Mid-Market
LEAD_000260,ACC_00319,Events,Webinar,Events,2024-11-07,SQL,1-99,SMB
LEAD_000261,ACC_00519,Events,Industry Conference,Events,2025-03-04,Lead,1-99,SMB
LEAD_000262,ACC_01012,Referral,Employee Referral,Referral,2024-06-03,MQL,100-999,Mid-Market
LEAD_000263,ACC_00567,Paid Social,LinkedIn Demand Gen,Paid Social,2024-02-29,MQL,100-999,Mid-Market
LEAD_000264,ACC_00820,Outbound,SDR Outbound,Outbound,2025-10-09,Lead,1-99,SMB
LEAD_000265,ACC_00502,Organic,SEO,Organic,2024-11-11,SQL,1000+,Enterprise
LEAD_000266,ACC_00005,Partner,Reseller,Partner,2024-09-21,Lead,1-99,SMB
LEAD_000267,ACC_00340,Paid Search,Search - Competitor,Paid Search,2024-07-28,MQL,1000+,Enterprise
LEAD_000268,ACC_00679,Partner,Cloud Partner,Partner,2025-04-25,Lead,1-99,SMB
LEAD_000269,ACC_00024,Outbound,SDR Outbound,Outbound,2025-02-15,MQL,1000+,Enterprise
LEAD_000270,ACC_00279,Paid Search,Search - Competitor,Paid Search,2024-10-11,Lead,1000+,Enterprise
LEAD_000271,ACC_01144,Organic,Product Blog,Organic,2025-11-11,Converted,1000+,Enterprise
LEAD_000272,ACC_00019,Paid Search,Search - Brand,Paid Search,2025-10-21,Lead,1000+,Enterprise
LEAD_000273,ACC_00297,Outbound,SDR Outbound,Outbound,2024-05-25,MQL,1000+,Enterprise
LEAD_000274,ACC_00744,Outbound,SDR Outbound,Outbound,2025-04-14,Lead,1-99,SMB
LEAD_000275,ACC_00676,Outbound,SDR Outbound,Outbound,2025-12-08,SQL,1-99,SMB
LEAD_000276,ACC_00246,Organic,Content Hub,Organic,2024-12-22,Lead,1000+,Enterprise
LEAD_000277,ACC_00072,Events,Webinar,Events,2024-01-23,Converted,1-99,SMB
LEAD_000278,ACC_01080,Outbound,Named Account Outreach,Outbound,2024-04-06,MQL,1-99,SMB
LEAD_000279,ACC_00661,Organic,SEO,Organic,2025-05-03,MQL,1-99,SMB
LEAD_000280,ACC_00689,Paid Search,Search - Nonbrand,Paid Search,2025-10-21,MQL,100-999,Mid-Market
LEAD_000281,ACC_00070,Paid Social,LinkedIn ABM,Paid Social,2024-04-03,Lead,1-99,SMB
LEAD_000282,ACC_00252,Paid Search,Search - Brand,Paid Search,2025-02-03,Converted,1000+,Enterprise
LEAD_000283,ACC_00088,Organic,Content Hub,Organic,2024-12-29,Converted,1-99,SMB
LEAD_000284,ACC_01175,Organic,SEO,Organic,2024-07-27,Lead,100-999,Mid-Market
LEAD_000285,ACC_00924,Organic,Content Hub,Organic,2025-04-06,MQL,100-999,Mid-Market
LEAD_000286,ACC_00656,Organic,Content Hub,Organic,2025-10-03,Lead,1-99,SMB
LEAD_000287,ACC_00818,Paid Search,Search - Nonbrand,Paid Search,2024-06-23,MQL,100-999,Mid-Market
LEAD_000288,ACC_00199,Events,Webinar,Events,2024-02-09,SQL,1-99,SMB
LEAD_000289,ACC_01186,Paid Social,LinkedIn Demand Gen,Paid Social,2024-09-19,Converted,1000+,Enterprise
LEAD_000290,ACC_00621,Paid Social,Paid Social Retargeting,Paid Social,2024-08-17,Lead,100-999,Mid-Market
LEAD_000291,ACC_00620,Outbound,Named Account Outreach,Outbound,2025-06-15,MQL,1-99,SMB
LEAD_000292,ACC_01152,Partner,Cloud Partner,Partner,2025-01-27,SQL,1000+,Enterprise
LEAD_000293,ACC_00116,Organic,SEO,Organic,2024-01-14,MQL,1000+,Enterprise
LEAD_000294,ACC_00510,Paid Search,Search - Nonbrand,Paid Search,2024-09-05,MQL,1-99,SMB
LEAD_000295,ACC_00106,Paid Search,Search - Brand,Paid Search,2025-06-21,MQL,100-999,Mid-Market
LEAD_000296,ACC_00511,Partner,Cloud Partner,Partner,2024-12-14,SQL,1-99,SMB
LEAD_000297,ACC_00321,Paid Social,Paid Social Retargeting,Paid Social,2025-02-15,Converted,1000+,Enterprise
LEAD_000298,ACC_00554,Paid Search,Search - Competitor,Paid Search,2024-07-12,Lead,1000+,Enterprise
LEAD_000299,ACC_00843,Partner,Technology Partner,Partner,2024-08-21,Lead,100-999,Mid-Market
LEAD_000300,ACC_00337,Referral,Customer Referral,Referral,2024-04-05,Lead,1-99,SMB
LEAD_000301,ACC_00062,Paid Search,Search - Competitor,Paid Search,2024-02-29,Lead,1-99,SMB
LEAD_000302,ACC_00195,Paid Social,LinkedIn Demand Gen,Paid Social,2024-01-27,MQL,1-99,SMB
LEAD_000303,ACC_00859,Paid Social,LinkedIn ABM,Paid Social,2025-04-01,SQL,1-99,SMB
LEAD_000304,ACC_00695,Outbound,SDR Outbound,Outbound,2024-04-25,Lead,1000+,Enterprise
LEAD_000305,ACC_01175,Outbound,Named Account Outreach,Outbound,2025-02-23,MQL,100-999,Mid-Market
LEAD_000306,ACC_01074,Outbound,SDR Outbound,Outbound,2025-11-27,Lead,1000+,Enterprise
LEAD_000307,ACC_00194,Organic,SEO,Organic,2025-05-24,MQL,1000+,Enterprise
LEAD_000308,ACC_00883,Paid Social,Paid Social Retargeting,Paid Social,2025-02-24,SQL,1000+,Enterprise
LEAD_000309,ACC_00109,Events,Industry Conference,Events,2024-03-26,MQL,1-99,SMB
LEAD_000310,ACC_00116,Paid Search,Search - Brand,Paid Search,2024-12-23,Lead,1000+,Enterprise
LEAD_000311,ACC_00952,Referral,Customer Referral,Referral,2025-10-13,Converted,1-99,SMB
LEAD_000312,ACC_00482,Paid Search,Search - Competitor,Paid Search,2024-10-07,MQL,1-99,SMB
LEAD_000313,ACC_01198,Paid Social,LinkedIn ABM,Paid Social,2025-08-26,Lead,100-999,Mid-Market
LEAD_000314,ACC_00007,Paid Social,Paid Social Retargeting,Paid Social,2025-06-01,MQL,100-999,Mid-Market
LEAD_000315,ACC_00604,Paid Social,LinkedIn ABM,Paid Social,2024-07-14,MQL,100-999,Mid-Market
LEAD_000316,ACC_00370,Events,Webinar,Events,2024-04-13,Lead,1000+,Enterprise
LEAD_000317,ACC_01183,Organic,SEO,Organic,2024-01-13,SQL,1-99,SMB
LEAD_000318,ACC_00804,Partner,Technology Partner,Partner,2024-07-20,MQL,100-999,Mid-Market
LEAD_000319,ACC_00927,Partner,Cloud Partner,Partner,2024-08-31,MQL,1-99,SMB
LEAD_000320,ACC_00349,Events,Executive Roundtable,Events,2025-04-24,SQL,100-999,Mid-Market
LEAD_000321,ACC_01074,Partner,Technology Partner,Partner,2025-02-22,SQL,1000+,Enterprise
LEAD_000322,ACC_01009,Referral,Customer Referral,Referral,2024-12-16,Lead,100-999,Mid-Market
LEAD_000323,ACC_00941,Events,Executive Roundtable,Events,2025-06-12,Lead,1-99,SMB
LEAD_000324,ACC_00573,Paid Search,Search - Brand,Paid Search,2025-07-16,Lead,100-999,Mid-Market
LEAD_000325,ACC_01107,Events,Webinar,Events,2025-06-05,Lead,1-99,SMB
LEAD_000326,ACC_00804,Referral,Employee Referral,Referral,2025-10-17,Lead,100-999,Mid-Market
LEAD_000327,ACC_00079,Paid Search,Search - Nonbrand,Paid Search,2024-09-19,MQL,100-999,Mid-Market
LEAD_000328,ACC_01061,Partner,Cloud Partner,Partner,2025-08-24,Lead,1000+,Enterprise
LEAD_000329,ACC_00026,Paid Search,Search - Competitor,Paid Search,2024-11-03,Lead,1-99,SMB
LEAD_000330,ACC_00820,Partner,Technology Partner,Partner,2024-05-14,MQL,1-99,SMB
LEAD_000331,ACC_00300,Organic,Content Hub,Organic,2024-04-16,Lead,100-999,Mid-Market
LEAD_000332,ACC_01077,Outbound,SDR Outbound,Outbound,2024-03-07,MQL,100-999,Mid-Market
LEAD_000333,ACC_00876,Paid Social,LinkedIn Demand Gen,Paid Social,2025-11-29,SQL,1000+,Enterprise
LEAD_000334,ACC_00970,Partner,Reseller,Partner,2024-05-03,Lead,1-99,SMB
LEAD_000335,ACC_00840,Organic,SEO,Organic,2025-09-02,Lead,100-999,Mid-Market
LEAD_000336,ACC_00681,Outbound,Named Account Outreach,Outbound,2025-07-26,MQL,1-99,SMB
LEAD_000337,ACC_01037,Paid Social,LinkedIn Demand Gen,Paid Social,2024-11-17,Lead,1-99,SMB
LEAD_000338,ACC_00357,Partner,Reseller,Partner,2025-10-30,MQL,100-999,Mid-Market
LEAD_000339,ACC_00635,Paid Search,Search - Brand,Paid Search,2025-10-25,SQL,1-99,SMB
LEAD_000340,ACC_00358,Organic,SEO,Organic,2025-11-07,MQL,100-999,Mid-Market
LEAD_000341,ACC_00137,Paid Social,LinkedIn Demand Gen,Paid Social,2024-12-29,Lead,1000+,Enterprise
LEAD_000342,ACC_01051,Referral,Customer Referral,Referral,2024-08-05,Converted,100-999,Mid-Market
LEAD_000343,ACC_00597,Paid Search,Search - Brand,Paid Search,2024-02-02,Lead,100-999,Mid-Market
LEAD_000344,ACC_00065,Outbound,SDR Outbound,Outbound,2025-09-06,SQL,100-999,Mid-Market
LEAD_000345,ACC_00991,Organic,Product Blog,Organic,2025-09-30,SQL,100-999,Mid-Market
LEAD_000346,ACC_01130,Outbound,Named Account Outreach,Outbound,2025-01-26,Lead,1000+,Enterprise
LEAD_000347,ACC_00795,Paid Search,Search - Brand,Paid Search,2024-02-21,Lead,1-99,SMB
LEAD_000348,ACC_00393,Paid Social,LinkedIn Demand Gen,Paid Social,2025-08-24,Lead,100-999,Mid-Market
LEAD_000349,ACC_01032,Paid Search,Search - Brand,Paid Search,2024-08-06,Converted,100-999,Mid-Market
LEAD_000350,ACC_00887,Organic,SEO,Organic,2025-02-04,Lead,1-99,SMB
LEAD_000351,ACC_00342,Paid Search,Search - Nonbrand,Paid Search,2025-04-27,SQL,1000+,Enterprise
LEAD_000352,ACC_00397,Paid Search,Search - Nonbrand,Paid Search,2024-04-16,SQL,1000+,Enterprise
LEAD_000353,ACC_01186,Paid Social,LinkedIn ABM,Paid Social,2024-02-15,SQL,1000+,Enterprise
LEAD_000354,ACC_01144,Referral,Employee Referral,Referral,2024-02-27,MQL,1000+,Enterprise
LEAD_000355,ACC_00812,Paid Social,Paid Social Retargeting,Paid Social,2025-12-02,Lead,1-99,SMB
LEAD_000356,ACC_00044,Referral,Employee Referral,Referral,2025-11-30,Lead,1-99,SMB
LEAD_000357,ACC_00276,Paid Social,Paid Social Retargeting,Paid Social,2024-11-08,Converted,1-99,SMB
LEAD_000358,ACC_00424,Organic,Product Blog,Organic,2024-11-07,Lead,1-99,SMB
LEAD_000359,ACC_00644,Paid Search,Search - Competitor,Paid Search,2024-10-24,Converted,1-99,SMB
LEAD_000360,ACC_01041,Paid Social,LinkedIn ABM,Paid Social,2024-09-13,Converted,1-99,SMB
LEAD_000361,ACC_01018,Paid Search,Search - Competitor,Paid Search,2025-02-01,Lead,1000+,Enterprise
LEAD_000362,ACC_00329,Events,Executive Roundtable,Events,2024-09-17,MQL,100-999,Mid-Market
LEAD_000363,ACC_00131,Outbound,Named Account Outreach,Outbound,2025-03-26,Lead,1-99,SMB
LEAD_000364,ACC_00331,Partner,Technology Partner,Partner,2024-10-04,MQL,100-999,Mid-Market
LEAD_000365,ACC_00283,Paid Social,LinkedIn ABM,Paid Social,2025-04-05,Converted,1-99,SMB
LEAD_000366,ACC_01079,Paid Search,Search - Brand,Paid Search,2025-11-21,Converted,100-999,Mid-Market
LEAD_000367,ACC_00018,Partner,Reseller,Partner,2024-05-30,Converted,1-99,SMB
LEAD_000368,ACC_00997,Organic,SEO,Organic,2024-02-15,Lead,100-999,Mid-Market
LEAD_000369,ACC_00789,Organic,SEO,Organic,2025-01-19,MQL,100-999,Mid-Market
LEAD_000370,ACC_00127,Paid Search,Search - Competitor,Paid Search,2024-03-28,Lead,1-99,SMB
LEAD_000371,ACC_00823,Organic,Product Blog,Organic,2024-06-18,Converted,1-99,SMB
LEAD_000372,ACC_00697,Outbound,SDR Outbound,Outbound,2025-07-31,Lead,100-999,Mid-Market
LEAD_000373,ACC_00005,Organic,Content Hub,Organic,2024-11-01,Lead,1-99,SMB
LEAD_000374,ACC_00269,Organic,Content Hub,Organic,2025-02-05,Lead,1-99,SMB
LEAD_000375,ACC_00418,Referral,Customer Referral,Referral,2025-07-21,Lead,100-999,Mid-Market
LEAD_000376,ACC_00259,Referral,Employee Referral,Referral,2024-04-03,Lead,1-99,SMB
LEAD_000377,ACC_00695,Paid Social,LinkedIn ABM,Paid Social,2024-12-15,Lead,1000+,Enterprise
LEAD_000378,ACC_00739,Paid Social,Paid Social Retargeting,Paid Social,2024-01-26,SQL,1-99,SMB
LEAD_000379,ACC_00204,Outbound,Named Account Outreach,Outbound,2024-12-30,SQL,1-99,SMB
LEAD_000380,ACC_00149,Organic,Product Blog,Organic,2024-06-12,Lead,1-99,SMB
LEAD_000381,ACC_00787,Paid Social,LinkedIn Demand Gen,Paid Social,2025-10-28,SQL,100-999,Mid-Market
LEAD_000382,ACC_00564,Organic,Content Hub,Organic,2024-07-09,Lead,100-999,Mid-Market
LEAD_000383,ACC_00319,Paid Social,LinkedIn ABM,Paid Social,2024-05-26,SQL,1-99,SMB
LEAD_000384,ACC_00307,Referral,Customer Referral,Referral,2024-01-11,Lead,1-99,SMB
LEAD_000385,ACC_00048,Outbound,Named Account Outreach,Outbound,2024-04-07,MQL,1-99,SMB
LEAD_000386,ACC_01025,Referral,Employee Referral,Referral,2024-06-06,Lead,100-999,Mid-Market
LEAD_000387,ACC_01011,Outbound,SDR Outbound,Outbound,2024-06-15,Lead,100-999,Mid-Market
LEAD_000388,ACC_00666,Partner,Cloud Partner,Partner,2025-06-23,MQL,100-999,Mid-Market
LEAD_000389,ACC_00420,Outbound,Named Account Outreach,Outbound,2025-10-10,SQL,1000+,Enterprise
LEAD_000390,ACC_00259,Partner,Cloud Partner,Partner,2025-09-17,SQL,1-99,SMB
LEAD_000391,ACC_00369,Paid Social,Paid Social Retargeting,Paid Social,2025-11-30,Lead,1-99,SMB
LEAD_000392,ACC_01112,Paid Search,Search - Nonbrand,Paid Search,2025-10-18,MQL,1-99,SMB
LEAD_000393,ACC_00107,Paid Social,LinkedIn ABM,Paid Social,2024-11-28,SQL,1-99,SMB
LEAD_000394,ACC_00988,Paid Search,Search - Competitor,Paid Search,2024-10-12,Lead,1-99,SMB
LEAD_000395,ACC_00366,Paid Social,LinkedIn Demand Gen,Paid Social,2025-04-19,Lead,1-99,SMB
LEAD_000396,ACC_00319,Organic,Product Blog,Organic,2024-08-21,Lead,1-99,SMB
LEAD_000397,ACC_00972,Partner,Technology Partner,Partner,2025-03-17,Lead,1-99,SMB
LEAD_000398,ACC_01154,Paid Search,Search - Nonbrand,Paid Search,2025-12-31,Lead,1-99,SMB
LEAD_000399,ACC_01190,Paid Search,Search - Competitor,Paid Search,2024-05-24,Lead,100-999,Mid-Market
LEAD_000400,ACC_00322,Paid Social,LinkedIn ABM,Paid Social,2025-07-16,MQL,100-999,Mid-Market
LEAD_000401,ACC_00710,Organic,SEO,Organic,2025-11-14,MQL,1-99,SMB
LEAD_000402,ACC_00352,Referral,Customer Referral,Referral,2025-01-27,SQL,1-99,SMB
LEAD_000403,ACC_00233,Paid Social,Paid Social Retargeting,Paid Social,2024-09-17,SQL,1000+,Enterprise
LEAD_000404,ACC_00464,Paid Search,Search - Brand,Paid Search,2024-07-05,Lead,1-99,SMB
LEAD_000405,ACC_00075,Organic,Product Blog,Organic,2024-05-02,Converted,1-99,SMB
LEAD_000406,ACC_00198,Events,Industry Conference,Events,2024-08-22,SQL,1000+,Enterprise
LEAD_000407,ACC_00715,Partner,Reseller,Partner,2025-06-29,MQL,100-999,Mid-Market
LEAD_000408,ACC_00825,Paid Social,Paid Social Retargeting,Paid Social,2025-01-11,Lead,1000+,Enterprise
LEAD_000409,ACC_00325,Paid Search,Search - Competitor,Paid Search,2024-06-10,MQL,1000+,Enterprise
LEAD_000410,ACC_00669,Outbound,SDR Outbound,Outbound,2025-01-31,MQL,1-99,SMB
LEAD_000411,ACC_00918,Referral,Employee Referral,Referral,2025-08-14,MQL,1-99,SMB
LEAD_000412,ACC_01074,Paid Search,Search - Brand,Paid Search,2024-01-10,SQL,1000+,Enterprise
LEAD_000413,ACC_00683,Organic,SEO,Organic,2024-01-16,Converted,1-99,SMB
LEAD_000414,ACC_00290,Organic,Content Hub,Organic,2025-12-02,Converted,1-99,SMB
LEAD_000415,ACC_00856,Organic,Content Hub,Organic,2025-06-30,MQL,1-99,SMB
LEAD_000416,ACC_00205,Outbound,SDR Outbound,Outbound,2025-02-24,Converted,1-99,SMB
LEAD_000417,ACC_00167,Referral,Employee Referral,Referral,2025-10-24,Converted,1000+,Enterprise
LEAD_000418,ACC_00431,Referral,Customer Referral,Referral,2025-03-06,Lead,1000+,Enterprise
LEAD_000419,ACC_00395,Outbound,SDR Outbound,Outbound,2025-01-15,MQL,1-99,SMB
LEAD_000420,ACC_00176,Organic,Product Blog,Organic,2024-06-03,Lead,1-99,SMB
LEAD_000421,ACC_00063,Referral,Customer Referral,Referral,2025-08-15,Lead,100-999,Mid-Market
LEAD_000422,ACC_01136,Paid Search,Search - Nonbrand,Paid Search,2025-07-13,Lead,1-99,SMB
LEAD_000423,ACC_00813,Paid Search,Search - Competitor,Paid Search,2024-08-04,SQL,1000+,Enterprise
LEAD_000424,ACC_00861,Outbound,Named Account Outreach,Outbound,2025-06-22,Lead,100-999,Mid-Market
LEAD_000425,ACC_00080,Organic,Product Blog,Organic,2025-06-15,Lead,100-999,Mid-Market
LEAD_000426,ACC_00956,Events,Executive Roundtable,Events,2024-03-10,Lead,1000+,Enterprise
LEAD_000427,ACC_00438,Referral,Customer Referral,Referral,2024-04-27,MQL,100-999,Mid-Market
LEAD_000428,ACC_00898,Outbound,SDR Outbound,Outbound,2025-03-10,SQL,1-99,SMB
LEAD_000429,ACC_00589,Outbound,SDR Outbound,Outbound,2025-03-31,Converted,1-99,SMB
LEAD_000430,ACC_00292,Paid Search,Search - Brand,Paid Search,2025-04-26,Lead,1-99,SMB
LEAD_000431,ACC_00315,Organic,Content Hub,Organic,2024-09-29,Lead,1-99,SMB
LEAD_000432,ACC_00169,Events,Industry Conference,Events,2025-09-02,SQL,1-99,SMB
LEAD_000433,ACC_00996,Partner,Cloud Partner,Partner,2024-11-21,Lead,1-99,SMB
LEAD_000434,ACC_00516,Referral,Employee Referral,Referral,2024-05-30,Converted,1-99,SMB
LEAD_000435,ACC_00937,Organic,Content Hub,Organic,2024-03-25,SQL,1000+,Enterprise
LEAD_000436,ACC_00995,Paid Search,Search - Competitor,Paid Search,2025-10-03,SQL,1000+,Enterprise
LEAD_000437,ACC_00201,Paid Search,Search - Competitor,Paid Search,2025-05-31,Lead,100-999,Mid-Market
LEAD_000438,ACC_00397,Outbound,SDR Outbound,Outbound,2024-12-03,Lead,1000+,Enterprise
LEAD_000439,ACC_00149,Outbound,Named Account Outreach,Outbound,2024-06-01,MQL,1-99,SMB
LEAD_000440,ACC_00012,Referral,Customer Referral,Referral,2024-03-11,MQL,1000+,Enterprise
LEAD_000441,ACC_01184,Paid Search,Search - Competitor,Paid Search,2024-04-21,SQL,1-99,SMB
LEAD_000442,ACC_00793,Paid Social,LinkedIn ABM,Paid Social,2024-03-18,MQL,1-99,SMB
LEAD_000443,ACC_00543,Organic,Content Hub,Organic,2025-01-21,MQL,1000+,Enterprise
LEAD_000444,ACC_00241,Paid Search,Search - Brand,Paid Search,2024-05-24,Lead,1000+,Enterprise
LEAD_000445,ACC_00710,Paid Search,Search - Nonbrand,Paid Search,2024-04-03,MQL,1-99,SMB
LEAD_000446,ACC_00652,Partner,Cloud Partner,Partner,2024-07-25,MQL,1000+,Enterprise
LEAD_000447,ACC_00268,Paid Social,LinkedIn ABM,Paid Social,2025-05-26,MQL,1-99,SMB
LEAD_000448,ACC_00018,Paid Search,Search - Nonbrand,Paid Search,2024-12-28,MQL,1-99,SMB
LEAD_000449,ACC_00563,Partner,Reseller,Partner,2024-04-22,SQL,1000+,Enterprise
LEAD_000450,ACC_00611,Events,Webinar,Events,2025-07-01,Lead,100-999,Mid-Market
LEAD_000451,ACC_00958,Paid Search,Search - Brand,Paid Search,2024-12-23,Lead,100-999,Mid-Market
LEAD_000452,ACC_00473,Paid Search,Search - Brand,Paid Search,2024-05-16,SQL,1-99,SMB
LEAD_000453,ACC_00117,Outbound,SDR Outbound,Outbound,2025-05-20,MQL,100-999,Mid-Market
LEAD_000454,ACC_01057,Outbound,SDR Outbound,Outbound,2025-12-26,SQL,1000+,Enterprise
LEAD_000455,ACC_00497,Events,Webinar,Events,2025-01-29,MQL,1-99,SMB
LEAD_000456,ACC_00867,Organic,Content Hub,Organic,2024-04-28,SQL,1000+,Enterprise
LEAD_000457,ACC_00052,Paid Social,LinkedIn Demand Gen,Paid Social,2024-08-14,Lead,1-99,SMB
LEAD_000458,ACC_00044,Referral,Customer Referral,Referral,2025-03-14,Lead,1-99,SMB
LEAD_000459,ACC_00028,Paid Search,Search - Nonbrand,Paid Search,2025-12-31,SQL,1-99,SMB
LEAD_000460,ACC_00948,Paid Social,LinkedIn Demand Gen,Paid Social,2025-11-10,Lead,1000+,Enterprise
LEAD_000461,ACC_00289,Referral,Employee Referral,Referral,2025-11-13,SQL,100-999,Mid-Market
LEAD_000462,ACC_00950,Organic,Product Blog,Organic,2025-08-31,Lead,1-99,SMB
LEAD_000463,ACC_01134,Outbound,Named Account Outreach,Outbound,2025-02-24,Lead,100-999,Mid-Market
LEAD_000464,ACC_00797,Events,Industry Conference,Events,2025-04-18,Lead,1-99,SMB
LEAD_000465,ACC_01183,Organic,SEO,Organic,2025-06-20,SQL,1-99,SMB
LEAD_000466,ACC_01116,Outbound,Named Account Outreach,Outbound,2025-06-07,SQL,1-99,SMB
LEAD_000467,ACC_00868,Paid Social,LinkedIn ABM,Paid Social,2025-04-11,Lead,100-999,Mid-Market
LEAD_000468,ACC_00964,Events,Executive Roundtable,Events,2024-04-08,Lead,1-99,SMB
LEAD_000469,ACC_00725,Referral,Employee Referral,Referral,2025-10-05,Lead,1-99,SMB
LEAD_000470,ACC_00263,Events,Industry Conference,Events,2024-01-08,Lead,1-99,SMB
LEAD_000471,ACC_00124,Organic,SEO,Organic,2024-11-07,SQL,1-99,SMB
LEAD_000472,ACC_00458,Outbound,Named Account Outreach,Outbound,2024-11-13,Lead,1-99,SMB
LEAD_000473,ACC_00571,Referral,Employee Referral,Referral,2025-12-29,Lead,1-99,SMB
LEAD_000474,ACC_00420,Partner,Technology Partner,Partner,2024-03-06,MQL,1000+,Enterprise
LEAD_000475,ACC_00123,Partner,Reseller,Partner,2024-12-13,MQL,1-99,SMB
LEAD_000476,ACC_00606,Organic,Content Hub,Organic,2024-09-18,MQL,100-999,Mid-Market
LEAD_000477,ACC_00599,Events,Executive Roundtable,Events,2024-03-12,MQL,1000+,Enterprise
LEAD_000478,ACC_01145,Organic,Product Blog,Organic,2024-06-12,MQL,1-99,SMB
LEAD_000479,ACC_01146,Paid Search,Search - Brand,Paid Search,2024-11-04,Converted,1-99,SMB
LEAD_000480,ACC_00739,Referral,Employee Referral,Referral,2025-10-31,MQL,1-99,SMB
LEAD_000481,,Referral,Customer Referral,Referral,2024-10-10,Converted,1000+,Enterprise
LEAD_000482,ACC_00376,Referral,Employee Referral,Referral,2025-10-05,MQL,1-99,SMB
LEAD_000483,ACC_01164,Paid Social,LinkedIn ABM,Paid Social,2025-06-20,Lead,1-99,SMB
LEAD_000484,ACC_01130,Organic,Product Blog,Organic,2025-08-21,Converted,1000+,Enterprise
LEAD_000485,ACC_00151,Paid Social,LinkedIn Demand Gen,Paid Social,2025-09-16,MQL,1000+,Enterprise
LEAD_000486,ACC_00841,Organic,SEO,Organic,2025-06-05,MQL,1-99,SMB
LEAD_000487,ACC_00550,Events,Executive Roundtable,Events,2025-06-20,Lead,1-99,SMB
LEAD_000488,ACC_00320,Partner,Technology Partner,Partner,2024-04-22,MQL,1000+,Enterprise
LEAD_000489,ACC_00495,Paid Social,Paid Social Retargeting,Paid Social,2025-06-08,SQL,100-999,Mid-Market
LEAD_000490,ACC_01088,Organic,Product Blog,Organic,2024-02-05,Lead,100-999,Mid-Market
LEAD_000491,ACC_01110,Paid Social,Paid Social Retargeting,Paid Social,2025-06-23,Lead,1-99,SMB
LEAD_000492,ACC_00414,Events,Executive Roundtable,Events,2025-04-22,MQL,1000+,Enterprise
LEAD_000493,ACC_00555,Outbound,SDR Outbound,Outbound,2025-07-07,MQL,1-99,SMB
LEAD_000494,ACC_00620,Organic,Content Hub,Organic,2025-04-14,SQL,1-99,SMB
LEAD_000495,ACC_00881,Organic,Content Hub,Organic,2024-09-26,MQL,1-99,SMB
LEAD_000496,ACC_00576,Paid Search,Search - Brand,Paid Search,2024-09-27,Converted,100-999,Mid-Market
LEAD_000497,ACC_00476,Organic,Product Blog,Organic,2025-03-11,MQL,1-99,SMB
LEAD_000498,ACC_01109,Referral,Employee Referral,Referral,2024-12-11,Lead,1000+,Enterprise
LEAD_000499,ACC_00448,Partner,Technology Partner,Partner,2024-09-05,Lead,100-999,Mid-Market
LEAD_000500,ACC_00319,Organic,Content Hub,Organic,2024-12-23,Lead,1-99,SMB
LEAD_000501,ACC_00393,Outbound,SDR Outbound,Outbound,2025-01-27,SQL,100-999,Mid-Market
LEAD_000502,ACC_00400,Paid Search,Search - Competitor,Paid Search,2024-06-24,Lead,1-99,SMB
LEAD_000503,ACC_00667,Paid Search,Search - Nonbrand,Paid Search,2025-04-11,Lead,100-999,Mid-Market
LEAD_000504,ACC_00793,Partner,Technology Partner,Partner,2024-08-17,SQL,1-99,SMB
LEAD_000505,ACC_00162,Organic,Content Hub,Organic,2024-07-14,MQL,1000+,Enterprise
LEAD_000506,ACC_01064,Paid Social,Paid Social Retargeting,Paid Social,2024-11-01,Lead,100-999,Mid-Market
LEAD_000507,ACC_00305,Events,Webinar,Events,2024-03-16,MQL,1000+,Enterprise
LEAD_000508,ACC_00138,Referral,Employee Referral,Referral,2025-03-16,MQL,100-999,Mid-Market
LEAD_000509,ACC_00802,Paid Search,Search - Nonbrand,Paid Search,2025-06-20,SQL,1-99,SMB
LEAD_000510,ACC_00252,Partner,Technology Partner,Partner,2025-11-29,MQL,1000+,Enterprise
LEAD_000511,ACC_00901,Paid Search,Search - Nonbrand,Paid Search,2024-07-26,Lead,1-99,SMB
LEAD_000512,ACC_01138,Partner,Technology Partner,Partner,2025-01-28,Lead,1-99,SMB
LEAD_000513,ACC_00832,Paid Search,Search - Brand,Paid Search,2025-01-03,Lead,100-999,Mid-Market
LEAD_000514,ACC_00933,Partner,Cloud Partner,Partner,2025-06-18,MQL,1-99,SMB
LEAD_000515,ACC_00594,Organic,Content Hub,Organic,2025-04-01,MQL,100-999,Mid-Market
LEAD_000516,ACC_00416,Referral,Employee Referral,Referral,2025-08-12,SQL,1-99,SMB
LEAD_000517,ACC_00736,Referral,Customer Referral,Referral,2025-09-13,MQL,100-999,Mid-Market
LEAD_000518,ACC_00430,Paid Search,Search - Competitor,Paid Search,2024-03-23,Lead,100-999,Mid-Market
LEAD_000519,ACC_01052,Outbound,Named Account Outreach,Outbound,2024-09-16,Lead,1-99,SMB
LEAD_000520,ACC_00564,Organic,Content Hub,Organic,2025-04-22,Lead,100-999,Mid-Market
LEAD_000521,ACC_00599,Outbound,SDR Outbound,Outbound,2025-02-01,Lead,1000+,Enterprise
LEAD_000522,ACC_00809,Paid Search,Search - Nonbrand,Paid Search,2024-12-18,MQL,100-999,Mid-Market
LEAD_000523,ACC_00228,Organic,Content Hub,Organic,2024-05-06,Converted,100-999,Mid-Market
LEAD_000524,ACC_00674,Outbound,SDR Outbound,Outbound,2025-02-22,Lead,100-999,Mid-Market
LEAD_000525,ACC_00905,Paid Social,LinkedIn Demand Gen,Paid Social,2025-06-25,SQL,1000+,Enterprise
LEAD_000526,ACC_00932,Paid Social,Paid Social Retargeting,Paid Social,2024-01-29,Lead,1-99,SMB
LEAD_000527,ACC_00270,Paid Social,Paid Social Retargeting,Paid Social,2025-03-08,MQL,1-99,SMB
LEAD_000528,ACC_00066,Organic,Product Blog,Organic,2025-10-24,Lead,100-999,Mid-Market
LEAD_000529,ACC_00234,Organic,Content Hub,Organic,2025-02-23,MQL,100-999,Mid-Market
LEAD_000530,ACC_00983,Partner,Reseller,Partner,2025-11-27,Lead,100-999,Mid-Market
LEAD_000531,ACC_00319,Partner,Reseller,Partner,2024-09-14,Lead,1-99,SMB
LEAD_000532,ACC_00070,Organic,Content Hub,Organic,2024-01-03,MQL,1-99,SMB
LEAD_000533,ACC_00717,Paid Search,Search - Competitor,Paid Search,2025-05-13,Lead,100-999,Mid-Market
LEAD_000534,ACC_01058,Partner,Cloud Partner,Partner,2024-06-04,MQL,1-99,SMB
LEAD_000535,ACC_00270,Partner,Technology Partner,Partner,2024-01-08,Lead,1-99,SMB
LEAD_000536,ACC_00052,Events,Webinar,Events,2024-05-11,Converted,1-99,SMB
LEAD_000537,ACC_00169,Paid Social,Paid Social Retargeting,Paid Social,2025-11-13,Lead,1-99,SMB
LEAD_000538,ACC_00154,Partner,Cloud Partner,Partner,2025-07-25,MQL,100-999,Mid-Market
LEAD_000539,ACC_00246,Partner,Technology Partner,Partner,2024-07-20,Converted,1000+,Enterprise
LEAD_000540,ACC_00217,Paid Search,Search - Brand,Paid Search,2025-03-13,MQL,1-99,SMB
LEAD_000541,ACC_00765,Organic,Content Hub,Organic,2024-09-05,Lead,1000+,Enterprise
LEAD_000542,ACC_00268,Organic,Product Blog,Organic,2024-05-09,MQL,1-99,SMB
LEAD_000543,ACC_00658,Events,Executive Roundtable,Events,2025-12-23,Lead,1-99,SMB
LEAD_000544,ACC_00483,Organic,Product Blog,Organic,2025-08-18,MQL,100-999,Mid-Market
LEAD_000545,ACC_00786,Partner,Technology Partner,Partner,2024-09-22,Lead,1-99,SMB
LEAD_000546,ACC_00787,Partner,Reseller,Partner,2024-09-15,SQL,100-999,Mid-Market
LEAD_000547,ACC_00712,Paid Search,Search - Brand,Paid Search,2025-08-19,SQL,100-999,Mid-Market
LEAD_000548,ACC_01072,Events,Industry Conference,Events,2024-12-02,Lead,100-999,Mid-Market
LEAD_000549,ACC_00236,Outbound,Named Account Outreach,Outbound,2024-10-02,Lead,100-999,Mid-Market
LEAD_000550,ACC_00630,Organic,SEO,Organic,2024-10-10,Lead,100-999,Mid-Market
LEAD_000551,ACC_00474,Outbound,SDR Outbound,Outbound,2024-11-22,MQL,1-99,SMB
LEAD_000552,ACC_00639,Paid Social,LinkedIn ABM,Paid Social,2025-01-16,Lead,100-999,Mid-Market
LEAD_000553,ACC_00168,Paid Search,Search - Brand,Paid Search,2024-01-30,MQL,100-999,Mid-Market
LEAD_000554,ACC_00384,Outbound,SDR Outbound,Outbound,2024-12-16,MQL,1-99,SMB
LEAD_000555,ACC_01130,Outbound,SDR Outbound,Outbound,2024-11-17,Converted,1000+,Enterprise
LEAD_000556,ACC_00961,Paid Search,Search - Nonbrand,Paid Search,2024-07-19,Lead,100-999,Mid-Market
LEAD_000557,ACC_00512,Referral,Customer Referral,Referral,2024-09-16,MQL,1000+,Enterprise
LEAD_000558,ACC_00133,Partner,Reseller,Partner,2024-11-06,Lead,100-999,Mid-Market
LEAD_000559,ACC_00779,Partner,Reseller,Partner,2024-09-24,MQL,100-999,Mid-Market
LEAD_000560,ACC_00362,Organic,Product Blog,Organic,2025-10-25,Lead,1-99,SMB
LEAD_000561,ACC_00396,Paid Search,Search - Competitor,Paid Search,2025-01-21,Lead,1-99,SMB
LEAD_000562,ACC_00117,Paid Social,LinkedIn ABM,Paid Social,2025-01-02,Lead,100-999,Mid-Market
LEAD_000563,ACC_00347,Partner,Technology Partner,Partner,2024-07-11,Converted,1000+,Enterprise
LEAD_000564,ACC_00258,Paid Social,Paid Social Retargeting,Paid Social,2025-10-31,Converted,1-99,SMB
LEAD_000565,ACC_00041,Outbound,Named Account Outreach,Outbound,2024-01-17,Lead,1-99,SMB
LEAD_000566,ACC_00704,Paid Search,Search - Nonbrand,Paid Search,2025-02-06,Lead,1000+,Enterprise
LEAD_000567,ACC_01164,Outbound,Named Account Outreach,Outbound,2024-05-03,Lead,1-99,SMB
LEAD_000568,ACC_00152,Events,Industry Conference,Events,2025-07-16,Lead,1000+,Enterprise
LEAD_000569,ACC_00063,Outbound,SDR Outbound,Outbound,2024-10-03,Converted,100-999,Mid-Market
LEAD_000570,ACC_00121,Outbound,SDR Outbound,Outbound,2024-08-02,MQL,100-999,Mid-Market
LEAD_000571,ACC_00656,Referral,Customer Referral,Referral,2024-02-12,MQL,1-99,SMB
LEAD_000572,ACC_00992,Organic,Content Hub,Organic,2025-07-31,Converted,100-999,Mid-Market
LEAD_000573,ACC_00372,Outbound,SDR Outbound,Outbound,2024-10-16,MQL,1-99,SMB
LEAD_000574,ACC_00142,Referral,Customer Referral,Referral,2024-07-12,Lead,100-999,Mid-Market
LEAD_000575,ACC_00116,Partner,Technology Partner,Partner,2025-09-09,MQL,1000+,Enterprise
LEAD_000576,ACC_00730,Organic,Product Blog,Organic,2024-01-15,Lead,100-999,Mid-Market
LEAD_000577,ACC_00429,Referral,Employee Referral,Referral,2024-12-08,Lead,1-99,SMB
LEAD_000578,ACC_00423,Organic,SEO,Organic,2024-04-27,Converted,1-99,SMB
LEAD_000579,ACC_00287,Paid Search,Search - Competitor,Paid Search,2024-04-02,Lead,1-99,SMB
LEAD_000580,ACC_01076,Organic,SEO,Organic,2024-01-16,MQL,1-99,SMB
LEAD_000581,ACC_00450,Paid Social,LinkedIn ABM,Paid Social,2024-05-16,Lead,100-999,Mid-Market
LEAD_000582,ACC_00850,Paid Social,LinkedIn Demand Gen,Paid Social,2025-11-23,Lead,1000+,Enterprise
LEAD_000583,ACC_00891,Paid Social,LinkedIn ABM,Paid Social,2024-11-21,MQL,1-99,SMB
LEAD_000584,ACC_00072,Referral,Employee Referral,Referral,2025-12-31,SQL,1-99,SMB
LEAD_000585,ACC_00299,Paid Social,Paid Social Retargeting,Paid Social,2024-07-14,MQL,100-999,Mid-Market
LEAD_000586,ACC_01075,Paid Social,Paid Social Retargeting,Paid Social,2025-07-11,Lead,1000+,Enterprise
LEAD_000587,ACC_01060,Referral,Employee Referral,Referral,2024-03-06,Lead,100-999,Mid-Market
LEAD_000588,ACC_00497,Events,Webinar,Events,2024-03-20,MQL,1-99,SMB
LEAD_000589,ACC_00188,Paid Search,Search - Competitor,Paid Search,2024-01-12,MQL,1-99,SMB
LEAD_000590,ACC_00358,Organic,Product Blog,Organic,2025-10-19,SQL,100-999,Mid-Market
LEAD_000591,ACC_01140,Partner,Technology Partner,Partner,2025-05-05,MQL,100-999,Mid-Market
LEAD_000592,ACC_00808,Events,Webinar,Events,2025-06-27,SQL,1-99,SMB
LEAD_000593,ACC_00091,Partner,Technology Partner,Partner,2025-11-08,SQL,1-99,SMB
LEAD_000594,ACC_00862,Organic,Content Hub,Organic,2024-08-30,Lead,100-999,Mid-Market
LEAD_000595,ACC_00177,Outbound,SDR Outbound,Outbound,2025-06-12,MQL,1-99,SMB
LEAD_000596,ACC_00364,Outbound,Named Account Outreach,Outbound,2025-01-02,SQL,1-99,SMB
LEAD_000597,ACC_00578,Partner,Reseller,Partner,2025-01-31,Converted,100-999,Mid-Market
LEAD_000598,ACC_00422,Events,Webinar,Events,2025-04-28,Lead,1-99,SMB
LEAD_000599,ACC_00838,Outbound,SDR Outbound,Outbound,2024-12-09,MQL,1000+,Enterprise
LEAD_000600,ACC_00188,Outbound,Named Account Outreach,Outbound,2024-01-18,Lead,1-99,SMB
LEAD_000601,ACC_01053,Outbound,Named Account Outreach,Outbound,2024-02-24,SQL,1-99,SMB
LEAD_000602,ACC_00713,Outbound,SDR Outbound,Outbound,2025-01-01,Converted,100-999,Mid-Market
LEAD_000603,ACC_00367,Paid Social,LinkedIn Demand Gen,Paid Social,2025-02-20,Converted,100-999,Mid-Market
LEAD_000604,ACC_01149,Paid Social,LinkedIn Demand Gen,Paid Social,2025-06-19,Lead,100-999,Mid-Market
LEAD_000605,ACC_00575,Outbound,SDR Outbound,Outbound,2025-02-22,Lead,1000+,Enterprise
LEAD_000606,ACC_00500,Partner,Technology Partner,Partner,2024-05-17,SQL,100-999,Mid-Market
LEAD_000607,ACC_00026,Paid Social,LinkedIn Demand Gen,Paid Social,2024-09-25,MQL,1-99,SMB
LEAD_000608,ACC_01196,Organic,SEO,Organic,2024-11-20,Converted,1-99,SMB
LEAD_000609,ACC_01016,Outbound,Named Account Outreach,Outbound,2025-12-20,Lead,1-99,SMB
LEAD_000610,ACC_00212,Partner,Reseller,Partner,2025-01-24,SQL,100-999,Mid-Market
LEAD_000611,ACC_01138,Paid Search,Search - Nonbrand,Paid Search,2025-04-09,MQL,1-99,SMB
LEAD_000612,ACC_00956,Paid Search,Search - Competitor,Paid Search,2025-06-21,Lead,1000+,Enterprise
LEAD_000613,ACC_00506,Paid Search,Search - Brand,Paid Search,2024-09-21,Lead,100-999,Mid-Market
LEAD_000614,ACC_01114,Referral,Customer Referral,Referral,2025-12-06,MQL,1000+,Enterprise
LEAD_000615,ACC_00671,Events,Industry Conference,Events,2025-05-08,Lead,1-99,SMB
LEAD_000616,ACC_00826,Partner,Cloud Partner,Partner,2025-09-12,SQL,1-99,SMB
LEAD_000617,ACC_00220,Paid Social,LinkedIn Demand Gen,Paid Social,2025-07-01,MQL,1-99,SMB
LEAD_000618,ACC_00132,Outbound,SDR Outbound,Outbound,2025-03-30,MQL,1000+,Enterprise
LEAD_000619,ACC_00634,Paid Social,Paid Social Retargeting,Paid Social,2024-01-23,Lead,1-99,SMB
LEAD_000620,ACC_00392,Referral,Customer Referral,Referral,2025-03-02,Converted,1-99,SMB
LEAD_000621,ACC_01179,Organic,SEO,Organic,2024-04-04,SQL,1-99,SMB
LEAD_000622,ACC_00103,Organic,Content Hub,Organic,2025-03-16,SQL,1-99,SMB
LEAD_000623,ACC_00916,Partner,Reseller,Partner,2025-05-27,Converted,1000+,Enterprise
LEAD_000624,ACC_00723,Organic,Content Hub,Organic,2025-02-02,MQL,1-99,SMB
LEAD_000625,ACC_01055,Partner,Technology Partner,Partner,2024-08-13,Converted,1-99,SMB
LEAD_000626,ACC_01198,Outbound,Named Account Outreach,Outbound,2024-02-13,MQL,100-999,Mid-Market
LEAD_000627,ACC_01045,Organic,Content Hub,Organic,2025-05-05,MQL,1-99,SMB
LEAD_000628,ACC_00450,Paid Social,LinkedIn ABM,Paid Social,2025-05-25,Lead,100-999,Mid-Market
LEAD_000629,ACC_00835,Outbound,SDR Outbound,Outbound,2024-12-15,Lead,100-999,Mid-Market
LEAD_000630,ACC_00196,Events,Webinar,Events,2025-06-07,SQL,1-99,SMB
LEAD_000631,ACC_00584,Paid Social,LinkedIn Demand Gen,Paid Social,2025-07-23,Lead,1-99,SMB
LEAD_000632,ACC_00323,Organic,Product Blog,Organic,2025-01-09,SQL,1-99,SMB
LEAD_000633,ACC_00301,Partner,Technology Partner,Partner,2024-02-04,Converted,100-999,Mid-Market
LEAD_000634,ACC_00685,Paid Social,LinkedIn ABM,Paid Social,2025-09-28,Lead,100-999,Mid-Market
LEAD_000635,ACC_00153,Outbound,Named Account Outreach,Outbound,2024-12-07,Lead,1-99,SMB
LEAD_000636,ACC_00683,Partner,Reseller,Partner,2025-05-06,MQL,1-99,SMB
LEAD_000637,ACC_00482,Paid Search,Search - Brand,Paid Search,2025-10-27,Lead,1-99,SMB
LEAD_000638,ACC_00276,Outbound,Named Account Outreach,Outbound,2024-09-22,SQL,1-99,SMB
LEAD_000639,ACC_00675,Paid Social,LinkedIn Demand Gen,Paid Social,2025-03-30,MQL,100-999,Mid-Market
LEAD_000640,ACC_00901,Organic,Content Hub,Organic,2024-01-15,MQL,1-99,SMB
LEAD_000641,ACC_00733,Partner,Reseller,Partner,2025-10-08,MQL,1-99,SMB
LEAD_000642,ACC_00106,Referral,Customer Referral,Referral,2024-02-13,MQL,100-999,Mid-Market
LEAD_000643,ACC_00675,Outbound,Named Account Outreach,Outbound,2025-01-30,Lead,100-999,Mid-Market
LEAD_000644,ACC_00748,Paid Search,Search - Brand,Paid Search,2024-09-14,Lead,1-99,SMB
LEAD_000645,ACC_00821,Outbound,Named Account Outreach,Outbound,2024-01-27,Lead,1-99,SMB
LEAD_000646,ACC_00511,Paid Search,Search - Nonbrand,Paid Search,2024-12-03,Converted,1-99,SMB
LEAD_000647,ACC_00114,Partner,Reseller,Partner,2025-11-14,Lead,100-999,Mid-Market
LEAD_000648,ACC_00153,Paid Social,LinkedIn ABM,Paid Social,2024-05-01,Lead,1-99,SMB
LEAD_000649,ACC_00399,Paid Search,Search - Nonbrand,Paid Search,2024-08-01,Lead,1-99,SMB
LEAD_000650,ACC_00762,Paid Search,Search - Nonbrand,Paid Search,2024-05-18,Lead,1-99,SMB
LEAD_000651,ACC_00887,Referral,Employee Referral,Referral,2024-04-01,Lead,1-99,SMB
LEAD_000652,ACC_00808,Paid Search,Search - Competitor,Paid Search,2024-06-17,SQL,1-99,SMB
LEAD_000653,ACC_00375,Events,Industry Conference,Events,2025-02-22,Lead,1-99,SMB
LEAD_000654,ACC_00529,Outbound,Named Account Outreach,Outbound,2025-07-24,MQL,100-999,Mid-Market
LEAD_000655,ACC_00057,Paid Social,LinkedIn ABM,Paid Social,2025-05-19,Lead,1-99,SMB
LEAD_000656,ACC_00958,Organic,Product Blog,Organic,2025-07-17,MQL,100-999,Mid-Market
LEAD_000657,ACC_00425,Organic,Product Blog,Organic,2025-06-07,Lead,100-999,Mid-Market
LEAD_000658,ACC_00612,Organic,SEO,Organic,2024-10-06,SQL,100-999,Mid-Market
LEAD_000659,ACC_00540,Partner,Reseller,Partner,2025-10-20,Converted,1000+,Enterprise
LEAD_000660,ACC_00343,Referral,Customer Referral,Referral,2024-05-05,Lead,100-999,Mid-Market
LEAD_000661,ACC_00202,Events,Industry Conference,Events,2025-05-26,Converted,1000+,Enterprise
LEAD_000662,ACC_01145,Organic,Product Blog,Organic,2024-03-22,Lead,1-99,SMB
LEAD_000663,ACC_00144,Paid Search,Search - Nonbrand,Paid Search,2025-07-13,MQL,100-999,Mid-Market
LEAD_000664,ACC_01133,Organic,SEO,Organic,2024-03-04,MQL,1-99,SMB
LEAD_000665,ACC_00136,Referral,Employee Referral,Referral,2024-06-07,Lead,1-99,SMB
LEAD_000666,ACC_00115,Paid Search,Search - Brand,Paid Search,2024-10-13,Lead,1-99,SMB
LEAD_000667,ACC_01084,Organic,SEO,Organic,2025-05-22,MQL,1000+,Enterprise
LEAD_000668,ACC_01136,Partner,Reseller,Partner,2024-02-03,MQL,1-99,SMB
LEAD_000669,ACC_01075,Partner,Reseller,Partner,2024-07-07,MQL,1000+,Enterprise
LEAD_000670,ACC_00931,Paid Search,Search - Nonbrand,Paid Search,2024-08-31,Converted,1-99,SMB
LEAD_000671,ACC_00592,Outbound,SDR Outbound,Outbound,2025-06-18,Lead,1-99,SMB
LEAD_000672,ACC_00128,Organic,Content Hub,Organic,2025-12-03,Converted,1-99,SMB
LEAD_000673,ACC_00710,Organic,Content Hub,Organic,2025-03-24,Lead,1-99,SMB
LEAD_000674,ACC_00624,Organic,Content Hub,Organic,2025-01-05,MQL,1-99,SMB
LEAD_000675,ACC_00883,Paid Search,Search - Nonbrand,Paid Search,2024-09-02,Lead,1000+,Enterprise
LEAD_000676,ACC_00042,Referral,Employee Referral,Referral,2025-08-24,Lead,1000+,Enterprise
LEAD_000677,ACC_00093,Partner,Reseller,Partner,2024-03-19,Lead,1-99,SMB
LEAD_000678,ACC_00707,Outbound,Named Account Outreach,Outbound,2024-04-04,MQL,100-999,Mid-Market
LEAD_000679,ACC_01027,Paid Search,Search - Brand,Paid Search,2024-05-27,Lead,1000+,Enterprise
LEAD_000680,ACC_01120,Outbound,Named Account Outreach,Outbound,2024-07-14,MQL,1000+,Enterprise
LEAD_000681,ACC_00683,Referral,Customer Referral,Referral,2024-12-03,Converted,1-99,SMB
LEAD_000682,ACC_00442,Paid Search,Search - Competitor,Paid Search,2025-11-22,Lead,1-99,SMB
LEAD_000683,ACC_00567,Referral,Customer Referral,Referral,2025-04-20,Lead,100-999,Mid-Market
LEAD_000684,ACC_00611,Partner,Reseller,Partner,2024-10-07,Lead,100-999,Mid-Market
LEAD_000685,ACC_00743,Outbound,SDR Outbound,Outbound,2024-06-03,Lead,1000+,Enterprise
LEAD_000686,ACC_00274,Paid Search,Search - Competitor,Paid Search,2025-04-18,MQL,100-999,Mid-Market
LEAD_000687,ACC_00467,Partner,Cloud Partner,Partner,2024-07-04,SQL,100-999,Mid-Market
LEAD_000688,ACC_00650,Paid Social,Paid Social Retargeting,Paid Social,2025-12-14,Lead,1-99,SMB
LEAD_000689,ACC_01021,Referral,Customer Referral,Referral,2024-12-15,Lead,1000+,Enterprise
LEAD_000690,ACC_00964,Referral,Customer Referral,Referral,2025-02-06,MQL,1-99,SMB
LEAD_000691,ACC_00905,Paid Search,Search - Brand,Paid Search,2025-10-22,MQL,1000+,Enterprise
LEAD_000692,ACC_00259,Referral,Customer Referral,Referral,2024-08-11,MQL,1-99,SMB
LEAD_000693,ACC_00488,Referral,Customer Referral,Referral,2024-12-10,Converted,1-99,SMB
LEAD_000694,ACC_00665,Partner,Technology Partner,Partner,2025-01-23,Lead,1-99,SMB
LEAD_000695,ACC_01162,Organic,SEO,Organic,2024-07-17,MQL,100-999,Mid-Market
LEAD_000696,ACC_00426,Organic,SEO,Organic,2024-02-09,SQL,100-999,Mid-Market
LEAD_000697,ACC_01103,Organic,SEO,Organic,2024-07-26,MQL,100-999,Mid-Market
LEAD_000698,ACC_00898,Organic,Content Hub,Organic,2024-03-23,SQL,1-99,SMB
LEAD_000699,ACC_00761,Referral,Customer Referral,Referral,2025-05-08,SQL,100-999,Mid-Market
LEAD_000700,ACC_00843,Organic,Product Blog,Organic,2024-01-06,MQL,100-999,Mid-Market
LEAD_000701,ACC_00952,Outbound,SDR Outbound,Outbound,2024-08-19,MQL,1-99,SMB
LEAD_000702,ACC_00839,Partner,Reseller,Partner,2025-10-08,MQL,1-99,SMB
LEAD_000703,ACC_00808,Partner,Technology Partner,Partner,2025-02-19,MQL,1-99,SMB
LEAD_000704,ACC_00454,Organic,Content Hub,Organic,2025-05-05,MQL,1-99,SMB
LEAD_000705,ACC_00514,Partner,Reseller,Partner,2025-05-03,Lead,1-99,SMB
LEAD_000706,ACC_00720,Partner,Cloud Partner,Partner,2024-08-06,Converted,1000+,Enterprise
LEAD_000707,ACC_01013,Partner,Technology Partner,Partner,2025-04-07,Lead,1-99,SMB
LEAD_000708,ACC_00782,Organic,Product Blog,Organic,2024-06-10,MQL,1000+,Enterprise
LEAD_000709,ACC_01186,Outbound,SDR Outbound,Outbound,2025-04-09,Lead,1000+,Enterprise
LEAD_000710,ACC_00817,Organic,SEO,Organic,2025-05-14,MQL,1000+,Enterprise
LEAD_000711,ACC_00490,Partner,Reseller,Partner,2025-10-02,MQL,100-999,Mid-Market
LEAD_000712,ACC_00691,Paid Social,LinkedIn ABM,Paid Social,2025-11-03,Lead,1-99,SMB
LEAD_000713,ACC_00748,Paid Search,Search - Competitor,Paid Search,2024-01-18,MQL,1-99,SMB
LEAD_000714,ACC_01041,Events,Industry Conference,Events,2024-08-06,MQL,1-99,SMB
LEAD_000715,ACC_00308,Organic,Content Hub,Organic,2025-02-03,Lead,100-999,Mid-Market
LEAD_000716,ACC_00299,Referral,Employee Referral,Referral,2024-08-23,Lead,100-999,Mid-Market
LEAD_000717,ACC_00243,Referral,Employee Referral,Referral,2025-03-28,MQL,1-99,SMB
LEAD_000718,ACC_00067,Paid Search,Search - Competitor,Paid Search,2025-09-16,SQL,100-999,Mid-Market
LEAD_000719,ACC_00811,Paid Search,Search - Brand,Paid Search,2024-07-07,Lead,1-99,SMB
LEAD_000720,ACC_01156,Organic,SEO,Organic,2025-10-15,Lead,1-99,SMB
LEAD_000721,ACC_00737,Referral,Customer Referral,Referral,2025-10-06,Lead,1-99,SMB
LEAD_000722,ACC_00073,Partner,Cloud Partner,Partner,2025-10-30,MQL,1000+,Enterprise
LEAD_000723,ACC_00438,Organic,Product Blog,Organic,2024-02-23,Lead,100-999,Mid-Market
LEAD_000724,ACC_01084,Paid Social,LinkedIn Demand Gen,Paid Social,2024-08-02,Converted,1000+,Enterprise
LEAD_000725,ACC_00063,Organic,Product Blog,Organic,2024-03-31,Lead,100-999,Mid-Market
LEAD_000726,ACC_00735,Partner,Technology Partner,Partner,2024-03-28,Lead,1-99,SMB
LEAD_000727,ACC_00529,Paid Social,LinkedIn ABM,Paid Social,2024-02-08,SQL,100-999,Mid-Market
LEAD_000728,ACC_01103,Organic,Product Blog,Organic,2024-11-17,MQL,100-999,Mid-Market
LEAD_000729,ACC_00616,Events,Industry Conference,Events,2024-03-04,Lead,100-999,Mid-Market
LEAD_000730,ACC_00678,Paid Search,Search - Nonbrand,Paid Search,2024-08-04,MQL,100-999,Mid-Market
LEAD_000731,ACC_00867,Partner,Technology Partner,Partner,2025-12-18,Converted,1000+,Enterprise
LEAD_000732,ACC_00986,Partner,Reseller,Partner,2025-10-08,Lead,1000+,Enterprise
LEAD_000733,ACC_00619,Referral,Employee Referral,Referral,2025-11-16,Lead,1-99,SMB
LEAD_000734,ACC_00866,Paid Social,LinkedIn ABM,Paid Social,2024-01-27,SQL,1000+,Enterprise
LEAD_000735,ACC_00967,Referral,Employee Referral,Referral,2025-04-28,SQL,1000+,Enterprise
LEAD_000736,ACC_00631,Paid Search,Search - Brand,Paid Search,2025-04-08,Converted,1000+,Enterprise
LEAD_000737,ACC_00860,Events,Webinar,Events,2024-04-07,Lead,100-999,Mid-Market
LEAD_000738,,Paid Search,Search - Nonbrand,Paid Search,2025-10-24,Converted,1-99,SMB
LEAD_000739,ACC_00427,Outbound,SDR Outbound,Outbound,2024-10-22,Lead,1-99,SMB
LEAD_000740,ACC_00004,Organic,Content Hub,Organic,2025-12-14,MQL,100-999,Mid-Market
LEAD_000741,ACC_00804,Referral,Employee Referral,Referral,2024-03-24,SQL,100-999,Mid-Market
LEAD_000742,ACC_00302,Referral,Employee Referral,Referral,2025-04-20,Lead,1-99,SMB
LEAD_000743,ACC_00977,Paid Social,Paid Social Retargeting,Paid Social,2024-04-05,Lead,1-99,SMB
LEAD_000744,ACC_01143,Paid Social,LinkedIn ABM,Paid Social,2025-11-25,SQL,1000+,Enterprise
LEAD_000745,ACC_01052,Partner,Reseller,Partner,2025-03-20,SQL,1-99,SMB
LEAD_000746,ACC_00331,Paid Search,Search - Brand,Paid Search,2024-02-25,Lead,100-999,Mid-Market
LEAD_000747,ACC_00783,Outbound,Named Account Outreach,Outbound,2024-06-06,SQL,1-99,SMB
LEAD_000748,ACC_00903,Outbound,Named Account Outreach,Outbound,2024-09-19,Lead,1-99,SMB
LEAD_000749,ACC_00608,Paid Social,LinkedIn Demand Gen,Paid Social,2024-01-10,Lead,1-99,SMB
LEAD_000750,ACC_00611,Organic,Content Hub,Organic,2024-01-07,Lead,100-999,Mid-Market
LEAD_000751,ACC_00526,Referral,Employee Referral,Referral,2025-11-07,Converted,1-99,SMB
LEAD_000752,ACC_00371,Organic,Content Hub,Organic,2025-12-18,Lead,100-999,Mid-Market
LEAD_000753,ACC_00688,Partner,Cloud Partner,Partner,2025-01-26,MQL,1000+,Enterprise
LEAD_000754,ACC_01190,Organic,SEO,Organic,2025-10-21,Lead,100-999,Mid-Market
LEAD_000755,ACC_00263,Organic,Content Hub,Organic,2025-04-23,Converted,1-99,SMB
LEAD_000756,ACC_00057,Organic,Content Hub,Organic,2024-01-21,SQL,1-99,SMB
LEAD_000757,ACC_00068,Paid Search,Search - Brand,Paid Search,2025-06-06,Lead,1-99,SMB
LEAD_000758,ACC_00699,Partner,Reseller,Partner,2024-01-14,Lead,100-999,Mid-Market
LEAD_000759,ACC_00324,Paid Social,Paid Social Retargeting,Paid Social,2025-08-19,Lead,100-999,Mid-Market
LEAD_000760,ACC_00554,Outbound,Named Account Outreach,Outbound,2024-09-25,Lead,1000+,Enterprise
LEAD_000761,ACC_01141,Outbound,Named Account Outreach,Outbound,2024-04-13,SQL,1-99,SMB
LEAD_000762,ACC_00092,Organic,SEO,Organic,2024-07-07,MQL,100-999,Mid-Market
LEAD_000763,ACC_00210,Organic,Content Hub,Organic,2025-05-14,Lead,100-999,Mid-Market
LEAD_000764,ACC_00257,Partner,Reseller,Partner,2025-09-11,MQL,100-999,Mid-Market
LEAD_000765,ACC_00549,Partner,Cloud Partner,Partner,2025-02-21,MQL,100-999,Mid-Market
LEAD_000766,ACC_00834,Partner,Reseller,Partner,2024-04-27,Lead,100-999,Mid-Market
LEAD_000767,ACC_00220,Paid Search,Search - Brand,Paid Search,2025-10-20,Lead,1-99,SMB
LEAD_000768,ACC_00130,Events,Webinar,Events,2025-07-31,Lead,100-999,Mid-Market
LEAD_000769,ACC_00103,Organic,Content Hub,Organic,2024-10-26,MQL,1-99,SMB
LEAD_000770,ACC_00962,Partner,Reseller,Partner,2025-02-09,Lead,1-99,SMB
LEAD_000771,ACC_00036,Organic,Content Hub,Organic,2025-12-05,MQL,1-99,SMB
LEAD_000772,ACC_00751,Partner,Technology Partner,Partner,2024-10-02,Lead,1-99,SMB
LEAD_000773,ACC_00694,Paid Social,Paid Social Retargeting,Paid Social,2024-01-19,MQL,1-99,SMB
LEAD_000774,ACC_00122,Outbound,Named Account Outreach,Outbound,2024-04-16,Lead,100-999,Mid-Market
LEAD_000775,ACC_00664,Organic,Product Blog,Organic,2025-03-14,MQL,1-99,SMB
LEAD_000776,ACC_00345,Partner,Cloud Partner,Partner,2025-12-30,Lead,100-999,Mid-Market
LEAD_000777,ACC_00618,Organic,Product Blog,Organic,2025-06-24,Lead,1-99,SMB
LEAD_000778,ACC_00165,Outbound,SDR Outbound,Outbound,2025-03-27,Lead,100-999,Mid-Market
LEAD_000779,ACC_00802,Organic,SEO,Organic,2024-08-24,MQL,1-99,SMB
LEAD_000780,ACC_00958,Organic,SEO,Organic,2024-11-17,SQL,100-999,Mid-Market
LEAD_000781,ACC_00004,Outbound,Named Account Outreach,Outbound,2024-01-29,Lead,100-999,Mid-Market
LEAD_000782,ACC_00640,Organic,Content Hub,Organic,2024-09-28,Converted,1000+,Enterprise
LEAD_000783,ACC_00777,Paid Search,Search - Competitor,Paid Search,2025-03-31,MQL,100-999,Mid-Market
LEAD_000784,ACC_00004,Events,Industry Conference,Events,2025-10-24,MQL,100-999,Mid-Market
LEAD_000785,ACC_00869,Events,Executive Roundtable,Events,2025-11-05,MQL,1-99,SMB
LEAD_000786,ACC_00652,Events,Webinar,Events,2025-08-23,Lead,1000+,Enterprise
LEAD_000787,ACC_00368,Paid Search,Search - Competitor,Paid Search,2024-01-16,MQL,100-999,Mid-Market
LEAD_000788,ACC_00580,Paid Social,Paid Social Retargeting,Paid Social,2025-08-15,SQL,1-99,SMB
LEAD_000789,ACC_00819,Outbound,Named Account Outreach,Outbound,2024-06-08,SQL,100-999,Mid-Market
LEAD_000790,ACC_00772,Organic,Content Hub,Organic,2025-03-26,Lead,100-999,Mid-Market
LEAD_000791,ACC_00932,Outbound,SDR Outbound,Outbound,2025-11-22,MQL,1-99,SMB
LEAD_000792,ACC_00042,Organic,SEO,Organic,2025-10-11,Lead,1000+,Enterprise
LEAD_000793,ACC_00945,Referral,Employee Referral,Referral,2025-04-30,MQL,1-99,SMB
LEAD_000794,ACC_00043,Partner,Cloud Partner,Partner,2024-08-06,Lead,100-999,Mid-Market
LEAD_000795,ACC_00781,Paid Social,LinkedIn Demand Gen,Paid Social,2025-01-15,Lead,1-99,SMB
LEAD_000796,ACC_00420,Paid Social,Paid Social Retargeting,Paid Social,2025-05-29,MQL,1000+,Enterprise
LEAD_000797,ACC_00077,Organic,SEO,Organic,2025-01-10,SQL,1-99,SMB
LEAD_000798,ACC_00827,Paid Search,Search - Nonbrand,Paid Search,2024-10-22,Lead,100-999,Mid-Market
LEAD_000799,ACC_00664,Outbound,Named Account Outreach,Outbound,2024-10-21,MQL,1-99,SMB
LEAD_000800,ACC_00800,Partner,Reseller,Partner,2025-03-14,MQL,100-999,Mid-Market
LEAD_000801,ACC_00452,Paid Social,Paid Social Retargeting,Paid Social,2024-01-27,Converted,1000+,Enterprise
LEAD_000802,ACC_00334,Organic,Product Blog,Organic,2025-12-30,MQL,1000+,Enterprise
LEAD_000803,ACC_00750,Outbound,Named Account Outreach,Outbound,2024-03-15,MQL,1000+,Enterprise
LEAD_000804,ACC_00260,Paid Search,Search - Nonbrand,Paid Search,2025-12-20,Lead,100-999,Mid-Market
LEAD_000805,ACC_00975,Organic,Product Blog,Organic,2024-01-26,MQL,1-99,SMB
LEAD_000806,ACC_00820,Referral,Employee Referral,Referral,2025-01-09,Lead,1-99,SMB
LEAD_000807,ACC_01200,Paid Social,LinkedIn Demand Gen,Paid Social,2024-11-01,Converted,100-999,Mid-Market
LEAD_000808,ACC_00033,Paid Social,Paid Social Retargeting,Paid Social,2025-02-23,Converted,1-99,SMB
LEAD_000809,ACC_00703,Referral,Employee Referral,Referral,2024-11-12,Converted,1-99,SMB
LEAD_000810,ACC_00669,Paid Search,Search - Nonbrand,Paid Search,2025-10-17,Lead,1-99,SMB
LEAD_000811,ACC_01030,Referral,Employee Referral,Referral,2024-01-13,MQL,1-99,SMB
LEAD_000812,ACC_00509,Outbound,Named Account Outreach,Outbound,2025-12-21,MQL,100-999,Mid-Market
LEAD_000813,ACC_01124,Partner,Cloud Partner,Partner,2025-05-18,Lead,1-99,SMB
LEAD_000814,ACC_00287,Paid Search,Search - Brand,Paid Search,2025-07-23,Lead,1-99,SMB
LEAD_000815,ACC_01026,Organic,Product Blog,Organic,2024-04-12,Lead,1-99,SMB
LEAD_000816,ACC_00625,Paid Social,LinkedIn ABM,Paid Social,2024-02-17,MQL,1000+,Enterprise
LEAD_000817,ACC_01133,Organic,Content Hub,Organic,2024-10-17,Converted,1-99,SMB
LEAD_000818,ACC_00261,Organic,SEO,Organic,2024-08-23,SQL,1-99,SMB
LEAD_000819,ACC_00313,Partner,Technology Partner,Partner,2025-07-26,Lead,1-99,SMB
LEAD_000820,ACC_00678,Outbound,SDR Outbound,Outbound,2025-10-17,MQL,100-999,Mid-Market
LEAD_000821,ACC_00663,Organic,SEO,Organic,2024-11-08,Lead,1-99,SMB
LEAD_000822,ACC_00179,Outbound,SDR Outbound,Outbound,2025-07-15,Lead,1000+,Enterprise
LEAD_000823,ACC_00782,Referral,Employee Referral,Referral,2024-02-13,Lead,1000+,Enterprise
LEAD_000824,ACC_00487,Outbound,Named Account Outreach,Outbound,2025-06-26,MQL,1-99,SMB
LEAD_000825,ACC_00182,Outbound,Named Account Outreach,Outbound,2024-03-13,MQL,1000+,Enterprise
LEAD_000826,ACC_00613,Outbound,SDR Outbound,Outbound,2025-05-03,SQL,1000+,Enterprise
LEAD_000827,ACC_00838,Paid Search,Search - Brand,Paid Search,2024-10-06,SQL,1000+,Enterprise
LEAD_000828,ACC_00039,Paid Search,Search - Nonbrand,Paid Search,2024-10-30,Lead,1-99,SMB
LEAD_000829,ACC_01105,Referral,Customer Referral,Referral,2024-07-21,SQL,1-99,SMB
LEAD_000830,ACC_00733,Outbound,Named Account Outreach,Outbound,2024-10-21,Lead,1-99,SMB
LEAD_000831,ACC_00313,Outbound,SDR Outbound,Outbound,2025-10-01,Lead,1-99,SMB
LEAD_000832,ACC_00901,Referral,Employee Referral,Referral,2025-08-14,MQL,1-99,SMB
LEAD_000833,ACC_01013,Paid Search,Search - Brand,Paid Search,2024-09-05,Lead,1-99,SMB
LEAD_000834,ACC_01148,Paid Search,Search - Competitor,Paid Search,2024-08-02,Lead,100-999,Mid-Market
LEAD_000835,ACC_00949,Partner,Technology Partner,Partner,2025-01-07,MQL,1000+,Enterprise
LEAD_000836,ACC_00244,Organic,SEO,Organic,2025-05-15,Lead,100-999,Mid-Market
LEAD_000837,ACC_00197,Partner,Reseller,Partner,2024-05-13,Converted,100-999,Mid-Market
LEAD_000838,ACC_00251,Events,Industry Conference,Events,2025-06-14,Lead,100-999,Mid-Market
LEAD_000839,ACC_01051,Partner,Cloud Partner,Partner,2025-11-24,MQL,100-999,Mid-Market
LEAD_000840,ACC_00366,Paid Search,Search - Competitor,Paid Search,2025-09-09,Converted,1-99,SMB
LEAD_000841,ACC_00397,Outbound,Named Account Outreach,Outbound,2025-02-04,SQL,1000+,Enterprise
LEAD_000842,ACC_01069,Organic,Product Blog,Organic,2024-08-21,Lead,1-99,SMB
LEAD_000843,ACC_00246,Referral,Customer Referral,Referral,2024-08-24,Converted,1000+,Enterprise
LEAD_000844,ACC_00489,Organic,Product Blog,Organic,2025-06-26,Lead,100-999,Mid-Market
LEAD_000845,ACC_00356,Events,Webinar,Events,2024-11-28,Lead,100-999,Mid-Market
LEAD_000846,ACC_00363,Paid Social,LinkedIn ABM,Paid Social,2024-03-18,MQL,1-99,SMB
LEAD_000847,ACC_00715,Paid Social,LinkedIn ABM,Paid Social,2025-05-10,Lead,100-999,Mid-Market
LEAD_000848,ACC_00890,Paid Social,Paid Social Retargeting,Paid Social,2024-04-10,SQL,100-999,Mid-Market
LEAD_000849,ACC_00319,Organic,Content Hub,Organic,2025-12-22,Lead,1-99,SMB
LEAD_000850,ACC_00046,Paid Social,LinkedIn Demand Gen,Paid Social,2024-11-01,MQL,100-999,Mid-Market
LEAD_000851,ACC_00768,Events,Webinar,Events,2024-09-07,MQL,1-99,SMB
LEAD_000852,ACC_00659,Events,Webinar,Events,2024-02-10,Converted,100-999,Mid-Market
LEAD_000853,ACC_00791,Organic,Content Hub,Organic,2024-05-02,Lead,1-99,SMB
LEAD_000854,ACC_00541,Outbound,SDR Outbound,Outbound,2025-11-23,Lead,1000+,Enterprise
LEAD_000855,ACC_00933,Events,Industry Conference,Events,2025-01-27,Converted,1-99,SMB
LEAD_000856,ACC_00750,Events,Webinar,Events,2025-10-21,SQL,1000+,Enterprise
LEAD_000857,ACC_00910,Paid Social,LinkedIn Demand Gen,Paid Social,2025-11-29,Lead,1-99,SMB
LEAD_000858,ACC_00878,Organic,SEO,Organic,2024-02-05,Lead,1-99,SMB
LEAD_000859,ACC_00597,Referral,Customer Referral,Referral,2024-10-05,SQL,100-999,Mid-Market
LEAD_000860,ACC_00390,Paid Search,Search - Nonbrand,Paid Search,2025-09-04,MQL,1000+,Enterprise
LEAD_000861,ACC_00699,Paid Search,Search - Nonbrand,Paid Search,2024-12-28,MQL,100-999,Mid-Market
LEAD_000862,ACC_00764,Outbound,SDR Outbound,Outbound,2025-01-06,SQL,1-99,SMB
LEAD_000863,ACC_00686,Paid Search,Search - Competitor,Paid Search,2025-02-20,Lead,1-99,SMB
LEAD_000864,ACC_00630,Events,Executive Roundtable,Events,2025-05-28,Lead,100-999,Mid-Market
LEAD_000865,ACC_00412,Organic,Product Blog,Organic,2025-11-17,MQL,100-999,Mid-Market
LEAD_000866,ACC_00161,Outbound,SDR Outbound,Outbound,2025-10-10,SQL,1-99,SMB
LEAD_000867,ACC_00514,Referral,Customer Referral,Referral,2025-04-01,Lead,1-99,SMB
LEAD_000868,ACC_01059,Referral,Customer Referral,Referral,2025-02-25,MQL,100-999,Mid-Market
LEAD_000869,ACC_00861,Referral,Employee Referral,Referral,2024-09-20,Lead,100-999,Mid-Market
LEAD_000870,ACC_00906,Events,Industry Conference,Events,2024-03-26,Lead,100-999,Mid-Market
LEAD_000871,ACC_00885,Paid Search,Search - Brand,Paid Search,2025-06-02,Converted,1-99,SMB
LEAD_000872,ACC_01106,Referral,Customer Referral,Referral,2024-01-02,Lead,100-999,Mid-Market
LEAD_000873,ACC_00272,Referral,Employee Referral,Referral,2025-05-25,Lead,1-99,SMB
LEAD_000874,ACC_00865,Paid Social,Paid Social Retargeting,Paid Social,2024-12-29,SQL,1-99,SMB
LEAD_000875,ACC_00084,Paid Social,Paid Social Retargeting,Paid Social,2025-07-28,Lead,1-99,SMB
LEAD_000876,ACC_00294,Organic,Product Blog,Organic,2025-11-24,Lead,1-99,SMB
LEAD_000877,ACC_00036,Partner,Cloud Partner,Partner,2025-02-08,SQL,1-99,SMB
LEAD_000878,ACC_00517,Outbound,Named Account Outreach,Outbound,2025-02-22,Lead,1-99,SMB
LEAD_000879,ACC_00169,Paid Social,LinkedIn Demand Gen,Paid Social,2024-12-22,MQL,1-99,SMB
LEAD_000880,ACC_00465,Paid Social,LinkedIn Demand Gen,Paid Social,2024-09-29,Lead,100-999,Mid-Market
LEAD_000881,ACC_00162,Partner,Reseller,Partner,2024-03-05,Lead,1000+,Enterprise
LEAD_000882,ACC_00043,Organic,Product Blog,Organic,2024-01-23,MQL,100-999,Mid-Market
LEAD_000883,ACC_00574,Referral,Employee Referral,Referral,2025-06-12,Lead,100-999,Mid-Market
LEAD_000884,ACC_00493,Paid Search,Search - Nonbrand,Paid Search,2025-10-30,SQL,100-999,Mid-Market
LEAD_000885,ACC_00501,Organic,Product Blog,Organic,2024-02-09,Converted,100-999,Mid-Market
LEAD_000886,ACC_00415,Organic,Product Blog,Organic,2024-08-27,SQL,1-99,SMB
LEAD_000887,ACC_00492,Events,Industry Conference,Events,2025-03-20,Lead,100-999,Mid-Market
LEAD_000888,ACC_00005,Events,Executive Roundtable,Events,2025-05-30,Lead,1-99,SMB
LEAD_000889,ACC_00574,Organic,Product Blog,Organic,2025-06-21,Converted,100-999,Mid-Market
LEAD_000890,ACC_01017,Organic,SEO,Organic,2025-05-22,MQL,100-999,Mid-Market
LEAD_000891,ACC_00168,Paid Social,LinkedIn ABM,Paid Social,2024-03-02,MQL,100-999,Mid-Market
LEAD_000892,ACC_00173,Organic,Product Blog,Organic,2024-07-04,SQL,1-99,SMB
LEAD_000893,ACC_00937,Outbound,SDR Outbound,Outbound,2024-12-09,MQL,1000+,Enterprise
LEAD_000894,ACC_00602,Organic,Content Hub,Organic,2024-02-16,Lead,100-999,Mid-Market
LEAD_000895,ACC_00309,Partner,Technology Partner,Partner,2024-09-07,MQL,1-99,SMB
LEAD_000896,ACC_00942,Paid Search,Search - Brand,Paid Search,2024-10-08,MQL,1000+,Enterprise
LEAD_000897,ACC_00390,Paid Social,LinkedIn ABM,Paid Social,2025-12-15,Lead,1000+,Enterprise
LEAD_000898,ACC_00726,Paid Social,LinkedIn ABM,Paid Social,2024-08-19,MQL,1-99,SMB
LEAD_000899,ACC_00668,Organic,SEO,Organic,2025-12-11,SQL,1000+,Enterprise
LEAD_000900,ACC_00204,Paid Search,Search - Competitor,Paid Search,2025-05-26,Lead,1-99,SMB
LEAD_000901,ACC_00907,Organic,SEO,Organic,2025-05-21,Lead,100-999,Mid-Market
LEAD_000902,ACC_00742,Organic,SEO,Organic,2025-08-22,SQL,1-99,SMB
LEAD_000903,ACC_00251,Referral,Customer Referral,Referral,2025-09-07,SQL,100-999,Mid-Market
LEAD_000904,ACC_00910,Paid Search,Search - Nonbrand,Paid Search,2024-06-11,Converted,1-99,SMB
LEAD_000905,ACC_00745,Paid Search,Search - Nonbrand,Paid Search,2024-11-03,Lead,100-999,Mid-Market
LEAD_000906,ACC_01026,Organic,Product Blog,Organic,2025-01-21,SQL,1-99,SMB
LEAD_000907,ACC_00985,Outbound,Named Account Outreach,Outbound,2025-12-15,SQL,1-99,SMB
LEAD_000908,ACC_00383,Referral,Employee Referral,Referral,2024-01-30,MQL,100-999,Mid-Market
LEAD_000909,ACC_01125,Outbound,SDR Outbound,Outbound,2024-12-14,Lead,1-99,SMB
LEAD_000910,ACC_00041,Partner,Cloud Partner,Partner,2024-06-05,Lead,1-99,SMB
LEAD_000911,ACC_00401,Events,Webinar,Events,2024-05-31,MQL,1-99,SMB
LEAD_000912,ACC_00730,Paid Social,Paid Social Retargeting,Paid Social,2025-07-10,Lead,100-999,Mid-Market
LEAD_000913,ACC_00642,Events,Webinar,Events,2024-05-27,Lead,100-999,Mid-Market
LEAD_000914,ACC_00271,Events,Executive Roundtable,Events,2025-08-02,Converted,1-99,SMB
LEAD_000915,ACC_00240,Organic,Content Hub,Organic,2025-12-27,Lead,1-99,SMB
LEAD_000916,ACC_00938,Paid Social,LinkedIn ABM,Paid Social,2025-07-21,Converted,1-99,SMB
LEAD_000917,ACC_01052,Paid Search,Search - Competitor,Paid Search,2024-05-04,MQL,1-99,SMB
LEAD_000918,ACC_00816,Organic,SEO,Organic,2024-04-14,SQL,1000+,Enterprise
LEAD_000919,ACC_00637,Events,Webinar,Events,2024-11-15,Lead,100-999,Mid-Market
LEAD_000920,ACC_00928,Organic,Product Blog,Organic,2025-02-06,MQL,1000+,Enterprise
LEAD_000921,ACC_00289,Outbound,SDR Outbound,Outbound,2025-07-22,MQL,100-999,Mid-Market
LEAD_000922,ACC_01162,Referral,Employee Referral,Referral,2024-11-04,Converted,100-999,Mid-Market
LEAD_000923,ACC_00150,Paid Social,LinkedIn ABM,Paid Social,2024-05-02,Lead,1-99,SMB
LEAD_000924,ACC_00702,Paid Search,Search - Competitor,Paid Search,2025-12-25,Lead,1-99,SMB
LEAD_000925,ACC_00410,Partner,Cloud Partner,Partner,2025-10-23,Converted,1000+,Enterprise
LEAD_000926,ACC_01086,Events,Executive Roundtable,Events,2025-04-23,Lead,100-999,Mid-Market
LEAD_000927,ACC_00294,Paid Search,Search - Brand,Paid Search,2025-05-23,MQL,1-99,SMB
LEAD_000928,ACC_00771,Paid Search,Search - Nonbrand,Paid Search,2025-11-14,Lead,1-99,SMB
LEAD_000929,ACC_00188,Partner,Cloud Partner,Partner,2024-12-13,Lead,1-99,SMB
LEAD_000930,ACC_00219,Referral,Customer Referral,Referral,2024-04-16,MQL,1000+,Enterprise
LEAD_000931,ACC_00500,Paid Search,Search - Brand,Paid Search,2025-03-18,MQL,100-999,Mid-Market
LEAD_000932,ACC_00960,Paid Search,Search - Brand,Paid Search,2024-11-25,MQL,100-999,Mid-Market
LEAD_000933,ACC_00334,Referral,Employee Referral,Referral,2025-08-07,MQL,1000+,Enterprise
LEAD_000934,ACC_00833,Organic,Product Blog,Organic,2025-07-18,SQL,1-99,SMB
LEAD_000935,ACC_00686,Organic,Product Blog,Organic,2024-12-10,Converted,1-99,SMB
LEAD_000936,ACC_01174,Partner,Technology Partner,Partner,2024-09-25,Lead,100-999,Mid-Market
LEAD_000937,ACC_00361,Organic,Content Hub,Organic,2024-11-04,Lead,1000+,Enterprise
LEAD_000938,ACC_00293,Organic,Content Hub,Organic,2025-04-07,Lead,1000+,Enterprise
LEAD_000939,ACC_01084,Partner,Cloud Partner,Partner,2025-04-10,Converted,1000+,Enterprise
LEAD_000940,ACC_00400,Partner,Reseller,Partner,2025-01-09,Lead,1-99,SMB
LEAD_000941,ACC_00258,Paid Social,Paid Social Retargeting,Paid Social,2025-01-23,MQL,1-99,SMB
LEAD_000942,ACC_00986,Paid Search,Search - Nonbrand,Paid Search,2025-12-26,Lead,1000+,Enterprise
LEAD_000943,ACC_00976,Partner,Technology Partner,Partner,2024-07-04,MQL,100-999,Mid-Market
LEAD_000944,ACC_00076,Partner,Reseller,Partner,2024-05-07,SQL,1-99,SMB
LEAD_000945,ACC_01028,Events,Webinar,Events,2025-08-07,MQL,1-99,SMB
LEAD_000946,ACC_00760,Events,Executive Roundtable,Events,2025-11-14,MQL,1-99,SMB
LEAD_000947,ACC_00335,Outbound,Named Account Outreach,Outbound,2025-03-20,Lead,1-99,SMB
LEAD_000948,ACC_00643,Referral,Employee Referral,Referral,2024-10-20,MQL,1-99,SMB
LEAD_000949,ACC_00287,Events,Industry Conference,Events,2024-09-11,Lead,1-99,SMB
LEAD_000950,ACC_00203,Organic,Product Blog,Organic,2024-12-08,SQL,100-999,Mid-Market
LEAD_000951,ACC_00159,Referral,Customer Referral,Referral,2024-02-08,Lead,100-999,Mid-Market
LEAD_000952,ACC_00199,Referral,Employee Referral,Referral,2025-01-21,Lead,1-99,SMB
LEAD_000953,ACC_00700,Paid Search,Search - Competitor,Paid Search,2024-07-16,Lead,1-99,SMB
LEAD_000954,ACC_00973,Organic,Content Hub,Organic,2024-07-12,MQL,1-99,SMB
LEAD_000955,ACC_00584,Partner,Technology Partner,Partner,2025-02-13,Converted,1-99,SMB
LEAD_000956,ACC_00019,Paid Social,LinkedIn Demand Gen,Paid Social,2025-12-05,MQL,1000+,Enterprise
LEAD_000957,ACC_00515,Outbound,SDR Outbound,Outbound,2024-05-30,Lead,1-99,SMB
LEAD_000958,ACC_00897,Paid Social,LinkedIn ABM,Paid Social,2025-10-28,Lead,1-99,SMB
LEAD_000959,ACC_01003,Organic,SEO,Organic,2025-01-14,Converted,1-99,SMB
LEAD_000960,ACC_00880,Paid Search,Search - Competitor,Paid Search,2025-12-12,SQL,100-999,Mid-Market
LEAD_000961,ACC_00444,Referral,Customer Referral,Referral,2024-10-06,Lead,1-99,SMB
LEAD_000962,ACC_00780,Organic,Product Blog,Organic,2025-12-29,SQL,1000+,Enterprise
LEAD_000963,ACC_00083,Outbound,Named Account Outreach,Outbound,2025-04-27,SQL,100-999,Mid-Market
LEAD_000964,ACC_00492,Paid Search,Search - Competitor,Paid Search,2025-05-04,SQL,100-999,Mid-Market
LEAD_000965,ACC_00645,Paid Social,LinkedIn ABM,Paid Social,2025-02-15,MQL,100-999,Mid-Market
LEAD_000966,ACC_00034,Paid Social,LinkedIn ABM,Paid Social,2024-11-26,SQL,1-99,SMB
LEAD_000967,ACC_00018,Paid Search,Search - Nonbrand,Paid Search,2025-01-18,MQL,1-99,SMB
LEAD_000968,ACC_00963,Partner,Technology Partner,Partner,2025-09-13,Lead,1-99,SMB
LEAD_000969,ACC_00265,Outbound,Named Account Outreach,Outbound,2025-08-02,Lead,1000+,Enterprise
LEAD_000970,ACC_00151,Organic,Content Hub,Organic,2024-01-18,Lead,1000+,Enterprise
LEAD_000971,ACC_00711,Paid Search,Search - Brand,Paid Search,2025-05-22,Lead,1000+,Enterprise
LEAD_000972,ACC_00337,Outbound,Named Account Outreach,Outbound,2025-09-01,Lead,1-99,SMB
LEAD_000973,ACC_01176,Outbound,Named Account Outreach,Outbound,2025-06-27,SQL,100-999,Mid-Market
LEAD_000974,ACC_01137,Partner,Cloud Partner,Partner,2024-12-29,SQL,1-99,SMB
LEAD_000975,ACC_00989,Outbound,Named Account Outreach,Outbound,2024-09-02,Lead,1-99,SMB
LEAD_000976,ACC_00363,Organic,Content Hub,Organic,2025-05-07,Lead,1-99,SMB
LEAD_000977,ACC_01051,Organic,Content Hub,Organic,2025-04-30,MQL,100-999,Mid-Market
LEAD_000978,ACC_00307,Partner,Reseller,Partner,2024-09-30,MQL,1-99,SMB
LEAD_000979,ACC_00288,Outbound,Named Account Outreach,Outbound,2024-10-24,Lead,1-99,SMB
LEAD_000980,ACC_01169,Events,Executive Roundtable,Events,2024-09-26,SQL,100-999,Mid-Market
LEAD_000981,ACC_00809,Organic,SEO,Organic,2024-02-02,Lead,100-999,Mid-Market
LEAD_000982,ACC_00104,Paid Social,LinkedIn ABM,Paid Social,2024-01-24,Lead,1000+,Enterprise
LEAD_000983,ACC_01064,Outbound,Named Account Outreach,Outbound,2024-03-01,SQL,100-999,Mid-Market
LEAD_000984,ACC_00193,Paid Search,Search - Nonbrand,Paid Search,2024-11-05,MQL,1-99,SMB
LEAD_000985,ACC_00818,Paid Social,Paid Social Retargeting,Paid Social,2025-01-08,Lead,100-999,Mid-Market
LEAD_000986,ACC_00526,Partner,Reseller,Partner,2024-10-25,MQL,1-99,SMB
LEAD_000987,ACC_00021,Organic,Content Hub,Organic,2025-11-29,Converted,100-999,Mid-Market
LEAD_000988,ACC_00946,Paid Search,Search - Competitor,Paid Search,2024-06-13,Lead,1-99,SMB
LEAD_000989,ACC_00824,Organic,Content Hub,Organic,2024-10-14,MQL,100-999,Mid-Market
LEAD_000990,ACC_01062,Referral,Customer Referral,Referral,2024-06-29,Lead,100-999,Mid-Market
LEAD_000991,ACC_00735,Paid Search,Search - Nonbrand,Paid Search,2024-08-07,MQL,1-99,SMB
LEAD_000992,ACC_00907,Organic,SEO,Organic,2025-03-03,Lead,100-999,Mid-Market
LEAD_000993,ACC_01088,Organic,Content Hub,Organic,2024-08-14,Lead,100-999,Mid-Market
LEAD_000994,ACC_01172,Organic,Content Hub,Organic,2024-08-20,Lead,100-999,Mid-Market
LEAD_000995,ACC_00673,Organic,Content Hub,Organic,2025-05-05,Converted,1000+,Enterprise
LEAD_000996,ACC_00021,Partner,Cloud Partner,Partner,2025-08-29,Lead,100-999,Mid-Market
LEAD_000997,ACC_00416,Organic,Content Hub,Organic,2024-06-04,SQL,1-99,SMB
LEAD_000998,ACC_00744,Paid Search,Search - Competitor,Paid Search,2024-03-22,Lead,1-99,SMB
LEAD_000999,ACC_00132,Organic,SEO,Organic,2024-06-24,Converted,1000+,Enterprise
LEAD_001000,ACC_00140,Paid Social,Paid Social Retargeting,Paid Social,2025-02-26,MQL,1-99,SMB
LEAD_001001,ACC_00474,Organic,Product Blog,Organic,2025-12-02,Lead,1-99,SMB
LEAD_001002,ACC_01093,Partner,Reseller,Partner,2024-04-26,MQL,1-99,SMB
LEAD_001003,ACC_00387,Outbound,Named Account Outreach,Outbound,2024-02-01,SQL,100-999,Mid-Market
LEAD_001004,ACC_01123,Outbound,SDR Outbound,Outbound,2025-01-21,SQL,1000+,Enterprise
LEAD_001005,ACC_00964,Paid Search,Search - Brand,Paid Search,2025-12-25,Lead,1-99,SMB
LEAD_001006,ACC_00364,Events,Executive Roundtable,Events,2025-02-07,MQL,1-99,SMB
LEAD_001007,ACC_00278,Outbound,Named Account Outreach,Outbound,2025-11-06,MQL,100-999,Mid-Market
LEAD_001008,ACC_00994,Organic,Product Blog,Organic,2025-04-14,Lead,1-99,SMB
LEAD_001009,ACC_00908,Paid Social,LinkedIn Demand Gen,Paid Social,2024-01-24,SQL,1-99,SMB
LEAD_001010,ACC_00757,Outbound,Named Account Outreach,Outbound,2024-11-08,Lead,1-99,SMB
LEAD_001011,ACC_01174,Paid Search,Search - Brand,Paid Search,2025-07-16,MQL,100-999,Mid-Market
LEAD_001012,ACC_00121,Paid Search,Search - Brand,Paid Search,2025-01-07,MQL,100-999,Mid-Market
LEAD_001013,ACC_00463,Partner,Reseller,Partner,2024-05-22,Converted,1000+,Enterprise
LEAD_001014,ACC_00724,Organic,Product Blog,Organic,2024-05-12,Lead,1000+,Enterprise
LEAD_001015,ACC_00087,Referral,Customer Referral,Referral,2025-04-30,Lead,100-999,Mid-Market
LEAD_001016,ACC_01172,Organic,Content Hub,Organic,2024-12-04,Lead,100-999,Mid-Market
LEAD_001017,ACC_00687,Organic,Content Hub,Organic,2025-02-23,MQL,1-99,SMB
LEAD_001018,ACC_00370,Organic,Product Blog,Organic,2024-09-29,MQL,1000+,Enterprise
LEAD_001019,ACC_00287,Paid Search,Search - Nonbrand,Paid Search,2024-09-04,Lead,1-99,SMB
LEAD_001020,ACC_00002,Referral,Customer Referral,Referral,2025-05-01,Lead,1-99,SMB
LEAD_001021,ACC_00712,Events,Industry Conference,Events,2024-01-06,Converted,100-999,Mid-Market
LEAD_001022,ACC_01173,Referral,Customer Referral,Referral,2024-11-13,Lead,1-99,SMB
LEAD_001023,ACC_00044,Paid Social,Paid Social Retargeting,Paid Social,2024-09-27,MQL,1-99,SMB
LEAD_001024,ACC_00497,Paid Social,LinkedIn ABM,Paid Social,2025-07-23,Lead,1-99,SMB
LEAD_001025,ACC_00795,Paid Search,Search - Nonbrand,Paid Search,2025-06-16,Lead,1-99,SMB
LEAD_001026,ACC_00518,Organic,Product Blog,Organic,2024-11-07,Lead,100-999,Mid-Market
LEAD_001027,ACC_00782,Referral,Customer Referral,Referral,2024-07-11,Lead,1000+,Enterprise
LEAD_001028,ACC_00856,Paid Social,Paid Social Retargeting,Paid Social,2024-06-21,MQL,1-99,SMB
LEAD_001029,ACC_01159,Paid Social,LinkedIn Demand Gen,Paid Social,2024-06-03,Lead,1-99,SMB
LEAD_001030,ACC_00726,Paid Social,LinkedIn ABM,Paid Social,2024-07-19,Lead,1-99,SMB
LEAD_001031,ACC_00852,Events,Industry Conference,Events,2025-07-09,Lead,1-99,SMB
LEAD_001032,ACC_00363,Paid Search,Search - Brand,Paid Search,2024-02-03,Lead,1-99,SMB
LEAD_001033,ACC_00182,Outbound,Named Account Outreach,Outbound,2024-01-20,Lead,1000+,Enterprise
LEAD_001034,ACC_00120,Outbound,SDR Outbound,Outbound,2025-01-29,Lead,100-999,Mid-Market
LEAD_001035,ACC_00132,Events,Executive Roundtable,Events,2024-06-12,Lead,1000+,Enterprise
LEAD_001036,ACC_00993,Organic,SEO,Organic,2025-08-30,MQL,100-999,Mid-Market
LEAD_001037,ACC_00049,Organic,Content Hub,Organic,2025-07-03,Converted,100-999,Mid-Market
LEAD_001038,ACC_00581,Paid Social,Paid Social Retargeting,Paid Social,2025-07-16,MQL,100-999,Mid-Market
LEAD_001039,ACC_00737,Events,Webinar,Events,2024-11-30,Lead,1-99,SMB
LEAD_001040,ACC_00807,Referral,Employee Referral,Referral,2024-11-16,Converted,100-999,Mid-Market
LEAD_001041,ACC_00080,Partner,Reseller,Partner,2024-11-07,Converted,100-999,Mid-Market
LEAD_001042,ACC_01033,Organic,Content Hub,Organic,2024-05-23,MQL,100-999,Mid-Market
LEAD_001043,ACC_00525,Organic,Content Hub,Organic,2025-02-18,Lead,1-99,SMB
LEAD_001044,ACC_00022,Partner,Cloud Partner,Partner,2025-09-23,SQL,1-99,SMB
LEAD_001045,ACC_00160,Organic,Content Hub,Organic,2024-07-06,Converted,100-999,Mid-Market
LEAD_001046,ACC_01032,Partner,Technology Partner,Partner,2024-02-11,SQL,100-999,Mid-Market
LEAD_001047,ACC_01132,Events,Industry Conference,Events,2025-02-16,MQL,100-999,Mid-Market
LEAD_001048,ACC_00903,Paid Search,Search - Nonbrand,Paid Search,2024-10-18,MQL,1-99,SMB
LEAD_001049,ACC_00401,Paid Search,Search - Brand,Paid Search,2025-08-05,Converted,1-99,SMB
LEAD_001050,ACC_01137,Organic,Product Blog,Organic,2025-09-18,Lead,1-99,SMB
LEAD_001051,ACC_00331,Paid Search,Search - Competitor,Paid Search,2025-11-25,Lead,100-999,Mid-Market
LEAD_001052,ACC_00281,Outbound,SDR Outbound,Outbound,2024-10-14,SQL,1-99,SMB
LEAD_001053,ACC_00918,Paid Search,Search - Brand,Paid Search,2025-10-21,Lead,1-99,SMB
LEAD_001054,ACC_00387,Organic,Content Hub,Organic,2024-03-27,Lead,100-999,Mid-Market
LEAD_001055,ACC_00624,Organic,Content Hub,Organic,2024-09-29,Lead,1-99,SMB
LEAD_001056,ACC_00794,Organic,Content Hub,Organic,2024-07-13,Lead,1-99,SMB
LEAD_001057,ACC_00200,Partner,Technology Partner,Partner,2025-11-05,Lead,1-99,SMB
LEAD_001058,ACC_01111,Partner,Reseller,Partner,2025-03-14,MQL,1-99,SMB
LEAD_001059,,Paid Social,LinkedIn ABM,Paid Social,2024-09-24,Lead,1-99,SMB
LEAD_001060,ACC_01192,Paid Social,LinkedIn Demand Gen,Paid Social,2024-04-21,MQL,1-99,SMB
LEAD_001061,ACC_00333,Organic,Product Blog,Organic,2025-07-26,Lead,100-999,Mid-Market
LEAD_001062,ACC_00501,Paid Social,LinkedIn Demand Gen,Paid Social,2025-04-23,Converted,100-999,Mid-Market
LEAD_001063,ACC_00304,Organic,Product Blog,Organic,2025-09-15,MQL,100-999,Mid-Market
LEAD_001064,ACC_00648,Referral,Employee Referral,Referral,2024-11-16,Converted,100-999,Mid-Market
LEAD_001065,ACC_00001,Organic,SEO,Organic,2024-04-19,Lead,100-999,Mid-Market
LEAD_001066,ACC_00205,Paid Social,LinkedIn Demand Gen,Paid Social,2024-09-01,Lead,1-99,SMB
LEAD_001067,ACC_00624,Organic,Product Blog,Organic,2025-03-29,SQL,1-99,SMB
LEAD_001068,ACC_00833,Outbound,Named Account Outreach,Outbound,2024-06-25,SQL,1-99,SMB
LEAD_001069,ACC_01156,Organic,Content Hub,Organic,2024-02-21,Lead,1-99,SMB
LEAD_001070,ACC_01005,Referral,Employee Referral,Referral,2025-08-24,MQL,100-999,Mid-Market
LEAD_001071,ACC_01107,Organic,Product Blog,Organic,2025-01-22,MQL,1-99,SMB
LEAD_001072,ACC_00959,Events,Executive Roundtable,Events,2024-10-16,Lead,100-999,Mid-Market
LEAD_001073,ACC_00932,Partner,Reseller,Partner,2025-02-08,MQL,1-99,SMB
LEAD_001074,ACC_00416,Paid Search,Search - Nonbrand,Paid Search,2025-06-23,Lead,1-99,SMB
LEAD_001075,ACC_01087,Organic,Content Hub,Organic,2024-01-01,Lead,100-999,Mid-Market
LEAD_001076,ACC_01156,Paid Search,Search - Brand,Paid Search,2024-11-17,SQL,1-99,SMB
LEAD_001077,ACC_00617,Events,Executive Roundtable,Events,2024-07-04,MQL,100-999,Mid-Market
LEAD_001078,ACC_00145,Events,Industry Conference,Events,2024-03-08,SQL,1-99,SMB
LEAD_001079,ACC_00052,Organic,Product Blog,Organic,2024-01-27,SQL,1-99,SMB
LEAD_001080,ACC_00593,Paid Search,Search - Nonbrand,Paid Search,2024-11-18,Converted,1-99,SMB
LEAD_001081,ACC_00762,Paid Search,Search - Brand,Paid Search,2025-02-01,Lead,1-99,SMB
LEAD_001082,ACC_00666,Organic,Content Hub,Organic,2025-01-06,Lead,100-999,Mid-Market
LEAD_001083,ACC_01076,Partner,Cloud Partner,Partner,2025-07-26,Lead,1-99,SMB
LEAD_001084,ACC_00644,Paid Search,Search - Nonbrand,Paid Search,2024-11-30,MQL,1-99,SMB
LEAD_001085,ACC_00794,Paid Search,Search - Competitor,Paid Search,2025-03-07,MQL,1-99,SMB
LEAD_001086,ACC_00910,Events,Webinar,Events,2025-08-19,SQL,1-99,SMB
LEAD_001087,ACC_01074,Outbound,Named Account Outreach,Outbound,2025-04-25,Lead,1000+,Enterprise
LEAD_001088,ACC_00732,Outbound,Named Account Outreach,Outbound,2025-10-27,Lead,1-99,SMB
LEAD_001089,ACC_00669,Organic,Product Blog,Organic,2024-06-10,SQL,1-99,SMB
LEAD_001090,ACC_00093,Referral,Customer Referral,Referral,2025-07-29,SQL,1-99,SMB
LEAD_001091,ACC_00771,Partner,Reseller,Partner,2025-05-24,Lead,1-99,SMB
LEAD_001092,ACC_00216,Paid Social,LinkedIn ABM,Paid Social,2025-03-02,MQL,100-999,Mid-Market
LEAD_001093,ACC_00443,Organic,SEO,Organic,2024-01-03,MQL,100-999,Mid-Market
LEAD_001094,ACC_00639,Referral,Employee Referral,Referral,2025-01-30,SQL,100-999,Mid-Market
LEAD_001095,ACC_00100,Partner,Cloud Partner,Partner,2025-09-19,MQL,1000+,Enterprise
LEAD_001096,ACC_00834,Events,Webinar,Events,2025-04-16,MQL,100-999,Mid-Market
LEAD_001097,ACC_00337,Partner,Cloud Partner,Partner,2024-01-04,Lead,1-99,SMB
LEAD_001098,ACC_00618,Events,Executive Roundtable,Events,2024-07-29,Lead,1-99,SMB
LEAD_001099,ACC_00421,Outbound,Named Account Outreach,Outbound,2025-02-20,SQL,100-999,Mid-Market
LEAD_001100,ACC_00427,Referral,Customer Referral,Referral,2025-08-16,Lead,1-99,SMB
LEAD_001101,ACC_00473,Paid Search,Search - Competitor,Paid Search,2024-11-21,Lead,1-99,SMB
LEAD_001102,ACC_00062,Organic,SEO,Organic,2025-09-18,Lead,1-99,SMB
LEAD_001103,ACC_00235,Outbound,Named Account Outreach,Outbound,2025-08-04,Lead,1000+,Enterprise
LEAD_001104,ACC_00944,Paid Social,Paid Social Retargeting,Paid Social,2024-07-14,MQL,1-99,SMB
LEAD_001105,ACC_00147,Partner,Cloud Partner,Partner,2024-05-22,Lead,1-99,SMB
LEAD_001106,ACC_00597,Outbound,SDR Outbound,Outbound,2025-10-21,SQL,100-999,Mid-Market
LEAD_001107,ACC_00169,Partner,Reseller,Partner,2025-03-06,SQL,1-99,SMB
LEAD_001108,ACC_00647,Outbound,Named Account Outreach,Outbound,2025-09-12,Lead,1-99,SMB
LEAD_001109,ACC_00773,Paid Search,Search - Nonbrand,Paid Search,2025-11-05,SQL,100-999,Mid-Market
LEAD_001110,ACC_00563,Events,Executive Roundtable,Events,2024-11-06,Lead,1000+,Enterprise
LEAD_001111,ACC_00926,Organic,Product Blog,Organic,2024-02-03,Lead,1-99,SMB
LEAD_001112,ACC_00319,Partner,Reseller,Partner,2025-10-26,Lead,1-99,SMB
LEAD_001113,ACC_00670,Referral,Customer Referral,Referral,2025-03-02,Lead,1-99,SMB
LEAD_001114,ACC_00332,Paid Search,Search - Nonbrand,Paid Search,2024-03-29,Lead,1-99,SMB
LEAD_001115,ACC_00611,Paid Search,Search - Competitor,Paid Search,2025-01-22,Lead,100-999,Mid-Market
LEAD_001116,ACC_00077,Paid Search,Search - Competitor,Paid Search,2024-01-21,SQL,1-99,SMB
LEAD_001117,ACC_00323,Partner,Reseller,Partner,2024-07-30,MQL,1-99,SMB
LEAD_001118,ACC_00850,Paid Social,LinkedIn Demand Gen,Paid Social,2024-09-11,Converted,1000+,Enterprise
LEAD_001119,ACC_00934,Organic,Product Blog,Organic,2024-11-28,MQL,100-999,Mid-Market
LEAD_001120,ACC_00327,Referral,Employee Referral,Referral,2025-02-17,MQL,100-999,Mid-Market
LEAD_001121,ACC_00310,Organic,Product Blog,Organic,2025-09-05,Lead,1-99,SMB
LEAD_001122,ACC_00359,Paid Social,LinkedIn ABM,Paid Social,2024-09-13,MQL,100-999,Mid-Market
LEAD_001123,ACC_00336,Partner,Technology Partner,Partner,2025-06-21,Lead,100-999,Mid-Market
LEAD_001124,ACC_01193,Organic,SEO,Organic,2025-11-19,Converted,1000+,Enterprise
LEAD_001125,ACC_00782,Organic,SEO,Organic,2025-07-01,Converted,1000+,Enterprise
LEAD_001126,ACC_00463,Referral,Employee Referral,Referral,2024-07-05,Lead,1000+,Enterprise
LEAD_001127,ACC_00555,Outbound,SDR Outbound,Outbound,2025-05-10,MQL,1-99,SMB
LEAD_001128,ACC_00613,Organic,Product Blog,Organic,2024-07-24,SQL,1000+,Enterprise
LEAD_001129,ACC_00664,Events,Industry Conference,Events,2024-12-15,MQL,1-99,SMB
LEAD_001130,ACC_00464,Paid Social,LinkedIn Demand Gen,Paid Social,2025-04-09,Lead,1-99,SMB
LEAD_001131,ACC_01170,Organic,SEO,Organic,2024-08-02,MQL,1-99,SMB
LEAD_001132,ACC_00349,Outbound,SDR Outbound,Outbound,2024-01-03,SQL,100-999,Mid-Market
LEAD_001133,ACC_00513,Paid Social,LinkedIn Demand Gen,Paid Social,2025-09-03,Lead,1-99,SMB
LEAD_001134,ACC_00008,Organic,SEO,Organic,2025-06-15,MQL,100-999,Mid-Market
LEAD_001135,ACC_00590,Events,Executive Roundtable,Events,2024-03-31,Lead,1-99,SMB
LEAD_001136,ACC_01026,Paid Search,Search - Nonbrand,Paid Search,2024-10-02,Converted,1-99,SMB
LEAD_001137,ACC_01197,Paid Search,Search - Brand,Paid Search,2024-07-10,Lead,1-99,SMB
LEAD_001138,ACC_00568,Paid Search,Search - Brand,Paid Search,2025-12-15,Lead,1-99,SMB
LEAD_001139,ACC_00168,Outbound,Named Account Outreach,Outbound,2025-11-19,Lead,100-999,Mid-Market
LEAD_001140,ACC_00864,Outbound,SDR Outbound,Outbound,2025-05-20,SQL,100-999,Mid-Market
LEAD_001141,ACC_00769,Referral,Employee Referral,Referral,2024-11-18,MQL,1-99,SMB
LEAD_001142,ACC_01151,Paid Search,Search - Nonbrand,Paid Search,2024-02-08,Lead,1-99,SMB
LEAD_001143,ACC_00607,Outbound,Named Account Outreach,Outbound,2024-06-29,Lead,1000+,Enterprise
LEAD_001144,ACC_00004,Partner,Reseller,Partner,2024-03-08,SQL,100-999,Mid-Market
LEAD_001145,ACC_01081,Paid Search,Search - Brand,Paid Search,2025-07-31,Lead,1-99,SMB
LEAD_001146,ACC_00811,Organic,SEO,Organic,2024-03-05,Lead,1-99,SMB
LEAD_001147,ACC_00961,Events,Executive Roundtable,Events,2025-05-10,Converted,100-999,Mid-Market
LEAD_001148,ACC_00143,Paid Search,Search - Nonbrand,Paid Search,2025-11-27,Lead,1000+,Enterprise
LEAD_001149,ACC_00549,Partner,Technology Partner,Partner,2024-08-13,MQL,100-999,Mid-Market
LEAD_001150,ACC_00550,Partner,Technology Partner,Partner,2025-05-15,Lead,1-99,SMB
LEAD_001151,ACC_00322,Organic,SEO,Organic,2025-10-04,SQL,100-999,Mid-Market
LEAD_001152,ACC_01017,Referral,Customer Referral,Referral,2024-11-08,SQL,100-999,Mid-Market
LEAD_001153,ACC_00226,Events,Industry Conference,Events,2024-11-24,MQL,1000+,Enterprise
LEAD_001154,ACC_00086,Paid Social,LinkedIn ABM,Paid Social,2024-05-26,MQL,1-99,SMB
LEAD_001155,ACC_00282,Outbound,Named Account Outreach,Outbound,2024-11-08,Converted,1-99,SMB
LEAD_001156,ACC_01188,Paid Social,Paid Social Retargeting,Paid Social,2025-09-30,Converted,1000+,Enterprise
LEAD_001157,ACC_00137,Outbound,SDR Outbound,Outbound,2025-04-29,Lead,1000+,Enterprise
LEAD_001158,ACC_00698,Organic,Content Hub,Organic,2024-05-27,Lead,100-999,Mid-Market
LEAD_001159,ACC_00220,Paid Social,Paid Social Retargeting,Paid Social,2025-01-19,SQL,1-99,SMB
LEAD_001160,ACC_00474,Paid Search,Search - Brand,Paid Search,2025-05-31,Lead,1-99,SMB
LEAD_001161,ACC_00663,Paid Social,LinkedIn ABM,Paid Social,2024-02-26,Lead,1-99,SMB
LEAD_001162,ACC_00024,Paid Social,LinkedIn Demand Gen,Paid Social,2025-07-11,Lead,1000+,Enterprise
LEAD_001163,ACC_00290,Organic,Product Blog,Organic,2024-05-27,SQL,1-99,SMB
LEAD_001164,ACC_00705,Referral,Employee Referral,Referral,2024-08-03,Lead,1-99,SMB
LEAD_001165,ACC_00018,Organic,Content Hub,Organic,2024-10-31,Lead,1-99,SMB
LEAD_001166,ACC_00594,Organic,Content Hub,Organic,2025-01-04,MQL,100-999,Mid-Market
LEAD_001167,ACC_00725,Paid Search,Search - Competitor,Paid Search,2025-10-31,Lead,1-99,SMB
LEAD_001168,ACC_00259,Partner,Cloud Partner,Partner,2024-06-12,Lead,1-99,SMB
LEAD_001169,ACC_00195,Organic,Content Hub,Organic,2024-07-06,MQL,1-99,SMB
LEAD_001170,ACC_00589,Paid Social,LinkedIn Demand Gen,Paid Social,2024-10-03,Lead,1-99,SMB
LEAD_001171,ACC_00863,Outbound,SDR Outbound,Outbound,2025-09-18,Converted,100-999,Mid-Market
LEAD_001172,ACC_00016,Organic,SEO,Organic,2025-12-06,Lead,1-99,SMB
LEAD_001173,ACC_00406,Referral,Employee Referral,Referral,2024-11-28,Converted,1000+,Enterprise
LEAD_001174,ACC_01200,Paid Search,Search - Nonbrand,Paid Search,2025-05-21,MQL,100-999,Mid-Market
LEAD_001175,ACC_00403,Partner,Technology Partner,Partner,2025-11-01,Lead,100-999,Mid-Market
LEAD_001176,ACC_00399,Organic,Content Hub,Organic,2025-09-10,Lead,1-99,SMB
LEAD_001177,ACC_00886,Outbound,Named Account Outreach,Outbound,2025-05-13,MQL,1-99,SMB
LEAD_001178,ACC_00577,Events,Executive Roundtable,Events,2025-01-30,Lead,1000+,Enterprise
LEAD_001179,ACC_00470,Organic,Content Hub,Organic,2025-12-20,Lead,100-999,Mid-Market
LEAD_001180,ACC_00942,Organic,Content Hub,Organic,2024-06-23,Converted,1000+,Enterprise
LEAD_001181,ACC_00037,Paid Search,Search - Nonbrand,Paid Search,2024-09-22,MQL,1-99,SMB
LEAD_001182,ACC_00856,Organic,SEO,Organic,2025-06-05,Converted,1-99,SMB
LEAD_001183,ACC_00457,Referral,Employee Referral,Referral,2024-01-16,Lead,1000+,Enterprise
LEAD_001184,ACC_01067,Partner,Reseller,Partner,2024-12-31,Lead,1-99,SMB
LEAD_001185,ACC_00870,Partner,Cloud Partner,Partner,2025-09-16,MQL,1-99,SMB
LEAD_001186,ACC_01130,Referral,Customer Referral,Referral,2024-05-09,MQL,1000+,Enterprise
LEAD_001187,ACC_00155,Events,Webinar,Events,2025-08-10,Lead,1-99,SMB
LEAD_001188,ACC_00228,Events,Executive Roundtable,Events,2024-10-28,Lead,100-999,Mid-Market
LEAD_001189,ACC_01084,Paid Search,Search - Nonbrand,Paid Search,2025-09-21,MQL,1000+,Enterprise
LEAD_001190,ACC_00469,Paid Search,Search - Competitor,Paid Search,2025-04-09,SQL,1-99,SMB
LEAD_001191,ACC_00979,Paid Search,Search - Nonbrand,Paid Search,2024-04-24,Lead,100-999,Mid-Market
LEAD_001192,ACC_00825,Paid Search,Search - Competitor,Paid Search,2025-06-21,Converted,1000+,Enterprise
LEAD_001193,ACC_00600,Paid Search,Search - Nonbrand,Paid Search,2024-02-11,Lead,100-999,Mid-Market
LEAD_001194,ACC_00055,Organic,SEO,Organic,2024-06-26,Lead,100-999,Mid-Market
LEAD_001195,ACC_00089,Paid Search,Search - Competitor,Paid Search,2025-10-11,Lead,1-99,SMB
LEAD_001196,ACC_00861,Paid Social,LinkedIn Demand Gen,Paid Social,2025-10-02,MQL,100-999,Mid-Market
LEAD_001197,ACC_00117,Paid Search,Search - Nonbrand,Paid Search,2024-02-03,SQL,100-999,Mid-Market
LEAD_001198,ACC_00006,Organic,SEO,Organic,2024-10-04,SQL,1000+,Enterprise
LEAD_001199,ACC_00264,Paid Search,Search - Competitor,Paid Search,2024-03-09,Lead,1-99,SMB
LEAD_001200,ACC_01097,Paid Social,Paid Social Retargeting,Paid Social,2024-07-17,Lead,1-99,SMB
LEAD_001201,ACC_00752,Outbound,SDR Outbound,Outbound,2025-12-08,SQL,1-99,SMB
LEAD_001202,ACC_00862,Outbound,Named Account Outreach,Outbound,2024-05-22,Lead,100-999,Mid-Market
LEAD_001203,ACC_00783,Organic,Content Hub,Organic,2025-04-13,MQL,1-99,SMB
LEAD_001204,ACC_00679,Organic,SEO,Organic,2025-08-10,Lead,1-99,SMB
LEAD_001205,ACC_00308,Paid Search,Search - Competitor,Paid Search,2025-10-05,Lead,100-999,Mid-Market
LEAD_001206,ACC_00515,Organic,Content Hub,Organic,2024-09-15,Lead,1-99,SMB
LEAD_001207,ACC_00654,Paid Search,Search - Brand,Paid Search,2025-05-24,Lead,1-99,SMB
LEAD_001208,ACC_01186,Referral,Customer Referral,Referral,2024-12-19,Converted,1000+,Enterprise
LEAD_001209,ACC_01080,Organic,Product Blog,Organic,2024-03-19,MQL,1-99,SMB
LEAD_001210,ACC_00884,Paid Search,Search - Nonbrand,Paid Search,2024-06-11,Converted,1-99,SMB
LEAD_001211,ACC_00976,Outbound,SDR Outbound,Outbound,2025-06-30,SQL,100-999,Mid-Market
LEAD_001212,ACC_00969,Paid Social,Paid Social Retargeting,Paid Social,2025-05-16,Lead,100-999,Mid-Market
LEAD_001213,ACC_00802,Organic,SEO,Organic,2025-01-15,MQL,1-99,SMB
LEAD_001214,ACC_00991,Organic,Product Blog,Organic,2025-07-24,Lead,100-999,Mid-Market
LEAD_001215,ACC_00088,Referral,Customer Referral,Referral,2025-05-20,SQL,1-99,SMB
LEAD_001216,ACC_00027,Organic,Content Hub,Organic,2024-09-05,Lead,1-99,SMB
LEAD_001217,ACC_00534,Partner,Reseller,Partner,2024-08-02,Converted,100-999,Mid-Market
LEAD_001218,ACC_00066,Events,Industry Conference,Events,2025-11-21,MQL,100-999,Mid-Market
LEAD_001219,ACC_00408,Paid Search,Search - Competitor,Paid Search,2025-12-11,MQL,1000+,Enterprise
LEAD_001220,ACC_00239,Outbound,Named Account Outreach,Outbound,2024-01-23,MQL,1-99,SMB
LEAD_001221,ACC_01150,Organic,Product Blog,Organic,2025-08-01,SQL,1000+,Enterprise
LEAD_001222,ACC_00787,Paid Search,Search - Brand,Paid Search,2024-04-07,MQL,100-999,Mid-Market
LEAD_001223,ACC_00051,Paid Search,Search - Brand,Paid Search,2025-09-21,MQL,1-99,SMB
LEAD_001224,ACC_00749,Referral,Employee Referral,Referral,2025-03-06,Lead,100-999,Mid-Market
LEAD_001225,ACC_00879,Organic,Content Hub,Organic,2025-05-17,MQL,100-999,Mid-Market
LEAD_001226,ACC_00391,Organic,Product Blog,Organic,2025-05-27,Lead,100-999,Mid-Market
LEAD_001227,ACC_01060,Referral,Employee Referral,Referral,2025-03-18,MQL,100-999,Mid-Market
LEAD_001228,ACC_01168,Organic,SEO,Organic,2024-07-02,MQL,100-999,Mid-Market
LEAD_001229,ACC_01177,Events,Industry Conference,Events,2025-08-13,Lead,1-99,SMB
LEAD_001230,ACC_00112,Partner,Cloud Partner,Partner,2025-02-09,SQL,1-99,SMB
LEAD_001231,ACC_00539,Partner,Technology Partner,Partner,2025-02-02,MQL,1-99,SMB
LEAD_001232,ACC_00933,Outbound,Named Account Outreach,Outbound,2024-08-20,MQL,1-99,SMB
LEAD_001233,ACC_00532,Outbound,Named Account Outreach,Outbound,2024-01-08,MQL,100-999,Mid-Market
LEAD_001234,ACC_00578,Organic,SEO,Organic,2025-02-09,MQL,100-999,Mid-Market
LEAD_001235,ACC_00394,Referral,Employee Referral,Referral,2024-09-09,SQL,100-999,Mid-Market
LEAD_001236,ACC_00503,Referral,Employee Referral,Referral,2025-04-26,Lead,1000+,Enterprise
LEAD_001237,ACC_00834,Referral,Employee Referral,Referral,2024-09-23,Lead,100-999,Mid-Market
LEAD_001238,ACC_00031,Partner,Technology Partner,Partner,2025-12-12,MQL,100-999,Mid-Market
LEAD_001239,ACC_00960,Paid Social,LinkedIn Demand Gen,Paid Social,2025-05-12,Lead,100-999,Mid-Market
LEAD_001240,ACC_00874,Paid Social,LinkedIn ABM,Paid Social,2024-11-29,Lead,1-99,SMB
LEAD_001241,ACC_00167,Organic,Content Hub,Organic,2025-06-01,Lead,1000+,Enterprise
LEAD_001242,ACC_00926,Paid Social,LinkedIn ABM,Paid Social,2025-04-18,Lead,1-99,SMB
LEAD_001243,ACC_00626,Partner,Cloud Partner,Partner,2025-03-29,Converted,1-99,SMB
LEAD_001244,ACC_00383,Partner,Cloud Partner,Partner,2025-02-26,Lead,100-999,Mid-Market
LEAD_001245,ACC_00547,Paid Search,Search - Competitor,Paid Search,2025-11-12,Lead,1-99,SMB
LEAD_001246,ACC_00621,Paid Social,Paid Social Retargeting,Paid Social,2024-08-20,Converted,100-999,Mid-Market
LEAD_001247,ACC_00253,Partner,Technology Partner,Partner,2024-11-12,Converted,1-99,SMB
LEAD_001248,ACC_00728,Paid Social,LinkedIn Demand Gen,Paid Social,2024-07-03,Lead,1-99,SMB
LEAD_001249,ACC_00756,Referral,Employee Referral,Referral,2025-02-20,SQL,1-99,SMB
LEAD_001250,ACC_00442,Outbound,SDR Outbound,Outbound,2025-12-23,Lead,1-99,SMB
LEAD_001251,ACC_00553,Organic,Content Hub,Organic,2025-03-20,SQL,1-99,SMB
LEAD_001252,ACC_00739,Organic,SEO,Organic,2024-05-31,Lead,1-99,SMB
LEAD_001253,ACC_00605,Outbound,Named Account Outreach,Outbound,2025-11-04,Lead,1000+,Enterprise
LEAD_001254,ACC_00521,Paid Social,Paid Social Retargeting,Paid Social,2025-07-31,Lead,1000+,Enterprise
LEAD_001255,ACC_01148,Events,Industry Conference,Events,2024-11-17,MQL,100-999,Mid-Market
LEAD_001256,ACC_01054,Organic,Content Hub,Organic,2024-04-17,Lead,1-99,SMB
LEAD_001257,ACC_00456,Organic,Content Hub,Organic,2024-10-21,MQL,1-99,SMB
LEAD_001258,ACC_00863,Paid Search,Search - Competitor,Paid Search,2025-08-10,MQL,100-999,Mid-Market
LEAD_001259,ACC_00973,Outbound,Named Account Outreach,Outbound,2025-02-25,Lead,1-99,SMB
LEAD_001260,ACC_00133,Referral,Employee Referral,Referral,2024-05-15,Converted,100-999,Mid-Market
LEAD_001261,ACC_00711,Referral,Employee Referral,Referral,2024-04-25,Lead,1000+,Enterprise
LEAD_001262,ACC_00960,Paid Social,LinkedIn ABM,Paid Social,2025-12-07,Lead,100-999,Mid-Market
LEAD_001263,ACC_00069,Events,Executive Roundtable,Events,2024-11-22,Lead,1-99,SMB
LEAD_001264,ACC_00406,Organic,SEO,Organic,2025-05-16,MQL,1000+,Enterprise
LEAD_001265,ACC_00958,Partner,Reseller,Partner,2024-09-20,Lead,100-999,Mid-Market
LEAD_001266,ACC_01123,Referral,Customer Referral,Referral,2024-03-06,SQL,1000+,Enterprise
LEAD_001267,ACC_01191,Paid Search,Search - Competitor,Paid Search,2024-10-28,MQL,1-99,SMB
LEAD_001268,ACC_00725,Referral,Employee Referral,Referral,2025-05-21,Lead,1-99,SMB
LEAD_001269,ACC_00052,Paid Search,Search - Competitor,Paid Search,2024-08-31,Lead,1-99,SMB
LEAD_001270,ACC_00034,Organic,SEO,Organic,2025-03-17,SQL,1-99,SMB
LEAD_001271,ACC_00974,Paid Social,Paid Social Retargeting,Paid Social,2024-11-16,Lead,1000+,Enterprise
LEAD_001272,ACC_00882,Referral,Customer Referral,Referral,2024-09-03,MQL,100-999,Mid-Market
LEAD_001273,ACC_00233,Paid Search,Search - Competitor,Paid Search,2024-07-05,Converted,1000+,Enterprise
LEAD_001274,ACC_00157,Events,Webinar,Events,2024-07-09,Lead,1-99,SMB
LEAD_001275,ACC_00175,Organic,Product Blog,Organic,2024-07-05,MQL,1-99,SMB
LEAD_001276,ACC_01053,Outbound,Named Account Outreach,Outbound,2025-06-09,Converted,1-99,SMB
LEAD_001277,ACC_00918,Partner,Technology Partner,Partner,2024-09-03,MQL,1-99,SMB
LEAD_001278,ACC_01138,Organic,Content Hub,Organic,2025-06-25,Converted,1-99,SMB
LEAD_001279,ACC_00137,Outbound,SDR Outbound,Outbound,2024-08-15,MQL,1000+,Enterprise
LEAD_001280,ACC_00835,Outbound,SDR Outbound,Outbound,2024-08-27,MQL,100-999,Mid-Market
LEAD_001281,ACC_01109,Paid Social,LinkedIn ABM,Paid Social,2025-11-06,Lead,1000+,Enterprise
LEAD_001282,ACC_00640,Paid Search,Search - Brand,Paid Search,2025-10-02,MQL,1000+,Enterprise
LEAD_001283,ACC_00929,Organic,Content Hub,Organic,2024-10-19,Converted,100-999,Mid-Market
LEAD_001284,ACC_00723,Referral,Employee Referral,Referral,2024-07-15,Lead,1-99,SMB
LEAD_001285,ACC_00009,Partner,Cloud Partner,Partner,2025-06-07,Converted,1-99,SMB
LEAD_001286,ACC_00515,Events,Industry Conference,Events,2024-02-21,MQL,1-99,SMB
LEAD_001287,ACC_00314,Outbound,SDR Outbound,Outbound,2024-11-29,Converted,1-99,SMB
LEAD_001288,ACC_00101,Events,Executive Roundtable,Events,2025-03-14,Converted,1000+,Enterprise
LEAD_001289,ACC_00715,Organic,SEO,Organic,2025-05-08,MQL,100-999,Mid-Market
LEAD_001290,ACC_01115,Paid Social,LinkedIn Demand Gen,Paid Social,2024-03-19,Converted,1000+,Enterprise
LEAD_001291,ACC_00065,Outbound,Named Account Outreach,Outbound,2024-01-03,SQL,100-999,Mid-Market
LEAD_001292,ACC_00396,Organic,Content Hub,Organic,2024-07-21,MQL,1-99,SMB
LEAD_001293,ACC_00804,Organic,Product Blog,Organic,2024-03-28,MQL,100-999,Mid-Market
LEAD_001294,ACC_00376,Partner,Technology Partner,Partner,2025-01-05,Lead,1-99,SMB
LEAD_001295,ACC_00140,Events,Executive Roundtable,Events,2025-11-03,Lead,1-99,SMB
LEAD_001296,ACC_00230,Outbound,Named Account Outreach,Outbound,2024-07-28,Lead,1-99,SMB
LEAD_001297,ACC_00030,Organic,Product Blog,Organic,2024-11-27,Lead,100-999,Mid-Market
LEAD_001298,ACC_01191,Referral,Customer Referral,Referral,2024-06-06,Lead,1-99,SMB
LEAD_001299,ACC_00590,Organic,Content Hub,Organic,2024-02-02,MQL,1-99,SMB
LEAD_001300,ACC_01132,Paid Search,Search - Competitor,Paid Search,2025-05-29,MQL,100-999,Mid-Market
LEAD_001301,ACC_00823,Referral,Customer Referral,Referral,2024-07-06,MQL,1-99,SMB
LEAD_001302,ACC_00420,Outbound,Named Account Outreach,Outbound,2025-02-03,Converted,1000+,Enterprise
LEAD_001303,ACC_01131,Referral,Employee Referral,Referral,2025-05-14,Converted,1000+,Enterprise
LEAD_001304,ACC_00313,Events,Webinar,Events,2025-09-05,Converted,1-99,SMB
LEAD_001305,ACC_00217,Partner,Cloud Partner,Partner,2024-05-15,MQL,1-99,SMB
LEAD_001306,ACC_00967,Paid Search,Search - Competitor,Paid Search,2025-02-28,Lead,1000+,Enterprise
LEAD_001307,ACC_00665,Paid Search,Search - Nonbrand,Paid Search,2025-10-27,Converted,1-99,SMB
LEAD_001308,ACC_00508,Referral,Customer Referral,Referral,2024-12-19,Lead,1000+,Enterprise
LEAD_001309,ACC_00706,Events,Webinar,Events,2024-01-30,Lead,100-999,Mid-Market
LEAD_001310,ACC_01162,Paid Search,Search - Nonbrand,Paid Search,2024-07-09,Lead,100-999,Mid-Market
LEAD_001311,ACC_00337,Paid Search,Search - Brand,Paid Search,2025-08-03,MQL,1-99,SMB
LEAD_001312,ACC_01082,Paid Search,Search - Nonbrand,Paid Search,2025-08-02,MQL,1000+,Enterprise
LEAD_001313,ACC_01093,Paid Search,Search - Brand,Paid Search,2024-08-17,Lead,1-99,SMB
LEAD_001314,ACC_00912,Events,Executive Roundtable,Events,2024-05-23,SQL,1000+,Enterprise
LEAD_001315,ACC_00189,Organic,Content Hub,Organic,2024-08-01,Lead,100-999,Mid-Market
LEAD_001316,ACC_00108,Paid Social,Paid Social Retargeting,Paid Social,2024-06-26,Lead,1-99,SMB
LEAD_001317,ACC_00145,Referral,Employee Referral,Referral,2025-06-25,Lead,1-99,SMB
LEAD_001318,ACC_00843,Partner,Cloud Partner,Partner,2025-09-07,Lead,100-999,Mid-Market
LEAD_001319,ACC_00480,Paid Social,LinkedIn Demand Gen,Paid Social,2024-02-04,SQL,1-99,SMB
LEAD_001320,ACC_01185,Paid Search,Search - Nonbrand,Paid Search,2025-06-25,Lead,1-99,SMB
LEAD_001321,ACC_00008,Organic,SEO,Organic,2025-07-04,Lead,100-999,Mid-Market
LEAD_001322,ACC_00448,Paid Search,Search - Brand,Paid Search,2025-03-24,Lead,100-999,Mid-Market
LEAD_001323,ACC_00317,Organic,Content Hub,Organic,2025-09-28,SQL,1-99,SMB
LEAD_001324,ACC_01058,Organic,SEO,Organic,2024-01-29,Converted,1-99,SMB
LEAD_001325,ACC_00146,Organic,Product Blog,Organic,2025-05-26,MQL,1-99,SMB
LEAD_001326,ACC_00490,Paid Search,Search - Brand,Paid Search,2024-04-03,MQL,100-999,Mid-Market
LEAD_001327,ACC_01041,Organic,Product Blog,Organic,2025-10-17,Converted,1-99,SMB
LEAD_001328,ACC_01166,Referral,Customer Referral,Referral,2024-12-31,Lead,1000+,Enterprise
LEAD_001329,ACC_01100,Organic,SEO,Organic,2024-03-07,Lead,1-99,SMB
LEAD_001330,ACC_00785,Paid Search,Search - Nonbrand,Paid Search,2025-06-29,SQL,1000+,Enterprise
LEAD_001331,ACC_00196,Events,Industry Conference,Events,2025-07-01,Lead,1-99,SMB
LEAD_001332,ACC_00116,Organic,SEO,Organic,2024-12-05,SQL,1000+,Enterprise
LEAD_001333,ACC_00494,Paid Social,Paid Social Retargeting,Paid Social,2024-08-14,MQL,1-99,SMB
LEAD_001334,ACC_00575,Events,Industry Conference,Events,2024-01-13,Lead,1000+,Enterprise
LEAD_001335,ACC_00617,Partner,Cloud Partner,Partner,2025-10-25,MQL,100-999,Mid-Market
LEAD_001336,ACC_00060,Organic,Product Blog,Organic,2024-05-14,Lead,1-99,SMB
LEAD_001337,ACC_00811,Outbound,SDR Outbound,Outbound,2025-09-08,Lead,1-99,SMB
LEAD_001338,ACC_00475,Outbound,SDR Outbound,Outbound,2025-03-06,SQL,1-99,SMB
LEAD_001339,ACC_00131,Paid Search,Search - Brand,Paid Search,2025-05-15,MQL,1-99,SMB
LEAD_001340,ACC_01099,Organic,Content Hub,Organic,2025-05-22,Lead,1000+,Enterprise
LEAD_001341,ACC_00429,Organic,SEO,Organic,2025-09-19,Lead,1-99,SMB
LEAD_001342,ACC_00279,Events,Executive Roundtable,Events,2024-01-25,Lead,1000+,Enterprise
LEAD_001343,ACC_00591,Paid Search,Search - Brand,Paid Search,2025-12-25,MQL,1000+,Enterprise
LEAD_001344,ACC_01141,Organic,Content Hub,Organic,2024-02-01,Lead,1-99,SMB
LEAD_001345,ACC_00990,Paid Social,LinkedIn ABM,Paid Social,2025-12-31,Lead,100-999,Mid-Market
LEAD_001346,ACC_00120,Referral,Customer Referral,Referral,2024-07-10,SQL,100-999,Mid-Market
LEAD_001347,ACC_00825,Organic,Product Blog,Organic,2025-09-10,Converted,1000+,Enterprise
LEAD_001348,ACC_00798,Organic,Content Hub,Organic,2024-03-02,SQL,1-99,SMB
LEAD_001349,ACC_01064,Paid Social,LinkedIn ABM,Paid Social,2024-12-02,MQL,100-999,Mid-Market
LEAD_001350,ACC_01159,Outbound,SDR Outbound,Outbound,2025-01-31,SQL,1-99,SMB
LEAD_001351,ACC_00896,Paid Social,Paid Social Retargeting,Paid Social,2025-11-28,SQL,1000+,Enterprise
LEAD_001352,ACC_00785,Referral,Customer Referral,Referral,2024-03-31,SQL,1000+,Enterprise
LEAD_001353,ACC_00425,Organic,SEO,Organic,2024-01-27,SQL,100-999,Mid-Market
LEAD_001354,ACC_01079,Paid Search,Search - Brand,Paid Search,2025-04-18,SQL,100-999,Mid-Market
LEAD_001355,ACC_01132,Paid Search,Search - Nonbrand,Paid Search,2024-02-05,SQL,100-999,Mid-Market
LEAD_001356,ACC_01190,Paid Search,Search - Brand,Paid Search,2025-07-22,MQL,100-999,Mid-Market
LEAD_001357,ACC_01146,Paid Social,Paid Social Retargeting,Paid Social,2024-01-29,Lead,1-99,SMB
LEAD_001358,ACC_00771,Events,Webinar,Events,2025-12-10,Lead,1-99,SMB
LEAD_001359,ACC_01148,Paid Search,Search - Brand,Paid Search,2025-01-24,Lead,100-999,Mid-Market
LEAD_001360,ACC_00939,Outbound,SDR Outbound,Outbound,2025-11-24,MQL,1000+,Enterprise
LEAD_001361,ACC_00289,Organic,Content Hub,Organic,2024-04-02,Lead,100-999,Mid-Market
LEAD_001362,ACC_00039,Partner,Cloud Partner,Partner,2024-07-18,Lead,1-99,SMB
LEAD_001363,ACC_01177,Paid Search,Search - Brand,Paid Search,2024-11-28,Lead,1-99,SMB
LEAD_001364,ACC_00513,Paid Social,Paid Social Retargeting,Paid Social,2024-01-22,Converted,1-99,SMB
LEAD_001365,ACC_01049,Organic,Content Hub,Organic,2024-03-16,Lead,1000+,Enterprise
LEAD_001366,ACC_00346,Referral,Customer Referral,Referral,2024-08-28,Lead,100-999,Mid-Market
LEAD_001367,ACC_00433,Referral,Customer Referral,Referral,2025-06-22,Lead,100-999,Mid-Market
LEAD_001368,ACC_00990,Events,Webinar,Events,2025-06-01,Lead,100-999,Mid-Market
LEAD_001369,ACC_00631,Referral,Employee Referral,Referral,2024-03-04,MQL,1000+,Enterprise
LEAD_001370,ACC_00814,Organic,Content Hub,Organic,2024-02-13,MQL,100-999,Mid-Market
LEAD_001371,ACC_00385,Paid Social,Paid Social Retargeting,Paid Social,2025-04-24,Lead,1-99,SMB
LEAD_001372,ACC_00738,Paid Search,Search - Competitor,Paid Search,2024-09-19,MQL,1-99,SMB
LEAD_001373,ACC_00585,Referral,Customer Referral,Referral,2025-08-02,MQL,1000+,Enterprise
LEAD_001374,ACC_01118,Organic,Content Hub,Organic,2024-08-05,MQL,100-999,Mid-Market
LEAD_001375,ACC_00591,Organic,Product Blog,Organic,2024-09-22,Converted,1000+,Enterprise
LEAD_001376,ACC_00107,Outbound,SDR Outbound,Outbound,2024-06-09,Converted,1-99,SMB
LEAD_001377,ACC_00884,Organic,Product Blog,Organic,2024-07-13,Lead,1-99,SMB
LEAD_001378,ACC_01145,Outbound,SDR Outbound,Outbound,2025-05-31,SQL,1-99,SMB
LEAD_001379,ACC_01060,Paid Search,Search - Competitor,Paid Search,2024-12-10,SQL,100-999,Mid-Market
LEAD_001380,ACC_00121,Outbound,Named Account Outreach,Outbound,2025-04-26,SQL,100-999,Mid-Market
LEAD_001381,ACC_01199,Events,Webinar,Events,2024-02-27,Lead,1-99,SMB
LEAD_001382,ACC_00417,Partner,Technology Partner,Partner,2025-01-26,MQL,1-99,SMB
LEAD_001383,ACC_01001,Organic,SEO,Organic,2024-12-01,Lead,1-99,SMB
LEAD_001384,ACC_00757,Organic,SEO,Organic,2025-10-27,Lead,1-99,SMB
LEAD_001385,ACC_01168,Organic,Content Hub,Organic,2024-11-05,MQL,100-999,Mid-Market
LEAD_001386,ACC_00410,Organic,Content Hub,Organic,2024-03-16,MQL,1000+,Enterprise
LEAD_001387,ACC_00730,Partner,Reseller,Partner,2025-05-24,Lead,100-999,Mid-Market
LEAD_001388,ACC_00820,Paid Search,Search - Competitor,Paid Search,2024-04-19,SQL,1-99,SMB
LEAD_001389,ACC_00186,Paid Search,Search - Brand,Paid Search,2025-10-26,MQL,100-999,Mid-Market
LEAD_001390,ACC_00931,Organic,Content Hub,Organic,2024-10-07,Converted,1-99,SMB
LEAD_001391,ACC_00173,Referral,Employee Referral,Referral,2025-07-27,SQL,1-99,SMB
LEAD_001392,ACC_00995,Organic,SEO,Organic,2025-04-24,SQL,1000+,Enterprise
LEAD_001393,ACC_00152,Paid Search,Search - Brand,Paid Search,2024-12-05,Converted,1000+,Enterprise
LEAD_001394,ACC_00216,Paid Social,LinkedIn Demand Gen,Paid Social,2025-03-02,Lead,100-999,Mid-Market
LEAD_001395,ACC_00594,Organic,Product Blog,Organic,2024-05-13,Lead,100-999,Mid-Market
LEAD_001396,ACC_00219,Referral,Customer Referral,Referral,2024-02-24,Converted,1000+,Enterprise
LEAD_001397,ACC_00093,Organic,SEO,Organic,2025-07-14,Lead,1-99,SMB
LEAD_001398,ACC_00063,Outbound,SDR Outbound,Outbound,2025-12-01,Lead,100-999,Mid-Market
LEAD_001399,ACC_00344,Partner,Reseller,Partner,2025-09-22,MQL,100-999,Mid-Market
LEAD_001400,ACC_00590,Events,Executive Roundtable,Events,2024-08-11,Lead,1-99,SMB
LEAD_001401,ACC_00053,Partner,Technology Partner,Partner,2024-09-18,Lead,100-999,Mid-Market
LEAD_001402,ACC_00166,Outbound,Named Account Outreach,Outbound,2024-09-19,MQL,1-99,SMB
LEAD_001403,ACC_00734,Paid Social,LinkedIn Demand Gen,Paid Social,2025-05-28,Lead,1-99,SMB
LEAD_001404,ACC_00383,Paid Social,Paid Social Retargeting,Paid Social,2025-03-31,MQL,100-999,Mid-Market
LEAD_001405,ACC_00910,Outbound,Named Account Outreach,Outbound,2025-08-05,Lead,1-99,SMB
LEAD_001406,ACC_01009,Partner,Reseller,Partner,2025-11-21,MQL,100-999,Mid-Market
LEAD_001407,ACC_00037,Paid Social,Paid Social Retargeting,Paid Social,2024-10-13,Lead,1-99,SMB
LEAD_001408,ACC_01139,Organic,Product Blog,Organic,2025-04-29,MQL,1-99,SMB
LEAD_001409,ACC_00821,Paid Search,Search - Nonbrand,Paid Search,2024-12-31,Lead,1-99,SMB
LEAD_001410,ACC_00987,Paid Search,Search - Brand,Paid Search,2025-11-28,Lead,1-99,SMB
LEAD_001411,ACC_00574,Organic,Product Blog,Organic,2024-09-15,SQL,100-999,Mid-Market
LEAD_001412,ACC_00001,Paid Social,LinkedIn ABM,Paid Social,2024-05-17,Lead,100-999,Mid-Market
LEAD_001413,ACC_01063,Organic,Product Blog,Organic,2024-10-03,SQL,1-99,SMB
LEAD_001414,ACC_00682,Partner,Technology Partner,Partner,2025-03-28,Lead,1-99,SMB
LEAD_001415,ACC_00045,Outbound,SDR Outbound,Outbound,2025-11-27,MQL,1000+,Enterprise
LEAD_001416,ACC_00200,Partner,Reseller,Partner,2025-08-28,Lead,1-99,SMB
LEAD_001417,ACC_00248,Outbound,Named Account Outreach,Outbound,2024-01-14,SQL,1-99,SMB
LEAD_001418,ACC_00451,Organic,SEO,Organic,2025-01-07,Lead,1-99,SMB
LEAD_001419,ACC_00531,Organic,Content Hub,Organic,2024-04-26,Lead,100-999,Mid-Market
LEAD_001420,ACC_00514,Outbound,Named Account Outreach,Outbound,2024-09-21,MQL,1-99,SMB
LEAD_001421,ACC_01042,Events,Webinar,Events,2025-11-21,Lead,100-999,Mid-Market
LEAD_001422,ACC_01132,Outbound,Named Account Outreach,Outbound,2025-12-20,SQL,100-999,Mid-Market
LEAD_001423,ACC_00815,Outbound,Named Account Outreach,Outbound,2024-04-22,Converted,1-99,SMB
LEAD_001424,ACC_00761,Outbound,SDR Outbound,Outbound,2024-04-13,MQL,100-999,Mid-Market
LEAD_001425,ACC_01037,Outbound,Named Account Outreach,Outbound,2025-05-24,MQL,1-99,SMB
LEAD_001426,ACC_00322,Outbound,Named Account Outreach,Outbound,2024-10-27,Lead,100-999,Mid-Market
LEAD_001427,ACC_00670,Outbound,Named Account Outreach,Outbound,2024-11-12,Converted,1-99,SMB
LEAD_001428,ACC_00772,Organic,Product Blog,Organic,2025-09-30,MQL,100-999,Mid-Market
LEAD_001429,ACC_00343,Organic,Content Hub,Organic,2025-11-03,Lead,100-999,Mid-Market
LEAD_001430,ACC_01143,Paid Search,Search - Nonbrand,Paid Search,2025-10-20,Converted,1000+,Enterprise
LEAD_001431,ACC_00283,Paid Social,LinkedIn ABM,Paid Social,2025-07-26,Converted,1-99,SMB
LEAD_001432,ACC_00071,Outbound,Named Account Outreach,Outbound,2025-12-17,Lead,1-99,SMB
LEAD_001433,ACC_00389,Paid Search,Search - Brand,Paid Search,2025-06-10,Lead,1-99,SMB
LEAD_001434,ACC_00980,Paid Search,Search - Brand,Paid Search,2025-10-08,MQL,1-99,SMB
LEAD_001435,ACC_00450,Outbound,SDR Outbound,Outbound,2025-01-30,SQL,100-999,Mid-Market
LEAD_001436,ACC_00261,Paid Search,Search - Brand,Paid Search,2024-02-07,MQL,1-99,SMB
LEAD_001437,ACC_01047,Events,Webinar,Events,2025-08-19,Lead,1-99,SMB
LEAD_001438,ACC_00184,Organic,SEO,Organic,2025-11-10,Lead,1-99,SMB
LEAD_001439,ACC_00191,Paid Search,Search - Competitor,Paid Search,2024-08-16,Lead,1000+,Enterprise
LEAD_001440,ACC_01079,Paid Social,Paid Social Retargeting,Paid Social,2024-11-08,Lead,100-999,Mid-Market
LEAD_001441,ACC_00386,Paid Search,Search - Nonbrand,Paid Search,2025-02-22,SQL,1000+,Enterprise
LEAD_001442,ACC_00003,Organic,SEO,Organic,2025-04-21,Lead,1000+,Enterprise
LEAD_001443,ACC_00521,Paid Search,Search - Competitor,Paid Search,2025-05-08,Lead,1000+,Enterprise
LEAD_001444,ACC_00890,Paid Search,Search - Brand,Paid Search,2024-10-15,SQL,100-999,Mid-Market
LEAD_001445,ACC_00909,Paid Search,Search - Competitor,Paid Search,2025-09-16,Lead,1-99,SMB
LEAD_001446,ACC_00105,Outbound,Named Account Outreach,Outbound,2025-08-17,Lead,100-999,Mid-Market
LEAD_001447,ACC_00338,Organic,Product Blog,Organic,2025-11-19,Converted,100-999,Mid-Market
LEAD_001448,ACC_00742,Paid Search,Search - Brand,Paid Search,2025-02-24,Lead,1-99,SMB
LEAD_001449,ACC_00793,Organic,Content Hub,Organic,2024-02-26,SQL,1-99,SMB
LEAD_001450,ACC_00746,Referral,Employee Referral,Referral,2025-09-10,Lead,100-999,Mid-Market
LEAD_001451,ACC_00406,Events,Executive Roundtable,Events,2024-02-28,MQL,1000+,Enterprise
LEAD_001452,ACC_01036,Referral,Employee Referral,Referral,2024-05-21,MQL,100-999,Mid-Market
LEAD_001453,ACC_00094,Referral,Customer Referral,Referral,2024-07-27,Lead,1-99,SMB
LEAD_001454,ACC_00988,Paid Search,Search - Nonbrand,Paid Search,2024-05-15,MQL,1-99,SMB
LEAD_001455,ACC_01128,Outbound,Named Account Outreach,Outbound,2025-06-13,Lead,100-999,Mid-Market
LEAD_001456,ACC_00823,Paid Search,Search - Nonbrand,Paid Search,2024-11-17,MQL,1-99,SMB
LEAD_001457,ACC_00516,Referral,Customer Referral,Referral,2024-06-09,Lead,1-99,SMB
LEAD_001458,ACC_00457,Paid Social,Paid Social Retargeting,Paid Social,2024-01-04,SQL,1000+,Enterprise
LEAD_001459,ACC_00523,Paid Search,Search - Competitor,Paid Search,2024-06-07,MQL,1-99,SMB
LEAD_001460,ACC_00200,Referral,Customer Referral,Referral,2025-05-21,MQL,1-99,SMB
LEAD_001461,ACC_00267,Events,Industry Conference,Events,2025-08-03,Lead,1-99,SMB
LEAD_001462,ACC_00763,Referral,Employee Referral,Referral,2024-08-04,MQL,1-99,SMB
LEAD_001463,ACC_00661,Organic,SEO,Organic,2024-02-23,MQL,1-99,SMB
LEAD_001464,ACC_00597,Paid Search,Search - Brand,Paid Search,2025-02-11,Lead,100-999,Mid-Market
LEAD_001465,ACC_00570,Paid Search,Search - Nonbrand,Paid Search,2025-07-26,MQL,100-999,Mid-Market
LEAD_001466,ACC_00094,Paid Social,Paid Social Retargeting,Paid Social,2024-02-21,Lead,1-99,SMB
LEAD_001467,ACC_01042,Paid Social,LinkedIn Demand Gen,Paid Social,2025-08-04,Lead,100-999,Mid-Market
LEAD_001468,ACC_01147,Paid Search,Search - Brand,Paid Search,2024-05-04,SQL,100-999,Mid-Market
LEAD_001469,ACC_00295,Events,Webinar,Events,2024-07-07,Lead,1000+,Enterprise
LEAD_001470,ACC_00378,Paid Search,Search - Competitor,Paid Search,2025-03-31,Lead,1-99,SMB
LEAD_001471,ACC_00757,Outbound,SDR Outbound,Outbound,2024-02-07,MQL,1-99,SMB
LEAD_001472,ACC_00003,Events,Webinar,Events,2024-08-11,SQL,1000+,Enterprise
LEAD_001473,ACC_00123,Partner,Technology Partner,Partner,2024-04-11,Lead,1-99,SMB
LEAD_001474,ACC_01083,Paid Search,Search - Competitor,Paid Search,2024-06-05,MQL,1000+,Enterprise
LEAD_001475,ACC_00208,Organic,Product Blog,Organic,2025-07-19,Lead,100-999,Mid-Market
LEAD_001476,ACC_00693,Organic,Product Blog,Organic,2024-06-16,MQL,1-99,SMB
LEAD_001477,ACC_01059,Outbound,SDR Outbound,Outbound,2024-02-01,MQL,100-999,Mid-Market
LEAD_001478,ACC_00880,Paid Social,Paid Social Retargeting,Paid Social,2024-06-06,MQL,100-999,Mid-Market
LEAD_001479,ACC_00327,Organic,Product Blog,Organic,2024-03-04,SQL,100-999,Mid-Market
LEAD_001480,ACC_00184,Referral,Employee Referral,Referral,2025-03-31,Converted,1-99,SMB
LEAD_001481,ACC_00862,Outbound,SDR Outbound,Outbound,2025-12-12,Lead,100-999,Mid-Market
LEAD_001482,ACC_00486,Events,Industry Conference,Events,2024-05-02,Lead,1-99,SMB
LEAD_001483,ACC_01162,Paid Social,LinkedIn Demand Gen,Paid Social,2025-06-16,Lead,100-999,Mid-Market
LEAD_001484,ACC_00775,Referral,Employee Referral,Referral,2024-09-22,Lead,1-99,SMB
LEAD_001485,ACC_00014,Organic,Content Hub,Organic,2024-02-22,MQL,1000+,Enterprise
LEAD_001486,ACC_00302,Organic,Content Hub,Organic,2025-05-17,SQL,1-99,SMB
LEAD_001487,ACC_00894,Referral,Customer Referral,Referral,2024-06-02,Lead,1-99,SMB
LEAD_001488,ACC_00842,Referral,Customer Referral,Referral,2025-01-10,Lead,100-999,Mid-Market
LEAD_001489,ACC_00891,Paid Social,LinkedIn ABM,Paid Social,2025-01-05,MQL,1-99,SMB
LEAD_001490,ACC_00281,Organic,Product Blog,Organic,2025-03-12,Converted,1-99,SMB
LEAD_001491,ACC_00300,Paid Search,Search - Competitor,Paid Search,2024-04-08,Lead,100-999,Mid-Market
LEAD_001492,ACC_00251,Outbound,Named Account Outreach,Outbound,2024-07-02,SQL,100-999,Mid-Market
LEAD_001493,ACC_00835,Events,Industry Conference,Events,2025-06-23,SQL,100-999,Mid-Market
LEAD_001494,ACC_00014,Paid Search,Search - Brand,Paid Search,2025-11-12,MQL,1000+,Enterprise
LEAD_001495,ACC_00978,Organic,Product Blog,Organic,2024-01-09,MQL,1-99,SMB
LEAD_001496,ACC_00339,Outbound,SDR Outbound,Outbound,2024-10-29,Lead,1-99,SMB
LEAD_001497,ACC_00586,Outbound,SDR Outbound,Outbound,2025-10-06,Lead,100-999,Mid-Market
LEAD_001498,ACC_00297,Paid Social,Paid Social Retargeting,Paid Social,2024-07-28,MQL,1000+,Enterprise
LEAD_001499,ACC_00511,Partner,Technology Partner,Partner,2024-11-23,Lead,1-99,SMB
LEAD_001500,ACC_00918,Referral,Customer Referral,Referral,2025-10-23,MQL,1-99,SMB
LEAD_001501,ACC_00239,Paid Search,Search - Nonbrand,Paid Search,2025-12-09,SQL,1-99,SMB
LEAD_001502,ACC_00684,Partner,Reseller,Partner,2025-04-24,Lead,1-99,SMB
LEAD_001503,ACC_00069,Partner,Reseller,Partner,2025-05-22,MQL,1-99,SMB
LEAD_001504,ACC_00214,Partner,Reseller,Partner,2025-03-24,Lead,100-999,Mid-Market
LEAD_001505,ACC_00822,Events,Industry Conference,Events,2024-07-26,Lead,100-999,Mid-Market
LEAD_001506,ACC_00682,Partner,Reseller,Partner,2025-10-10,MQL,1-99,SMB
LEAD_001507,ACC_00734,Paid Social,LinkedIn Demand Gen,Paid Social,2024-01-25,Lead,1-99,SMB
LEAD_001508,ACC_00271,Organic,Product Blog,Organic,2024-02-12,SQL,1-99,SMB
LEAD_001509,ACC_00248,Outbound,Named Account Outreach,Outbound,2025-03-15,Lead,1-99,SMB
LEAD_001510,ACC_00511,Organic,Product Blog,Organic,2025-09-04,SQL,1-99,SMB
LEAD_001511,ACC_00155,Organic,Product Blog,Organic,2025-08-18,Lead,1-99,SMB
LEAD_001512,ACC_01066,Paid Social,LinkedIn ABM,Paid Social,2025-05-10,MQL,1000+,Enterprise
LEAD_001513,ACC_00322,Partner,Cloud Partner,Partner,2024-10-02,SQL,100-999,Mid-Market
LEAD_001514,ACC_00864,Referral,Customer Referral,Referral,2024-09-20,MQL,100-999,Mid-Market
LEAD_001515,ACC_00189,Outbound,SDR Outbound,Outbound,2024-11-07,Lead,100-999,Mid-Market
LEAD_001516,ACC_00782,Events,Executive Roundtable,Events,2024-07-06,SQL,1000+,Enterprise
LEAD_001517,ACC_00245,Paid Search,Search - Brand,Paid Search,2024-11-02,Lead,100-999,Mid-Market
LEAD_001518,ACC_00338,Paid Social,Paid Social Retargeting,Paid Social,2024-03-17,Lead,100-999,Mid-Market
LEAD_001519,ACC_00495,Referral,Customer Referral,Referral,2024-08-21,Lead,100-999,Mid-Market
LEAD_001520,ACC_00150,Paid Social,LinkedIn Demand Gen,Paid Social,2025-11-18,MQL,1-99,SMB
LEAD_001521,ACC_00150,Events,Webinar,Events,2025-05-31,MQL,1-99,SMB
LEAD_001522,ACC_00904,Paid Social,Paid Social Retargeting,Paid Social,2024-04-13,SQL,100-999,Mid-Market
LEAD_001523,ACC_00415,Paid Search,Search - Nonbrand,Paid Search,2024-07-28,MQL,1-99,SMB
LEAD_001524,ACC_00682,Partner,Reseller,Partner,2024-07-08,Lead,1-99,SMB
LEAD_001525,ACC_00776,Organic,Product Blog,Organic,2024-07-24,MQL,1000+,Enterprise
LEAD_001526,ACC_00748,Organic,Content Hub,Organic,2025-05-20,Lead,1-99,SMB
LEAD_001527,ACC_00753,Paid Search,Search - Nonbrand,Paid Search,2025-10-16,SQL,1-99,SMB
LEAD_001528,ACC_01171,Organic,Content Hub,Organic,2025-06-03,Lead,1-99,SMB
LEAD_001529,ACC_00757,Paid Search,Search - Brand,Paid Search,2024-12-23,MQL,1-99,SMB
LEAD_001530,ACC_00418,Referral,Customer Referral,Referral,2024-04-27,MQL,100-999,Mid-Market
LEAD_001531,ACC_00342,Paid Search,Search - Nonbrand,Paid Search,2024-04-14,Converted,1000+,Enterprise
LEAD_001532,ACC_00961,Events,Webinar,Events,2025-08-18,Lead,100-999,Mid-Market
LEAD_001533,ACC_00507,Partner,Cloud Partner,Partner,2025-05-10,Lead,1-99,SMB
LEAD_001534,ACC_00671,Organic,Content Hub,Organic,2025-01-08,Converted,1-99,SMB
LEAD_001535,ACC_00978,Organic,Product Blog,Organic,2025-02-25,MQL,1-99,SMB
LEAD_001536,ACC_00283,Referral,Employee Referral,Referral,2025-09-12,MQL,1-99,SMB
LEAD_001537,ACC_00267,Partner,Technology Partner,Partner,2025-08-17,SQL,1-99,SMB
LEAD_001538,ACC_00064,Referral,Employee Referral,Referral,2024-03-04,Converted,100-999,Mid-Market
LEAD_001539,ACC_00087,Paid Search,Search - Brand,Paid Search,2024-10-15,Lead,100-999,Mid-Market
LEAD_001540,ACC_00740,Outbound,SDR Outbound,Outbound,2024-02-01,Converted,1-99,SMB
LEAD_001541,ACC_00605,Outbound,Named Account Outreach,Outbound,2024-10-08,MQL,1000+,Enterprise
LEAD_001542,ACC_00358,Referral,Customer Referral,Referral,2025-04-10,Converted,100-999,Mid-Market
LEAD_001543,ACC_00254,Organic,SEO,Organic,2024-06-01,Lead,1-99,SMB
LEAD_001544,ACC_00835,Referral,Customer Referral,Referral,2024-04-19,Lead,100-999,Mid-Market
LEAD_001545,ACC_00103,Paid Search,Search - Nonbrand,Paid Search,2024-12-24,Lead,1-99,SMB
LEAD_001546,ACC_00841,Events,Industry Conference,Events,2025-01-18,SQL,1-99,SMB
LEAD_001547,ACC_01086,Partner,Cloud Partner,Partner,2025-06-06,Converted,100-999,Mid-Market
LEAD_001548,ACC_00547,Partner,Reseller,Partner,2024-01-11,Lead,1-99,SMB
LEAD_001549,ACC_00594,Paid Search,Search - Nonbrand,Paid Search,2024-06-30,Lead,100-999,Mid-Market
LEAD_001550,ACC_00644,Events,Webinar,Events,2025-07-24,Lead,1-99,SMB
LEAD_001551,ACC_00115,Paid Search,Search - Brand,Paid Search,2025-05-13,Lead,1-99,SMB
LEAD_001552,ACC_00752,Paid Social,LinkedIn ABM,Paid Social,2025-10-19,SQL,1-99,SMB
LEAD_001553,ACC_00439,Partner,Reseller,Partner,2025-08-18,Lead,100-999,Mid-Market
LEAD_001554,,Outbound,Named Account Outreach,Outbound,2025-09-05,Converted,1000+,Enterprise
LEAD_001555,ACC_00028,Paid Social,LinkedIn ABM,Paid Social,2025-01-08,Converted,1-99,SMB
LEAD_001556,,Outbound,SDR Outbound,Outbound,2025-12-01,Lead,1-99,SMB
LEAD_001557,ACC_00401,Paid Social,LinkedIn Demand Gen,Paid Social,2024-10-31,MQL,1-99,SMB
LEAD_001558,ACC_00092,Partner,Technology Partner,Partner,2025-10-22,Converted,100-999,Mid-Market
LEAD_001559,ACC_00939,Outbound,SDR Outbound,Outbound,2024-10-13,SQL,1000+,Enterprise
LEAD_001560,ACC_01176,Outbound,Named Account Outreach,Outbound,2024-11-20,MQL,100-999,Mid-Market
LEAD_001561,ACC_00624,Events,Industry Conference,Events,2025-05-16,Lead,1-99,SMB
LEAD_001562,ACC_00041,Partner,Reseller,Partner,2024-10-18,Lead,1-99,SMB
LEAD_001563,ACC_01191,Organic,Product Blog,Organic,2024-04-17,SQL,1-99,SMB
LEAD_001564,ACC_00250,Outbound,SDR Outbound,Outbound,2025-10-17,Lead,1-99,SMB
LEAD_001565,ACC_00289,Organic,Content Hub,Organic,2024-11-27,MQL,100-999,Mid-Market
LEAD_001566,ACC_00850,Organic,SEO,Organic,2025-11-08,Converted,1000+,Enterprise
LEAD_001567,ACC_00399,Events,Webinar,Events,2024-10-18,Lead,1-99,SMB
LEAD_001568,ACC_00102,Paid Social,LinkedIn ABM,Paid Social,2025-12-12,Lead,100-999,Mid-Market
LEAD_001569,ACC_00820,Paid Social,LinkedIn Demand Gen,Paid Social,2025-03-16,Lead,1-99,SMB
LEAD_001570,ACC_00315,Referral,Employee Referral,Referral,2025-07-15,SQL,1-99,SMB
LEAD_001571,ACC_01034,Paid Search,Search - Competitor,Paid Search,2025-07-06,Lead,1000+,Enterprise
LEAD_001572,ACC_00185,Organic,Content Hub,Organic,2024-05-27,Lead,100-999,Mid-Market
LEAD_001573,ACC_01088,Organic,Product Blog,Organic,2025-08-19,Converted,100-999,Mid-Market
LEAD_001574,ACC_00869,Paid Search,Search - Competitor,Paid Search,2025-11-21,MQL,1-99,SMB
LEAD_001575,ACC_00288,Outbound,Named Account Outreach,Outbound,2025-04-28,MQL,1-99,SMB
LEAD_001576,ACC_00695,Outbound,Named Account Outreach,Outbound,2025-11-23,SQL,1000+,Enterprise
LEAD_001577,ACC_01127,Partner,Cloud Partner,Partner,2025-09-10,Lead,100-999,Mid-Market
LEAD_001578,ACC_00078,Paid Search,Search - Nonbrand,Paid Search,2025-05-01,Converted,100-999,Mid-Market
LEAD_001579,ACC_00984,Paid Social,LinkedIn ABM,Paid Social,2024-12-14,SQL,1-99,SMB
LEAD_001580,ACC_00553,Organic,Content Hub,Organic,2025-09-18,Lead,1-99,SMB
LEAD_001581,ACC_01139,Outbound,SDR Outbound,Outbound,2024-05-15,Lead,1-99,SMB
LEAD_001582,ACC_00251,Partner,Technology Partner,Partner,2025-02-14,Lead,100-999,Mid-Market
LEAD_001583,ACC_00864,Organic,Content Hub,Organic,2025-08-19,MQL,100-999,Mid-Market
LEAD_001584,ACC_01162,Events,Executive Roundtable,Events,2025-11-21,MQL,100-999,Mid-Market
LEAD_001585,ACC_00413,Outbound,Named Account Outreach,Outbound,2024-07-14,MQL,1-99,SMB
LEAD_001586,ACC_00130,Paid Search,Search - Brand,Paid Search,2024-03-09,Converted,100-999,Mid-Market
LEAD_001587,ACC_00471,Partner,Reseller,Partner,2024-08-31,MQL,1-99,SMB
LEAD_001588,ACC_00718,Partner,Cloud Partner,Partner,2025-09-23,SQL,1-99,SMB
LEAD_001589,ACC_00757,Organic,SEO,Organic,2025-01-17,MQL,1-99,SMB
LEAD_001590,ACC_00579,Organic,Content Hub,Organic,2024-02-10,SQL,1000+,Enterprise
LEAD_001591,ACC_01120,Outbound,Named Account Outreach,Outbound,2024-03-28,Lead,1000+,Enterprise
LEAD_001592,ACC_00694,Referral,Customer Referral,Referral,2024-09-04,MQL,1-99,SMB
LEAD_001593,ACC_00769,Partner,Reseller,Partner,2024-09-07,MQL,1-99,SMB
LEAD_001594,ACC_01148,Partner,Reseller,Partner,2024-04-08,Lead,100-999,Mid-Market
LEAD_001595,ACC_01128,Partner,Technology Partner,Partner,2024-12-27,SQL,100-999,Mid-Market
LEAD_001596,ACC_00410,Paid Social,LinkedIn Demand Gen,Paid Social,2024-12-16,MQL,1000+,Enterprise
LEAD_001597,ACC_00344,Organic,SEO,Organic,2024-05-25,Lead,100-999,Mid-Market
LEAD_001598,ACC_00899,Paid Search,Search - Nonbrand,Paid Search,2024-06-18,SQL,1-99,SMB
LEAD_001599,ACC_00631,Referral,Customer Referral,Referral,2025-04-30,Lead,1000+,Enterprise
LEAD_001600,ACC_00537,Events,Industry Conference,Events,2025-11-26,MQL,100-999,Mid-Market
LEAD_001601,ACC_00838,Referral,Customer Referral,Referral,2025-12-29,MQL,1000+,Enterprise
LEAD_001602,ACC_00793,Organic,Product Blog,Organic,2025-02-12,Lead,1-99,SMB
LEAD_001603,ACC_01097,Paid Social,Paid Social Retargeting,Paid Social,2024-01-29,Lead,1-99,SMB
LEAD_001604,ACC_00439,Partner,Cloud Partner,Partner,2025-10-18,Lead,100-999,Mid-Market
LEAD_001605,ACC_00905,Organic,Content Hub,Organic,2025-11-25,Lead,1000+,Enterprise
LEAD_001606,ACC_00273,Organic,Content Hub,Organic,2024-07-22,MQL,1-99,SMB
LEAD_001607,ACC_01125,Outbound,SDR Outbound,Outbound,2024-10-19,Lead,1-99,SMB
LEAD_001608,ACC_00101,Outbound,SDR Outbound,Outbound,2024-01-19,Converted,1000+,Enterprise
LEAD_001609,ACC_00901,Partner,Cloud Partner,Partner,2025-08-08,Lead,1-99,SMB
LEAD_001610,ACC_00123,Paid Search,Search - Brand,Paid Search,2025-07-21,Lead,1-99,SMB
LEAD_001611,ACC_01057,Paid Social,LinkedIn Demand Gen,Paid Social,2024-01-16,Converted,1000+,Enterprise
LEAD_001612,ACC_01152,Organic,SEO,Organic,2025-05-28,SQL,1000+,Enterprise
LEAD_001613,ACC_00982,Organic,SEO,Organic,2024-10-28,MQL,100-999,Mid-Market
LEAD_001614,ACC_00947,Paid Social,Paid Social Retargeting,Paid Social,2025-02-02,MQL,100-999,Mid-Market
LEAD_001615,ACC_00574,Paid Search,Search - Brand,Paid Search,2024-06-08,SQL,100-999,Mid-Market
LEAD_001616,ACC_00294,Referral,Customer Referral,Referral,2025-08-19,Lead,1-99,SMB
LEAD_001617,ACC_01183,Paid Social,LinkedIn ABM,Paid Social,2024-10-22,Lead,1-99,SMB
LEAD_001618,ACC_00635,Organic,Product Blog,Organic,2025-09-06,Converted,1-99,SMB
LEAD_001619,ACC_00980,Organic,Content Hub,Organic,2024-04-18,Lead,1-99,SMB
LEAD_001620,ACC_00858,Outbound,Named Account Outreach,Outbound,2025-03-05,MQL,1000+,Enterprise
LEAD_001621,ACC_00842,Organic,Product Blog,Organic,2024-08-14,MQL,100-999,Mid-Market
LEAD_001622,ACC_00424,Organic,Product Blog,Organic,2025-12-07,MQL,1-99,SMB
LEAD_001623,ACC_00513,Paid Social,LinkedIn Demand Gen,Paid Social,2025-02-11,SQL,1-99,SMB
LEAD_001624,ACC_00528,Paid Search,Search - Competitor,Paid Search,2025-06-10,Converted,1000+,Enterprise
LEAD_001625,ACC_00723,Partner,Technology Partner,Partner,2024-03-04,Lead,1-99,SMB
LEAD_001626,ACC_00863,Paid Social,Paid Social Retargeting,Paid Social,2025-05-09,MQL,100-999,Mid-Market
LEAD_001627,ACC_00239,Organic,Product Blog,Organic,2024-03-14,MQL,1-99,SMB
LEAD_001628,ACC_00273,Outbound,Named Account Outreach,Outbound,2024-09-21,Lead,1-99,SMB
LEAD_001629,ACC_00059,Paid Social,Paid Social Retargeting,Paid Social,2024-06-11,Converted,1-99,SMB
LEAD_001630,ACC_00632,Partner,Reseller,Partner,2024-01-02,SQL,1000+,Enterprise
LEAD_001631,ACC_00803,Organic,SEO,Organic,2025-03-04,Lead,1000+,Enterprise
LEAD_001632,ACC_00253,Partner,Reseller,Partner,2024-06-25,SQL,1-99,SMB
LEAD_001633,ACC_00855,Paid Search,Search - Brand,Paid Search,2025-01-09,Converted,1-99,SMB
LEAD_001634,ACC_00004,Paid Social,LinkedIn Demand Gen,Paid Social,2025-07-12,Lead,100-999,Mid-Market
LEAD_001635,ACC_01040,Paid Search,Search - Nonbrand,Paid Search,2024-05-10,SQL,1-99,SMB
LEAD_001636,ACC_00829,Referral,Employee Referral,Referral,2025-06-02,Lead,1000+,Enterprise
LEAD_001637,ACC_00820,Paid Search,Search - Nonbrand,Paid Search,2024-08-05,Lead,1-99,SMB
LEAD_001638,ACC_00849,Referral,Customer Referral,Referral,2024-08-29,Lead,1-99,SMB
LEAD_001639,ACC_00431,Referral,Employee Referral,Referral,2025-02-25,Converted,1000+,Enterprise
LEAD_001640,ACC_01195,Paid Social,Paid Social Retargeting,Paid Social,2025-04-02,Lead,1000+,Enterprise
LEAD_001641,ACC_00896,Paid Search,Search - Brand,Paid Search,2025-04-24,Lead,1000+,Enterprise
LEAD_001642,ACC_00218,Paid Search,Search - Nonbrand,Paid Search,2024-05-22,SQL,1-99,SMB
LEAD_001643,ACC_01107,Referral,Employee Referral,Referral,2025-02-27,Lead,1-99,SMB
LEAD_001644,ACC_00888,Partner,Reseller,Partner,2024-07-11,Lead,1-99,SMB
LEAD_001645,ACC_00374,Partner,Cloud Partner,Partner,2024-07-21,Lead,1-99,SMB
LEAD_001646,ACC_01138,Organic,SEO,Organic,2025-11-23,SQL,1-99,SMB
LEAD_001647,ACC_00299,Events,Webinar,Events,2024-03-14,MQL,100-999,Mid-Market
LEAD_001648,ACC_00774,Organic,Content Hub,Organic,2024-10-29,Converted,1000+,Enterprise
LEAD_001649,ACC_00805,Organic,SEO,Organic,2024-11-17,Lead,1-99,SMB
LEAD_001650,ACC_01156,Paid Search,Search - Competitor,Paid Search,2024-06-28,MQL,1-99,SMB
LEAD_001651,ACC_00685,Paid Social,LinkedIn ABM,Paid Social,2025-07-28,SQL,100-999,Mid-Market
LEAD_001652,ACC_01194,Referral,Employee Referral,Referral,2024-12-22,Lead,1000+,Enterprise
LEAD_001653,ACC_00342,Events,Webinar,Events,2025-06-09,Lead,1000+,Enterprise
LEAD_001654,ACC_00962,Organic,Product Blog,Organic,2024-10-09,Lead,1-99,SMB
LEAD_001655,ACC_00295,Paid Search,Search - Competitor,Paid Search,2025-10-17,Lead,1000+,Enterprise
LEAD_001656,ACC_01200,Outbound,SDR Outbound,Outbound,2025-06-17,Lead,100-999,Mid-Market
LEAD_001657,ACC_00917,Paid Social,LinkedIn Demand Gen,Paid Social,2024-08-31,Converted,1-99,SMB
LEAD_001658,ACC_00751,Organic,Product Blog,Organic,2025-12-04,MQL,1-99,SMB
LEAD_001659,ACC_00080,Paid Search,Search - Competitor,Paid Search,2025-09-24,MQL,100-999,Mid-Market
LEAD_001660,ACC_00597,Partner,Cloud Partner,Partner,2025-03-08,Lead,100-999,Mid-Market
LEAD_001661,ACC_00173,Referral,Employee Referral,Referral,2024-01-13,MQL,1-99,SMB
LEAD_001662,ACC_01102,Outbound,Named Account Outreach,Outbound,2025-03-08,MQL,1-99,SMB
LEAD_001663,ACC_00455,Organic,Product Blog,Organic,2025-05-20,Converted,1-99,SMB
LEAD_001664,ACC_00998,Outbound,SDR Outbound,Outbound,2024-09-23,Lead,1-99,SMB
LEAD_001665,ACC_01088,Paid Search,Search - Brand,Paid Search,2024-04-15,SQL,100-999,Mid-Market
LEAD_001666,ACC_00133,Events,Webinar,Events,2025-02-16,Lead,100-999,Mid-Market
LEAD_001667,ACC_00912,Paid Search,Search - Brand,Paid Search,2025-08-08,SQL,1000+,Enterprise
LEAD_001668,ACC_00364,Organic,Content Hub,Organic,2024-08-21,Converted,1-99,SMB
LEAD_001669,ACC_00131,Paid Social,Paid Social Retargeting,Paid Social,2024-11-29,MQL,1-99,SMB
LEAD_001670,ACC_00313,Paid Search,Search - Brand,Paid Search,2024-01-01,MQL,1-99,SMB
LEAD_001671,ACC_00660,Paid Search,Search - Competitor,Paid Search,2025-05-29,SQL,1-99,SMB
LEAD_001672,ACC_01027,Partner,Technology Partner,Partner,2025-09-25,Converted,1000+,Enterprise
LEAD_001673,ACC_00830,Outbound,SDR Outbound,Outbound,2025-07-21,Lead,1-99,SMB
LEAD_001674,ACC_00280,Events,Industry Conference,Events,2024-11-09,Lead,1000+,Enterprise
LEAD_001675,ACC_00356,Paid Search,Search - Brand,Paid Search,2024-02-02,MQL,100-999,Mid-Market
LEAD_001676,ACC_00365,Organic,Product Blog,Organic,2024-12-25,Converted,100-999,Mid-Market
LEAD_001677,ACC_00884,Paid Social,LinkedIn Demand Gen,Paid Social,2025-11-18,MQL,1-99,SMB
LEAD_001678,ACC_00623,Paid Social,LinkedIn Demand Gen,Paid Social,2024-03-02,Lead,1000+,Enterprise
LEAD_001679,ACC_00029,Organic,Product Blog,Organic,2024-06-05,MQL,1-99,SMB
LEAD_001680,ACC_00092,Referral,Customer Referral,Referral,2025-09-03,Lead,100-999,Mid-Market
LEAD_001681,ACC_00091,Referral,Employee Referral,Referral,2025-02-19,Lead,1-99,SMB
LEAD_001682,ACC_01154,Organic,Content Hub,Organic,2024-05-04,Lead,1-99,SMB
LEAD_001683,ACC_00606,Events,Webinar,Events,2024-01-18,Lead,100-999,Mid-Market
LEAD_001684,ACC_00590,Partner,Reseller,Partner,2024-10-27,SQL,1-99,SMB
LEAD_001685,ACC_00914,Paid Search,Search - Nonbrand,Paid Search,2025-03-10,MQL,1000+,Enterprise
LEAD_001686,ACC_00229,Partner,Reseller,Partner,2025-09-06,Lead,100-999,Mid-Market
LEAD_001687,ACC_00038,Organic,Product Blog,Organic,2025-10-08,MQL,1-99,SMB
LEAD_001688,ACC_00325,Organic,Product Blog,Organic,2024-11-30,Lead,1000+,Enterprise
LEAD_001689,ACC_00251,Referral,Customer Referral,Referral,2024-11-04,Lead,100-999,Mid-Market
LEAD_001690,ACC_00958,Partner,Technology Partner,Partner,2025-11-11,Lead,100-999,Mid-Market
LEAD_001691,ACC_00983,Paid Search,Search - Competitor,Paid Search,2025-07-21,Lead,100-999,Mid-Market
LEAD_001692,ACC_00761,Paid Social,LinkedIn Demand Gen,Paid Social,2024-06-02,MQL,100-999,Mid-Market
LEAD_001693,ACC_01092,Referral,Customer Referral,Referral,2025-05-13,Lead,100-999,Mid-Market
LEAD_001694,ACC_00558,Paid Social,LinkedIn Demand Gen,Paid Social,2025-06-06,Lead,100-999,Mid-Market
LEAD_001695,ACC_00289,Referral,Customer Referral,Referral,2024-06-19,Lead,100-999,Mid-Market
LEAD_001696,ACC_00398,Events,Executive Roundtable,Events,2025-12-15,Lead,1-99,SMB
LEAD_001697,ACC_00170,Paid Search,Search - Competitor,Paid Search,2024-08-04,Lead,1000+,Enterprise
LEAD_001698,ACC_01081,Outbound,Named Account Outreach,Outbound,2025-02-05,Lead,1-99,SMB
LEAD_001699,ACC_00726,Outbound,Named Account Outreach,Outbound,2024-12-26,Lead,1-99,SMB
LEAD_001700,ACC_00928,Outbound,Named Account Outreach,Outbound,2025-05-20,MQL,1000+,Enterprise
LEAD_001701,ACC_00338,Paid Search,Search - Competitor,Paid Search,2025-10-21,SQL,100-999,Mid-Market
LEAD_001702,ACC_00862,Organic,Product Blog,Organic,2024-10-14,Lead,100-999,Mid-Market
LEAD_001703,ACC_00397,Organic,Product Blog,Organic,2024-10-08,Lead,1000+,Enterprise
LEAD_001704,ACC_00536,Partner,Cloud Partner,Partner,2025-07-03,MQL,1-99,SMB
LEAD_001705,ACC_00783,Outbound,Named Account Outreach,Outbound,2025-11-27,Lead,1-99,SMB
LEAD_001706,ACC_01178,Outbound,SDR Outbound,Outbound,2025-10-26,SQL,1-99,SMB
LEAD_001707,ACC_00670,Partner,Technology Partner,Partner,2025-07-04,Lead,1-99,SMB
LEAD_001708,ACC_00853,Organic,Product Blog,Organic,2025-05-28,MQL,1000+,Enterprise
LEAD_001709,ACC_00714,Organic,SEO,Organic,2025-07-15,Converted,1000+,Enterprise
LEAD_001710,ACC_00509,Outbound,Named Account Outreach,Outbound,2025-11-15,Lead,100-999,Mid-Market
LEAD_001711,ACC_01120,Partner,Reseller,Partner,2024-01-08,Lead,1000+,Enterprise
LEAD_001712,ACC_01153,Outbound,Named Account Outreach,Outbound,2025-03-06,MQL,1-99,SMB
LEAD_001713,ACC_00373,Organic,SEO,Organic,2024-01-25,Converted,1-99,SMB
LEAD_001714,ACC_01075,Paid Social,Paid Social Retargeting,Paid Social,2025-02-25,MQL,1000+,Enterprise
LEAD_001715,ACC_00542,Referral,Customer Referral,Referral,2024-10-15,MQL,100-999,Mid-Market
LEAD_001716,ACC_00888,Organic,Content Hub,Organic,2024-08-10,Lead,1-99,SMB
LEAD_001717,ACC_00621,Organic,Product Blog,Organic,2025-10-13,MQL,100-999,Mid-Market
LEAD_001718,ACC_00921,Partner,Reseller,Partner,2025-06-02,Lead,1-99,SMB
LEAD_001719,ACC_01046,Partner,Technology Partner,Partner,2025-02-18,MQL,1-99,SMB
LEAD_001720,ACC_00509,Referral,Employee Referral,Referral,2025-10-06,Lead,100-999,Mid-Market
LEAD_001721,ACC_00841,Referral,Customer Referral,Referral,2024-03-12,MQL,1-99,SMB
LEAD_001722,ACC_00609,Outbound,SDR Outbound,Outbound,2025-04-17,Lead,100-999,Mid-Market
LEAD_001723,ACC_00959,Organic,Product Blog,Organic,2024-04-24,MQL,100-999,Mid-Market
LEAD_001724,ACC_00230,Paid Social,Paid Social Retargeting,Paid Social,2024-06-19,SQL,1-99,SMB
LEAD_001725,ACC_00875,Referral,Employee Referral,Referral,2024-05-15,SQL,100-999,Mid-Market
LEAD_001726,ACC_00715,Paid Social,Paid Social Retargeting,Paid Social,2025-02-01,Converted,100-999,Mid-Market
LEAD_001727,ACC_00542,Referral,Employee Referral,Referral,2025-04-04,MQL,100-999,Mid-Market
LEAD_001728,ACC_00444,Partner,Cloud Partner,Partner,2025-07-06,MQL,1-99,SMB
LEAD_001729,ACC_00843,Organic,Content Hub,Organic,2024-11-18,Lead,100-999,Mid-Market
LEAD_001730,ACC_00417,Paid Social,LinkedIn Demand Gen,Paid Social,2025-11-17,Converted,1-99,SMB
LEAD_001731,ACC_00040,Outbound,SDR Outbound,Outbound,2024-09-30,MQL,100-999,Mid-Market
LEAD_001732,ACC_01138,Organic,SEO,Organic,2024-04-24,Lead,1-99,SMB
LEAD_001733,ACC_00538,Paid Search,Search - Nonbrand,Paid Search,2024-01-27,Lead,1-99,SMB
LEAD_001734,ACC_00198,Outbound,Named Account Outreach,Outbound,2024-04-03,SQL,1000+,Enterprise
LEAD_001735,ACC_00271,Organic,SEO,Organic,2024-11-21,SQL,1-99,SMB
LEAD_001736,ACC_00996,Paid Search,Search - Brand,Paid Search,2024-10-28,SQL,1-99,SMB
LEAD_001737,ACC_00398,Outbound,SDR Outbound,Outbound,2025-09-16,MQL,1-99,SMB
LEAD_001738,ACC_00338,Outbound,SDR Outbound,Outbound,2024-04-01,Lead,100-999,Mid-Market
LEAD_001739,ACC_00585,Paid Social,LinkedIn ABM,Paid Social,2024-07-10,Converted,1000+,Enterprise
LEAD_001740,ACC_00035,Referral,Employee Referral,Referral,2025-12-17,MQL,1-99,SMB
LEAD_001741,ACC_00673,Referral,Customer Referral,Referral,2024-01-21,MQL,1000+,Enterprise
LEAD_001742,ACC_00049,Paid Social,Paid Social Retargeting,Paid Social,2024-11-06,MQL,100-999,Mid-Market
LEAD_001743,ACC_01003,Organic,Product Blog,Organic,2024-05-24,MQL,1-99,SMB
LEAD_001744,ACC_00516,Outbound,SDR Outbound,Outbound,2025-01-25,MQL,1-99,SMB
LEAD_001745,ACC_00262,Paid Search,Search - Competitor,Paid Search,2025-12-12,MQL,1000+,Enterprise
LEAD_001746,ACC_00546,Events,Webinar,Events,2024-06-15,SQL,1-99,SMB
LEAD_001747,ACC_00211,Partner,Technology Partner,Partner,2024-09-27,SQL,100-999,Mid-Market
LEAD_001748,ACC_00385,Paid Search,Search - Brand,Paid Search,2024-11-24,Lead,1-99,SMB
LEAD_001749,ACC_00157,Partner,Technology Partner,Partner,2025-08-06,Lead,1-99,SMB
LEAD_001750,ACC_00803,Paid Social,LinkedIn Demand Gen,Paid Social,2025-12-20,SQL,1000+,Enterprise
LEAD_001751,ACC_01172,Referral,Customer Referral,Referral,2024-03-11,MQL,100-999,Mid-Market
LEAD_001752,ACC_00583,Organic,SEO,Organic,2024-12-23,MQL,1-99,SMB
LEAD_001753,ACC_00119,Referral,Customer Referral,Referral,2025-07-04,Converted,1-99,SMB
LEAD_001754,ACC_00089,Organic,Product Blog,Organic,2024-01-07,Lead,1-99,SMB
LEAD_001755,ACC_00999,Outbound,SDR Outbound,Outbound,2025-08-12,Lead,1000+,Enterprise
LEAD_001756,ACC_00418,Referral,Employee Referral,Referral,2024-06-26,SQL,100-999,Mid-Market
LEAD_001757,ACC_00356,Paid Search,Search - Brand,Paid Search,2025-01-13,Converted,100-999,Mid-Market
LEAD_001758,ACC_00123,Organic,Content Hub,Organic,2025-12-16,Lead,1-99,SMB
LEAD_001759,ACC_00797,Events,Webinar,Events,2025-04-09,Lead,1-99,SMB
LEAD_001760,ACC_00076,Events,Executive Roundtable,Events,2025-12-24,Lead,1-99,SMB
LEAD_001761,ACC_01085,Paid Search,Search - Competitor,Paid Search,2025-03-17,MQL,1000+,Enterprise
LEAD_001762,ACC_00250,Paid Social,LinkedIn ABM,Paid Social,2024-06-02,MQL,1-99,SMB
LEAD_001763,ACC_00083,Events,Webinar,Events,2025-05-21,Lead,100-999,Mid-Market
LEAD_001764,ACC_00841,Organic,Product Blog,Organic,2025-03-25,Lead,1-99,SMB
LEAD_001765,ACC_00426,Partner,Reseller,Partner,2024-08-15,MQL,100-999,Mid-Market
LEAD_001766,ACC_00836,Paid Social,Paid Social Retargeting,Paid Social,2024-02-26,MQL,100-999,Mid-Market
LEAD_001767,ACC_00048,Organic,Content Hub,Organic,2025-04-18,MQL,1-99,SMB
LEAD_001768,ACC_01034,Events,Industry Conference,Events,2025-02-26,MQL,1000+,Enterprise
LEAD_001769,ACC_00372,Paid Search,Search - Competitor,Paid Search,2025-07-19,Lead,1-99,SMB
LEAD_001770,ACC_00908,Referral,Customer Referral,Referral,2024-04-02,Lead,1-99,SMB
LEAD_001771,ACC_01123,Partner,Reseller,Partner,2025-01-28,Converted,1000+,Enterprise
LEAD_001772,ACC_00643,Paid Social,LinkedIn Demand Gen,Paid Social,2025-08-21,Lead,1-99,SMB
LEAD_001773,ACC_00401,Paid Social,LinkedIn ABM,Paid Social,2025-10-13,MQL,1-99,SMB
LEAD_001774,ACC_00376,Paid Social,LinkedIn Demand Gen,Paid Social,2025-11-17,MQL,1-99,SMB
LEAD_001775,ACC_00824,Events,Executive Roundtable,Events,2024-06-03,SQL,100-999,Mid-Market
LEAD_001776,ACC_00007,Outbound,Named Account Outreach,Outbound,2024-05-06,Lead,100-999,Mid-Market
LEAD_001777,ACC_00177,Outbound,Named Account Outreach,Outbound,2025-02-25,Lead,1-99,SMB
LEAD_001778,ACC_00777,Paid Social,LinkedIn Demand Gen,Paid Social,2024-12-04,SQL,100-999,Mid-Market
LEAD_001779,ACC_00031,Paid Search,Search - Nonbrand,Paid Search,2024-06-20,Lead,100-999,Mid-Market
LEAD_001780,ACC_00348,Organic,Product Blog,Organic,2024-03-15,MQL,1-99,SMB
LEAD_001781,ACC_00778,Outbound,Named Account Outreach,Outbound,2024-04-14,Lead,1-99,SMB
LEAD_001782,ACC_00301,Paid Social,LinkedIn ABM,Paid Social,2024-09-04,Converted,100-999,Mid-Market
LEAD_001783,ACC_01117,Paid Social,LinkedIn ABM,Paid Social,2025-06-24,SQL,1-99,SMB
LEAD_001784,ACC_01170,Paid Social,Paid Social Retargeting,Paid Social,2024-02-17,Lead,1-99,SMB
LEAD_001785,ACC_00041,Paid Social,LinkedIn ABM,Paid Social,2024-03-17,SQL,1-99,SMB
LEAD_001786,ACC_00210,Outbound,Named Account Outreach,Outbound,2024-07-12,MQL,100-999,Mid-Market
LEAD_001787,ACC_01089,Partner,Cloud Partner,Partner,2025-09-30,MQL,100-999,Mid-Market
LEAD_001788,ACC_00039,Referral,Employee Referral,Referral,2025-12-24,Lead,1-99,SMB
LEAD_001789,ACC_00584,Organic,Content Hub,Organic,2024-11-17,Lead,1-99,SMB
LEAD_001790,ACC_01140,Partner,Technology Partner,Partner,2024-02-02,MQL,100-999,Mid-Market
LEAD_001791,ACC_00707,Organic,SEO,Organic,2024-01-09,Lead,100-999,Mid-Market
LEAD_001792,ACC_00368,Events,Executive Roundtable,Events,2025-09-19,SQL,100-999,Mid-Market
LEAD_001793,ACC_00008,Partner,Technology Partner,Partner,2024-11-21,Lead,100-999,Mid-Market
LEAD_001794,ACC_00473,Paid Social,LinkedIn ABM,Paid Social,2024-02-26,MQL,1-99,SMB
LEAD_001795,ACC_00651,Events,Webinar,Events,2025-09-01,Lead,1-99,SMB
LEAD_001796,ACC_00098,Paid Social,LinkedIn ABM,Paid Social,2025-01-21,MQL,1-99,SMB
LEAD_001797,ACC_00634,Paid Search,Search - Brand,Paid Search,2024-09-12,Lead,1-99,SMB
LEAD_001798,ACC_00485,Paid Social,LinkedIn Demand Gen,Paid Social,2024-11-26,Lead,1-99,SMB
LEAD_001799,ACC_00391,Organic,Content Hub,Organic,2024-06-13,Lead,100-999,Mid-Market
LEAD_001800,ACC_01167,Referral,Customer Referral,Referral,2025-11-11,MQL,1000+,Enterprise
LEAD_001801,ACC_01073,Outbound,Named Account Outreach,Outbound,2025-07-29,Lead,1-99,SMB
LEAD_001802,ACC_00833,Outbound,SDR Outbound,Outbound,2024-05-25,SQL,1-99,SMB
LEAD_001803,ACC_00710,Events,Industry Conference,Events,2025-06-21,Lead,1-99,SMB
LEAD_001804,ACC_00569,Events,Webinar,Events,2024-05-11,MQL,1-99,SMB
LEAD_001805,ACC_00085,Paid Social,LinkedIn Demand Gen,Paid Social,2024-11-27,MQL,1-99,SMB
LEAD_001806,ACC_00369,Organic,SEO,Organic,2025-07-01,Lead,1-99,SMB
LEAD_001807,ACC_00013,Paid Search,Search - Nonbrand,Paid Search,2024-01-27,Lead,100-999,Mid-Market
LEAD_001808,ACC_00440,Referral,Customer Referral,Referral,2025-06-14,Lead,100-999,Mid-Market
LEAD_001809,ACC_00569,Referral,Employee Referral,Referral,2024-06-14,MQL,1-99,SMB
LEAD_001810,ACC_00734,Outbound,Named Account Outreach,Outbound,2025-05-26,Converted,1-99,SMB
LEAD_001811,ACC_00426,Organic,SEO,Organic,2024-12-30,Lead,100-999,Mid-Market
LEAD_001812,ACC_00306,Organic,Content Hub,Organic,2024-01-20,MQL,1-99,SMB
LEAD_001813,ACC_00853,Events,Industry Conference,Events,2025-07-10,MQL,1000+,Enterprise
LEAD_001814,ACC_00183,Organic,Content Hub,Organic,2024-07-09,MQL,100-999,Mid-Market
LEAD_001815,ACC_00151,Partner,Cloud Partner,Partner,2025-11-27,SQL,1000+,Enterprise
LEAD_001816,ACC_00836,Paid Search,Search - Brand,Paid Search,2025-09-05,Converted,100-999,Mid-Market
LEAD_001817,ACC_00704,Paid Search,Search - Nonbrand,Paid Search,2024-05-20,MQL,1000+,Enterprise
LEAD_001818,ACC_01044,Outbound,SDR Outbound,Outbound,2025-03-15,SQL,100-999,Mid-Market
LEAD_001819,ACC_00887,Referral,Employee Referral,Referral,2024-09-21,Lead,1-99,SMB
LEAD_001820,ACC_01082,Outbound,SDR Outbound,Outbound,2025-03-16,Converted,1000+,Enterprise
LEAD_001821,ACC_00798,Paid Social,LinkedIn ABM,Paid Social,2025-02-11,Converted,1-99,SMB
LEAD_001822,ACC_01010,Paid Social,LinkedIn ABM,Paid Social,2024-08-04,Converted,1-99,SMB
LEAD_001823,ACC_00203,Referral,Employee Referral,Referral,2025-04-21,Lead,100-999,Mid-Market
LEAD_001824,ACC_00637,Partner,Reseller,Partner,2024-07-09,SQL,100-999,Mid-Market
LEAD_001825,ACC_01134,Paid Social,Paid Social Retargeting,Paid Social,2025-10-25,Lead,100-999,Mid-Market
LEAD_001826,ACC_00947,Outbound,SDR Outbound,Outbound,2025-11-22,MQL,100-999,Mid-Market
LEAD_001827,ACC_00484,Paid Search,Search - Competitor,Paid Search,2024-05-01,Lead,1-99,SMB
LEAD_001828,ACC_01112,Organic,Content Hub,Organic,2025-06-15,MQL,1-99,SMB
LEAD_001829,ACC_00376,Events,Webinar,Events,2025-11-10,Lead,1-99,SMB
LEAD_001830,ACC_00029,Partner,Technology Partner,Partner,2024-04-02,Lead,1-99,SMB
LEAD_001831,ACC_00956,Organic,SEO,Organic,2025-06-24,Lead,1000+,Enterprise
LEAD_001832,ACC_00495,Paid Search,Search - Brand,Paid Search,2025-11-16,Lead,100-999,Mid-Market
LEAD_001833,ACC_00042,Referral,Customer Referral,Referral,2024-06-13,Lead,1000+,Enterprise
LEAD_001834,ACC_00245,Partner,Reseller,Partner,2025-03-01,SQL,100-999,Mid-Market
LEAD_001835,ACC_00087,Partner,Cloud Partner,Partner,2025-08-06,SQL,100-999,Mid-Market
LEAD_001836,ACC_01197,Organic,SEO,Organic,2024-08-31,SQL,1-99,SMB
LEAD_001837,ACC_01018,Referral,Employee Referral,Referral,2024-06-22,Converted,1000+,Enterprise
LEAD_001838,ACC_01116,Referral,Customer Referral,Referral,2024-10-17,Lead,1-99,SMB
LEAD_001839,ACC_00219,Partner,Reseller,Partner,2024-09-02,MQL,1000+,Enterprise
LEAD_001840,ACC_00963,Paid Search,Search - Brand,Paid Search,2025-06-14,MQL,1-99,SMB
LEAD_001841,ACC_00677,Outbound,Named Account Outreach,Outbound,2024-09-28,MQL,1000+,Enterprise
LEAD_001842,ACC_00356,Events,Industry Conference,Events,2024-10-02,MQL,100-999,Mid-Market
LEAD_001843,ACC_00803,Outbound,SDR Outbound,Outbound,2025-11-21,SQL,1000+,Enterprise
LEAD_001844,ACC_01143,Referral,Customer Referral,Referral,2025-02-27,SQL,1000+,Enterprise
LEAD_001845,ACC_00553,Partner,Reseller,Partner,2025-11-10,SQL,1-99,SMB
LEAD_001846,ACC_00036,Paid Search,Search - Competitor,Paid Search,2025-06-03,Lead,1-99,SMB
LEAD_001847,ACC_01011,Paid Social,Paid Social Retargeting,Paid Social,2025-10-09,SQL,100-999,Mid-Market
LEAD_001848,ACC_00226,Events,Webinar,Events,2024-05-22,MQL,1000+,Enterprise
LEAD_001849,ACC_00220,Paid Search,Search - Brand,Paid Search,2025-11-16,SQL,1-99,SMB
LEAD_001850,ACC_00741,Paid Search,Search - Brand,Paid Search,2025-11-21,Lead,1-99,SMB
LEAD_001851,ACC_00959,Outbound,Named Account Outreach,Outbound,2024-01-30,MQL,100-999,Mid-Market
LEAD_001852,ACC_00952,Paid Social,Paid Social Retargeting,Paid Social,2024-09-17,MQL,1-99,SMB
LEAD_001853,ACC_01042,Events,Executive Roundtable,Events,2024-10-29,Lead,100-999,Mid-Market
LEAD_001854,ACC_01061,Organic,SEO,Organic,2024-11-02,Lead,1000+,Enterprise
LEAD_001855,ACC_00154,Paid Search,Search - Competitor,Paid Search,2025-07-23,Lead,100-999,Mid-Market
LEAD_001856,ACC_00361,Paid Search,Search - Competitor,Paid Search,2025-05-25,MQL,1000+,Enterprise
LEAD_001857,ACC_00865,Outbound,SDR Outbound,Outbound,2024-06-04,Converted,1-99,SMB
LEAD_001858,ACC_00469,Outbound,SDR Outbound,Outbound,2025-03-21,Lead,1-99,SMB
LEAD_001859,ACC_00860,Paid Social,LinkedIn Demand Gen,Paid Social,2025-12-13,MQL,100-999,Mid-Market
LEAD_001860,ACC_00546,Paid Social,LinkedIn Demand Gen,Paid Social,2024-11-17,SQL,1-99,SMB
LEAD_001861,ACC_00542,Organic,SEO,Organic,2025-11-09,MQL,100-999,Mid-Market
LEAD_001862,ACC_00033,Outbound,Named Account Outreach,Outbound,2025-04-19,SQL,1-99,SMB
LEAD_001863,ACC_00730,Referral,Customer Referral,Referral,2025-11-07,Lead,100-999,Mid-Market
LEAD_001864,ACC_01037,Outbound,Named Account Outreach,Outbound,2025-10-21,Lead,1-99,SMB
LEAD_001865,ACC_00983,Paid Search,Search - Brand,Paid Search,2024-01-13,Lead,100-999,Mid-Market
LEAD_001866,ACC_00406,Partner,Technology Partner,Partner,2025-08-08,MQL,1000+,Enterprise
LEAD_001867,ACC_00813,Paid Search,Search - Competitor,Paid Search,2024-05-18,MQL,1000+,Enterprise
LEAD_001868,ACC_00240,Organic,SEO,Organic,2025-08-25,SQL,1-99,SMB
LEAD_001869,ACC_00761,Organic,Product Blog,Organic,2025-08-13,Lead,100-999,Mid-Market
LEAD_001870,ACC_00492,Organic,Content Hub,Organic,2024-07-07,Converted,100-999,Mid-Market
LEAD_001871,ACC_01113,Organic,SEO,Organic,2024-02-18,Lead,100-999,Mid-Market
LEAD_001872,ACC_00853,Events,Executive Roundtable,Events,2024-11-02,MQL,1000+,Enterprise
LEAD_001873,ACC_00088,Paid Search,Search - Competitor,Paid Search,2024-08-09,Converted,1-99,SMB
LEAD_001874,ACC_01046,Outbound,SDR Outbound,Outbound,2025-02-08,Converted,1-99,SMB
LEAD_001875,ACC_00869,Referral,Employee Referral,Referral,2024-02-29,MQL,1-99,SMB
LEAD_001876,ACC_00259,Partner,Reseller,Partner,2024-02-02,Lead,1-99,SMB
LEAD_001877,ACC_00340,Paid Social,LinkedIn ABM,Paid Social,2024-11-15,Lead,1000+,Enterprise
LEAD_001878,ACC_00208,Outbound,Named Account Outreach,Outbound,2025-07-16,Lead,100-999,Mid-Market
LEAD_001879,ACC_00373,Organic,Content Hub,Organic,2024-08-18,SQL,1-99,SMB
LEAD_001880,ACC_01133,Paid Social,LinkedIn Demand Gen,Paid Social,2024-08-24,Lead,1-99,SMB
LEAD_001881,ACC_01083,Paid Social,Paid Social Retargeting,Paid Social,2024-04-29,SQL,1000+,Enterprise
LEAD_001882,ACC_00662,Events,Industry Conference,Events,2024-07-25,Lead,1000+,Enterprise
LEAD_001883,ACC_00435,Events,Webinar,Events,2024-08-06,MQL,1-99,SMB
LEAD_001884,ACC_00439,Events,Industry Conference,Events,2024-07-08,Lead,100-999,Mid-Market
LEAD_001885,ACC_01149,Outbound,Named Account Outreach,Outbound,2024-09-08,MQL,100-999,Mid-Market
LEAD_001886,ACC_00240,Paid Social,LinkedIn ABM,Paid Social,2024-07-26,MQL,1-99,SMB
LEAD_001887,ACC_00910,Events,Executive Roundtable,Events,2025-05-12,Converted,1-99,SMB
LEAD_001888,ACC_01195,Events,Executive Roundtable,Events,2024-09-04,Converted,1000+,Enterprise
LEAD_001889,ACC_01027,Paid Social,Paid Social Retargeting,Paid Social,2025-07-05,MQL,1000+,Enterprise
LEAD_001890,ACC_00864,Referral,Customer Referral,Referral,2025-03-18,Lead,100-999,Mid-Market
LEAD_001891,ACC_01080,Events,Executive Roundtable,Events,2025-04-13,Converted,1-99,SMB
LEAD_001892,ACC_00262,Paid Social,Paid Social Retargeting,Paid Social,2025-03-02,Converted,1000+,Enterprise
LEAD_001893,ACC_01181,Organic,Content Hub,Organic,2025-11-05,SQL,100-999,Mid-Market
LEAD_001894,ACC_00110,Paid Search,Search - Brand,Paid Search,2024-07-05,MQL,1000+,Enterprise
LEAD_001895,ACC_00017,Outbound,SDR Outbound,Outbound,2025-12-19,Lead,100-999,Mid-Market
LEAD_001896,ACC_00240,Organic,Content Hub,Organic,2024-05-30,SQL,1-99,SMB
LEAD_001897,ACC_00731,Paid Social,Paid Social Retargeting,Paid Social,2024-04-11,Lead,1-99,SMB
LEAD_001898,ACC_00298,Partner,Reseller,Partner,2025-08-27,Lead,100-999,Mid-Market
LEAD_001899,ACC_00761,Events,Executive Roundtable,Events,2025-10-16,Lead,100-999,Mid-Market
LEAD_001900,ACC_00134,Events,Industry Conference,Events,2024-03-08,MQL,1-99,SMB
LEAD_001901,ACC_00837,Outbound,Named Account Outreach,Outbound,2025-03-14,Lead,100-999,Mid-Market
LEAD_001902,ACC_00276,Paid Social,Paid Social Retargeting,Paid Social,2025-01-09,MQL,1-99,SMB
LEAD_001903,ACC_00629,Organic,Content Hub,Organic,2024-06-09,MQL,100-999,Mid-Market
LEAD_001904,ACC_00141,Outbound,SDR Outbound,Outbound,2025-01-15,MQL,100-999,Mid-Market
LEAD_001905,ACC_01165,Organic,SEO,Organic,2025-05-16,Lead,1-99,SMB
LEAD_001906,ACC_00454,Partner,Cloud Partner,Partner,2025-02-23,Converted,1-99,SMB
LEAD_001907,ACC_00726,Referral,Employee Referral,Referral,2025-01-14,Lead,1-99,SMB
LEAD_001908,ACC_00584,Partner,Cloud Partner,Partner,2025-10-09,Lead,1-99,SMB
LEAD_001909,ACC_00715,Partner,Reseller,Partner,2024-06-13,MQL,100-999,Mid-Market
LEAD_001910,ACC_00547,Outbound,SDR Outbound,Outbound,2025-04-01,Lead,1-99,SMB
LEAD_001911,ACC_00088,Events,Industry Conference,Events,2024-08-19,MQL,1-99,SMB
LEAD_001912,ACC_00996,Paid Social,LinkedIn ABM,Paid Social,2025-12-12,Lead,1-99,SMB
LEAD_001913,ACC_00771,Paid Social,LinkedIn ABM,Paid Social,2024-07-02,SQL,1-99,SMB
LEAD_001914,ACC_00305,Organic,Content Hub,Organic,2025-09-28,Lead,1000+,Enterprise
LEAD_001915,ACC_00101,Partner,Reseller,Partner,2025-04-07,Converted,1000+,Enterprise
LEAD_001916,ACC_01065,Paid Search,Search - Competitor,Paid Search,2024-06-05,MQL,1-99,SMB
LEAD_001917,ACC_00400,Paid Social,LinkedIn Demand Gen,Paid Social,2025-07-08,Lead,1-99,SMB
LEAD_001918,ACC_01090,Outbound,Named Account Outreach,Outbound,2024-06-25,MQL,1-99,SMB
LEAD_001919,ACC_00920,Organic,Content Hub,Organic,2024-07-10,Lead,100-999,Mid-Market
LEAD_001920,ACC_01152,Partner,Cloud Partner,Partner,2024-09-09,Converted,1000+,Enterprise
LEAD_001921,ACC_00792,Organic,Product Blog,Organic,2025-05-13,SQL,1-99,SMB
LEAD_001922,ACC_00218,Paid Search,Search - Brand,Paid Search,2024-10-13,MQL,1-99,SMB
LEAD_001923,ACC_00043,Organic,Content Hub,Organic,2025-02-20,Lead,100-999,Mid-Market
LEAD_001924,ACC_00295,Organic,Content Hub,Organic,2025-02-08,Converted,1000+,Enterprise
LEAD_001925,ACC_00528,Referral,Customer Referral,Referral,2024-05-23,SQL,1000+,Enterprise
LEAD_001926,ACC_00749,Referral,Employee Referral,Referral,2024-06-18,MQL,100-999,Mid-Market
LEAD_001927,ACC_01076,Outbound,Named Account Outreach,Outbound,2024-08-12,Lead,1-99,SMB
LEAD_001928,ACC_00170,Partner,Cloud Partner,Partner,2024-06-11,Lead,1000+,Enterprise
LEAD_001929,ACC_00762,Outbound,Named Account Outreach,Outbound,2025-11-02,MQL,1-99,SMB
LEAD_001930,ACC_00103,Referral,Employee Referral,Referral,2024-10-05,MQL,1-99,SMB
LEAD_001931,ACC_00578,Paid Social,LinkedIn Demand Gen,Paid Social,2024-10-22,SQL,100-999,Mid-Market
LEAD_001932,ACC_00089,Organic,Product Blog,Organic,2025-05-06,MQL,1-99,SMB
LEAD_001933,ACC_00449,Outbound,Named Account Outreach,Outbound,2025-07-30,MQL,1-99,SMB
LEAD_001934,ACC_00728,Referral,Employee Referral,Referral,2025-05-18,MQL,1-99,SMB
LEAD_001935,ACC_00887,Paid Search,Search - Nonbrand,Paid Search,2025-02-06,SQL,1-99,SMB
LEAD_001936,ACC_00966,Paid Social,LinkedIn ABM,Paid Social,2025-12-14,Lead,100-999,Mid-Market
LEAD_001937,ACC_00630,Paid Search,Search - Nonbrand,Paid Search,2025-10-19,SQL,100-999,Mid-Market
LEAD_001938,ACC_00311,Paid Search,Search - Competitor,Paid Search,2024-05-27,Lead,1-99,SMB
LEAD_001939,ACC_01096,Outbound,Named Account Outreach,Outbound,2024-04-26,MQL,1-99,SMB
LEAD_001940,ACC_01121,Paid Search,Search - Nonbrand,Paid Search,2024-10-14,Converted,100-999,Mid-Market
LEAD_001941,ACC_01162,Referral,Employee Referral,Referral,2025-09-02,SQL,100-999,Mid-Market
LEAD_001942,ACC_00951,Outbound,SDR Outbound,Outbound,2025-12-06,Lead,100-999,Mid-Market
LEAD_001943,ACC_00934,Organic,Product Blog,Organic,2025-05-28,MQL,100-999,Mid-Market
LEAD_001944,ACC_00093,Events,Webinar,Events,2025-05-19,Lead,1-99,SMB
LEAD_001945,ACC_00688,Outbound,SDR Outbound,Outbound,2024-06-19,Lead,1000+,Enterprise
LEAD_001946,ACC_00489,Paid Social,LinkedIn Demand Gen,Paid Social,2025-03-08,SQL,100-999,Mid-Market
LEAD_001947,ACC_00311,Paid Social,Paid Social Retargeting,Paid Social,2024-05-14,SQL,1-99,SMB
LEAD_001948,ACC_00082,Events,Industry Conference,Events,2025-01-29,Lead,1-99,SMB
LEAD_001949,ACC_00256,Paid Social,Paid Social Retargeting,Paid Social,2024-05-21,Converted,100-999,Mid-Market
LEAD_001950,ACC_01099,Organic,Content Hub,Organic,2024-02-25,Lead,1000+,Enterprise
LEAD_001951,ACC_01091,Paid Search,Search - Nonbrand,Paid Search,2025-12-08,Converted,1-99,SMB
LEAD_001952,ACC_00892,Paid Search,Search - Brand,Paid Search,2025-10-15,SQL,1000+,Enterprise
LEAD_001953,ACC_00122,Outbound,SDR Outbound,Outbound,2025-05-15,Converted,100-999,Mid-Market
LEAD_001954,ACC_00824,Organic,Content Hub,Organic,2025-04-02,SQL,100-999,Mid-Market
LEAD_001955,ACC_00153,Partner,Technology Partner,Partner,2024-06-24,Converted,1-99,SMB
LEAD_001956,ACC_00820,Paid Social,LinkedIn Demand Gen,Paid Social,2025-02-21,MQL,1-99,SMB
LEAD_001957,ACC_00041,Events,Webinar,Events,2025-06-30,Lead,1-99,SMB
LEAD_001958,ACC_00343,Paid Social,LinkedIn Demand Gen,Paid Social,2025-01-29,Lead,100-999,Mid-Market
LEAD_001959,ACC_00148,Referral,Employee Referral,Referral,2024-07-25,SQL,100-999,Mid-Market
LEAD_001960,ACC_01121,Referral,Customer Referral,Referral,2024-10-13,Lead,100-999,Mid-Market
LEAD_001961,ACC_00683,Organic,Product Blog,Organic,2025-09-06,Converted,1-99,SMB
LEAD_001962,ACC_01108,Outbound,Named Account Outreach,Outbound,2024-07-05,Lead,1-99,SMB
LEAD_001963,ACC_00025,Organic,Content Hub,Organic,2025-12-03,SQL,100-999,Mid-Market
LEAD_001964,ACC_00888,Events,Webinar,Events,2025-07-06,MQL,1-99,SMB
LEAD_001965,ACC_00576,Partner,Cloud Partner,Partner,2025-10-12,SQL,100-999,Mid-Market
LEAD_001966,ACC_00563,Paid Search,Search - Competitor,Paid Search,2025-01-07,Converted,1000+,Enterprise
LEAD_001967,ACC_01048,Paid Search,Search - Nonbrand,Paid Search,2024-06-12,Lead,100-999,Mid-Market
LEAD_001968,ACC_00057,Paid Social,Paid Social Retargeting,Paid Social,2024-01-25,MQL,1-99,SMB
LEAD_001969,ACC_01134,Events,Webinar,Events,2025-01-26,Lead,100-999,Mid-Market
LEAD_001970,ACC_00034,Events,Webinar,Events,2024-10-18,SQL,1-99,SMB
LEAD_001971,ACC_00436,Organic,Product Blog,Organic,2024-03-24,SQL,1-99,SMB
LEAD_001972,ACC_00166,Paid Search,Search - Brand,Paid Search,2025-11-09,Lead,1-99,SMB
LEAD_001973,ACC_00628,Paid Social,LinkedIn ABM,Paid Social,2025-12-10,Lead,1-99,SMB
LEAD_001974,ACC_00715,Partner,Technology Partner,Partner,2024-09-30,Lead,100-999,Mid-Market
LEAD_001975,ACC_00771,Organic,Product Blog,Organic,2025-05-03,Lead,1-99,SMB
LEAD_001976,ACC_00958,Paid Search,Search - Nonbrand,Paid Search,2024-10-29,SQL,100-999,Mid-Market
LEAD_001977,ACC_00902,Referral,Employee Referral,Referral,2024-12-29,Lead,1-99,SMB
LEAD_001978,ACC_01139,Paid Social,Paid Social Retargeting,Paid Social,2025-04-01,Converted,1-99,SMB
LEAD_001979,ACC_00540,Outbound,SDR Outbound,Outbound,2024-10-31,Converted,1000+,Enterprise
LEAD_001980,ACC_00211,Paid Social,LinkedIn ABM,Paid Social,2025-08-09,Converted,100-999,Mid-Market
LEAD_001981,ACC_00187,Paid Social,LinkedIn ABM,Paid Social,2024-05-18,MQL,1-99,SMB
LEAD_001982,ACC_00331,Partner,Technology Partner,Partner,2025-05-03,Lead,100-999,Mid-Market
LEAD_001983,ACC_00724,Paid Search,Search - Competitor,Paid Search,2025-12-19,SQL,1000+,Enterprise
LEAD_001984,ACC_00065,Paid Search,Search - Nonbrand,Paid Search,2025-09-13,MQL,100-999,Mid-Market
LEAD_001985,ACC_01146,Referral,Customer Referral,Referral,2024-02-03,Converted,1-99,SMB
LEAD_001986,ACC_01187,Events,Industry Conference,Events,2024-03-24,Lead,1-99,SMB
LEAD_001987,ACC_00198,Outbound,SDR Outbound,Outbound,2025-04-04,Lead,1000+,Enterprise
LEAD_001988,ACC_00938,Organic,SEO,Organic,2025-11-06,Converted,1-99,SMB
LEAD_001989,ACC_00716,Organic,Product Blog,Organic,2025-09-08,SQL,1-99,SMB
LEAD_001990,ACC_00577,Organic,Content Hub,Organic,2025-10-22,Lead,1000+,Enterprise
LEAD_001991,ACC_00882,Referral,Employee Referral,Referral,2024-04-19,SQL,100-999,Mid-Market
LEAD_001992,ACC_00691,Events,Webinar,Events,2025-01-14,Lead,1-99,SMB
LEAD_001993,ACC_00389,Paid Social,Paid Social Retargeting,Paid Social,2025-06-14,MQL,1-99,SMB
LEAD_001994,ACC_00675,Referral,Customer Referral,Referral,2025-04-01,Lead,100-999,Mid-Market
LEAD_001995,ACC_00163,Organic,Product Blog,Organic,2025-07-22,Lead,1-99,SMB
LEAD_001996,ACC_00306,Partner,Cloud Partner,Partner,2024-06-04,Lead,1-99,SMB
LEAD_001997,ACC_01168,Organic,Product Blog,Organic,2024-11-30,Lead,100-999,Mid-Market
LEAD_001998,ACC_00223,Paid Search,Search - Nonbrand,Paid Search,2024-11-23,MQL,100-999,Mid-Market
LEAD_001999,ACC_00718,Referral,Employee Referral,Referral,2025-11-18,Lead,1-99,SMB
LEAD_002000,ACC_00357,Events,Webinar,Events,2024-05-28,MQL,100-999,Mid-Market
LEAD_002001,ACC_00558,Organic,Content Hub,Organic,2024-08-26,MQL,100-999,Mid-Market
LEAD_002002,ACC_00297,Paid Search,Search - Brand,Paid Search,2024-01-17,MQL,1000+,Enterprise
LEAD_002003,ACC_00683,Partner,Technology Partner,Partner,2024-04-20,MQL,1-99,SMB
LEAD_002004,ACC_00670,Organic,SEO,Organic,2025-12-18,Lead,1-99,SMB
LEAD_002005,ACC_00742,Partner,Technology Partner,Partner,2025-09-11,Lead,1-99,SMB
LEAD_002006,ACC_00370,Partner,Reseller,Partner,2024-07-08,SQL,1000+,Enterprise
LEAD_002007,ACC_00695,Paid Search,Search - Nonbrand,Paid Search,2025-05-28,Converted,1000+,Enterprise
LEAD_002008,ACC_00875,Paid Search,Search - Nonbrand,Paid Search,2025-03-09,Converted,100-999,Mid-Market
LEAD_002009,ACC_00864,Paid Search,Search - Competitor,Paid Search,2025-10-24,Converted,100-999,Mid-Market
LEAD_002010,ACC_00682,Referral,Employee Referral,Referral,2024-08-07,MQL,1-99,SMB
LEAD_002011,ACC_00359,Paid Search,Search - Brand,Paid Search,2025-12-27,Converted,100-999,Mid-Market
LEAD_002012,ACC_00639,Partner,Cloud Partner,Partner,2024-09-27,Lead,100-999,Mid-Market
LEAD_002013,ACC_00645,Paid Search,Search - Brand,Paid Search,2025-06-08,SQL,100-999,Mid-Market
LEAD_002014,ACC_01142,Outbound,SDR Outbound,Outbound,2024-10-17,Converted,100-999,Mid-Market
LEAD_002015,ACC_00453,Organic,Content Hub,Organic,2025-05-05,SQL,100-999,Mid-Market
LEAD_002016,ACC_00387,Organic,Product Blog,Organic,2024-09-01,Lead,100-999,Mid-Market
LEAD_002017,ACC_00900,Outbound,Named Account Outreach,Outbound,2025-09-08,Lead,100-999,Mid-Market
LEAD_002018,ACC_00763,Outbound,SDR Outbound,Outbound,2025-04-10,Lead,1-99,SMB
LEAD_002019,ACC_00513,Paid Search,Search - Nonbrand,Paid Search,2024-07-30,Lead,1-99,SMB
LEAD_002020,ACC_00001,Paid Search,Search - Nonbrand,Paid Search,2025-12-03,SQL,100-999,Mid-Market
LEAD_002021,ACC_00846,Referral,Employee Referral,Referral,2025-06-02,MQL,1000+,Enterprise
LEAD_002022,ACC_00885,Organic,SEO,Organic,2024-11-09,Lead,1-99,SMB
LEAD_002023,ACC_01117,Organic,Product Blog,Organic,2024-04-09,MQL,1-99,SMB
LEAD_002024,ACC_00604,Paid Social,LinkedIn Demand Gen,Paid Social,2025-12-12,Lead,100-999,Mid-Market
LEAD_002025,ACC_00619,Paid Search,Search - Competitor,Paid Search,2025-07-05,MQL,1-99,SMB
LEAD_002026,ACC_00251,Partner,Reseller,Partner,2025-05-03,Lead,100-999,Mid-Market
LEAD_002027,ACC_00552,Outbound,SDR Outbound,Outbound,2025-09-01,MQL,1-99,SMB
LEAD_002028,ACC_00002,Paid Social,LinkedIn ABM,Paid Social,2025-03-19,SQL,1-99,SMB
LEAD_002029,ACC_00601,Partner,Cloud Partner,Partner,2024-06-18,SQL,1-99,SMB
LEAD_002030,ACC_00849,Paid Social,LinkedIn ABM,Paid Social,2024-06-22,SQL,1-99,SMB
LEAD_002031,ACC_00944,Outbound,Named Account Outreach,Outbound,2024-02-27,Lead,1-99,SMB
LEAD_002032,ACC_00796,Organic,SEO,Organic,2024-02-15,MQL,1-99,SMB
LEAD_002033,ACC_00967,Paid Search,Search - Competitor,Paid Search,2025-06-16,Lead,1000+,Enterprise
LEAD_002034,ACC_00799,Outbound,Named Account Outreach,Outbound,2025-09-14,MQL,100-999,Mid-Market
LEAD_002035,ACC_00936,Paid Search,Search - Brand,Paid Search,2024-04-29,MQL,1-99,SMB
LEAD_002036,ACC_00525,Organic,Product Blog,Organic,2025-02-23,MQL,1-99,SMB
LEAD_002037,ACC_00723,Paid Search,Search - Nonbrand,Paid Search,2024-03-31,Converted,1-99,SMB
LEAD_002038,ACC_00768,Outbound,Named Account Outreach,Outbound,2024-10-29,Lead,1-99,SMB
LEAD_002039,ACC_00688,Organic,Product Blog,Organic,2025-08-01,Converted,1000+,Enterprise
LEAD_002040,ACC_00686,Outbound,SDR Outbound,Outbound,2025-08-16,Lead,1-99,SMB
LEAD_002041,ACC_00939,Outbound,Named Account Outreach,Outbound,2025-11-24,SQL,1000+,Enterprise
LEAD_002042,ACC_00287,Partner,Reseller,Partner,2024-08-15,SQL,1-99,SMB
LEAD_002043,ACC_00381,Paid Search,Search - Brand,Paid Search,2025-11-24,SQL,100-999,Mid-Market
LEAD_002044,ACC_00623,Events,Executive Roundtable,Events,2025-07-26,SQL,1000+,Enterprise
LEAD_002045,ACC_00775,Organic,Product Blog,Organic,2024-09-04,SQL,1-99,SMB
LEAD_002046,ACC_00618,Referral,Customer Referral,Referral,2024-08-27,Lead,1-99,SMB
LEAD_002047,ACC_00240,Outbound,Named Account Outreach,Outbound,2024-03-19,Converted,1-99,SMB
LEAD_002048,ACC_00989,Organic,Product Blog,Organic,2025-11-04,Converted,1-99,SMB
LEAD_002049,ACC_00655,Events,Industry Conference,Events,2024-05-28,MQL,1000+,Enterprise
LEAD_002050,ACC_00521,Paid Social,LinkedIn ABM,Paid Social,2024-07-14,Lead,1000+,Enterprise
LEAD_002051,ACC_01054,Paid Social,LinkedIn ABM,Paid Social,2024-10-28,Lead,1-99,SMB
LEAD_002052,ACC_00524,Paid Social,LinkedIn ABM,Paid Social,2024-04-10,SQL,100-999,Mid-Market
LEAD_002053,ACC_00194,Partner,Cloud Partner,Partner,2025-08-12,Converted,1000+,Enterprise
LEAD_002054,ACC_01182,Outbound,Named Account Outreach,Outbound,2025-05-25,SQL,1-99,SMB
LEAD_002055,ACC_00460,Referral,Customer Referral,Referral,2024-04-24,Lead,100-999,Mid-Market
LEAD_002056,ACC_01074,Paid Search,Search - Nonbrand,Paid Search,2024-04-29,Lead,1000+,Enterprise
LEAD_002057,ACC_00621,Partner,Technology Partner,Partner,2024-01-17,MQL,100-999,Mid-Market
LEAD_002058,ACC_00291,Outbound,Named Account Outreach,Outbound,2025-11-24,MQL,1000+,Enterprise
LEAD_002059,ACC_00452,Outbound,Named Account Outreach,Outbound,2024-11-14,Lead,1000+,Enterprise
LEAD_002060,ACC_01093,Paid Social,Paid Social Retargeting,Paid Social,2025-04-24,Lead,1-99,SMB
LEAD_002061,ACC_01134,Paid Search,Search - Brand,Paid Search,2024-04-19,Lead,100-999,Mid-Market
LEAD_002062,ACC_00166,Outbound,SDR Outbound,Outbound,2024-06-17,Lead,1-99,SMB
LEAD_002063,ACC_01185,Paid Search,Search - Brand,Paid Search,2025-01-30,SQL,1-99,SMB
LEAD_002064,ACC_01025,Organic,Content Hub,Organic,2024-06-01,Lead,100-999,Mid-Market
LEAD_002065,ACC_00778,Partner,Reseller,Partner,2025-03-24,Lead,1-99,SMB
LEAD_002066,ACC_00220,Paid Search,Search - Competitor,Paid Search,2025-11-06,MQL,1-99,SMB
LEAD_002067,ACC_00704,Organic,Product Blog,Organic,2024-08-11,Converted,1000+,Enterprise
LEAD_002068,ACC_00511,Organic,Content Hub,Organic,2025-03-20,SQL,1-99,SMB
LEAD_002069,ACC_00150,Outbound,Named Account Outreach,Outbound,2025-10-31,MQL,1-99,SMB
LEAD_002070,ACC_01181,Referral,Employee Referral,Referral,2025-10-15,SQL,100-999,Mid-Market
LEAD_002071,ACC_00725,Paid Social,Paid Social Retargeting,Paid Social,2024-01-06,MQL,1-99,SMB
LEAD_002072,ACC_00117,Organic,SEO,Organic,2024-03-21,MQL,100-999,Mid-Market
LEAD_002073,ACC_00411,Events,Industry Conference,Events,2025-12-21,MQL,100-999,Mid-Market
LEAD_002074,ACC_01008,Paid Search,Search - Nonbrand,Paid Search,2025-11-07,MQL,1-99,SMB
LEAD_002075,ACC_00531,Referral,Customer Referral,Referral,2024-08-23,MQL,100-999,Mid-Market
LEAD_002076,ACC_00594,Partner,Reseller,Partner,2025-01-15,Lead,100-999,Mid-Market
LEAD_002077,ACC_00171,Paid Search,Search - Nonbrand,Paid Search,2025-02-22,Lead,1-99,SMB
LEAD_002078,ACC_00134,Paid Social,Paid Social Retargeting,Paid Social,2025-05-03,Lead,1-99,SMB
LEAD_002079,ACC_01174,Paid Search,Search - Competitor,Paid Search,2025-07-02,Lead,100-999,Mid-Market
LEAD_002080,ACC_01143,Outbound,Named Account Outreach,Outbound,2024-09-29,MQL,1000+,Enterprise
LEAD_002081,ACC_00115,Organic,SEO,Organic,2025-10-12,MQL,1-99,SMB
LEAD_002082,ACC_00660,Events,Executive Roundtable,Events,2024-02-13,Lead,1-99,SMB
LEAD_002083,ACC_00818,Outbound,SDR Outbound,Outbound,2024-01-24,Lead,100-999,Mid-Market
LEAD_002084,ACC_01057,Events,Industry Conference,Events,2025-12-01,Lead,1000+,Enterprise
LEAD_002085,ACC_00672,Referral,Employee Referral,Referral,2024-05-09,MQL,100-999,Mid-Market
LEAD_002086,ACC_01043,Paid Search,Search - Competitor,Paid Search,2025-12-28,Lead,100-999,Mid-Market
LEAD_002087,ACC_00146,Paid Social,LinkedIn ABM,Paid Social,2024-07-28,Lead,1-99,SMB
LEAD_002088,ACC_00018,Events,Industry Conference,Events,2024-09-23,Lead,1-99,SMB
LEAD_002089,ACC_00558,Paid Search,Search - Competitor,Paid Search,2024-01-21,MQL,100-999,Mid-Market
LEAD_002090,ACC_00318,Organic,SEO,Organic,2025-11-20,Lead,100-999,Mid-Market
LEAD_002091,ACC_00907,Paid Search,Search - Nonbrand,Paid Search,2024-09-19,MQL,100-999,Mid-Market
LEAD_002092,ACC_00405,Paid Search,Search - Brand,Paid Search,2024-05-02,MQL,1000+,Enterprise
LEAD_002093,ACC_00489,Events,Industry Conference,Events,2024-12-19,Converted,100-999,Mid-Market
LEAD_002094,ACC_00642,Paid Social,LinkedIn Demand Gen,Paid Social,2024-04-23,MQL,100-999,Mid-Market
LEAD_002095,ACC_01154,Outbound,SDR Outbound,Outbound,2025-07-31,Lead,1-99,SMB
LEAD_002096,ACC_00087,Referral,Employee Referral,Referral,2024-02-23,Lead,100-999,Mid-Market
LEAD_002097,ACC_00664,Paid Search,Search - Competitor,Paid Search,2024-12-30,SQL,1-99,SMB
LEAD_002098,ACC_00467,Outbound,Named Account Outreach,Outbound,2024-10-13,Lead,100-999,Mid-Market
LEAD_002099,ACC_00044,Organic,SEO,Organic,2024-01-28,Converted,1-99,SMB
LEAD_002100,ACC_00978,Organic,Content Hub,Organic,2024-02-08,MQL,1-99,SMB
LEAD_002101,ACC_01097,Organic,SEO,Organic,2025-01-14,Lead,1-99,SMB
LEAD_002102,ACC_00208,Paid Search,Search - Competitor,Paid Search,2024-10-15,Lead,100-999,Mid-Market
LEAD_002103,ACC_00912,Paid Social,Paid Social Retargeting,Paid Social,2024-04-04,Converted,1000+,Enterprise
LEAD_002104,ACC_00842,Paid Social,LinkedIn Demand Gen,Paid Social,2024-04-11,Converted,100-999,Mid-Market
LEAD_002105,ACC_00847,Paid Search,Search - Brand,Paid Search,2025-08-11,SQL,1-99,SMB
LEAD_002106,ACC_00553,Organic,Product Blog,Organic,2025-06-18,Lead,1-99,SMB
LEAD_002107,ACC_00385,Outbound,Named Account Outreach,Outbound,2025-03-20,SQL,1-99,SMB
LEAD_002108,ACC_00085,Organic,Product Blog,Organic,2025-09-01,Lead,1-99,SMB
LEAD_002109,ACC_00042,Events,Executive Roundtable,Events,2024-02-20,Lead,1000+,Enterprise
LEAD_002110,ACC_00213,Referral,Customer Referral,Referral,2025-05-17,MQL,1-99,SMB
LEAD_002111,ACC_00634,Outbound,SDR Outbound,Outbound,2025-07-04,Converted,1-99,SMB
LEAD_002112,ACC_00170,Partner,Technology Partner,Partner,2024-05-26,MQL,1000+,Enterprise
LEAD_002113,ACC_00824,Partner,Technology Partner,Partner,2025-01-27,MQL,100-999,Mid-Market
LEAD_002114,ACC_00744,Partner,Cloud Partner,Partner,2025-07-14,Lead,1-99,SMB
LEAD_002115,ACC_00414,Referral,Customer Referral,Referral,2025-03-17,Lead,1000+,Enterprise
LEAD_002116,ACC_00105,Referral,Employee Referral,Referral,2024-07-01,Lead,100-999,Mid-Market
LEAD_002117,ACC_00621,Paid Social,Paid Social Retargeting,Paid Social,2025-04-30,SQL,100-999,Mid-Market
LEAD_002118,ACC_00988,Partner,Cloud Partner,Partner,2025-07-09,Lead,1-99,SMB
LEAD_002119,ACC_00473,Events,Industry Conference,Events,2024-01-08,MQL,1-99,SMB
LEAD_002120,ACC_00968,Organic,SEO,Organic,2025-02-18,Lead,1-99,SMB
LEAD_002121,ACC_00344,Paid Social,LinkedIn ABM,Paid Social,2025-01-03,MQL,100-999,Mid-Market
LEAD_002122,ACC_00097,Partner,Technology Partner,Partner,2024-09-25,Lead,1-99,SMB
LEAD_002123,ACC_00780,Outbound,Named Account Outreach,Outbound,2024-02-02,MQL,1000+,Enterprise
LEAD_002124,ACC_01066,Paid Search,Search - Competitor,Paid Search,2024-03-02,MQL,1000+,Enterprise
LEAD_002125,ACC_01061,Paid Search,Search - Brand,Paid Search,2025-07-02,MQL,1000+,Enterprise
LEAD_002126,ACC_01151,Organic,Product Blog,Organic,2025-08-27,Converted,1-99,SMB
LEAD_002127,ACC_00130,Partner,Reseller,Partner,2024-11-02,Lead,100-999,Mid-Market
LEAD_002128,ACC_00053,Referral,Customer Referral,Referral,2025-11-17,MQL,100-999,Mid-Market
LEAD_002129,ACC_00684,Referral,Employee Referral,Referral,2025-11-09,Converted,1-99,SMB
LEAD_002130,ACC_01141,Paid Search,Search - Competitor,Paid Search,2025-05-01,Lead,1-99,SMB
LEAD_002131,ACC_01198,Paid Search,Search - Competitor,Paid Search,2025-02-28,SQL,100-999,Mid-Market
LEAD_002132,ACC_00336,Outbound,Named Account Outreach,Outbound,2025-12-06,Converted,100-999,Mid-Market
LEAD_002133,ACC_00451,Outbound,Named Account Outreach,Outbound,2025-03-21,SQL,1-99,SMB
LEAD_002134,ACC_00798,Paid Social,LinkedIn Demand Gen,Paid Social,2025-11-13,MQL,1-99,SMB
LEAD_002135,ACC_01097,Paid Search,Search - Brand,Paid Search,2025-12-16,SQL,1-99,SMB
LEAD_002136,ACC_00210,Organic,Product Blog,Organic,2024-05-22,MQL,100-999,Mid-Market
LEAD_002137,ACC_01171,Outbound,Named Account Outreach,Outbound,2025-04-27,MQL,1-99,SMB
LEAD_002138,ACC_00981,Partner,Reseller,Partner,2025-06-18,Converted,1000+,Enterprise
LEAD_002139,ACC_00082,Paid Search,Search - Nonbrand,Paid Search,2025-08-22,Lead,1-99,SMB
LEAD_002140,ACC_01011,Referral,Customer Referral,Referral,2024-09-12,SQL,100-999,Mid-Market
LEAD_002141,ACC_00770,Partner,Technology Partner,Partner,2025-09-21,MQL,100-999,Mid-Market
LEAD_002142,ACC_01175,Referral,Customer Referral,Referral,2024-12-22,Lead,100-999,Mid-Market
LEAD_002143,ACC_00252,Paid Social,LinkedIn ABM,Paid Social,2024-10-09,MQL,1000+,Enterprise
LEAD_002144,ACC_01192,Paid Social,LinkedIn Demand Gen,Paid Social,2024-04-24,SQL,1-99,SMB
LEAD_002145,ACC_00058,Referral,Employee Referral,Referral,2024-08-22,MQL,100-999,Mid-Market
LEAD_002146,ACC_00092,Referral,Employee Referral,Referral,2025-12-13,SQL,100-999,Mid-Market
LEAD_002147,ACC_00538,Referral,Employee Referral,Referral,2025-06-07,Lead,1-99,SMB
LEAD_002148,ACC_00790,Events,Industry Conference,Events,2025-06-14,Converted,100-999,Mid-Market
LEAD_002149,ACC_00201,Paid Social,LinkedIn Demand Gen,Paid Social,2025-10-16,MQL,100-999,Mid-Market
LEAD_002150,ACC_00328,Organic,Product Blog,Organic,2024-07-14,SQL,100-999,Mid-Market
LEAD_002151,ACC_00468,Paid Search,Search - Brand,Paid Search,2025-04-28,MQL,1000+,Enterprise
LEAD_002152,ACC_00151,Referral,Employee Referral,Referral,2024-09-28,MQL,1000+,Enterprise
LEAD_002153,ACC_00212,Paid Search,Search - Competitor,Paid Search,2025-09-11,Converted,100-999,Mid-Market
LEAD_002154,ACC_00179,Outbound,Named Account Outreach,Outbound,2024-11-04,Lead,1000+,Enterprise
LEAD_002155,ACC_01145,Referral,Employee Referral,Referral,2025-09-16,Lead,1-99,SMB
LEAD_002156,ACC_01124,Referral,Employee Referral,Referral,2025-06-30,SQL,1-99,SMB
LEAD_002157,ACC_00755,Referral,Customer Referral,Referral,2025-07-18,SQL,100-999,Mid-Market
LEAD_002158,ACC_00821,Partner,Reseller,Partner,2025-11-07,SQL,1-99,SMB
LEAD_002159,ACC_00165,Paid Social,Paid Social Retargeting,Paid Social,2025-07-31,SQL,100-999,Mid-Market
LEAD_002160,ACC_00061,Referral,Customer Referral,Referral,2024-08-22,Converted,100-999,Mid-Market
LEAD_002161,ACC_00453,Organic,Content Hub,Organic,2025-01-16,MQL,100-999,Mid-Market
LEAD_002162,ACC_01182,Organic,SEO,Organic,2024-12-11,MQL,1-99,SMB
LEAD_002163,ACC_00574,Referral,Employee Referral,Referral,2024-02-17,SQL,100-999,Mid-Market
LEAD_002164,ACC_00970,Outbound,SDR Outbound,Outbound,2025-03-09,MQL,1-99,SMB
LEAD_002165,ACC_00444,Paid Social,LinkedIn Demand Gen,Paid Social,2024-11-15,Lead,1-99,SMB
LEAD_002166,ACC_00372,Organic,Content Hub,Organic,2024-10-14,Lead,1-99,SMB
LEAD_002167,ACC_00975,Paid Social,LinkedIn ABM,Paid Social,2024-03-21,MQL,1-99,SMB
LEAD_002168,ACC_00566,Referral,Customer Referral,Referral,2025-01-03,SQL,100-999,Mid-Market
LEAD_002169,ACC_00879,Partner,Cloud Partner,Partner,2025-02-27,MQL,100-999,Mid-Market
LEAD_002170,ACC_00872,Paid Social,LinkedIn ABM,Paid Social,2024-03-18,SQL,1-99,SMB
LEAD_002171,ACC_00873,Partner,Reseller,Partner,2025-04-09,SQL,1000+,Enterprise
LEAD_002172,ACC_00812,Referral,Employee Referral,Referral,2024-05-02,Lead,1-99,SMB
LEAD_002173,ACC_00972,Referral,Employee Referral,Referral,2024-04-15,MQL,1-99,SMB
LEAD_002174,ACC_00556,Paid Social,LinkedIn ABM,Paid Social,2024-10-20,MQL,1-99,SMB
LEAD_002175,ACC_00364,Partner,Cloud Partner,Partner,2024-10-11,Lead,1-99,SMB
LEAD_002176,ACC_00615,Paid Search,Search - Nonbrand,Paid Search,2025-10-30,MQL,1-99,SMB
LEAD_002177,ACC_00390,Paid Social,Paid Social Retargeting,Paid Social,2024-02-19,SQL,1000+,Enterprise
LEAD_002178,ACC_00052,Organic,Product Blog,Organic,2024-09-12,SQL,1-99,SMB
LEAD_002179,ACC_00435,Paid Social,LinkedIn Demand Gen,Paid Social,2025-06-20,MQL,1-99,SMB
LEAD_002180,ACC_00601,Partner,Cloud Partner,Partner,2024-07-01,Lead,1-99,SMB
LEAD_002181,ACC_00625,Paid Search,Search - Brand,Paid Search,2025-12-18,SQL,1000+,Enterprise
LEAD_002182,ACC_00409,Paid Search,Search - Nonbrand,Paid Search,2025-06-27,SQL,1-99,SMB
LEAD_002183,ACC_00871,Organic,Product Blog,Organic,2025-11-22,MQL,100-999,Mid-Market
LEAD_002184,ACC_00343,Organic,Content Hub,Organic,2025-11-24,Lead,100-999,Mid-Market
LEAD_002185,ACC_00778,Outbound,Named Account Outreach,Outbound,2024-03-20,Converted,1-99,SMB
LEAD_002186,ACC_00324,Paid Search,Search - Nonbrand,Paid Search,2024-12-01,Lead,100-999,Mid-Market
LEAD_002187,ACC_01184,Organic,Content Hub,Organic,2025-06-28,Lead,1-99,SMB
LEAD_002188,ACC_00779,Referral,Customer Referral,Referral,2024-01-07,Lead,100-999,Mid-Market
LEAD_002189,ACC_00669,Paid Search,Search - Brand,Paid Search,2024-11-26,SQL,1-99,SMB
LEAD_002190,ACC_00516,Referral,Employee Referral,Referral,2025-05-18,SQL,1-99,SMB
LEAD_002191,ACC_00908,Partner,Technology Partner,Partner,2025-08-02,Lead,1-99,SMB
LEAD_002192,ACC_00511,Outbound,Named Account Outreach,Outbound,2024-10-30,SQL,1-99,SMB
LEAD_002193,ACC_00964,Partner,Cloud Partner,Partner,2025-09-22,SQL,1-99,SMB
LEAD_002194,ACC_00192,Organic,SEO,Organic,2025-05-07,Converted,1-99,SMB
LEAD_002195,ACC_00985,Events,Executive Roundtable,Events,2024-02-03,Converted,1-99,SMB
LEAD_002196,ACC_01155,Events,Webinar,Events,2024-07-22,SQL,100-999,Mid-Market
LEAD_002197,ACC_00292,Paid Search,Search - Brand,Paid Search,2025-11-16,Lead,1-99,SMB
LEAD_002198,ACC_00269,Outbound,SDR Outbound,Outbound,2024-01-02,Lead,1-99,SMB
LEAD_002199,ACC_01146,Partner,Reseller,Partner,2024-03-19,Converted,1-99,SMB
LEAD_002200,ACC_00488,Referral,Employee Referral,Referral,2024-09-08,MQL,1-99,SMB
LEAD_002201,ACC_00835,Events,Executive Roundtable,Events,2025-12-27,MQL,100-999,Mid-Market
LEAD_002202,ACC_00229,Organic,Product Blog,Organic,2025-05-30,Converted,100-999,Mid-Market
LEAD_002203,ACC_00514,Events,Executive Roundtable,Events,2024-04-17,SQL,1-99,SMB
LEAD_002204,ACC_00844,Referral,Employee Referral,Referral,2024-10-14,SQL,1-99,SMB
LEAD_002205,ACC_01074,Outbound,Named Account Outreach,Outbound,2025-11-17,Converted,1000+,Enterprise
LEAD_002206,ACC_00524,Organic,Product Blog,Organic,2024-06-09,Lead,100-999,Mid-Market
LEAD_002207,ACC_00091,Events,Industry Conference,Events,2025-02-24,SQL,1-99,SMB
LEAD_002208,ACC_00497,Partner,Cloud Partner,Partner,2024-12-05,Converted,1-99,SMB
LEAD_002209,ACC_00772,Paid Search,Search - Nonbrand,Paid Search,2025-07-09,Lead,100-999,Mid-Market
LEAD_002210,ACC_01051,Referral,Customer Referral,Referral,2025-07-03,Lead,100-999,Mid-Market
LEAD_002211,ACC_01001,Partner,Reseller,Partner,2025-09-01,SQL,1-99,SMB
LEAD_002212,ACC_00912,Events,Executive Roundtable,Events,2024-03-28,MQL,1000+,Enterprise
LEAD_002213,ACC_00199,Outbound,Named Account Outreach,Outbound,2024-11-27,Lead,1-99,SMB
LEAD_002214,ACC_00624,Paid Search,Search - Nonbrand,Paid Search,2025-05-20,Lead,1-99,SMB
LEAD_002215,ACC_00692,Referral,Employee Referral,Referral,2024-11-02,Lead,1000+,Enterprise
LEAD_002216,ACC_00563,Partner,Cloud Partner,Partner,2025-05-02,MQL,1000+,Enterprise
LEAD_002217,ACC_01108,Paid Social,LinkedIn Demand Gen,Paid Social,2025-04-09,SQL,1-99,SMB
LEAD_002218,ACC_01152,Paid Social,LinkedIn ABM,Paid Social,2024-09-28,MQL,1000+,Enterprise
LEAD_002219,ACC_00253,Organic,Product Blog,Organic,2024-03-14,SQL,1-99,SMB
LEAD_002220,ACC_01148,Outbound,SDR Outbound,Outbound,2025-12-10,Lead,100-999,Mid-Market
LEAD_002221,ACC_01016,Paid Social,LinkedIn Demand Gen,Paid Social,2025-08-26,Lead,1-99,SMB
LEAD_002222,ACC_00846,Referral,Employee Referral,Referral,2025-10-16,Lead,1000+,Enterprise
LEAD_002223,ACC_00458,Referral,Customer Referral,Referral,2024-08-07,SQL,1-99,SMB
LEAD_002224,ACC_00913,Outbound,Named Account Outreach,Outbound,2024-08-19,Converted,1000+,Enterprise
LEAD_002225,ACC_00704,Paid Search,Search - Competitor,Paid Search,2024-08-24,MQL,1000+,Enterprise
LEAD_002226,ACC_01079,Outbound,Named Account Outreach,Outbound,2024-01-23,Converted,100-999,Mid-Market
LEAD_002227,ACC_00854,Organic,Product Blog,Organic,2024-05-04,Lead,1000+,Enterprise
LEAD_002228,ACC_01158,Events,Webinar,Events,2024-08-13,Lead,1-99,SMB
LEAD_002229,ACC_00504,Paid Social,Paid Social Retargeting,Paid Social,2025-12-22,SQL,100-999,Mid-Market
LEAD_002230,ACC_00099,Referral,Customer Referral,Referral,2024-05-29,Lead,1-99,SMB
LEAD_002231,ACC_00591,Paid Search,Search - Brand,Paid Search,2025-01-06,Converted,1000+,Enterprise
LEAD_002232,ACC_01197,Paid Search,Search - Brand,Paid Search,2025-02-04,Lead,1-99,SMB
LEAD_002233,ACC_00787,Referral,Employee Referral,Referral,2024-09-20,SQL,100-999,Mid-Market
LEAD_002234,ACC_00844,Paid Social,LinkedIn Demand Gen,Paid Social,2025-11-02,Lead,1-99,SMB
LEAD_002235,ACC_00751,Events,Webinar,Events,2024-03-09,Lead,1-99,SMB
LEAD_002236,ACC_00712,Referral,Employee Referral,Referral,2025-09-28,Lead,100-999,Mid-Market
LEAD_002237,ACC_00074,Paid Social,LinkedIn ABM,Paid Social,2025-06-27,Converted,1-99,SMB
LEAD_002238,ACC_00496,Paid Social,LinkedIn ABM,Paid Social,2024-08-11,MQL,100-999,Mid-Market
LEAD_002239,ACC_00104,Partner,Technology Partner,Partner,2025-07-15,SQL,1000+,Enterprise
LEAD_002240,ACC_00404,Events,Executive Roundtable,Events,2024-11-09,Lead,1-99,SMB
LEAD_002241,ACC_00864,Referral,Employee Referral,Referral,2025-12-10,Lead,100-999,Mid-Market
LEAD_002242,ACC_00966,Paid Search,Search - Competitor,Paid Search,2024-01-27,Lead,100-999,Mid-Market
LEAD_002243,ACC_00269,Outbound,SDR Outbound,Outbound,2024-01-22,SQL,1-99,SMB
LEAD_002244,ACC_00786,Paid Search,Search - Brand,Paid Search,2025-02-01,Lead,1-99,SMB
LEAD_002245,ACC_00272,Partner,Cloud Partner,Partner,2025-11-11,Lead,1-99,SMB
LEAD_002246,ACC_00241,Events,Industry Conference,Events,2024-02-16,MQL,1000+,Enterprise
LEAD_002247,ACC_01152,Referral,Employee Referral,Referral,2025-07-22,MQL,1000+,Enterprise
LEAD_002248,ACC_00732,Paid Social,LinkedIn Demand Gen,Paid Social,2025-11-17,Lead,1-99,SMB
LEAD_002249,ACC_00238,Paid Search,Search - Competitor,Paid Search,2024-12-21,Lead,100-999,Mid-Market
LEAD_002250,ACC_00170,Paid Search,Search - Nonbrand,Paid Search,2025-09-25,MQL,1000+,Enterprise
LEAD_002251,ACC_00060,Organic,SEO,Organic,2025-07-07,SQL,1-99,SMB
LEAD_002252,ACC_00597,Paid Search,Search - Competitor,Paid Search,2024-06-05,Lead,100-999,Mid-Market
LEAD_002253,ACC_00122,Events,Executive Roundtable,Events,2025-09-16,MQL,100-999,Mid-Market
LEAD_002254,ACC_00701,Paid Social,LinkedIn ABM,Paid Social,2025-05-26,Lead,1-99,SMB
LEAD_002255,ACC_00521,Paid Search,Search - Nonbrand,Paid Search,2024-01-10,Converted,1000+,Enterprise
LEAD_002256,ACC_00763,Outbound,Named Account Outreach,Outbound,2025-02-19,Converted,1-99,SMB
LEAD_002257,ACC_00250,Organic,SEO,Organic,2025-04-23,Lead,1-99,SMB
LEAD_002258,ACC_00175,Paid Search,Search - Nonbrand,Paid Search,2025-08-08,MQL,1-99,SMB
LEAD_002259,ACC_00121,Referral,Employee Referral,Referral,2025-07-17,Lead,100-999,Mid-Market
LEAD_002260,ACC_00115,Organic,Product Blog,Organic,2024-12-13,SQL,1-99,SMB
LEAD_002261,ACC_00087,Paid Social,LinkedIn Demand Gen,Paid Social,2024-08-06,MQL,100-999,Mid-Market
LEAD_002262,ACC_00311,Partner,Technology Partner,Partner,2024-05-20,MQL,1-99,SMB
LEAD_002263,ACC_00961,Paid Search,Search - Competitor,Paid Search,2024-03-06,Lead,100-999,Mid-Market
LEAD_002264,ACC_00729,Paid Search,Search - Competitor,Paid Search,2025-04-12,Lead,1-99,SMB
LEAD_002265,ACC_00301,Paid Search,Search - Nonbrand,Paid Search,2025-12-02,MQL,100-999,Mid-Market
LEAD_002266,ACC_01119,Paid Search,Search - Competitor,Paid Search,2024-02-28,MQL,1-99,SMB
LEAD_002267,ACC_00914,Referral,Employee Referral,Referral,2025-05-28,SQL,1000+,Enterprise
LEAD_002268,ACC_00935,Paid Social,LinkedIn Demand Gen,Paid Social,2025-03-03,SQL,100-999,Mid-Market
LEAD_002269,ACC_01079,Paid Social,LinkedIn ABM,Paid Social,2024-05-05,MQL,100-999,Mid-Market
LEAD_002270,ACC_00895,Paid Search,Search - Nonbrand,Paid Search,2024-06-04,MQL,100-999,Mid-Market
LEAD_002271,ACC_01149,Referral,Employee Referral,Referral,2024-07-26,Converted,100-999,Mid-Market
LEAD_002272,ACC_00397,Organic,Product Blog,Organic,2025-05-15,SQL,1000+,Enterprise
LEAD_002273,ACC_01028,Events,Industry Conference,Events,2024-08-06,SQL,1-99,SMB
LEAD_002274,ACC_00135,Paid Search,Search - Nonbrand,Paid Search,2025-08-28,Converted,100-999,Mid-Market
LEAD_002275,ACC_00361,Referral,Employee Referral,Referral,2024-09-27,Lead,1000+,Enterprise
LEAD_002276,ACC_01071,Paid Search,Search - Competitor,Paid Search,2024-03-21,MQL,1000+,Enterprise
LEAD_002277,ACC_00161,Organic,Product Blog,Organic,2024-03-10,MQL,1-99,SMB
LEAD_002278,ACC_00602,Paid Social,Paid Social Retargeting,Paid Social,2024-10-19,Lead,100-999,Mid-Market
LEAD_002279,ACC_00409,Paid Search,Search - Brand,Paid Search,2024-10-25,MQL,1-99,SMB
LEAD_002280,ACC_00121,Outbound,Named Account Outreach,Outbound,2025-06-20,Lead,100-999,Mid-Market
LEAD_002281,ACC_00284,Partner,Reseller,Partner,2024-12-15,MQL,1-99,SMB
LEAD_002282,ACC_00642,Outbound,SDR Outbound,Outbound,2024-04-29,Lead,100-999,Mid-Market
LEAD_002283,ACC_00757,Organic,Product Blog,Organic,2024-06-04,SQL,1-99,SMB
LEAD_002284,ACC_00811,Outbound,SDR Outbound,Outbound,2025-02-18,MQL,1-99,SMB
LEAD_002285,ACC_00158,Paid Search,Search - Competitor,Paid Search,2024-09-01,MQL,100-999,Mid-Market
LEAD_002286,ACC_00384,Referral,Employee Referral,Referral,2025-05-06,Lead,1-99,SMB
LEAD_002287,ACC_00125,Outbound,SDR Outbound,Outbound,2025-11-05,MQL,1-99,SMB
LEAD_002288,ACC_00012,Partner,Technology Partner,Partner,2024-09-16,Lead,1000+,Enterprise
LEAD_002289,ACC_00469,Events,Executive Roundtable,Events,2025-02-07,Lead,1-99,SMB
LEAD_002290,ACC_00746,Partner,Technology Partner,Partner,2025-08-31,Lead,100-999,Mid-Market
LEAD_002291,ACC_00445,Partner,Technology Partner,Partner,2024-06-02,SQL,1-99,SMB
LEAD_002292,ACC_00049,Paid Search,Search - Nonbrand,Paid Search,2025-01-08,Lead,100-999,Mid-Market
LEAD_002293,ACC_00264,Outbound,SDR Outbound,Outbound,2024-08-11,MQL,1-99,SMB
LEAD_002294,ACC_00520,Paid Search,Search - Competitor,Paid Search,2025-04-03,Converted,1000+,Enterprise
LEAD_002295,ACC_00427,Organic,SEO,Organic,2025-06-27,Lead,1-99,SMB
LEAD_002296,ACC_00990,Events,Industry Conference,Events,2024-04-12,SQL,100-999,Mid-Market
LEAD_002297,ACC_00718,Organic,Product Blog,Organic,2024-05-17,Lead,1-99,SMB
LEAD_002298,ACC_01199,Outbound,SDR Outbound,Outbound,2024-01-17,Lead,1-99,SMB
LEAD_002299,ACC_00211,Organic,SEO,Organic,2024-01-09,Lead,100-999,Mid-Market
LEAD_002300,ACC_00445,Paid Social,LinkedIn ABM,Paid Social,2024-02-07,MQL,1-99,SMB
LEAD_002301,ACC_00105,Events,Webinar,Events,2025-05-31,Converted,100-999,Mid-Market
LEAD_002302,ACC_00025,Organic,Content Hub,Organic,2025-10-22,MQL,100-999,Mid-Market
LEAD_002303,ACC_01109,Outbound,Named Account Outreach,Outbound,2024-10-26,MQL,1000+,Enterprise
LEAD_002304,ACC_00592,Partner,Cloud Partner,Partner,2025-10-07,Lead,1-99,SMB
LEAD_002305,ACC_00792,Events,Webinar,Events,2025-06-17,Converted,1-99,SMB
LEAD_002306,ACC_00332,Organic,Product Blog,Organic,2025-08-13,MQL,1-99,SMB
LEAD_002307,ACC_00062,Events,Industry Conference,Events,2025-06-24,Lead,1-99,SMB
LEAD_002308,ACC_01072,Paid Social,LinkedIn Demand Gen,Paid Social,2024-05-25,Converted,100-999,Mid-Market
LEAD_002309,ACC_00791,Paid Social,Paid Social Retargeting,Paid Social,2025-01-17,Lead,1-99,SMB
LEAD_002310,ACC_00854,Paid Search,Search - Competitor,Paid Search,2025-01-19,MQL,1000+,Enterprise
LEAD_002311,ACC_00641,Paid Search,Search - Nonbrand,Paid Search,2025-04-14,Lead,100-999,Mid-Market
LEAD_002312,ACC_00486,Paid Social,Paid Social Retargeting,Paid Social,2025-08-04,Lead,1-99,SMB
LEAD_002313,ACC_00507,Organic,Product Blog,Organic,2024-03-23,SQL,1-99,SMB
LEAD_002314,ACC_00915,Paid Social,LinkedIn ABM,Paid Social,2025-05-08,MQL,1000+,Enterprise
LEAD_002315,ACC_00273,Partner,Technology Partner,Partner,2025-08-31,Converted,1-99,SMB
LEAD_002316,ACC_00410,Paid Social,LinkedIn ABM,Paid Social,2024-03-25,MQL,1000+,Enterprise
LEAD_002317,ACC_00369,Organic,Product Blog,Organic,2024-10-30,MQL,1-99,SMB
LEAD_002318,ACC_00627,Paid Search,Search - Brand,Paid Search,2025-10-16,MQL,100-999,Mid-Market
LEAD_002319,ACC_01162,Paid Social,Paid Social Retargeting,Paid Social,2024-01-18,MQL,100-999,Mid-Market
LEAD_002320,ACC_01108,Outbound,Named Account Outreach,Outbound,2024-04-27,MQL,1-99,SMB
LEAD_002321,ACC_00654,Referral,Employee Referral,Referral,2025-08-10,MQL,1-99,SMB
LEAD_002322,ACC_00241,Partner,Technology Partner,Partner,2024-05-05,MQL,1000+,Enterprise
LEAD_002323,ACC_01129,Outbound,Named Account Outreach,Outbound,2025-05-28,SQL,100-999,Mid-Market
LEAD_002324,ACC_00376,Organic,Content Hub,Organic,2025-10-20,Lead,1-99,SMB
LEAD_002325,ACC_00428,Referral,Customer Referral,Referral,2024-12-30,MQL,1000+,Enterprise
LEAD_002326,ACC_01063,Paid Search,Search - Nonbrand,Paid Search,2024-12-20,MQL,1-99,SMB
LEAD_002327,ACC_00316,Paid Search,Search - Competitor,Paid Search,2024-11-09,Lead,1-99,SMB
LEAD_002328,ACC_00555,Paid Search,Search - Nonbrand,Paid Search,2024-09-29,Lead,1-99,SMB
LEAD_002329,ACC_01101,Organic,Product Blog,Organic,2024-10-04,Converted,1-99,SMB
LEAD_002330,ACC_00382,Events,Webinar,Events,2025-02-08,MQL,1000+,Enterprise
LEAD_002331,ACC_00750,Paid Search,Search - Competitor,Paid Search,2025-10-16,MQL,1000+,Enterprise
LEAD_002332,ACC_00045,Paid Search,Search - Competitor,Paid Search,2025-12-18,SQL,1000+,Enterprise
LEAD_002333,ACC_01195,Organic,Product Blog,Organic,2025-09-24,Lead,1000+,Enterprise
LEAD_002334,ACC_00503,Referral,Employee Referral,Referral,2024-03-28,MQL,1000+,Enterprise
LEAD_002335,ACC_00805,Outbound,Named Account Outreach,Outbound,2024-08-12,Lead,1-99,SMB
LEAD_002336,ACC_00601,Referral,Customer Referral,Referral,2025-07-07,Lead,1-99,SMB
LEAD_002337,ACC_00521,Events,Industry Conference,Events,2025-02-02,Lead,1000+,Enterprise
LEAD_002338,ACC_00488,Referral,Employee Referral,Referral,2024-09-01,SQL,1-99,SMB
LEAD_002339,ACC_00022,Paid Social,Paid Social Retargeting,Paid Social,2024-08-15,Lead,1-99,SMB
LEAD_002340,ACC_00333,Organic,Content Hub,Organic,2024-03-26,Lead,100-999,Mid-Market
LEAD_002341,ACC_00457,Paid Search,Search - Brand,Paid Search,2024-08-30,MQL,1000+,Enterprise
LEAD_002342,ACC_00443,Paid Search,Search - Nonbrand,Paid Search,2024-11-04,Lead,100-999,Mid-Market
LEAD_002343,ACC_00329,Outbound,Named Account Outreach,Outbound,2024-10-31,Lead,100-999,Mid-Market
LEAD_002344,ACC_00771,Organic,Product Blog,Organic,2025-02-05,Lead,1-99,SMB
LEAD_002345,ACC_00995,Organic,SEO,Organic,2024-07-18,Lead,1000+,Enterprise
LEAD_002346,ACC_01070,Outbound,Named Account Outreach,Outbound,2024-05-30,Lead,1-99,SMB
LEAD_002347,ACC_01167,Organic,Content Hub,Organic,2025-10-10,Lead,1000+,Enterprise
LEAD_002348,ACC_00780,Organic,Content Hub,Organic,2024-10-23,Converted,1000+,Enterprise
LEAD_002349,ACC_00494,Organic,Content Hub,Organic,2024-07-05,Converted,1-99,SMB
LEAD_002350,ACC_00776,Outbound,Named Account Outreach,Outbound,2025-04-09,SQL,1000+,Enterprise
LEAD_002351,ACC_00159,Organic,Content Hub,Organic,2025-01-31,Lead,100-999,Mid-Market
LEAD_002352,ACC_00981,Organic,SEO,Organic,2025-02-25,SQL,1000+,Enterprise
LEAD_002353,ACC_00642,Paid Search,Search - Competitor,Paid Search,2024-06-10,MQL,100-999,Mid-Market
LEAD_002354,ACC_00199,Outbound,Named Account Outreach,Outbound,2025-06-12,Lead,1-99,SMB
LEAD_002355,ACC_00511,Organic,Content Hub,Organic,2024-05-20,Converted,1-99,SMB
LEAD_002356,ACC_00362,Organic,Content Hub,Organic,2025-09-03,SQL,1-99,SMB
LEAD_002357,ACC_00420,Referral,Customer Referral,Referral,2024-11-05,Lead,1000+,Enterprise
LEAD_002358,ACC_00061,Events,Webinar,Events,2024-10-26,Converted,100-999,Mid-Market
LEAD_002359,ACC_00020,Organic,SEO,Organic,2024-10-10,Lead,100-999,Mid-Market
LEAD_002360,ACC_00420,Paid Search,Search - Nonbrand,Paid Search,2024-11-05,MQL,1000+,Enterprise
LEAD_002361,ACC_00363,Organic,Product Blog,Organic,2025-05-01,Lead,1-99,SMB
LEAD_002362,ACC_01199,Outbound,SDR Outbound,Outbound,2024-12-29,Lead,1-99,SMB
LEAD_002363,ACC_00316,Paid Search,Search - Nonbrand,Paid Search,2024-04-02,Converted,1-99,SMB
LEAD_002364,ACC_00396,Referral,Employee Referral,Referral,2025-02-18,MQL,1-99,SMB
LEAD_002365,ACC_01099,Events,Executive Roundtable,Events,2024-07-14,MQL,1000+,Enterprise
LEAD_002366,ACC_01032,Partner,Reseller,Partner,2024-03-20,SQL,100-999,Mid-Market
LEAD_002367,ACC_00069,Organic,Product Blog,Organic,2025-09-05,SQL,1-99,SMB
LEAD_002368,ACC_00103,Referral,Employee Referral,Referral,2024-08-16,Converted,1-99,SMB
LEAD_002369,ACC_00114,Outbound,SDR Outbound,Outbound,2025-03-10,Converted,100-999,Mid-Market
LEAD_002370,ACC_00552,Outbound,SDR Outbound,Outbound,2024-05-05,Converted,1-99,SMB
LEAD_002371,ACC_00688,Organic,Product Blog,Organic,2024-09-05,MQL,1000+,Enterprise
LEAD_002372,ACC_00422,Outbound,Named Account Outreach,Outbound,2024-10-09,Lead,1-99,SMB
LEAD_002373,ACC_00016,Events,Executive Roundtable,Events,2024-04-07,Converted,1-99,SMB
LEAD_002374,ACC_00242,Referral,Employee Referral,Referral,2025-12-12,Lead,100-999,Mid-Market
LEAD_002375,ACC_00738,Partner,Cloud Partner,Partner,2024-08-15,Lead,1-99,SMB
LEAD_002376,ACC_00448,Paid Social,LinkedIn ABM,Paid Social,2025-03-01,Lead,100-999,Mid-Market
LEAD_002377,ACC_00149,Paid Social,Paid Social Retargeting,Paid Social,2025-02-17,Lead,1-99,SMB
LEAD_002378,ACC_00782,Outbound,SDR Outbound,Outbound,2024-11-09,MQL,1000+,Enterprise
LEAD_002379,ACC_00737,Referral,Customer Referral,Referral,2025-03-04,Converted,1-99,SMB
LEAD_002380,ACC_00589,Partner,Cloud Partner,Partner,2025-02-17,MQL,1-99,SMB
LEAD_002381,ACC_01129,Paid Search,Search - Competitor,Paid Search,2024-02-28,MQL,100-999,Mid-Market
LEAD_002382,ACC_01014,Organic,Product Blog,Organic,2025-05-04,MQL,1000+,Enterprise
LEAD_002383,ACC_00048,Partner,Cloud Partner,Partner,2024-03-24,MQL,1-99,SMB
LEAD_002384,ACC_01086,Events,Executive Roundtable,Events,2024-11-13,Lead,100-999,Mid-Market
LEAD_002385,ACC_00060,Organic,SEO,Organic,2024-09-23,Lead,1-99,SMB
LEAD_002386,ACC_00579,Paid Search,Search - Brand,Paid Search,2024-11-23,SQL,1000+,Enterprise
LEAD_002387,ACC_01083,Referral,Customer Referral,Referral,2024-02-22,SQL,1000+,Enterprise
LEAD_002388,ACC_01179,Paid Social,LinkedIn Demand Gen,Paid Social,2025-05-27,Lead,1-99,SMB
LEAD_002389,ACC_00028,Paid Search,Search - Nonbrand,Paid Search,2024-11-01,Lead,1-99,SMB
LEAD_002390,ACC_00087,Paid Search,Search - Competitor,Paid Search,2024-02-14,Lead,100-999,Mid-Market
LEAD_002391,ACC_00290,Paid Social,LinkedIn Demand Gen,Paid Social,2024-01-03,MQL,1-99,SMB
LEAD_002392,ACC_00332,Organic,SEO,Organic,2025-01-29,Lead,1-99,SMB
LEAD_002393,ACC_00336,Outbound,SDR Outbound,Outbound,2025-05-02,Lead,100-999,Mid-Market
LEAD_002394,ACC_00501,Partner,Cloud Partner,Partner,2025-02-04,Converted,100-999,Mid-Market
LEAD_002395,ACC_00383,Partner,Technology Partner,Partner,2025-06-10,SQL,100-999,Mid-Market
LEAD_002396,ACC_00700,Partner,Cloud Partner,Partner,2025-07-07,Lead,1-99,SMB
LEAD_002397,ACC_01025,Organic,Content Hub,Organic,2025-09-29,MQL,100-999,Mid-Market
LEAD_002398,ACC_00656,Organic,Product Blog,Organic,2025-12-19,Lead,1-99,SMB
LEAD_002399,ACC_00399,Organic,Content Hub,Organic,2025-10-08,Lead,1-99,SMB
LEAD_002400,ACC_00682,Organic,Content Hub,Organic,2025-08-04,MQL,1-99,SMB
LEAD_002401,ACC_00745,Outbound,SDR Outbound,Outbound,2024-11-11,Lead,100-999,Mid-Market
LEAD_002402,ACC_01076,Organic,Content Hub,Organic,2025-01-03,Lead,1-99,SMB
LEAD_002403,ACC_01137,Outbound,Named Account Outreach,Outbound,2025-03-26,Converted,1-99,SMB
LEAD_002404,ACC_00334,Organic,Content Hub,Organic,2024-05-03,SQL,1000+,Enterprise
LEAD_002405,ACC_01102,Organic,Product Blog,Organic,2025-05-10,Converted,1-99,SMB
LEAD_002406,ACC_00981,Organic,SEO,Organic,2025-03-06,Converted,1000+,Enterprise
LEAD_002407,ACC_00154,Paid Social,LinkedIn ABM,Paid Social,2025-01-15,Lead,100-999,Mid-Market
LEAD_002408,ACC_00670,Partner,Technology Partner,Partner,2025-09-01,MQL,1-99,SMB
LEAD_002409,ACC_00183,Events,Executive Roundtable,Events,2025-05-17,Lead,100-999,Mid-Market
LEAD_002410,ACC_00589,Organic,SEO,Organic,2025-11-12,MQL,1-99,SMB
LEAD_002411,ACC_00054,Partner,Technology Partner,Partner,2025-12-14,Lead,100-999,Mid-Market
LEAD_002412,ACC_00360,Outbound,SDR Outbound,Outbound,2025-08-26,Lead,100-999,Mid-Market
LEAD_002413,ACC_00706,Paid Search,Search - Brand,Paid Search,2024-08-05,Lead,100-999,Mid-Market
LEAD_002414,ACC_00365,Organic,Content Hub,Organic,2024-05-18,SQL,100-999,Mid-Market
LEAD_002415,ACC_00013,Organic,SEO,Organic,2024-08-06,Lead,100-999,Mid-Market
LEAD_002416,ACC_00467,Organic,SEO,Organic,2025-06-04,MQL,100-999,Mid-Market
LEAD_002417,ACC_00650,Referral,Employee Referral,Referral,2025-09-23,SQL,1-99,SMB
LEAD_002418,ACC_00917,Paid Search,Search - Nonbrand,Paid Search,2025-10-05,SQL,1-99,SMB
LEAD_002419,ACC_00164,Paid Social,LinkedIn ABM,Paid Social,2025-05-14,Lead,1-99,SMB
LEAD_002420,ACC_00573,Outbound,Named Account Outreach,Outbound,2025-05-12,Lead,100-999,Mid-Market
LEAD_002421,ACC_00239,Paid Search,Search - Brand,Paid Search,2025-11-26,Converted,1-99,SMB
LEAD_002422,ACC_00185,Partner,Cloud Partner,Partner,2025-05-16,MQL,100-999,Mid-Market
LEAD_002423,ACC_00147,Organic,Content Hub,Organic,2024-04-13,Lead,1-99,SMB
LEAD_002424,ACC_00912,Paid Social,Paid Social Retargeting,Paid Social,2024-12-31,Converted,1000+,Enterprise
LEAD_002425,ACC_01104,Organic,Product Blog,Organic,2024-09-19,Lead,1000+,Enterprise
LEAD_002426,ACC_00797,Paid Search,Search - Brand,Paid Search,2025-04-10,Lead,1-99,SMB
LEAD_002427,ACC_00454,Paid Search,Search - Nonbrand,Paid Search,2025-04-09,Lead,1-99,SMB
LEAD_002428,ACC_01140,Outbound,Named Account Outreach,Outbound,2024-08-03,Lead,100-999,Mid-Market
LEAD_002429,ACC_00597,Outbound,Named Account Outreach,Outbound,2024-08-07,Lead,100-999,Mid-Market
LEAD_002430,ACC_00636,Outbound,Named Account Outreach,Outbound,2024-03-05,MQL,1-99,SMB
LEAD_002431,ACC_00762,Organic,SEO,Organic,2024-08-02,Lead,1-99,SMB
LEAD_002432,ACC_00786,Referral,Employee Referral,Referral,2025-08-28,MQL,1-99,SMB
LEAD_002433,ACC_00591,Organic,Content Hub,Organic,2025-04-23,Converted,1000+,Enterprise
LEAD_002434,ACC_00576,Events,Industry Conference,Events,2025-11-20,SQL,100-999,Mid-Market
LEAD_002435,ACC_00382,Outbound,SDR Outbound,Outbound,2025-11-08,MQL,1000+,Enterprise
LEAD_002436,ACC_00817,Partner,Reseller,Partner,2025-09-18,Converted,1000+,Enterprise
LEAD_002437,ACC_00807,Paid Social,LinkedIn ABM,Paid Social,2024-05-11,Lead,100-999,Mid-Market
LEAD_002438,ACC_00524,Outbound,Named Account Outreach,Outbound,2024-09-01,MQL,100-999,Mid-Market
LEAD_002439,ACC_00855,Outbound,Named Account Outreach,Outbound,2024-02-12,Lead,1-99,SMB
LEAD_002440,ACC_00166,Organic,Product Blog,Organic,2024-03-09,MQL,1-99,SMB
LEAD_002441,ACC_00500,Events,Industry Conference,Events,2024-06-17,Lead,100-999,Mid-Market
LEAD_002442,ACC_01185,Organic,SEO,Organic,2024-07-23,MQL,1-99,SMB
LEAD_002443,ACC_00881,Paid Social,Paid Social Retargeting,Paid Social,2024-01-12,Lead,1-99,SMB
LEAD_002444,ACC_00865,Partner,Reseller,Partner,2025-09-08,Lead,1-99,SMB
LEAD_002445,ACC_01036,Events,Webinar,Events,2025-01-20,MQL,100-999,Mid-Market
LEAD_002446,ACC_00731,Paid Social,Paid Social Retargeting,Paid Social,2025-04-24,Lead,1-99,SMB
LEAD_002447,ACC_00796,Paid Search,Search - Competitor,Paid Search,2025-04-22,MQL,1-99,SMB
LEAD_002448,ACC_00578,Paid Social,LinkedIn ABM,Paid Social,2025-12-07,MQL,100-999,Mid-Market
LEAD_002449,ACC_00992,Paid Search,Search - Brand,Paid Search,2024-04-17,MQL,100-999,Mid-Market
LEAD_002450,ACC_00854,Paid Social,Paid Social Retargeting,Paid Social,2024-09-07,SQL,1000+,Enterprise
LEAD_002451,ACC_00629,Paid Social,Paid Social Retargeting,Paid Social,2024-08-13,SQL,100-999,Mid-Market
LEAD_002452,ACC_00153,Outbound,Named Account Outreach,Outbound,2025-02-07,Converted,1-99,SMB
LEAD_002453,ACC_00968,Paid Search,Search - Nonbrand,Paid Search,2025-01-19,Lead,1-99,SMB
LEAD_002454,ACC_00392,Organic,Product Blog,Organic,2025-07-31,MQL,1-99,SMB
LEAD_002455,ACC_00431,Paid Social,LinkedIn Demand Gen,Paid Social,2025-02-13,SQL,1000+,Enterprise
LEAD_002456,ACC_00150,Organic,SEO,Organic,2024-06-20,Lead,1-99,SMB
LEAD_002457,ACC_00261,Paid Search,Search - Nonbrand,Paid Search,2025-02-16,Lead,1-99,SMB
LEAD_002458,ACC_00152,Paid Search,Search - Competitor,Paid Search,2025-12-05,Lead,1000+,Enterprise
LEAD_002459,ACC_00117,Paid Social,LinkedIn ABM,Paid Social,2025-02-27,MQL,100-999,Mid-Market
LEAD_002460,ACC_00026,Paid Search,Search - Brand,Paid Search,2025-03-09,Lead,1-99,SMB
LEAD_002461,ACC_00354,Partner,Cloud Partner,Partner,2024-05-08,MQL,100-999,Mid-Market
LEAD_002462,ACC_00908,Events,Webinar,Events,2024-01-06,MQL,1-99,SMB
LEAD_002463,ACC_01037,Partner,Reseller,Partner,2024-06-02,MQL,1-99,SMB
LEAD_002464,ACC_00273,Paid Search,Search - Brand,Paid Search,2024-01-19,Lead,1-99,SMB
LEAD_002465,ACC_00509,Organic,SEO,Organic,2024-11-26,SQL,100-999,Mid-Market
LEAD_002466,ACC_00999,Organic,Content Hub,Organic,2025-10-06,MQL,1000+,Enterprise
LEAD_002467,ACC_00849,Partner,Reseller,Partner,2024-11-22,Lead,1-99,SMB
LEAD_002468,ACC_01086,Outbound,SDR Outbound,Outbound,2025-04-16,Lead,100-999,Mid-Market
LEAD_002469,ACC_00505,Organic,Content Hub,Organic,2025-09-17,Lead,100-999,Mid-Market
LEAD_002470,ACC_00203,Organic,Content Hub,Organic,2025-07-11,Converted,100-999,Mid-Market
LEAD_002471,ACC_00172,Paid Search,Search - Nonbrand,Paid Search,2025-04-20,Lead,100-999,Mid-Market
LEAD_002472,ACC_00851,Paid Search,Search - Nonbrand,Paid Search,2025-07-27,Lead,1-99,SMB
LEAD_002473,ACC_00032,Referral,Customer Referral,Referral,2024-07-24,Lead,1000+,Enterprise
LEAD_002474,ACC_00553,Organic,Content Hub,Organic,2024-11-03,Lead,1-99,SMB
LEAD_002475,ACC_00424,Organic,Product Blog,Organic,2024-10-18,Lead,1-99,SMB
LEAD_002476,ACC_01103,Paid Search,Search - Nonbrand,Paid Search,2025-08-06,SQL,100-999,Mid-Market
LEAD_002477,ACC_01198,Organic,Product Blog,Organic,2024-10-25,MQL,100-999,Mid-Market
LEAD_002478,ACC_00582,Organic,SEO,Organic,2025-11-16,SQL,100-999,Mid-Market
LEAD_002479,ACC_00697,Paid Social,LinkedIn ABM,Paid Social,2024-05-16,Lead,100-999,Mid-Market
LEAD_002480,ACC_00455,Paid Search,Search - Competitor,Paid Search,2024-05-05,MQL,1-99,SMB
LEAD_002481,ACC_00933,Organic,SEO,Organic,2025-06-07,SQL,1-99,SMB
LEAD_002482,ACC_00354,Partner,Reseller,Partner,2025-07-12,MQL,100-999,Mid-Market
LEAD_002483,ACC_00894,Paid Social,LinkedIn Demand Gen,Paid Social,2025-05-11,SQL,1-99,SMB
LEAD_002484,ACC_01085,Organic,SEO,Organic,2024-08-12,MQL,1000+,Enterprise
LEAD_002485,ACC_00207,Events,Webinar,Events,2024-01-07,MQL,1-99,SMB
LEAD_002486,ACC_00272,Paid Search,Search - Competitor,Paid Search,2024-08-23,MQL,1-99,SMB
LEAD_002487,ACC_00454,Referral,Employee Referral,Referral,2024-12-07,Lead,1-99,SMB
LEAD_002488,ACC_00994,Referral,Customer Referral,Referral,2024-10-28,SQL,1-99,SMB
LEAD_002489,ACC_00770,Paid Social,Paid Social Retargeting,Paid Social,2025-11-05,Lead,100-999,Mid-Market
LEAD_002490,ACC_00234,Paid Search,Search - Nonbrand,Paid Search,2025-09-23,Lead,100-999,Mid-Market
LEAD_002491,ACC_00442,Events,Webinar,Events,2025-07-20,SQL,1-99,SMB
LEAD_002492,ACC_00773,Paid Search,Search - Competitor,Paid Search,2024-01-17,MQL,100-999,Mid-Market
LEAD_002493,ACC_01158,Organic,SEO,Organic,2024-04-03,SQL,1-99,SMB
LEAD_002494,ACC_00542,Partner,Cloud Partner,Partner,2024-11-13,Converted,100-999,Mid-Market
LEAD_002495,ACC_00090,Paid Social,LinkedIn ABM,Paid Social,2025-03-30,Lead,100-999,Mid-Market
LEAD_002496,ACC_00126,Events,Webinar,Events,2025-05-12,MQL,100-999,Mid-Market
LEAD_002497,ACC_00035,Outbound,SDR Outbound,Outbound,2024-08-04,Converted,1-99,SMB
LEAD_002498,ACC_00152,Events,Webinar,Events,2024-03-21,Lead,1000+,Enterprise
LEAD_002499,ACC_00496,Outbound,Named Account Outreach,Outbound,2024-08-27,MQL,100-999,Mid-Market
LEAD_002500,ACC_00338,Partner,Reseller,Partner,2025-08-02,Converted,100-999,Mid-Market
LEAD_002501,ACC_00362,Paid Social,Paid Social Retargeting,Paid Social,2025-12-22,Lead,1-99,SMB
LEAD_002502,ACC_00920,Referral,Employee Referral,Referral,2025-11-19,Converted,100-999,Mid-Market
LEAD_002503,ACC_00573,Referral,Customer Referral,Referral,2025-03-09,MQL,100-999,Mid-Market
LEAD_002504,ACC_00875,Events,Industry Conference,Events,2024-03-07,Converted,100-999,Mid-Market
LEAD_002505,ACC_00651,Outbound,SDR Outbound,Outbound,2025-12-08,MQL,1-99,SMB
LEAD_002506,ACC_00247,Partner,Technology Partner,Partner,2024-04-21,MQL,100-999,Mid-Market
LEAD_002507,ACC_01138,Paid Search,Search - Nonbrand,Paid Search,2024-07-15,SQL,1-99,SMB
LEAD_002508,ACC_00572,Events,Executive Roundtable,Events,2025-12-13,Lead,1000+,Enterprise
LEAD_002509,ACC_01004,Organic,Product Blog,Organic,2025-01-03,MQL,1-99,SMB
LEAD_002510,ACC_00117,Paid Search,Search - Nonbrand,Paid Search,2024-05-24,Converted,100-999,Mid-Market
LEAD_002511,ACC_01020,Paid Social,LinkedIn ABM,Paid Social,2025-01-02,Converted,1-99,SMB
LEAD_002512,ACC_00860,Partner,Technology Partner,Partner,2024-02-27,Converted,100-999,Mid-Market
LEAD_002513,ACC_00300,Partner,Cloud Partner,Partner,2024-08-18,MQL,100-999,Mid-Market
LEAD_002514,ACC_00952,Organic,SEO,Organic,2025-11-27,MQL,1-99,SMB
LEAD_002515,ACC_00892,Organic,Product Blog,Organic,2024-08-06,MQL,1000+,Enterprise
LEAD_002516,ACC_01073,Paid Search,Search - Competitor,Paid Search,2025-10-14,MQL,1-99,SMB
LEAD_002517,ACC_00252,Paid Search,Search - Brand,Paid Search,2025-01-31,SQL,1000+,Enterprise
LEAD_002518,ACC_01063,Organic,Product Blog,Organic,2025-04-24,Lead,1-99,SMB
LEAD_002519,ACC_00915,Outbound,SDR Outbound,Outbound,2025-05-28,MQL,1000+,Enterprise
LEAD_002520,ACC_00406,Paid Search,Search - Brand,Paid Search,2025-02-07,MQL,1000+,Enterprise
LEAD_002521,ACC_00421,Paid Search,Search - Nonbrand,Paid Search,2024-01-26,Lead,100-999,Mid-Market
LEAD_002522,ACC_00306,Paid Search,Search - Competitor,Paid Search,2025-11-02,Lead,1-99,SMB
LEAD_002523,ACC_00573,Paid Social,LinkedIn Demand Gen,Paid Social,2024-12-13,Lead,100-999,Mid-Market
LEAD_002524,ACC_01076,Events,Industry Conference,Events,2025-04-24,SQL,1-99,SMB
LEAD_002525,ACC_01006,Organic,Product Blog,Organic,2025-02-08,Converted,1-99,SMB
LEAD_002526,ACC_00176,Paid Search,Search - Brand,Paid Search,2025-04-26,MQL,1-99,SMB
LEAD_002527,ACC_00158,Outbound,Named Account Outreach,Outbound,2024-09-16,Converted,100-999,Mid-Market
LEAD_002528,ACC_00072,Organic,SEO,Organic,2025-09-08,SQL,1-99,SMB
LEAD_002529,ACC_00737,Events,Executive Roundtable,Events,2024-06-12,Lead,1-99,SMB
LEAD_002530,ACC_00378,Referral,Employee Referral,Referral,2025-04-22,Lead,1-99,SMB
LEAD_002531,ACC_00914,Partner,Cloud Partner,Partner,2025-02-26,Lead,1000+,Enterprise
LEAD_002532,ACC_00913,Referral,Employee Referral,Referral,2025-01-03,MQL,1000+,Enterprise
LEAD_002533,ACC_00238,Paid Social,LinkedIn ABM,Paid Social,2024-01-17,MQL,100-999,Mid-Market
LEAD_002534,ACC_00834,Paid Social,Paid Social Retargeting,Paid Social,2024-10-11,Lead,100-999,Mid-Market
LEAD_002535,ACC_00918,Organic,Content Hub,Organic,2024-02-04,Converted,1-99,SMB
LEAD_002536,ACC_01185,Organic,Content Hub,Organic,2025-01-02,MQL,1-99,SMB
LEAD_002537,ACC_00868,Paid Search,Search - Competitor,Paid Search,2025-05-17,Lead,100-999,Mid-Market
LEAD_002538,ACC_00432,Paid Social,LinkedIn ABM,Paid Social,2025-01-16,Converted,100-999,Mid-Market
LEAD_002539,ACC_01200,Paid Social,Paid Social Retargeting,Paid Social,2025-07-07,Converted,100-999,Mid-Market
LEAD_002540,ACC_00332,Organic,Content Hub,Organic,2024-09-20,SQL,1-99,SMB
LEAD_002541,ACC_00967,Partner,Technology Partner,Partner,2024-08-11,Converted,1000+,Enterprise
LEAD_002542,ACC_00454,Organic,Content Hub,Organic,2024-11-23,Converted,1-99,SMB
LEAD_002543,ACC_01123,Paid Search,Search - Competitor,Paid Search,2024-06-16,MQL,1000+,Enterprise
LEAD_002544,ACC_00939,Organic,SEO,Organic,2025-08-09,SQL,1000+,Enterprise
LEAD_002545,ACC_00720,Outbound,Named Account Outreach,Outbound,2025-08-14,Lead,1000+,Enterprise
LEAD_002546,ACC_00258,Paid Social,LinkedIn Demand Gen,Paid Social,2024-10-31,MQL,1-99,SMB
LEAD_002547,ACC_00227,Outbound,SDR Outbound,Outbound,2025-08-02,MQL,1-99,SMB
LEAD_002548,ACC_01138,Organic,Product Blog,Organic,2024-01-19,Lead,1-99,SMB
LEAD_002549,ACC_00963,Paid Social,LinkedIn ABM,Paid Social,2024-04-23,Lead,1-99,SMB
LEAD_002550,ACC_00616,Referral,Customer Referral,Referral,2024-07-25,Lead,100-999,Mid-Market
LEAD_002551,ACC_01053,Organic,SEO,Organic,2024-10-10,Lead,1-99,SMB
LEAD_002552,ACC_00940,Paid Social,LinkedIn Demand Gen,Paid Social,2024-06-18,Lead,1-99,SMB
LEAD_002553,ACC_00466,Organic,Content Hub,Organic,2025-01-09,Lead,100-999,Mid-Market
LEAD_002554,ACC_00993,Organic,Product Blog,Organic,2025-08-03,SQL,100-999,Mid-Market
LEAD_002555,ACC_00956,Paid Social,LinkedIn ABM,Paid Social,2024-11-29,SQL,1000+,Enterprise
LEAD_002556,ACC_00575,Organic,Product Blog,Organic,2024-11-24,SQL,1000+,Enterprise
LEAD_002557,ACC_00024,Paid Social,LinkedIn ABM,Paid Social,2024-02-13,Lead,1000+,Enterprise
LEAD_002558,ACC_00890,Referral,Customer Referral,Referral,2024-07-23,SQL,100-999,Mid-Market
LEAD_002559,ACC_00408,Organic,Content Hub,Organic,2025-08-13,Lead,1000+,Enterprise
LEAD_002560,ACC_00438,Organic,SEO,Organic,2025-08-15,Lead,100-999,Mid-Market
LEAD_002561,ACC_00857,Events,Webinar,Events,2024-03-17,MQL,100-999,Mid-Market
LEAD_002562,ACC_00974,Paid Social,LinkedIn Demand Gen,Paid Social,2024-01-15,Converted,1000+,Enterprise
LEAD_002563,ACC_00106,Referral,Customer Referral,Referral,2025-08-30,Converted,100-999,Mid-Market
LEAD_002564,ACC_00989,Paid Search,Search - Brand,Paid Search,2024-05-07,SQL,1-99,SMB
LEAD_002565,ACC_00352,Partner,Technology Partner,Partner,2025-02-23,SQL,1-99,SMB
LEAD_002566,ACC_00680,Referral,Employee Referral,Referral,2025-08-27,MQL,1-99,SMB
LEAD_002567,ACC_01043,Organic,Content Hub,Organic,2025-07-29,MQL,100-999,Mid-Market
LEAD_002568,,Events,Webinar,Events,2025-02-06,Lead,1000+,Enterprise
LEAD_002569,ACC_00266,Partner,Reseller,Partner,2024-10-02,Lead,1-99,SMB
LEAD_002570,ACC_01165,Events,Webinar,Events,2025-07-19,Converted,1-99,SMB
LEAD_002571,ACC_00448,Organic,Content Hub,Organic,2025-05-22,Converted,100-999,Mid-Market
LEAD_002572,ACC_01137,Paid Social,LinkedIn ABM,Paid Social,2025-09-04,Lead,1-99,SMB
LEAD_002573,ACC_00429,Organic,Product Blog,Organic,2025-01-10,Lead,1-99,SMB
LEAD_002574,ACC_00744,Referral,Customer Referral,Referral,2025-11-19,Lead,1-99,SMB
LEAD_002575,ACC_00613,Organic,Product Blog,Organic,2025-07-16,MQL,1000+,Enterprise
LEAD_002576,ACC_01181,Organic,Content Hub,Organic,2024-02-16,Lead,100-999,Mid-Market
LEAD_002577,ACC_00661,Referral,Customer Referral,Referral,2024-08-02,MQL,1-99,SMB
LEAD_002578,ACC_00604,Paid Search,Search - Brand,Paid Search,2025-08-07,Lead,100-999,Mid-Market
LEAD_002579,ACC_00560,Partner,Technology Partner,Partner,2024-03-25,Lead,100-999,Mid-Market
LEAD_002580,ACC_00451,Paid Search,Search - Nonbrand,Paid Search,2025-06-02,Lead,1-99,SMB
LEAD_002581,ACC_00529,Partner,Technology Partner,Partner,2024-09-05,SQL,100-999,Mid-Market
LEAD_002582,ACC_00553,Organic,SEO,Organic,2024-05-31,Lead,1-99,SMB
LEAD_002583,ACC_00917,Paid Social,Paid Social Retargeting,Paid Social,2025-01-29,MQL,1-99,SMB
LEAD_002584,ACC_00056,Paid Social,LinkedIn ABM,Paid Social,2025-11-12,MQL,100-999,Mid-Market
LEAD_002585,ACC_00602,Paid Search,Search - Brand,Paid Search,2025-10-18,SQL,100-999,Mid-Market
LEAD_002586,ACC_00659,Paid Search,Search - Brand,Paid Search,2024-10-22,Lead,100-999,Mid-Market
LEAD_002587,ACC_00904,Organic,Content Hub,Organic,2024-01-03,SQL,100-999,Mid-Market
LEAD_002588,ACC_00800,Outbound,Named Account Outreach,Outbound,2025-10-10,Lead,100-999,Mid-Market
LEAD_002589,ACC_00519,Organic,Product Blog,Organic,2025-10-17,MQL,1-99,SMB
LEAD_002590,ACC_00132,Paid Search,Search - Competitor,Paid Search,2025-03-18,MQL,1000+,Enterprise
LEAD_002591,ACC_00447,Paid Search,Search - Competitor,Paid Search,2025-04-04,Converted,1000+,Enterprise
LEAD_002592,ACC_00307,Paid Social,LinkedIn Demand Gen,Paid Social,2025-01-20,Converted,1-99,SMB
LEAD_002593,ACC_00245,Outbound,Named Account Outreach,Outbound,2024-01-10,SQL,100-999,Mid-Market
LEAD_002594,ACC_00866,Paid Social,LinkedIn ABM,Paid Social,2024-04-26,Converted,1000+,Enterprise
LEAD_002595,ACC_00574,Events,Industry Conference,Events,2024-04-14,Lead,100-999,Mid-Market
LEAD_002596,ACC_00953,Outbound,Named Account Outreach,Outbound,2025-10-30,MQL,1-99,SMB
LEAD_002597,ACC_00167,Events,Webinar,Events,2024-02-06,Lead,1000+,Enterprise
LEAD_002598,ACC_01184,Outbound,SDR Outbound,Outbound,2025-02-10,Lead,1-99,SMB
LEAD_002599,ACC_00569,Organic,Content Hub,Organic,2024-09-22,MQL,1-99,SMB
LEAD_002600,ACC_00304,Referral,Customer Referral,Referral,2024-01-05,SQL,100-999,Mid-Market
LEAD_002601,ACC_00436,Outbound,SDR Outbound,Outbound,2025-11-02,SQL,1-99,SMB
LEAD_002602,ACC_01010,Partner,Cloud Partner,Partner,2024-01-14,SQL,1-99,SMB
LEAD_002603,ACC_00852,Organic,Product Blog,Organic,2025-09-17,MQL,1-99,SMB
LEAD_002604,ACC_00207,Organic,Content Hub,Organic,2025-07-22,Converted,1-99,SMB
LEAD_002605,ACC_01189,Partner,Technology Partner,Partner,2025-08-03,SQL,1-99,SMB
LEAD_002606,ACC_00158,Paid Social,LinkedIn ABM,Paid Social,2024-04-28,SQL,100-999,Mid-Market
LEAD_002607,ACC_00331,Outbound,SDR Outbound,Outbound,2025-10-06,Lead,100-999,Mid-Market
LEAD_002608,ACC_00876,Paid Search,Search - Brand,Paid Search,2025-03-13,MQL,1000+,Enterprise
LEAD_002609,ACC_00636,Paid Social,LinkedIn ABM,Paid Social,2024-10-20,SQL,1-99,SMB
LEAD_002610,ACC_00536,Organic,SEO,Organic,2025-05-12,Converted,1-99,SMB
LEAD_002611,ACC_01112,Organic,Product Blog,Organic,2024-09-06,Lead,1-99,SMB
LEAD_002612,ACC_00953,Organic,SEO,Organic,2024-07-23,Lead,1-99,SMB
LEAD_002613,ACC_01155,Events,Webinar,Events,2024-07-29,Lead,100-999,Mid-Market
LEAD_002614,ACC_00340,Partner,Technology Partner,Partner,2025-02-20,MQL,1000+,Enterprise
LEAD_002615,ACC_01021,Referral,Customer Referral,Referral,2025-03-15,Converted,1000+,Enterprise
LEAD_002616,ACC_00256,Outbound,SDR Outbound,Outbound,2024-06-24,Lead,100-999,Mid-Market
LEAD_002617,ACC_00968,Outbound,SDR Outbound,Outbound,2024-06-28,Lead,1-99,SMB
LEAD_002618,ACC_00659,Paid Social,LinkedIn Demand Gen,Paid Social,2025-11-22,MQL,100-999,Mid-Market
LEAD_002619,ACC_00718,Events,Webinar,Events,2025-01-11,Lead,1-99,SMB
LEAD_002620,ACC_00139,Referral,Customer Referral,Referral,2025-09-20,Lead,100-999,Mid-Market
LEAD_002621,ACC_01056,Outbound,SDR Outbound,Outbound,2024-08-29,MQL,100-999,Mid-Market
LEAD_002622,ACC_00335,Organic,SEO,Organic,2024-07-29,MQL,1-99,SMB
LEAD_002623,ACC_00718,Partner,Cloud Partner,Partner,2024-07-25,Converted,1-99,SMB
LEAD_002624,ACC_00200,Organic,Product Blog,Organic,2025-01-21,SQL,1-99,SMB
LEAD_002625,ACC_01112,Organic,Content Hub,Organic,2025-07-23,Converted,1-99,SMB
LEAD_002626,ACC_00385,Outbound,SDR Outbound,Outbound,2024-12-31,Lead,1-99,SMB
LEAD_002627,ACC_00916,Events,Executive Roundtable,Events,2024-08-03,Converted,1000+,Enterprise
LEAD_002628,ACC_00919,Organic,Product Blog,Organic,2025-12-02,MQL,1-99,SMB
LEAD_002629,ACC_00661,Organic,Content Hub,Organic,2025-02-22,MQL,1-99,SMB
LEAD_002630,ACC_00145,Referral,Employee Referral,Referral,2024-10-15,MQL,1-99,SMB
LEAD_002631,ACC_00336,Organic,SEO,Organic,2024-01-08,Lead,100-999,Mid-Market
LEAD_002632,ACC_00735,Organic,Content Hub,Organic,2025-02-14,Lead,1-99,SMB
LEAD_002633,ACC_00644,Outbound,SDR Outbound,Outbound,2025-03-29,SQL,1-99,SMB
LEAD_002634,ACC_00702,Events,Executive Roundtable,Events,2025-11-09,SQL,1-99,SMB
LEAD_002635,ACC_00300,Paid Social,Paid Social Retargeting,Paid Social,2024-06-17,Lead,100-999,Mid-Market
LEAD_002636,ACC_00646,Paid Social,LinkedIn ABM,Paid Social,2024-04-29,MQL,1000+,Enterprise
LEAD_002637,ACC_00103,Paid Search,Search - Nonbrand,Paid Search,2025-12-31,SQL,1-99,SMB
LEAD_002638,ACC_00582,Paid Search,Search - Nonbrand,Paid Search,2025-02-06,MQL,100-999,Mid-Market
LEAD_002639,ACC_00110,Outbound,Named Account Outreach,Outbound,2024-01-20,Lead,1000+,Enterprise
LEAD_002640,ACC_00797,Events,Industry Conference,Events,2024-03-18,SQL,1-99,SMB
LEAD_002641,ACC_00681,Paid Search,Search - Competitor,Paid Search,2024-12-13,MQL,1-99,SMB
LEAD_002642,ACC_01023,Paid Search,Search - Competitor,Paid Search,2025-03-27,Converted,1000+,Enterprise
LEAD_002643,ACC_00555,Paid Search,Search - Competitor,Paid Search,2024-06-27,MQL,1-99,SMB
LEAD_002644,ACC_00195,Organic,SEO,Organic,2024-09-24,SQL,1-99,SMB
LEAD_002645,ACC_00283,Paid Search,Search - Competitor,Paid Search,2025-06-22,Lead,1-99,SMB
LEAD_002646,ACC_00977,Organic,Product Blog,Organic,2025-12-08,Converted,1-99,SMB
LEAD_002647,ACC_01150,Outbound,Named Account Outreach,Outbound,2024-12-24,Lead,1000+,Enterprise
LEAD_002648,ACC_00074,Paid Search,Search - Competitor,Paid Search,2024-10-30,SQL,1-99,SMB
LEAD_002649,ACC_00812,Outbound,Named Account Outreach,Outbound,2024-09-20,Converted,1-99,SMB
LEAD_002650,ACC_00579,Partner,Cloud Partner,Partner,2024-04-09,SQL,1000+,Enterprise
LEAD_002651,ACC_00310,Events,Webinar,Events,2024-02-08,MQL,1-99,SMB
LEAD_002652,ACC_00614,Referral,Employee Referral,Referral,2025-09-01,Lead,1000+,Enterprise
LEAD_002653,ACC_01123,Paid Search,Search - Competitor,Paid Search,2024-01-28,Lead,1000+,Enterprise
LEAD_002654,ACC_00238,Organic,Content Hub,Organic,2025-08-23,MQL,100-999,Mid-Market
LEAD_002655,ACC_01005,Outbound,Named Account Outreach,Outbound,2024-06-29,Lead,100-999,Mid-Market
LEAD_002656,ACC_00108,Organic,Content Hub,Organic,2025-05-22,Lead,1-99,SMB
LEAD_002657,ACC_00865,Paid Search,Search - Brand,Paid Search,2025-11-26,Converted,1-99,SMB
LEAD_002658,ACC_00090,Organic,Content Hub,Organic,2025-07-01,Lead,100-999,Mid-Market
LEAD_002659,ACC_00073,Referral,Employee Referral,Referral,2025-06-17,Lead,1000+,Enterprise
LEAD_002660,ACC_00045,Organic,SEO,Organic,2024-07-12,Lead,1000+,Enterprise
LEAD_002661,ACC_00966,Paid Social,Paid Social Retargeting,Paid Social,2025-03-13,MQL,100-999,Mid-Market
LEAD_002662,ACC_00689,Paid Social,LinkedIn Demand Gen,Paid Social,2025-04-14,MQL,100-999,Mid-Market
LEAD_002663,ACC_00829,Partner,Cloud Partner,Partner,2024-11-06,SQL,1000+,Enterprise
LEAD_002664,ACC_00187,Paid Search,Search - Brand,Paid Search,2024-01-28,MQL,1-99,SMB
LEAD_002665,ACC_01106,Events,Webinar,Events,2025-10-28,Lead,100-999,Mid-Market
LEAD_002666,ACC_00971,Outbound,SDR Outbound,Outbound,2024-05-23,MQL,1-99,SMB
LEAD_002667,ACC_00587,Paid Social,LinkedIn Demand Gen,Paid Social,2025-12-12,Lead,1-99,SMB
LEAD_002668,ACC_01079,Paid Search,Search - Brand,Paid Search,2025-11-12,SQL,100-999,Mid-Market
LEAD_002669,ACC_00172,Events,Executive Roundtable,Events,2024-01-14,Lead,100-999,Mid-Market
LEAD_002670,ACC_00351,Outbound,Named Account Outreach,Outbound,2025-06-24,Lead,100-999,Mid-Market
LEAD_002671,,Paid Search,Search - Nonbrand,Paid Search,2025-04-08,MQL,1-99,SMB
LEAD_002672,ACC_00198,Paid Search,Search - Competitor,Paid Search,2024-06-17,MQL,1000+,Enterprise
LEAD_002673,ACC_01010,Organic,Product Blog,Organic,2025-08-17,MQL,1-99,SMB
LEAD_002674,ACC_00492,Organic,SEO,Organic,2024-03-22,MQL,100-999,Mid-Market
LEAD_002675,ACC_00775,Organic,Content Hub,Organic,2024-06-30,Converted,1-99,SMB
LEAD_002676,ACC_01058,Organic,SEO,Organic,2025-11-24,Lead,1-99,SMB
LEAD_002677,ACC_00917,Organic,Content Hub,Organic,2025-06-27,MQL,1-99,SMB
LEAD_002678,ACC_00480,Events,Industry Conference,Events,2024-03-23,SQL,1-99,SMB
LEAD_002679,ACC_00418,Events,Webinar,Events,2024-04-15,Lead,100-999,Mid-Market
LEAD_002680,ACC_00131,Events,Executive Roundtable,Events,2024-07-06,MQL,1-99,SMB
LEAD_002681,ACC_00996,Partner,Cloud Partner,Partner,2024-02-21,SQL,1-99,SMB
LEAD_002682,ACC_01182,Partner,Reseller,Partner,2024-05-13,SQL,1-99,SMB
LEAD_002683,ACC_00601,Organic,Content Hub,Organic,2025-02-21,Converted,1-99,SMB
LEAD_002684,ACC_00600,Outbound,SDR Outbound,Outbound,2024-01-06,SQL,100-999,Mid-Market
LEAD_002685,ACC_01019,Paid Search,Search - Competitor,Paid Search,2024-07-29,Lead,1-99,SMB
LEAD_002686,ACC_00411,Paid Social,Paid Social Retargeting,Paid Social,2024-08-17,Converted,100-999,Mid-Market
LEAD_002687,ACC_00488,Referral,Customer Referral,Referral,2025-12-10,Lead,1-99,SMB
LEAD_002688,ACC_01073,Events,Industry Conference,Events,2025-12-13,MQL,1-99,SMB
LEAD_002689,ACC_00456,Paid Search,Search - Nonbrand,Paid Search,2025-09-10,SQL,1-99,SMB
LEAD_002690,ACC_01113,Outbound,Named Account Outreach,Outbound,2024-09-06,SQL,100-999,Mid-Market
LEAD_002691,ACC_00194,Organic,Product Blog,Organic,2025-01-20,Converted,1000+,Enterprise
LEAD_002692,ACC_00597,Organic,Product Blog,Organic,2025-01-03,Lead,100-999,Mid-Market
LEAD_002693,ACC_00588,Organic,Product Blog,Organic,2025-09-20,SQL,1-99,SMB
LEAD_002694,ACC_00369,Organic,SEO,Organic,2025-06-29,Lead,1-99,SMB
LEAD_002695,ACC_01156,Outbound,SDR Outbound,Outbound,2025-10-24,SQL,1-99,SMB
LEAD_002696,ACC_00580,Paid Search,Search - Brand,Paid Search,2025-02-06,MQL,1-99,SMB
LEAD_002697,ACC_01055,Organic,Product Blog,Organic,2025-11-02,Lead,1-99,SMB
LEAD_002698,ACC_00264,Referral,Customer Referral,Referral,2025-06-27,SQL,1-99,SMB
LEAD_002699,ACC_00419,Paid Social,LinkedIn Demand Gen,Paid Social,2025-06-24,MQL,1-99,SMB
LEAD_002700,ACC_00574,Paid Search,Search - Brand,Paid Search,2025-04-28,MQL,100-999,Mid-Market
LEAD_002701,ACC_00677,Paid Social,LinkedIn Demand Gen,Paid Social,2024-09-02,Converted,1000+,Enterprise
LEAD_002702,ACC_00276,Paid Social,LinkedIn Demand Gen,Paid Social,2025-03-20,MQL,1-99,SMB
LEAD_002703,ACC_00376,Paid Social,LinkedIn ABM,Paid Social,2024-09-17,MQL,1-99,SMB
LEAD_002704,ACC_00747,Partner,Cloud Partner,Partner,2025-04-19,Lead,1-99,SMB
LEAD_002705,ACC_00335,Referral,Customer Referral,Referral,2024-07-05,Lead,1-99,SMB
LEAD_002706,ACC_00912,Paid Search,Search - Competitor,Paid Search,2025-08-07,MQL,1000+,Enterprise
LEAD_002707,ACC_00573,Paid Social,LinkedIn ABM,Paid Social,2025-02-21,Lead,100-999,Mid-Market
LEAD_002708,ACC_01164,Organic,Product Blog,Organic,2025-06-03,Lead,1-99,SMB
LEAD_002709,ACC_00286,Events,Webinar,Events,2024-06-11,MQL,1-99,SMB
LEAD_002710,ACC_01012,Paid Search,Search - Brand,Paid Search,2025-08-01,MQL,100-999,Mid-Market
LEAD_002711,ACC_00589,Paid Search,Search - Competitor,Paid Search,2025-08-09,Lead,1-99,SMB
LEAD_002712,ACC_00104,Referral,Customer Referral,Referral,2024-04-16,MQL,1000+,Enterprise
LEAD_002713,ACC_00847,Partner,Reseller,Partner,2024-09-12,Converted,1-99,SMB
LEAD_002714,ACC_00254,Organic,SEO,Organic,2025-05-10,Lead,1-99,SMB
LEAD_002715,ACC_00167,Paid Search,Search - Competitor,Paid Search,2025-09-30,MQL,1000+,Enterprise
LEAD_002716,ACC_00639,Paid Search,Search - Nonbrand,Paid Search,2025-06-22,Lead,100-999,Mid-Market
LEAD_002717,ACC_00944,Referral,Employee Referral,Referral,2024-12-10,MQL,1-99,SMB
LEAD_002718,ACC_00310,Paid Social,LinkedIn Demand Gen,Paid Social,2024-08-07,SQL,1-99,SMB
LEAD_002719,ACC_00748,Paid Search,Search - Nonbrand,Paid Search,2025-10-27,Lead,1-99,SMB
LEAD_002720,ACC_00018,Partner,Technology Partner,Partner,2025-10-01,Lead,1-99,SMB
LEAD_002721,ACC_00222,Paid Social,Paid Social Retargeting,Paid Social,2025-10-17,SQL,100-999,Mid-Market
LEAD_002722,ACC_00906,Organic,Content Hub,Organic,2024-08-10,Lead,100-999,Mid-Market
LEAD_002723,ACC_00016,Events,Webinar,Events,2024-11-15,SQL,1-99,SMB
LEAD_002724,ACC_00430,Organic,Content Hub,Organic,2024-06-27,MQL,100-999,Mid-Market
LEAD_002725,ACC_00610,Referral,Employee Referral,Referral,2025-11-28,Lead,1-99,SMB
LEAD_002726,ACC_00080,Events,Executive Roundtable,Events,2025-09-25,SQL,100-999,Mid-Market
LEAD_002727,ACC_01175,Organic,Content Hub,Organic,2024-05-06,MQL,100-999,Mid-Market
LEAD_002728,ACC_00611,Outbound,Named Account Outreach,Outbound,2024-06-29,Lead,100-999,Mid-Market
LEAD_002729,ACC_00407,Outbound,SDR Outbound,Outbound,2025-02-07,Converted,1-99,SMB
LEAD_002730,ACC_01173,Partner,Technology Partner,Partner,2024-10-30,MQL,1-99,SMB
LEAD_002731,ACC_00671,Partner,Reseller,Partner,2024-12-02,SQL,1-99,SMB
LEAD_002732,ACC_00815,Organic,Content Hub,Organic,2024-09-25,Lead,1-99,SMB
LEAD_002733,ACC_00109,Organic,SEO,Organic,2025-05-07,Lead,1-99,SMB
LEAD_002734,ACC_00191,Outbound,Named Account Outreach,Outbound,2025-10-18,SQL,1000+,Enterprise
LEAD_002735,ACC_00055,Organic,Content Hub,Organic,2025-11-01,MQL,100-999,Mid-Market
LEAD_002736,ACC_00618,Paid Search,Search - Nonbrand,Paid Search,2024-11-28,Lead,1-99,SMB
LEAD_002737,ACC_01004,Paid Social,LinkedIn ABM,Paid Social,2025-08-28,SQL,1-99,SMB
LEAD_002738,ACC_01083,Organic,Product Blog,Organic,2025-05-22,SQL,1000+,Enterprise
LEAD_002739,ACC_00690,Outbound,SDR Outbound,Outbound,2024-05-23,Lead,100-999,Mid-Market
LEAD_002740,ACC_00066,Events,Executive Roundtable,Events,2025-08-03,SQL,100-999,Mid-Market
LEAD_002741,ACC_00752,Events,Industry Conference,Events,2024-09-13,MQL,1-99,SMB
LEAD_002742,ACC_00766,Organic,SEO,Organic,2025-04-03,MQL,1-99,SMB
LEAD_002743,ACC_00717,Paid Social,LinkedIn Demand Gen,Paid Social,2025-06-10,SQL,100-999,Mid-Market
LEAD_002744,ACC_00866,Events,Executive Roundtable,Events,2025-11-20,SQL,1000+,Enterprise
LEAD_002745,ACC_00669,Paid Search,Search - Competitor,Paid Search,2025-11-24,Converted,1-99,SMB
LEAD_002746,ACC_00845,Outbound,Named Account Outreach,Outbound,2025-08-09,SQL,1-99,SMB
LEAD_002747,ACC_00584,Partner,Reseller,Partner,2025-01-04,Lead,1-99,SMB
LEAD_002748,ACC_00181,Paid Search,Search - Brand,Paid Search,2024-10-19,SQL,1000+,Enterprise
LEAD_002749,ACC_00096,Paid Search,Search - Brand,Paid Search,2024-11-18,Converted,100-999,Mid-Market
LEAD_002750,ACC_01089,Partner,Reseller,Partner,2025-11-26,Converted,100-999,Mid-Market
LEAD_002751,ACC_00530,Organic,SEO,Organic,2024-05-29,Lead,1-99,SMB
LEAD_002752,ACC_00387,Events,Webinar,Events,2025-01-18,Lead,100-999,Mid-Market
LEAD_002753,ACC_00352,Partner,Technology Partner,Partner,2025-05-11,Lead,1-99,SMB
LEAD_002754,ACC_00063,Organic,SEO,Organic,2024-01-17,SQL,100-999,Mid-Market
LEAD_002755,ACC_01135,Outbound,Named Account Outreach,Outbound,2025-04-09,Converted,1000+,Enterprise
LEAD_002756,ACC_00100,Paid Social,Paid Social Retargeting,Paid Social,2024-07-09,SQL,1000+,Enterprise
LEAD_002757,ACC_00263,Organic,Product Blog,Organic,2024-07-24,Lead,1-99,SMB
LEAD_002758,ACC_00550,Referral,Employee Referral,Referral,2025-03-30,SQL,1-99,SMB
LEAD_002759,ACC_00430,Outbound,Named Account Outreach,Outbound,2024-01-07,Lead,100-999,Mid-Market
LEAD_002760,ACC_00048,Partner,Reseller,Partner,2024-04-24,Lead,1-99,SMB
LEAD_002761,,Events,Executive Roundtable,Events,2024-11-28,Lead,1-99,SMB
LEAD_002762,ACC_00936,Partner,Technology Partner,Partner,2025-03-02,MQL,1-99,SMB
LEAD_002763,ACC_00301,Paid Social,Paid Social Retargeting,Paid Social,2024-03-20,MQL,100-999,Mid-Market
LEAD_002764,ACC_01039,Organic,Content Hub,Organic,2024-09-21,Lead,1-99,SMB
LEAD_002765,ACC_00433,Organic,Content Hub,Organic,2024-08-12,Lead,100-999,Mid-Market
LEAD_002766,ACC_00017,Paid Social,LinkedIn ABM,Paid Social,2025-01-25,SQL,100-999,Mid-Market
LEAD_002767,ACC_00131,Paid Social,Paid Social Retargeting,Paid Social,2024-08-07,Lead,1-99,SMB
LEAD_002768,ACC_00973,Outbound,Named Account Outreach,Outbound,2024-01-02,MQL,1-99,SMB
LEAD_002769,ACC_00487,Paid Social,LinkedIn ABM,Paid Social,2025-01-22,Lead,1-99,SMB
LEAD_002770,ACC_01178,Partner,Cloud Partner,Partner,2025-09-12,Lead,1-99,SMB
LEAD_002771,ACC_00947,Events,Executive Roundtable,Events,2025-03-03,Lead,100-999,Mid-Market
LEAD_002772,ACC_00037,Referral,Employee Referral,Referral,2024-09-21,MQL,1-99,SMB
LEAD_002773,ACC_00375,Paid Search,Search - Brand,Paid Search,2024-12-18,MQL,1-99,SMB
LEAD_002774,ACC_00870,Referral,Customer Referral,Referral,2024-04-12,Lead,1-99,SMB
LEAD_002775,ACC_00076,Events,Executive Roundtable,Events,2024-06-21,SQL,1-99,SMB
LEAD_002776,ACC_01199,Organic,SEO,Organic,2024-11-16,Lead,1-99,SMB
LEAD_002777,ACC_00200,Paid Search,Search - Brand,Paid Search,2025-03-08,SQL,1-99,SMB
LEAD_002778,ACC_00957,Organic,Product Blog,Organic,2024-12-21,Lead,100-999,Mid-Market
LEAD_002779,ACC_01009,Outbound,SDR Outbound,Outbound,2025-12-04,Converted,100-999,Mid-Market
LEAD_002780,ACC_00607,Partner,Cloud Partner,Partner,2025-04-10,Lead,1000+,Enterprise
LEAD_002781,ACC_00965,Paid Social,LinkedIn Demand Gen,Paid Social,2024-01-17,MQL,1000+,Enterprise
LEAD_002782,ACC_01062,Outbound,SDR Outbound,Outbound,2025-01-18,MQL,100-999,Mid-Market
LEAD_002783,ACC_00882,Paid Search,Search - Competitor,Paid Search,2025-03-02,MQL,100-999,Mid-Market
LEAD_002784,ACC_00850,Paid Search,Search - Brand,Paid Search,2024-02-01,SQL,1000+,Enterprise
LEAD_002785,ACC_00467,Events,Industry Conference,Events,2024-10-08,Lead,100-999,Mid-Market
LEAD_002786,ACC_00351,Referral,Customer Referral,Referral,2025-09-29,Lead,100-999,Mid-Market
LEAD_002787,ACC_01042,Outbound,SDR Outbound,Outbound,2024-09-17,SQL,100-999,Mid-Market
LEAD_002788,ACC_00270,Organic,SEO,Organic,2024-11-29,SQL,1-99,SMB
LEAD_002789,ACC_00498,Organic,Product Blog,Organic,2024-06-10,MQL,100-999,Mid-Market
LEAD_002790,ACC_00616,Organic,Content Hub,Organic,2024-02-26,MQL,100-999,Mid-Market
LEAD_002791,ACC_00469,Paid Social,LinkedIn Demand Gen,Paid Social,2024-08-20,SQL,1-99,SMB
LEAD_002792,ACC_00448,Paid Search,Search - Brand,Paid Search,2025-07-18,SQL,100-999,Mid-Market
LEAD_002793,ACC_00720,Referral,Employee Referral,Referral,2025-12-19,Converted,1000+,Enterprise
LEAD_002794,ACC_00396,Outbound,Named Account Outreach,Outbound,2025-04-27,SQL,1-99,SMB
LEAD_002795,ACC_01187,Paid Social,LinkedIn ABM,Paid Social,2025-08-30,Lead,1-99,SMB
LEAD_002796,ACC_00214,Paid Search,Search - Brand,Paid Search,2025-04-19,MQL,100-999,Mid-Market
LEAD_002797,ACC_00467,Paid Search,Search - Competitor,Paid Search,2025-04-26,MQL,100-999,Mid-Market
LEAD_002798,ACC_01015,Paid Social,Paid Social Retargeting,Paid Social,2024-11-08,Lead,1-99,SMB
LEAD_002799,ACC_00571,Outbound,Named Account Outreach,Outbound,2024-02-14,SQL,1-99,SMB
LEAD_002800,ACC_00847,Organic,SEO,Organic,2024-10-27,MQL,1-99,SMB
LEAD_002801,ACC_00777,Events,Industry Conference,Events,2025-09-24,Lead,100-999,Mid-Market
LEAD_002802,ACC_00398,Organic,Product Blog,Organic,2025-01-27,MQL,1-99,SMB
LEAD_002803,ACC_00893,Paid Search,Search - Competitor,Paid Search,2025-07-10,Lead,1-99,SMB
LEAD_002804,ACC_00286,Referral,Employee Referral,Referral,2024-02-06,Lead,1-99,SMB
LEAD_002805,ACC_00900,Organic,Product Blog,Organic,2024-05-27,MQL,100-999,Mid-Market
LEAD_002806,ACC_00154,Organic,Content Hub,Organic,2024-08-06,SQL,100-999,Mid-Market
LEAD_002807,ACC_00833,Partner,Cloud Partner,Partner,2024-09-19,MQL,1-99,SMB
LEAD_002808,ACC_00136,Paid Search,Search - Competitor,Paid Search,2025-12-23,Lead,1-99,SMB
LEAD_002809,ACC_01043,Organic,Product Blog,Organic,2024-12-03,MQL,100-999,Mid-Market
LEAD_002810,ACC_00751,Organic,Product Blog,Organic,2025-04-29,Lead,1-99,SMB
LEAD_002811,ACC_00049,Organic,Content Hub,Organic,2025-04-16,Converted,100-999,Mid-Market
LEAD_002812,ACC_00131,Paid Social,LinkedIn ABM,Paid Social,2024-11-02,Lead,1-99,SMB
LEAD_002813,ACC_00225,Paid Search,Search - Brand,Paid Search,2025-12-07,SQL,1-99,SMB
LEAD_002814,ACC_01153,Outbound,SDR Outbound,Outbound,2024-06-11,Lead,1-99,SMB
LEAD_002815,ACC_00708,Events,Executive Roundtable,Events,2024-01-26,Lead,100-999,Mid-Market
LEAD_002816,ACC_00335,Organic,SEO,Organic,2025-06-28,MQL,1-99,SMB
LEAD_002817,ACC_00333,Paid Search,Search - Brand,Paid Search,2025-04-22,SQL,100-999,Mid-Market
LEAD_002818,ACC_00031,Organic,SEO,Organic,2024-07-09,Converted,100-999,Mid-Market
LEAD_002819,ACC_00244,Paid Search,Search - Competitor,Paid Search,2025-09-26,MQL,100-999,Mid-Market
LEAD_002820,ACC_01027,Paid Search,Search - Competitor,Paid Search,2024-04-28,Lead,1000+,Enterprise
LEAD_002821,ACC_00719,Outbound,Named Account Outreach,Outbound,2024-07-02,Lead,100-999,Mid-Market
LEAD_002822,ACC_00442,Paid Search,Search - Nonbrand,Paid Search,2024-04-22,MQL,1-99,SMB
LEAD_002823,ACC_00026,Paid Social,LinkedIn Demand Gen,Paid Social,2024-05-16,Lead,1-99,SMB
LEAD_002824,ACC_00412,Outbound,Named Account Outreach,Outbound,2025-06-17,Converted,100-999,Mid-Market
LEAD_002825,ACC_00460,Events,Industry Conference,Events,2025-05-29,MQL,100-999,Mid-Market
LEAD_002826,ACC_00143,Paid Search,Search - Nonbrand,Paid Search,2025-04-14,SQL,1000+,Enterprise
LEAD_002827,ACC_00729,Organic,Content Hub,Organic,2025-09-21,SQL,1-99,SMB
LEAD_002828,ACC_00793,Referral,Employee Referral,Referral,2024-02-21,Lead,1-99,SMB
LEAD_002829,ACC_01198,Paid Search,Search - Competitor,Paid Search,2025-03-29,Lead,100-999,Mid-Market
LEAD_002830,ACC_00431,Outbound,SDR Outbound,Outbound,2024-03-25,Converted,1000+,Enterprise
LEAD_002831,ACC_00332,Outbound,SDR Outbound,Outbound,2025-11-29,Lead,1-99,SMB
LEAD_002832,ACC_00988,Paid Social,LinkedIn Demand Gen,Paid Social,2025-04-08,MQL,1-99,SMB
LEAD_002833,ACC_00421,Paid Search,Search - Competitor,Paid Search,2025-07-09,SQL,100-999,Mid-Market
LEAD_002834,ACC_00757,Organic,SEO,Organic,2025-02-21,Lead,1-99,SMB
LEAD_002835,ACC_00886,Paid Social,Paid Social Retargeting,Paid Social,2024-10-07,Converted,1-99,SMB
LEAD_002836,ACC_01056,Paid Social,Paid Social Retargeting,Paid Social,2025-05-16,Lead,100-999,Mid-Market
LEAD_002837,ACC_00383,Outbound,SDR Outbound,Outbound,2025-09-02,MQL,100-999,Mid-Market
LEAD_002838,ACC_00748,Outbound,SDR Outbound,Outbound,2024-05-10,Lead,1-99,SMB
LEAD_002839,ACC_00158,Referral,Employee Referral,Referral,2025-09-29,MQL,100-999,Mid-Market
LEAD_002840,ACC_00936,Referral,Employee Referral,Referral,2025-06-15,Lead,1-99,SMB
LEAD_002841,ACC_00055,Outbound,Named Account Outreach,Outbound,2024-03-03,Lead,100-999,Mid-Market
LEAD_002842,ACC_00836,Organic,Product Blog,Organic,2025-11-15,Lead,100-999,Mid-Market
LEAD_002843,ACC_00251,Paid Social,LinkedIn Demand Gen,Paid Social,2024-05-11,Lead,100-999,Mid-Market
LEAD_002844,ACC_00556,Partner,Cloud Partner,Partner,2025-03-15,MQL,1-99,SMB
LEAD_002845,ACC_00092,Partner,Technology Partner,Partner,2024-04-04,Lead,100-999,Mid-Market
LEAD_002846,ACC_00827,Organic,SEO,Organic,2024-05-23,Lead,100-999,Mid-Market
LEAD_002847,ACC_00579,Partner,Technology Partner,Partner,2025-04-15,Lead,1000+,Enterprise
LEAD_002848,ACC_00797,Paid Search,Search - Brand,Paid Search,2025-05-11,Lead,1-99,SMB
LEAD_002849,ACC_00418,Paid Search,Search - Brand,Paid Search,2025-05-17,Lead,100-999,Mid-Market
LEAD_002850,ACC_00009,Events,Webinar,Events,2024-09-07,Lead,1-99,SMB
LEAD_002851,ACC_00698,Paid Social,LinkedIn Demand Gen,Paid Social,2025-08-22,MQL,100-999,Mid-Market
LEAD_002852,ACC_00839,Paid Social,Paid Social Retargeting,Paid Social,2024-02-06,SQL,1-99,SMB
LEAD_002853,ACC_00798,Partner,Reseller,Partner,2025-09-16,MQL,1-99,SMB
LEAD_002854,ACC_00315,Partner,Technology Partner,Partner,2024-08-09,Lead,1-99,SMB
LEAD_002855,ACC_00860,Organic,SEO,Organic,2025-03-29,SQL,100-999,Mid-Market
LEAD_002856,ACC_00651,Partner,Technology Partner,Partner,2025-10-23,MQL,1-99,SMB
LEAD_002857,ACC_00253,Paid Search,Search - Brand,Paid Search,2024-07-05,MQL,1-99,SMB
LEAD_002858,ACC_00134,Partner,Cloud Partner,Partner,2024-10-27,Lead,1-99,SMB
LEAD_002859,ACC_00391,Organic,SEO,Organic,2025-08-28,Lead,100-999,Mid-Market
LEAD_002860,ACC_00028,Referral,Employee Referral,Referral,2025-09-24,MQL,1-99,SMB
LEAD_002861,ACC_00860,Outbound,Named Account Outreach,Outbound,2024-06-20,Lead,100-999,Mid-Market
LEAD_002862,ACC_00019,Paid Social,LinkedIn ABM,Paid Social,2025-01-06,SQL,1000+,Enterprise
LEAD_002863,ACC_00059,Paid Search,Search - Brand,Paid Search,2024-08-31,Lead,1-99,SMB
LEAD_002864,ACC_00190,Paid Search,Search - Competitor,Paid Search,2025-01-12,Lead,1-99,SMB
LEAD_002865,ACC_00392,Outbound,Named Account Outreach,Outbound,2024-10-04,Lead,1-99,SMB
LEAD_002866,ACC_00024,Partner,Technology Partner,Partner,2024-01-04,MQL,1000+,Enterprise
LEAD_002867,ACC_00756,Outbound,SDR Outbound,Outbound,2025-11-06,Lead,1-99,SMB
LEAD_002868,ACC_00159,Referral,Customer Referral,Referral,2025-04-10,Lead,100-999,Mid-Market
LEAD_002869,ACC_00964,Paid Social,LinkedIn Demand Gen,Paid Social,2024-12-03,MQL,1-99,SMB
LEAD_002870,ACC_00672,Outbound,SDR Outbound,Outbound,2024-03-19,Lead,100-999,Mid-Market
LEAD_002871,ACC_00101,Paid Social,LinkedIn ABM,Paid Social,2024-02-22,MQL,1000+,Enterprise
LEAD_002872,ACC_00481,Partner,Technology Partner,Partner,2024-12-15,Converted,1-99,SMB
LEAD_002873,ACC_00169,Paid Social,LinkedIn ABM,Paid Social,2025-04-19,SQL,1-99,SMB
LEAD_002874,,Outbound,Named Account Outreach,Outbound,2024-07-09,MQL,1-99,SMB
LEAD_002875,ACC_00712,Organic,SEO,Organic,2025-06-28,Lead,100-999,Mid-Market
LEAD_002876,ACC_00971,Organic,Content Hub,Organic,2024-10-13,MQL,1-99,SMB
LEAD_002877,ACC_00450,Paid Search,Search - Brand,Paid Search,2024-01-09,Converted,100-999,Mid-Market
LEAD_002878,ACC_00177,Referral,Customer Referral,Referral,2025-01-27,MQL,1-99,SMB
LEAD_002879,ACC_00282,Paid Social,Paid Social Retargeting,Paid Social,2024-05-12,Lead,1-99,SMB
LEAD_002880,ACC_00501,Paid Search,Search - Nonbrand,Paid Search,2024-01-11,SQL,100-999,Mid-Market
LEAD_002881,ACC_00925,Paid Social,Paid Social Retargeting,Paid Social,2024-04-05,Lead,1-99,SMB
LEAD_002882,ACC_00518,Paid Social,Paid Social Retargeting,Paid Social,2024-07-27,SQL,100-999,Mid-Market
LEAD_002883,ACC_01115,Events,Webinar,Events,2025-01-11,Lead,1000+,Enterprise
LEAD_002884,ACC_00435,Referral,Employee Referral,Referral,2025-12-24,Lead,1-99,SMB
LEAD_002885,ACC_00280,Events,Executive Roundtable,Events,2024-06-08,SQL,1000+,Enterprise
LEAD_002886,ACC_00595,Events,Industry Conference,Events,2024-02-11,MQL,1-99,SMB
LEAD_002887,ACC_00134,Organic,Product Blog,Organic,2024-05-19,MQL,1-99,SMB
LEAD_002888,ACC_00804,Paid Search,Search - Competitor,Paid Search,2024-08-21,SQL,100-999,Mid-Market
LEAD_002889,ACC_00122,Partner,Cloud Partner,Partner,2024-05-30,SQL,100-999,Mid-Market
LEAD_002890,ACC_00770,Partner,Technology Partner,Partner,2024-08-22,MQL,100-999,Mid-Market
LEAD_002891,ACC_00460,Organic,Product Blog,Organic,2025-12-09,Converted,100-999,Mid-Market
LEAD_002892,ACC_00429,Outbound,Named Account Outreach,Outbound,2024-10-04,Lead,1-99,SMB
LEAD_002893,ACC_00734,Organic,SEO,Organic,2025-04-08,Lead,1-99,SMB
LEAD_002894,ACC_00847,Paid Search,Search - Brand,Paid Search,2025-05-15,SQL,1-99,SMB
LEAD_002895,ACC_01115,Paid Search,Search - Nonbrand,Paid Search,2024-04-05,Lead,1000+,Enterprise
LEAD_002896,ACC_00348,Events,Industry Conference,Events,2024-06-30,SQL,1-99,SMB
LEAD_002897,ACC_00975,Outbound,SDR Outbound,Outbound,2024-10-30,Lead,1-99,SMB
LEAD_002898,ACC_01003,Paid Social,LinkedIn Demand Gen,Paid Social,2024-12-02,Lead,1-99,SMB
LEAD_002899,ACC_01195,Events,Executive Roundtable,Events,2024-01-10,MQL,1000+,Enterprise
LEAD_002900,ACC_01158,Events,Executive Roundtable,Events,2025-04-16,MQL,1-99,SMB
LEAD_002901,ACC_00949,Paid Search,Search - Competitor,Paid Search,2024-08-07,SQL,1000+,Enterprise
LEAD_002902,ACC_00354,Outbound,Named Account Outreach,Outbound,2024-08-23,Lead,100-999,Mid-Market
LEAD_002903,ACC_00834,Organic,Content Hub,Organic,2025-03-16,Lead,100-999,Mid-Market
LEAD_002904,ACC_00942,Paid Social,LinkedIn ABM,Paid Social,2025-11-24,Lead,1000+,Enterprise
LEAD_002905,ACC_00350,Organic,Product Blog,Organic,2025-09-24,Lead,1-99,SMB
LEAD_002906,ACC_00977,Paid Social,LinkedIn Demand Gen,Paid Social,2025-12-17,MQL,1-99,SMB
LEAD_002907,ACC_00843,Paid Social,LinkedIn Demand Gen,Paid Social,2024-10-29,MQL,100-999,Mid-Market
LEAD_002908,ACC_00589,Organic,Content Hub,Organic,2024-03-28,Lead,1-99,SMB
LEAD_002909,ACC_01035,Paid Social,LinkedIn ABM,Paid Social,2024-06-06,Lead,1-99,SMB
LEAD_002910,ACC_00106,Partner,Reseller,Partner,2024-09-08,MQL,100-999,Mid-Market
LEAD_002911,ACC_00821,Partner,Technology Partner,Partner,2024-08-07,Lead,1-99,SMB
LEAD_002912,ACC_00944,Organic,Content Hub,Organic,2024-06-01,Lead,1-99,SMB
LEAD_002913,ACC_00049,Organic,Content Hub,Organic,2024-04-20,MQL,100-999,Mid-Market
LEAD_002914,ACC_00489,Paid Search,Search - Brand,Paid Search,2024-05-16,Lead,100-999,Mid-Market
LEAD_002915,ACC_00621,Events,Executive Roundtable,Events,2025-04-26,Lead,100-999,Mid-Market
LEAD_002916,ACC_00250,Events,Executive Roundtable,Events,2024-12-24,Lead,1-99,SMB
LEAD_002917,ACC_01056,Paid Search,Search - Competitor,Paid Search,2024-01-28,SQL,100-999,Mid-Market
LEAD_002918,ACC_00752,Outbound,Named Account Outreach,Outbound,2025-02-16,Lead,1-99,SMB
LEAD_002919,ACC_00331,Partner,Cloud Partner,Partner,2025-09-07,SQL,100-999,Mid-Market
LEAD_002920,ACC_00525,Referral,Employee Referral,Referral,2024-11-07,MQL,1-99,SMB
LEAD_002921,ACC_00135,Organic,SEO,Organic,2024-08-20,MQL,100-999,Mid-Market
LEAD_002922,ACC_00106,Partner,Technology Partner,Partner,2024-07-18,SQL,100-999,Mid-Market
LEAD_002923,ACC_00896,Partner,Cloud Partner,Partner,2024-10-04,MQL,1000+,Enterprise
LEAD_002924,ACC_01181,Paid Search,Search - Brand,Paid Search,2024-07-22,Lead,100-999,Mid-Market
LEAD_002925,ACC_00333,Organic,Content Hub,Organic,2025-11-06,Lead,100-999,Mid-Market
LEAD_002926,ACC_00294,Organic,SEO,Organic,2025-12-26,MQL,1-99,SMB
LEAD_002927,ACC_00821,Paid Social,LinkedIn Demand Gen,Paid Social,2024-09-07,MQL,1-99,SMB
LEAD_002928,ACC_00614,Outbound,SDR Outbound,Outbound,2025-11-06,SQL,1000+,Enterprise
LEAD_002929,ACC_00168,Outbound,Named Account Outreach,Outbound,2025-09-15,MQL,100-999,Mid-Market
LEAD_002930,ACC_00801,Organic,Content Hub,Organic,2024-02-25,Lead,100-999,Mid-Market
LEAD_002931,ACC_00252,Events,Webinar,Events,2024-12-24,Lead,1000+,Enterprise
LEAD_002932,ACC_00139,Paid Search,Search - Brand,Paid Search,2025-04-24,Lead,100-999,Mid-Market
LEAD_002933,ACC_00558,Referral,Customer Referral,Referral,2024-11-04,SQL,100-999,Mid-Market
LEAD_002934,ACC_00888,Organic,SEO,Organic,2024-11-29,Lead,1-99,SMB
LEAD_002935,ACC_00626,Events,Webinar,Events,2024-12-27,Converted,1-99,SMB
LEAD_002936,ACC_00778,Referral,Employee Referral,Referral,2025-05-18,Lead,1-99,SMB
LEAD_002937,ACC_00286,Events,Webinar,Events,2024-08-02,MQL,1-99,SMB
LEAD_002938,ACC_00593,Events,Webinar,Events,2025-03-12,Lead,1-99,SMB
LEAD_002939,ACC_00856,Paid Search,Search - Brand,Paid Search,2024-06-26,SQL,1-99,SMB
LEAD_002940,ACC_00634,Outbound,SDR Outbound,Outbound,2025-10-12,Lead,1-99,SMB
LEAD_002941,ACC_00288,Partner,Cloud Partner,Partner,2024-03-02,MQL,1-99,SMB
LEAD_002942,ACC_01146,Paid Social,LinkedIn ABM,Paid Social,2024-02-18,Converted,1-99,SMB
LEAD_002943,ACC_00081,Referral,Employee Referral,Referral,2024-01-28,MQL,100-999,Mid-Market
LEAD_002944,ACC_01094,Paid Search,Search - Nonbrand,Paid Search,2024-09-12,Lead,1-99,SMB
LEAD_002945,ACC_00870,Paid Social,Paid Social Retargeting,Paid Social,2025-03-19,SQL,1-99,SMB
LEAD_002946,ACC_00135,Referral,Employee Referral,Referral,2025-12-21,Lead,100-999,Mid-Market
LEAD_002947,ACC_00307,Paid Search,Search - Brand,Paid Search,2024-11-28,Lead,1-99,SMB
LEAD_002948,ACC_00443,Organic,SEO,Organic,2024-05-13,MQL,100-999,Mid-Market
LEAD_002949,ACC_01150,Paid Search,Search - Brand,Paid Search,2024-09-26,Converted,1000+,Enterprise
LEAD_002950,ACC_00621,Outbound,Named Account Outreach,Outbound,2024-04-03,Lead,100-999,Mid-Market
LEAD_002951,ACC_00310,Events,Executive Roundtable,Events,2024-12-11,SQL,1-99,SMB
LEAD_002952,ACC_01104,Organic,SEO,Organic,2025-06-16,SQL,1000+,Enterprise
LEAD_002953,ACC_00142,Partner,Technology Partner,Partner,2024-01-26,MQL,100-999,Mid-Market
LEAD_002954,ACC_00980,Partner,Technology Partner,Partner,2025-07-22,Lead,1-99,SMB
LEAD_002955,ACC_00997,Outbound,Named Account Outreach,Outbound,2024-06-16,SQL,100-999,Mid-Market
LEAD_002956,ACC_00464,Outbound,Named Account Outreach,Outbound,2025-05-06,Lead,1-99,SMB
LEAD_002957,ACC_00052,Referral,Customer Referral,Referral,2025-08-19,Lead,1-99,SMB
LEAD_002958,ACC_01064,Paid Search,Search - Nonbrand,Paid Search,2025-07-21,Lead,100-999,Mid-Market
LEAD_002959,ACC_01161,Paid Search,Search - Nonbrand,Paid Search,2025-05-04,SQL,1-99,SMB
LEAD_002960,ACC_00454,Partner,Reseller,Partner,2025-05-22,Lead,1-99,SMB
LEAD_002961,ACC_00223,Paid Social,LinkedIn ABM,Paid Social,2024-05-17,Lead,100-999,Mid-Market
LEAD_002962,ACC_00326,Paid Social,Paid Social Retargeting,Paid Social,2024-04-09,Lead,100-999,Mid-Market
LEAD_002963,ACC_00164,Organic,Product Blog,Organic,2024-10-05,Lead,1-99,SMB
LEAD_002964,ACC_00732,Organic,SEO,Organic,2025-03-20,Converted,1-99,SMB
LEAD_002965,ACC_00623,Referral,Customer Referral,Referral,2025-03-27,MQL,1000+,Enterprise
LEAD_002966,ACC_00428,Organic,Product Blog,Organic,2025-07-21,SQL,1000+,Enterprise
LEAD_002967,ACC_00781,Partner,Reseller,Partner,2024-08-13,SQL,1-99,SMB
LEAD_002968,ACC_00747,Outbound,SDR Outbound,Outbound,2025-09-24,Lead,1-99,SMB
LEAD_002969,ACC_00014,Organic,SEO,Organic,2024-11-24,SQL,1000+,Enterprise
LEAD_002970,ACC_00492,Paid Search,Search - Nonbrand,Paid Search,2024-06-28,Converted,100-999,Mid-Market
LEAD_002971,ACC_01037,Paid Search,Search - Nonbrand,Paid Search,2025-06-21,SQL,1-99,SMB
LEAD_002972,ACC_00955,Paid Social,LinkedIn Demand Gen,Paid Social,2024-04-03,SQL,1000+,Enterprise
LEAD_002973,ACC_01026,Paid Search,Search - Nonbrand,Paid Search,2024-10-23,Lead,1-99,SMB
LEAD_002974,,Partner,Cloud Partner,Partner,2025-07-24,SQL,1-99,SMB
LEAD_002975,ACC_00074,Paid Search,Search - Brand,Paid Search,2025-07-17,Lead,1-99,SMB
LEAD_002976,ACC_00325,Organic,SEO,Organic,2024-07-06,Converted,1000+,Enterprise
LEAD_002977,ACC_00552,Organic,Content Hub,Organic,2024-05-01,Lead,1-99,SMB
LEAD_002978,ACC_00613,Paid Search,Search - Nonbrand,Paid Search,2024-01-24,MQL,1000+,Enterprise
LEAD_002979,ACC_00944,Paid Search,Search - Nonbrand,Paid Search,2024-03-06,Converted,1-99,SMB
LEAD_002980,ACC_00870,Referral,Employee Referral,Referral,2025-08-26,MQL,1-99,SMB
LEAD_002981,ACC_00848,Organic,Content Hub,Organic,2025-07-26,Lead,100-999,Mid-Market
LEAD_002982,ACC_00191,Paid Social,LinkedIn ABM,Paid Social,2025-01-04,Converted,1000+,Enterprise
LEAD_002983,ACC_00814,Partner,Reseller,Partner,2025-02-20,Converted,100-999,Mid-Market
LEAD_002984,ACC_00956,Outbound,Named Account Outreach,Outbound,2024-08-26,SQL,1000+,Enterprise
LEAD_002985,ACC_00903,Partner,Cloud Partner,Partner,2024-05-20,SQL,1-99,SMB
LEAD_002986,ACC_00700,Organic,Product Blog,Organic,2024-01-09,SQL,1-99,SMB
LEAD_002987,ACC_00106,Partner,Technology Partner,Partner,2025-05-06,SQL,100-999,Mid-Market
LEAD_002988,ACC_00180,Paid Search,Search - Nonbrand,Paid Search,2024-01-26,Lead,100-999,Mid-Market
LEAD_002989,ACC_00892,Outbound,SDR Outbound,Outbound,2024-03-17,MQL,1000+,Enterprise
LEAD_002990,ACC_01042,Organic,Content Hub,Organic,2025-08-02,SQL,100-999,Mid-Market
LEAD_002991,ACC_00991,Outbound,SDR Outbound,Outbound,2025-03-02,Converted,100-999,Mid-Market
LEAD_002992,ACC_00513,Partner,Cloud Partner,Partner,2024-12-23,Lead,1-99,SMB
LEAD_002993,ACC_00705,Partner,Reseller,Partner,2024-06-08,Lead,1-99,SMB
LEAD_002994,ACC_00212,Organic,SEO,Organic,2024-04-19,Lead,100-999,Mid-Market
LEAD_002995,ACC_00711,Outbound,Named Account Outreach,Outbound,2024-12-07,Converted,1000+,Enterprise
LEAD_002996,ACC_00235,Outbound,Named Account Outreach,Outbound,2024-09-19,SQL,1000+,Enterprise
LEAD_002997,ACC_00955,Paid Social,Paid Social Retargeting,Paid Social,2025-01-25,MQL,1000+,Enterprise
LEAD_002998,ACC_00943,Paid Search,Search - Nonbrand,Paid Search,2024-04-30,Lead,1-99,SMB
LEAD_002999,ACC_00062,Organic,Content Hub,Organic,2024-06-18,Lead,1-99,SMB
LEAD_003000,ACC_01123,Paid Search,Search - Nonbrand,Paid Search,2024-03-23,SQL,1000+,Enterprise
LEAD_003001,ACC_00956,Outbound,Named Account Outreach,Outbound,2024-11-06,Lead,1000+,Enterprise
LEAD_003002,ACC_00454,Paid Social,LinkedIn Demand Gen,Paid Social,2024-07-20,Lead,1-99,SMB
LEAD_003003,ACC_00542,Outbound,SDR Outbound,Outbound,2024-06-12,Lead,100-999,Mid-Market
LEAD_003004,ACC_00095,Outbound,Named Account Outreach,Outbound,2025-02-05,SQL,1-99,SMB
LEAD_003005,ACC_01124,Outbound,Named Account Outreach,Outbound,2024-12-29,MQL,1-99,SMB
LEAD_003006,ACC_00121,Outbound,SDR Outbound,Outbound,2024-06-02,Lead,100-999,Mid-Market
LEAD_003007,ACC_01107,Partner,Reseller,Partner,2025-05-25,Lead,1-99,SMB
LEAD_003008,ACC_00786,Paid Social,LinkedIn Demand Gen,Paid Social,2024-09-08,Converted,1-99,SMB
LEAD_003009,ACC_01103,Organic,SEO,Organic,2024-09-06,Lead,100-999,Mid-Market
LEAD_003010,ACC_00445,Events,Webinar,Events,2024-12-15,Lead,1-99,SMB
LEAD_003011,ACC_01075,Referral,Employee Referral,Referral,2024-04-11,MQL,1000+,Enterprise
LEAD_003012,ACC_00512,Paid Social,LinkedIn Demand Gen,Paid Social,2024-11-03,Lead,1000+,Enterprise
LEAD_003013,ACC_00421,Referral,Employee Referral,Referral,2025-03-01,SQL,100-999,Mid-Market
LEAD_003014,ACC_00405,Referral,Customer Referral,Referral,2024-04-04,SQL,1000+,Enterprise
LEAD_003015,ACC_01143,Paid Social,LinkedIn Demand Gen,Paid Social,2025-02-16,MQL,1000+,Enterprise
LEAD_003016,ACC_00559,Outbound,Named Account Outreach,Outbound,2024-01-29,Converted,100-999,Mid-Market
LEAD_003017,ACC_00575,Partner,Reseller,Partner,2025-03-17,Lead,1000+,Enterprise
LEAD_003018,ACC_00773,Paid Search,Search - Nonbrand,Paid Search,2024-01-26,SQL,100-999,Mid-Market
LEAD_003019,ACC_00668,Organic,Content Hub,Organic,2024-05-07,MQL,1000+,Enterprise
LEAD_003020,ACC_00650,Paid Social,LinkedIn ABM,Paid Social,2024-09-12,Lead,1-99,SMB
LEAD_003021,ACC_00455,Outbound,SDR Outbound,Outbound,2025-03-25,SQL,1-99,SMB
LEAD_003022,ACC_00198,Paid Search,Search - Competitor,Paid Search,2025-06-09,Converted,1000+,Enterprise
LEAD_003023,ACC_01194,Outbound,SDR Outbound,Outbound,2024-12-08,SQL,1000+,Enterprise
LEAD_003024,ACC_00590,Partner,Technology Partner,Partner,2024-04-05,MQL,1-99,SMB
LEAD_003025,ACC_01167,Outbound,SDR Outbound,Outbound,2024-10-10,SQL,1000+,Enterprise
LEAD_003026,ACC_00553,Paid Search,Search - Competitor,Paid Search,2025-07-29,MQL,1-99,SMB
LEAD_003027,ACC_00720,Paid Social,LinkedIn Demand Gen,Paid Social,2024-03-07,MQL,1000+,Enterprise
LEAD_003028,ACC_00655,Organic,Product Blog,Organic,2025-06-07,SQL,1000+,Enterprise
LEAD_003029,ACC_01159,Paid Search,Search - Brand,Paid Search,2024-10-09,MQL,1-99,SMB
LEAD_003030,ACC_00133,Organic,Content Hub,Organic,2024-01-03,MQL,100-999,Mid-Market
LEAD_003031,ACC_00622,Organic,Content Hub,Organic,2025-05-22,SQL,100-999,Mid-Market
LEAD_003032,ACC_00185,Organic,Product Blog,Organic,2024-01-20,MQL,100-999,Mid-Market
LEAD_003033,ACC_01042,Partner,Cloud Partner,Partner,2024-09-27,Lead,100-999,Mid-Market
LEAD_003034,ACC_00637,Paid Social,LinkedIn Demand Gen,Paid Social,2024-05-22,Lead,100-999,Mid-Market
LEAD_003035,ACC_01108,Paid Search,Search - Competitor,Paid Search,2025-03-02,SQL,1-99,SMB
LEAD_003036,ACC_00331,Events,Webinar,Events,2024-02-11,Lead,100-999,Mid-Market
LEAD_003037,ACC_00196,Paid Social,LinkedIn ABM,Paid Social,2024-03-07,SQL,1-99,SMB
LEAD_003038,ACC_00755,Referral,Employee Referral,Referral,2025-01-23,Lead,100-999,Mid-Market
LEAD_003039,ACC_00175,Partner,Cloud Partner,Partner,2025-12-27,Lead,1-99,SMB
LEAD_003040,ACC_00448,Organic,Content Hub,Organic,2024-01-29,SQL,100-999,Mid-Market
LEAD_003041,ACC_00377,Referral,Customer Referral,Referral,2024-12-02,MQL,1000+,Enterprise
LEAD_003042,ACC_00265,Events,Executive Roundtable,Events,2025-08-09,SQL,1000+,Enterprise
LEAD_003043,ACC_00157,Partner,Reseller,Partner,2024-07-31,Lead,1-99,SMB
LEAD_003044,ACC_00788,Paid Social,LinkedIn Demand Gen,Paid Social,2024-12-26,MQL,1-99,SMB
LEAD_003045,ACC_00910,Paid Social,LinkedIn ABM,Paid Social,2025-09-05,MQL,1-99,SMB
LEAD_003046,ACC_00473,Paid Social,LinkedIn Demand Gen,Paid Social,2025-06-16,Converted,1-99,SMB
LEAD_003047,ACC_00338,Outbound,Named Account Outreach,Outbound,2024-08-02,Lead,100-999,Mid-Market
LEAD_003048,ACC_00190,Paid Social,Paid Social Retargeting,Paid Social,2025-07-02,Lead,1-99,SMB
LEAD_003049,ACC_00813,Organic,Content Hub,Organic,2025-05-08,MQL,1000+,Enterprise
LEAD_003050,ACC_00971,Organic,Product Blog,Organic,2025-01-05,Converted,1-99,SMB
LEAD_003051,ACC_00658,Organic,Product Blog,Organic,2024-11-18,SQL,1-99,SMB
LEAD_003052,ACC_00519,Paid Search,Search - Competitor,Paid Search,2025-11-07,SQL,1-99,SMB
LEAD_003053,ACC_00779,Paid Search,Search - Nonbrand,Paid Search,2025-10-01,MQL,100-999,Mid-Market
LEAD_003054,ACC_01099,Referral,Customer Referral,Referral,2025-12-24,SQL,1000+,Enterprise
LEAD_003055,ACC_01188,Paid Search,Search - Nonbrand,Paid Search,2025-05-08,SQL,1000+,Enterprise
LEAD_003056,ACC_00233,Paid Search,Search - Competitor,Paid Search,2024-09-19,SQL,1000+,Enterprise
LEAD_003057,ACC_00573,Paid Search,Search - Competitor,Paid Search,2024-03-21,SQL,100-999,Mid-Market
LEAD_003058,ACC_01052,Partner,Technology Partner,Partner,2024-04-02,SQL,1-99,SMB
LEAD_003059,ACC_00760,Partner,Technology Partner,Partner,2025-11-26,SQL,1-99,SMB
LEAD_003060,ACC_00980,Paid Social,LinkedIn ABM,Paid Social,2024-09-22,Lead,1-99,SMB
LEAD_003061,ACC_01196,Referral,Customer Referral,Referral,2024-03-21,Lead,1-99,SMB
LEAD_003062,ACC_00125,Referral,Customer Referral,Referral,2024-06-12,Converted,1-99,SMB
LEAD_003063,ACC_00735,Events,Executive Roundtable,Events,2024-01-16,MQL,1-99,SMB
LEAD_003064,ACC_00639,Events,Executive Roundtable,Events,2025-01-23,Lead,100-999,Mid-Market
LEAD_003065,ACC_00342,Paid Search,Search - Nonbrand,Paid Search,2025-03-07,MQL,1000+,Enterprise
LEAD_003066,ACC_00785,Partner,Cloud Partner,Partner,2024-10-03,MQL,1000+,Enterprise
LEAD_003067,,Paid Search,Search - Competitor,Paid Search,2025-06-27,SQL,1-99,SMB
LEAD_003068,ACC_00595,Outbound,SDR Outbound,Outbound,2024-12-17,SQL,1-99,SMB
LEAD_003069,ACC_00498,Organic,Product Blog,Organic,2025-12-02,Lead,100-999,Mid-Market
LEAD_003070,ACC_00469,Organic,Product Blog,Organic,2025-07-11,MQL,1-99,SMB
LEAD_003071,ACC_00738,Organic,Product Blog,Organic,2024-02-25,Lead,1-99,SMB
LEAD_003072,ACC_01133,Partner,Technology Partner,Partner,2024-07-19,SQL,1-99,SMB
LEAD_003073,ACC_01137,Outbound,Named Account Outreach,Outbound,2025-07-05,Lead,1-99,SMB
LEAD_003074,ACC_00841,Organic,Content Hub,Organic,2025-01-27,MQL,1-99,SMB
LEAD_003075,ACC_00398,Paid Social,LinkedIn Demand Gen,Paid Social,2025-07-04,MQL,1-99,SMB
LEAD_003076,ACC_01160,Paid Search,Search - Brand,Paid Search,2024-09-02,MQL,100-999,Mid-Market
LEAD_003077,ACC_01199,Events,Industry Conference,Events,2024-01-28,MQL,1-99,SMB
LEAD_003078,ACC_01016,Organic,SEO,Organic,2025-07-27,MQL,1-99,SMB
LEAD_003079,ACC_01048,Organic,Content Hub,Organic,2025-07-27,MQL,100-999,Mid-Market
LEAD_003080,ACC_00981,Partner,Cloud Partner,Partner,2025-04-12,Lead,1000+,Enterprise
LEAD_003081,ACC_00913,Partner,Technology Partner,Partner,2024-10-22,Lead,1000+,Enterprise
LEAD_003082,ACC_00871,Events,Executive Roundtable,Events,2024-01-07,MQL,100-999,Mid-Market
LEAD_003083,ACC_00767,Partner,Technology Partner,Partner,2025-06-16,Lead,1-99,SMB
LEAD_003084,ACC_00776,Referral,Customer Referral,Referral,2025-04-27,SQL,1000+,Enterprise
LEAD_003085,ACC_00468,Paid Search,Search - Nonbrand,Paid Search,2025-05-03,MQL,1000+,Enterprise
LEAD_003086,ACC_01065,Paid Search,Search - Nonbrand,Paid Search,2024-05-04,SQL,1-99,SMB
LEAD_003087,ACC_00762,Referral,Employee Referral,Referral,2025-06-18,Lead,1-99,SMB
LEAD_003088,ACC_00737,Organic,Content Hub,Organic,2025-06-13,SQL,1-99,SMB
LEAD_003089,ACC_00891,Events,Executive Roundtable,Events,2025-09-18,Lead,1-99,SMB
LEAD_003090,ACC_00091,Organic,Product Blog,Organic,2025-02-18,MQL,1-99,SMB
LEAD_003091,ACC_01103,Paid Social,Paid Social Retargeting,Paid Social,2025-06-18,Lead,100-999,Mid-Market
LEAD_003092,ACC_00700,Organic,Product Blog,Organic,2024-10-20,MQL,1-99,SMB
LEAD_003093,ACC_01134,Partner,Cloud Partner,Partner,2025-05-24,Lead,100-999,Mid-Market
LEAD_003094,ACC_00124,Events,Webinar,Events,2025-05-22,SQL,1-99,SMB
LEAD_003095,ACC_00281,Organic,SEO,Organic,2025-07-23,MQL,1-99,SMB
LEAD_003096,ACC_01140,Organic,Content Hub,Organic,2025-09-18,Converted,100-999,Mid-Market
LEAD_003097,ACC_00832,Paid Search,Search - Brand,Paid Search,2024-01-03,MQL,100-999,Mid-Market
LEAD_003098,ACC_00777,Paid Search,Search - Nonbrand,Paid Search,2025-07-23,MQL,100-999,Mid-Market
LEAD_003099,ACC_00486,Paid Search,Search - Nonbrand,Paid Search,2025-08-02,SQL,1-99,SMB
LEAD_003100,ACC_00667,Referral,Customer Referral,Referral,2025-02-02,Lead,100-999,Mid-Market
LEAD_003101,ACC_00656,Organic,SEO,Organic,2025-01-14,MQL,1-99,SMB
LEAD_003102,ACC_00238,Paid Social,Paid Social Retargeting,Paid Social,2025-06-12,Lead,100-999,Mid-Market
LEAD_003103,ACC_00680,Paid Social,LinkedIn ABM,Paid Social,2024-11-28,SQL,1-99,SMB
LEAD_003104,ACC_00619,Paid Search,Search - Nonbrand,Paid Search,2024-10-29,Lead,1-99,SMB
LEAD_003105,ACC_00376,Paid Search,Search - Nonbrand,Paid Search,2025-08-10,Lead,1-99,SMB
LEAD_003106,ACC_00412,Outbound,Named Account Outreach,Outbound,2025-07-30,MQL,100-999,Mid-Market
LEAD_003107,ACC_00922,Partner,Reseller,Partner,2024-05-31,SQL,1000+,Enterprise
LEAD_003108,ACC_00811,Events,Industry Conference,Events,2025-08-29,Lead,1-99,SMB
LEAD_003109,ACC_00564,Paid Social,Paid Social Retargeting,Paid Social,2024-08-26,MQL,100-999,Mid-Market
LEAD_003110,ACC_00726,Partner,Reseller,Partner,2024-04-10,SQL,1-99,SMB
LEAD_003111,ACC_00290,Referral,Employee Referral,Referral,2025-10-04,Lead,1-99,SMB
LEAD_003112,ACC_00600,Events,Webinar,Events,2024-06-23,Lead,100-999,Mid-Market
LEAD_003113,ACC_00675,Referral,Customer Referral,Referral,2024-05-28,Converted,100-999,Mid-Market
LEAD_003114,ACC_00304,Paid Search,Search - Nonbrand,Paid Search,2024-07-16,Converted,100-999,Mid-Market
LEAD_003115,ACC_00204,Referral,Employee Referral,Referral,2024-12-25,Lead,1-99,SMB
LEAD_003116,ACC_00631,Events,Webinar,Events,2024-05-01,SQL,1000+,Enterprise
LEAD_003117,ACC_01129,Events,Industry Conference,Events,2024-04-26,Lead,100-999,Mid-Market
LEAD_003118,ACC_00555,Outbound,Named Account Outreach,Outbound,2024-10-13,Converted,1-99,SMB
LEAD_003119,ACC_01082,Referral,Customer Referral,Referral,2024-06-08,Lead,1000+,Enterprise
LEAD_003120,ACC_01022,Paid Social,Paid Social Retargeting,Paid Social,2024-05-21,Lead,100-999,Mid-Market
LEAD_003121,ACC_00894,Outbound,SDR Outbound,Outbound,2025-10-28,Lead,1-99,SMB
LEAD_003122,ACC_01074,Outbound,SDR Outbound,Outbound,2025-03-11,SQL,1000+,Enterprise
LEAD_003123,ACC_00494,Outbound,Named Account Outreach,Outbound,2024-01-11,Lead,1-99,SMB
LEAD_003124,ACC_00912,Outbound,SDR Outbound,Outbound,2024-03-15,SQL,1000+,Enterprise
LEAD_003125,ACC_00174,Organic,Product Blog,Organic,2025-08-17,SQL,1000+,Enterprise
LEAD_003126,ACC_00384,Paid Search,Search - Brand,Paid Search,2024-07-16,MQL,1-99,SMB
LEAD_003127,ACC_00680,Paid Search,Search - Competitor,Paid Search,2024-04-21,SQL,1-99,SMB
LEAD_003128,ACC_00046,Outbound,SDR Outbound,Outbound,2025-05-01,Lead,100-999,Mid-Market
LEAD_003129,ACC_00919,Outbound,SDR Outbound,Outbound,2025-09-04,Lead,1-99,SMB
LEAD_003130,ACC_01111,Events,Executive Roundtable,Events,2024-10-18,Lead,1-99,SMB
LEAD_003131,ACC_00127,Outbound,SDR Outbound,Outbound,2025-06-27,SQL,1-99,SMB
LEAD_003132,ACC_01191,Partner,Reseller,Partner,2024-11-04,Lead,1-99,SMB
LEAD_003133,ACC_00106,Organic,Product Blog,Organic,2024-03-20,SQL,100-999,Mid-Market
LEAD_003134,ACC_00153,Partner,Reseller,Partner,2025-08-06,MQL,1-99,SMB
LEAD_003135,ACC_00915,Referral,Employee Referral,Referral,2025-11-02,MQL,1000+,Enterprise
LEAD_003136,ACC_00823,Partner,Cloud Partner,Partner,2025-12-20,MQL,1-99,SMB
LEAD_003137,ACC_01124,Referral,Employee Referral,Referral,2024-03-14,Lead,1-99,SMB
LEAD_003138,ACC_00511,Referral,Customer Referral,Referral,2025-02-17,Lead,1-99,SMB
LEAD_003139,ACC_00688,Paid Search,Search - Brand,Paid Search,2025-03-31,Converted,1000+,Enterprise
LEAD_003140,ACC_00179,Outbound,Named Account Outreach,Outbound,2024-02-27,Lead,1000+,Enterprise
LEAD_003141,ACC_00831,Paid Social,LinkedIn Demand Gen,Paid Social,2025-11-26,MQL,100-999,Mid-Market
LEAD_003142,ACC_01198,Paid Social,LinkedIn ABM,Paid Social,2024-03-16,Converted,100-999,Mid-Market
LEAD_003143,ACC_00717,Paid Search,Search - Competitor,Paid Search,2024-07-15,Lead,100-999,Mid-Market
LEAD_003144,ACC_01120,Paid Search,Search - Competitor,Paid Search,2025-12-08,Lead,1000+,Enterprise
LEAD_003145,ACC_00473,Organic,SEO,Organic,2025-02-10,Lead,1-99,SMB
LEAD_003146,ACC_01180,Partner,Reseller,Partner,2025-05-11,Lead,1-99,SMB
LEAD_003147,ACC_00645,Organic,Product Blog,Organic,2024-12-26,Converted,100-999,Mid-Market
LEAD_003148,ACC_00173,Paid Social,LinkedIn Demand Gen,Paid Social,2025-07-04,Converted,1-99,SMB
LEAD_003149,ACC_00436,Paid Social,LinkedIn Demand Gen,Paid Social,2024-02-29,Lead,1-99,SMB
LEAD_003150,ACC_00591,Paid Social,LinkedIn ABM,Paid Social,2025-05-08,Converted,1000+,Enterprise
LEAD_003151,ACC_00081,Events,Executive Roundtable,Events,2024-02-18,Lead,100-999,Mid-Market
LEAD_003152,ACC_01075,Paid Social,LinkedIn ABM,Paid Social,2024-05-11,Converted,1000+,Enterprise
LEAD_003153,ACC_00288,Organic,SEO,Organic,2025-01-05,SQL,1-99,SMB
LEAD_003154,ACC_00811,Referral,Employee Referral,Referral,2024-11-23,Lead,1-99,SMB
LEAD_003155,ACC_01104,Events,Executive Roundtable,Events,2024-04-21,MQL,1000+,Enterprise
LEAD_003156,ACC_00522,Outbound,SDR Outbound,Outbound,2025-08-06,SQL,1-99,SMB
LEAD_003157,ACC_00732,Outbound,SDR Outbound,Outbound,2024-08-08,Lead,1-99,SMB
LEAD_003158,ACC_00621,Organic,Product Blog,Organic,2025-09-25,Lead,100-999,Mid-Market
LEAD_003159,ACC_00917,Outbound,SDR Outbound,Outbound,2024-01-11,MQL,1-99,SMB
LEAD_003160,ACC_00047,Organic,Content Hub,Organic,2024-06-22,Lead,1-99,SMB
LEAD_003161,ACC_00432,Paid Social,LinkedIn Demand Gen,Paid Social,2024-08-04,Lead,100-999,Mid-Market
LEAD_003162,ACC_00734,Organic,SEO,Organic,2025-03-11,Lead,1-99,SMB
LEAD_003163,ACC_00110,Outbound,Named Account Outreach,Outbound,2024-10-20,SQL,1000+,Enterprise
LEAD_003164,ACC_01032,Paid Search,Search - Brand,Paid Search,2024-04-24,Lead,100-999,Mid-Market
LEAD_003165,ACC_00759,Paid Search,Search - Nonbrand,Paid Search,2025-02-21,MQL,1-99,SMB
LEAD_003166,ACC_00004,Organic,Product Blog,Organic,2025-12-01,Lead,100-999,Mid-Market
LEAD_003167,ACC_00015,Outbound,Named Account Outreach,Outbound,2024-04-07,Lead,1-99,SMB
LEAD_003168,ACC_00192,Paid Search,Search - Competitor,Paid Search,2024-07-03,MQL,1-99,SMB
LEAD_003169,ACC_00797,Paid Social,Paid Social Retargeting,Paid Social,2024-12-15,Lead,1-99,SMB
LEAD_003170,ACC_00622,Paid Search,Search - Nonbrand,Paid Search,2025-06-15,MQL,100-999,Mid-Market
LEAD_003171,ACC_00579,Outbound,Named Account Outreach,Outbound,2024-04-09,Lead,1000+,Enterprise
LEAD_003172,ACC_00674,Paid Search,Search - Competitor,Paid Search,2024-06-17,MQL,100-999,Mid-Market
LEAD_003173,ACC_00594,Referral,Employee Referral,Referral,2024-06-20,Lead,100-999,Mid-Market
LEAD_003174,ACC_00413,Paid Search,Search - Competitor,Paid Search,2025-03-26,SQL,1-99,SMB
LEAD_003175,ACC_00009,Organic,SEO,Organic,2024-03-01,Lead,1-99,SMB
LEAD_003176,ACC_00034,Paid Search,Search - Nonbrand,Paid Search,2025-04-26,Converted,1-99,SMB
LEAD_003177,ACC_00827,Organic,Content Hub,Organic,2024-11-07,Lead,100-999,Mid-Market
LEAD_003178,ACC_00893,Paid Social,LinkedIn Demand Gen,Paid Social,2024-08-28,Lead,1-99,SMB
LEAD_003179,ACC_00288,Paid Search,Search - Competitor,Paid Search,2025-09-22,MQL,1-99,SMB
LEAD_003180,ACC_00292,Referral,Customer Referral,Referral,2025-08-21,Lead,1-99,SMB
LEAD_003181,ACC_00490,Paid Social,Paid Social Retargeting,Paid Social,2025-08-09,MQL,100-999,Mid-Market
LEAD_003182,ACC_00774,Paid Search,Search - Competitor,Paid Search,2025-10-09,SQL,1000+,Enterprise
LEAD_003183,ACC_00713,Paid Social,LinkedIn Demand Gen,Paid Social,2024-06-19,SQL,100-999,Mid-Market
LEAD_003184,ACC_00671,Organic,Product Blog,Organic,2025-09-17,MQL,1-99,SMB
LEAD_003185,ACC_00045,Organic,Product Blog,Organic,2024-05-08,Converted,1000+,Enterprise
LEAD_003186,ACC_00518,Paid Search,Search - Brand,Paid Search,2024-08-29,MQL,100-999,Mid-Market
LEAD_003187,ACC_00904,Organic,Product Blog,Organic,2025-02-10,Lead,100-999,Mid-Market
LEAD_003188,ACC_00709,Organic,SEO,Organic,2025-06-28,SQL,1-99,SMB
LEAD_003189,ACC_00969,Referral,Employee Referral,Referral,2025-02-26,Lead,100-999,Mid-Market
LEAD_003190,ACC_00835,Outbound,SDR Outbound,Outbound,2025-02-12,Lead,100-999,Mid-Market
LEAD_003191,ACC_01080,Referral,Customer Referral,Referral,2024-10-02,Lead,1-99,SMB
LEAD_003192,ACC_00687,Paid Search,Search - Nonbrand,Paid Search,2025-03-09,Lead,1-99,SMB
LEAD_003193,ACC_00684,Events,Industry Conference,Events,2024-12-13,Lead,1-99,SMB
LEAD_003194,ACC_00670,Paid Search,Search - Brand,Paid Search,2024-12-14,Lead,1-99,SMB
LEAD_003195,ACC_00318,Organic,Content Hub,Organic,2025-03-04,MQL,100-999,Mid-Market
LEAD_003196,ACC_00524,Events,Executive Roundtable,Events,2025-03-14,SQL,100-999,Mid-Market
LEAD_003197,ACC_00203,Organic,SEO,Organic,2024-08-29,Converted,100-999,Mid-Market
LEAD_003198,ACC_00517,Paid Social,Paid Social Retargeting,Paid Social,2024-04-09,Lead,1-99,SMB
LEAD_003199,ACC_00180,Events,Webinar,Events,2024-08-06,Lead,100-999,Mid-Market
LEAD_003200,ACC_00590,Partner,Reseller,Partner,2024-10-25,MQL,1-99,SMB
