customer_id,invoice_id,contract_id,billing_date,billing_amount,payment_status,currency
ACC_00418,INV_0000001,CON_000001,2025-02-18,1637.88,Paid,USD
ACC_00418,INV_0000002,CON_000001,2025-03-18,1637.88,Paid,GBP
ACC_00418,INV_0000003,CON_000001,2025-04-18,1637.88,Paid,USD
ACC_00418,INV_0000004,CON_000001,2025-05-18,1637.88,Paid,USD
ACC_00418,INV_0000005,CON_000001,2025-06-18,1637.88,Paid,GBP
ACC_00418,INV_0000006,CON_000001,2025-07-18,1637.88,Paid,USD
ACC_00418,INV_0000007,CON_000001,2025-08-18,1637.88,Paid,GBP
ACC_00418,INV_0000008,CON_000001,2025-09-18,1637.88,Paid,USD
ACC_00418,INV_0000009,CON_000001,2025-10-18,1637.88,Paid,USD
ACC_00418,INV_0000010,CON_000001,2025-11-18,1637.88,Paid,USD
ACC_00418,INV_0000011,CON_000001,2025-12-18,1637.88,Paid,EUR
ACC_00418,INV_0000012,CON_000001,2026-01-18,1637.88,Failed,USD
ACC_00689,INV_0000013,CON_000003,2024-04-30,2409.55,Paid,USD
ACC_01015,INV_0000014,CON_000004,2025-11-06,2037.4,Paid,USD
ACC_01015,INV_0000015,CON_000004,2025-12-06,2037.4,Paid,EUR
ACC_01015,INV_0000016,CON_000004,2026-01-06,2037.4,Paid,USD
ACC_00963,INV_0000017,CON_000005,2024-08-16,19546.29,Paid,USD
ACC_00256,INV_0000018,CON_000006,2025-02-15,63108.5,Paid,EUR
ACC_00295,INV_0000019,CON_000007,2024-11-18,295.66,Paid,USD
ACC_00295,INV_0000020,CON_000007,2024-12-18,295.66,Paid,USD
ACC_00295,INV_0000021,CON_000007,2025-01-18,295.66,Paid,USD
ACC_00295,INV_0000022,CON_000007,2025-02-18,295.66,Pending,USD
ACC_00295,INV_0000023,CON_000007,2025-03-18,295.66,Failed,USD
ACC_00295,INV_0000024,CON_000007,2025-04-18,295.66,Paid,USD
ACC_00295,INV_0000025,CON_000007,2025-05-18,295.66,Paid,EUR
ACC_00295,INV_0000026,CON_000007,2025-06-18,295.66,Pending,EUR
ACC_00295,INV_0000027,CON_000007,2025-07-18,295.66,Paid,USD
ACC_00295,INV_0000028,CON_000007,2025-08-18,295.66,Paid,EUR
ACC_00295,INV_0000029,CON_000007,2025-09-18,295.66,Paid,GBP
ACC_00295,INV_0000030,CON_000007,2025-10-18,295.66,Paid,USD
ACC_01118,INV_0000031,CON_000008,2026-01-09,10379.9,Paid,EUR
ACC_01163,INV_0000032,CON_000009,2026-01-11,30349.27,Paid,USD
ACC_00884,INV_0000033,CON_000010,2025-07-06,10715.3,Failed,GBP
ACC_00745,INV_0000034,CON_000011,2025-04-16,522.06,Paid,USD
ACC_00745,INV_0000035,CON_000011,2025-05-16,522.06,Paid,EUR
ACC_00745,INV_0000036,CON_000011,2025-06-16,522.06,Paid,USD
ACC_00745,INV_0000037,CON_000011,2025-07-16,522.06,Paid,GBP
ACC_00745,INV_0000038,CON_000011,2025-08-16,522.06,Paid,EUR
ACC_00745,INV_0000039,CON_000011,2025-09-16,522.06,Pending,USD
ACC_00745,INV_0000040,CON_000011,2025-10-16,522.06,Paid,EUR
ACC_00745,INV_0000041,CON_000011,2025-11-16,522.06,Paid,GBP
ACC_00745,INV_0000042,CON_000011,2025-12-16,522.06,Paid,USD
ACC_00745,INV_0000043,CON_000011,2026-01-16,522.06,Paid,EUR
ACC_00034,INV_0000044,CON_000012,2024-09-03,1497.46,Failed,USD
ACC_00034,INV_0000045,CON_000012,2024-10-03,1497.46,Paid,GBP
ACC_00034,INV_0000046,CON_000012,2024-11-03,1497.46,Paid,GBP
ACC_00034,INV_0000047,CON_000012,2024-12-03,1497.46,Paid,USD
ACC_00034,INV_0000048,CON_000012,2025-01-03,1497.46,Paid,GBP
ACC_00034,INV_0000049,CON_000012,2025-02-03,1497.46,Paid,GBP
ACC_00034,INV_0000050,CON_000012,2025-03-03,1497.46,Pending,GBP
ACC_00034,INV_0000051,CON_000012,2025-04-03,1497.46,Paid,USD
ACC_00034,INV_0000052,CON_000012,2025-05-03,1497.46,Paid,GBP
ACC_00034,INV_0000053,CON_000012,2025-06-03,1497.46,Paid,EUR
ACC_00034,INV_0000054,CON_000012,2025-07-03,1497.46,Paid,USD
ACC_00034,INV_0000055,CON_000012,2025-08-03,1497.46,Paid,USD
ACC_00526,INV_0000056,CON_000013,2025-01-22,10443.0,Paid,USD
ACC_00067,INV_0000057,CON_000014,2026-01-20,13044.74,Paid,USD
ACC_00136,INV_0000058,CON_000015,2025-01-17,472.23,Paid,GBP
ACC_00136,INV_0000059,CON_000015,2025-02-17,472.23,Paid,USD
ACC_00136,INV_0000060,CON_000015,2025-03-17,472.23,Paid,GBP
ACC_00136,INV_0000061,CON_000015,2025-04-17,472.23,Paid,GBP
ACC_00136,INV_0000062,CON_000015,2025-05-17,472.23,Paid,USD
ACC_00136,INV_0000063,CON_000015,2025-06-17,472.23,Paid,USD
ACC_00897,INV_0000064,CON_000016,2026-01-05,33350.86,Failed,USD
ACC_00876,INV_0000065,CON_000017,2025-06-26,59068.64,Paid,GBP
ACC_00562,INV_0000066,CON_000018,2025-06-20,3048.31,Paid,USD
ACC_00562,INV_0000067,CON_000018,2025-07-20,3048.31,Paid,EUR
ACC_00562,INV_0000068,CON_000018,2025-08-20,3048.31,Paid,GBP
ACC_00562,INV_0000069,CON_000018,2025-09-20,3048.31,Paid,USD
ACC_00562,INV_0000070,CON_000018,2025-10-20,3048.31,Paid,EUR
ACC_00562,INV_0000071,CON_000018,2025-11-20,3048.31,Paid,USD
ACC_00562,INV_0000072,CON_000018,2025-12-20,3048.31,Paid,USD
ACC_00562,INV_0000073,CON_000018,2026-01-20,3048.31,Paid,EUR
ACC_00514,INV_0000074,CON_000019,2024-11-23,7983.35,Paid,GBP
ACC_00560,INV_0000075,CON_000020,2024-09-16,1679.49,Paid,USD
ACC_00560,INV_0000076,CON_000020,2024-10-16,1679.49,Paid,EUR
ACC_00560,INV_0000077,CON_000020,2024-11-16,1679.49,Paid,USD
ACC_00560,INV_0000078,CON_000020,2024-12-16,1679.49,Paid,USD
ACC_00560,INV_0000079,CON_000020,2025-01-16,1679.49,Paid,USD
ACC_00560,INV_0000080,CON_000020,2025-02-16,1679.49,Paid,USD
ACC_00560,INV_0000081,CON_000020,2025-03-16,1679.49,Paid,GBP
ACC_00560,INV_0000082,CON_000020,2025-04-16,1679.49,Pending,USD
ACC_00560,INV_0000083,CON_000020,2025-05-16,1679.49,Paid,USD
ACC_00560,INV_0000084,CON_000020,2025-06-16,1679.49,Paid,USD
ACC_00560,INV_0000085,CON_000020,2025-07-16,1679.49,Paid,USD
ACC_00560,INV_0000086,CON_000020,2025-08-16,1679.49,Paid,GBP
ACC_00066,INV_0000087,CON_000021,2024-09-20,46463.53,Paid,GBP
ACC_00419,INV_0000088,CON_000023,2024-07-03,2531.93,Paid,USD
ACC_00394,INV_0000089,CON_000024,2024-06-11,616.21,Paid,USD
ACC_00394,INV_0000090,CON_000024,2024-07-11,616.21,Paid,EUR
ACC_00394,INV_0000091,CON_000024,2024-08-11,616.21,Paid,USD
ACC_00394,INV_0000092,CON_000024,2024-09-11,616.21,Paid,EUR
ACC_00394,INV_0000093,CON_000024,2024-10-11,616.21,Paid,GBP
ACC_00394,INV_0000094,CON_000024,2024-11-11,616.21,Paid,GBP
ACC_00394,INV_0000095,CON_000024,2024-12-11,616.21,Paid,GBP
ACC_00394,INV_0000096,CON_000024,2025-01-11,616.21,Paid,USD
ACC_00394,INV_0000097,CON_000024,2025-02-11,616.21,Pending,USD
ACC_00394,INV_0000098,CON_000024,2025-03-11,616.21,Paid,USD
ACC_00394,INV_0000099,CON_000024,2025-04-11,616.21,Paid,EUR
ACC_00394,INV_0000100,CON_000024,2025-05-11,616.21,Paid,USD
ACC_00128,INV_0000101,CON_000025,2025-09-10,608.93,Paid,USD
ACC_00128,INV_0000102,CON_000025,2025-10-10,608.93,Paid,USD
ACC_00128,INV_0000103,CON_000025,2025-11-10,608.93,Paid,USD
ACC_00128,INV_0000104,CON_000025,2025-12-10,608.93,Paid,USD
ACC_00128,INV_0000105,CON_000025,2026-01-10,608.93,Paid,USD
ACC_01196,INV_0000106,CON_000026,2025-04-28,24355.06,Paid,USD
ACC_00438,INV_0000107,CON_000027,2024-10-16,12101.83,Pending,EUR
ACC_00438,INV_0000108,CON_000027,2024-11-16,12101.83,Paid,EUR
ACC_00438,INV_0000109,CON_000027,2024-12-16,12101.83,Paid,USD
ACC_00438,INV_0000110,CON_000027,2025-01-16,12101.83,Pending,USD
ACC_00438,INV_0000111,CON_000027,2025-02-16,12101.83,Paid,USD
ACC_00438,INV_0000112,CON_000027,2025-03-16,12101.83,Paid,GBP
ACC_01162,INV_0000113,CON_000028,2025-04-08,794.01,Paid,EUR
ACC_01162,INV_0000114,CON_000028,2025-05-08,794.01,Paid,USD
ACC_01162,INV_0000115,CON_000028,2025-06-08,794.01,Paid,EUR
ACC_01162,INV_0000116,CON_000028,2025-07-08,794.01,Paid,USD
ACC_01162,INV_0000117,CON_000028,2025-08-08,794.01,Paid,USD
ACC_01162,INV_0000118,CON_000028,2025-09-08,794.01,Paid,EUR
ACC_01162,INV_0000119,CON_000028,2025-10-08,794.01,Paid,USD
ACC_01162,INV_0000120,CON_000028,2025-11-08,794.01,Paid,GBP
ACC_01162,INV_0000121,CON_000028,2025-12-08,794.01,Paid,USD
ACC_01162,INV_0000122,CON_000028,2026-01-08,794.01,Pending,EUR
ACC_00505,INV_0000123,CON_000029,2024-06-08,29656.82,Paid,USD
ACC_00958,INV_0000124,CON_000030,2025-03-20,8762.07,Paid,USD
ACC_00751,INV_0000125,CON_000031,2024-07-07,201.35,Paid,USD
ACC_00751,INV_0000126,CON_000031,2024-08-07,201.35,Paid,GBP
ACC_00751,INV_0000127,CON_000031,2024-09-07,201.35,Paid,USD
ACC_00751,INV_0000128,CON_000031,2024-10-07,201.35,Paid,USD
ACC_00751,INV_0000129,CON_000031,2024-11-07,201.35,Paid,USD
ACC_00751,INV_0000130,CON_000031,2024-12-07,201.35,Paid,EUR
ACC_00751,INV_0000131,CON_000031,2025-01-07,201.35,Paid,USD
ACC_00751,INV_0000132,CON_000031,2025-02-07,201.35,Paid,USD
ACC_00751,INV_0000133,CON_000031,2025-03-07,201.35,Paid,USD
ACC_00751,INV_0000134,CON_000031,2025-04-07,201.35,Paid,USD
ACC_00751,INV_0000135,CON_000031,2025-05-07,201.35,Paid,USD
ACC_00751,INV_0000136,CON_000031,2025-06-07,201.35,Pending,EUR
ACC_00247,INV_0000137,CON_000032,2025-02-15,2254.32,Paid,USD
ACC_00415,INV_0000138,CON_000033,2025-11-23,5143.11,Paid,GBP
ACC_00256,INV_0000139,CON_000034,2025-06-30,13574.25,Paid,GBP
ACC_00594,INV_0000140,CON_000035,2025-05-04,4473.5,Failed,EUR
ACC_00922,INV_0000141,CON_000036,2024-08-06,110030.19,Paid,USD
ACC_00820,INV_0000142,CON_000037,2025-01-24,14361.25,Paid,EUR
ACC_01193,INV_0000143,CON_000038,2025-11-04,99850.48,Paid,USD
ACC_00086,INV_0000144,CON_000039,2024-06-22,3225.99,Paid,USD
ACC_01113,INV_0000145,CON_000040,2024-08-27,17772.53,Paid,USD
ACC_00031,INV_0000146,CON_000041,2025-10-29,4005.77,Paid,USD
ACC_00031,INV_0000147,CON_000041,2025-11-29,4005.77,Paid,USD
ACC_00031,INV_0000148,CON_000041,2025-12-29,4005.77,Paid,GBP
ACC_00031,INV_0000149,CON_000041,2026-01-29,4005.77,Paid,USD
ACC_00653,INV_0000150,CON_000042,2025-08-04,9994.3,Paid,USD
ACC_00935,INV_0000151,CON_000043,2025-05-05,14328.87,Paid,GBP
ACC_00533,INV_0000152,CON_000044,2025-10-15,10093.24,Paid,USD
ACC_00328,INV_0000153,CON_000045,2025-05-14,11248.68,Paid,GBP
ACC_00940,INV_0000154,CON_000046,2025-04-07,638.8,Paid,USD
ACC_00940,INV_0000155,CON_000046,2025-05-07,638.8,Pending,USD
ACC_00940,INV_0000156,CON_000046,2025-06-07,638.8,Paid,EUR
ACC_00940,INV_0000157,CON_000046,2025-07-07,638.8,Paid,USD
ACC_00940,INV_0000158,CON_000046,2025-08-07,638.8,Pending,USD
ACC_00940,INV_0000159,CON_000046,2025-09-07,638.8,Paid,USD
ACC_00940,INV_0000160,CON_000046,2025-10-07,638.8,Paid,EUR
ACC_00940,INV_0000161,CON_000046,2025-11-07,638.8,Paid,USD
ACC_00940,INV_0000162,CON_000046,2025-12-07,638.8,Paid,EUR
ACC_00940,INV_0000163,CON_000046,2026-01-07,638.8,Paid,USD
ACC_00310,INV_0000164,CON_000047,2025-06-07,11037.22,Paid,EUR
ACC_01010,INV_0000165,CON_000048,2025-02-14,7099.68,Paid,EUR
ACC_00132,INV_0000166,CON_000049,2024-04-14,29175.22,Paid,USD
ACC_00410,INV_0000167,CON_000050,2024-04-23,3528.21,Paid,GBP
ACC_00410,INV_0000168,CON_000050,2024-05-23,3528.21,Paid,USD
ACC_00410,INV_0000169,CON_000050,2024-06-23,3528.21,Paid,USD
ACC_00410,INV_0000170,CON_000050,2024-07-23,3528.21,Paid,EUR
ACC_00410,INV_0000171,CON_000050,2024-08-23,3528.21,Paid,EUR
ACC_00410,INV_0000172,CON_000050,2024-09-23,3528.21,Paid,USD
ACC_00410,INV_0000173,CON_000050,2024-10-23,3528.21,Paid,USD
ACC_00410,INV_0000174,CON_000050,2024-11-23,3528.21,Paid,GBP
ACC_00410,INV_0000175,CON_000050,2024-12-23,3528.21,Paid,USD
ACC_00410,INV_0000176,CON_000050,2025-01-23,3528.21,Paid,USD
ACC_00410,INV_0000177,CON_000050,2025-02-23,3528.21,Paid,EUR
ACC_00410,INV_0000178,CON_000050,2025-03-23,3528.21,Paid,USD
ACC_00776,INV_0000179,CON_000051,2024-08-29,5947.74,Paid,GBP
ACC_00776,INV_0000180,CON_000051,2024-09-29,5947.74,Paid,USD
ACC_00776,INV_0000181,CON_000051,2024-10-29,5947.74,Paid,GBP
ACC_00776,INV_0000182,CON_000051,2024-11-29,5947.74,Paid,GBP
ACC_00776,INV_0000183,CON_000051,2024-12-29,5947.74,Paid,USD
ACC_00776,INV_0000184,CON_000051,2025-01-29,5947.74,Paid,USD
ACC_00776,INV_0000185,CON_000051,2025-02-28,5947.74,Paid,USD
ACC_00776,INV_0000186,CON_000051,2025-03-29,5947.74,Paid,EUR
ACC_00776,INV_0000187,CON_000051,2025-04-29,5947.74,Paid,USD
ACC_00776,INV_0000188,CON_000051,2025-05-29,5947.74,Pending,USD
ACC_00776,INV_0000189,CON_000051,2025-06-29,5947.74,Paid,GBP
ACC_00776,INV_0000190,CON_000051,2025-07-29,5947.74,Paid,GBP
ACC_00245,INV_0000191,CON_000052,2025-06-04,1427.18,Paid,GBP
ACC_00245,INV_0000192,CON_000052,2025-07-04,1427.18,Failed,USD
ACC_00245,INV_0000193,CON_000052,2025-08-04,1427.18,Paid,EUR
ACC_00245,INV_0000194,CON_000052,2025-09-04,1427.18,Paid,USD
ACC_00245,INV_0000195,CON_000052,2025-10-04,1427.18,Paid,USD
ACC_00245,INV_0000196,CON_000052,2025-11-04,1427.18,Paid,USD
ACC_00708,INV_0000197,CON_000053,2025-12-23,35202.25,Pending,EUR
ACC_01049,INV_0000198,CON_000054,2024-07-16,4623.8,Pending,USD
ACC_00393,INV_0000199,CON_000055,2025-08-04,1434.02,Paid,USD
ACC_00393,INV_0000200,CON_000055,2025-09-04,1434.02,Paid,USD
ACC_00393,INV_0000201,CON_000055,2025-10-04,1434.02,Paid,USD
ACC_00393,INV_0000202,CON_000055,2025-11-04,1434.02,Paid,EUR
ACC_00393,INV_0000203,CON_000055,2025-12-04,1434.02,Paid,USD
ACC_00393,INV_0000204,CON_000055,2026-01-04,1434.02,Paid,EUR
ACC_00836,INV_0000205,CON_000056,2024-09-14,634.88,Paid,GBP
ACC_00836,INV_0000206,CON_000056,2024-10-14,634.88,Failed,EUR
ACC_00836,INV_0000207,CON_000056,2024-11-14,634.88,Paid,USD
ACC_00836,INV_0000208,CON_000056,2024-12-14,634.88,Pending,GBP
ACC_00836,INV_0000209,CON_000056,2025-01-14,634.88,Paid,EUR
ACC_00836,INV_0000210,CON_000056,2025-02-14,634.88,Paid,USD
ACC_00836,INV_0000211,CON_000056,2025-03-14,634.88,Paid,GBP
ACC_00836,INV_0000212,CON_000056,2025-04-14,634.88,Paid,USD
ACC_00836,INV_0000213,CON_000056,2025-05-14,634.88,Paid,EUR
ACC_00836,INV_0000214,CON_000056,2025-06-14,634.88,Paid,USD
ACC_00836,INV_0000215,CON_000056,2025-07-14,634.88,Paid,GBP
ACC_00836,INV_0000216,CON_000056,2025-08-14,634.88,Paid,GBP
ACC_00484,INV_0000217,CON_000057,2025-01-03,15866.69,Paid,USD
ACC_00300,INV_0000218,CON_000058,2025-06-06,44910.85,Pending,USD
ACC_00812,INV_0000219,CON_000059,2025-02-14,331.92,Paid,GBP
ACC_00812,INV_0000220,CON_000059,2025-03-14,331.92,Paid,GBP
ACC_00812,INV_0000221,CON_000059,2025-04-14,331.92,Paid,USD
ACC_00812,INV_0000222,CON_000059,2025-05-14,331.92,Paid,USD
ACC_00812,INV_0000223,CON_000059,2025-06-14,331.92,Pending,EUR
ACC_00812,INV_0000224,CON_000059,2025-07-14,331.92,Paid,EUR
ACC_00812,INV_0000225,CON_000059,2025-08-14,331.92,Paid,EUR
ACC_00812,INV_0000226,CON_000059,2025-09-14,331.92,Paid,GBP
ACC_00812,INV_0000227,CON_000059,2025-10-14,331.92,Pending,EUR
ACC_00812,INV_0000228,CON_000059,2025-11-14,331.92,Paid,EUR
ACC_00812,INV_0000229,CON_000059,2025-12-14,331.92,Paid,USD
ACC_00812,INV_0000230,CON_000059,2026-01-14,331.92,Pending,EUR
ACC_00653,INV_0000231,CON_000060,2025-01-14,10899.12,Paid,GBP
ACC_00182,INV_0000232,CON_000061,2026-01-10,37083.74,Failed,GBP
ACC_00858,INV_0000233,CON_000062,2024-07-27,696.29,Paid,USD
ACC_00858,INV_0000234,CON_000062,2024-08-27,696.29,Paid,USD
ACC_00858,INV_0000235,CON_000062,2024-09-27,696.29,Paid,GBP
ACC_00858,INV_0000236,CON_000062,2024-10-27,696.29,Paid,EUR
ACC_00858,INV_0000237,CON_000062,2024-11-27,696.29,Paid,USD
ACC_00858,INV_0000238,CON_000062,2024-12-27,696.29,Paid,USD
ACC_00858,INV_0000239,CON_000062,2025-01-27,696.29,Paid,EUR
ACC_00858,INV_0000240,CON_000062,2025-02-27,696.29,Paid,USD
ACC_00858,INV_0000241,CON_000062,2025-03-27,696.29,Paid,USD
ACC_00858,INV_0000242,CON_000062,2025-04-27,696.29,Paid,USD
ACC_00858,INV_0000243,CON_000062,2025-05-27,696.29,Paid,USD
ACC_00858,INV_0000244,CON_000062,2025-06-27,696.29,Paid,USD
ACC_00696,INV_0000245,CON_000063,2024-09-02,1670.6,Paid,GBP
ACC_00696,INV_0000246,CON_000063,2024-10-02,1670.6,Paid,USD
ACC_00696,INV_0000247,CON_000063,2024-11-02,1670.6,Paid,GBP
ACC_00696,INV_0000248,CON_000063,2024-12-02,1670.6,Paid,USD
ACC_00696,INV_0000249,CON_000063,2025-01-02,1670.6,Paid,USD
ACC_00696,INV_0000250,CON_000063,2025-02-02,1670.6,Paid,USD
ACC_00696,INV_0000251,CON_000063,2025-03-02,1670.6,Paid,USD
ACC_00696,INV_0000252,CON_000063,2025-04-02,1670.6,Pending,USD
ACC_00696,INV_0000253,CON_000063,2025-05-02,1670.6,Paid,USD
ACC_00696,INV_0000254,CON_000063,2025-06-02,1670.6,Paid,GBP
ACC_00696,INV_0000255,CON_000063,2025-07-02,1670.6,Paid,USD
ACC_00696,INV_0000256,CON_000063,2025-08-02,1670.6,Paid,EUR
ACC_00645,INV_0000257,CON_000064,2025-07-06,40556.07,Failed,USD
ACC_01137,INV_0000258,CON_000065,2025-03-14,501.94,Paid,USD
ACC_01137,INV_0000259,CON_000065,2025-04-14,501.94,Paid,EUR
ACC_01137,INV_0000260,CON_000065,2025-05-14,501.94,Paid,EUR
ACC_01137,INV_0000261,CON_000065,2025-06-14,501.94,Paid,USD
ACC_01137,INV_0000262,CON_000065,2025-07-14,501.94,Paid,GBP
ACC_01137,INV_0000263,CON_000065,2025-08-14,501.94,Paid,USD
ACC_01137,INV_0000264,CON_000065,2025-09-14,501.94,Paid,USD
ACC_01137,INV_0000265,CON_000065,2025-10-14,501.94,Paid,USD
ACC_01137,INV_0000266,CON_000065,2025-11-14,501.94,Pending,EUR
ACC_01137,INV_0000267,CON_000065,2025-12-14,501.94,Paid,USD
ACC_01137,INV_0000268,CON_000065,2026-01-14,501.94,Paid,USD
ACC_00419,INV_0000269,CON_000066,2025-10-15,3703.34,Paid,GBP
ACC_00635,INV_0000270,CON_000067,2024-05-27,81812.46,Paid,USD
ACC_00162,INV_0000271,CON_000068,2025-01-02,128721.96,Paid,USD
ACC_00434,INV_0000272,CON_000069,2025-07-21,80096.79,Pending,USD
ACC_01066,INV_0000273,CON_000070,2025-10-09,45162.43,Pending,EUR
ACC_00004,INV_0000274,CON_000071,2025-02-14,1222.71,Paid,USD
ACC_00004,INV_0000275,CON_000071,2025-03-14,1222.71,Paid,USD
ACC_00004,INV_0000276,CON_000071,2025-04-14,1222.71,Paid,USD
ACC_00004,INV_0000277,CON_000071,2025-05-14,1222.71,Paid,USD
ACC_00004,INV_0000278,CON_000071,2025-06-14,1222.71,Paid,USD
ACC_00004,INV_0000279,CON_000071,2025-07-14,1222.71,Paid,EUR
ACC_00004,INV_0000280,CON_000071,2025-08-14,1222.71,Paid,USD
ACC_00004,INV_0000281,CON_000071,2025-09-14,1222.71,Failed,USD
ACC_00004,INV_0000282,CON_000071,2025-10-14,1222.71,Paid,USD
ACC_00004,INV_0000283,CON_000071,2025-11-14,1222.71,Paid,USD
ACC_00004,INV_0000284,CON_000071,2025-12-14,1222.71,Paid,GBP
ACC_00004,INV_0000285,CON_000071,2026-01-14,1222.71,Paid,EUR
ACC_00770,INV_0000286,CON_000072,2024-02-28,639.57,Paid,EUR
ACC_00770,INV_0000287,CON_000072,2024-03-28,639.57,Paid,USD
ACC_00770,INV_0000288,CON_000072,2024-04-28,639.57,Paid,GBP
ACC_00770,INV_0000289,CON_000072,2024-05-28,639.57,Paid,GBP
ACC_00770,INV_0000290,CON_000072,2024-06-28,639.57,Paid,GBP
ACC_00770,INV_0000291,CON_000072,2024-07-28,639.57,Paid,USD
ACC_00770,INV_0000292,CON_000072,2024-08-28,639.57,Paid,USD
ACC_00770,INV_0000293,CON_000072,2024-09-28,639.57,Paid,USD
ACC_00770,INV_0000294,CON_000072,2024-10-28,639.57,Paid,USD
ACC_00770,INV_0000295,CON_000072,2024-11-28,639.57,Failed,GBP
ACC_00770,INV_0000296,CON_000072,2024-12-28,639.57,Paid,USD
ACC_00770,INV_0000297,CON_000072,2025-01-28,639.57,Paid,USD
ACC_00113,INV_0000298,CON_000073,2025-12-09,369.86,Paid,GBP
ACC_00113,INV_0000299,CON_000073,2026-01-09,369.86,Paid,GBP
ACC_00973,INV_0000300,CON_000074,2025-04-12,764.18,Paid,GBP
ACC_00973,INV_0000301,CON_000074,2025-05-12,764.18,Paid,USD
ACC_00973,INV_0000302,CON_000074,2025-06-12,764.18,Paid,USD
ACC_00973,INV_0000303,CON_000074,2025-07-12,764.18,Paid,USD
ACC_00973,INV_0000304,CON_000074,2025-08-12,764.18,Paid,GBP
ACC_00973,INV_0000305,CON_000074,2025-09-12,764.18,Paid,GBP
ACC_00973,INV_0000306,CON_000074,2025-10-12,764.18,Paid,EUR
ACC_00973,INV_0000307,CON_000074,2025-11-12,764.18,Paid,EUR
ACC_00973,INV_0000308,CON_000074,2025-12-12,764.18,Paid,USD
ACC_00973,INV_0000309,CON_000074,2026-01-12,764.18,Paid,USD
ACC_01056,INV_0000310,CON_000075,2025-10-30,4678.86,Paid,USD
ACC_01056,INV_0000311,CON_000075,2025-11-30,4678.86,Paid,USD
ACC_01056,INV_0000312,CON_000075,2025-12-30,4678.86,Paid,EUR
ACC_01056,INV_0000313,CON_000075,2026-01-30,4678.86,Paid,EUR
ACC_00640,INV_0000314,CON_000076,2025-11-02,7721.91,Paid,USD
ACC_00640,INV_0000315,CON_000076,2025-12-02,7721.91,Paid,USD
ACC_00640,INV_0000316,CON_000076,2026-01-02,7721.91,Paid,USD
ACC_00446,INV_0000317,CON_000077,2024-09-22,6991.65,Paid,USD
ACC_00446,INV_0000318,CON_000077,2024-10-22,6991.65,Paid,USD
ACC_00446,INV_0000319,CON_000077,2024-11-22,6991.65,Paid,USD
ACC_00446,INV_0000320,CON_000077,2024-12-22,6991.65,Paid,USD
ACC_00446,INV_0000321,CON_000077,2025-01-22,6991.65,Paid,GBP
ACC_00446,INV_0000322,CON_000077,2025-02-22,6991.65,Paid,GBP
ACC_00446,INV_0000323,CON_000077,2025-03-22,6991.65,Paid,GBP
ACC_00446,INV_0000324,CON_000077,2025-04-22,6991.65,Paid,GBP
ACC_00446,INV_0000325,CON_000077,2025-05-22,6991.65,Paid,EUR
ACC_00446,INV_0000326,CON_000077,2025-06-22,6991.65,Paid,USD
ACC_00446,INV_0000327,CON_000077,2025-07-22,6991.65,Paid,EUR
ACC_00446,INV_0000328,CON_000077,2025-08-22,6991.65,Paid,USD
ACC_00937,INV_0000329,CON_000078,2024-02-12,392327.98,Pending,GBP
ACC_01121,INV_0000330,CON_000079,2024-10-14,473.21,Paid,USD
ACC_01121,INV_0000331,CON_000079,2024-11-14,473.21,Paid,GBP
ACC_01121,INV_0000332,CON_000079,2024-12-14,473.21,Paid,EUR
ACC_01121,INV_0000333,CON_000079,2025-01-14,473.21,Paid,USD
ACC_01121,INV_0000334,CON_000079,2025-02-14,473.21,Paid,USD
ACC_01121,INV_0000335,CON_000079,2025-03-14,473.21,Paid,USD
ACC_01121,INV_0000336,CON_000079,2025-04-14,473.21,Paid,GBP
ACC_01121,INV_0000337,CON_000079,2025-05-14,473.21,Paid,USD
ACC_01121,INV_0000338,CON_000079,2025-06-14,473.21,Paid,USD
ACC_01121,INV_0000339,CON_000079,2025-07-14,473.21,Paid,EUR
ACC_01121,INV_0000340,CON_000079,2025-08-14,473.21,Paid,USD
ACC_01121,INV_0000341,CON_000079,2025-09-14,473.21,Paid,GBP
ACC_00916,INV_0000342,CON_000080,2024-04-25,14837.2,Paid,USD
ACC_00636,INV_0000343,CON_000081,2025-12-17,1107.45,Paid,GBP
ACC_00636,INV_0000344,CON_000081,2026-01-17,1107.45,Paid,USD
ACC_00233,INV_0000345,CON_000082,2025-03-08,122557.68,Pending,USD
ACC_00007,INV_0000346,CON_000083,2024-02-22,125055.74,Paid,USD
ACC_00006,INV_0000347,CON_000084,2025-05-19,112337.9,Paid,USD
ACC_00133,INV_0000348,CON_000085,2024-10-01,10978.63,Paid,USD
ACC_00654,INV_0000349,CON_000086,2025-08-09,29003.66,Pending,EUR
ACC_00084,INV_0000350,CON_000087,2025-05-18,2031.25,Pending,EUR
ACC_00084,INV_0000351,CON_000087,2025-06-18,2031.25,Paid,EUR
ACC_00084,INV_0000352,CON_000087,2025-07-18,2031.25,Paid,USD
ACC_00084,INV_0000353,CON_000087,2025-08-18,2031.25,Paid,EUR
ACC_00084,INV_0000354,CON_000087,2025-09-18,2031.25,Paid,USD
ACC_00084,INV_0000355,CON_000087,2025-10-18,2031.25,Paid,USD
ACC_00084,INV_0000356,CON_000087,2025-11-18,2031.25,Paid,EUR
ACC_00084,INV_0000357,CON_000087,2025-12-18,2031.25,Paid,USD
ACC_00084,INV_0000358,CON_000087,2026-01-18,2031.25,Paid,GBP
ACC_00610,INV_0000359,CON_000088,2024-12-18,208.92,Paid,USD
ACC_00610,INV_0000360,CON_000088,2025-01-18,208.92,Paid,USD
ACC_00610,INV_0000361,CON_000088,2025-02-18,208.92,Paid,USD
ACC_00610,INV_0000362,CON_000088,2025-03-18,208.92,Paid,GBP
ACC_00610,INV_0000363,CON_000088,2025-04-18,208.92,Paid,USD
ACC_00610,INV_0000364,CON_000088,2025-05-18,208.92,Paid,EUR
ACC_00610,INV_0000365,CON_000088,2025-06-18,208.92,Pending,USD
ACC_00610,INV_0000366,CON_000088,2025-07-18,208.92,Paid,USD
ACC_00610,INV_0000367,CON_000088,2025-08-18,208.92,Pending,USD
ACC_00610,INV_0000368,CON_000088,2025-09-18,208.92,Paid,USD
ACC_00610,INV_0000369,CON_000088,2025-10-18,208.92,Paid,USD
ACC_00610,INV_0000370,CON_000088,2025-11-18,208.92,Paid,USD
ACC_00068,INV_0000371,CON_000089,2025-05-05,474.56,Paid,EUR
ACC_00068,INV_0000372,CON_000089,2025-06-05,474.56,Paid,USD
ACC_00068,INV_0000373,CON_000089,2025-07-05,474.56,Paid,EUR
ACC_00068,INV_0000374,CON_000089,2025-08-05,474.56,Paid,USD
ACC_00068,INV_0000375,CON_000089,2025-09-05,474.56,Paid,USD
ACC_00068,INV_0000376,CON_000089,2025-10-05,474.56,Paid,USD
ACC_00155,INV_0000377,CON_000090,2024-09-23,221.11,Paid,USD
ACC_00155,INV_0000378,CON_000090,2024-10-23,221.11,Paid,USD
ACC_00155,INV_0000379,CON_000090,2024-11-23,221.11,Paid,USD
ACC_00155,INV_0000380,CON_000090,2024-12-23,221.11,Paid,USD
ACC_00155,INV_0000381,CON_000090,2025-01-23,221.11,Paid,USD
ACC_00155,INV_0000382,CON_000090,2025-02-23,221.11,Paid,EUR
ACC_00155,INV_0000383,CON_000090,2025-03-23,221.11,Paid,EUR
ACC_00155,INV_0000384,CON_000090,2025-04-23,221.11,Paid,EUR
ACC_00155,INV_0000385,CON_000090,2025-05-23,221.11,Paid,USD
ACC_00155,INV_0000386,CON_000090,2025-06-23,221.11,Paid,GBP
ACC_00155,INV_0000387,CON_000090,2025-07-23,221.11,Paid,USD
ACC_00155,INV_0000388,CON_000090,2025-08-23,221.11,Paid,USD
ACC_00496,INV_0000389,CON_000091,2024-08-05,196.53,Paid,USD
ACC_00496,INV_0000390,CON_000091,2024-09-05,196.53,Paid,USD
ACC_00496,INV_0000391,CON_000091,2024-10-05,196.53,Paid,USD
ACC_00496,INV_0000392,CON_000091,2024-11-05,191.96,Paid,GBP
ACC_00496,INV_0000393,CON_000091,2024-12-05,196.53,Paid,USD
ACC_00496,INV_0000394,CON_000091,2025-01-05,196.53,Paid,USD
ACC_00496,INV_0000395,CON_000091,2025-02-05,196.53,Paid,EUR
ACC_00496,INV_0000396,CON_000091,2025-03-05,196.53,Failed,USD
ACC_00496,INV_0000397,CON_000091,2025-04-05,196.53,Paid,GBP
ACC_00496,INV_0000398,CON_000091,2025-05-05,196.53,Failed,USD
ACC_00496,INV_0000399,CON_000091,2025-06-05,196.53,Paid,USD
ACC_00496,INV_0000400,CON_000091,2025-07-05,196.53,Paid,EUR
ACC_00487,INV_0000401,CON_000092,2025-04-11,400.16,Paid,EUR
ACC_00487,INV_0000402,CON_000092,2025-05-11,400.16,Paid,USD
ACC_00487,INV_0000403,CON_000092,2025-06-11,400.16,Paid,USD
ACC_00487,INV_0000404,CON_000092,2025-07-11,400.16,Pending,USD
ACC_00487,INV_0000405,CON_000092,2025-08-11,400.16,Paid,EUR
ACC_00487,INV_0000406,CON_000092,2025-09-11,400.16,Paid,USD
ACC_00487,INV_0000407,CON_000092,2025-10-11,400.16,Paid,USD
ACC_00487,INV_0000408,CON_000092,2025-11-11,400.16,Paid,GBP
ACC_00487,INV_0000409,CON_000092,2025-12-11,400.16,Paid,GBP
ACC_00487,INV_0000410,CON_000092,2026-01-11,400.16,Pending,EUR
ACC_00437,INV_0000411,CON_000093,2025-04-14,30450.54,Paid,USD
ACC_00303,INV_0000412,CON_000094,2024-10-31,141188.85,Paid,USD
ACC_00455,INV_0000413,CON_000095,2025-07-24,6603.23,Paid,GBP
ACC_00294,INV_0000414,CON_000097,2025-02-18,37896.24,Paid,GBP
ACC_00978,INV_0000415,CON_000098,2025-10-16,225.63,Paid,EUR
ACC_00978,INV_0000416,CON_000098,2025-11-16,225.63,Paid,USD
ACC_00978,INV_0000417,CON_000098,2025-12-16,225.63,Paid,USD
ACC_00978,INV_0000418,CON_000098,2026-01-16,225.63,Paid,USD
ACC_00735,INV_0000419,CON_000099,2024-12-07,1301.63,Paid,USD
ACC_00735,INV_0000420,CON_000099,2025-01-07,1301.63,Paid,USD
ACC_00735,INV_0000421,CON_000099,2025-02-07,1301.63,Pending,USD
ACC_00735,INV_0000422,CON_000099,2025-03-07,1301.63,Paid,USD
ACC_00735,INV_0000423,CON_000099,2025-04-07,1301.63,Paid,USD
ACC_00735,INV_0000424,CON_000099,2025-05-07,1301.63,Paid,GBP
ACC_00735,INV_0000425,CON_000099,2025-06-07,1301.63,Paid,GBP
ACC_00735,INV_0000426,CON_000099,2025-07-07,1301.63,Paid,USD
ACC_00735,INV_0000427,CON_000099,2025-08-07,1301.63,Paid,EUR
ACC_00735,INV_0000428,CON_000099,2025-09-07,1301.63,Paid,USD
ACC_00735,INV_0000429,CON_000099,2025-10-07,1301.63,Paid,GBP
ACC_00735,INV_0000430,CON_000099,2025-11-07,1301.63,Paid,USD
ACC_00290,INV_0000431,CON_000100,2024-06-05,14877.11,Paid,USD
ACC_00628,INV_0000432,CON_000101,2024-10-28,17305.62,Paid,USD
ACC_00339,INV_0000433,CON_000102,2025-01-14,400.68,Paid,USD
ACC_00339,INV_0000434,CON_000102,2025-02-14,400.68,Pending,EUR
ACC_00339,INV_0000435,CON_000102,2025-03-14,400.68,Paid,USD
ACC_00339,INV_0000436,CON_000102,2025-04-14,400.68,Paid,USD
ACC_00339,INV_0000437,CON_000102,2025-05-14,400.68,Paid,USD
ACC_00339,INV_0000438,CON_000102,2025-06-14,400.68,Paid,USD
ACC_00305,INV_0000439,CON_000103,2024-12-31,477752.54,Paid,USD
ACC_00045,INV_0000440,CON_000104,2025-12-26,54045.07,Paid,USD
ACC_00220,INV_0000441,CON_000105,2024-12-09,633.33,Paid,USD
ACC_00220,INV_0000442,CON_000105,2025-01-09,633.33,Paid,GBP
ACC_00220,INV_0000443,CON_000105,2025-02-09,633.33,Paid,EUR
ACC_00220,INV_0000444,CON_000105,2025-03-09,633.33,Paid,GBP
ACC_00220,INV_0000445,CON_000105,2025-04-09,633.33,Paid,USD
ACC_00220,INV_0000446,CON_000105,2025-05-09,633.33,Paid,EUR
ACC_00220,INV_0000447,CON_000105,2025-06-09,633.33,Paid,EUR
ACC_00220,INV_0000448,CON_000105,2025-07-09,633.33,Paid,USD
ACC_00220,INV_0000449,CON_000105,2025-08-09,633.33,Paid,GBP
ACC_00220,INV_0000450,CON_000105,2025-09-09,633.33,Paid,GBP
ACC_00220,INV_0000451,CON_000105,2025-10-09,633.33,Paid,USD
ACC_00220,INV_0000452,CON_000105,2025-11-09,633.33,Paid,USD
ACC_00016,INV_0000453,CON_000106,2025-10-01,1364.19,Paid,EUR
ACC_00016,INV_0000454,CON_000106,2025-11-01,1364.19,Paid,USD
ACC_00016,INV_0000455,CON_000106,2025-12-01,1364.19,Paid,USD
ACC_00016,INV_0000456,CON_000106,2026-01-01,1364.19,Pending,USD
ACC_00520,INV_0000457,CON_000107,2024-11-15,3358.21,Paid,USD
ACC_00520,INV_0000458,CON_000107,2024-12-15,3358.21,Pending,EUR
ACC_00520,INV_0000459,CON_000107,2025-01-15,3358.21,Paid,EUR
ACC_00520,INV_0000460,CON_000107,2025-02-15,3358.21,Paid,EUR
ACC_00520,INV_0000461,CON_000107,2025-03-15,3358.21,Paid,USD
ACC_00520,INV_0000462,CON_000107,2025-04-15,3358.21,Pending,USD
ACC_00520,INV_0000463,CON_000107,2025-05-15,3358.21,Paid,USD
ACC_00520,INV_0000464,CON_000107,2025-06-15,3358.21,Paid,USD
ACC_00520,INV_0000465,CON_000107,2025-07-15,3358.21,Paid,USD
ACC_00520,INV_0000466,CON_000107,2025-08-15,3358.21,Paid,EUR
ACC_00520,INV_0000467,CON_000107,2025-09-15,3358.21,Paid,USD
ACC_00520,INV_0000468,CON_000107,2025-10-15,3358.21,Paid,USD
ACC_00337,INV_0000469,CON_000109,2025-05-17,623.65,Paid,GBP
ACC_00337,INV_0000470,CON_000109,2025-06-17,623.65,Paid,GBP
ACC_00337,INV_0000471,CON_000109,2025-07-17,623.65,Paid,USD
ACC_00337,INV_0000472,CON_000109,2025-08-17,632.79,Paid,USD
ACC_00337,INV_0000473,CON_000109,2025-09-17,623.65,Paid,GBP
ACC_00337,INV_0000474,CON_000109,2025-10-17,623.65,Paid,USD
ACC_00337,INV_0000475,CON_000109,2025-11-17,623.65,Paid,USD
ACC_00337,INV_0000476,CON_000109,2025-12-17,623.65,Paid,USD
ACC_00337,INV_0000477,CON_000109,2026-01-17,623.65,Pending,USD
ACC_00882,INV_0000478,CON_000110,2024-04-02,2723.58,Paid,USD
ACC_00069,INV_0000479,CON_000111,2025-09-15,992.57,Paid,USD
ACC_00069,INV_0000480,CON_000111,2025-10-15,992.57,Paid,USD
ACC_00069,INV_0000481,CON_000111,2025-11-15,992.57,Paid,EUR
ACC_00069,INV_0000482,CON_000111,2025-12-15,992.57,Paid,USD
ACC_00069,INV_0000483,CON_000111,2026-01-15,992.57,Paid,EUR
ACC_00268,INV_0000484,CON_000112,2025-08-23,10612.1,Paid,EUR
ACC_00798,INV_0000485,CON_000113,2024-04-04,4450.99,Paid,USD
ACC_00798,INV_0000486,CON_000113,2024-05-04,4450.99,Paid,USD
ACC_00798,INV_0000487,CON_000113,2024-06-04,4450.99,Paid,USD
ACC_00798,INV_0000488,CON_000113,2024-07-04,4450.99,Failed,USD
ACC_00798,INV_0000489,CON_000113,2024-08-04,4450.99,Failed,USD
ACC_00798,INV_0000490,CON_000113,2024-09-04,4450.99,Paid,EUR
ACC_00798,INV_0000491,CON_000113,2024-10-04,4450.99,Paid,GBP
ACC_00798,INV_0000492,CON_000113,2024-11-04,4450.99,Paid,EUR
ACC_00798,INV_0000493,CON_000113,2024-12-04,4450.99,Paid,GBP
ACC_00798,INV_0000494,CON_000113,2025-01-04,4450.99,Paid,GBP
ACC_00798,INV_0000495,CON_000113,2025-02-04,4450.99,Paid,USD
ACC_00798,INV_0000496,CON_000113,2025-03-04,4450.99,Paid,USD
ACC_00707,INV_0000497,CON_000114,2024-08-27,7074.23,Pending,USD
ACC_00707,INV_0000498,CON_000114,2024-09-27,7074.23,Paid,USD
ACC_00707,INV_0000499,CON_000114,2024-10-27,7074.23,Paid,USD
ACC_00707,INV_0000500,CON_000114,2024-11-27,7074.23,Paid,USD
ACC_00707,INV_0000501,CON_000114,2024-12-27,7074.23,Paid,USD
ACC_00707,INV_0000502,CON_000114,2025-01-27,7074.23,Paid,USD
ACC_00707,INV_0000503,CON_000114,2025-02-27,7074.23,Paid,USD
ACC_00707,INV_0000504,CON_000114,2025-03-27,7074.23,Paid,USD
ACC_00707,INV_0000505,CON_000114,2025-04-27,7074.23,Paid,GBP
ACC_00707,INV_0000506,CON_000114,2025-05-27,7074.23,Paid,EUR
ACC_00707,INV_0000507,CON_000114,2025-06-27,7074.23,Paid,GBP
ACC_00707,INV_0000508,CON_000114,2025-07-27,7074.23,Paid,USD
ACC_00967,INV_0000509,CON_000115,2024-08-13,37265.53,Pending,USD
ACC_00634,INV_0000510,CON_000116,2024-03-19,9235.45,Paid,USD
ACC_01020,INV_0000511,CON_000117,2024-12-16,25160.49,Paid,EUR
ACC_00173,INV_0000512,CON_000118,2025-05-31,265.22,Paid,USD
ACC_00173,INV_0000513,CON_000118,2025-06-30,265.22,Paid,USD
ACC_00173,INV_0000514,CON_000118,2025-07-31,265.22,Paid,GBP
ACC_00173,INV_0000515,CON_000118,2025-08-31,265.22,Paid,GBP
ACC_00173,INV_0000516,CON_000118,2025-09-30,265.22,Paid,GBP
ACC_00173,INV_0000517,CON_000118,2025-10-31,265.22,Paid,USD
ACC_00173,INV_0000518,CON_000118,2025-11-30,265.22,Paid,EUR
ACC_00173,INV_0000519,CON_000118,2025-12-31,265.22,Pending,GBP
ACC_00091,INV_0000520,CON_000119,2025-10-09,222.45,Paid,USD
ACC_00091,INV_0000521,CON_000119,2025-11-09,222.45,Paid,USD
ACC_00091,INV_0000522,CON_000119,2025-12-09,222.45,Paid,USD
ACC_00091,INV_0000523,CON_000119,2026-01-09,222.45,Paid,USD
ACC_00539,INV_0000524,CON_000120,2024-05-06,21438.0,Paid,GBP
ACC_00883,INV_0000525,CON_000121,2025-05-11,14577.74,Paid,EUR
ACC_00883,INV_0000526,CON_000121,2025-06-11,14577.74,Paid,USD
ACC_00883,INV_0000527,CON_000121,2025-07-11,14577.74,Paid,USD
ACC_00883,INV_0000528,CON_000121,2025-08-11,14577.74,Paid,USD
ACC_00883,INV_0000529,CON_000121,2025-09-11,14577.74,Paid,USD
ACC_00883,INV_0000530,CON_000121,2025-10-11,14577.74,Paid,GBP
ACC_00883,INV_0000531,CON_000121,2025-11-11,14577.74,Paid,EUR
ACC_00883,INV_0000532,CON_000121,2025-12-11,14577.74,Paid,EUR
ACC_00883,INV_0000533,CON_000121,2026-01-11,14577.74,Paid,USD
ACC_00154,INV_0000534,CON_000122,2025-10-02,3187.29,Paid,USD
ACC_00154,INV_0000535,CON_000122,2025-11-02,3187.29,Paid,GBP
ACC_00154,INV_0000536,CON_000122,2025-12-02,3187.29,Paid,USD
ACC_00154,INV_0000537,CON_000122,2026-01-02,3187.29,Pending,GBP
ACC_01027,INV_0000538,CON_000123,2025-05-20,82635.89,Paid,USD
ACC_00423,INV_0000539,CON_000124,2025-09-30,19502.48,Paid,GBP
ACC_00954,INV_0000540,CON_000125,2025-01-28,3275.31,Failed,USD
ACC_00867,INV_0000541,CON_000126,2025-02-21,33996.4,Paid,USD
ACC_00411,INV_0000542,CON_000127,2025-09-08,1767.5,Paid,USD
ACC_00411,INV_0000543,CON_000127,2025-10-08,1767.5,Paid,USD
ACC_00411,INV_0000544,CON_000127,2025-11-08,1767.5,Failed,USD
ACC_00411,INV_0000545,CON_000127,2025-12-08,1767.5,Paid,USD
ACC_00411,INV_0000546,CON_000127,2026-01-08,1767.5,Paid,USD
ACC_00073,INV_0000547,CON_000128,2025-04-14,5112.8,Paid,EUR
ACC_00073,INV_0000548,CON_000128,2025-05-14,5112.8,Paid,USD
ACC_00073,INV_0000549,CON_000128,2025-06-14,5112.8,Paid,USD
ACC_00073,INV_0000550,CON_000128,2025-07-14,5112.8,Paid,EUR
ACC_00073,INV_0000551,CON_000128,2025-08-14,5112.8,Paid,GBP
ACC_00073,INV_0000552,CON_000128,2025-09-14,5112.8,Paid,EUR
ACC_00073,INV_0000553,CON_000128,2025-10-14,5112.8,Paid,GBP
ACC_00073,INV_0000554,CON_000128,2025-11-14,5112.8,Paid,USD
ACC_00073,INV_0000555,CON_000128,2025-12-14,5112.8,Paid,USD
ACC_00073,INV_0000556,CON_000128,2026-01-14,5112.8,Paid,GBP
ACC_ORPHAN_8,INV_0000557,CON_000129,2025-01-14,4211.69,Paid,EUR
ACC_00271,INV_0000558,CON_000130,2025-06-16,221.23,Paid,EUR
ACC_00271,INV_0000559,CON_000130,2025-07-16,219.72,Paid,USD
ACC_00271,INV_0000560,CON_000130,2025-08-16,219.72,Paid,EUR
ACC_00271,INV_0000561,CON_000130,2025-09-16,219.72,Paid,USD
ACC_00271,INV_0000562,CON_000130,2025-10-16,219.72,Paid,USD
ACC_00271,INV_0000563,CON_000130,2025-11-16,219.72,Paid,USD
ACC_00271,INV_0000564,CON_000130,2025-12-16,219.72,Pending,USD
ACC_00271,INV_0000565,CON_000130,2026-01-16,219.72,Paid,GBP
ACC_01172,INV_0000566,CON_000131,2025-02-08,6421.44,Paid,EUR
ACC_01031,INV_0000567,CON_000132,2024-11-10,792.96,Paid,GBP
ACC_01031,INV_0000568,CON_000132,2024-12-10,792.96,Pending,USD
ACC_01031,INV_0000569,CON_000132,2025-01-10,792.96,Pending,EUR
ACC_01031,INV_0000570,CON_000132,2025-02-10,792.96,Paid,USD
ACC_01031,INV_0000571,CON_000132,2025-03-10,792.96,Paid,USD
ACC_01031,INV_0000572,CON_000132,2025-04-10,792.96,Paid,USD
ACC_01031,INV_0000573,CON_000132,2025-05-10,792.96,Pending,USD
ACC_01031,INV_0000574,CON_000132,2025-06-10,792.96,Paid,EUR
ACC_01031,INV_0000575,CON_000132,2025-07-10,792.96,Failed,USD
ACC_01031,INV_0000576,CON_000132,2025-08-10,792.96,Paid,EUR
ACC_01031,INV_0000577,CON_000132,2025-09-10,792.96,Paid,EUR
ACC_01031,INV_0000578,CON_000132,2025-10-10,792.96,Paid,USD
ACC_01152,INV_0000579,CON_000133,2025-08-26,69496.22,Paid,USD
ACC_00435,INV_0000580,CON_000134,2024-05-10,13294.81,Paid,USD
ACC_00843,INV_0000581,CON_000135,2025-04-24,46768.62,Paid,EUR
ACC_00047,INV_0000582,CON_000136,2024-08-22,331.3,Paid,USD
ACC_00047,INV_0000583,CON_000136,2024-09-22,331.3,Failed,GBP
ACC_00047,INV_0000584,CON_000136,2024-10-22,331.3,Paid,GBP
ACC_00047,INV_0000585,CON_000136,2024-11-22,331.3,Paid,USD
ACC_00047,INV_0000586,CON_000136,2024-12-22,331.3,Paid,GBP
ACC_00047,INV_0000587,CON_000136,2025-01-22,331.3,Paid,USD
ACC_00047,INV_0000588,CON_000136,2025-02-22,331.3,Paid,USD
ACC_00047,INV_0000589,CON_000136,2025-03-22,331.3,Paid,EUR
ACC_00047,INV_0000590,CON_000136,2025-04-22,331.3,Paid,USD
ACC_00047,INV_0000591,CON_000136,2025-05-22,331.3,Paid,USD
ACC_00047,INV_0000592,CON_000136,2025-06-22,329.19,Paid,USD
ACC_00047,INV_0000593,CON_000136,2025-07-22,331.3,Paid,GBP
ACC_00758,INV_0000594,CON_000137,2025-04-05,5242.23,Paid,EUR
ACC_00365,INV_0000595,CON_000138,2024-07-17,19628.88,Paid,USD
ACC_00300,INV_0000596,CON_000139,2024-11-25,24899.92,Paid,USD
ACC_00470,INV_0000597,CON_000140,2025-08-24,34628.08,Paid,USD
ACC_00934,INV_0000598,CON_000141,2025-10-02,5504.49,Paid,USD
ACC_00216,INV_0000599,CON_000142,2025-02-28,194.59,Paid,EUR
ACC_00216,INV_0000600,CON_000142,2025-03-28,194.59,Paid,GBP
ACC_00216,INV_0000601,CON_000142,2025-04-28,199.68,Paid,USD
ACC_00216,INV_0000602,CON_000142,2025-05-28,194.59,Paid,USD
ACC_00216,INV_0000603,CON_000142,2025-06-28,194.59,Paid,GBP
ACC_00216,INV_0000604,CON_000142,2025-07-28,194.59,Pending,USD
ACC_00216,INV_0000605,CON_000142,2025-08-28,194.59,Paid,USD
ACC_00216,INV_0000606,CON_000142,2025-09-28,194.59,Failed,USD
ACC_00216,INV_0000607,CON_000142,2025-10-28,194.59,Paid,USD
ACC_00216,INV_0000608,CON_000142,2025-11-28,194.59,Paid,USD
ACC_00216,INV_0000609,CON_000142,2025-12-28,194.59,Paid,USD
ACC_00216,INV_0000610,CON_000142,2026-01-28,194.59,Paid,USD
ACC_00107,INV_0000611,CON_000143,2024-09-22,5893.15,Paid,USD
ACC_00772,INV_0000612,CON_000144,2024-08-16,11530.72,Paid,USD
ACC_00200,INV_0000613,CON_000145,2025-09-13,3420.57,Paid,USD
ACC_00671,INV_0000614,CON_000146,2024-09-22,1784.37,Paid,USD
ACC_00671,INV_0000615,CON_000146,2024-10-22,1784.37,Paid,GBP
ACC_00671,INV_0000616,CON_000146,2024-11-22,1784.37,Paid,EUR
ACC_00671,INV_0000617,CON_000146,2024-12-22,1784.37,Paid,USD
ACC_00671,INV_0000618,CON_000146,2025-01-22,1784.37,Paid,USD
ACC_00671,INV_0000619,CON_000146,2025-02-22,1784.37,Failed,USD
ACC_00671,INV_0000620,CON_000146,2025-03-22,1784.37,Paid,USD
ACC_00671,INV_0000621,CON_000146,2025-04-22,1784.37,Paid,EUR
ACC_00671,INV_0000622,CON_000146,2025-05-22,1784.37,Paid,EUR
ACC_00671,INV_0000623,CON_000146,2025-06-22,1784.37,Paid,USD
ACC_00671,INV_0000624,CON_000146,2025-07-22,1784.37,Paid,GBP
ACC_00671,INV_0000625,CON_000146,2025-08-22,1784.37,Paid,GBP
ACC_00411,INV_0000626,CON_000147,2025-04-24,1041.14,Pending,USD
ACC_00411,INV_0000627,CON_000147,2025-05-24,1041.14,Paid,USD
ACC_00411,INV_0000628,CON_000147,2025-06-24,1041.14,Paid,USD
ACC_00411,INV_0000629,CON_000147,2025-07-24,1041.14,Paid,EUR
ACC_00411,INV_0000630,CON_000147,2025-08-24,1041.14,Paid,EUR
ACC_00411,INV_0000631,CON_000147,2025-09-24,1041.14,Pending,GBP
ACC_00411,INV_0000632,CON_000147,2025-10-24,1041.14,Pending,EUR
ACC_00411,INV_0000633,CON_000147,2025-11-24,1041.14,Paid,EUR
ACC_00411,INV_0000634,CON_000147,2025-12-24,1041.14,Paid,USD
ACC_00411,INV_0000635,CON_000147,2026-01-24,1041.14,Paid,GBP
ACC_00599,INV_0000636,CON_000149,2025-08-27,4225.6,Paid,USD
ACC_00599,INV_0000637,CON_000149,2025-09-27,4225.6,Paid,GBP
ACC_00599,INV_0000638,CON_000149,2025-10-27,4225.6,Paid,USD
ACC_00599,INV_0000639,CON_000149,2025-11-27,4225.6,Paid,USD
ACC_00599,INV_0000640,CON_000149,2025-12-27,4225.6,Paid,EUR
ACC_00599,INV_0000641,CON_000149,2026-01-27,4225.6,Paid,USD
ACC_00480,INV_0000642,CON_000150,2025-11-29,204.42,Paid,USD
ACC_00480,INV_0000643,CON_000150,2025-12-29,204.42,Paid,GBP
ACC_00480,INV_0000644,CON_000150,2026-01-29,204.42,Paid,USD
ACC_00396,INV_0000645,CON_000151,2024-06-25,43168.41,Pending,USD
ACC_01157,INV_0000646,CON_000152,2024-05-01,8633.03,Paid,USD
ACC_01049,INV_0000647,CON_000153,2024-03-21,27466.48,Paid,USD
ACC_00106,INV_0000648,CON_000155,2025-08-26,16790.4,Paid,GBP
ACC_00228,INV_0000649,CON_000156,2025-02-21,1194.38,Pending,GBP
ACC_00228,INV_0000650,CON_000156,2025-03-21,1194.38,Paid,GBP
ACC_00228,INV_0000651,CON_000156,2025-04-21,1194.38,Paid,USD
ACC_00228,INV_0000652,CON_000156,2025-05-21,1194.38,Paid,USD
ACC_00228,INV_0000653,CON_000156,2025-06-21,1194.38,Failed,USD
ACC_00228,INV_0000654,CON_000156,2025-07-21,1194.38,Pending,GBP
ACC_00228,INV_0000655,CON_000156,2025-08-21,1194.38,Paid,USD
ACC_00228,INV_0000656,CON_000156,2025-09-21,1194.38,Paid,USD
ACC_00228,INV_0000657,CON_000156,2025-10-21,1194.38,Paid,USD
ACC_00228,INV_0000658,CON_000156,2025-11-21,1194.38,Paid,USD
ACC_00228,INV_0000659,CON_000156,2025-12-21,1194.38,Paid,GBP
ACC_00228,INV_0000660,CON_000156,2026-01-21,1194.38,Paid,USD
ACC_00552,INV_0000661,CON_000157,2024-08-10,1323.95,Paid,USD
ACC_00552,INV_0000662,CON_000157,2024-09-10,1323.95,Paid,EUR
ACC_00552,INV_0000663,CON_000157,2024-10-10,1323.95,Paid,USD
ACC_00552,INV_0000664,CON_000157,2024-11-10,1323.95,Paid,USD
ACC_00552,INV_0000665,CON_000157,2024-12-10,1323.95,Paid,GBP
ACC_00552,INV_0000666,CON_000157,2025-01-10,1323.95,Paid,USD
ACC_00552,INV_0000667,CON_000157,2025-02-10,1323.95,Paid,USD
ACC_00552,INV_0000668,CON_000157,2025-03-10,1323.95,Paid,USD
ACC_00552,INV_0000669,CON_000157,2025-04-10,1323.95,Paid,GBP
ACC_00552,INV_0000670,CON_000157,2025-05-10,1323.95,Paid,USD
ACC_00552,INV_0000671,CON_000157,2025-06-10,1323.95,Paid,GBP
ACC_00552,INV_0000672,CON_000157,2025-07-10,1323.95,Paid,USD
ACC_00255,INV_0000673,CON_000158,2025-10-09,5419.45,Paid,USD
ACC_01072,INV_0000674,CON_000159,2026-01-20,4285.76,Paid,EUR
ACC_00195,INV_0000675,CON_000160,2025-03-28,636.32,Paid,USD
ACC_00195,INV_0000676,CON_000160,2025-04-28,636.32,Failed,USD
ACC_00195,INV_0000677,CON_000160,2025-05-28,636.32,Paid,USD
ACC_00195,INV_0000678,CON_000160,2025-06-28,636.32,Paid,GBP
ACC_00195,INV_0000679,CON_000160,2025-07-28,636.32,Paid,USD
ACC_00195,INV_0000680,CON_000160,2025-08-28,636.32,Paid,USD
ACC_00195,INV_0000681,CON_000160,2025-09-28,636.32,Paid,GBP
ACC_00195,INV_0000682,CON_000160,2025-10-28,636.32,Paid,USD
ACC_00195,INV_0000683,CON_000160,2025-11-28,636.32,Paid,USD
ACC_00195,INV_0000684,CON_000160,2025-12-28,636.32,Paid,USD
ACC_00195,INV_0000685,CON_000160,2026-01-28,636.32,Paid,EUR
ACC_00514,INV_0000686,CON_000162,2024-11-11,13266.51,Paid,USD
ACC_00587,INV_0000687,CON_000163,2024-04-30,1169.95,Paid,EUR
ACC_00587,INV_0000688,CON_000163,2024-05-30,1169.95,Failed,EUR
ACC_00587,INV_0000689,CON_000163,2024-06-30,1169.95,Paid,USD
ACC_00587,INV_0000690,CON_000163,2024-07-30,1169.95,Failed,USD
ACC_00587,INV_0000691,CON_000163,2024-08-30,1169.95,Paid,GBP
ACC_00587,INV_0000692,CON_000163,2024-09-30,1169.95,Paid,USD
ACC_00517,INV_0000693,CON_000164,2025-12-14,7198.36,Paid,GBP
ACC_ORPHAN_7,INV_0000694,CON_000165,2024-08-01,2581.91,Pending,USD
ACC_ORPHAN_7,INV_0000695,CON_000165,2024-09-01,2581.91,Paid,USD
ACC_ORPHAN_7,INV_0000696,CON_000165,2024-10-01,2581.91,Paid,EUR
ACC_ORPHAN_7,INV_0000697,CON_000165,2024-11-01,2581.91,Paid,GBP
ACC_ORPHAN_7,INV_0000698,CON_000165,2024-12-01,2581.91,Pending,GBP
ACC_ORPHAN_7,INV_0000699,CON_000165,2025-01-01,2581.91,Paid,USD
ACC_00168,INV_0000700,CON_000166,2024-10-20,1715.7,Paid,USD
ACC_00168,INV_0000701,CON_000166,2024-11-20,1715.7,Paid,GBP
ACC_00168,INV_0000702,CON_000166,2024-12-20,1715.7,Paid,USD
ACC_00168,INV_0000703,CON_000166,2025-01-20,1715.7,Paid,EUR
ACC_00168,INV_0000704,CON_000166,2025-02-20,1715.7,Paid,USD
ACC_00168,INV_0000705,CON_000166,2025-03-20,1715.7,Pending,USD
ACC_00168,INV_0000706,CON_000166,2025-04-20,1715.7,Paid,USD
ACC_00168,INV_0000707,CON_000166,2025-05-20,1715.7,Paid,USD
ACC_00168,INV_0000708,CON_000166,2025-06-20,1715.7,Paid,USD
ACC_00168,INV_0000709,CON_000166,2025-07-20,1715.7,Paid,USD
ACC_00168,INV_0000710,CON_000166,2025-08-20,1715.7,Paid,USD
ACC_00168,INV_0000711,CON_000166,2025-09-20,1715.7,Failed,USD
ACC_00967,INV_0000712,CON_000167,2025-04-08,46513.88,Paid,GBP
ACC_00775,INV_0000713,CON_000168,2025-12-01,26978.75,Paid,EUR
ACC_00151,INV_0000714,CON_000169,2024-04-08,37917.5,Paid,EUR
ACC_00455,INV_0000715,CON_000170,2025-09-06,2666.91,Paid,USD
ACC_01200,INV_0000716,CON_000171,2025-10-06,57117.77,Paid,USD
ACC_01195,INV_0000717,CON_000172,2024-09-10,234603.01,Paid,USD
ACC_00829,INV_0000718,CON_000173,2024-02-28,47753.39,Paid,GBP
ACC_00609,INV_0000719,CON_000174,2024-09-14,1100.41,Paid,USD
ACC_00609,INV_0000720,CON_000174,2024-10-14,1100.41,Paid,GBP
ACC_00609,INV_0000721,CON_000174,2024-11-14,1100.41,Paid,USD
ACC_00609,INV_0000722,CON_000174,2024-12-14,1100.41,Paid,EUR
ACC_00609,INV_0000723,CON_000174,2025-01-14,1100.41,Paid,GBP
ACC_00609,INV_0000724,CON_000174,2025-02-14,1100.41,Paid,USD
ACC_00609,INV_0000725,CON_000174,2025-03-14,1100.41,Paid,GBP
ACC_00609,INV_0000726,CON_000174,2025-04-14,1100.41,Paid,USD
ACC_00609,INV_0000727,CON_000174,2025-05-14,1100.41,Paid,USD
ACC_00609,INV_0000728,CON_000174,2025-06-14,1100.41,Paid,EUR
ACC_00609,INV_0000729,CON_000174,2025-07-14,1100.41,Pending,USD
ACC_00609,INV_0000730,CON_000174,2025-08-14,1100.41,Paid,USD
ACC_00716,INV_0000731,CON_000175,2025-06-09,3394.39,Paid,GBP
ACC_01058,INV_0000732,CON_000176,2026-01-12,1232.3,Paid,USD
ACC_01072,INV_0000733,CON_000177,2025-03-17,7952.74,Paid,GBP
ACC_01072,INV_0000734,CON_000177,2025-04-17,7952.74,Pending,EUR
ACC_01072,INV_0000735,CON_000177,2025-05-17,7952.74,Paid,EUR
ACC_01072,INV_0000736,CON_000177,2025-06-17,7952.74,Paid,USD
ACC_01072,INV_0000737,CON_000177,2025-07-17,7952.74,Paid,EUR
ACC_01072,INV_0000738,CON_000177,2025-08-17,7952.74,Paid,USD
ACC_01072,INV_0000739,CON_000177,2025-09-17,7952.74,Paid,USD
ACC_01072,INV_0000740,CON_000177,2025-10-17,7952.74,Paid,EUR
ACC_01072,INV_0000741,CON_000177,2025-11-17,7952.74,Paid,USD
ACC_01072,INV_0000742,CON_000177,2025-12-17,7952.74,Paid,USD
ACC_01072,INV_0000743,CON_000177,2026-01-17,7952.74,Paid,USD
ACC_00674,INV_0000744,CON_000178,2025-05-16,665.96,Paid,GBP
ACC_00674,INV_0000745,CON_000178,2025-06-16,665.96,Paid,USD
ACC_00674,INV_0000746,CON_000178,2025-07-16,665.96,Paid,EUR
ACC_00674,INV_0000747,CON_000178,2025-08-16,665.96,Paid,USD
ACC_00674,INV_0000748,CON_000178,2025-09-16,665.96,Paid,USD
ACC_00674,INV_0000749,CON_000178,2025-10-16,665.96,Paid,USD
ACC_00674,INV_0000750,CON_000178,2025-11-16,665.96,Paid,USD
ACC_00674,INV_0000751,CON_000178,2025-12-16,665.96,Pending,EUR
ACC_00674,INV_0000752,CON_000178,2026-01-16,665.96,Paid,EUR
ACC_00163,INV_0000753,CON_000179,2025-04-03,604.32,Failed,USD
ACC_00163,INV_0000754,CON_000179,2025-05-03,604.32,Paid,EUR
ACC_00163,INV_0000755,CON_000179,2025-06-03,604.32,Paid,USD
ACC_00163,INV_0000756,CON_000179,2025-07-03,604.32,Paid,EUR
ACC_00163,INV_0000757,CON_000179,2025-08-03,604.32,Paid,GBP
ACC_00163,INV_0000758,CON_000179,2025-09-03,604.32,Paid,USD
ACC_00163,INV_0000759,CON_000179,2025-10-03,604.32,Paid,USD
ACC_00163,INV_0000760,CON_000179,2025-11-03,604.32,Paid,USD
ACC_00163,INV_0000761,CON_000179,2025-12-03,604.32,Paid,USD
ACC_00163,INV_0000762,CON_000179,2026-01-03,604.32,Paid,USD
ACC_00466,INV_0000763,CON_000180,2024-05-31,11435.05,Paid,USD
ACC_00601,INV_0000764,CON_000181,2024-06-15,194.93,Paid,GBP
ACC_00601,INV_0000765,CON_000181,2024-07-15,194.93,Paid,EUR
ACC_00601,INV_0000766,CON_000181,2024-08-15,194.93,Paid,USD
ACC_00601,INV_0000767,CON_000181,2024-09-15,194.93,Paid,GBP
ACC_00601,INV_0000768,CON_000181,2024-10-15,194.93,Paid,USD
ACC_00601,INV_0000769,CON_000181,2024-11-15,194.93,Paid,USD
ACC_00601,INV_0000770,CON_000181,2024-12-15,194.93,Paid,USD
ACC_00601,INV_0000771,CON_000181,2025-01-15,194.93,Paid,USD
ACC_00601,INV_0000772,CON_000181,2025-02-15,194.93,Paid,USD
ACC_00601,INV_0000773,CON_000181,2025-03-15,194.93,Paid,USD
ACC_00601,INV_0000774,CON_000181,2025-04-15,194.93,Paid,USD
ACC_00601,INV_0000775,CON_000181,2025-05-15,194.93,Paid,USD
ACC_01175,INV_0000776,CON_000182,2025-12-05,856.99,Paid,USD
ACC_01175,INV_0000777,CON_000182,2026-01-05,856.99,Paid,USD
ACC_00679,INV_0000778,CON_000183,2024-05-30,333.67,Paid,EUR
ACC_00679,INV_0000779,CON_000183,2024-06-30,333.67,Paid,USD
ACC_00679,INV_0000780,CON_000183,2024-07-30,333.67,Paid,USD
ACC_00679,INV_0000781,CON_000183,2024-08-30,333.67,Paid,EUR
ACC_00679,INV_0000782,CON_000183,2024-09-30,333.67,Paid,USD
ACC_00679,INV_0000783,CON_000183,2024-10-30,333.67,Failed,USD
ACC_00679,INV_0000784,CON_000183,2024-11-30,333.67,Paid,USD
ACC_00679,INV_0000785,CON_000183,2024-12-30,333.67,Paid,EUR
ACC_00679,INV_0000786,CON_000183,2025-01-30,333.67,Paid,USD
ACC_00679,INV_0000787,CON_000183,2025-02-28,333.67,Paid,USD
ACC_00679,INV_0000788,CON_000183,2025-03-30,333.67,Paid,GBP
ACC_00679,INV_0000789,CON_000183,2025-04-30,333.67,Paid,USD
ACC_00231,INV_0000790,CON_000184,2024-08-17,2313.67,Paid,EUR
ACC_00090,INV_0000791,CON_000185,2025-05-30,14511.18,Paid,USD
ACC_00521,INV_0000792,CON_000186,2024-05-31,47730.65,Paid,USD
ACC_00665,INV_0000793,CON_000187,2024-08-06,594.31,Paid,EUR
ACC_00665,INV_0000794,CON_000187,2024-09-06,594.31,Paid,EUR
ACC_00665,INV_0000795,CON_000187,2024-10-06,594.31,Paid,USD
ACC_00665,INV_0000796,CON_000187,2024-11-06,594.31,Paid,USD
ACC_00665,INV_0000797,CON_000187,2024-12-06,594.31,Paid,GBP
ACC_00665,INV_0000798,CON_000187,2025-01-06,594.31,Paid,USD
ACC_00665,INV_0000799,CON_000187,2025-02-06,594.31,Paid,USD
ACC_00665,INV_0000800,CON_000187,2025-03-06,594.31,Paid,GBP
ACC_00665,INV_0000801,CON_000187,2025-04-06,594.31,Paid,USD
ACC_00665,INV_0000802,CON_000187,2025-05-06,594.31,Paid,USD
ACC_00665,INV_0000803,CON_000187,2025-06-06,594.31,Paid,GBP
ACC_00665,INV_0000804,CON_000187,2025-07-06,594.31,Paid,USD
ACC_00110,INV_0000805,CON_000188,2024-07-14,62562.98,Paid,EUR
ACC_01178,INV_0000806,CON_000189,2024-03-25,6514.61,Paid,GBP
ACC_00784,INV_0000807,CON_000190,2025-05-11,1001.1,Paid,USD
ACC_00784,INV_0000808,CON_000190,2025-06-11,1001.1,Paid,GBP
ACC_00784,INV_0000809,CON_000190,2025-07-11,1001.1,Paid,USD
ACC_00784,INV_0000810,CON_000190,2025-08-11,1001.1,Paid,USD
ACC_00784,INV_0000811,CON_000190,2025-09-11,1001.1,Failed,USD
ACC_00784,INV_0000812,CON_000190,2025-10-11,1001.1,Paid,EUR
ACC_00784,INV_0000813,CON_000190,2025-11-11,1001.1,Pending,GBP
ACC_00784,INV_0000814,CON_000190,2025-12-11,1001.1,Paid,USD
ACC_00784,INV_0000815,CON_000190,2026-01-11,1001.1,Paid,USD
ACC_00873,INV_0000816,CON_000192,2025-01-21,745.99,Paid,USD
ACC_00873,INV_0000817,CON_000192,2025-02-21,745.99,Paid,GBP
ACC_00873,INV_0000818,CON_000192,2025-03-21,745.99,Paid,USD
ACC_00873,INV_0000819,CON_000192,2025-04-21,745.99,Paid,EUR
ACC_00873,INV_0000820,CON_000192,2025-05-21,745.99,Paid,USD
ACC_00873,INV_0000821,CON_000192,2025-06-21,745.99,Paid,USD
ACC_00873,INV_0000822,CON_000192,2025-07-21,745.99,Paid,EUR
ACC_00873,INV_0000823,CON_000192,2025-08-21,745.99,Paid,USD
ACC_00873,INV_0000824,CON_000192,2025-09-21,745.99,Paid,USD
ACC_00873,INV_0000825,CON_000192,2025-10-21,745.99,Paid,USD
ACC_00873,INV_0000826,CON_000192,2025-11-21,745.99,Paid,USD
ACC_00873,INV_0000827,CON_000192,2025-12-21,745.99,Failed,USD
ACC_00283,INV_0000828,CON_000193,2024-11-20,1117.2,Paid,USD
ACC_00283,INV_0000829,CON_000193,2024-12-20,1117.2,Paid,EUR
ACC_00283,INV_0000830,CON_000193,2025-01-20,1117.2,Paid,USD
ACC_00283,INV_0000831,CON_000193,2025-02-20,1117.2,Paid,USD
ACC_00283,INV_0000832,CON_000193,2025-03-20,1117.2,Paid,USD
ACC_00283,INV_0000833,CON_000193,2025-04-20,1117.2,Paid,USD
ACC_00283,INV_0000834,CON_000193,2025-05-20,1117.2,Paid,GBP
ACC_00283,INV_0000835,CON_000193,2025-06-20,1117.2,Paid,USD
ACC_00283,INV_0000836,CON_000193,2025-07-20,1117.2,Pending,USD
ACC_00283,INV_0000837,CON_000193,2025-08-20,1117.2,Paid,EUR
ACC_00283,INV_0000838,CON_000193,2025-09-20,1117.2,Paid,USD
ACC_00283,INV_0000839,CON_000193,2025-10-20,1117.2,Pending,USD
ACC_01056,INV_0000840,CON_000194,2024-09-16,285.69,Paid,USD
ACC_01056,INV_0000841,CON_000194,2024-10-16,285.69,Failed,USD
ACC_01056,INV_0000842,CON_000194,2024-11-16,285.69,Paid,GBP
ACC_01056,INV_0000843,CON_000194,2024-12-16,285.69,Paid,USD
ACC_01056,INV_0000844,CON_000194,2025-01-16,285.69,Pending,USD
ACC_01056,INV_0000845,CON_000194,2025-02-16,285.69,Paid,USD
ACC_01056,INV_0000846,CON_000194,2025-03-16,285.69,Paid,EUR
ACC_01056,INV_0000847,CON_000194,2025-04-16,285.69,Failed,EUR
ACC_01056,INV_0000848,CON_000194,2025-05-16,285.69,Paid,USD
ACC_01056,INV_0000849,CON_000194,2025-06-16,285.69,Paid,USD
ACC_01056,INV_0000850,CON_000194,2025-07-16,285.69,Pending,GBP
ACC_01056,INV_0000851,CON_000194,2025-08-16,285.69,Paid,USD
ACC_00851,INV_0000852,CON_000195,2024-07-25,13122.75,Paid,USD
ACC_00214,INV_0000853,CON_000196,2024-09-06,45501.63,Paid,USD
ACC_00349,INV_0000854,CON_000197,2024-09-07,8741.61,Paid,USD
ACC_00234,INV_0000855,CON_000198,2024-06-28,50269.08,Paid,USD
ACC_00234,INV_0000856,CON_000198,2024-07-28,50269.08,Paid,USD
ACC_00234,INV_0000857,CON_000198,2024-08-28,50269.08,Failed,EUR
ACC_00234,INV_0000858,CON_000198,2024-09-28,50269.08,Paid,EUR
ACC_00234,INV_0000859,CON_000198,2024-10-28,50269.08,Paid,GBP
ACC_00234,INV_0000860,CON_000198,2024-11-28,50269.08,Paid,USD
ACC_01087,INV_0000861,CON_000199,2025-12-01,25893.26,Pending,USD
ACC_00779,INV_0000862,CON_000200,2024-07-12,2388.01,Failed,USD
ACC_00779,INV_0000863,CON_000200,2024-08-12,2388.01,Paid,USD
ACC_00779,INV_0000864,CON_000200,2024-09-12,2388.01,Pending,EUR
ACC_00779,INV_0000865,CON_000200,2024-10-12,2388.01,Paid,EUR
ACC_00779,INV_0000866,CON_000200,2024-11-12,2388.01,Paid,USD
ACC_00779,INV_0000867,CON_000200,2024-12-12,2388.01,Paid,USD
ACC_00408,INV_0000868,CON_000201,2025-04-02,1421.59,Paid,USD
ACC_00408,INV_0000869,CON_000201,2025-05-02,1421.59,Paid,GBP
ACC_00408,INV_0000870,CON_000201,2025-06-02,1421.59,Paid,USD
ACC_00408,INV_0000871,CON_000201,2025-07-02,1421.59,Paid,USD
ACC_00408,INV_0000872,CON_000201,2025-08-02,1421.59,Paid,EUR
ACC_00408,INV_0000873,CON_000201,2025-09-02,1421.59,Paid,USD
ACC_00408,INV_0000874,CON_000201,2025-10-02,1421.59,Paid,EUR
ACC_00408,INV_0000875,CON_000201,2025-11-02,1421.59,Paid,USD
ACC_00408,INV_0000876,CON_000201,2025-12-02,1421.59,Paid,EUR
ACC_00408,INV_0000877,CON_000201,2026-01-02,1421.59,Paid,USD
ACC_00725,INV_0000878,CON_000202,2024-04-29,512.22,Paid,GBP
ACC_00725,INV_0000879,CON_000202,2024-05-29,512.22,Paid,USD
ACC_00725,INV_0000880,CON_000202,2024-06-29,512.22,Paid,USD
ACC_00725,INV_0000881,CON_000202,2024-07-29,512.22,Paid,EUR
ACC_00725,INV_0000882,CON_000202,2024-08-29,512.22,Paid,EUR
ACC_00725,INV_0000883,CON_000202,2024-09-29,512.22,Paid,EUR
ACC_00725,INV_0000884,CON_000202,2024-10-29,512.22,Paid,USD
ACC_00725,INV_0000885,CON_000202,2024-11-29,512.22,Paid,GBP
ACC_00725,INV_0000886,CON_000202,2024-12-29,512.22,Paid,GBP
ACC_00725,INV_0000887,CON_000202,2025-01-29,512.22,Paid,EUR
ACC_00725,INV_0000888,CON_000202,2025-02-28,512.22,Paid,GBP
ACC_00725,INV_0000889,CON_000202,2025-03-29,512.22,Paid,USD
ACC_00086,INV_0000890,CON_000203,2025-07-22,24158.95,Paid,USD
ACC_01113,INV_0000891,CON_000204,2025-08-31,3729.54,Paid,USD
ACC_00713,INV_0000892,CON_000205,2025-01-30,1195.77,Paid,EUR
ACC_00713,INV_0000893,CON_000205,2025-02-28,1195.77,Paid,GBP
ACC_00713,INV_0000894,CON_000205,2025-03-30,1195.77,Paid,USD
ACC_00713,INV_0000895,CON_000205,2025-04-30,1195.77,Paid,EUR
ACC_00713,INV_0000896,CON_000205,2025-05-30,1195.77,Paid,GBP
ACC_00713,INV_0000897,CON_000205,2025-06-30,1195.77,Paid,EUR
ACC_00713,INV_0000898,CON_000205,2025-07-30,1195.77,Paid,GBP
ACC_00713,INV_0000899,CON_000205,2025-08-30,1195.77,Paid,USD
ACC_00713,INV_0000900,CON_000205,2025-09-30,1195.77,Paid,USD
ACC_00713,INV_0000901,CON_000205,2025-10-30,1195.77,Paid,USD
ACC_00713,INV_0000902,CON_000205,2025-11-30,1195.77,Paid,EUR
ACC_00713,INV_0000903,CON_000205,2025-12-30,1195.77,Paid,USD
ACC_00373,INV_0000904,CON_000206,2024-05-13,11429.13,Paid,GBP
ACC_00004,INV_0000905,CON_000207,2025-02-24,3523.16,Pending,USD
ACC_00004,INV_0000906,CON_000207,2025-03-24,3523.16,Paid,GBP
ACC_00004,INV_0000907,CON_000207,2025-04-24,3523.16,Paid,USD
ACC_00004,INV_0000908,CON_000207,2025-05-24,3523.16,Failed,GBP
ACC_00004,INV_0000909,CON_000207,2025-06-24,3523.16,Paid,USD
ACC_00004,INV_0000910,CON_000207,2025-07-24,3523.16,Paid,USD
ACC_00004,INV_0000911,CON_000207,2025-08-24,3523.16,Paid,USD
ACC_00004,INV_0000912,CON_000207,2025-09-24,3523.16,Paid,GBP
ACC_00004,INV_0000913,CON_000207,2025-10-24,3523.16,Failed,USD
ACC_00004,INV_0000914,CON_000207,2025-11-24,3523.16,Paid,USD
ACC_00004,INV_0000915,CON_000207,2025-12-24,3523.16,Pending,USD
ACC_00004,INV_0000916,CON_000207,2026-01-24,3523.16,Paid,GBP
ACC_00457,INV_0000917,CON_000208,2024-11-07,17571.47,Pending,GBP
ACC_00457,INV_0000918,CON_000208,2024-12-07,17571.47,Paid,GBP
ACC_00457,INV_0000919,CON_000208,2025-01-07,17571.47,Paid,EUR
ACC_00457,INV_0000920,CON_000208,2025-02-07,17571.47,Paid,USD
ACC_00457,INV_0000921,CON_000208,2025-03-07,17571.47,Paid,USD
ACC_00457,INV_0000922,CON_000208,2025-04-07,17571.47,Paid,USD
ACC_00457,INV_0000923,CON_000208,2025-05-07,17571.47,Paid,USD
ACC_00457,INV_0000924,CON_000208,2025-06-07,17571.47,Paid,USD
ACC_00457,INV_0000925,CON_000208,2025-07-07,17571.47,Paid,USD
ACC_00457,INV_0000926,CON_000208,2025-08-07,17571.47,Paid,USD
ACC_00457,INV_0000927,CON_000208,2025-09-07,17571.47,Paid,GBP
ACC_00457,INV_0000928,CON_000208,2025-10-07,17571.47,Pending,EUR
ACC_00576,INV_0000929,CON_000209,2024-06-25,13338.49,Paid,USD
ACC_00842,INV_0000930,CON_000210,2024-10-23,52217.17,Failed,EUR
ACC_00008,INV_0000931,CON_000211,2025-07-01,45383.03,Paid,USD
ACC_00170,INV_0000932,CON_000212,2024-08-31,250805.0,Paid,USD
ACC_00531,INV_0000933,CON_000213,2024-06-25,1355.77,Paid,EUR
ACC_00531,INV_0000934,CON_000213,2024-07-25,1355.77,Paid,EUR
ACC_00531,INV_0000935,CON_000213,2024-08-25,1355.77,Paid,USD
ACC_00531,INV_0000936,CON_000213,2024-09-25,1355.77,Paid,GBP
ACC_00531,INV_0000937,CON_000213,2024-10-25,1355.77,Pending,USD
ACC_00531,INV_0000938,CON_000213,2024-11-25,1355.77,Paid,USD
ACC_00531,INV_0000939,CON_000213,2024-12-25,1355.77,Paid,GBP
ACC_00531,INV_0000940,CON_000213,2025-01-25,1355.77,Paid,USD
ACC_00531,INV_0000941,CON_000213,2025-02-25,1355.77,Pending,USD
ACC_00531,INV_0000942,CON_000213,2025-03-25,1355.77,Paid,USD
ACC_00531,INV_0000943,CON_000213,2025-04-25,1355.77,Paid,USD
ACC_00531,INV_0000944,CON_000213,2025-05-25,1355.77,Paid,EUR
ACC_01156,INV_0000945,CON_000214,2025-12-01,8201.28,Paid,USD
ACC_00210,INV_0000946,CON_000215,2025-11-02,74467.07,Paid,GBP
ACC_00180,INV_0000947,CON_000216,2024-09-04,839.24,Pending,USD
ACC_00180,INV_0000948,CON_000216,2024-10-04,839.24,Paid,USD
ACC_00180,INV_0000949,CON_000216,2024-11-04,839.24,Paid,GBP
ACC_00180,INV_0000950,CON_000216,2024-12-04,839.24,Paid,USD
ACC_00180,INV_0000951,CON_000216,2025-01-04,839.24,Paid,USD
ACC_00180,INV_0000952,CON_000216,2025-02-04,839.24,Paid,USD
ACC_00180,INV_0000953,CON_000216,2025-03-04,839.24,Pending,USD
ACC_00180,INV_0000954,CON_000216,2025-04-04,839.24,Paid,USD
ACC_00180,INV_0000955,CON_000216,2025-05-04,839.24,Paid,GBP
ACC_00180,INV_0000956,CON_000216,2025-06-04,839.24,Paid,USD
ACC_00180,INV_0000957,CON_000216,2025-07-04,839.24,Paid,USD
ACC_00180,INV_0000958,CON_000216,2025-08-04,839.24,Paid,EUR
ACC_00591,INV_0000959,CON_000217,2024-08-04,5589.94,Pending,USD
ACC_00591,INV_0000960,CON_000217,2024-09-04,5589.94,Paid,EUR
ACC_00591,INV_0000961,CON_000217,2024-10-04,5589.94,Paid,USD
ACC_00591,INV_0000962,CON_000217,2024-11-04,5589.94,Paid,USD
ACC_00591,INV_0000963,CON_000217,2024-12-04,5589.94,Paid,GBP
ACC_00591,INV_0000964,CON_000217,2025-01-04,5589.94,Paid,USD
ACC_00591,INV_0000965,CON_000217,2025-02-04,5589.94,Paid,GBP
ACC_00591,INV_0000966,CON_000217,2025-03-04,5589.94,Paid,EUR
ACC_00591,INV_0000967,CON_000217,2025-04-04,5589.94,Failed,USD
ACC_00591,INV_0000968,CON_000217,2025-05-04,5589.94,Paid,GBP
ACC_00591,INV_0000969,CON_000217,2025-06-04,5589.94,Paid,USD
ACC_00591,INV_0000970,CON_000217,2025-07-04,5589.94,Failed,USD
ACC_00456,INV_0000971,CON_000218,2025-06-26,3506.09,Paid,USD
ACC_00222,INV_0000972,CON_000219,2025-06-07,1139.82,Paid,USD
ACC_00222,INV_0000973,CON_000219,2025-07-07,1139.82,Paid,USD
ACC_00222,INV_0000974,CON_000219,2025-08-07,1139.82,Paid,GBP
ACC_00222,INV_0000975,CON_000219,2025-09-07,1139.82,Paid,EUR
ACC_00222,INV_0000976,CON_000219,2025-10-07,1139.82,Paid,GBP
ACC_00222,INV_0000977,CON_000219,2025-11-07,1139.82,Paid,USD
ACC_00222,INV_0000978,CON_000219,2025-12-07,1139.82,Paid,EUR
ACC_00222,INV_0000979,CON_000219,2026-01-07,1139.82,Paid,USD
ACC_00762,INV_0000980,CON_000220,2025-06-20,50275.11,Paid,USD
ACC_00007,INV_0000981,CON_000221,2025-07-21,27975.42,Paid,USD
ACC_00784,INV_0000982,CON_000222,2024-06-12,858.07,Paid,USD
ACC_00784,INV_0000983,CON_000222,2024-07-12,858.07,Paid,USD
ACC_00784,INV_0000984,CON_000222,2024-08-12,858.07,Paid,USD
ACC_00784,INV_0000985,CON_000222,2024-09-12,858.07,Paid,GBP
ACC_00784,INV_0000986,CON_000222,2024-10-12,858.07,Paid,USD
ACC_00784,INV_0000987,CON_000222,2024-11-12,858.07,Pending,USD
ACC_00784,INV_0000988,CON_000222,2024-12-12,858.07,Paid,USD
ACC_00784,INV_0000989,CON_000222,2025-01-12,858.07,Paid,GBP
ACC_00784,INV_0000990,CON_000222,2025-02-12,858.07,Pending,GBP
ACC_00784,INV_0000991,CON_000222,2025-03-12,858.07,Paid,USD
ACC_00784,INV_0000992,CON_000222,2025-04-12,858.07,Paid,USD
ACC_00784,INV_0000993,CON_000222,2025-05-12,858.07,Paid,EUR
ACC_00460,INV_0000994,CON_000223,2025-04-15,14978.64,Paid,USD
ACC_00905,INV_0000995,CON_000224,2025-12-04,715.52,Paid,USD
ACC_00905,INV_0000996,CON_000224,2026-01-04,715.52,Paid,USD
ACC_00905,INV_0000997,CON_000225,2026-01-09,245.95,Pending,USD
ACC_00002,INV_0000998,CON_000226,2024-04-25,325.47,Pending,USD
ACC_00002,INV_0000999,CON_000226,2024-05-25,325.47,Paid,EUR
ACC_00002,INV_0001000,CON_000226,2024-06-25,325.47,Paid,USD
ACC_00002,INV_0001001,CON_000226,2024-07-25,325.47,Pending,GBP
ACC_00002,INV_0001002,CON_000226,2024-08-25,325.47,Failed,USD
ACC_00002,INV_0001003,CON_000226,2024-09-25,325.47,Paid,USD
ACC_00002,INV_0001004,CON_000226,2024-10-25,325.47,Paid,USD
ACC_00002,INV_0001005,CON_000226,2024-11-25,325.47,Paid,USD
ACC_00002,INV_0001006,CON_000226,2024-12-25,325.47,Paid,USD
ACC_00002,INV_0001007,CON_000226,2025-01-25,325.47,Paid,USD
ACC_00002,INV_0001008,CON_000226,2025-02-25,325.47,Paid,USD
ACC_00002,INV_0001009,CON_000226,2025-03-25,325.47,Paid,EUR
ACC_00288,INV_0001010,CON_000227,2024-11-18,14507.58,Paid,EUR
ACC_00820,INV_0001011,CON_000228,2025-04-20,38467.76,Paid,GBP
ACC_01102,INV_0001012,CON_000229,2025-03-31,2680.41,Pending,USD
ACC_01102,INV_0001013,CON_000229,2025-04-30,2680.41,Paid,USD
ACC_01102,INV_0001014,CON_000229,2025-05-31,2680.41,Paid,GBP
ACC_01102,INV_0001015,CON_000229,2025-06-30,2680.41,Paid,USD
ACC_01102,INV_0001016,CON_000229,2025-07-31,2680.41,Paid,USD
ACC_01102,INV_0001017,CON_000229,2025-08-31,2680.41,Paid,USD
ACC_01102,INV_0001018,CON_000229,2025-09-30,2680.41,Paid,EUR
ACC_01102,INV_0001019,CON_000229,2025-10-31,2680.41,Paid,GBP
ACC_01102,INV_0001020,CON_000229,2025-11-30,2680.41,Paid,USD
ACC_01102,INV_0001021,CON_000229,2025-12-31,2680.41,Paid,USD
ACC_00465,INV_0001022,CON_000230,2026-01-11,5555.97,Paid,USD
ACC_00473,INV_0001023,CON_000231,2025-06-26,153338.07,Paid,EUR
ACC_00760,INV_0001024,CON_000232,2025-12-04,484.42,Paid,USD
ACC_00760,INV_0001025,CON_000232,2026-01-04,484.42,Pending,USD
ACC_00232,INV_0001026,CON_000233,2025-06-14,3364.47,Paid,USD
ACC_00496,INV_0001027,CON_000234,2024-12-18,1209.55,Paid,GBP
ACC_00496,INV_0001028,CON_000234,2025-01-18,1209.55,Paid,EUR
ACC_00496,INV_0001029,CON_000234,2025-02-18,1209.55,Paid,USD
ACC_00496,INV_0001030,CON_000234,2025-03-18,1209.55,Paid,EUR
ACC_00496,INV_0001031,CON_000234,2025-04-18,1209.55,Paid,EUR
ACC_00496,INV_0001032,CON_000234,2025-05-18,1209.55,Paid,GBP
ACC_00105,INV_0001033,CON_000235,2024-08-04,6558.41,Paid,EUR
ACC_00105,INV_0001034,CON_000235,2024-09-04,6558.41,Paid,EUR
ACC_00105,INV_0001035,CON_000235,2024-10-04,6558.41,Paid,USD
ACC_00105,INV_0001036,CON_000235,2024-11-04,6558.41,Paid,EUR
ACC_00105,INV_0001037,CON_000235,2024-12-04,6558.41,Paid,USD
ACC_00105,INV_0001038,CON_000235,2025-01-04,6558.41,Paid,USD
ACC_00105,INV_0001039,CON_000235,2025-02-04,6558.41,Paid,USD
ACC_00105,INV_0001040,CON_000235,2025-03-04,6558.41,Paid,EUR
ACC_00105,INV_0001041,CON_000235,2025-04-04,6558.41,Paid,USD
ACC_00105,INV_0001042,CON_000235,2025-05-04,6558.41,Paid,USD
ACC_00105,INV_0001043,CON_000235,2025-06-04,6558.41,Pending,EUR
ACC_00105,INV_0001044,CON_000235,2025-07-04,6558.41,Paid,USD
ACC_00274,INV_0001045,CON_000236,2025-05-21,815.45,Paid,EUR
ACC_00274,INV_0001046,CON_000236,2025-06-21,815.45,Paid,USD
ACC_00274,INV_0001047,CON_000236,2025-07-21,815.45,Paid,USD
ACC_00274,INV_0001048,CON_000236,2025-08-21,815.45,Pending,USD
ACC_00274,INV_0001049,CON_000236,2025-09-21,815.45,Paid,USD
ACC_00274,INV_0001050,CON_000236,2025-10-21,815.45,Failed,USD
ACC_00274,INV_0001051,CON_000236,2025-11-21,815.45,Paid,GBP
ACC_00274,INV_0001052,CON_000236,2025-12-21,815.45,Paid,USD
ACC_00274,INV_0001053,CON_000236,2026-01-21,815.45,Paid,EUR
ACC_00438,INV_0001054,CON_000237,2025-01-26,3107.9,Paid,USD
ACC_00438,INV_0001055,CON_000237,2025-02-26,3107.9,Paid,USD
ACC_00438,INV_0001056,CON_000237,2025-03-26,3107.9,Paid,USD
ACC_00438,INV_0001057,CON_000237,2025-04-26,3107.9,Pending,USD
ACC_00438,INV_0001058,CON_000237,2025-05-26,3107.9,Paid,GBP
ACC_00438,INV_0001059,CON_000237,2025-06-26,3107.9,Paid,GBP
ACC_00438,INV_0001060,CON_000237,2025-07-26,3107.9,Paid,USD
ACC_00438,INV_0001061,CON_000237,2025-08-26,3107.9,Paid,USD
ACC_00438,INV_0001062,CON_000237,2025-09-26,3173.6,Paid,EUR
ACC_00438,INV_0001063,CON_000237,2025-10-26,3107.9,Pending,USD
ACC_00438,INV_0001064,CON_000237,2025-11-26,3107.9,Paid,GBP
ACC_00438,INV_0001065,CON_000237,2025-12-26,3107.9,Pending,USD
ACC_00749,INV_0001066,CON_000238,2024-10-14,751.72,Pending,USD
ACC_00749,INV_0001067,CON_000238,2024-11-14,751.72,Paid,USD
ACC_00749,INV_0001068,CON_000238,2024-12-14,751.72,Paid,USD
ACC_00749,INV_0001069,CON_000238,2025-01-14,751.72,Paid,USD
ACC_00749,INV_0001070,CON_000238,2025-02-14,751.72,Paid,GBP
ACC_00749,INV_0001071,CON_000238,2025-03-14,751.72,Paid,USD
ACC_00749,INV_0001072,CON_000238,2025-04-14,751.72,Paid,GBP
ACC_00749,INV_0001073,CON_000238,2025-05-14,751.72,Paid,EUR
ACC_00749,INV_0001074,CON_000238,2025-06-14,751.72,Paid,USD
ACC_00749,INV_0001075,CON_000238,2025-07-14,751.72,Paid,USD
ACC_00749,INV_0001076,CON_000238,2025-08-14,751.72,Paid,USD
ACC_00749,INV_0001077,CON_000238,2025-09-14,751.72,Paid,USD
ACC_00470,INV_0001078,CON_000239,2025-03-27,46008.56,Paid,USD
ACC_00736,INV_0001079,CON_000240,2024-03-27,21014.24,Paid,GBP
ACC_01117,INV_0001080,CON_000241,2025-06-08,596.01,Paid,USD
ACC_01117,INV_0001081,CON_000241,2025-07-08,596.01,Paid,USD
ACC_01117,INV_0001082,CON_000241,2025-08-08,596.01,Paid,USD
ACC_01117,INV_0001083,CON_000241,2025-09-08,596.01,Pending,USD
ACC_01117,INV_0001084,CON_000241,2025-10-08,596.01,Paid,USD
ACC_01117,INV_0001085,CON_000241,2025-11-08,596.01,Paid,EUR
ACC_01117,INV_0001086,CON_000241,2025-12-08,596.01,Paid,EUR
ACC_01117,INV_0001087,CON_000241,2026-01-08,596.01,Paid,USD
ACC_00995,INV_0001088,CON_000242,2024-08-18,88448.42,Paid,EUR
ACC_00062,INV_0001089,CON_000243,2025-05-03,5143.18,Paid,USD
ACC_00062,INV_0001090,CON_000243,2025-06-03,5143.18,Pending,GBP
ACC_00062,INV_0001091,CON_000243,2025-07-03,5143.18,Paid,USD
ACC_00062,INV_0001092,CON_000243,2025-08-03,5143.18,Paid,USD
ACC_00062,INV_0001093,CON_000243,2025-09-03,5143.18,Pending,EUR
ACC_00062,INV_0001094,CON_000243,2025-10-03,5143.18,Paid,USD
ACC_00062,INV_0001095,CON_000243,2025-11-03,5143.18,Paid,EUR
ACC_00062,INV_0001096,CON_000243,2025-12-03,5143.18,Paid,USD
ACC_00062,INV_0001097,CON_000243,2026-01-03,5143.18,Paid,GBP
ACC_00358,INV_0001098,CON_000244,2025-11-09,25893.91,Paid,USD
ACC_01127,INV_0001099,CON_000245,2024-08-27,5214.11,Paid,EUR
ACC_01127,INV_0001100,CON_000245,2024-09-27,5214.11,Paid,USD
ACC_01127,INV_0001101,CON_000245,2024-10-27,5214.11,Paid,USD
ACC_01127,INV_0001102,CON_000245,2024-11-27,5214.11,Paid,EUR
ACC_01127,INV_0001103,CON_000245,2024-12-27,5214.11,Paid,EUR
ACC_01127,INV_0001104,CON_000245,2025-01-27,5214.11,Paid,USD
ACC_01127,INV_0001105,CON_000245,2025-02-27,5214.11,Paid,USD
ACC_01127,INV_0001106,CON_000245,2025-03-27,5214.11,Paid,USD
ACC_01127,INV_0001107,CON_000245,2025-04-27,5214.11,Paid,EUR
ACC_01127,INV_0001108,CON_000245,2025-05-27,5214.11,Pending,USD
ACC_01127,INV_0001109,CON_000245,2025-06-27,5214.11,Paid,USD
ACC_01127,INV_0001110,CON_000245,2025-07-27,5214.11,Paid,USD
ACC_00499,INV_0001111,CON_000246,2025-04-29,380.1,Paid,EUR
ACC_00499,INV_0001112,CON_000246,2025-05-29,380.1,Paid,USD
ACC_00499,INV_0001113,CON_000246,2025-06-29,380.1,Paid,EUR
ACC_00499,INV_0001114,CON_000246,2025-07-29,380.1,Paid,USD
ACC_00499,INV_0001115,CON_000246,2025-08-29,380.1,Paid,GBP
ACC_00499,INV_0001116,CON_000246,2025-09-29,380.1,Paid,USD
ACC_00499,INV_0001117,CON_000246,2025-10-29,380.1,Paid,USD
ACC_00499,INV_0001118,CON_000246,2025-11-29,380.1,Paid,USD
ACC_00499,INV_0001119,CON_000246,2025-12-29,380.1,Paid,EUR
ACC_00499,INV_0001120,CON_000246,2026-01-29,380.1,Paid,USD
ACC_00731,INV_0001121,CON_000247,2024-11-20,10865.42,Paid,USD
ACC_00908,INV_0001122,CON_000248,2024-03-25,15747.75,Paid,EUR
ACC_00400,INV_0001123,CON_000249,2025-09-14,9049.3,Paid,GBP
ACC_00259,INV_0001124,CON_000250,2025-08-01,43933.25,Paid,USD
ACC_01105,INV_0001125,CON_000251,2025-04-03,834.09,Pending,EUR
ACC_01105,INV_0001126,CON_000251,2025-05-03,834.09,Paid,USD
ACC_01105,INV_0001127,CON_000251,2025-06-03,834.09,Paid,USD
ACC_01105,INV_0001128,CON_000251,2025-07-03,834.09,Paid,GBP
ACC_01105,INV_0001129,CON_000251,2025-08-03,834.09,Paid,GBP
ACC_01105,INV_0001130,CON_000251,2025-09-03,834.09,Paid,USD
ACC_01105,INV_0001131,CON_000251,2025-10-03,834.09,Paid,USD
ACC_01105,INV_0001132,CON_000251,2025-11-03,834.09,Paid,EUR
ACC_01105,INV_0001133,CON_000251,2025-12-03,834.09,Paid,GBP
ACC_01105,INV_0001134,CON_000251,2026-01-03,834.09,Paid,USD
ACC_01172,INV_0001135,CON_000252,2025-08-06,25541.17,Paid,USD
ACC_01113,INV_0001136,CON_000253,2024-11-29,20805.39,Paid,USD
ACC_00913,INV_0001137,CON_000254,2024-05-06,57911.46,Paid,EUR
ACC_00393,INV_0001138,CON_000255,2025-05-23,5942.83,Paid,USD
ACC_00393,INV_0001139,CON_000255,2025-06-23,5942.83,Paid,USD
ACC_00393,INV_0001140,CON_000255,2025-07-23,5942.83,Paid,USD
ACC_00393,INV_0001141,CON_000255,2025-08-23,5942.83,Pending,EUR
ACC_00393,INV_0001142,CON_000255,2025-09-23,5942.83,Paid,EUR
ACC_00393,INV_0001143,CON_000255,2025-10-23,5942.83,Paid,EUR
ACC_00393,INV_0001144,CON_000255,2025-11-23,5942.83,Paid,GBP
ACC_00393,INV_0001145,CON_000255,2025-12-23,5942.83,Paid,USD
ACC_00393,INV_0001146,CON_000255,2026-01-23,5942.83,Paid,EUR
ACC_00033,INV_0001147,CON_000256,2025-03-22,1619.15,Paid,USD
ACC_00033,INV_0001148,CON_000256,2025-04-22,1619.15,Paid,EUR
ACC_00033,INV_0001149,CON_000256,2025-05-22,1619.15,Paid,USD
ACC_00033,INV_0001150,CON_000256,2025-06-22,1619.15,Paid,USD
ACC_00033,INV_0001151,CON_000256,2025-07-22,1619.15,Paid,EUR
ACC_00033,INV_0001152,CON_000256,2025-08-22,1619.15,Failed,USD
ACC_00033,INV_0001153,CON_000256,2025-09-22,1619.15,Paid,EUR
ACC_00033,INV_0001154,CON_000256,2025-10-22,1619.15,Paid,USD
ACC_00033,INV_0001155,CON_000256,2025-11-22,1619.15,Paid,EUR
ACC_00033,INV_0001156,CON_000256,2025-12-22,1619.15,Paid,EUR
ACC_00033,INV_0001157,CON_000256,2026-01-22,1619.15,Paid,EUR
ACC_00003,INV_0001158,CON_000257,2024-06-16,64396.59,Paid,USD
ACC_01031,INV_0001159,CON_000258,2024-08-23,1122.28,Paid,USD
ACC_01031,INV_0001160,CON_000258,2024-09-23,1122.28,Paid,USD
ACC_01031,INV_0001161,CON_000258,2024-10-23,1122.28,Paid,USD
ACC_01031,INV_0001162,CON_000258,2024-11-23,1122.28,Paid,USD
ACC_01031,INV_0001163,CON_000258,2024-12-23,1122.28,Paid,USD
ACC_01031,INV_0001164,CON_000258,2025-01-23,1122.28,Paid,GBP
ACC_01031,INV_0001165,CON_000258,2025-02-23,1122.28,Pending,EUR
ACC_01031,INV_0001166,CON_000258,2025-03-23,1122.28,Paid,USD
ACC_01031,INV_0001167,CON_000258,2025-04-23,1122.28,Paid,USD
ACC_01031,INV_0001168,CON_000258,2025-05-23,1122.28,Paid,USD
ACC_01031,INV_0001169,CON_000258,2025-06-23,1122.28,Paid,EUR
ACC_01031,INV_0001170,CON_000258,2025-07-23,1122.28,Paid,EUR
ACC_00441,INV_0001171,CON_000259,2024-03-21,99706.56,Paid,EUR
ACC_01186,INV_0001172,CON_000260,2025-05-03,2654.97,Paid,EUR
ACC_01186,INV_0001173,CON_000260,2025-06-03,2654.97,Paid,GBP
ACC_01186,INV_0001174,CON_000260,2025-07-03,2654.97,Paid,USD
ACC_01186,INV_0001175,CON_000260,2025-08-03,2654.97,Paid,USD
ACC_01186,INV_0001176,CON_000260,2025-09-03,2654.97,Paid,EUR
ACC_01186,INV_0001177,CON_000260,2025-10-03,2654.97,Failed,EUR
ACC_00605,INV_0001178,CON_000262,2024-03-05,82442.8,Paid,USD
ACC_00286,INV_0001179,CON_000263,2025-02-25,6854.08,Paid,USD
ACC_00305,INV_0001180,CON_000264,2025-10-05,22408.89,Paid,GBP
ACC_00122,INV_0001181,CON_000265,2024-12-09,1397.92,Paid,GBP
ACC_00122,INV_0001182,CON_000265,2025-01-09,1397.92,Paid,GBP
ACC_00122,INV_0001183,CON_000265,2025-02-09,1397.92,Paid,USD
ACC_00122,INV_0001184,CON_000265,2025-03-09,1397.92,Paid,EUR
ACC_00122,INV_0001185,CON_000265,2025-04-09,1397.92,Paid,USD
ACC_00122,INV_0001186,CON_000265,2025-05-09,1397.92,Paid,EUR
ACC_00122,INV_0001187,CON_000265,2025-06-09,1397.92,Pending,USD
ACC_00122,INV_0001188,CON_000265,2025-07-09,1397.92,Paid,EUR
ACC_00122,INV_0001189,CON_000265,2025-08-09,1397.92,Paid,GBP
ACC_00122,INV_0001190,CON_000265,2025-09-09,1397.92,Paid,USD
ACC_00122,INV_0001191,CON_000265,2025-10-09,1397.92,Paid,EUR
ACC_00122,INV_0001192,CON_000265,2025-11-09,1397.92,Paid,GBP
ACC_00072,INV_0001193,CON_000266,2025-07-03,220.24,Pending,USD
ACC_00072,INV_0001194,CON_000266,2025-08-03,220.24,Failed,EUR
ACC_00072,INV_0001195,CON_000266,2025-09-03,220.24,Paid,GBP
ACC_00072,INV_0001196,CON_000266,2025-10-03,220.24,Paid,USD
ACC_00072,INV_0001197,CON_000266,2025-11-03,220.24,Paid,USD
ACC_00072,INV_0001198,CON_000266,2025-12-03,220.24,Pending,GBP
ACC_00072,INV_0001199,CON_000266,2026-01-03,220.24,Paid,USD
ACC_00719,INV_0001200,CON_000267,2024-07-16,117668.35,Paid,USD
ACC_01017,INV_0001201,CON_000268,2026-01-05,392.97,Paid,USD
ACC_00240,INV_0001202,CON_000270,2025-10-15,6994.57,Paid,GBP
ACC_00814,INV_0001203,CON_000271,2024-10-26,359.99,Paid,USD
ACC_00814,INV_0001204,CON_000271,2024-11-26,359.99,Paid,GBP
ACC_00814,INV_0001205,CON_000271,2024-12-26,359.99,Paid,USD
ACC_00814,INV_0001206,CON_000271,2025-01-26,359.99,Paid,EUR
ACC_00814,INV_0001207,CON_000271,2025-02-26,359.99,Paid,GBP
ACC_00814,INV_0001208,CON_000271,2025-03-26,359.99,Paid,USD
ACC_00814,INV_0001209,CON_000271,2025-04-26,359.99,Paid,USD
ACC_00814,INV_0001210,CON_000271,2025-05-26,359.99,Failed,USD
ACC_00814,INV_0001211,CON_000271,2025-06-26,359.99,Paid,GBP
ACC_00814,INV_0001212,CON_000271,2025-07-26,359.99,Paid,USD
ACC_00814,INV_0001213,CON_000271,2025-08-26,359.99,Paid,GBP
ACC_00814,INV_0001214,CON_000271,2025-09-26,359.99,Paid,USD
ACC_00370,INV_0001215,CON_000272,2025-07-29,28039.34,Paid,GBP
ACC_00011,INV_0001216,CON_000273,2025-12-29,6926.02,Paid,EUR
ACC_00212,INV_0001217,CON_000275,2024-11-02,42520.75,Paid,USD
ACC_00865,INV_0001218,CON_000276,2025-10-10,8704.4,Paid,GBP
ACC_00896,INV_0001219,CON_000277,2024-11-04,1263.08,Paid,USD
ACC_00896,INV_0001220,CON_000277,2024-12-04,1263.08,Paid,USD
ACC_00896,INV_0001221,CON_000277,2025-01-04,1263.08,Paid,USD
ACC_00896,INV_0001222,CON_000277,2025-02-04,1263.08,Paid,EUR
ACC_00896,INV_0001223,CON_000277,2025-03-04,1263.08,Paid,USD
ACC_00896,INV_0001224,CON_000277,2025-04-04,1263.08,Paid,USD
ACC_00896,INV_0001225,CON_000277,2025-05-04,1263.08,Paid,USD
ACC_00896,INV_0001226,CON_000277,2025-06-04,1263.08,Paid,USD
ACC_00896,INV_0001227,CON_000277,2025-07-04,1263.08,Paid,GBP
ACC_00896,INV_0001228,CON_000277,2025-08-04,1263.08,Pending,USD
ACC_00896,INV_0001229,CON_000277,2025-09-04,1263.08,Paid,USD
ACC_00896,INV_0001230,CON_000277,2025-10-04,1263.08,Paid,GBP
ACC_00579,INV_0001231,CON_000278,2025-05-11,225887.68,Paid,USD
ACC_00276,INV_0001232,CON_000279,2025-05-25,9886.47,Paid,USD
ACC_00511,INV_0001233,CON_000280,2024-10-11,3661.99,Paid,USD
ACC_00785,INV_0001234,CON_000281,2024-07-12,100834.44,Paid,USD
ACC_00679,INV_0001235,CON_000282,2025-09-27,207.08,Paid,USD
ACC_00679,INV_0001236,CON_000282,2025-10-27,207.08,Paid,USD
ACC_00679,INV_0001237,CON_000282,2025-11-27,207.08,Failed,GBP
ACC_00679,INV_0001238,CON_000282,2025-12-27,207.08,Paid,USD
ACC_00679,INV_0001239,CON_000282,2026-01-27,207.08,Paid,USD
ACC_00326,INV_0001240,CON_000283,2024-04-18,2682.55,Failed,USD
ACC_00326,INV_0001241,CON_000283,2024-05-18,2682.55,Paid,EUR
ACC_00326,INV_0001242,CON_000283,2024-06-18,2682.55,Paid,GBP
ACC_00326,INV_0001243,CON_000283,2024-07-18,2682.55,Paid,USD
ACC_00326,INV_0001244,CON_000283,2024-08-18,2682.55,Paid,USD
ACC_00326,INV_0001245,CON_000283,2024-09-18,2682.55,Paid,USD
ACC_00326,INV_0001246,CON_000283,2024-10-18,2682.55,Paid,USD
ACC_00326,INV_0001247,CON_000283,2024-11-18,2682.55,Paid,EUR
ACC_00326,INV_0001248,CON_000283,2024-12-18,2682.55,Pending,GBP
ACC_00326,INV_0001249,CON_000283,2025-01-18,2682.55,Paid,USD
ACC_00326,INV_0001250,CON_000283,2025-02-18,2682.55,Paid,USD
ACC_00326,INV_0001251,CON_000283,2025-03-18,2682.55,Paid,GBP
ACC_01124,INV_0001252,CON_000284,2025-11-21,22611.26,Paid,USD
ACC_00643,INV_0001253,CON_000285,2025-01-09,293.46,Paid,EUR
ACC_00643,INV_0001254,CON_000285,2025-02-09,293.46,Paid,GBP
ACC_00643,INV_0001255,CON_000285,2025-03-09,293.46,Paid,USD
ACC_00643,INV_0001256,CON_000285,2025-04-09,293.46,Pending,EUR
ACC_00643,INV_0001257,CON_000285,2025-05-09,293.46,Failed,USD
ACC_00643,INV_0001258,CON_000285,2025-06-09,293.46,Paid,USD
ACC_00643,INV_0001259,CON_000285,2025-07-09,293.46,Paid,USD
ACC_00643,INV_0001260,CON_000285,2025-08-09,293.46,Paid,GBP
ACC_00643,INV_0001261,CON_000285,2025-09-09,293.46,Paid,GBP
ACC_00643,INV_0001262,CON_000285,2025-10-09,293.46,Paid,GBP
ACC_00643,INV_0001263,CON_000285,2025-11-09,293.46,Paid,EUR
ACC_00643,INV_0001264,CON_000285,2025-12-09,293.46,Paid,USD
ACC_00646,INV_0001265,CON_000286,2025-08-31,8759.69,Paid,USD
ACC_00646,INV_0001266,CON_000286,2025-09-30,8759.69,Paid,USD
ACC_00646,INV_0001267,CON_000286,2025-10-31,8759.69,Paid,USD
ACC_00646,INV_0001268,CON_000286,2025-11-30,8759.69,Paid,GBP
ACC_00646,INV_0001269,CON_000286,2025-12-31,8759.69,Paid,USD
ACC_00143,INV_0001270,CON_000287,2024-12-23,8302.33,Paid,USD
ACC_00143,INV_0001271,CON_000287,2025-01-23,8302.33,Paid,USD
ACC_00143,INV_0001272,CON_000287,2025-02-23,8302.33,Paid,USD
ACC_00143,INV_0001273,CON_000287,2025-03-23,8302.33,Paid,EUR
ACC_00143,INV_0001274,CON_000287,2025-04-23,8302.33,Paid,EUR
ACC_00143,INV_0001275,CON_000287,2025-05-23,8302.33,Pending,USD
ACC_00143,INV_0001276,CON_000287,2025-06-23,8302.33,Paid,USD
ACC_00143,INV_0001277,CON_000287,2025-07-23,8302.33,Pending,USD
ACC_00143,INV_0001278,CON_000287,2025-08-23,8302.33,Paid,USD
ACC_00143,INV_0001279,CON_000287,2025-09-23,8302.33,Paid,USD
ACC_00143,INV_0001280,CON_000287,2025-10-23,8302.33,Paid,USD
ACC_00143,INV_0001281,CON_000287,2025-11-23,8302.33,Paid,EUR
ACC_00526,INV_0001282,CON_000288,2024-06-21,5392.43,Paid,EUR
ACC_00663,INV_0001283,CON_000289,2024-08-19,1862.12,Paid,EUR
ACC_00663,INV_0001284,CON_000289,2024-09-19,1862.12,Paid,USD
ACC_00663,INV_0001285,CON_000289,2024-10-19,1862.12,Paid,USD
ACC_00663,INV_0001286,CON_000289,2024-11-19,1862.12,Failed,EUR
ACC_00663,INV_0001287,CON_000289,2024-12-19,1862.12,Failed,USD
ACC_00663,INV_0001288,CON_000289,2025-01-19,1862.12,Paid,EUR
ACC_00214,INV_0001289,CON_000290,2025-02-08,6296.27,Paid,USD
ACC_00552,INV_0001290,CON_000291,2024-11-05,659.19,Paid,USD
ACC_00552,INV_0001291,CON_000291,2024-12-05,659.19,Paid,USD
ACC_00552,INV_0001292,CON_000291,2025-01-05,659.19,Paid,USD
ACC_00552,INV_0001293,CON_000291,2025-02-05,659.19,Paid,GBP
ACC_00552,INV_0001294,CON_000291,2025-03-05,659.19,Paid,USD
ACC_00552,INV_0001295,CON_000291,2025-04-05,659.19,Paid,USD
ACC_00552,INV_0001296,CON_000291,2025-05-05,659.19,Pending,GBP
ACC_00552,INV_0001297,CON_000291,2025-06-05,659.19,Paid,USD
ACC_00552,INV_0001298,CON_000291,2025-07-05,659.19,Paid,EUR
ACC_00552,INV_0001299,CON_000291,2025-08-05,659.19,Paid,GBP
ACC_00552,INV_0001300,CON_000291,2025-09-05,659.19,Paid,GBP
ACC_00552,INV_0001301,CON_000291,2025-10-05,659.19,Paid,USD
ACC_00466,INV_0001302,CON_000292,2025-09-18,3543.64,Paid,USD
ACC_00536,INV_0001303,CON_000293,2024-07-21,1490.2,Paid,USD
ACC_00536,INV_0001304,CON_000293,2024-08-21,1490.2,Paid,USD
ACC_00536,INV_0001305,CON_000293,2024-09-21,1490.2,Paid,USD
ACC_00536,INV_0001306,CON_000293,2024-10-21,1490.2,Paid,USD
ACC_00536,INV_0001307,CON_000293,2024-11-21,1490.2,Paid,USD
ACC_00536,INV_0001308,CON_000293,2024-12-21,1490.2,Paid,EUR
ACC_00536,INV_0001309,CON_000293,2025-01-21,1490.2,Paid,GBP
ACC_00536,INV_0001310,CON_000293,2025-02-21,1490.2,Paid,USD
ACC_00536,INV_0001311,CON_000293,2025-03-21,1490.2,Pending,USD
ACC_00536,INV_0001312,CON_000293,2025-04-21,1490.2,Paid,GBP
ACC_00536,INV_0001313,CON_000293,2025-05-21,1490.2,Paid,EUR
ACC_00536,INV_0001314,CON_000293,2025-06-21,1490.2,Paid,USD
ACC_00971,INV_0001315,CON_000294,2025-01-15,4819.76,Paid,USD
ACC_01037,INV_0001316,CON_000295,2025-12-05,904.22,Paid,EUR
ACC_01037,INV_0001317,CON_000295,2026-01-05,904.22,Paid,USD
ACC_00721,INV_0001318,CON_000296,2025-02-22,847.86,Paid,USD
ACC_00721,INV_0001319,CON_000296,2025-03-22,847.86,Paid,USD
ACC_00721,INV_0001320,CON_000296,2025-04-22,847.86,Paid,USD
ACC_00721,INV_0001321,CON_000296,2025-05-22,847.86,Paid,USD
ACC_00721,INV_0001322,CON_000296,2025-06-22,847.86,Paid,GBP
ACC_00721,INV_0001323,CON_000296,2025-07-22,847.86,Paid,GBP
ACC_00721,INV_0001324,CON_000296,2025-08-22,847.86,Paid,USD
ACC_00721,INV_0001325,CON_000296,2025-09-22,847.86,Paid,USD
ACC_00721,INV_0001326,CON_000296,2025-10-22,847.86,Paid,USD
ACC_00721,INV_0001327,CON_000296,2025-11-22,847.86,Paid,USD
ACC_00721,INV_0001328,CON_000296,2025-12-22,847.86,Paid,USD
ACC_00721,INV_0001329,CON_000296,2026-01-22,847.86,Paid,USD
ACC_00825,INV_0001330,CON_000297,2025-04-26,48062.13,Paid,USD
ACC_00384,INV_0001331,CON_000298,2025-03-06,2359.94,Paid,USD
ACC_00141,INV_0001332,CON_000299,2024-11-30,1138.11,Paid,EUR
ACC_00141,INV_0001333,CON_000299,2024-12-30,1138.11,Paid,USD
ACC_00141,INV_0001334,CON_000299,2025-01-30,1138.11,Paid,GBP
ACC_00141,INV_0001335,CON_000299,2025-02-28,1138.11,Paid,USD
ACC_00141,INV_0001336,CON_000299,2025-03-30,1138.11,Paid,USD
ACC_00141,INV_0001337,CON_000299,2025-04-30,1138.11,Paid,USD
ACC_00141,INV_0001338,CON_000299,2025-05-30,1138.11,Paid,USD
ACC_00141,INV_0001339,CON_000299,2025-06-30,1138.11,Paid,EUR
ACC_00141,INV_0001340,CON_000299,2025-07-30,1138.11,Paid,EUR
ACC_00141,INV_0001341,CON_000299,2025-08-30,1138.11,Paid,GBP
ACC_00141,INV_0001342,CON_000299,2025-09-30,1138.11,Paid,USD
ACC_00141,INV_0001343,CON_000299,2025-10-30,1138.11,Paid,EUR
ACC_00135,INV_0001344,CON_000300,2025-08-29,1386.26,Paid,USD
ACC_00135,INV_0001345,CON_000300,2025-09-29,1386.26,Paid,EUR
ACC_00135,INV_0001346,CON_000300,2025-10-29,1386.26,Paid,USD
ACC_00135,INV_0001347,CON_000300,2025-11-29,1386.26,Paid,USD
ACC_00135,INV_0001348,CON_000300,2025-12-29,1386.26,Paid,USD
ACC_00135,INV_0001349,CON_000300,2026-01-29,1386.26,Paid,USD
ACC_00769,INV_0001350,CON_000301,2024-07-17,9256.83,Pending,USD
ACC_00816,INV_0001351,CON_000302,2024-10-15,4899.57,Paid,GBP
ACC_00816,INV_0001352,CON_000302,2024-11-15,4899.57,Paid,USD
ACC_00816,INV_0001353,CON_000302,2024-12-15,4899.57,Pending,USD
ACC_00816,INV_0001354,CON_000302,2025-01-15,4899.57,Paid,USD
ACC_00816,INV_0001355,CON_000302,2025-02-15,4899.57,Paid,USD
ACC_00816,INV_0001356,CON_000302,2025-03-15,4899.57,Paid,USD
ACC_00816,INV_0001357,CON_000302,2025-04-15,4899.57,Paid,USD
ACC_00816,INV_0001358,CON_000302,2025-05-15,4899.57,Paid,USD
ACC_00816,INV_0001359,CON_000302,2025-06-15,4899.57,Paid,GBP
ACC_00816,INV_0001360,CON_000302,2025-07-15,4899.57,Paid,EUR
ACC_00816,INV_0001361,CON_000302,2025-08-15,4899.57,Paid,USD
ACC_00816,INV_0001362,CON_000302,2025-09-15,4899.57,Pending,USD
ACC_00293,INV_0001363,CON_000303,2025-07-24,39704.37,Paid,EUR
ACC_00117,INV_0001364,CON_000304,2024-03-31,2738.12,Paid,USD
ACC_00117,INV_0001365,CON_000304,2024-04-30,2738.12,Paid,USD
ACC_00117,INV_0001366,CON_000304,2024-05-31,2748.19,Paid,USD
ACC_00117,INV_0001367,CON_000304,2024-06-30,2738.12,Failed,EUR
ACC_00117,INV_0001368,CON_000304,2024-07-31,2738.12,Paid,EUR
ACC_00117,INV_0001369,CON_000304,2024-08-31,2738.12,Pending,USD
ACC_00117,INV_0001370,CON_000304,2024-09-30,2738.12,Paid,USD
ACC_00117,INV_0001371,CON_000304,2024-10-31,2738.12,Paid,USD
ACC_00117,INV_0001372,CON_000304,2024-11-30,2738.12,Paid,USD
ACC_00117,INV_0001373,CON_000304,2024-12-31,2738.12,Paid,GBP
ACC_00117,INV_0001374,CON_000304,2025-01-31,2738.12,Paid,USD
ACC_00117,INV_0001375,CON_000304,2025-02-28,2738.12,Paid,USD
ACC_00329,INV_0001376,CON_000305,2024-09-05,1695.87,Failed,USD
ACC_00329,INV_0001377,CON_000305,2024-10-05,1695.87,Paid,EUR
ACC_00329,INV_0001378,CON_000305,2024-11-05,1695.87,Paid,USD
ACC_00329,INV_0001379,CON_000305,2024-12-05,1695.87,Paid,USD
ACC_00329,INV_0001380,CON_000305,2025-01-05,1695.87,Paid,USD
ACC_00329,INV_0001381,CON_000305,2025-02-05,1695.87,Paid,USD
ACC_00329,INV_0001382,CON_000305,2025-03-05,1695.87,Paid,USD
ACC_00329,INV_0001383,CON_000305,2025-04-05,1695.87,Paid,USD
ACC_00329,INV_0001384,CON_000305,2025-05-05,1695.87,Pending,GBP
ACC_00329,INV_0001385,CON_000305,2025-06-05,1695.87,Pending,USD
ACC_00329,INV_0001386,CON_000305,2025-07-05,1695.87,Paid,USD
ACC_00329,INV_0001387,CON_000305,2025-08-05,1695.87,Paid,USD
ACC_00444,INV_0001388,CON_000306,2025-11-03,43242.92,Pending,USD
ACC_00002,INV_0001389,CON_000307,2025-11-15,6912.39,Paid,USD
ACC_00002,INV_0001390,CON_000307,2025-12-15,6912.39,Paid,EUR
ACC_00002,INV_0001391,CON_000307,2026-01-15,6912.39,Paid,USD
ACC_00604,INV_0001392,CON_000308,2025-11-18,1200.03,Failed,GBP
ACC_00604,INV_0001393,CON_000308,2025-12-18,1200.03,Paid,USD
ACC_00604,INV_0001394,CON_000308,2026-01-18,1200.03,Paid,USD
ACC_00312,INV_0001395,CON_000309,2026-01-23,13535.99,Paid,USD
ACC_00565,INV_0001396,CON_000310,2025-01-23,2304.55,Failed,USD
ACC_00565,INV_0001397,CON_000310,2025-02-23,2304.55,Paid,USD
ACC_00565,INV_0001398,CON_000310,2025-03-23,2304.55,Paid,EUR
ACC_00565,INV_0001399,CON_000310,2025-04-23,2304.55,Paid,USD
ACC_00565,INV_0001400,CON_000310,2025-05-23,2304.55,Paid,USD
ACC_00565,INV_0001401,CON_000310,2025-06-23,2304.55,Paid,EUR
ACC_00565,INV_0001402,CON_000310,2025-07-23,2304.55,Pending,USD
ACC_00565,INV_0001403,CON_000310,2025-08-23,2304.55,Paid,USD
ACC_00565,INV_0001404,CON_000310,2025-09-23,2304.55,Paid,GBP
ACC_00565,INV_0001405,CON_000310,2025-10-23,2304.55,Paid,EUR
ACC_00565,INV_0001406,CON_000310,2025-11-23,2304.55,Paid,USD
ACC_00565,INV_0001407,CON_000310,2025-12-23,2304.55,Paid,USD
ACC_00219,INV_0001408,CON_000311,2024-08-24,3550.28,Paid,GBP
ACC_00219,INV_0001409,CON_000311,2024-09-24,3550.28,Paid,USD
ACC_00219,INV_0001410,CON_000311,2024-10-24,3550.28,Paid,USD
ACC_00219,INV_0001411,CON_000311,2024-11-24,3550.28,Paid,GBP
ACC_00219,INV_0001412,CON_000311,2024-12-24,3550.28,Paid,EUR
ACC_00219,INV_0001413,CON_000311,2025-01-24,3550.28,Paid,GBP
ACC_00219,INV_0001414,CON_000311,2025-02-24,3550.28,Paid,USD
ACC_00219,INV_0001415,CON_000311,2025-03-24,3550.28,Paid,USD
ACC_00219,INV_0001416,CON_000311,2025-04-24,3550.28,Paid,USD
ACC_00219,INV_0001417,CON_000311,2025-05-24,3550.28,Paid,USD
ACC_00219,INV_0001418,CON_000311,2025-06-24,3550.28,Paid,GBP
ACC_00219,INV_0001419,CON_000311,2025-07-24,3550.28,Paid,USD
ACC_00211,INV_0001420,CON_000312,2025-12-01,3464.71,Paid,USD
ACC_00211,INV_0001421,CON_000312,2026-01-01,3464.71,Paid,USD
ACC_00364,INV_0001422,CON_000313,2025-09-20,1724.99,Pending,USD
ACC_00364,INV_0001423,CON_000313,2025-10-20,1724.99,Paid,USD
ACC_00364,INV_0001424,CON_000313,2025-11-20,1724.99,Paid,USD
ACC_00364,INV_0001425,CON_000313,2025-12-20,1724.99,Paid,EUR
ACC_00364,INV_0001426,CON_000313,2026-01-20,1724.99,Paid,USD
ACC_ORPHAN_2,INV_0001427,CON_000314,2024-08-12,1263.02,Paid,EUR
ACC_ORPHAN_2,INV_0001428,CON_000314,2024-09-12,1263.02,Paid,USD
ACC_ORPHAN_2,INV_0001429,CON_000314,2024-10-12,1263.02,Paid,GBP
ACC_ORPHAN_2,INV_0001430,CON_000314,2024-11-12,1263.02,Paid,EUR
ACC_ORPHAN_2,INV_0001431,CON_000314,2024-12-12,1263.02,Paid,USD
ACC_ORPHAN_2,INV_0001432,CON_000314,2025-01-12,1263.02,Paid,EUR
ACC_ORPHAN_2,INV_0001433,CON_000314,2025-02-12,1263.02,Paid,EUR
ACC_ORPHAN_2,INV_0001434,CON_000314,2025-03-12,1263.02,Paid,EUR
ACC_ORPHAN_2,INV_0001435,CON_000314,2025-04-12,1263.02,Paid,USD
ACC_ORPHAN_2,INV_0001436,CON_000314,2025-05-12,1263.02,Paid,USD
ACC_ORPHAN_2,INV_0001437,CON_000314,2025-06-12,1263.02,Paid,USD
ACC_ORPHAN_2,INV_0001438,CON_000314,2025-07-12,1263.02,Paid,GBP
ACC_00949,INV_0001439,CON_000315,2024-08-19,134054.66,Paid,USD
ACC_01018,INV_0001440,CON_000316,2024-06-05,2218.8,Paid,GBP
ACC_01018,INV_0001441,CON_000316,2024-07-05,2218.8,Paid,USD
ACC_01018,INV_0001442,CON_000316,2024-08-05,2218.8,Paid,USD
ACC_01018,INV_0001443,CON_000316,2024-09-05,2218.8,Failed,EUR
ACC_01018,INV_0001444,CON_000316,2024-10-05,2218.8,Paid,GBP
ACC_01018,INV_0001445,CON_000316,2024-11-05,2218.8,Paid,GBP
ACC_01018,INV_0001446,CON_000316,2024-12-05,2218.8,Paid,GBP
ACC_01018,INV_0001447,CON_000316,2025-01-05,2218.8,Paid,USD
ACC_01018,INV_0001448,CON_000316,2025-02-05,2218.8,Failed,USD
ACC_01018,INV_0001449,CON_000316,2025-03-05,2218.8,Paid,USD
ACC_01018,INV_0001450,CON_000316,2025-04-05,2218.8,Paid,USD
ACC_01018,INV_0001451,CON_000316,2025-05-05,2218.8,Pending,EUR
ACC_01041,INV_0001452,CON_000317,2024-09-01,2505.07,Paid,USD
ACC_00171,INV_0001453,CON_000318,2024-07-04,6607.36,Paid,USD
ACC_00786,INV_0001454,CON_000319,2024-04-09,6582.05,Paid,USD
ACC_00409,INV_0001455,CON_000320,2025-07-13,18736.84,Paid,EUR
ACC_00889,INV_0001456,CON_000321,2024-08-22,9442.29,Paid,GBP
ACC_00151,INV_0001457,CON_000322,2024-09-03,77922.56,Paid,USD
ACC_00890,INV_0001458,CON_000323,2025-11-15,18707.42,Paid,USD
ACC_00758,INV_0001459,CON_000324,2024-05-31,89633.38,Paid,USD
ACC_00413,INV_0001460,CON_000325,2024-09-18,310.23,Paid,EUR
ACC_00413,INV_0001461,CON_000325,2024-10-18,310.23,Paid,USD
ACC_00413,INV_0001462,CON_000325,2024-11-18,310.23,Pending,GBP
ACC_00413,INV_0001463,CON_000325,2024-12-18,310.23,Paid,USD
ACC_00413,INV_0001464,CON_000325,2025-01-18,310.23,Pending,GBP
ACC_00413,INV_0001465,CON_000325,2025-02-18,310.23,Paid,USD
ACC_00413,INV_0001466,CON_000325,2025-03-18,310.23,Paid,USD
ACC_00413,INV_0001467,CON_000325,2025-04-18,310.23,Paid,USD
ACC_00413,INV_0001468,CON_000325,2025-05-18,310.23,Paid,USD
ACC_00413,INV_0001469,CON_000325,2025-06-18,310.23,Paid,USD
ACC_00413,INV_0001470,CON_000325,2025-07-18,310.23,Paid,USD
ACC_00413,INV_0001471,CON_000325,2025-08-18,310.23,Paid,GBP
ACC_00018,INV_0001472,CON_000326,2024-10-14,9851.93,Paid,GBP
ACC_00952,INV_0001473,CON_000327,2025-01-19,2944.68,Paid,USD
ACC_00903,INV_0001474,CON_000328,2025-10-04,4059.99,Pending,EUR
ACC_01018,INV_0001475,CON_000329,2024-08-17,4561.66,Failed,USD
ACC_01018,INV_0001476,CON_000329,2024-09-17,4561.66,Paid,GBP
ACC_01018,INV_0001477,CON_000329,2024-10-17,4561.66,Paid,USD
ACC_01018,INV_0001478,CON_000329,2024-11-17,4561.66,Paid,USD
ACC_01018,INV_0001479,CON_000329,2024-12-17,4561.66,Paid,USD
ACC_01018,INV_0001480,CON_000329,2025-01-17,4561.66,Paid,USD
ACC_01018,INV_0001481,CON_000329,2025-02-17,4561.66,Paid,USD
ACC_01018,INV_0001482,CON_000329,2025-03-17,4561.66,Pending,USD
ACC_01018,INV_0001483,CON_000329,2025-04-17,4561.66,Paid,USD
ACC_01018,INV_0001484,CON_000329,2025-05-17,4561.66,Paid,USD
ACC_01018,INV_0001485,CON_000329,2025-06-17,4561.66,Paid,USD
ACC_01018,INV_0001486,CON_000329,2025-07-17,4561.66,Paid,GBP
ACC_01156,INV_0001487,CON_000330,2025-10-20,9410.28,Paid,EUR
ACC_01128,INV_0001488,CON_000331,2024-05-18,681.02,Paid,EUR
ACC_01128,INV_0001489,CON_000331,2024-06-18,681.02,Paid,USD
ACC_01128,INV_0001490,CON_000331,2024-07-18,681.02,Paid,USD
ACC_01128,INV_0001491,CON_000331,2024-08-18,681.02,Paid,EUR
ACC_01128,INV_0001492,CON_000331,2024-09-18,681.02,Paid,EUR
ACC_01128,INV_0001493,CON_000331,2024-10-18,681.02,Paid,GBP
ACC_01128,INV_0001494,CON_000331,2024-11-18,681.02,Paid,USD
ACC_01128,INV_0001495,CON_000331,2024-12-18,681.02,Paid,USD
ACC_01128,INV_0001496,CON_000331,2025-01-18,681.02,Paid,GBP
ACC_01128,INV_0001497,CON_000331,2025-02-18,681.02,Pending,USD
ACC_01128,INV_0001498,CON_000331,2025-03-18,681.02,Paid,USD
ACC_01128,INV_0001499,CON_000331,2025-04-18,681.02,Paid,GBP
ACC_01000,INV_0001500,CON_000332,2024-09-29,10517.35,Paid,USD
ACC_00764,INV_0001501,CON_000333,2024-09-19,7181.1,Paid,USD
ACC_00551,INV_0001502,CON_000334,2024-12-29,3163.68,Paid,GBP
ACC_01141,INV_0001503,CON_000335,2025-07-21,787.3,Paid,USD
ACC_01141,INV_0001504,CON_000335,2025-08-21,787.3,Paid,USD
ACC_01141,INV_0001505,CON_000335,2025-09-21,787.3,Paid,GBP
ACC_01141,INV_0001506,CON_000335,2025-10-21,787.3,Paid,USD
ACC_01141,INV_0001507,CON_000335,2025-11-21,787.3,Paid,USD
ACC_01141,INV_0001508,CON_000335,2025-12-21,787.3,Pending,EUR
ACC_01141,INV_0001509,CON_000335,2026-01-21,787.3,Paid,GBP
ACC_00121,INV_0001510,CON_000336,2024-09-24,1420.59,Pending,GBP
ACC_00121,INV_0001511,CON_000336,2024-10-24,1420.59,Paid,USD
ACC_00121,INV_0001512,CON_000336,2024-11-24,1420.59,Paid,USD
ACC_00121,INV_0001513,CON_000336,2024-12-24,1420.59,Paid,USD
ACC_00121,INV_0001514,CON_000336,2025-01-24,1420.59,Paid,GBP
ACC_00121,INV_0001515,CON_000336,2025-02-24,1420.59,Paid,EUR
ACC_00121,INV_0001516,CON_000336,2025-03-24,1420.59,Paid,EUR
ACC_00121,INV_0001517,CON_000336,2025-04-24,1420.59,Paid,USD
ACC_00121,INV_0001518,CON_000336,2025-05-24,1420.59,Paid,GBP
ACC_00121,INV_0001519,CON_000336,2025-06-24,1420.59,Paid,USD
ACC_00121,INV_0001520,CON_000336,2025-07-24,1420.59,Paid,GBP
ACC_00121,INV_0001521,CON_000336,2025-08-24,1420.59,Paid,USD
ACC_00117,INV_0001522,CON_000337,2024-05-12,7947.43,Paid,USD
ACC_00117,INV_0001523,CON_000337,2024-06-12,7947.43,Paid,EUR
ACC_00117,INV_0001524,CON_000337,2024-07-12,7947.43,Paid,USD
ACC_00117,INV_0001525,CON_000337,2024-08-12,7947.43,Paid,USD
ACC_00117,INV_0001526,CON_000337,2024-09-12,7947.43,Paid,EUR
ACC_00117,INV_0001527,CON_000337,2024-10-12,7947.43,Paid,GBP
ACC_00117,INV_0001528,CON_000337,2024-11-12,7947.43,Pending,USD
ACC_00117,INV_0001529,CON_000337,2024-12-12,7947.43,Paid,EUR
ACC_00117,INV_0001530,CON_000337,2025-01-12,7947.43,Pending,EUR
ACC_00117,INV_0001531,CON_000337,2025-02-12,7947.43,Paid,USD
ACC_00117,INV_0001532,CON_000337,2025-03-12,7947.43,Paid,GBP
ACC_00117,INV_0001533,CON_000337,2025-04-12,7947.43,Paid,GBP
ACC_00049,INV_0001534,CON_000338,2024-10-19,1162.82,Paid,EUR
ACC_00049,INV_0001535,CON_000338,2024-11-19,1162.82,Paid,USD
ACC_00049,INV_0001536,CON_000338,2024-12-19,1162.82,Paid,EUR
ACC_00049,INV_0001537,CON_000338,2025-01-19,1162.82,Paid,USD
ACC_00049,INV_0001538,CON_000338,2025-02-19,1162.82,Paid,EUR
ACC_00049,INV_0001539,CON_000338,2025-03-19,1162.82,Paid,EUR
ACC_00049,INV_0001540,CON_000338,2025-04-19,1162.82,Paid,USD
ACC_00049,INV_0001541,CON_000338,2025-05-19,1162.82,Paid,EUR
ACC_00049,INV_0001542,CON_000338,2025-06-19,1162.82,Paid,USD
ACC_00049,INV_0001543,CON_000338,2025-07-19,1162.82,Paid,EUR
ACC_00049,INV_0001544,CON_000338,2025-08-19,1162.82,Pending,GBP
ACC_00049,INV_0001545,CON_000338,2025-09-19,1162.82,Paid,USD
ACC_00558,INV_0001546,CON_000339,2024-12-11,1139.19,Paid,USD
ACC_00558,INV_0001547,CON_000339,2025-01-11,1139.19,Paid,GBP
ACC_00558,INV_0001548,CON_000339,2025-02-11,1139.19,Paid,EUR
ACC_00558,INV_0001549,CON_000339,2025-03-11,1139.19,Paid,EUR
ACC_00558,INV_0001550,CON_000339,2025-04-11,1139.19,Paid,GBP
ACC_00558,INV_0001551,CON_000339,2025-05-11,1139.19,Paid,EUR
ACC_00558,INV_0001552,CON_000339,2025-06-11,1139.19,Paid,EUR
ACC_00558,INV_0001553,CON_000339,2025-07-11,1139.19,Paid,USD
ACC_00558,INV_0001554,CON_000339,2025-08-11,1139.19,Paid,USD
ACC_00558,INV_0001555,CON_000339,2025-09-11,1139.19,Paid,GBP
ACC_00558,INV_0001556,CON_000339,2025-10-11,1139.19,Paid,USD
ACC_00558,INV_0001557,CON_000339,2025-11-11,1139.19,Paid,USD
ACC_01169,INV_0001558,CON_000340,2025-12-10,15236.35,Failed,USD
ACC_00848,INV_0001559,CON_000341,2024-11-11,799.86,Paid,USD
ACC_00848,INV_0001560,CON_000341,2024-12-11,799.86,Paid,GBP
ACC_00848,INV_0001561,CON_000341,2025-01-11,799.86,Paid,USD
ACC_00848,INV_0001562,CON_000341,2025-02-11,799.86,Paid,USD
ACC_00848,INV_0001563,CON_000341,2025-03-11,799.86,Paid,USD
ACC_00848,INV_0001564,CON_000341,2025-04-11,799.86,Paid,EUR
ACC_00848,INV_0001565,CON_000341,2025-05-11,799.86,Paid,USD
ACC_00848,INV_0001566,CON_000341,2025-06-11,799.86,Paid,USD
ACC_00848,INV_0001567,CON_000341,2025-07-11,799.86,Paid,USD
ACC_00848,INV_0001568,CON_000341,2025-08-11,799.86,Paid,USD
ACC_00848,INV_0001569,CON_000341,2025-09-11,799.86,Paid,USD
ACC_00848,INV_0001570,CON_000341,2025-10-11,799.86,Paid,EUR
ACC_00025,INV_0001571,CON_000342,2026-01-30,24724.19,Paid,GBP
ACC_00583,INV_0001572,CON_000343,2025-06-04,3779.72,Paid,USD
ACC_00074,INV_0001573,CON_000344,2024-10-29,658.05,Paid,USD
ACC_00074,INV_0001574,CON_000344,2024-11-29,658.05,Paid,EUR
ACC_00074,INV_0001575,CON_000344,2024-12-29,658.05,Paid,USD
ACC_00074,INV_0001576,CON_000344,2025-01-29,658.05,Paid,USD
ACC_00074,INV_0001577,CON_000344,2025-02-28,658.05,Paid,USD
ACC_00074,INV_0001578,CON_000344,2025-03-29,658.05,Paid,EUR
ACC_00074,INV_0001579,CON_000344,2025-04-29,658.05,Paid,GBP
ACC_00074,INV_0001580,CON_000344,2025-05-29,658.05,Paid,USD
ACC_00074,INV_0001581,CON_000344,2025-06-29,658.05,Paid,USD
ACC_00074,INV_0001582,CON_000344,2025-07-29,658.05,Paid,EUR
ACC_00074,INV_0001583,CON_000344,2025-08-29,658.05,Paid,USD
ACC_00074,INV_0001584,CON_000344,2025-09-29,658.05,Paid,EUR
ACC_00246,INV_0001585,CON_000345,2024-08-19,2118.57,Paid,USD
ACC_00246,INV_0001586,CON_000345,2024-09-19,2118.57,Paid,USD
ACC_00246,INV_0001587,CON_000345,2024-10-19,2118.57,Paid,USD
ACC_00246,INV_0001588,CON_000345,2024-11-19,2118.57,Paid,USD
ACC_00246,INV_0001589,CON_000345,2024-12-19,2118.57,Paid,GBP
ACC_00246,INV_0001590,CON_000345,2025-01-19,2118.57,Paid,GBP
ACC_00246,INV_0001591,CON_000345,2025-02-19,2118.57,Paid,USD
ACC_00246,INV_0001592,CON_000345,2025-03-19,2118.57,Paid,USD
ACC_00246,INV_0001593,CON_000345,2025-04-19,2118.57,Paid,USD
ACC_00246,INV_0001594,CON_000345,2025-05-19,2118.57,Paid,USD
ACC_00246,INV_0001595,CON_000345,2025-06-19,2118.57,Paid,GBP
ACC_00246,INV_0001596,CON_000345,2025-07-19,2118.57,Pending,USD
ACC_00723,INV_0001597,CON_000346,2025-06-20,1228.84,Paid,GBP
ACC_00723,INV_0001598,CON_000346,2025-07-20,1228.84,Paid,GBP
ACC_00723,INV_0001599,CON_000346,2025-08-20,1228.84,Paid,GBP
ACC_00723,INV_0001600,CON_000346,2025-09-20,1228.84,Paid,EUR
ACC_00723,INV_0001601,CON_000346,2025-10-20,1228.84,Pending,USD
ACC_00723,INV_0001602,CON_000346,2025-11-20,1228.84,Paid,USD
ACC_00723,INV_0001603,CON_000346,2025-12-20,1228.84,Paid,USD
ACC_00723,INV_0001604,CON_000346,2026-01-20,1228.84,Paid,GBP
ACC_00197,INV_0001605,CON_000347,2025-03-29,48811.63,Paid,USD
ACC_00541,INV_0001606,CON_000348,2024-12-24,21946.54,Paid,EUR
ACC_00807,INV_0001607,CON_000349,2024-12-19,207380.04,Paid,USD
ACC_01009,INV_0001608,CON_000350,2025-06-03,1491.15,Paid,USD
ACC_01009,INV_0001609,CON_000350,2025-07-03,1491.15,Paid,GBP
ACC_01009,INV_0001610,CON_000350,2025-08-03,1491.15,Paid,USD
ACC_01009,INV_0001611,CON_000350,2025-09-03,1491.15,Paid,USD
ACC_01009,INV_0001612,CON_000350,2025-10-03,1491.15,Paid,USD
ACC_01009,INV_0001613,CON_000350,2025-11-03,1491.15,Paid,USD
ACC_01009,INV_0001614,CON_000350,2025-12-03,1491.15,Paid,GBP
ACC_01009,INV_0001615,CON_000350,2026-01-03,1491.15,Paid,GBP
ACC_00869,INV_0001616,CON_000351,2024-10-23,8164.98,Paid,USD
ACC_00955,INV_0001617,CON_000352,2025-09-08,20883.35,Paid,USD
ACC_00564,INV_0001618,CON_000353,2025-09-10,11175.49,Paid,GBP
ACC_00541,INV_0001619,CON_000354,2024-08-09,13342.34,Paid,GBP
ACC_00775,INV_0001620,CON_000355,2024-06-08,3103.81,Paid,USD
ACC_00034,INV_0001621,CON_000356,2025-09-06,1291.89,Failed,USD
ACC_00034,INV_0001622,CON_000356,2025-10-06,1291.89,Paid,USD
ACC_00034,INV_0001623,CON_000356,2025-11-06,1291.89,Paid,USD
ACC_00034,INV_0001624,CON_000356,2025-12-06,1291.89,Paid,USD
ACC_00034,INV_0001625,CON_000356,2026-01-06,1291.89,Paid,USD
ACC_00055,INV_0001626,CON_000357,2024-10-11,6463.19,Paid,USD
ACC_00055,INV_0001627,CON_000357,2024-11-11,6463.19,Paid,USD
ACC_00055,INV_0001628,CON_000357,2024-12-11,6463.19,Pending,USD
ACC_00055,INV_0001629,CON_000357,2025-01-11,6463.19,Paid,USD
ACC_00055,INV_0001630,CON_000357,2025-02-11,6463.19,Paid,EUR
ACC_00055,INV_0001631,CON_000357,2025-03-11,6463.19,Paid,USD
ACC_00055,INV_0001632,CON_000357,2025-04-11,6463.19,Paid,EUR
ACC_00055,INV_0001633,CON_000357,2025-05-11,6463.19,Paid,USD
ACC_00055,INV_0001634,CON_000357,2025-06-11,6463.19,Paid,USD
ACC_00055,INV_0001635,CON_000357,2025-07-11,6463.19,Pending,USD
ACC_00055,INV_0001636,CON_000357,2025-08-11,6463.19,Paid,USD
ACC_00055,INV_0001637,CON_000357,2025-09-11,6463.19,Paid,GBP
ACC_00846,INV_0001638,CON_000358,2024-09-30,4452.9,Pending,EUR
ACC_00846,INV_0001639,CON_000358,2024-10-30,4452.9,Paid,USD
ACC_00846,INV_0001640,CON_000358,2024-11-30,4452.9,Paid,USD
ACC_00846,INV_0001641,CON_000358,2024-12-30,4452.9,Paid,USD
ACC_00846,INV_0001642,CON_000358,2025-01-30,4452.9,Paid,GBP
ACC_00846,INV_0001643,CON_000358,2025-02-28,4452.9,Pending,USD
ACC_00846,INV_0001644,CON_000358,2025-03-30,4452.9,Paid,USD
ACC_00846,INV_0001645,CON_000358,2025-04-30,4452.9,Paid,USD
ACC_00846,INV_0001646,CON_000358,2025-05-30,4452.9,Pending,EUR
ACC_00846,INV_0001647,CON_000358,2025-06-30,4452.9,Paid,GBP
ACC_00846,INV_0001648,CON_000358,2025-07-30,4452.9,Paid,EUR
ACC_00846,INV_0001649,CON_000358,2025-08-30,4452.9,Paid,USD
ACC_00851,INV_0001650,CON_000359,2025-09-05,6650.91,Paid,USD
ACC_00345,INV_0001651,CON_000360,2026-01-23,1937.61,Paid,EUR
ACC_00315,INV_0001652,CON_000361,2024-12-06,28706.32,Paid,EUR
ACC_00827,INV_0001653,CON_000363,2025-02-11,1979.58,Paid,GBP
ACC_00827,INV_0001654,CON_000363,2025-03-11,1979.58,Paid,USD
ACC_00827,INV_0001655,CON_000363,2025-04-11,1979.58,Paid,EUR
ACC_00827,INV_0001656,CON_000363,2025-05-11,1979.58,Paid,GBP
ACC_00827,INV_0001657,CON_000363,2025-06-11,1979.58,Paid,GBP
ACC_00827,INV_0001658,CON_000363,2025-07-11,1979.58,Paid,GBP
ACC_00685,INV_0001659,CON_000364,2025-01-16,718.87,Paid,GBP
ACC_00685,INV_0001660,CON_000364,2025-02-16,718.87,Pending,USD
ACC_00685,INV_0001661,CON_000364,2025-03-16,718.87,Paid,USD
ACC_00685,INV_0001662,CON_000364,2025-04-16,718.87,Paid,USD
ACC_00685,INV_0001663,CON_000364,2025-05-16,718.87,Paid,EUR
ACC_00685,INV_0001664,CON_000364,2025-06-16,718.87,Paid,USD
ACC_00685,INV_0001665,CON_000364,2025-07-16,718.87,Paid,USD
ACC_00685,INV_0001666,CON_000364,2025-08-16,718.87,Paid,EUR
ACC_00685,INV_0001667,CON_000364,2025-09-16,718.87,Paid,USD
ACC_00685,INV_0001668,CON_000364,2025-10-16,718.87,Paid,GBP
ACC_00685,INV_0001669,CON_000364,2025-11-16,718.87,Paid,USD
ACC_00685,INV_0001670,CON_000364,2025-12-16,718.87,Paid,EUR
ACC_00776,INV_0001671,CON_000365,2024-08-15,1518.5,Paid,GBP
ACC_00776,INV_0001672,CON_000365,2024-09-15,1518.5,Paid,GBP
ACC_00776,INV_0001673,CON_000365,2024-10-15,1518.5,Paid,EUR
ACC_00776,INV_0001674,CON_000365,2024-11-15,1518.5,Paid,USD
ACC_00776,INV_0001675,CON_000365,2024-12-15,1518.5,Paid,USD
ACC_00776,INV_0001676,CON_000365,2025-01-15,1518.5,Paid,USD
ACC_00776,INV_0001677,CON_000365,2025-02-15,1518.5,Paid,USD
ACC_00776,INV_0001678,CON_000365,2025-03-15,1518.5,Paid,GBP
ACC_00776,INV_0001679,CON_000365,2025-04-15,1518.5,Paid,USD
ACC_00776,INV_0001680,CON_000365,2025-05-15,1518.5,Paid,USD
ACC_00776,INV_0001681,CON_000365,2025-06-15,1518.5,Paid,USD
ACC_00776,INV_0001682,CON_000365,2025-07-15,1518.5,Paid,USD
ACC_00727,INV_0001683,CON_000366,2024-08-04,6163.33,Paid,USD
ACC_00727,INV_0001684,CON_000366,2024-09-04,6163.33,Paid,EUR
ACC_00727,INV_0001685,CON_000366,2024-10-04,6163.33,Pending,GBP
ACC_00727,INV_0001686,CON_000366,2024-11-04,6163.33,Pending,USD
ACC_00727,INV_0001687,CON_000366,2024-12-04,6163.33,Paid,USD
ACC_00727,INV_0001688,CON_000366,2025-01-04,6163.33,Pending,USD
ACC_00727,INV_0001689,CON_000366,2025-02-04,6163.33,Paid,EUR
ACC_00727,INV_0001690,CON_000366,2025-03-04,6163.33,Paid,GBP
ACC_00727,INV_0001691,CON_000366,2025-04-04,6163.33,Paid,EUR
ACC_00727,INV_0001692,CON_000366,2025-05-04,6163.33,Paid,USD
ACC_00727,INV_0001693,CON_000366,2025-06-04,6163.33,Paid,EUR
ACC_00727,INV_0001694,CON_000366,2025-07-04,6163.33,Paid,USD
ACC_00453,INV_0001695,CON_000367,2024-08-25,9523.1,Paid,USD
ACC_00197,INV_0001696,CON_000368,2025-07-08,10425.09,Paid,EUR
ACC_00309,INV_0001697,CON_000369,2025-09-07,1290.45,Paid,USD
ACC_00309,INV_0001698,CON_000369,2025-10-07,1290.45,Paid,USD
ACC_00309,INV_0001699,CON_000369,2025-11-07,1290.45,Paid,GBP
ACC_00309,INV_0001700,CON_000369,2025-12-07,1290.45,Paid,EUR
ACC_00309,INV_0001701,CON_000369,2026-01-07,1290.45,Paid,GBP
ACC_01130,INV_0001702,CON_000370,2025-03-26,2426.07,Paid,USD
ACC_01130,INV_0001703,CON_000370,2025-04-26,2426.07,Paid,USD
ACC_01130,INV_0001704,CON_000370,2025-05-26,2426.07,Paid,EUR
ACC_01130,INV_0001705,CON_000370,2025-06-26,2426.07,Failed,USD
ACC_01130,INV_0001706,CON_000370,2025-07-26,2426.07,Paid,USD
ACC_01130,INV_0001707,CON_000370,2025-08-26,2426.07,Paid,USD
ACC_01130,INV_0001708,CON_000370,2025-09-26,2426.07,Paid,USD
ACC_01130,INV_0001709,CON_000370,2025-10-26,2426.07,Paid,USD
ACC_01130,INV_0001710,CON_000370,2025-11-26,2426.07,Paid,USD
ACC_01130,INV_0001711,CON_000370,2025-12-26,2426.07,Paid,USD
ACC_01130,INV_0001712,CON_000370,2026-01-26,2426.07,Paid,GBP
ACC_00555,INV_0001713,CON_000372,2024-10-19,1658.4,Paid,USD
ACC_00555,INV_0001714,CON_000372,2024-11-19,1658.4,Paid,EUR
ACC_00555,INV_0001715,CON_000372,2024-12-19,1658.4,Pending,USD
ACC_00555,INV_0001716,CON_000372,2025-01-19,1658.4,Pending,GBP
ACC_00555,INV_0001717,CON_000372,2025-02-19,1658.4,Paid,GBP
ACC_00555,INV_0001718,CON_000372,2025-03-19,1658.4,Paid,USD
ACC_00555,INV_0001719,CON_000372,2025-04-19,1658.4,Pending,USD
ACC_00555,INV_0001720,CON_000372,2025-05-19,1658.4,Paid,USD
ACC_00555,INV_0001721,CON_000372,2025-06-19,1658.4,Paid,EUR
ACC_00555,INV_0001722,CON_000372,2025-07-19,1658.4,Paid,GBP
ACC_00555,INV_0001723,CON_000372,2025-08-19,1658.4,Paid,EUR
ACC_00555,INV_0001724,CON_000372,2025-09-19,1658.4,Paid,GBP
ACC_01196,INV_0001725,CON_000373,2025-02-18,6656.33,Paid,EUR
