experiment_id,org_id,variant,assigned_at,eligible_segment
onboarding_guided_v1,org_00001,control,2025-08-27T00:00:00,Mid-Market
onboarding_guided_v1,org_00002,control,2025-12-23T00:00:00,SMB
onboarding_guided_v1,org_00003,control,2025-11-27T00:00:00,SMB
onboarding_guided_v1,org_00004,treatment,2025-10-08T00:00:00,SMB
onboarding_guided_v1,org_00005,treatment,2025-03-14T00:00:00,SMB
onboarding_guided_v1,org_00006,control,2025-07-04T00:00:00,SMB
onboarding_guided_v1,org_00007,control,2025-09-21T00:00:00,SMB
onboarding_guided_v1,org_00008,treatment,2025-04-14T00:00:00,SMB
onboarding_guided_v1,org_00009,treatment,2025-12-18T00:00:00,Mid-Market
onboarding_guided_v1,org_00010,control,2025-04-26T00:00:00,SMB
onboarding_guided_v1,org_00011,treatment,2025-04-27T00:00:00,Mid-Market
onboarding_guided_v1,org_00012,control,2025-10-21T00:00:00,Mid-Market
onboarding_guided_v1,org_00013,treatment,2025-06-28T00:00:00,SMB
onboarding_guided_v1,org_00014,control,2025-08-20T00:00:00,SMB
onboarding_guided_v1,org_00015,control,2025-03-02T00:00:00,SMB
onboarding_guided_v1,org_00016,control,2025-07-15T00:00:00,Mid-Market
onboarding_guided_v1,org_00017,treatment,2025-03-29T00:00:00,Enterprise
onboarding_guided_v1,org_00018,control,2025-03-15T00:00:00,Mid-Market
onboarding_guided_v1,org_00019,control,2025-10-13T00:00:00,Enterprise
onboarding_guided_v1,org_00020,treatment,2025-10-10T00:00:00,SMB
onboarding_guided_v1,org_00021,treatment,2025-12-20T00:00:00,SMB
onboarding_guided_v1,org_00022,control,2025-11-05T00:00:00,Mid-Market
onboarding_guided_v1,org_00023,control,2025-10-01T00:00:00,Enterprise
onboarding_guided_v1,org_00024,treatment,2025-12-24T00:00:00,Mid-Market
onboarding_guided_v1,org_00025,control,2025-02-04T00:00:00,SMB
onboarding_guided_v1,org_00026,treatment,2025-09-26T00:00:00,SMB
onboarding_guided_v1,org_00027,treatment,2025-05-14T00:00:00,SMB
onboarding_guided_v1,org_00028,treatment,2025-08-13T00:00:00,Mid-Market
onboarding_guided_v1,org_00029,treatment,2025-01-04T00:00:00,SMB
onboarding_guided_v1,org_00030,treatment,2025-02-26T00:00:00,Enterprise
onboarding_guided_v1,org_00031,control,2025-12-04T00:00:00,SMB
onboarding_guided_v1,org_00032,control,2025-04-11T00:00:00,SMB
onboarding_guided_v1,org_00033,treatment,2025-12-18T00:00:00,SMB
onboarding_guided_v1,org_00034,treatment,2025-06-23T00:00:00,SMB
onboarding_guided_v1,org_00035,control,2025-05-21T00:00:00,Mid-Market
onboarding_guided_v1,org_00036,control,2025-10-12T00:00:00,SMB
onboarding_guided_v1,org_00037,control,2025-03-01T00:00:00,Mid-Market
onboarding_guided_v1,org_00038,treatment,2025-02-16T00:00:00,Enterprise
onboarding_guided_v1,org_00039,treatment,2025-12-17T00:00:00,SMB
onboarding_guided_v1,org_00040,treatment,2025-03-16T00:00:00,SMB
onboarding_guided_v1,org_00041,treatment,2025-04-21T00:00:00,Mid-Market
onboarding_guided_v1,org_00042,treatment,2025-03-31T00:00:00,Mid-Market
onboarding_guided_v1,org_00043,control,2025-11-03T00:00:00,SMB
onboarding_guided_v1,org_00044,treatment,2025-05-26T00:00:00,SMB
onboarding_guided_v1,org_00045,control,2025-06-15T00:00:00,Enterprise
onboarding_guided_v1,org_00046,treatment,2025-04-14T00:00:00,SMB
onboarding_guided_v1,org_00047,control,2025-10-23T00:00:00,SMB
onboarding_guided_v1,org_00048,treatment,2025-02-12T00:00:00,SMB
onboarding_guided_v1,org_00049,treatment,2025-02-20T00:00:00,SMB
onboarding_guided_v1,org_00050,treatment,2025-03-03T00:00:00,Mid-Market
onboarding_guided_v1,org_00051,treatment,2025-01-17T00:00:00,SMB
onboarding_guided_v1,org_00052,treatment,2025-04-16T00:00:00,SMB
onboarding_guided_v1,org_00053,treatment,2025-11-23T00:00:00,SMB
onboarding_guided_v1,org_00054,treatment,2025-03-14T00:00:00,SMB
onboarding_guided_v1,org_00055,control,2025-09-01T00:00:00,SMB
onboarding_guided_v1,org_00056,treatment,2025-09-06T00:00:00,SMB
onboarding_guided_v1,org_00057,treatment,2025-02-28T00:00:00,SMB
onboarding_guided_v1,org_00058,control,2025-08-01T00:00:00,SMB
onboarding_guided_v1,org_00059,treatment,2025-01-14T00:00:00,Enterprise
onboarding_guided_v1,org_00060,control,2025-10-16T00:00:00,SMB
onboarding_guided_v1,org_00061,treatment,2025-11-13T00:00:00,Enterprise
onboarding_guided_v1,org_00062,treatment,2025-07-27T00:00:00,SMB
onboarding_guided_v1,org_00063,treatment,2025-01-25T00:00:00,SMB
onboarding_guided_v1,org_00064,treatment,2025-01-23T00:00:00,Mid-Market
onboarding_guided_v1,org_00065,control,2025-08-19T00:00:00,SMB
onboarding_guided_v1,org_00066,control,2025-09-30T00:00:00,SMB
onboarding_guided_v1,org_00067,control,2025-07-20T00:00:00,SMB
onboarding_guided_v1,org_00068,control,2025-04-25T00:00:00,SMB
onboarding_guided_v1,org_00069,control,2025-12-30T00:00:00,SMB
onboarding_guided_v1,org_00070,treatment,2025-03-06T00:00:00,SMB
onboarding_guided_v1,org_00071,treatment,2025-08-27T00:00:00,SMB
onboarding_guided_v1,org_00072,control,2025-04-04T00:00:00,SMB
onboarding_guided_v1,org_00073,treatment,2025-11-10T00:00:00,SMB
onboarding_guided_v1,org_00074,treatment,2025-01-26T00:00:00,SMB
onboarding_guided_v1,org_00075,treatment,2025-03-31T00:00:00,SMB
onboarding_guided_v1,org_00076,control,2025-09-05T00:00:00,Enterprise
onboarding_guided_v1,org_00077,control,2025-06-13T00:00:00,SMB
onboarding_guided_v1,org_00078,treatment,2025-02-26T00:00:00,Mid-Market
onboarding_guided_v1,org_00079,control,2025-06-20T00:00:00,SMB
onboarding_guided_v1,org_00080,control,2025-10-03T00:00:00,Enterprise
onboarding_guided_v1,org_00081,control,2025-06-10T00:00:00,SMB
onboarding_guided_v1,org_00082,treatment,2025-06-12T00:00:00,Mid-Market
onboarding_guided_v1,org_00083,control,2025-01-27T00:00:00,Enterprise
onboarding_guided_v1,org_00084,control,2025-05-12T00:00:00,Mid-Market
onboarding_guided_v1,org_00085,treatment,2025-10-06T00:00:00,Enterprise
onboarding_guided_v1,org_00086,treatment,2025-09-14T00:00:00,SMB
onboarding_guided_v1,org_00087,treatment,2025-08-14T00:00:00,SMB
onboarding_guided_v1,org_00088,control,2025-04-15T00:00:00,SMB
onboarding_guided_v1,org_00089,treatment,2025-12-24T00:00:00,SMB
onboarding_guided_v1,org_00090,control,2025-07-04T00:00:00,SMB
onboarding_guided_v1,org_00091,treatment,2025-09-28T00:00:00,SMB
onboarding_guided_v1,org_00092,control,2025-09-17T00:00:00,Enterprise
onboarding_guided_v1,org_00093,treatment,2025-10-10T00:00:00,Mid-Market
onboarding_guided_v1,org_00094,control,2025-04-09T00:00:00,SMB
onboarding_guided_v1,org_00095,treatment,2025-12-20T00:00:00,SMB
onboarding_guided_v1,org_00096,control,2025-04-05T00:00:00,Enterprise
onboarding_guided_v1,org_00097,treatment,2025-05-04T00:00:00,SMB
onboarding_guided_v1,org_00098,treatment,2025-08-03T00:00:00,SMB
onboarding_guided_v1,org_00099,control,2025-11-11T00:00:00,SMB
onboarding_guided_v1,org_00100,treatment,2025-04-25T00:00:00,Enterprise
onboarding_guided_v1,org_00101,control,2025-08-13T00:00:00,SMB
onboarding_guided_v1,org_00102,control,2025-09-23T00:00:00,Mid-Market
onboarding_guided_v1,org_00103,treatment,2025-10-18T00:00:00,SMB
onboarding_guided_v1,org_00104,treatment,2025-07-24T00:00:00,SMB
onboarding_guided_v1,org_00105,treatment,2025-07-22T00:00:00,SMB
onboarding_guided_v1,org_00106,treatment,2025-10-04T00:00:00,Mid-Market
onboarding_guided_v1,org_00107,control,2025-06-25T00:00:00,SMB
onboarding_guided_v1,org_00108,control,2025-05-20T00:00:00,Enterprise
onboarding_guided_v1,org_00109,treatment,2025-08-25T00:00:00,Enterprise
onboarding_guided_v1,org_00110,treatment,2025-06-08T00:00:00,Enterprise
onboarding_guided_v1,org_00111,control,2025-02-12T00:00:00,Mid-Market
onboarding_guided_v1,org_00112,control,2025-12-06T00:00:00,Mid-Market
onboarding_guided_v1,org_00113,treatment,2025-02-07T00:00:00,SMB
onboarding_guided_v1,org_00114,treatment,2025-12-29T00:00:00,SMB
onboarding_guided_v1,org_00115,control,2025-03-24T00:00:00,SMB
onboarding_guided_v1,org_00116,control,2025-09-28T00:00:00,SMB
onboarding_guided_v1,org_00117,control,2025-10-22T00:00:00,SMB
onboarding_guided_v1,org_00118,treatment,2025-02-03T00:00:00,SMB
onboarding_guided_v1,org_00119,treatment,2025-07-26T00:00:00,Mid-Market
onboarding_guided_v1,org_00120,control,2025-09-04T00:00:00,Enterprise
onboarding_guided_v1,org_00121,treatment,2025-08-21T00:00:00,SMB
onboarding_guided_v1,org_00122,treatment,2025-06-02T00:00:00,Mid-Market
onboarding_guided_v1,org_00123,control,2025-12-15T00:00:00,SMB
onboarding_guided_v1,org_00124,control,2025-07-10T00:00:00,SMB
onboarding_guided_v1,org_00125,treatment,2025-12-24T00:00:00,SMB
onboarding_guided_v1,org_00126,control,2025-05-01T00:00:00,SMB
onboarding_guided_v1,org_00127,control,2025-07-18T00:00:00,Mid-Market
onboarding_guided_v1,org_00128,control,2025-07-08T00:00:00,SMB
onboarding_guided_v1,org_00129,treatment,2025-02-28T00:00:00,SMB
onboarding_guided_v1,org_00130,treatment,2025-04-29T00:00:00,Enterprise
onboarding_guided_v1,org_00131,control,2025-09-29T00:00:00,SMB
onboarding_guided_v1,org_00132,treatment,2025-08-12T00:00:00,Mid-Market
onboarding_guided_v1,org_00133,control,2025-02-21T00:00:00,Mid-Market
onboarding_guided_v1,org_00134,control,2025-07-12T00:00:00,Mid-Market
onboarding_guided_v1,org_00135,control,2025-04-08T00:00:00,Mid-Market
onboarding_guided_v1,org_00136,control,2025-06-12T00:00:00,Mid-Market
onboarding_guided_v1,org_00137,treatment,2025-04-27T00:00:00,Enterprise
onboarding_guided_v1,org_00138,control,2025-12-18T00:00:00,Enterprise
onboarding_guided_v1,org_00139,treatment,2025-03-04T00:00:00,SMB
onboarding_guided_v1,org_00140,control,2025-04-04T00:00:00,Mid-Market
onboarding_guided_v1,org_00141,control,2025-01-13T00:00:00,Mid-Market
onboarding_guided_v1,org_00142,control,2025-12-11T00:00:00,Enterprise
onboarding_guided_v1,org_00143,control,2025-09-23T00:00:00,SMB
onboarding_guided_v1,org_00144,control,2025-09-28T00:00:00,Enterprise
onboarding_guided_v1,org_00145,treatment,2025-08-11T00:00:00,SMB
onboarding_guided_v1,org_00146,treatment,2025-06-13T00:00:00,SMB
onboarding_guided_v1,org_00147,control,2025-10-23T00:00:00,SMB
onboarding_guided_v1,org_00148,control,2025-04-29T00:00:00,Enterprise
onboarding_guided_v1,org_00149,treatment,2025-12-11T00:00:00,SMB
onboarding_guided_v1,org_00150,control,2025-11-26T00:00:00,SMB
onboarding_guided_v1,org_00151,control,2025-01-15T00:00:00,SMB
onboarding_guided_v1,org_00152,treatment,2025-02-20T00:00:00,SMB
onboarding_guided_v1,org_00153,treatment,2025-09-13T00:00:00,SMB
onboarding_guided_v1,org_00154,control,2025-04-10T00:00:00,SMB
onboarding_guided_v1,org_00155,treatment,2025-09-05T00:00:00,SMB
onboarding_guided_v1,org_00156,treatment,2025-05-30T00:00:00,SMB
onboarding_guided_v1,org_00157,treatment,2025-09-19T00:00:00,SMB
onboarding_guided_v1,org_00158,treatment,2025-09-05T00:00:00,SMB
onboarding_guided_v1,org_00159,control,2025-12-22T00:00:00,SMB
onboarding_guided_v1,org_00160,treatment,2025-02-26T00:00:00,Mid-Market
onboarding_guided_v1,org_00161,treatment,2025-09-29T00:00:00,Mid-Market
onboarding_guided_v1,org_00162,treatment,2025-07-29T00:00:00,Mid-Market
onboarding_guided_v1,org_00163,control,2025-11-20T00:00:00,Mid-Market
onboarding_guided_v1,org_00164,control,2025-06-02T00:00:00,SMB
onboarding_guided_v1,org_00165,treatment,2025-05-17T00:00:00,Mid-Market
onboarding_guided_v1,org_00166,control,2025-12-14T00:00:00,SMB
onboarding_guided_v1,org_00167,treatment,2025-11-24T00:00:00,Mid-Market
onboarding_guided_v1,org_00168,treatment,2025-02-02T00:00:00,SMB
onboarding_guided_v1,org_00169,control,2025-08-30T00:00:00,Mid-Market
onboarding_guided_v1,org_00170,control,2025-08-27T00:00:00,Mid-Market
onboarding_guided_v1,org_00171,treatment,2025-09-08T00:00:00,Mid-Market
onboarding_guided_v1,org_00172,treatment,2025-07-08T00:00:00,Mid-Market
onboarding_guided_v1,org_00173,control,2025-03-22T00:00:00,SMB
onboarding_guided_v1,org_00174,treatment,2025-11-17T00:00:00,Mid-Market
onboarding_guided_v1,org_00175,control,2025-06-28T00:00:00,SMB
onboarding_guided_v1,org_00176,treatment,2025-06-05T00:00:00,SMB
onboarding_guided_v1,org_00177,treatment,2025-11-18T00:00:00,Enterprise
onboarding_guided_v1,org_00178,treatment,2025-06-05T00:00:00,SMB
onboarding_guided_v1,org_00179,treatment,2025-08-25T00:00:00,SMB
onboarding_guided_v1,org_00180,control,2025-11-07T00:00:00,Enterprise
onboarding_guided_v1,org_00181,control,2025-06-20T00:00:00,SMB
onboarding_guided_v1,org_00182,treatment,2025-04-25T00:00:00,SMB
onboarding_guided_v1,org_00183,treatment,2025-10-19T00:00:00,Mid-Market
onboarding_guided_v1,org_00184,treatment,2025-01-08T00:00:00,SMB
onboarding_guided_v1,org_00185,treatment,2025-07-15T00:00:00,Enterprise
onboarding_guided_v1,org_00186,control,2025-02-07T00:00:00,Mid-Market
onboarding_guided_v1,org_00187,control,2025-09-25T00:00:00,SMB
onboarding_guided_v1,org_00188,control,2025-07-13T00:00:00,SMB
onboarding_guided_v1,org_00189,treatment,2025-04-05T00:00:00,SMB
onboarding_guided_v1,org_00190,treatment,2025-01-07T00:00:00,SMB
onboarding_guided_v1,org_00191,control,2025-07-06T00:00:00,SMB
onboarding_guided_v1,org_00192,control,2025-07-17T00:00:00,Mid-Market
onboarding_guided_v1,org_00193,control,2025-11-04T00:00:00,SMB
onboarding_guided_v1,org_00194,treatment,2025-08-06T00:00:00,SMB
onboarding_guided_v1,org_00195,control,2025-05-07T00:00:00,SMB
onboarding_guided_v1,org_00196,treatment,2025-07-15T00:00:00,Mid-Market
onboarding_guided_v1,org_00197,treatment,2025-10-02T00:00:00,SMB
onboarding_guided_v1,org_00198,treatment,2025-05-30T00:00:00,Mid-Market
onboarding_guided_v1,org_00199,control,2025-06-23T00:00:00,SMB
onboarding_guided_v1,org_00200,treatment,2025-04-11T00:00:00,SMB
onboarding_guided_v1,org_00201,control,2025-05-28T00:00:00,SMB
onboarding_guided_v1,org_00202,treatment,2025-05-14T00:00:00,Mid-Market
onboarding_guided_v1,org_00203,treatment,2025-08-23T00:00:00,SMB
onboarding_guided_v1,org_00204,control,2025-11-05T00:00:00,SMB
onboarding_guided_v1,org_00205,control,2025-01-29T00:00:00,Enterprise
onboarding_guided_v1,org_00206,control,2025-06-10T00:00:00,Enterprise
onboarding_guided_v1,org_00207,control,2025-10-03T00:00:00,Mid-Market
onboarding_guided_v1,org_00208,control,2025-02-28T00:00:00,SMB
onboarding_guided_v1,org_00209,control,2025-10-03T00:00:00,SMB
onboarding_guided_v1,org_00210,control,2025-01-30T00:00:00,Mid-Market
onboarding_guided_v1,org_00211,control,2025-04-20T00:00:00,Mid-Market
onboarding_guided_v1,org_00212,treatment,2025-02-01T00:00:00,SMB
onboarding_guided_v1,org_00213,treatment,2025-12-28T00:00:00,SMB
onboarding_guided_v1,org_00214,treatment,2025-01-24T00:00:00,SMB
onboarding_guided_v1,org_00215,treatment,2025-04-14T00:00:00,SMB
onboarding_guided_v1,org_00216,treatment,2025-12-02T00:00:00,Mid-Market
onboarding_guided_v1,org_00217,treatment,2025-12-02T00:00:00,SMB
onboarding_guided_v1,org_00218,control,2025-07-15T00:00:00,Mid-Market
onboarding_guided_v1,org_00219,treatment,2025-07-16T00:00:00,SMB
onboarding_guided_v1,org_00220,treatment,2025-05-08T00:00:00,SMB
onboarding_guided_v1,org_00221,control,2025-06-04T00:00:00,SMB
onboarding_guided_v1,org_00222,treatment,2025-12-05T00:00:00,SMB
onboarding_guided_v1,org_00223,control,2025-12-01T00:00:00,SMB
onboarding_guided_v1,org_00224,treatment,2025-01-19T00:00:00,SMB
onboarding_guided_v1,org_00225,treatment,2025-11-18T00:00:00,SMB
onboarding_guided_v1,org_00226,control,2025-05-06T00:00:00,SMB
onboarding_guided_v1,org_00227,treatment,2025-04-27T00:00:00,Enterprise
onboarding_guided_v1,org_00228,control,2025-03-28T00:00:00,Enterprise
onboarding_guided_v1,org_00229,control,2025-10-21T00:00:00,Mid-Market
onboarding_guided_v1,org_00230,treatment,2025-11-09T00:00:00,SMB
onboarding_guided_v1,org_00231,control,2025-05-07T00:00:00,SMB
onboarding_guided_v1,org_00232,control,2025-02-23T00:00:00,SMB
onboarding_guided_v1,org_00233,treatment,2025-03-28T00:00:00,Mid-Market
onboarding_guided_v1,org_00234,treatment,2025-05-22T00:00:00,SMB
onboarding_guided_v1,org_00235,control,2025-03-21T00:00:00,SMB
onboarding_guided_v1,org_00236,treatment,2025-07-08T00:00:00,SMB
onboarding_guided_v1,org_00237,control,2025-02-23T00:00:00,SMB
onboarding_guided_v1,org_00238,control,2025-01-03T00:00:00,Mid-Market
onboarding_guided_v1,org_00239,treatment,2025-04-27T00:00:00,SMB
onboarding_guided_v1,org_00240,control,2025-12-01T00:00:00,SMB
onboarding_guided_v1,org_00241,treatment,2025-09-24T00:00:00,Mid-Market
onboarding_guided_v1,org_00242,treatment,2025-05-08T00:00:00,Mid-Market
onboarding_guided_v1,org_00243,control,2025-03-12T00:00:00,SMB
onboarding_guided_v1,org_00244,control,2025-03-07T00:00:00,SMB
onboarding_guided_v1,org_00245,control,2025-08-07T00:00:00,Mid-Market
onboarding_guided_v1,org_00246,treatment,2025-10-18T00:00:00,SMB
onboarding_guided_v1,org_00247,control,2025-08-01T00:00:00,Mid-Market
onboarding_guided_v1,org_00248,treatment,2025-03-05T00:00:00,SMB
onboarding_guided_v1,org_00249,control,2025-08-15T00:00:00,SMB
onboarding_guided_v1,org_00250,treatment,2025-12-14T00:00:00,Mid-Market
onboarding_guided_v1,org_00251,control,2025-07-04T00:00:00,Mid-Market
onboarding_guided_v1,org_00252,treatment,2025-07-20T00:00:00,SMB
onboarding_guided_v1,org_00253,treatment,2025-03-30T00:00:00,SMB
onboarding_guided_v1,org_00254,treatment,2025-06-01T00:00:00,Mid-Market
onboarding_guided_v1,org_00255,treatment,2025-11-19T00:00:00,SMB
onboarding_guided_v1,org_00256,control,2025-02-06T00:00:00,Mid-Market
onboarding_guided_v1,org_00257,control,2025-03-13T00:00:00,SMB
onboarding_guided_v1,org_00258,control,2025-09-17T00:00:00,Mid-Market
onboarding_guided_v1,org_00259,treatment,2025-12-17T00:00:00,SMB
onboarding_guided_v1,org_00260,treatment,2025-02-18T00:00:00,SMB
onboarding_guided_v1,org_00261,control,2025-03-25T00:00:00,Mid-Market
onboarding_guided_v1,org_00262,control,2025-08-15T00:00:00,SMB
onboarding_guided_v1,org_00263,treatment,2025-06-26T00:00:00,SMB
onboarding_guided_v1,org_00264,treatment,2025-10-28T00:00:00,Enterprise
onboarding_guided_v1,org_00265,treatment,2025-04-07T00:00:00,SMB
onboarding_guided_v1,org_00266,control,2025-09-15T00:00:00,SMB
onboarding_guided_v1,org_00267,treatment,2025-01-16T00:00:00,SMB
onboarding_guided_v1,org_00268,control,2025-04-18T00:00:00,Mid-Market
onboarding_guided_v1,org_00269,treatment,2025-12-03T00:00:00,SMB
onboarding_guided_v1,org_00270,control,2025-11-17T00:00:00,SMB
onboarding_guided_v1,org_00271,treatment,2025-11-30T00:00:00,SMB
onboarding_guided_v1,org_00272,treatment,2025-06-05T00:00:00,SMB
onboarding_guided_v1,org_00273,treatment,2025-03-16T00:00:00,SMB
onboarding_guided_v1,org_00274,treatment,2025-11-03T00:00:00,SMB
onboarding_guided_v1,org_00275,treatment,2025-09-10T00:00:00,SMB
onboarding_guided_v1,org_00276,treatment,2025-02-10T00:00:00,SMB
onboarding_guided_v1,org_00277,control,2025-12-30T00:00:00,Mid-Market
onboarding_guided_v1,org_00278,control,2025-09-23T00:00:00,SMB
onboarding_guided_v1,org_00279,treatment,2025-04-24T00:00:00,SMB
onboarding_guided_v1,org_00280,control,2025-03-14T00:00:00,SMB
onboarding_guided_v1,org_00281,control,2025-04-05T00:00:00,Mid-Market
onboarding_guided_v1,org_00282,treatment,2025-06-30T00:00:00,Mid-Market
onboarding_guided_v1,org_00283,treatment,2025-09-30T00:00:00,Mid-Market
onboarding_guided_v1,org_00284,treatment,2025-10-19T00:00:00,Mid-Market
onboarding_guided_v1,org_00285,control,2025-04-29T00:00:00,SMB
onboarding_guided_v1,org_00286,treatment,2025-01-05T00:00:00,SMB
onboarding_guided_v1,org_00287,treatment,2025-06-19T00:00:00,SMB
onboarding_guided_v1,org_00288,treatment,2025-06-09T00:00:00,SMB
onboarding_guided_v1,org_00289,treatment,2025-11-12T00:00:00,SMB
onboarding_guided_v1,org_00290,control,2025-04-08T00:00:00,SMB
onboarding_guided_v1,org_00291,treatment,2025-12-05T00:00:00,SMB
onboarding_guided_v1,org_00292,control,2025-07-03T00:00:00,Mid-Market
onboarding_guided_v1,org_00293,control,2025-06-08T00:00:00,SMB
onboarding_guided_v1,org_00294,control,2025-01-15T00:00:00,SMB
onboarding_guided_v1,org_00295,treatment,2025-08-19T00:00:00,Mid-Market
onboarding_guided_v1,org_00296,treatment,2025-11-08T00:00:00,SMB
onboarding_guided_v1,org_00297,control,2025-06-25T00:00:00,Enterprise
onboarding_guided_v1,org_00298,control,2025-06-15T00:00:00,Mid-Market
onboarding_guided_v1,org_00299,control,2025-12-20T00:00:00,Enterprise
onboarding_guided_v1,org_00300,control,2025-09-23T00:00:00,Enterprise
onboarding_guided_v1,org_00301,control,2025-03-22T00:00:00,SMB
onboarding_guided_v1,org_00302,treatment,2025-06-03T00:00:00,SMB
onboarding_guided_v1,org_00303,control,2025-07-12T00:00:00,SMB
onboarding_guided_v1,org_00304,treatment,2025-09-08T00:00:00,Mid-Market
onboarding_guided_v1,org_00305,control,2025-11-19T00:00:00,SMB
onboarding_guided_v1,org_00306,treatment,2025-09-14T00:00:00,SMB
onboarding_guided_v1,org_00307,treatment,2025-01-22T00:00:00,SMB
onboarding_guided_v1,org_00308,treatment,2025-09-26T00:00:00,Enterprise
onboarding_guided_v1,org_00309,control,2025-10-23T00:00:00,Enterprise
onboarding_guided_v1,org_00310,control,2025-03-22T00:00:00,Enterprise
onboarding_guided_v1,org_00311,control,2025-03-26T00:00:00,SMB
onboarding_guided_v1,org_00312,treatment,2025-05-24T00:00:00,Mid-Market
onboarding_guided_v1,org_00313,treatment,2025-10-22T00:00:00,SMB
onboarding_guided_v1,org_00314,treatment,2025-11-07T00:00:00,SMB
onboarding_guided_v1,org_00315,treatment,2025-10-19T00:00:00,SMB
onboarding_guided_v1,org_00316,control,2025-03-01T00:00:00,SMB
onboarding_guided_v1,org_00317,treatment,2025-08-08T00:00:00,SMB
onboarding_guided_v1,org_00318,treatment,2025-02-04T00:00:00,SMB
onboarding_guided_v1,org_00319,treatment,2025-05-09T00:00:00,Mid-Market
onboarding_guided_v1,org_00320,treatment,2025-06-23T00:00:00,Mid-Market
onboarding_guided_v1,org_00321,treatment,2025-10-18T00:00:00,Mid-Market
onboarding_guided_v1,org_00322,control,2025-03-04T00:00:00,SMB
onboarding_guided_v1,org_00323,control,2025-04-15T00:00:00,SMB
onboarding_guided_v1,org_00324,control,2025-10-13T00:00:00,Enterprise
onboarding_guided_v1,org_00325,control,2025-01-29T00:00:00,SMB
onboarding_guided_v1,org_00326,control,2025-11-27T00:00:00,SMB
onboarding_guided_v1,org_00327,treatment,2025-02-02T00:00:00,SMB
onboarding_guided_v1,org_00328,treatment,2025-10-13T00:00:00,SMB
onboarding_guided_v1,org_00329,treatment,2025-01-08T00:00:00,Enterprise
onboarding_guided_v1,org_00330,treatment,2025-01-18T00:00:00,SMB
onboarding_guided_v1,org_00331,treatment,2025-09-19T00:00:00,Mid-Market
onboarding_guided_v1,org_00332,control,2025-11-26T00:00:00,SMB
onboarding_guided_v1,org_00333,control,2025-01-03T00:00:00,SMB
onboarding_guided_v1,org_00334,control,2025-11-08T00:00:00,SMB
onboarding_guided_v1,org_00335,control,2025-01-14T00:00:00,SMB
onboarding_guided_v1,org_00336,control,2025-09-07T00:00:00,Mid-Market
onboarding_guided_v1,org_00337,treatment,2025-01-31T00:00:00,Mid-Market
onboarding_guided_v1,org_00338,control,2025-08-10T00:00:00,SMB
onboarding_guided_v1,org_00339,treatment,2025-01-17T00:00:00,SMB
onboarding_guided_v1,org_00340,control,2025-09-01T00:00:00,Mid-Market
onboarding_guided_v1,org_00341,treatment,2025-10-25T00:00:00,Mid-Market
onboarding_guided_v1,org_00342,control,2025-03-13T00:00:00,SMB
onboarding_guided_v1,org_00343,treatment,2025-05-19T00:00:00,Mid-Market
onboarding_guided_v1,org_00344,treatment,2025-09-10T00:00:00,Mid-Market
onboarding_guided_v1,org_00345,treatment,2025-03-17T00:00:00,SMB
onboarding_guided_v1,org_00346,control,2025-04-25T00:00:00,Mid-Market
onboarding_guided_v1,org_00347,treatment,2025-02-16T00:00:00,Enterprise
onboarding_guided_v1,org_00348,control,2025-08-14T00:00:00,SMB
onboarding_guided_v1,org_00349,control,2025-03-04T00:00:00,SMB
onboarding_guided_v1,org_00350,treatment,2025-12-07T00:00:00,SMB
onboarding_guided_v1,org_00351,treatment,2025-02-24T00:00:00,SMB
onboarding_guided_v1,org_00352,control,2025-05-04T00:00:00,SMB
onboarding_guided_v1,org_00353,treatment,2025-01-10T00:00:00,SMB
onboarding_guided_v1,org_00354,treatment,2025-05-22T00:00:00,Enterprise
onboarding_guided_v1,org_00355,control,2025-01-09T00:00:00,SMB
onboarding_guided_v1,org_00356,control,2025-06-13T00:00:00,SMB
onboarding_guided_v1,org_00357,treatment,2025-03-24T00:00:00,Mid-Market
onboarding_guided_v1,org_00358,control,2025-01-25T00:00:00,SMB
onboarding_guided_v1,org_00359,treatment,2025-07-21T00:00:00,Mid-Market
onboarding_guided_v1,org_00360,treatment,2025-01-09T00:00:00,SMB
onboarding_guided_v1,org_00361,treatment,2025-01-03T00:00:00,Enterprise
onboarding_guided_v1,org_00362,treatment,2025-12-05T00:00:00,Enterprise
onboarding_guided_v1,org_00363,control,2025-09-30T00:00:00,SMB
onboarding_guided_v1,org_00364,control,2025-04-02T00:00:00,Enterprise
onboarding_guided_v1,org_00365,treatment,2025-10-04T00:00:00,Mid-Market
onboarding_guided_v1,org_00366,control,2025-11-26T00:00:00,Mid-Market
onboarding_guided_v1,org_00367,treatment,2025-07-22T00:00:00,SMB
onboarding_guided_v1,org_00368,control,2025-07-26T00:00:00,SMB
onboarding_guided_v1,org_00369,control,2025-11-01T00:00:00,Mid-Market
onboarding_guided_v1,org_00370,treatment,2025-05-26T00:00:00,SMB
onboarding_guided_v1,org_00371,treatment,2025-07-30T00:00:00,Mid-Market
onboarding_guided_v1,org_00372,control,2025-07-07T00:00:00,Mid-Market
onboarding_guided_v1,org_00373,treatment,2025-12-12T00:00:00,SMB
onboarding_guided_v1,org_00374,control,2025-03-13T00:00:00,Mid-Market
onboarding_guided_v1,org_00375,treatment,2025-08-26T00:00:00,SMB
onboarding_guided_v1,org_00376,control,2025-06-27T00:00:00,SMB
onboarding_guided_v1,org_00377,control,2025-12-27T00:00:00,SMB
onboarding_guided_v1,org_00378,treatment,2025-06-24T00:00:00,SMB
onboarding_guided_v1,org_00379,treatment,2025-04-12T00:00:00,SMB
onboarding_guided_v1,org_00380,control,2025-10-25T00:00:00,Mid-Market
onboarding_guided_v1,org_00381,control,2025-04-11T00:00:00,SMB
onboarding_guided_v1,org_00382,treatment,2025-09-23T00:00:00,SMB
onboarding_guided_v1,org_00383,treatment,2025-05-28T00:00:00,Mid-Market
onboarding_guided_v1,org_00384,control,2025-02-06T00:00:00,Enterprise
onboarding_guided_v1,org_00385,control,2025-03-19T00:00:00,SMB
onboarding_guided_v1,org_00386,treatment,2025-08-07T00:00:00,SMB
onboarding_guided_v1,org_00387,treatment,2025-01-09T00:00:00,SMB
onboarding_guided_v1,org_00388,treatment,2025-06-29T00:00:00,Enterprise
onboarding_guided_v1,org_00389,control,2025-03-22T00:00:00,Mid-Market
onboarding_guided_v1,org_00390,control,2025-06-21T00:00:00,SMB
onboarding_guided_v1,org_00391,control,2025-12-10T00:00:00,Enterprise
onboarding_guided_v1,org_00392,treatment,2025-10-08T00:00:00,Enterprise
onboarding_guided_v1,org_00393,control,2025-06-06T00:00:00,Mid-Market
onboarding_guided_v1,org_00394,control,2025-08-19T00:00:00,SMB
onboarding_guided_v1,org_00395,control,2025-04-11T00:00:00,Mid-Market
onboarding_guided_v1,org_00396,control,2025-10-28T00:00:00,SMB
onboarding_guided_v1,org_00397,treatment,2025-12-17T00:00:00,SMB
onboarding_guided_v1,org_00398,control,2025-12-26T00:00:00,SMB
onboarding_guided_v1,org_00399,control,2025-11-13T00:00:00,SMB
onboarding_guided_v1,org_00400,control,2025-02-16T00:00:00,Mid-Market
onboarding_guided_v1,org_00401,control,2025-12-19T00:00:00,Enterprise
onboarding_guided_v1,org_00402,treatment,2025-03-25T00:00:00,Mid-Market
onboarding_guided_v1,org_00403,control,2025-06-13T00:00:00,Enterprise
onboarding_guided_v1,org_00404,control,2025-11-13T00:00:00,SMB
onboarding_guided_v1,org_00405,treatment,2025-12-10T00:00:00,SMB
onboarding_guided_v1,org_00406,treatment,2025-05-19T00:00:00,Mid-Market
onboarding_guided_v1,org_00407,treatment,2025-09-26T00:00:00,Mid-Market
onboarding_guided_v1,org_00408,treatment,2025-09-14T00:00:00,Mid-Market
onboarding_guided_v1,org_00409,control,2025-03-21T00:00:00,SMB
onboarding_guided_v1,org_00410,treatment,2025-09-02T00:00:00,Mid-Market
onboarding_guided_v1,org_00411,control,2025-06-10T00:00:00,Mid-Market
onboarding_guided_v1,org_00412,control,2025-10-20T00:00:00,SMB
onboarding_guided_v1,org_00413,control,2025-02-18T00:00:00,SMB
onboarding_guided_v1,org_00414,control,2025-05-23T00:00:00,SMB
onboarding_guided_v1,org_00415,control,2025-04-11T00:00:00,SMB
onboarding_guided_v1,org_00416,control,2025-01-04T00:00:00,SMB
onboarding_guided_v1,org_00417,treatment,2025-03-23T00:00:00,SMB
onboarding_guided_v1,org_00418,treatment,2025-09-28T00:00:00,SMB
onboarding_guided_v1,org_00419,control,2025-09-03T00:00:00,Mid-Market
onboarding_guided_v1,org_00420,control,2025-01-27T00:00:00,SMB
onboarding_guided_v1,org_00421,treatment,2025-08-11T00:00:00,SMB
onboarding_guided_v1,org_00422,control,2025-09-24T00:00:00,SMB
onboarding_guided_v1,org_00423,control,2025-06-09T00:00:00,SMB
onboarding_guided_v1,org_00424,control,2025-06-10T00:00:00,SMB
onboarding_guided_v1,org_00425,treatment,2025-05-17T00:00:00,SMB
onboarding_guided_v1,org_00426,control,2025-03-20T00:00:00,SMB
onboarding_guided_v1,org_00427,control,2025-06-10T00:00:00,SMB
onboarding_guided_v1,org_00428,treatment,2025-07-01T00:00:00,SMB
onboarding_guided_v1,org_00429,control,2025-12-09T00:00:00,SMB
onboarding_guided_v1,org_00430,treatment,2025-04-13T00:00:00,SMB
onboarding_guided_v1,org_00431,treatment,2025-07-03T00:00:00,Mid-Market
onboarding_guided_v1,org_00432,control,2025-01-28T00:00:00,SMB
onboarding_guided_v1,org_00433,control,2025-10-30T00:00:00,Mid-Market
onboarding_guided_v1,org_00434,treatment,2025-08-07T00:00:00,Enterprise
onboarding_guided_v1,org_00435,control,2025-04-27T00:00:00,SMB
onboarding_guided_v1,org_00436,treatment,2025-09-10T00:00:00,SMB
onboarding_guided_v1,org_00437,control,2025-05-18T00:00:00,Mid-Market
onboarding_guided_v1,org_00438,control,2025-04-30T00:00:00,Mid-Market
onboarding_guided_v1,org_00439,control,2025-03-18T00:00:00,SMB
onboarding_guided_v1,org_00440,treatment,2025-12-15T00:00:00,Mid-Market
onboarding_guided_v1,org_00441,control,2025-07-05T00:00:00,SMB
onboarding_guided_v1,org_00442,treatment,2025-01-22T00:00:00,Mid-Market
onboarding_guided_v1,org_00443,treatment,2025-12-06T00:00:00,Enterprise
onboarding_guided_v1,org_00444,control,2025-01-09T00:00:00,SMB
onboarding_guided_v1,org_00445,treatment,2025-03-26T00:00:00,Mid-Market
onboarding_guided_v1,org_00446,control,2025-10-03T00:00:00,SMB
onboarding_guided_v1,org_00447,treatment,2025-10-05T00:00:00,Enterprise
onboarding_guided_v1,org_00448,treatment,2025-04-08T00:00:00,SMB
onboarding_guided_v1,org_00449,treatment,2025-10-04T00:00:00,Mid-Market
onboarding_guided_v1,org_00450,control,2025-01-08T00:00:00,Mid-Market
onboarding_guided_v1,org_00451,control,2025-06-24T00:00:00,Mid-Market
onboarding_guided_v1,org_00452,treatment,2025-12-22T00:00:00,SMB
onboarding_guided_v1,org_00453,control,2025-06-23T00:00:00,Mid-Market
onboarding_guided_v1,org_00454,control,2025-12-29T00:00:00,SMB
onboarding_guided_v1,org_00455,treatment,2025-01-23T00:00:00,SMB
onboarding_guided_v1,org_00456,control,2025-07-05T00:00:00,SMB
onboarding_guided_v1,org_00457,treatment,2025-04-08T00:00:00,SMB
onboarding_guided_v1,org_00458,treatment,2025-12-27T00:00:00,Mid-Market
onboarding_guided_v1,org_00459,control,2025-05-16T00:00:00,Mid-Market
onboarding_guided_v1,org_00460,treatment,2025-01-04T00:00:00,Enterprise
onboarding_guided_v1,org_00461,treatment,2025-07-06T00:00:00,SMB
onboarding_guided_v1,org_00462,treatment,2025-11-18T00:00:00,SMB
onboarding_guided_v1,org_00463,treatment,2025-07-02T00:00:00,Mid-Market
onboarding_guided_v1,org_00464,treatment,2025-05-25T00:00:00,Mid-Market
onboarding_guided_v1,org_00465,treatment,2025-03-03T00:00:00,Enterprise
onboarding_guided_v1,org_00466,control,2025-01-13T00:00:00,SMB
onboarding_guided_v1,org_00467,treatment,2025-12-27T00:00:00,Mid-Market
onboarding_guided_v1,org_00468,treatment,2025-02-11T00:00:00,Mid-Market
onboarding_guided_v1,org_00469,control,2025-04-22T00:00:00,Mid-Market
onboarding_guided_v1,org_00470,control,2025-01-27T00:00:00,Mid-Market
onboarding_guided_v1,org_00471,treatment,2025-11-27T00:00:00,SMB
onboarding_guided_v1,org_00472,control,2025-08-19T00:00:00,Mid-Market
onboarding_guided_v1,org_00473,control,2025-11-20T00:00:00,Enterprise
onboarding_guided_v1,org_00474,treatment,2025-09-27T00:00:00,SMB
onboarding_guided_v1,org_00475,treatment,2025-05-18T00:00:00,Mid-Market
onboarding_guided_v1,org_00476,treatment,2025-03-07T00:00:00,SMB
onboarding_guided_v1,org_00477,treatment,2025-09-16T00:00:00,SMB
onboarding_guided_v1,org_00478,treatment,2025-03-07T00:00:00,SMB
onboarding_guided_v1,org_00479,treatment,2025-10-13T00:00:00,Mid-Market
onboarding_guided_v1,org_00480,control,2025-05-25T00:00:00,Enterprise
onboarding_guided_v1,org_00481,control,2025-11-15T00:00:00,Enterprise
onboarding_guided_v1,org_00482,control,2025-03-05T00:00:00,Enterprise
onboarding_guided_v1,org_00483,treatment,2025-10-15T00:00:00,SMB
onboarding_guided_v1,org_00484,control,2025-04-16T00:00:00,SMB
onboarding_guided_v1,org_00485,control,2025-01-13T00:00:00,SMB
onboarding_guided_v1,org_00486,treatment,2025-09-16T00:00:00,Enterprise
onboarding_guided_v1,org_00487,treatment,2025-09-23T00:00:00,Mid-Market
onboarding_guided_v1,org_00488,treatment,2025-06-14T00:00:00,Mid-Market
onboarding_guided_v1,org_00489,control,2025-08-01T00:00:00,SMB
onboarding_guided_v1,org_00490,treatment,2025-09-22T00:00:00,SMB
onboarding_guided_v1,org_00491,treatment,2025-06-28T00:00:00,Mid-Market
onboarding_guided_v1,org_00492,treatment,2025-01-04T00:00:00,SMB
onboarding_guided_v1,org_00493,control,2025-06-05T00:00:00,SMB
onboarding_guided_v1,org_00494,treatment,2025-06-17T00:00:00,SMB
onboarding_guided_v1,org_00495,treatment,2025-10-13T00:00:00,SMB
onboarding_guided_v1,org_00496,control,2025-12-23T00:00:00,SMB
onboarding_guided_v1,org_00497,control,2025-03-05T00:00:00,SMB
onboarding_guided_v1,org_00498,treatment,2025-10-29T00:00:00,SMB
onboarding_guided_v1,org_00499,control,2025-04-26T00:00:00,Mid-Market
onboarding_guided_v1,org_00500,treatment,2025-06-23T00:00:00,Mid-Market
onboarding_guided_v1,org_00501,control,2025-10-20T00:00:00,Mid-Market
onboarding_guided_v1,org_00502,treatment,2025-08-24T00:00:00,SMB
onboarding_guided_v1,org_00503,treatment,2025-03-16T00:00:00,Mid-Market
onboarding_guided_v1,org_00504,treatment,2025-10-31T00:00:00,SMB
onboarding_guided_v1,org_00505,treatment,2025-06-23T00:00:00,SMB
onboarding_guided_v1,org_00506,treatment,2025-03-18T00:00:00,SMB
onboarding_guided_v1,org_00507,treatment,2025-01-19T00:00:00,SMB
onboarding_guided_v1,org_00508,treatment,2025-08-08T00:00:00,SMB
onboarding_guided_v1,org_00509,treatment,2025-01-20T00:00:00,Mid-Market
onboarding_guided_v1,org_00510,control,2025-09-02T00:00:00,SMB
onboarding_guided_v1,org_00511,treatment,2025-04-28T00:00:00,SMB
onboarding_guided_v1,org_00512,treatment,2025-04-29T00:00:00,Mid-Market
onboarding_guided_v1,org_00513,control,2025-03-20T00:00:00,SMB
onboarding_guided_v1,org_00514,treatment,2025-03-21T00:00:00,Mid-Market
onboarding_guided_v1,org_00515,treatment,2025-09-14T00:00:00,SMB
onboarding_guided_v1,org_00516,treatment,2025-12-26T00:00:00,Mid-Market
onboarding_guided_v1,org_00517,control,2025-08-23T00:00:00,SMB
onboarding_guided_v1,org_00518,treatment,2025-11-05T00:00:00,SMB
onboarding_guided_v1,org_00519,treatment,2025-04-20T00:00:00,SMB
onboarding_guided_v1,org_00520,control,2025-12-31T00:00:00,SMB
onboarding_guided_v1,org_00521,control,2025-01-26T00:00:00,Enterprise
onboarding_guided_v1,org_00522,control,2025-03-16T00:00:00,SMB
onboarding_guided_v1,org_00523,treatment,2025-07-23T00:00:00,SMB
onboarding_guided_v1,org_00524,control,2025-09-28T00:00:00,Mid-Market
onboarding_guided_v1,org_00525,treatment,2025-12-27T00:00:00,Mid-Market
onboarding_guided_v1,org_00526,treatment,2025-11-05T00:00:00,SMB
onboarding_guided_v1,org_00527,treatment,2025-05-30T00:00:00,SMB
onboarding_guided_v1,org_00528,treatment,2025-02-24T00:00:00,SMB
onboarding_guided_v1,org_00529,treatment,2025-06-06T00:00:00,SMB
onboarding_guided_v1,org_00530,treatment,2025-12-20T00:00:00,SMB
onboarding_guided_v1,org_00531,treatment,2025-03-15T00:00:00,SMB
onboarding_guided_v1,org_00532,treatment,2025-09-07T00:00:00,Enterprise
onboarding_guided_v1,org_00533,treatment,2025-04-17T00:00:00,SMB
onboarding_guided_v1,org_00534,control,2025-08-20T00:00:00,Mid-Market
onboarding_guided_v1,org_00535,control,2025-02-22T00:00:00,SMB
onboarding_guided_v1,org_00536,treatment,2025-12-12T00:00:00,SMB
onboarding_guided_v1,org_00537,treatment,2025-08-15T00:00:00,Enterprise
onboarding_guided_v1,org_00538,control,2025-08-05T00:00:00,Mid-Market
onboarding_guided_v1,org_00539,treatment,2025-05-01T00:00:00,Mid-Market
onboarding_guided_v1,org_00540,control,2025-08-26T00:00:00,Enterprise
onboarding_guided_v1,org_00541,treatment,2025-12-13T00:00:00,SMB
onboarding_guided_v1,org_00542,treatment,2025-05-27T00:00:00,SMB
onboarding_guided_v1,org_00543,treatment,2025-06-27T00:00:00,Mid-Market
onboarding_guided_v1,org_00544,control,2025-02-13T00:00:00,SMB
onboarding_guided_v1,org_00545,control,2025-08-18T00:00:00,Enterprise
onboarding_guided_v1,org_00546,control,2025-05-27T00:00:00,Mid-Market
onboarding_guided_v1,org_00547,control,2025-09-27T00:00:00,Enterprise
onboarding_guided_v1,org_00548,control,2025-04-30T00:00:00,Mid-Market
onboarding_guided_v1,org_00549,control,2025-06-05T00:00:00,Mid-Market
onboarding_guided_v1,org_00550,treatment,2025-08-27T00:00:00,SMB
onboarding_guided_v1,org_00551,control,2025-07-29T00:00:00,SMB
onboarding_guided_v1,org_00552,treatment,2025-02-23T00:00:00,SMB
onboarding_guided_v1,org_00553,treatment,2025-08-06T00:00:00,SMB
onboarding_guided_v1,org_00554,treatment,2025-05-24T00:00:00,SMB
onboarding_guided_v1,org_00555,treatment,2025-04-29T00:00:00,SMB
onboarding_guided_v1,org_00556,control,2025-09-17T00:00:00,Mid-Market
onboarding_guided_v1,org_00557,control,2025-12-07T00:00:00,SMB
onboarding_guided_v1,org_00558,control,2025-05-16T00:00:00,Mid-Market
onboarding_guided_v1,org_00559,treatment,2025-09-28T00:00:00,SMB
onboarding_guided_v1,org_00560,control,2025-11-19T00:00:00,Mid-Market
onboarding_guided_v1,org_00561,control,2025-06-18T00:00:00,SMB
onboarding_guided_v1,org_00562,treatment,2025-05-08T00:00:00,Mid-Market
onboarding_guided_v1,org_00563,treatment,2025-07-22T00:00:00,SMB
onboarding_guided_v1,org_00564,control,2025-02-05T00:00:00,SMB
onboarding_guided_v1,org_00565,treatment,2025-12-17T00:00:00,Mid-Market
onboarding_guided_v1,org_00566,control,2025-05-25T00:00:00,Mid-Market
onboarding_guided_v1,org_00567,treatment,2025-10-04T00:00:00,SMB
onboarding_guided_v1,org_00568,control,2025-02-05T00:00:00,SMB
onboarding_guided_v1,org_00569,control,2025-02-24T00:00:00,SMB
onboarding_guided_v1,org_00570,control,2025-10-13T00:00:00,Enterprise
onboarding_guided_v1,org_00571,treatment,2025-09-29T00:00:00,SMB
onboarding_guided_v1,org_00572,treatment,2025-11-09T00:00:00,SMB
onboarding_guided_v1,org_00573,treatment,2025-08-23T00:00:00,SMB
onboarding_guided_v1,org_00574,control,2025-08-29T00:00:00,Mid-Market
onboarding_guided_v1,org_00575,control,2025-02-04T00:00:00,Mid-Market
onboarding_guided_v1,org_00576,control,2025-07-02T00:00:00,SMB
onboarding_guided_v1,org_00577,treatment,2025-03-25T00:00:00,Mid-Market
onboarding_guided_v1,org_00578,control,2025-07-03T00:00:00,SMB
onboarding_guided_v1,org_00579,treatment,2025-08-17T00:00:00,SMB
onboarding_guided_v1,org_00580,control,2025-05-02T00:00:00,SMB
onboarding_guided_v1,org_00581,control,2025-01-03T00:00:00,SMB
onboarding_guided_v1,org_00582,control,2025-04-19T00:00:00,Mid-Market
onboarding_guided_v1,org_00583,control,2025-01-14T00:00:00,Enterprise
onboarding_guided_v1,org_00584,control,2025-06-27T00:00:00,SMB
onboarding_guided_v1,org_00585,treatment,2025-02-19T00:00:00,SMB
onboarding_guided_v1,org_00586,treatment,2025-10-29T00:00:00,Enterprise
onboarding_guided_v1,org_00587,control,2025-04-15T00:00:00,SMB
onboarding_guided_v1,org_00588,control,2025-03-05T00:00:00,SMB
onboarding_guided_v1,org_00589,treatment,2025-08-04T00:00:00,SMB
onboarding_guided_v1,org_00590,treatment,2025-04-08T00:00:00,Mid-Market
onboarding_guided_v1,org_00591,control,2025-04-05T00:00:00,Mid-Market
onboarding_guided_v1,org_00592,treatment,2025-07-10T00:00:00,SMB
onboarding_guided_v1,org_00593,treatment,2025-01-04T00:00:00,Mid-Market
onboarding_guided_v1,org_00594,treatment,2025-05-26T00:00:00,Mid-Market
onboarding_guided_v1,org_00595,treatment,2025-05-07T00:00:00,SMB
onboarding_guided_v1,org_00596,treatment,2025-02-06T00:00:00,Mid-Market
onboarding_guided_v1,org_00597,control,2025-08-15T00:00:00,Enterprise
onboarding_guided_v1,org_00598,treatment,2025-04-07T00:00:00,SMB
onboarding_guided_v1,org_00599,treatment,2025-09-20T00:00:00,SMB
onboarding_guided_v1,org_00600,treatment,2025-12-20T00:00:00,SMB
onboarding_guided_v1,org_00601,control,2025-02-15T00:00:00,Mid-Market
onboarding_guided_v1,org_00602,control,2025-12-28T00:00:00,Mid-Market
onboarding_guided_v1,org_00603,control,2025-03-05T00:00:00,SMB
onboarding_guided_v1,org_00604,control,2025-06-14T00:00:00,Mid-Market
onboarding_guided_v1,org_00605,treatment,2025-03-20T00:00:00,SMB
onboarding_guided_v1,org_00606,treatment,2025-03-04T00:00:00,SMB
onboarding_guided_v1,org_00607,treatment,2025-05-24T00:00:00,Enterprise
onboarding_guided_v1,org_00608,treatment,2025-07-21T00:00:00,Mid-Market
onboarding_guided_v1,org_00609,control,2025-02-15T00:00:00,Mid-Market
onboarding_guided_v1,org_00610,control,2025-05-10T00:00:00,SMB
onboarding_guided_v1,org_00611,control,2025-11-27T00:00:00,Mid-Market
onboarding_guided_v1,org_00612,control,2025-06-29T00:00:00,Mid-Market
onboarding_guided_v1,org_00613,treatment,2025-05-28T00:00:00,Mid-Market
onboarding_guided_v1,org_00614,treatment,2025-10-10T00:00:00,SMB
onboarding_guided_v1,org_00615,control,2025-07-05T00:00:00,Enterprise
onboarding_guided_v1,org_00616,treatment,2025-02-10T00:00:00,Enterprise
onboarding_guided_v1,org_00617,treatment,2025-12-15T00:00:00,Mid-Market
onboarding_guided_v1,org_00618,treatment,2025-10-31T00:00:00,Mid-Market
onboarding_guided_v1,org_00619,treatment,2025-08-07T00:00:00,SMB
onboarding_guided_v1,org_00620,treatment,2025-06-14T00:00:00,SMB
onboarding_guided_v1,org_00621,control,2025-04-25T00:00:00,SMB
onboarding_guided_v1,org_00622,treatment,2025-07-04T00:00:00,SMB
onboarding_guided_v1,org_00623,control,2025-03-12T00:00:00,SMB
onboarding_guided_v1,org_00624,control,2025-04-06T00:00:00,Mid-Market
onboarding_guided_v1,org_00625,control,2025-03-25T00:00:00,Mid-Market
onboarding_guided_v1,org_00626,treatment,2025-06-21T00:00:00,Mid-Market
onboarding_guided_v1,org_00627,treatment,2025-06-22T00:00:00,SMB
onboarding_guided_v1,org_00628,treatment,2025-07-29T00:00:00,SMB
onboarding_guided_v1,org_00629,treatment,2025-09-17T00:00:00,Mid-Market
onboarding_guided_v1,org_00630,control,2025-08-03T00:00:00,Enterprise
onboarding_guided_v1,org_00631,control,2025-06-09T00:00:00,Enterprise
onboarding_guided_v1,org_00632,treatment,2025-07-10T00:00:00,SMB
onboarding_guided_v1,org_00633,treatment,2025-11-30T00:00:00,Mid-Market
onboarding_guided_v1,org_00634,control,2025-01-16T00:00:00,SMB
onboarding_guided_v1,org_00635,treatment,2025-06-18T00:00:00,SMB
onboarding_guided_v1,org_00636,treatment,2025-07-06T00:00:00,Mid-Market
onboarding_guided_v1,org_00637,treatment,2025-03-05T00:00:00,SMB
onboarding_guided_v1,org_00638,treatment,2025-08-14T00:00:00,Mid-Market
onboarding_guided_v1,org_00639,treatment,2025-04-13T00:00:00,SMB
onboarding_guided_v1,org_00640,treatment,2025-01-26T00:00:00,Mid-Market
onboarding_guided_v1,org_00641,treatment,2025-05-19T00:00:00,SMB
onboarding_guided_v1,org_00642,control,2025-12-07T00:00:00,SMB
onboarding_guided_v1,org_00643,control,2025-06-02T00:00:00,Enterprise
onboarding_guided_v1,org_00644,control,2025-12-12T00:00:00,SMB
onboarding_guided_v1,org_00645,control,2025-01-10T00:00:00,SMB
onboarding_guided_v1,org_00646,control,2025-07-26T00:00:00,Mid-Market
onboarding_guided_v1,org_00647,treatment,2025-11-14T00:00:00,SMB
onboarding_guided_v1,org_00648,control,2025-03-22T00:00:00,SMB
onboarding_guided_v1,org_00649,control,2025-11-26T00:00:00,SMB
onboarding_guided_v1,org_00650,control,2025-04-11T00:00:00,Mid-Market
onboarding_guided_v1,org_00651,treatment,2025-05-04T00:00:00,Enterprise
onboarding_guided_v1,org_00652,treatment,2025-09-05T00:00:00,SMB
onboarding_guided_v1,org_00653,treatment,2025-09-01T00:00:00,SMB
onboarding_guided_v1,org_00654,treatment,2025-08-05T00:00:00,SMB
onboarding_guided_v1,org_00655,control,2025-01-17T00:00:00,SMB
onboarding_guided_v1,org_00656,control,2025-05-10T00:00:00,SMB
onboarding_guided_v1,org_00657,treatment,2025-04-19T00:00:00,SMB
onboarding_guided_v1,org_00658,control,2025-09-01T00:00:00,Mid-Market
onboarding_guided_v1,org_00659,control,2025-05-13T00:00:00,SMB
onboarding_guided_v1,org_00660,treatment,2025-08-09T00:00:00,SMB
onboarding_guided_v1,org_00661,control,2025-04-12T00:00:00,SMB
onboarding_guided_v1,org_00662,treatment,2025-03-02T00:00:00,SMB
onboarding_guided_v1,org_00663,control,2025-10-28T00:00:00,SMB
onboarding_guided_v1,org_00664,control,2025-07-31T00:00:00,SMB
onboarding_guided_v1,org_00665,treatment,2025-04-11T00:00:00,SMB
onboarding_guided_v1,org_00666,control,2025-10-07T00:00:00,SMB
onboarding_guided_v1,org_00667,treatment,2025-03-15T00:00:00,SMB
onboarding_guided_v1,org_00668,control,2025-09-13T00:00:00,Enterprise
onboarding_guided_v1,org_00669,control,2025-11-18T00:00:00,SMB
onboarding_guided_v1,org_00670,treatment,2025-02-23T00:00:00,Mid-Market
onboarding_guided_v1,org_00671,control,2025-02-16T00:00:00,Mid-Market
onboarding_guided_v1,org_00672,control,2025-09-30T00:00:00,Mid-Market
onboarding_guided_v1,org_00673,treatment,2025-07-31T00:00:00,Mid-Market
onboarding_guided_v1,org_00674,control,2025-03-01T00:00:00,SMB
onboarding_guided_v1,org_00675,control,2025-09-26T00:00:00,Mid-Market
onboarding_guided_v1,org_00676,control,2025-10-04T00:00:00,SMB
onboarding_guided_v1,org_00677,control,2025-09-11T00:00:00,SMB
onboarding_guided_v1,org_00678,treatment,2025-10-21T00:00:00,Enterprise
onboarding_guided_v1,org_00679,treatment,2025-06-01T00:00:00,Mid-Market
onboarding_guided_v1,org_00680,treatment,2025-05-02T00:00:00,Mid-Market
onboarding_guided_v1,org_00681,treatment,2025-04-07T00:00:00,SMB
onboarding_guided_v1,org_00682,treatment,2025-06-17T00:00:00,SMB
onboarding_guided_v1,org_00683,control,2025-09-26T00:00:00,Mid-Market
onboarding_guided_v1,org_00684,treatment,2025-10-10T00:00:00,SMB
onboarding_guided_v1,org_00685,treatment,2025-08-31T00:00:00,Mid-Market
onboarding_guided_v1,org_00686,treatment,2025-12-11T00:00:00,SMB
onboarding_guided_v1,org_00687,treatment,2025-12-15T00:00:00,SMB
onboarding_guided_v1,org_00688,treatment,2025-06-05T00:00:00,Mid-Market
onboarding_guided_v1,org_00689,treatment,2025-10-25T00:00:00,SMB
onboarding_guided_v1,org_00690,control,2025-10-27T00:00:00,SMB
onboarding_guided_v1,org_00691,treatment,2025-10-03T00:00:00,SMB
onboarding_guided_v1,org_00692,control,2025-07-01T00:00:00,Mid-Market
onboarding_guided_v1,org_00693,control,2025-08-06T00:00:00,Mid-Market
onboarding_guided_v1,org_00694,treatment,2025-03-18T00:00:00,Mid-Market
onboarding_guided_v1,org_00695,treatment,2025-12-11T00:00:00,SMB
onboarding_guided_v1,org_00696,control,2025-09-05T00:00:00,SMB
onboarding_guided_v1,org_00697,treatment,2025-07-11T00:00:00,Mid-Market
onboarding_guided_v1,org_00698,treatment,2025-02-16T00:00:00,Mid-Market
onboarding_guided_v1,org_00699,treatment,2025-10-01T00:00:00,SMB
onboarding_guided_v1,org_00700,treatment,2025-06-05T00:00:00,SMB
onboarding_guided_v1,org_00701,treatment,2025-10-26T00:00:00,Enterprise
onboarding_guided_v1,org_00702,treatment,2025-05-15T00:00:00,Mid-Market
onboarding_guided_v1,org_00703,treatment,2025-06-21T00:00:00,Enterprise
onboarding_guided_v1,org_00704,control,2025-02-10T00:00:00,SMB
onboarding_guided_v1,org_00705,treatment,2025-06-04T00:00:00,SMB
onboarding_guided_v1,org_00706,treatment,2025-11-05T00:00:00,SMB
onboarding_guided_v1,org_00707,control,2025-02-14T00:00:00,SMB
onboarding_guided_v1,org_00708,control,2025-06-03T00:00:00,Enterprise
onboarding_guided_v1,org_00709,control,2025-10-05T00:00:00,Enterprise
onboarding_guided_v1,org_00710,treatment,2025-06-22T00:00:00,Enterprise
onboarding_guided_v1,org_00711,control,2025-07-20T00:00:00,Mid-Market
onboarding_guided_v1,org_00712,control,2025-11-06T00:00:00,SMB
onboarding_guided_v1,org_00713,treatment,2025-10-03T00:00:00,SMB
onboarding_guided_v1,org_00714,control,2025-02-24T00:00:00,SMB
onboarding_guided_v1,org_00715,control,2025-11-03T00:00:00,Mid-Market
onboarding_guided_v1,org_00716,treatment,2025-02-11T00:00:00,SMB
onboarding_guided_v1,org_00717,treatment,2025-01-28T00:00:00,SMB
onboarding_guided_v1,org_00718,treatment,2025-05-11T00:00:00,SMB
onboarding_guided_v1,org_00719,control,2025-04-04T00:00:00,SMB
onboarding_guided_v1,org_00720,treatment,2025-06-24T00:00:00,SMB
onboarding_guided_v1,org_00721,treatment,2025-11-16T00:00:00,SMB
onboarding_guided_v1,org_00722,control,2025-09-04T00:00:00,SMB
onboarding_guided_v1,org_00723,treatment,2025-07-24T00:00:00,SMB
onboarding_guided_v1,org_00724,treatment,2025-12-06T00:00:00,SMB
onboarding_guided_v1,org_00725,control,2025-02-17T00:00:00,Mid-Market
onboarding_guided_v1,org_00726,control,2025-08-25T00:00:00,SMB
onboarding_guided_v1,org_00727,control,2025-06-23T00:00:00,SMB
onboarding_guided_v1,org_00728,treatment,2025-10-26T00:00:00,Mid-Market
onboarding_guided_v1,org_00729,treatment,2025-11-15T00:00:00,Enterprise
onboarding_guided_v1,org_00730,control,2025-08-07T00:00:00,SMB
onboarding_guided_v1,org_00731,treatment,2025-12-16T00:00:00,SMB
onboarding_guided_v1,org_00732,control,2025-02-18T00:00:00,SMB
onboarding_guided_v1,org_00733,treatment,2025-12-09T00:00:00,Enterprise
onboarding_guided_v1,org_00734,control,2025-09-16T00:00:00,SMB
onboarding_guided_v1,org_00735,treatment,2025-07-08T00:00:00,SMB
onboarding_guided_v1,org_00736,control,2025-08-26T00:00:00,Enterprise
onboarding_guided_v1,org_00737,treatment,2025-02-01T00:00:00,SMB
onboarding_guided_v1,org_00738,treatment,2025-01-24T00:00:00,Enterprise
onboarding_guided_v1,org_00739,treatment,2025-03-25T00:00:00,SMB
onboarding_guided_v1,org_00740,treatment,2025-04-19T00:00:00,SMB
onboarding_guided_v1,org_00741,treatment,2025-11-15T00:00:00,Mid-Market
onboarding_guided_v1,org_00742,control,2025-07-09T00:00:00,SMB
onboarding_guided_v1,org_00743,control,2025-03-06T00:00:00,Mid-Market
onboarding_guided_v1,org_00744,control,2025-12-11T00:00:00,SMB
onboarding_guided_v1,org_00745,treatment,2025-12-17T00:00:00,Enterprise
onboarding_guided_v1,org_00746,control,2025-11-14T00:00:00,SMB
onboarding_guided_v1,org_00747,control,2025-11-18T00:00:00,SMB
onboarding_guided_v1,org_00748,treatment,2025-11-14T00:00:00,Mid-Market
onboarding_guided_v1,org_00749,control,2025-09-24T00:00:00,Enterprise
onboarding_guided_v1,org_00750,treatment,2025-12-06T00:00:00,SMB
onboarding_guided_v1,org_00751,control,2025-12-01T00:00:00,SMB
onboarding_guided_v1,org_00752,treatment,2025-09-29T00:00:00,SMB
onboarding_guided_v1,org_00753,treatment,2025-08-24T00:00:00,SMB
onboarding_guided_v1,org_00754,control,2025-05-14T00:00:00,Mid-Market
onboarding_guided_v1,org_00755,control,2025-03-12T00:00:00,SMB
onboarding_guided_v1,org_00756,control,2025-02-05T00:00:00,SMB
onboarding_guided_v1,org_00757,control,2025-09-07T00:00:00,SMB
onboarding_guided_v1,org_00758,control,2025-07-22T00:00:00,Enterprise
onboarding_guided_v1,org_00759,treatment,2025-03-12T00:00:00,Enterprise
onboarding_guided_v1,org_00760,control,2025-08-22T00:00:00,Mid-Market
onboarding_guided_v1,org_00761,treatment,2025-06-10T00:00:00,Mid-Market
onboarding_guided_v1,org_00762,treatment,2025-03-17T00:00:00,SMB
onboarding_guided_v1,org_00763,control,2025-11-04T00:00:00,Enterprise
onboarding_guided_v1,org_00764,treatment,2025-04-10T00:00:00,SMB
onboarding_guided_v1,org_00765,control,2025-04-26T00:00:00,SMB
onboarding_guided_v1,org_00766,treatment,2025-03-08T00:00:00,SMB
onboarding_guided_v1,org_00767,control,2025-07-31T00:00:00,SMB
onboarding_guided_v1,org_00768,control,2025-03-27T00:00:00,Mid-Market
onboarding_guided_v1,org_00769,control,2025-12-22T00:00:00,Enterprise
onboarding_guided_v1,org_00770,treatment,2025-08-18T00:00:00,SMB
onboarding_guided_v1,org_00771,control,2025-03-19T00:00:00,Mid-Market
onboarding_guided_v1,org_00772,treatment,2025-10-23T00:00:00,SMB
onboarding_guided_v1,org_00773,control,2025-04-12T00:00:00,Mid-Market
onboarding_guided_v1,org_00774,treatment,2025-07-04T00:00:00,SMB
onboarding_guided_v1,org_00775,treatment,2025-11-21T00:00:00,SMB
onboarding_guided_v1,org_00776,control,2025-05-14T00:00:00,SMB
onboarding_guided_v1,org_00777,control,2025-03-29T00:00:00,SMB
onboarding_guided_v1,org_00778,treatment,2025-11-13T00:00:00,SMB
onboarding_guided_v1,org_00779,control,2025-08-19T00:00:00,SMB
onboarding_guided_v1,org_00780,control,2025-05-20T00:00:00,SMB
onboarding_guided_v1,org_00781,control,2025-05-15T00:00:00,Mid-Market
onboarding_guided_v1,org_00782,treatment,2025-10-22T00:00:00,Mid-Market
onboarding_guided_v1,org_00783,treatment,2025-01-06T00:00:00,Mid-Market
onboarding_guided_v1,org_00784,control,2025-10-28T00:00:00,SMB
onboarding_guided_v1,org_00785,treatment,2025-03-26T00:00:00,Mid-Market
onboarding_guided_v1,org_00786,treatment,2025-03-07T00:00:00,Mid-Market
onboarding_guided_v1,org_00787,treatment,2025-04-10T00:00:00,SMB
onboarding_guided_v1,org_00788,control,2025-01-10T00:00:00,SMB
onboarding_guided_v1,org_00789,treatment,2025-03-31T00:00:00,SMB
onboarding_guided_v1,org_00790,control,2025-12-21T00:00:00,Mid-Market
onboarding_guided_v1,org_00791,control,2025-09-02T00:00:00,Enterprise
onboarding_guided_v1,org_00792,treatment,2025-05-29T00:00:00,SMB
onboarding_guided_v1,org_00793,treatment,2025-08-16T00:00:00,Mid-Market
onboarding_guided_v1,org_00794,treatment,2025-02-01T00:00:00,SMB
onboarding_guided_v1,org_00795,control,2025-01-28T00:00:00,SMB
onboarding_guided_v1,org_00796,control,2025-07-07T00:00:00,SMB
onboarding_guided_v1,org_00797,control,2025-08-31T00:00:00,Mid-Market
onboarding_guided_v1,org_00798,control,2025-03-20T00:00:00,SMB
onboarding_guided_v1,org_00799,treatment,2025-12-03T00:00:00,SMB
onboarding_guided_v1,org_00800,treatment,2025-04-08T00:00:00,SMB
onboarding_guided_v1,org_00801,treatment,2025-03-28T00:00:00,SMB
onboarding_guided_v1,org_00802,control,2025-04-16T00:00:00,SMB
onboarding_guided_v1,org_00803,treatment,2025-11-18T00:00:00,Mid-Market
onboarding_guided_v1,org_00804,control,2025-09-13T00:00:00,Mid-Market
onboarding_guided_v1,org_00805,treatment,2025-08-23T00:00:00,SMB
onboarding_guided_v1,org_00806,treatment,2025-06-14T00:00:00,Mid-Market
onboarding_guided_v1,org_00807,control,2025-11-01T00:00:00,Enterprise
onboarding_guided_v1,org_00808,treatment,2025-03-19T00:00:00,Mid-Market
onboarding_guided_v1,org_00809,treatment,2025-01-13T00:00:00,SMB
onboarding_guided_v1,org_00810,treatment,2025-08-13T00:00:00,SMB
onboarding_guided_v1,org_00811,treatment,2025-02-25T00:00:00,Mid-Market
onboarding_guided_v1,org_00812,control,2025-09-14T00:00:00,SMB
onboarding_guided_v1,org_00813,control,2025-05-09T00:00:00,Mid-Market
onboarding_guided_v1,org_00814,treatment,2025-03-25T00:00:00,SMB
onboarding_guided_v1,org_00815,treatment,2025-08-07T00:00:00,SMB
onboarding_guided_v1,org_00816,control,2025-01-13T00:00:00,Mid-Market
onboarding_guided_v1,org_00817,treatment,2025-08-10T00:00:00,SMB
onboarding_guided_v1,org_00818,control,2025-10-08T00:00:00,SMB
onboarding_guided_v1,org_00819,treatment,2025-03-23T00:00:00,SMB
onboarding_guided_v1,org_00820,control,2025-04-21T00:00:00,SMB
onboarding_guided_v1,org_00821,control,2025-04-26T00:00:00,Mid-Market
onboarding_guided_v1,org_00822,treatment,2025-03-19T00:00:00,SMB
onboarding_guided_v1,org_00823,treatment,2025-02-13T00:00:00,SMB
onboarding_guided_v1,org_00824,treatment,2025-05-08T00:00:00,Mid-Market
onboarding_guided_v1,org_00825,treatment,2025-09-18T00:00:00,SMB
onboarding_guided_v1,org_00826,treatment,2025-11-17T00:00:00,Enterprise
onboarding_guided_v1,org_00827,control,2025-05-27T00:00:00,SMB
onboarding_guided_v1,org_00828,treatment,2025-08-13T00:00:00,Mid-Market
onboarding_guided_v1,org_00829,treatment,2025-02-09T00:00:00,SMB
onboarding_guided_v1,org_00830,control,2025-01-03T00:00:00,Mid-Market
onboarding_guided_v1,org_00831,treatment,2025-12-31T00:00:00,Mid-Market
onboarding_guided_v1,org_00832,treatment,2025-05-29T00:00:00,SMB
onboarding_guided_v1,org_00833,control,2025-10-10T00:00:00,Mid-Market
onboarding_guided_v1,org_00834,treatment,2025-06-15T00:00:00,Mid-Market
onboarding_guided_v1,org_00835,control,2025-07-18T00:00:00,Mid-Market
onboarding_guided_v1,org_00836,control,2025-02-05T00:00:00,Mid-Market
onboarding_guided_v1,org_00837,treatment,2025-11-11T00:00:00,Mid-Market
onboarding_guided_v1,org_00838,control,2025-07-02T00:00:00,SMB
onboarding_guided_v1,org_00839,treatment,2025-10-13T00:00:00,SMB
onboarding_guided_v1,org_00840,treatment,2025-04-25T00:00:00,SMB
onboarding_guided_v1,org_00841,control,2025-01-31T00:00:00,SMB
onboarding_guided_v1,org_00842,treatment,2025-08-04T00:00:00,SMB
onboarding_guided_v1,org_00843,control,2025-10-10T00:00:00,SMB
onboarding_guided_v1,org_00844,treatment,2025-04-01T00:00:00,SMB
onboarding_guided_v1,org_00845,control,2025-06-10T00:00:00,SMB
onboarding_guided_v1,org_00846,treatment,2025-02-08T00:00:00,SMB
onboarding_guided_v1,org_00847,treatment,2025-08-12T00:00:00,SMB
onboarding_guided_v1,org_00848,control,2025-07-28T00:00:00,SMB
onboarding_guided_v1,org_00849,control,2025-09-17T00:00:00,SMB
onboarding_guided_v1,org_00850,control,2025-05-03T00:00:00,SMB
onboarding_guided_v1,org_00851,treatment,2025-08-14T00:00:00,SMB
onboarding_guided_v1,org_00852,treatment,2025-05-17T00:00:00,Mid-Market
onboarding_guided_v1,org_00853,treatment,2025-09-19T00:00:00,Mid-Market
onboarding_guided_v1,org_00854,treatment,2025-12-14T00:00:00,SMB
onboarding_guided_v1,org_00855,treatment,2025-09-17T00:00:00,Mid-Market
onboarding_guided_v1,org_00856,treatment,2025-08-19T00:00:00,Enterprise
onboarding_guided_v1,org_00857,control,2025-08-27T00:00:00,SMB
onboarding_guided_v1,org_00858,treatment,2025-01-13T00:00:00,SMB
onboarding_guided_v1,org_00859,treatment,2025-07-28T00:00:00,SMB
onboarding_guided_v1,org_00860,treatment,2025-03-28T00:00:00,Mid-Market
onboarding_guided_v1,org_00861,control,2025-05-13T00:00:00,Mid-Market
onboarding_guided_v1,org_00862,treatment,2025-08-26T00:00:00,Mid-Market
onboarding_guided_v1,org_00863,control,2025-06-23T00:00:00,SMB
onboarding_guided_v1,org_00864,control,2025-10-03T00:00:00,SMB
onboarding_guided_v1,org_00865,control,2025-06-23T00:00:00,Mid-Market
onboarding_guided_v1,org_00866,treatment,2025-09-07T00:00:00,SMB
onboarding_guided_v1,org_00867,control,2025-06-06T00:00:00,Mid-Market
onboarding_guided_v1,org_00868,control,2025-10-01T00:00:00,Enterprise
onboarding_guided_v1,org_00869,control,2025-10-27T00:00:00,Mid-Market
onboarding_guided_v1,org_00870,treatment,2025-02-23T00:00:00,Mid-Market
onboarding_guided_v1,org_00871,control,2025-03-14T00:00:00,Mid-Market
onboarding_guided_v1,org_00872,control,2025-04-20T00:00:00,Enterprise
onboarding_guided_v1,org_00873,control,2025-08-10T00:00:00,Mid-Market
onboarding_guided_v1,org_00874,control,2025-06-29T00:00:00,SMB
onboarding_guided_v1,org_00875,treatment,2025-09-28T00:00:00,SMB
onboarding_guided_v1,org_00876,control,2025-09-11T00:00:00,Enterprise
onboarding_guided_v1,org_00877,treatment,2025-07-05T00:00:00,SMB
onboarding_guided_v1,org_00878,control,2025-07-04T00:00:00,Mid-Market
onboarding_guided_v1,org_00879,treatment,2025-02-27T00:00:00,Mid-Market
onboarding_guided_v1,org_00880,treatment,2025-05-02T00:00:00,Mid-Market
onboarding_guided_v1,org_00881,treatment,2025-04-04T00:00:00,Enterprise
onboarding_guided_v1,org_00882,control,2025-06-24T00:00:00,SMB
onboarding_guided_v1,org_00883,control,2025-06-25T00:00:00,Enterprise
onboarding_guided_v1,org_00884,treatment,2025-12-27T00:00:00,SMB
onboarding_guided_v1,org_00885,control,2025-07-26T00:00:00,SMB
onboarding_guided_v1,org_00886,control,2025-11-28T00:00:00,Mid-Market
onboarding_guided_v1,org_00887,control,2025-03-30T00:00:00,Enterprise
onboarding_guided_v1,org_00888,treatment,2025-12-29T00:00:00,Mid-Market
onboarding_guided_v1,org_00889,treatment,2025-03-01T00:00:00,Mid-Market
onboarding_guided_v1,org_00890,control,2025-03-09T00:00:00,Mid-Market
onboarding_guided_v1,org_00891,treatment,2025-05-21T00:00:00,SMB
onboarding_guided_v1,org_00892,control,2025-04-28T00:00:00,SMB
onboarding_guided_v1,org_00893,control,2025-08-07T00:00:00,SMB
onboarding_guided_v1,org_00894,control,2025-02-09T00:00:00,Mid-Market
onboarding_guided_v1,org_00895,treatment,2025-06-30T00:00:00,Mid-Market
onboarding_guided_v1,org_00896,treatment,2025-08-12T00:00:00,Enterprise
onboarding_guided_v1,org_00897,treatment,2025-09-27T00:00:00,SMB
onboarding_guided_v1,org_00898,treatment,2025-01-16T00:00:00,SMB
onboarding_guided_v1,org_00899,treatment,2025-08-18T00:00:00,SMB
onboarding_guided_v1,org_00900,control,2025-06-24T00:00:00,Mid-Market
onboarding_guided_v1,org_00901,control,2025-01-20T00:00:00,Enterprise
onboarding_guided_v1,org_00902,control,2025-12-12T00:00:00,SMB
onboarding_guided_v1,org_00903,control,2025-06-12T00:00:00,Enterprise
onboarding_guided_v1,org_00904,treatment,2025-03-18T00:00:00,SMB
onboarding_guided_v1,org_00905,control,2025-08-16T00:00:00,SMB
onboarding_guided_v1,org_00906,treatment,2025-08-20T00:00:00,SMB
onboarding_guided_v1,org_00907,treatment,2025-09-27T00:00:00,SMB
onboarding_guided_v1,org_00908,treatment,2025-06-23T00:00:00,Mid-Market
onboarding_guided_v1,org_00909,treatment,2025-04-28T00:00:00,Mid-Market
onboarding_guided_v1,org_00910,control,2025-04-07T00:00:00,Enterprise
onboarding_guided_v1,org_00911,treatment,2025-01-07T00:00:00,SMB
onboarding_guided_v1,org_00912,treatment,2025-03-20T00:00:00,SMB
onboarding_guided_v1,org_00913,treatment,2025-09-17T00:00:00,SMB
onboarding_guided_v1,org_00914,treatment,2025-12-23T00:00:00,SMB
onboarding_guided_v1,org_00915,control,2025-05-01T00:00:00,SMB
onboarding_guided_v1,org_00916,control,2025-09-22T00:00:00,SMB
onboarding_guided_v1,org_00917,treatment,2025-02-16T00:00:00,Enterprise
onboarding_guided_v1,org_00918,control,2025-01-16T00:00:00,SMB
onboarding_guided_v1,org_00919,control,2025-05-26T00:00:00,Mid-Market
onboarding_guided_v1,org_00920,treatment,2025-12-20T00:00:00,SMB
onboarding_guided_v1,org_00921,treatment,2025-05-28T00:00:00,SMB
onboarding_guided_v1,org_00922,control,2025-10-13T00:00:00,Mid-Market
onboarding_guided_v1,org_00923,control,2025-12-02T00:00:00,Mid-Market
onboarding_guided_v1,org_00924,control,2025-11-06T00:00:00,SMB
onboarding_guided_v1,org_00925,control,2025-07-26T00:00:00,Mid-Market
onboarding_guided_v1,org_00926,control,2025-09-27T00:00:00,SMB
onboarding_guided_v1,org_00927,treatment,2025-05-27T00:00:00,SMB
onboarding_guided_v1,org_00928,control,2025-10-13T00:00:00,SMB
onboarding_guided_v1,org_00929,control,2025-03-14T00:00:00,SMB
onboarding_guided_v1,org_00930,control,2025-06-03T00:00:00,SMB
onboarding_guided_v1,org_00931,treatment,2025-10-26T00:00:00,SMB
onboarding_guided_v1,org_00932,control,2025-06-10T00:00:00,SMB
onboarding_guided_v1,org_00933,treatment,2025-11-05T00:00:00,SMB
onboarding_guided_v1,org_00934,treatment,2025-08-02T00:00:00,SMB
onboarding_guided_v1,org_00935,treatment,2025-07-19T00:00:00,SMB
onboarding_guided_v1,org_00936,control,2025-01-28T00:00:00,SMB
onboarding_guided_v1,org_00937,control,2025-03-02T00:00:00,Mid-Market
onboarding_guided_v1,org_00938,treatment,2025-04-18T00:00:00,Mid-Market
onboarding_guided_v1,org_00939,control,2025-04-10T00:00:00,SMB
onboarding_guided_v1,org_00940,control,2025-04-15T00:00:00,SMB
onboarding_guided_v1,org_00941,treatment,2025-01-04T00:00:00,SMB
onboarding_guided_v1,org_00942,treatment,2025-01-16T00:00:00,SMB
onboarding_guided_v1,org_00943,control,2025-07-14T00:00:00,Enterprise
onboarding_guided_v1,org_00944,control,2025-10-29T00:00:00,SMB
onboarding_guided_v1,org_00945,control,2025-06-15T00:00:00,Mid-Market
onboarding_guided_v1,org_00946,control,2025-10-11T00:00:00,SMB
onboarding_guided_v1,org_00947,treatment,2025-12-11T00:00:00,Mid-Market
onboarding_guided_v1,org_00948,treatment,2025-04-22T00:00:00,SMB
onboarding_guided_v1,org_00949,control,2025-05-23T00:00:00,SMB
onboarding_guided_v1,org_00950,treatment,2025-01-14T00:00:00,Mid-Market
onboarding_guided_v1,org_00951,control,2025-12-30T00:00:00,SMB
onboarding_guided_v1,org_00952,control,2025-07-09T00:00:00,Mid-Market
onboarding_guided_v1,org_00953,control,2025-04-17T00:00:00,Enterprise
onboarding_guided_v1,org_00954,control,2025-05-01T00:00:00,SMB
onboarding_guided_v1,org_00955,control,2025-03-01T00:00:00,Enterprise
onboarding_guided_v1,org_00956,treatment,2025-10-16T00:00:00,Mid-Market
onboarding_guided_v1,org_00957,control,2025-10-24T00:00:00,SMB
onboarding_guided_v1,org_00958,treatment,2025-07-07T00:00:00,Mid-Market
onboarding_guided_v1,org_00959,treatment,2025-07-12T00:00:00,Enterprise
onboarding_guided_v1,org_00960,treatment,2025-06-08T00:00:00,SMB
onboarding_guided_v1,org_00961,treatment,2025-12-09T00:00:00,Mid-Market
onboarding_guided_v1,org_00962,treatment,2025-04-09T00:00:00,SMB
onboarding_guided_v1,org_00963,treatment,2025-03-24T00:00:00,SMB
onboarding_guided_v1,org_00964,treatment,2025-11-08T00:00:00,SMB
onboarding_guided_v1,org_00965,treatment,2025-11-06T00:00:00,SMB
onboarding_guided_v1,org_00966,control,2025-10-08T00:00:00,SMB
onboarding_guided_v1,org_00967,treatment,2025-08-17T00:00:00,Mid-Market
onboarding_guided_v1,org_00968,treatment,2025-11-09T00:00:00,Mid-Market
onboarding_guided_v1,org_00969,control,2025-10-02T00:00:00,SMB
onboarding_guided_v1,org_00970,control,2025-09-11T00:00:00,Mid-Market
onboarding_guided_v1,org_00971,treatment,2025-08-04T00:00:00,Mid-Market
onboarding_guided_v1,org_00972,control,2025-12-03T00:00:00,SMB
onboarding_guided_v1,org_00973,control,2025-10-08T00:00:00,Mid-Market
onboarding_guided_v1,org_00974,treatment,2025-05-16T00:00:00,Mid-Market
onboarding_guided_v1,org_00975,treatment,2025-03-08T00:00:00,SMB
onboarding_guided_v1,org_00976,control,2025-03-20T00:00:00,Mid-Market
onboarding_guided_v1,org_00977,treatment,2025-10-10T00:00:00,Mid-Market
onboarding_guided_v1,org_00978,control,2025-03-27T00:00:00,SMB
onboarding_guided_v1,org_00979,treatment,2025-10-15T00:00:00,SMB
onboarding_guided_v1,org_00980,control,2025-09-02T00:00:00,Mid-Market
onboarding_guided_v1,org_00981,control,2025-06-08T00:00:00,SMB
onboarding_guided_v1,org_00982,treatment,2025-03-14T00:00:00,SMB
onboarding_guided_v1,org_00983,treatment,2025-08-19T00:00:00,Enterprise
onboarding_guided_v1,org_00984,control,2025-05-20T00:00:00,SMB
onboarding_guided_v1,org_00985,control,2025-10-14T00:00:00,Mid-Market
onboarding_guided_v1,org_00986,control,2025-03-03T00:00:00,SMB
onboarding_guided_v1,org_00987,treatment,2025-09-02T00:00:00,Mid-Market
onboarding_guided_v1,org_00988,treatment,2025-01-06T00:00:00,Mid-Market
onboarding_guided_v1,org_00989,treatment,2025-03-22T00:00:00,Mid-Market
onboarding_guided_v1,org_00990,treatment,2025-03-02T00:00:00,SMB
onboarding_guided_v1,org_00991,treatment,2025-07-16T00:00:00,Mid-Market
onboarding_guided_v1,org_00992,treatment,2025-10-13T00:00:00,Mid-Market
onboarding_guided_v1,org_00993,treatment,2025-12-01T00:00:00,Mid-Market
onboarding_guided_v1,org_00994,control,2025-06-13T00:00:00,Mid-Market
onboarding_guided_v1,org_00995,treatment,2025-10-18T00:00:00,Mid-Market
onboarding_guided_v1,org_00996,treatment,2025-07-20T00:00:00,SMB
onboarding_guided_v1,org_00997,control,2025-08-18T00:00:00,Enterprise
onboarding_guided_v1,org_00998,treatment,2025-12-05T00:00:00,SMB
onboarding_guided_v1,org_00999,control,2025-01-17T00:00:00,SMB
onboarding_guided_v1,org_01000,control,2025-05-20T00:00:00,Mid-Market
onboarding_guided_v1,org_01001,treatment,2025-05-08T00:00:00,Mid-Market
onboarding_guided_v1,org_01002,control,2025-03-27T00:00:00,Mid-Market
onboarding_guided_v1,org_01003,treatment,2025-11-03T00:00:00,SMB
onboarding_guided_v1,org_01004,control,2025-03-04T00:00:00,SMB
onboarding_guided_v1,org_01005,control,2025-12-29T00:00:00,SMB
onboarding_guided_v1,org_01006,treatment,2025-03-11T00:00:00,SMB
onboarding_guided_v1,org_01007,control,2025-07-18T00:00:00,SMB
onboarding_guided_v1,org_01008,treatment,2025-06-24T00:00:00,SMB
onboarding_guided_v1,org_01009,control,2025-03-28T00:00:00,SMB
onboarding_guided_v1,org_01010,control,2025-05-17T00:00:00,Enterprise
onboarding_guided_v1,org_01011,control,2025-08-25T00:00:00,SMB
onboarding_guided_v1,org_01012,treatment,2025-05-14T00:00:00,SMB
onboarding_guided_v1,org_01013,control,2025-12-25T00:00:00,SMB
onboarding_guided_v1,org_01014,treatment,2025-10-22T00:00:00,Enterprise
onboarding_guided_v1,org_01015,treatment,2025-07-10T00:00:00,SMB
onboarding_guided_v1,org_01016,control,2025-10-04T00:00:00,Mid-Market
onboarding_guided_v1,org_01017,control,2025-05-17T00:00:00,SMB
onboarding_guided_v1,org_01018,control,2025-01-21T00:00:00,SMB
onboarding_guided_v1,org_01019,treatment,2025-02-17T00:00:00,SMB
onboarding_guided_v1,org_01020,control,2025-12-24T00:00:00,SMB
onboarding_guided_v1,org_01021,control,2025-10-27T00:00:00,SMB
onboarding_guided_v1,org_01022,treatment,2025-11-05T00:00:00,SMB
onboarding_guided_v1,org_01023,control,2025-04-10T00:00:00,SMB
onboarding_guided_v1,org_01024,control,2025-11-09T00:00:00,SMB
onboarding_guided_v1,org_01025,control,2025-11-22T00:00:00,SMB
onboarding_guided_v1,org_01026,control,2025-01-02T00:00:00,SMB
onboarding_guided_v1,org_01027,treatment,2025-12-10T00:00:00,SMB
onboarding_guided_v1,org_01028,control,2025-06-26T00:00:00,Enterprise
onboarding_guided_v1,org_01029,control,2025-07-10T00:00:00,Enterprise
onboarding_guided_v1,org_01030,treatment,2025-08-09T00:00:00,Enterprise
onboarding_guided_v1,org_01031,control,2025-03-24T00:00:00,SMB
onboarding_guided_v1,org_01032,treatment,2025-05-03T00:00:00,SMB
onboarding_guided_v1,org_01033,treatment,2025-02-22T00:00:00,SMB
onboarding_guided_v1,org_01034,control,2025-04-14T00:00:00,Enterprise
onboarding_guided_v1,org_01035,control,2025-08-30T00:00:00,SMB
onboarding_guided_v1,org_01036,control,2025-12-22T00:00:00,SMB
onboarding_guided_v1,org_01037,treatment,2025-06-19T00:00:00,SMB
onboarding_guided_v1,org_01038,control,2025-07-05T00:00:00,Mid-Market
onboarding_guided_v1,org_01039,treatment,2025-01-15T00:00:00,Mid-Market
onboarding_guided_v1,org_01040,treatment,2025-04-04T00:00:00,Enterprise
onboarding_guided_v1,org_01041,treatment,2025-07-26T00:00:00,SMB
onboarding_guided_v1,org_01042,treatment,2025-08-28T00:00:00,Mid-Market
onboarding_guided_v1,org_01043,treatment,2025-01-10T00:00:00,SMB
onboarding_guided_v1,org_01044,control,2025-04-29T00:00:00,SMB
onboarding_guided_v1,org_01045,treatment,2025-01-12T00:00:00,Mid-Market
onboarding_guided_v1,org_01046,control,2025-04-26T00:00:00,Enterprise
onboarding_guided_v1,org_01047,treatment,2025-03-30T00:00:00,Enterprise
onboarding_guided_v1,org_01048,treatment,2025-08-26T00:00:00,SMB
onboarding_guided_v1,org_01049,treatment,2025-07-04T00:00:00,SMB
onboarding_guided_v1,org_01050,control,2025-08-23T00:00:00,SMB
onboarding_guided_v1,org_01051,treatment,2025-09-27T00:00:00,Mid-Market
onboarding_guided_v1,org_01052,treatment,2025-06-26T00:00:00,SMB
onboarding_guided_v1,org_01053,treatment,2025-02-10T00:00:00,SMB
onboarding_guided_v1,org_01054,treatment,2025-03-05T00:00:00,Mid-Market
onboarding_guided_v1,org_01055,treatment,2025-11-20T00:00:00,Mid-Market
onboarding_guided_v1,org_01056,treatment,2025-03-10T00:00:00,Enterprise
onboarding_guided_v1,org_01057,control,2025-04-16T00:00:00,Enterprise
onboarding_guided_v1,org_01058,control,2025-08-01T00:00:00,Mid-Market
onboarding_guided_v1,org_01059,control,2025-07-01T00:00:00,SMB
onboarding_guided_v1,org_01060,control,2025-07-26T00:00:00,Mid-Market
onboarding_guided_v1,org_01061,treatment,2025-04-26T00:00:00,SMB
onboarding_guided_v1,org_01062,control,2025-09-22T00:00:00,SMB
onboarding_guided_v1,org_01063,treatment,2025-09-21T00:00:00,Mid-Market
onboarding_guided_v1,org_01064,treatment,2025-02-06T00:00:00,SMB
onboarding_guided_v1,org_01065,treatment,2025-11-09T00:00:00,SMB
onboarding_guided_v1,org_01066,treatment,2025-07-17T00:00:00,SMB
onboarding_guided_v1,org_01067,control,2025-07-13T00:00:00,SMB
onboarding_guided_v1,org_01068,control,2025-05-03T00:00:00,Mid-Market
onboarding_guided_v1,org_01069,control,2025-10-15T00:00:00,Mid-Market
onboarding_guided_v1,org_01070,control,2025-08-13T00:00:00,SMB
onboarding_guided_v1,org_01071,control,2025-10-22T00:00:00,SMB
onboarding_guided_v1,org_01072,treatment,2025-05-11T00:00:00,Mid-Market
onboarding_guided_v1,org_01073,control,2025-05-19T00:00:00,Mid-Market
onboarding_guided_v1,org_01074,control,2025-05-14T00:00:00,Mid-Market
onboarding_guided_v1,org_01075,treatment,2025-10-01T00:00:00,Mid-Market
onboarding_guided_v1,org_01076,control,2025-05-09T00:00:00,SMB
onboarding_guided_v1,org_01077,treatment,2025-07-06T00:00:00,SMB
onboarding_guided_v1,org_01078,treatment,2025-12-15T00:00:00,SMB
onboarding_guided_v1,org_01079,control,2025-06-26T00:00:00,SMB
onboarding_guided_v1,org_01080,control,2025-12-10T00:00:00,Mid-Market
onboarding_guided_v1,org_01081,treatment,2025-05-25T00:00:00,SMB
onboarding_guided_v1,org_01082,treatment,2025-03-13T00:00:00,Mid-Market
onboarding_guided_v1,org_01083,control,2025-07-27T00:00:00,Enterprise
onboarding_guided_v1,org_01084,control,2025-08-17T00:00:00,Mid-Market
onboarding_guided_v1,org_01085,treatment,2025-07-18T00:00:00,SMB
onboarding_guided_v1,org_01086,control,2025-08-24T00:00:00,SMB
onboarding_guided_v1,org_01087,treatment,2025-02-06T00:00:00,Mid-Market
onboarding_guided_v1,org_01088,control,2025-03-30T00:00:00,Mid-Market
onboarding_guided_v1,org_01089,treatment,2025-08-25T00:00:00,Enterprise
onboarding_guided_v1,org_01090,treatment,2025-08-31T00:00:00,SMB
onboarding_guided_v1,org_01091,treatment,2025-10-27T00:00:00,SMB
onboarding_guided_v1,org_01092,control,2025-06-18T00:00:00,Enterprise
onboarding_guided_v1,org_01093,treatment,2025-11-10T00:00:00,SMB
onboarding_guided_v1,org_01094,control,2025-02-02T00:00:00,SMB
onboarding_guided_v1,org_01095,treatment,2025-07-27T00:00:00,SMB
onboarding_guided_v1,org_01096,treatment,2025-03-05T00:00:00,Mid-Market
onboarding_guided_v1,org_01097,treatment,2025-11-30T00:00:00,Mid-Market
onboarding_guided_v1,org_01098,control,2025-08-22T00:00:00,SMB
onboarding_guided_v1,org_01099,control,2025-02-08T00:00:00,SMB
onboarding_guided_v1,org_01100,control,2025-10-19T00:00:00,Mid-Market
onboarding_guided_v1,org_01101,control,2025-01-19T00:00:00,SMB
onboarding_guided_v1,org_01102,control,2025-07-25T00:00:00,SMB
onboarding_guided_v1,org_01103,control,2025-12-12T00:00:00,Mid-Market
onboarding_guided_v1,org_01104,treatment,2025-12-27T00:00:00,SMB
onboarding_guided_v1,org_01105,treatment,2025-02-21T00:00:00,Mid-Market
onboarding_guided_v1,org_01106,treatment,2025-10-12T00:00:00,Mid-Market
onboarding_guided_v1,org_01107,treatment,2025-06-29T00:00:00,Mid-Market
onboarding_guided_v1,org_01108,treatment,2025-04-03T00:00:00,SMB
onboarding_guided_v1,org_01109,control,2025-06-27T00:00:00,Mid-Market
onboarding_guided_v1,org_01110,treatment,2025-09-28T00:00:00,SMB
onboarding_guided_v1,org_01111,treatment,2025-12-15T00:00:00,Mid-Market
onboarding_guided_v1,org_01112,control,2025-01-26T00:00:00,Mid-Market
onboarding_guided_v1,org_01113,control,2025-08-08T00:00:00,SMB
onboarding_guided_v1,org_01114,treatment,2025-08-20T00:00:00,SMB
onboarding_guided_v1,org_01115,control,2025-02-19T00:00:00,Mid-Market
onboarding_guided_v1,org_01116,control,2025-08-06T00:00:00,SMB
onboarding_guided_v1,org_01117,control,2025-01-18T00:00:00,Mid-Market
onboarding_guided_v1,org_01118,treatment,2025-03-12T00:00:00,Mid-Market
onboarding_guided_v1,org_01119,control,2025-01-19T00:00:00,SMB
onboarding_guided_v1,org_01120,treatment,2025-09-16T00:00:00,SMB
onboarding_guided_v1,org_01121,control,2025-06-03T00:00:00,Enterprise
onboarding_guided_v1,org_01122,control,2025-12-19T00:00:00,Mid-Market
onboarding_guided_v1,org_01123,treatment,2025-10-04T00:00:00,SMB
onboarding_guided_v1,org_01124,treatment,2025-07-11T00:00:00,SMB
onboarding_guided_v1,org_01125,treatment,2025-05-07T00:00:00,SMB
onboarding_guided_v1,org_01126,treatment,2025-12-08T00:00:00,SMB
onboarding_guided_v1,org_01127,treatment,2025-11-17T00:00:00,SMB
onboarding_guided_v1,org_01128,treatment,2025-01-05T00:00:00,SMB
onboarding_guided_v1,org_01129,control,2025-02-09T00:00:00,Enterprise
onboarding_guided_v1,org_01130,control,2025-01-15T00:00:00,Mid-Market
onboarding_guided_v1,org_01131,control,2025-07-04T00:00:00,SMB
onboarding_guided_v1,org_01132,control,2025-06-24T00:00:00,Mid-Market
onboarding_guided_v1,org_01133,control,2025-03-21T00:00:00,Mid-Market
onboarding_guided_v1,org_01134,treatment,2025-04-08T00:00:00,SMB
onboarding_guided_v1,org_01135,treatment,2025-06-28T00:00:00,SMB
onboarding_guided_v1,org_01136,control,2025-03-01T00:00:00,Enterprise
onboarding_guided_v1,org_01137,treatment,2025-07-16T00:00:00,SMB
onboarding_guided_v1,org_01138,control,2025-10-27T00:00:00,Mid-Market
onboarding_guided_v1,org_01139,control,2025-07-02T00:00:00,SMB
onboarding_guided_v1,org_01140,control,2025-09-15T00:00:00,SMB
onboarding_guided_v1,org_01141,control,2025-09-19T00:00:00,SMB
onboarding_guided_v1,org_01142,control,2025-03-03T00:00:00,SMB
onboarding_guided_v1,org_01143,control,2025-09-06T00:00:00,SMB
onboarding_guided_v1,org_01144,treatment,2025-05-27T00:00:00,Mid-Market
onboarding_guided_v1,org_01145,treatment,2025-07-09T00:00:00,Enterprise
onboarding_guided_v1,org_01146,control,2025-09-13T00:00:00,Enterprise
onboarding_guided_v1,org_01147,treatment,2025-06-10T00:00:00,SMB
onboarding_guided_v1,org_01148,treatment,2025-09-28T00:00:00,SMB
onboarding_guided_v1,org_01149,treatment,2025-11-28T00:00:00,SMB
onboarding_guided_v1,org_01150,treatment,2025-01-09T00:00:00,SMB
onboarding_guided_v1,org_01151,treatment,2025-12-21T00:00:00,SMB
onboarding_guided_v1,org_01152,control,2025-01-25T00:00:00,Mid-Market
onboarding_guided_v1,org_01153,control,2025-04-21T00:00:00,SMB
onboarding_guided_v1,org_01154,treatment,2025-10-09T00:00:00,Enterprise
onboarding_guided_v1,org_01155,treatment,2025-08-30T00:00:00,SMB
onboarding_guided_v1,org_01156,treatment,2025-08-03T00:00:00,Enterprise
onboarding_guided_v1,org_01157,treatment,2025-01-13T00:00:00,SMB
onboarding_guided_v1,org_01158,control,2025-08-28T00:00:00,SMB
onboarding_guided_v1,org_01159,treatment,2025-04-03T00:00:00,SMB
onboarding_guided_v1,org_01160,treatment,2025-03-29T00:00:00,SMB
onboarding_guided_v1,org_01161,treatment,2025-09-12T00:00:00,Mid-Market
onboarding_guided_v1,org_01162,treatment,2025-12-24T00:00:00,SMB
onboarding_guided_v1,org_01163,control,2025-01-26T00:00:00,SMB
onboarding_guided_v1,org_01164,treatment,2025-10-05T00:00:00,SMB
onboarding_guided_v1,org_01165,treatment,2025-01-19T00:00:00,Mid-Market
onboarding_guided_v1,org_01166,treatment,2025-06-18T00:00:00,Enterprise
onboarding_guided_v1,org_01167,treatment,2025-12-29T00:00:00,SMB
onboarding_guided_v1,org_01168,treatment,2025-12-07T00:00:00,Enterprise
onboarding_guided_v1,org_01169,control,2025-09-07T00:00:00,Enterprise
onboarding_guided_v1,org_01170,treatment,2025-12-07T00:00:00,SMB
onboarding_guided_v1,org_01171,control,2025-04-23T00:00:00,Enterprise
onboarding_guided_v1,org_01172,control,2025-08-21T00:00:00,Mid-Market
onboarding_guided_v1,org_01173,control,2025-09-19T00:00:00,SMB
onboarding_guided_v1,org_01174,treatment,2025-09-01T00:00:00,SMB
onboarding_guided_v1,org_01175,control,2025-09-14T00:00:00,SMB
onboarding_guided_v1,org_01176,control,2025-11-06T00:00:00,SMB
onboarding_guided_v1,org_01177,control,2025-03-12T00:00:00,Mid-Market
onboarding_guided_v1,org_01178,treatment,2025-05-18T00:00:00,SMB
onboarding_guided_v1,org_01179,control,2025-01-17T00:00:00,SMB
onboarding_guided_v1,org_01180,treatment,2025-12-16T00:00:00,SMB
onboarding_guided_v1,org_01181,control,2025-11-04T00:00:00,SMB
onboarding_guided_v1,org_01182,control,2025-08-05T00:00:00,Mid-Market
onboarding_guided_v1,org_01183,treatment,2025-07-31T00:00:00,Mid-Market
onboarding_guided_v1,org_01184,control,2025-03-26T00:00:00,Mid-Market
onboarding_guided_v1,org_01185,control,2025-01-25T00:00:00,Mid-Market
onboarding_guided_v1,org_01186,control,2025-04-09T00:00:00,Mid-Market
onboarding_guided_v1,org_01187,control,2025-08-18T00:00:00,Mid-Market
onboarding_guided_v1,org_01188,control,2025-04-24T00:00:00,SMB
onboarding_guided_v1,org_01189,treatment,2025-03-05T00:00:00,Mid-Market
onboarding_guided_v1,org_01190,control,2025-08-07T00:00:00,SMB
onboarding_guided_v1,org_01191,control,2025-04-20T00:00:00,Mid-Market
onboarding_guided_v1,org_01192,control,2025-03-31T00:00:00,SMB
onboarding_guided_v1,org_01193,treatment,2025-11-27T00:00:00,SMB
onboarding_guided_v1,org_01194,treatment,2025-10-08T00:00:00,SMB
onboarding_guided_v1,org_01195,control,2025-05-20T00:00:00,Mid-Market
onboarding_guided_v1,org_01196,treatment,2025-11-18T00:00:00,Enterprise
onboarding_guided_v1,org_01197,control,2025-07-22T00:00:00,SMB
onboarding_guided_v1,org_01198,control,2025-11-07T00:00:00,SMB
onboarding_guided_v1,org_01199,control,2025-05-23T00:00:00,Mid-Market
onboarding_guided_v1,org_01200,control,2025-10-13T00:00:00,Enterprise
onboarding_guided_v1,org_01201,control,2025-10-23T00:00:00,SMB
onboarding_guided_v1,org_01202,control,2025-07-09T00:00:00,SMB
onboarding_guided_v1,org_01203,control,2025-09-04T00:00:00,Mid-Market
onboarding_guided_v1,org_01204,treatment,2025-11-29T00:00:00,SMB
onboarding_guided_v1,org_01205,control,2025-01-25T00:00:00,Enterprise
onboarding_guided_v1,org_01206,control,2025-12-08T00:00:00,Mid-Market
onboarding_guided_v1,org_01207,treatment,2025-07-02T00:00:00,SMB
onboarding_guided_v1,org_01208,control,2025-08-27T00:00:00,Enterprise
onboarding_guided_v1,org_01209,control,2025-03-01T00:00:00,SMB
onboarding_guided_v1,org_01210,control,2025-10-16T00:00:00,SMB
onboarding_guided_v1,org_01211,control,2025-06-14T00:00:00,SMB
onboarding_guided_v1,org_01212,treatment,2025-02-16T00:00:00,SMB
onboarding_guided_v1,org_01213,control,2025-05-12T00:00:00,Mid-Market
onboarding_guided_v1,org_01214,control,2025-12-05T00:00:00,SMB
onboarding_guided_v1,org_01215,control,2025-04-04T00:00:00,Enterprise
onboarding_guided_v1,org_01216,treatment,2025-02-06T00:00:00,SMB
onboarding_guided_v1,org_01217,treatment,2025-07-12T00:00:00,Mid-Market
onboarding_guided_v1,org_01218,control,2025-11-01T00:00:00,Mid-Market
onboarding_guided_v1,org_01219,control,2025-02-16T00:00:00,SMB
onboarding_guided_v1,org_01220,control,2025-04-15T00:00:00,SMB
onboarding_guided_v1,org_01221,treatment,2025-09-28T00:00:00,Enterprise
onboarding_guided_v1,org_01222,treatment,2025-07-15T00:00:00,SMB
onboarding_guided_v1,org_01223,control,2025-07-18T00:00:00,Enterprise
onboarding_guided_v1,org_01224,control,2025-03-09T00:00:00,Mid-Market
onboarding_guided_v1,org_01225,control,2025-11-23T00:00:00,Mid-Market
onboarding_guided_v1,org_01226,treatment,2025-05-05T00:00:00,SMB
onboarding_guided_v1,org_01227,treatment,2025-01-16T00:00:00,Enterprise
onboarding_guided_v1,org_01228,control,2025-10-26T00:00:00,Mid-Market
onboarding_guided_v1,org_01229,treatment,2025-07-07T00:00:00,Mid-Market
onboarding_guided_v1,org_01230,treatment,2025-11-03T00:00:00,SMB
onboarding_guided_v1,org_01231,control,2025-08-23T00:00:00,SMB
onboarding_guided_v1,org_01232,control,2025-09-26T00:00:00,SMB
onboarding_guided_v1,org_01233,treatment,2025-04-19T00:00:00,Mid-Market
onboarding_guided_v1,org_01234,treatment,2025-03-31T00:00:00,SMB
onboarding_guided_v1,org_01235,control,2025-02-20T00:00:00,SMB
onboarding_guided_v1,org_01236,treatment,2025-05-22T00:00:00,SMB
onboarding_guided_v1,org_01237,treatment,2025-07-13T00:00:00,Mid-Market
onboarding_guided_v1,org_01238,treatment,2025-06-07T00:00:00,SMB
onboarding_guided_v1,org_01239,treatment,2025-01-02T00:00:00,SMB
onboarding_guided_v1,org_01240,control,2025-03-02T00:00:00,Mid-Market
onboarding_guided_v1,org_01241,control,2025-09-28T00:00:00,SMB
onboarding_guided_v1,org_01242,treatment,2025-06-21T00:00:00,SMB
onboarding_guided_v1,org_01243,control,2025-09-24T00:00:00,SMB
onboarding_guided_v1,org_01244,control,2025-01-03T00:00:00,SMB
onboarding_guided_v1,org_01245,control,2025-02-26T00:00:00,SMB
onboarding_guided_v1,org_01246,treatment,2025-06-10T00:00:00,Mid-Market
onboarding_guided_v1,org_01247,treatment,2025-04-21T00:00:00,SMB
onboarding_guided_v1,org_01248,control,2025-05-15T00:00:00,SMB
onboarding_guided_v1,org_01249,control,2025-03-16T00:00:00,SMB
onboarding_guided_v1,org_01250,treatment,2025-01-21T00:00:00,SMB
onboarding_guided_v1,org_01251,treatment,2025-04-05T00:00:00,Mid-Market
onboarding_guided_v1,org_01252,control,2025-07-08T00:00:00,SMB
onboarding_guided_v1,org_01253,treatment,2025-04-23T00:00:00,Mid-Market
onboarding_guided_v1,org_01254,treatment,2025-01-12T00:00:00,SMB
onboarding_guided_v1,org_01255,control,2025-03-28T00:00:00,Enterprise
onboarding_guided_v1,org_01256,control,2025-11-06T00:00:00,Mid-Market
onboarding_guided_v1,org_01257,control,2025-04-25T00:00:00,SMB
onboarding_guided_v1,org_01258,treatment,2025-01-01T00:00:00,SMB
onboarding_guided_v1,org_01259,control,2025-12-27T00:00:00,Mid-Market
onboarding_guided_v1,org_01260,control,2025-03-28T00:00:00,SMB
onboarding_guided_v1,org_01261,treatment,2025-04-23T00:00:00,SMB
onboarding_guided_v1,org_01262,control,2025-11-04T00:00:00,Mid-Market
onboarding_guided_v1,org_01263,control,2025-09-26T00:00:00,SMB
onboarding_guided_v1,org_01264,treatment,2025-02-01T00:00:00,Mid-Market
onboarding_guided_v1,org_01265,treatment,2025-04-26T00:00:00,SMB
onboarding_guided_v1,org_01266,treatment,2025-05-17T00:00:00,Mid-Market
onboarding_guided_v1,org_01267,control,2025-10-25T00:00:00,SMB
onboarding_guided_v1,org_01268,control,2025-04-10T00:00:00,Mid-Market
onboarding_guided_v1,org_01269,treatment,2025-10-02T00:00:00,SMB
onboarding_guided_v1,org_01270,treatment,2025-08-29T00:00:00,Enterprise
onboarding_guided_v1,org_01271,treatment,2025-09-18T00:00:00,SMB
onboarding_guided_v1,org_01272,treatment,2025-12-14T00:00:00,SMB
onboarding_guided_v1,org_01273,treatment,2025-03-12T00:00:00,SMB
onboarding_guided_v1,org_01274,control,2025-12-31T00:00:00,SMB
onboarding_guided_v1,org_01275,control,2025-02-14T00:00:00,SMB
onboarding_guided_v1,org_01276,control,2025-06-28T00:00:00,Mid-Market
onboarding_guided_v1,org_01277,control,2025-01-11T00:00:00,Mid-Market
onboarding_guided_v1,org_01278,control,2025-11-06T00:00:00,Mid-Market
onboarding_guided_v1,org_01279,control,2025-12-29T00:00:00,Mid-Market
onboarding_guided_v1,org_01280,control,2025-07-04T00:00:00,SMB
onboarding_guided_v1,org_01281,treatment,2025-09-24T00:00:00,SMB
onboarding_guided_v1,org_01282,control,2025-09-13T00:00:00,SMB
onboarding_guided_v1,org_01283,control,2025-03-31T00:00:00,SMB
onboarding_guided_v1,org_01284,control,2025-08-11T00:00:00,SMB
onboarding_guided_v1,org_01285,treatment,2025-02-22T00:00:00,SMB
onboarding_guided_v1,org_01286,treatment,2025-10-13T00:00:00,Mid-Market
onboarding_guided_v1,org_01287,control,2025-07-10T00:00:00,SMB
onboarding_guided_v1,org_01288,control,2025-01-21T00:00:00,SMB
onboarding_guided_v1,org_01289,control,2025-06-18T00:00:00,SMB
onboarding_guided_v1,org_01290,control,2025-02-02T00:00:00,SMB
onboarding_guided_v1,org_01291,control,2025-09-10T00:00:00,SMB
onboarding_guided_v1,org_01292,treatment,2025-04-04T00:00:00,Mid-Market
onboarding_guided_v1,org_01293,treatment,2025-08-05T00:00:00,Enterprise
onboarding_guided_v1,org_01294,treatment,2025-02-06T00:00:00,SMB
onboarding_guided_v1,org_01295,treatment,2025-05-25T00:00:00,Mid-Market
onboarding_guided_v1,org_01296,treatment,2025-03-03T00:00:00,SMB
onboarding_guided_v1,org_01297,treatment,2025-05-05T00:00:00,Mid-Market
onboarding_guided_v1,org_01298,control,2025-07-14T00:00:00,Mid-Market
onboarding_guided_v1,org_01299,control,2025-10-16T00:00:00,SMB
onboarding_guided_v1,org_01300,treatment,2025-03-08T00:00:00,SMB
onboarding_guided_v1,org_01301,treatment,2025-12-04T00:00:00,SMB
onboarding_guided_v1,org_01302,control,2025-06-11T00:00:00,SMB
onboarding_guided_v1,org_01303,treatment,2025-08-09T00:00:00,SMB
onboarding_guided_v1,org_01304,treatment,2025-06-08T00:00:00,Mid-Market
onboarding_guided_v1,org_01305,treatment,2025-09-24T00:00:00,SMB
onboarding_guided_v1,org_01306,treatment,2025-10-25T00:00:00,Enterprise
onboarding_guided_v1,org_01307,control,2025-06-19T00:00:00,Enterprise
onboarding_guided_v1,org_01308,treatment,2025-01-23T00:00:00,SMB
onboarding_guided_v1,org_01309,treatment,2025-04-27T00:00:00,Mid-Market
onboarding_guided_v1,org_01310,treatment,2025-12-23T00:00:00,Mid-Market
onboarding_guided_v1,org_01311,control,2025-10-16T00:00:00,SMB
onboarding_guided_v1,org_01312,control,2025-05-22T00:00:00,SMB
onboarding_guided_v1,org_01313,treatment,2025-02-03T00:00:00,SMB
onboarding_guided_v1,org_01314,control,2025-12-03T00:00:00,SMB
onboarding_guided_v1,org_01315,control,2025-10-13T00:00:00,SMB
onboarding_guided_v1,org_01316,control,2025-07-30T00:00:00,Mid-Market
onboarding_guided_v1,org_01317,control,2025-07-04T00:00:00,Mid-Market
onboarding_guided_v1,org_01318,treatment,2025-05-23T00:00:00,Enterprise
onboarding_guided_v1,org_01319,treatment,2025-09-08T00:00:00,SMB
onboarding_guided_v1,org_01320,control,2025-12-19T00:00:00,SMB
onboarding_guided_v1,org_01321,treatment,2025-02-12T00:00:00,SMB
onboarding_guided_v1,org_01322,treatment,2025-04-22T00:00:00,Mid-Market
onboarding_guided_v1,org_01323,treatment,2025-05-18T00:00:00,SMB
onboarding_guided_v1,org_01324,treatment,2025-02-01T00:00:00,SMB
onboarding_guided_v1,org_01325,control,2025-05-20T00:00:00,SMB
onboarding_guided_v1,org_01326,treatment,2025-12-31T00:00:00,SMB
onboarding_guided_v1,org_01327,control,2025-10-22T00:00:00,SMB
onboarding_guided_v1,org_01328,treatment,2025-08-17T00:00:00,SMB
onboarding_guided_v1,org_01329,treatment,2025-01-11T00:00:00,Enterprise
onboarding_guided_v1,org_01330,treatment,2025-11-21T00:00:00,Mid-Market
onboarding_guided_v1,org_01331,treatment,2025-11-11T00:00:00,SMB
onboarding_guided_v1,org_01332,control,2025-09-30T00:00:00,SMB
onboarding_guided_v1,org_01333,control,2025-01-14T00:00:00,SMB
onboarding_guided_v1,org_01334,control,2025-12-30T00:00:00,SMB
onboarding_guided_v1,org_01335,control,2025-03-08T00:00:00,SMB
onboarding_guided_v1,org_01336,treatment,2025-05-16T00:00:00,Mid-Market
onboarding_guided_v1,org_01337,treatment,2025-06-21T00:00:00,Mid-Market
onboarding_guided_v1,org_01338,treatment,2025-08-21T00:00:00,Mid-Market
onboarding_guided_v1,org_01339,treatment,2025-11-14T00:00:00,SMB
onboarding_guided_v1,org_01340,treatment,2025-07-12T00:00:00,Mid-Market
onboarding_guided_v1,org_01341,control,2025-04-01T00:00:00,SMB
onboarding_guided_v1,org_01342,treatment,2025-04-18T00:00:00,Enterprise
onboarding_guided_v1,org_01343,treatment,2025-08-08T00:00:00,SMB
onboarding_guided_v1,org_01344,control,2025-05-24T00:00:00,SMB
onboarding_guided_v1,org_01345,treatment,2025-01-21T00:00:00,Mid-Market
onboarding_guided_v1,org_01346,treatment,2025-02-07T00:00:00,Mid-Market
onboarding_guided_v1,org_01347,treatment,2025-09-11T00:00:00,SMB
onboarding_guided_v1,org_01348,control,2025-07-23T00:00:00,Mid-Market
onboarding_guided_v1,org_01349,control,2025-08-06T00:00:00,Mid-Market
onboarding_guided_v1,org_01350,control,2025-04-22T00:00:00,Enterprise
onboarding_guided_v1,org_01351,control,2025-05-14T00:00:00,SMB
onboarding_guided_v1,org_01352,control,2025-02-03T00:00:00,SMB
onboarding_guided_v1,org_01353,treatment,2025-07-19T00:00:00,SMB
onboarding_guided_v1,org_01354,control,2025-10-19T00:00:00,SMB
onboarding_guided_v1,org_01355,treatment,2025-11-05T00:00:00,Mid-Market
onboarding_guided_v1,org_01356,treatment,2025-11-24T00:00:00,SMB
onboarding_guided_v1,org_01357,treatment,2025-12-27T00:00:00,Enterprise
onboarding_guided_v1,org_01358,control,2025-11-21T00:00:00,Mid-Market
onboarding_guided_v1,org_01359,control,2025-01-10T00:00:00,SMB
onboarding_guided_v1,org_01360,treatment,2025-05-30T00:00:00,SMB
onboarding_guided_v1,org_01361,treatment,2025-08-09T00:00:00,Mid-Market
onboarding_guided_v1,org_01362,treatment,2025-02-16T00:00:00,SMB
onboarding_guided_v1,org_01363,treatment,2025-06-10T00:00:00,Mid-Market
onboarding_guided_v1,org_01364,control,2025-01-28T00:00:00,SMB
onboarding_guided_v1,org_01365,control,2025-01-05T00:00:00,Mid-Market
onboarding_guided_v1,org_01366,control,2025-08-21T00:00:00,Mid-Market
onboarding_guided_v1,org_01367,treatment,2025-05-04T00:00:00,Mid-Market
onboarding_guided_v1,org_01368,treatment,2025-01-15T00:00:00,Mid-Market
onboarding_guided_v1,org_01369,treatment,2025-10-06T00:00:00,SMB
onboarding_guided_v1,org_01370,treatment,2025-03-16T00:00:00,SMB
onboarding_guided_v1,org_01371,treatment,2025-04-16T00:00:00,Mid-Market
onboarding_guided_v1,org_01372,control,2025-10-18T00:00:00,SMB
onboarding_guided_v1,org_01373,control,2025-11-17T00:00:00,SMB
onboarding_guided_v1,org_01374,control,2025-06-23T00:00:00,Enterprise
onboarding_guided_v1,org_01375,treatment,2025-02-28T00:00:00,Mid-Market
onboarding_guided_v1,org_01376,control,2025-01-27T00:00:00,SMB
onboarding_guided_v1,org_01377,control,2025-04-05T00:00:00,SMB
onboarding_guided_v1,org_01378,control,2025-06-09T00:00:00,Enterprise
onboarding_guided_v1,org_01379,control,2025-02-15T00:00:00,SMB
onboarding_guided_v1,org_01380,control,2025-07-29T00:00:00,SMB
onboarding_guided_v1,org_01381,treatment,2025-05-06T00:00:00,Enterprise
onboarding_guided_v1,org_01382,control,2025-04-30T00:00:00,SMB
onboarding_guided_v1,org_01383,control,2025-07-26T00:00:00,SMB
onboarding_guided_v1,org_01384,control,2025-06-24T00:00:00,SMB
onboarding_guided_v1,org_01385,control,2025-01-08T00:00:00,Mid-Market
onboarding_guided_v1,org_01386,treatment,2025-01-04T00:00:00,SMB
onboarding_guided_v1,org_01387,treatment,2025-06-24T00:00:00,Mid-Market
onboarding_guided_v1,org_01388,control,2025-06-07T00:00:00,Mid-Market
onboarding_guided_v1,org_01389,control,2025-03-30T00:00:00,SMB
onboarding_guided_v1,org_01390,treatment,2025-07-23T00:00:00,SMB
onboarding_guided_v1,org_01391,treatment,2025-07-28T00:00:00,SMB
onboarding_guided_v1,org_01392,control,2025-04-12T00:00:00,SMB
onboarding_guided_v1,org_01393,treatment,2025-12-17T00:00:00,SMB
onboarding_guided_v1,org_01394,control,2025-04-18T00:00:00,Enterprise
onboarding_guided_v1,org_01395,control,2025-11-13T00:00:00,SMB
onboarding_guided_v1,org_01396,control,2025-12-17T00:00:00,Mid-Market
onboarding_guided_v1,org_01397,treatment,2025-10-28T00:00:00,SMB
onboarding_guided_v1,org_01398,control,2025-01-28T00:00:00,SMB
onboarding_guided_v1,org_01399,treatment,2025-02-27T00:00:00,SMB
onboarding_guided_v1,org_01400,treatment,2025-01-09T00:00:00,SMB
onboarding_guided_v1,org_01401,treatment,2025-06-05T00:00:00,SMB
onboarding_guided_v1,org_01402,control,2025-05-18T00:00:00,SMB
onboarding_guided_v1,org_01403,treatment,2025-07-28T00:00:00,SMB
onboarding_guided_v1,org_01404,treatment,2025-05-01T00:00:00,Mid-Market
onboarding_guided_v1,org_01405,treatment,2025-08-02T00:00:00,SMB
onboarding_guided_v1,org_01406,control,2025-11-01T00:00:00,SMB
onboarding_guided_v1,org_01407,treatment,2025-07-25T00:00:00,SMB
onboarding_guided_v1,org_01408,control,2025-11-22T00:00:00,Mid-Market
onboarding_guided_v1,org_01409,treatment,2025-11-30T00:00:00,SMB
onboarding_guided_v1,org_01410,treatment,2025-09-23T00:00:00,Mid-Market
onboarding_guided_v1,org_01411,treatment,2025-11-24T00:00:00,SMB
onboarding_guided_v1,org_01412,treatment,2025-10-03T00:00:00,Mid-Market
onboarding_guided_v1,org_01413,treatment,2025-04-18T00:00:00,SMB
onboarding_guided_v1,org_01414,control,2025-09-15T00:00:00,Enterprise
onboarding_guided_v1,org_01415,treatment,2025-06-18T00:00:00,Mid-Market
onboarding_guided_v1,org_01416,treatment,2025-06-04T00:00:00,Mid-Market
onboarding_guided_v1,org_01417,control,2025-05-28T00:00:00,SMB
onboarding_guided_v1,org_01418,treatment,2025-05-08T00:00:00,SMB
onboarding_guided_v1,org_01419,treatment,2025-06-09T00:00:00,SMB
onboarding_guided_v1,org_01420,treatment,2025-09-01T00:00:00,SMB
onboarding_guided_v1,org_01421,control,2025-06-10T00:00:00,SMB
onboarding_guided_v1,org_01422,control,2025-12-22T00:00:00,SMB
onboarding_guided_v1,org_01423,treatment,2025-08-02T00:00:00,SMB
onboarding_guided_v1,org_01424,treatment,2025-11-23T00:00:00,SMB
onboarding_guided_v1,org_01425,control,2025-08-05T00:00:00,SMB
onboarding_guided_v1,org_01426,control,2025-06-15T00:00:00,SMB
onboarding_guided_v1,org_01427,control,2025-02-02T00:00:00,Mid-Market
onboarding_guided_v1,org_01428,treatment,2025-02-25T00:00:00,SMB
onboarding_guided_v1,org_01429,treatment,2025-06-20T00:00:00,Enterprise
onboarding_guided_v1,org_01430,treatment,2025-04-28T00:00:00,Mid-Market
onboarding_guided_v1,org_01431,treatment,2025-03-21T00:00:00,SMB
onboarding_guided_v1,org_01432,treatment,2025-04-28T00:00:00,SMB
onboarding_guided_v1,org_01433,treatment,2025-06-06T00:00:00,SMB
onboarding_guided_v1,org_01434,control,2025-03-22T00:00:00,SMB
onboarding_guided_v1,org_01435,control,2025-04-19T00:00:00,SMB
onboarding_guided_v1,org_01436,control,2025-07-24T00:00:00,SMB
onboarding_guided_v1,org_01437,control,2025-07-18T00:00:00,Mid-Market
onboarding_guided_v1,org_01438,control,2025-02-08T00:00:00,Mid-Market
onboarding_guided_v1,org_01439,control,2025-07-19T00:00:00,SMB
onboarding_guided_v1,org_01440,control,2025-01-14T00:00:00,SMB
onboarding_guided_v1,org_01441,treatment,2025-05-22T00:00:00,Mid-Market
onboarding_guided_v1,org_01442,control,2025-01-30T00:00:00,SMB
onboarding_guided_v1,org_01443,treatment,2025-05-25T00:00:00,SMB
onboarding_guided_v1,org_01444,control,2025-09-23T00:00:00,SMB
onboarding_guided_v1,org_01445,treatment,2025-08-16T00:00:00,Mid-Market
onboarding_guided_v1,org_01446,treatment,2025-01-07T00:00:00,Mid-Market
onboarding_guided_v1,org_01447,control,2025-11-15T00:00:00,SMB
onboarding_guided_v1,org_01448,treatment,2025-02-05T00:00:00,Mid-Market
onboarding_guided_v1,org_01449,control,2025-05-24T00:00:00,Enterprise
onboarding_guided_v1,org_01450,control,2025-05-13T00:00:00,Mid-Market
onboarding_guided_v1,org_01451,treatment,2025-09-21T00:00:00,Mid-Market
onboarding_guided_v1,org_01452,treatment,2025-01-20T00:00:00,SMB
onboarding_guided_v1,org_01453,treatment,2025-01-18T00:00:00,SMB
onboarding_guided_v1,org_01454,treatment,2025-09-08T00:00:00,SMB
onboarding_guided_v1,org_01455,control,2025-12-21T00:00:00,SMB
onboarding_guided_v1,org_01456,treatment,2025-06-11T00:00:00,SMB
onboarding_guided_v1,org_01457,treatment,2025-08-21T00:00:00,SMB
onboarding_guided_v1,org_01458,control,2025-10-20T00:00:00,SMB
onboarding_guided_v1,org_01459,treatment,2025-06-04T00:00:00,SMB
onboarding_guided_v1,org_01460,control,2025-03-03T00:00:00,SMB
onboarding_guided_v1,org_01461,control,2025-03-31T00:00:00,Mid-Market
onboarding_guided_v1,org_01462,control,2025-08-09T00:00:00,SMB
onboarding_guided_v1,org_01463,treatment,2025-03-06T00:00:00,SMB
onboarding_guided_v1,org_01464,control,2025-06-08T00:00:00,SMB
onboarding_guided_v1,org_01465,treatment,2025-07-09T00:00:00,SMB
onboarding_guided_v1,org_01466,control,2025-08-05T00:00:00,Enterprise
onboarding_guided_v1,org_01467,control,2025-05-20T00:00:00,Enterprise
onboarding_guided_v1,org_01468,control,2025-10-10T00:00:00,SMB
onboarding_guided_v1,org_01469,control,2025-02-10T00:00:00,SMB
onboarding_guided_v1,org_01470,treatment,2025-11-30T00:00:00,Mid-Market
onboarding_guided_v1,org_01471,control,2025-06-24T00:00:00,SMB
onboarding_guided_v1,org_01472,treatment,2025-12-18T00:00:00,SMB
onboarding_guided_v1,org_01473,control,2025-12-09T00:00:00,Mid-Market
onboarding_guided_v1,org_01474,control,2025-05-23T00:00:00,SMB
onboarding_guided_v1,org_01475,control,2025-11-27T00:00:00,SMB
onboarding_guided_v1,org_01476,treatment,2025-01-29T00:00:00,SMB
onboarding_guided_v1,org_01477,treatment,2025-11-19T00:00:00,SMB
onboarding_guided_v1,org_01478,treatment,2025-09-21T00:00:00,Mid-Market
onboarding_guided_v1,org_01479,treatment,2025-10-08T00:00:00,Mid-Market
onboarding_guided_v1,org_01480,control,2025-12-04T00:00:00,Mid-Market
onboarding_guided_v1,org_01481,control,2025-03-11T00:00:00,Mid-Market
onboarding_guided_v1,org_01482,control,2025-02-10T00:00:00,SMB
onboarding_guided_v1,org_01483,control,2025-10-07T00:00:00,Mid-Market
onboarding_guided_v1,org_01484,treatment,2025-12-27T00:00:00,Enterprise
onboarding_guided_v1,org_01485,control,2025-02-26T00:00:00,Mid-Market
onboarding_guided_v1,org_01486,treatment,2025-05-08T00:00:00,Mid-Market
onboarding_guided_v1,org_01487,treatment,2025-04-14T00:00:00,SMB
onboarding_guided_v1,org_01488,treatment,2025-07-06T00:00:00,SMB
onboarding_guided_v1,org_01489,control,2025-08-30T00:00:00,SMB
onboarding_guided_v1,org_01490,control,2025-11-26T00:00:00,SMB
onboarding_guided_v1,org_01491,treatment,2025-02-04T00:00:00,SMB
onboarding_guided_v1,org_01492,control,2025-11-07T00:00:00,Enterprise
onboarding_guided_v1,org_01493,treatment,2025-08-02T00:00:00,Mid-Market
onboarding_guided_v1,org_01494,treatment,2025-07-31T00:00:00,Mid-Market
onboarding_guided_v1,org_01495,treatment,2025-06-22T00:00:00,SMB
onboarding_guided_v1,org_01496,treatment,2025-12-03T00:00:00,Mid-Market
onboarding_guided_v1,org_01497,control,2025-11-12T00:00:00,Enterprise
onboarding_guided_v1,org_01498,treatment,2025-07-15T00:00:00,Mid-Market
onboarding_guided_v1,org_01499,control,2025-11-07T00:00:00,Mid-Market
onboarding_guided_v1,org_01500,control,2025-10-23T00:00:00,SMB
onboarding_guided_v1,org_01501,treatment,2025-03-09T00:00:00,SMB
onboarding_guided_v1,org_01502,treatment,2025-01-24T00:00:00,SMB
onboarding_guided_v1,org_01503,control,2025-10-12T00:00:00,SMB
onboarding_guided_v1,org_01504,control,2025-08-07T00:00:00,SMB
onboarding_guided_v1,org_01505,control,2025-02-27T00:00:00,Mid-Market
onboarding_guided_v1,org_01506,treatment,2025-02-07T00:00:00,Mid-Market
onboarding_guided_v1,org_01507,treatment,2025-12-18T00:00:00,SMB
onboarding_guided_v1,org_01508,treatment,2025-11-30T00:00:00,Mid-Market
onboarding_guided_v1,org_01509,treatment,2025-05-27T00:00:00,SMB
onboarding_guided_v1,org_01510,control,2025-07-30T00:00:00,SMB
onboarding_guided_v1,org_01511,control,2025-12-21T00:00:00,SMB
onboarding_guided_v1,org_01512,control,2025-04-14T00:00:00,SMB
onboarding_guided_v1,org_01513,control,2025-04-25T00:00:00,SMB
onboarding_guided_v1,org_01514,treatment,2025-12-03T00:00:00,SMB
onboarding_guided_v1,org_01515,control,2025-09-22T00:00:00,Mid-Market
onboarding_guided_v1,org_01516,control,2025-08-12T00:00:00,Enterprise
onboarding_guided_v1,org_01517,treatment,2025-01-17T00:00:00,Mid-Market
onboarding_guided_v1,org_01518,control,2025-04-17T00:00:00,SMB
onboarding_guided_v1,org_01519,control,2025-08-10T00:00:00,SMB
onboarding_guided_v1,org_01520,control,2025-03-11T00:00:00,SMB
onboarding_guided_v1,org_01521,control,2025-04-07T00:00:00,Enterprise
onboarding_guided_v1,org_01522,treatment,2025-08-18T00:00:00,SMB
onboarding_guided_v1,org_01523,control,2025-11-07T00:00:00,Enterprise
onboarding_guided_v1,org_01524,treatment,2025-04-17T00:00:00,Enterprise
onboarding_guided_v1,org_01525,control,2025-06-07T00:00:00,SMB
onboarding_guided_v1,org_01526,control,2025-01-16T00:00:00,Mid-Market
onboarding_guided_v1,org_01527,control,2025-07-03T00:00:00,Enterprise
onboarding_guided_v1,org_01528,treatment,2025-03-28T00:00:00,SMB
onboarding_guided_v1,org_01529,control,2025-08-05T00:00:00,SMB
onboarding_guided_v1,org_01530,treatment,2025-10-18T00:00:00,Mid-Market
onboarding_guided_v1,org_01531,treatment,2025-10-12T00:00:00,Mid-Market
onboarding_guided_v1,org_01532,control,2025-05-20T00:00:00,SMB
onboarding_guided_v1,org_01533,control,2025-11-29T00:00:00,Enterprise
onboarding_guided_v1,org_01534,treatment,2025-02-02T00:00:00,SMB
onboarding_guided_v1,org_01535,control,2025-12-02T00:00:00,SMB
onboarding_guided_v1,org_01536,treatment,2025-01-01T00:00:00,SMB
onboarding_guided_v1,org_01537,control,2025-11-28T00:00:00,SMB
onboarding_guided_v1,org_01538,control,2025-02-04T00:00:00,Mid-Market
onboarding_guided_v1,org_01539,treatment,2025-07-12T00:00:00,Mid-Market
onboarding_guided_v1,org_01540,control,2025-03-20T00:00:00,SMB
onboarding_guided_v1,org_01541,control,2025-03-07T00:00:00,Enterprise
onboarding_guided_v1,org_01542,control,2025-09-16T00:00:00,SMB
onboarding_guided_v1,org_01543,treatment,2025-04-10T00:00:00,Enterprise
onboarding_guided_v1,org_01544,control,2025-09-30T00:00:00,SMB
onboarding_guided_v1,org_01545,treatment,2025-06-05T00:00:00,Enterprise
onboarding_guided_v1,org_01546,treatment,2025-10-13T00:00:00,Mid-Market
onboarding_guided_v1,org_01547,control,2025-04-11T00:00:00,SMB
onboarding_guided_v1,org_01548,control,2025-05-15T00:00:00,SMB
onboarding_guided_v1,org_01549,treatment,2025-05-31T00:00:00,Enterprise
onboarding_guided_v1,org_01550,control,2025-07-14T00:00:00,SMB
onboarding_guided_v1,org_01551,control,2025-04-06T00:00:00,SMB
onboarding_guided_v1,org_01552,treatment,2025-03-27T00:00:00,Mid-Market
onboarding_guided_v1,org_01553,control,2025-07-02T00:00:00,Mid-Market
onboarding_guided_v1,org_01554,control,2025-12-29T00:00:00,Mid-Market
onboarding_guided_v1,org_01555,control,2025-09-27T00:00:00,SMB
onboarding_guided_v1,org_01556,treatment,2025-10-14T00:00:00,SMB
onboarding_guided_v1,org_01557,control,2025-04-25T00:00:00,SMB
onboarding_guided_v1,org_01558,treatment,2025-03-10T00:00:00,SMB
onboarding_guided_v1,org_01559,treatment,2025-07-04T00:00:00,SMB
onboarding_guided_v1,org_01560,treatment,2025-08-25T00:00:00,SMB
onboarding_guided_v1,org_01561,control,2025-05-18T00:00:00,SMB
onboarding_guided_v1,org_01562,treatment,2025-08-01T00:00:00,SMB
onboarding_guided_v1,org_01563,control,2025-04-22T00:00:00,SMB
onboarding_guided_v1,org_01564,treatment,2025-12-29T00:00:00,SMB
onboarding_guided_v1,org_01565,control,2025-06-07T00:00:00,SMB
onboarding_guided_v1,org_01566,treatment,2025-05-18T00:00:00,Mid-Market
onboarding_guided_v1,org_01567,treatment,2025-10-20T00:00:00,Mid-Market
onboarding_guided_v1,org_01568,control,2025-06-06T00:00:00,Mid-Market
onboarding_guided_v1,org_01569,control,2025-10-09T00:00:00,SMB
onboarding_guided_v1,org_01570,control,2025-02-02T00:00:00,Mid-Market
onboarding_guided_v1,org_01571,treatment,2025-12-29T00:00:00,SMB
onboarding_guided_v1,org_01572,control,2025-08-21T00:00:00,Mid-Market
onboarding_guided_v1,org_01573,treatment,2025-12-06T00:00:00,SMB
onboarding_guided_v1,org_01574,control,2025-02-02T00:00:00,SMB
onboarding_guided_v1,org_01575,control,2025-04-24T00:00:00,Mid-Market
onboarding_guided_v1,org_01576,treatment,2025-02-11T00:00:00,SMB
onboarding_guided_v1,org_01577,control,2025-08-26T00:00:00,Mid-Market
onboarding_guided_v1,org_01578,control,2025-11-02T00:00:00,SMB
onboarding_guided_v1,org_01579,treatment,2025-12-17T00:00:00,SMB
onboarding_guided_v1,org_01580,treatment,2025-08-19T00:00:00,SMB
onboarding_guided_v1,org_01581,treatment,2025-08-21T00:00:00,SMB
onboarding_guided_v1,org_01582,control,2025-06-16T00:00:00,Enterprise
onboarding_guided_v1,org_01583,treatment,2025-09-08T00:00:00,SMB
onboarding_guided_v1,org_01584,control,2025-08-30T00:00:00,Mid-Market
onboarding_guided_v1,org_01585,treatment,2025-11-05T00:00:00,Mid-Market
onboarding_guided_v1,org_01586,control,2025-12-28T00:00:00,SMB
onboarding_guided_v1,org_01587,treatment,2025-02-27T00:00:00,SMB
onboarding_guided_v1,org_01588,treatment,2025-11-28T00:00:00,SMB
onboarding_guided_v1,org_01589,treatment,2025-03-18T00:00:00,SMB
onboarding_guided_v1,org_01590,control,2025-08-14T00:00:00,SMB
onboarding_guided_v1,org_01591,treatment,2025-01-30T00:00:00,SMB
onboarding_guided_v1,org_01592,treatment,2025-02-26T00:00:00,SMB
onboarding_guided_v1,org_01593,treatment,2025-06-11T00:00:00,Mid-Market
onboarding_guided_v1,org_01594,treatment,2025-08-06T00:00:00,SMB
onboarding_guided_v1,org_01595,control,2025-06-12T00:00:00,Mid-Market
onboarding_guided_v1,org_01596,treatment,2025-02-13T00:00:00,Enterprise
onboarding_guided_v1,org_01597,treatment,2025-10-02T00:00:00,SMB
onboarding_guided_v1,org_01598,treatment,2025-10-25T00:00:00,Mid-Market
onboarding_guided_v1,org_01599,control,2025-02-12T00:00:00,Enterprise
onboarding_guided_v1,org_01600,control,2025-02-09T00:00:00,SMB
onboarding_guided_v1,org_01601,control,2025-05-02T00:00:00,SMB
onboarding_guided_v1,org_01602,control,2025-07-27T00:00:00,Mid-Market
onboarding_guided_v1,org_01603,treatment,2025-06-17T00:00:00,Enterprise
onboarding_guided_v1,org_01604,control,2025-12-08T00:00:00,SMB
onboarding_guided_v1,org_01605,control,2025-02-23T00:00:00,SMB
onboarding_guided_v1,org_01606,treatment,2025-09-04T00:00:00,SMB
onboarding_guided_v1,org_01607,treatment,2025-01-28T00:00:00,SMB
onboarding_guided_v1,org_01608,control,2025-08-14T00:00:00,Mid-Market
onboarding_guided_v1,org_01609,treatment,2025-09-20T00:00:00,SMB
onboarding_guided_v1,org_01610,treatment,2025-11-07T00:00:00,SMB
onboarding_guided_v1,org_01611,control,2025-08-07T00:00:00,Enterprise
onboarding_guided_v1,org_01612,control,2025-05-06T00:00:00,Mid-Market
onboarding_guided_v1,org_01613,control,2025-12-23T00:00:00,Mid-Market
onboarding_guided_v1,org_01614,treatment,2025-10-29T00:00:00,SMB
onboarding_guided_v1,org_01615,control,2025-05-28T00:00:00,Mid-Market
onboarding_guided_v1,org_01616,treatment,2025-01-03T00:00:00,Mid-Market
onboarding_guided_v1,org_01617,control,2025-04-06T00:00:00,SMB
onboarding_guided_v1,org_01618,treatment,2025-11-23T00:00:00,SMB
onboarding_guided_v1,org_01619,control,2025-03-09T00:00:00,SMB
onboarding_guided_v1,org_01620,treatment,2025-08-27T00:00:00,Mid-Market
onboarding_guided_v1,org_01621,treatment,2025-01-11T00:00:00,SMB
onboarding_guided_v1,org_01622,treatment,2025-06-25T00:00:00,Mid-Market
onboarding_guided_v1,org_01623,control,2025-05-29T00:00:00,Mid-Market
onboarding_guided_v1,org_01624,control,2025-03-02T00:00:00,SMB
onboarding_guided_v1,org_01625,control,2025-01-13T00:00:00,Mid-Market
onboarding_guided_v1,org_01626,treatment,2025-06-12T00:00:00,SMB
onboarding_guided_v1,org_01627,control,2025-07-09T00:00:00,SMB
onboarding_guided_v1,org_01628,treatment,2025-06-25T00:00:00,SMB
onboarding_guided_v1,org_01629,control,2025-06-18T00:00:00,Mid-Market
onboarding_guided_v1,org_01630,control,2025-05-06T00:00:00,Mid-Market
onboarding_guided_v1,org_01631,treatment,2025-08-06T00:00:00,Mid-Market
onboarding_guided_v1,org_01632,treatment,2025-06-07T00:00:00,SMB
onboarding_guided_v1,org_01633,control,2025-04-05T00:00:00,Mid-Market
onboarding_guided_v1,org_01634,control,2025-10-18T00:00:00,SMB
onboarding_guided_v1,org_01635,control,2025-04-03T00:00:00,SMB
onboarding_guided_v1,org_01636,treatment,2025-01-08T00:00:00,SMB
onboarding_guided_v1,org_01637,treatment,2025-06-02T00:00:00,SMB
onboarding_guided_v1,org_01638,treatment,2025-09-08T00:00:00,SMB
onboarding_guided_v1,org_01639,treatment,2025-06-22T00:00:00,Mid-Market
onboarding_guided_v1,org_01640,treatment,2025-02-28T00:00:00,Mid-Market
onboarding_guided_v1,org_01641,control,2025-10-15T00:00:00,SMB
onboarding_guided_v1,org_01642,control,2025-11-09T00:00:00,SMB
onboarding_guided_v1,org_01643,treatment,2025-02-05T00:00:00,Mid-Market
onboarding_guided_v1,org_01644,control,2025-07-20T00:00:00,Mid-Market
onboarding_guided_v1,org_01645,control,2025-07-13T00:00:00,SMB
onboarding_guided_v1,org_01646,control,2025-10-26T00:00:00,Mid-Market
onboarding_guided_v1,org_01647,treatment,2025-09-18T00:00:00,SMB
onboarding_guided_v1,org_01648,treatment,2025-11-25T00:00:00,Mid-Market
onboarding_guided_v1,org_01649,treatment,2025-02-09T00:00:00,Mid-Market
onboarding_guided_v1,org_01650,control,2025-10-03T00:00:00,Mid-Market
onboarding_guided_v1,org_01651,control,2025-11-18T00:00:00,Enterprise
onboarding_guided_v1,org_01652,treatment,2025-01-17T00:00:00,SMB
onboarding_guided_v1,org_01653,control,2025-05-29T00:00:00,Mid-Market
onboarding_guided_v1,org_01654,control,2025-07-04T00:00:00,SMB
onboarding_guided_v1,org_01655,control,2025-11-02T00:00:00,SMB
onboarding_guided_v1,org_01656,treatment,2025-10-16T00:00:00,SMB
onboarding_guided_v1,org_01657,treatment,2025-02-04T00:00:00,SMB
onboarding_guided_v1,org_01658,treatment,2025-08-07T00:00:00,Enterprise
onboarding_guided_v1,org_01659,control,2025-12-21T00:00:00,Mid-Market
onboarding_guided_v1,org_01660,control,2025-02-06T00:00:00,Mid-Market
onboarding_guided_v1,org_01661,treatment,2025-02-10T00:00:00,SMB
onboarding_guided_v1,org_01662,control,2025-01-01T00:00:00,SMB
onboarding_guided_v1,org_01663,control,2025-03-10T00:00:00,SMB
onboarding_guided_v1,org_01664,treatment,2025-10-24T00:00:00,Mid-Market
onboarding_guided_v1,org_01665,treatment,2025-07-14T00:00:00,SMB
onboarding_guided_v1,org_01666,treatment,2025-06-29T00:00:00,SMB
onboarding_guided_v1,org_01667,control,2025-04-02T00:00:00,SMB
onboarding_guided_v1,org_01668,treatment,2025-01-03T00:00:00,Enterprise
onboarding_guided_v1,org_01669,control,2025-07-02T00:00:00,Enterprise
onboarding_guided_v1,org_01670,control,2025-12-07T00:00:00,SMB
onboarding_guided_v1,org_01671,treatment,2025-11-01T00:00:00,SMB
onboarding_guided_v1,org_01672,treatment,2025-12-16T00:00:00,Enterprise
onboarding_guided_v1,org_01673,treatment,2025-07-24T00:00:00,Enterprise
onboarding_guided_v1,org_01674,treatment,2025-09-05T00:00:00,SMB
onboarding_guided_v1,org_01675,control,2025-09-26T00:00:00,Mid-Market
onboarding_guided_v1,org_01676,control,2025-03-17T00:00:00,SMB
onboarding_guided_v1,org_01677,control,2025-09-02T00:00:00,Mid-Market
onboarding_guided_v1,org_01678,treatment,2025-10-26T00:00:00,SMB
onboarding_guided_v1,org_01679,treatment,2025-08-28T00:00:00,Mid-Market
onboarding_guided_v1,org_01680,control,2025-12-01T00:00:00,SMB
onboarding_guided_v1,org_01681,treatment,2025-05-06T00:00:00,Mid-Market
onboarding_guided_v1,org_01682,treatment,2025-09-18T00:00:00,SMB
onboarding_guided_v1,org_01683,treatment,2025-04-11T00:00:00,SMB
onboarding_guided_v1,org_01684,control,2025-01-07T00:00:00,SMB
onboarding_guided_v1,org_01685,control,2025-08-09T00:00:00,SMB
onboarding_guided_v1,org_01686,control,2025-08-17T00:00:00,SMB
onboarding_guided_v1,org_01687,control,2025-04-23T00:00:00,Mid-Market
onboarding_guided_v1,org_01688,control,2025-07-05T00:00:00,SMB
onboarding_guided_v1,org_01689,control,2025-09-18T00:00:00,SMB
onboarding_guided_v1,org_01690,treatment,2025-05-15T00:00:00,SMB
onboarding_guided_v1,org_01691,control,2025-12-14T00:00:00,SMB
onboarding_guided_v1,org_01692,control,2025-08-07T00:00:00,Mid-Market
onboarding_guided_v1,org_01693,control,2025-11-04T00:00:00,Enterprise
onboarding_guided_v1,org_01694,treatment,2025-11-26T00:00:00,Mid-Market
onboarding_guided_v1,org_01695,control,2025-01-27T00:00:00,Mid-Market
onboarding_guided_v1,org_01696,control,2025-02-11T00:00:00,SMB
onboarding_guided_v1,org_01697,control,2025-11-10T00:00:00,SMB
onboarding_guided_v1,org_01698,treatment,2025-08-21T00:00:00,SMB
onboarding_guided_v1,org_01699,treatment,2025-12-25T00:00:00,SMB
onboarding_guided_v1,org_01700,control,2025-11-18T00:00:00,SMB
onboarding_guided_v1,org_01701,treatment,2025-11-22T00:00:00,Enterprise
onboarding_guided_v1,org_01702,control,2025-05-22T00:00:00,SMB
onboarding_guided_v1,org_01703,treatment,2025-03-17T00:00:00,SMB
onboarding_guided_v1,org_01704,control,2025-10-05T00:00:00,Mid-Market
onboarding_guided_v1,org_01705,control,2025-01-04T00:00:00,Enterprise
onboarding_guided_v1,org_01706,treatment,2025-03-26T00:00:00,Mid-Market
onboarding_guided_v1,org_01707,control,2025-10-15T00:00:00,Mid-Market
onboarding_guided_v1,org_01708,control,2025-03-21T00:00:00,Enterprise
onboarding_guided_v1,org_01709,control,2025-05-15T00:00:00,Enterprise
onboarding_guided_v1,org_01710,treatment,2025-07-15T00:00:00,SMB
onboarding_guided_v1,org_01711,control,2025-12-10T00:00:00,Mid-Market
onboarding_guided_v1,org_01712,control,2025-12-29T00:00:00,SMB
onboarding_guided_v1,org_01713,control,2025-02-22T00:00:00,Enterprise
onboarding_guided_v1,org_01714,control,2025-07-05T00:00:00,Mid-Market
onboarding_guided_v1,org_01715,treatment,2025-12-27T00:00:00,SMB
onboarding_guided_v1,org_01716,control,2025-10-23T00:00:00,Enterprise
onboarding_guided_v1,org_01717,treatment,2025-09-05T00:00:00,Enterprise
onboarding_guided_v1,org_01718,control,2025-02-04T00:00:00,SMB
onboarding_guided_v1,org_01719,control,2025-04-12T00:00:00,Enterprise
onboarding_guided_v1,org_01720,control,2025-12-09T00:00:00,SMB
onboarding_guided_v1,org_01721,control,2025-11-18T00:00:00,SMB
onboarding_guided_v1,org_01722,control,2025-03-05T00:00:00,Mid-Market
onboarding_guided_v1,org_01723,control,2025-05-06T00:00:00,Mid-Market
onboarding_guided_v1,org_01724,control,2025-12-03T00:00:00,SMB
onboarding_guided_v1,org_01725,treatment,2025-10-03T00:00:00,SMB
onboarding_guided_v1,org_01726,control,2025-06-05T00:00:00,SMB
onboarding_guided_v1,org_01727,control,2025-07-02T00:00:00,SMB
onboarding_guided_v1,org_01728,treatment,2025-12-11T00:00:00,Mid-Market
onboarding_guided_v1,org_01729,treatment,2025-02-10T00:00:00,Enterprise
onboarding_guided_v1,org_01730,control,2025-07-12T00:00:00,SMB
onboarding_guided_v1,org_01731,treatment,2025-12-01T00:00:00,Enterprise
onboarding_guided_v1,org_01732,control,2025-04-23T00:00:00,SMB
onboarding_guided_v1,org_01733,control,2025-09-29T00:00:00,Mid-Market
onboarding_guided_v1,org_01734,treatment,2025-02-18T00:00:00,SMB
onboarding_guided_v1,org_01735,treatment,2025-09-11T00:00:00,SMB
onboarding_guided_v1,org_01736,treatment,2025-04-03T00:00:00,Mid-Market
onboarding_guided_v1,org_01737,control,2025-06-16T00:00:00,Mid-Market
onboarding_guided_v1,org_01738,treatment,2025-12-06T00:00:00,Mid-Market
onboarding_guided_v1,org_01739,treatment,2025-10-14T00:00:00,Mid-Market
onboarding_guided_v1,org_01740,control,2025-11-29T00:00:00,Mid-Market
onboarding_guided_v1,org_01741,control,2025-11-22T00:00:00,Enterprise
onboarding_guided_v1,org_01742,treatment,2025-04-17T00:00:00,Enterprise
onboarding_guided_v1,org_01743,treatment,2025-03-05T00:00:00,Mid-Market
onboarding_guided_v1,org_01744,control,2025-04-30T00:00:00,Mid-Market
onboarding_guided_v1,org_01745,control,2025-03-13T00:00:00,SMB
onboarding_guided_v1,org_01746,treatment,2025-07-22T00:00:00,Mid-Market
onboarding_guided_v1,org_01747,treatment,2025-05-31T00:00:00,SMB
onboarding_guided_v1,org_01748,treatment,2025-08-19T00:00:00,Enterprise
onboarding_guided_v1,org_01749,treatment,2025-08-09T00:00:00,Mid-Market
onboarding_guided_v1,org_01750,control,2025-11-01T00:00:00,SMB
onboarding_guided_v1,org_01751,control,2025-04-19T00:00:00,SMB
onboarding_guided_v1,org_01752,treatment,2025-11-17T00:00:00,SMB
onboarding_guided_v1,org_01753,control,2025-04-21T00:00:00,SMB
onboarding_guided_v1,org_01754,control,2025-12-12T00:00:00,Mid-Market
onboarding_guided_v1,org_01755,treatment,2025-09-27T00:00:00,Mid-Market
onboarding_guided_v1,org_01756,control,2025-06-22T00:00:00,Mid-Market
onboarding_guided_v1,org_01757,treatment,2025-08-27T00:00:00,SMB
onboarding_guided_v1,org_01758,control,2025-09-24T00:00:00,Mid-Market
onboarding_guided_v1,org_01759,control,2025-01-01T00:00:00,SMB
onboarding_guided_v1,org_01760,treatment,2025-10-10T00:00:00,Mid-Market
onboarding_guided_v1,org_01761,control,2025-12-27T00:00:00,SMB
onboarding_guided_v1,org_01762,control,2025-12-03T00:00:00,Mid-Market
onboarding_guided_v1,org_01763,treatment,2025-11-06T00:00:00,SMB
onboarding_guided_v1,org_01764,treatment,2025-01-09T00:00:00,SMB
onboarding_guided_v1,org_01765,treatment,2025-05-27T00:00:00,SMB
onboarding_guided_v1,org_01766,treatment,2025-05-21T00:00:00,SMB
onboarding_guided_v1,org_01767,treatment,2025-03-06T00:00:00,SMB
onboarding_guided_v1,org_01768,treatment,2025-10-03T00:00:00,SMB
onboarding_guided_v1,org_01769,treatment,2025-03-23T00:00:00,SMB
onboarding_guided_v1,org_01770,treatment,2025-04-25T00:00:00,SMB
onboarding_guided_v1,org_01771,treatment,2025-04-24T00:00:00,SMB
onboarding_guided_v1,org_01772,treatment,2025-08-26T00:00:00,Mid-Market
onboarding_guided_v1,org_01773,control,2025-12-22T00:00:00,SMB
onboarding_guided_v1,org_01774,control,2025-04-18T00:00:00,Mid-Market
onboarding_guided_v1,org_01775,treatment,2025-05-16T00:00:00,SMB
onboarding_guided_v1,org_01776,control,2025-10-26T00:00:00,SMB
onboarding_guided_v1,org_01777,control,2025-01-30T00:00:00,Mid-Market
onboarding_guided_v1,org_01778,treatment,2025-01-30T00:00:00,SMB
onboarding_guided_v1,org_01779,treatment,2025-02-01T00:00:00,SMB
onboarding_guided_v1,org_01780,treatment,2025-04-19T00:00:00,SMB
onboarding_guided_v1,org_01781,control,2025-07-06T00:00:00,Enterprise
onboarding_guided_v1,org_01782,treatment,2025-09-26T00:00:00,SMB
onboarding_guided_v1,org_01783,treatment,2025-07-27T00:00:00,SMB
onboarding_guided_v1,org_01784,treatment,2025-10-24T00:00:00,Enterprise
onboarding_guided_v1,org_01785,control,2025-06-10T00:00:00,Mid-Market
onboarding_guided_v1,org_01786,treatment,2025-04-14T00:00:00,SMB
onboarding_guided_v1,org_01787,treatment,2025-01-12T00:00:00,Mid-Market
onboarding_guided_v1,org_01788,treatment,2025-06-16T00:00:00,Mid-Market
onboarding_guided_v1,org_01789,treatment,2025-12-15T00:00:00,Mid-Market
onboarding_guided_v1,org_01790,treatment,2025-12-08T00:00:00,Mid-Market
onboarding_guided_v1,org_01791,control,2025-11-25T00:00:00,SMB
onboarding_guided_v1,org_01792,treatment,2025-05-07T00:00:00,Mid-Market
onboarding_guided_v1,org_01793,treatment,2025-11-07T00:00:00,Mid-Market
onboarding_guided_v1,org_01794,treatment,2025-09-17T00:00:00,SMB
onboarding_guided_v1,org_01795,control,2025-05-15T00:00:00,SMB
onboarding_guided_v1,org_01796,control,2025-07-14T00:00:00,SMB
onboarding_guided_v1,org_01797,treatment,2025-02-03T00:00:00,SMB
onboarding_guided_v1,org_01798,control,2025-08-19T00:00:00,SMB
onboarding_guided_v1,org_01799,treatment,2025-12-29T00:00:00,Enterprise
onboarding_guided_v1,org_01800,control,2025-12-17T00:00:00,Mid-Market
onboarding_guided_v1,org_01801,control,2025-06-14T00:00:00,Mid-Market
onboarding_guided_v1,org_01802,treatment,2025-11-23T00:00:00,SMB
onboarding_guided_v1,org_01803,treatment,2025-06-22T00:00:00,SMB
onboarding_guided_v1,org_01804,control,2025-05-31T00:00:00,SMB
onboarding_guided_v1,org_01805,treatment,2025-05-14T00:00:00,SMB
onboarding_guided_v1,org_01806,control,2025-08-08T00:00:00,SMB
onboarding_guided_v1,org_01807,control,2025-11-03T00:00:00,SMB
onboarding_guided_v1,org_01808,treatment,2025-05-04T00:00:00,Mid-Market
onboarding_guided_v1,org_01809,control,2025-04-15T00:00:00,SMB
onboarding_guided_v1,org_01810,control,2025-04-07T00:00:00,SMB
onboarding_guided_v1,org_01811,control,2025-08-29T00:00:00,Mid-Market
onboarding_guided_v1,org_01812,control,2025-10-24T00:00:00,Enterprise
onboarding_guided_v1,org_01813,control,2025-12-16T00:00:00,Mid-Market
onboarding_guided_v1,org_01814,treatment,2025-04-07T00:00:00,Mid-Market
onboarding_guided_v1,org_01815,treatment,2025-04-05T00:00:00,Mid-Market
onboarding_guided_v1,org_01816,control,2025-11-26T00:00:00,Mid-Market
onboarding_guided_v1,org_01817,control,2025-01-28T00:00:00,Enterprise
onboarding_guided_v1,org_01818,treatment,2025-03-15T00:00:00,SMB
onboarding_guided_v1,org_01819,control,2025-01-22T00:00:00,SMB
onboarding_guided_v1,org_01820,treatment,2025-02-23T00:00:00,Mid-Market
onboarding_guided_v1,org_01821,control,2025-10-31T00:00:00,Mid-Market
onboarding_guided_v1,org_01822,treatment,2025-03-03T00:00:00,Enterprise
onboarding_guided_v1,org_01823,treatment,2025-12-08T00:00:00,SMB
onboarding_guided_v1,org_01824,treatment,2025-09-05T00:00:00,Mid-Market
onboarding_guided_v1,org_01825,control,2025-01-20T00:00:00,SMB
onboarding_guided_v1,org_01826,treatment,2025-05-27T00:00:00,Mid-Market
onboarding_guided_v1,org_01827,control,2025-01-07T00:00:00,SMB
onboarding_guided_v1,org_01828,treatment,2025-06-15T00:00:00,SMB
onboarding_guided_v1,org_01829,control,2025-05-18T00:00:00,SMB
onboarding_guided_v1,org_01830,control,2025-09-17T00:00:00,SMB
onboarding_guided_v1,org_01831,treatment,2025-03-09T00:00:00,Enterprise
onboarding_guided_v1,org_01832,treatment,2025-07-22T00:00:00,SMB
onboarding_guided_v1,org_01833,control,2025-03-01T00:00:00,Enterprise
onboarding_guided_v1,org_01834,treatment,2025-07-12T00:00:00,SMB
onboarding_guided_v1,org_01835,control,2025-08-14T00:00:00,Enterprise
onboarding_guided_v1,org_01836,treatment,2025-05-19T00:00:00,SMB
onboarding_guided_v1,org_01837,treatment,2025-08-18T00:00:00,Enterprise
onboarding_guided_v1,org_01838,control,2025-03-16T00:00:00,Enterprise
onboarding_guided_v1,org_01839,treatment,2025-12-01T00:00:00,SMB
onboarding_guided_v1,org_01840,control,2025-03-31T00:00:00,SMB
onboarding_guided_v1,org_01841,control,2025-01-20T00:00:00,SMB
onboarding_guided_v1,org_01842,control,2025-12-05T00:00:00,SMB
onboarding_guided_v1,org_01843,treatment,2025-12-04T00:00:00,SMB
onboarding_guided_v1,org_01844,control,2025-06-18T00:00:00,Mid-Market
onboarding_guided_v1,org_01845,control,2025-02-27T00:00:00,Mid-Market
onboarding_guided_v1,org_01846,treatment,2025-06-21T00:00:00,SMB
onboarding_guided_v1,org_01847,control,2025-07-13T00:00:00,SMB
onboarding_guided_v1,org_01848,control,2025-10-28T00:00:00,Mid-Market
onboarding_guided_v1,org_01849,treatment,2025-06-06T00:00:00,SMB
onboarding_guided_v1,org_01850,treatment,2025-01-12T00:00:00,SMB
onboarding_guided_v1,org_01851,treatment,2025-06-23T00:00:00,Mid-Market
onboarding_guided_v1,org_01852,treatment,2025-06-10T00:00:00,SMB
onboarding_guided_v1,org_01853,treatment,2025-03-13T00:00:00,Enterprise
onboarding_guided_v1,org_01854,control,2025-10-17T00:00:00,SMB
onboarding_guided_v1,org_01855,treatment,2025-09-29T00:00:00,SMB
onboarding_guided_v1,org_01856,treatment,2025-04-16T00:00:00,SMB
onboarding_guided_v1,org_01857,treatment,2025-12-23T00:00:00,Enterprise
onboarding_guided_v1,org_01858,treatment,2025-05-25T00:00:00,SMB
onboarding_guided_v1,org_01859,control,2025-09-27T00:00:00,Mid-Market
onboarding_guided_v1,org_01860,control,2025-03-31T00:00:00,SMB
onboarding_guided_v1,org_01861,control,2025-09-13T00:00:00,SMB
onboarding_guided_v1,org_01862,control,2025-01-26T00:00:00,Mid-Market
onboarding_guided_v1,org_01863,control,2025-03-13T00:00:00,SMB
onboarding_guided_v1,org_01864,control,2025-08-08T00:00:00,Enterprise
onboarding_guided_v1,org_01865,treatment,2025-06-07T00:00:00,SMB
onboarding_guided_v1,org_01866,treatment,2025-04-02T00:00:00,SMB
onboarding_guided_v1,org_01867,control,2025-09-25T00:00:00,Mid-Market
onboarding_guided_v1,org_01868,control,2025-07-25T00:00:00,Enterprise
onboarding_guided_v1,org_01869,control,2025-05-17T00:00:00,Mid-Market
onboarding_guided_v1,org_01870,treatment,2025-08-25T00:00:00,SMB
onboarding_guided_v1,org_01871,control,2025-08-29T00:00:00,SMB
onboarding_guided_v1,org_01872,treatment,2025-01-21T00:00:00,SMB
onboarding_guided_v1,org_01873,treatment,2025-05-27T00:00:00,Mid-Market
onboarding_guided_v1,org_01874,control,2025-02-10T00:00:00,SMB
onboarding_guided_v1,org_01875,treatment,2025-07-07T00:00:00,SMB
onboarding_guided_v1,org_01876,control,2025-11-14T00:00:00,SMB
onboarding_guided_v1,org_01877,treatment,2025-01-12T00:00:00,SMB
onboarding_guided_v1,org_01878,treatment,2025-09-29T00:00:00,SMB
onboarding_guided_v1,org_01879,control,2025-03-08T00:00:00,SMB
onboarding_guided_v1,org_01880,control,2025-02-19T00:00:00,SMB
onboarding_guided_v1,org_01881,control,2025-11-13T00:00:00,SMB
onboarding_guided_v1,org_01882,control,2025-04-07T00:00:00,SMB
onboarding_guided_v1,org_01883,treatment,2025-06-18T00:00:00,Mid-Market
onboarding_guided_v1,org_01884,treatment,2025-07-26T00:00:00,SMB
onboarding_guided_v1,org_01885,treatment,2025-03-05T00:00:00,SMB
onboarding_guided_v1,org_01886,treatment,2025-04-09T00:00:00,SMB
onboarding_guided_v1,org_01887,treatment,2025-07-12T00:00:00,SMB
onboarding_guided_v1,org_01888,control,2025-09-05T00:00:00,SMB
onboarding_guided_v1,org_01889,treatment,2025-04-10T00:00:00,SMB
onboarding_guided_v1,org_01890,control,2025-04-28T00:00:00,SMB
onboarding_guided_v1,org_01891,treatment,2025-12-02T00:00:00,Mid-Market
onboarding_guided_v1,org_01892,treatment,2025-09-25T00:00:00,SMB
onboarding_guided_v1,org_01893,control,2025-07-23T00:00:00,SMB
onboarding_guided_v1,org_01894,control,2025-09-04T00:00:00,SMB
onboarding_guided_v1,org_01895,treatment,2025-10-20T00:00:00,Enterprise
onboarding_guided_v1,org_01896,control,2025-03-09T00:00:00,SMB
onboarding_guided_v1,org_01897,control,2025-02-27T00:00:00,Mid-Market
onboarding_guided_v1,org_01898,treatment,2025-02-11T00:00:00,Mid-Market
onboarding_guided_v1,org_01899,treatment,2025-07-26T00:00:00,SMB
onboarding_guided_v1,org_01900,treatment,2025-09-13T00:00:00,Mid-Market
onboarding_guided_v1,org_01901,control,2025-06-18T00:00:00,SMB
onboarding_guided_v1,org_01902,treatment,2025-09-12T00:00:00,SMB
onboarding_guided_v1,org_01903,control,2025-10-20T00:00:00,SMB
onboarding_guided_v1,org_01904,treatment,2025-02-23T00:00:00,SMB
onboarding_guided_v1,org_01905,treatment,2025-02-06T00:00:00,SMB
onboarding_guided_v1,org_01906,control,2025-12-12T00:00:00,SMB
onboarding_guided_v1,org_01907,treatment,2025-09-25T00:00:00,SMB
onboarding_guided_v1,org_01908,treatment,2025-06-24T00:00:00,Mid-Market
onboarding_guided_v1,org_01909,treatment,2025-07-11T00:00:00,SMB
onboarding_guided_v1,org_01910,treatment,2025-11-07T00:00:00,Mid-Market
onboarding_guided_v1,org_01911,control,2025-08-21T00:00:00,Mid-Market
onboarding_guided_v1,org_01912,control,2025-10-18T00:00:00,SMB
onboarding_guided_v1,org_01913,treatment,2025-11-29T00:00:00,Mid-Market
onboarding_guided_v1,org_01914,treatment,2025-02-24T00:00:00,Mid-Market
onboarding_guided_v1,org_01915,control,2025-07-06T00:00:00,SMB
onboarding_guided_v1,org_01916,control,2025-02-10T00:00:00,Enterprise
onboarding_guided_v1,org_01917,treatment,2025-04-17T00:00:00,SMB
onboarding_guided_v1,org_01918,treatment,2025-07-04T00:00:00,Mid-Market
onboarding_guided_v1,org_01919,control,2025-04-20T00:00:00,Mid-Market
onboarding_guided_v1,org_01920,treatment,2025-03-24T00:00:00,Mid-Market
onboarding_guided_v1,org_01921,treatment,2025-04-27T00:00:00,Mid-Market
onboarding_guided_v1,org_01922,treatment,2025-02-08T00:00:00,Enterprise
onboarding_guided_v1,org_01923,treatment,2025-06-23T00:00:00,SMB
onboarding_guided_v1,org_01924,treatment,2025-01-09T00:00:00,SMB
onboarding_guided_v1,org_01925,treatment,2025-12-04T00:00:00,Mid-Market
onboarding_guided_v1,org_01926,treatment,2025-06-30T00:00:00,Mid-Market
onboarding_guided_v1,org_01927,control,2025-03-01T00:00:00,SMB
onboarding_guided_v1,org_01928,treatment,2025-07-22T00:00:00,Mid-Market
onboarding_guided_v1,org_01929,control,2025-07-01T00:00:00,SMB
onboarding_guided_v1,org_01930,control,2025-11-21T00:00:00,SMB
onboarding_guided_v1,org_01931,treatment,2025-11-02T00:00:00,SMB
onboarding_guided_v1,org_01932,control,2025-04-07T00:00:00,SMB
onboarding_guided_v1,org_01933,treatment,2025-02-05T00:00:00,SMB
onboarding_guided_v1,org_01934,control,2025-08-09T00:00:00,Enterprise
onboarding_guided_v1,org_01935,control,2025-06-15T00:00:00,Mid-Market
onboarding_guided_v1,org_01936,control,2025-04-04T00:00:00,SMB
onboarding_guided_v1,org_01937,treatment,2025-04-14T00:00:00,Enterprise
onboarding_guided_v1,org_01938,treatment,2025-12-21T00:00:00,Mid-Market
onboarding_guided_v1,org_01939,control,2025-10-31T00:00:00,SMB
onboarding_guided_v1,org_01940,control,2025-08-18T00:00:00,SMB
onboarding_guided_v1,org_01941,control,2025-08-15T00:00:00,SMB
onboarding_guided_v1,org_01942,treatment,2025-05-22T00:00:00,SMB
onboarding_guided_v1,org_01943,control,2025-10-31T00:00:00,SMB
onboarding_guided_v1,org_01944,treatment,2025-03-26T00:00:00,Enterprise
onboarding_guided_v1,org_01945,control,2025-03-18T00:00:00,SMB
onboarding_guided_v1,org_01946,treatment,2025-03-15T00:00:00,SMB
onboarding_guided_v1,org_01947,control,2025-01-23T00:00:00,SMB
onboarding_guided_v1,org_01948,treatment,2025-08-04T00:00:00,Enterprise
onboarding_guided_v1,org_01949,treatment,2025-09-25T00:00:00,SMB
onboarding_guided_v1,org_01950,treatment,2025-04-29T00:00:00,SMB
onboarding_guided_v1,org_01951,treatment,2025-07-10T00:00:00,SMB
onboarding_guided_v1,org_01952,control,2025-02-27T00:00:00,SMB
onboarding_guided_v1,org_01953,control,2025-05-15T00:00:00,Mid-Market
onboarding_guided_v1,org_01954,treatment,2025-12-17T00:00:00,SMB
onboarding_guided_v1,org_01955,treatment,2025-03-22T00:00:00,SMB
onboarding_guided_v1,org_01956,control,2025-09-25T00:00:00,Mid-Market
onboarding_guided_v1,org_01957,treatment,2025-10-13T00:00:00,SMB
onboarding_guided_v1,org_01958,treatment,2025-06-03T00:00:00,Mid-Market
onboarding_guided_v1,org_01959,treatment,2025-08-30T00:00:00,SMB
onboarding_guided_v1,org_01960,treatment,2025-03-15T00:00:00,SMB
onboarding_guided_v1,org_01961,treatment,2025-04-01T00:00:00,Mid-Market
onboarding_guided_v1,org_01962,control,2025-04-11T00:00:00,SMB
onboarding_guided_v1,org_01963,control,2025-01-22T00:00:00,SMB
onboarding_guided_v1,org_01964,control,2025-02-06T00:00:00,Mid-Market
onboarding_guided_v1,org_01965,control,2025-06-21T00:00:00,SMB
onboarding_guided_v1,org_01966,control,2025-08-27T00:00:00,Mid-Market
onboarding_guided_v1,org_01967,treatment,2025-12-23T00:00:00,SMB
onboarding_guided_v1,org_01968,treatment,2025-09-30T00:00:00,SMB
onboarding_guided_v1,org_01969,treatment,2025-05-17T00:00:00,SMB
onboarding_guided_v1,org_01970,control,2025-01-31T00:00:00,Enterprise
onboarding_guided_v1,org_01971,treatment,2025-06-11T00:00:00,Mid-Market
onboarding_guided_v1,org_01972,treatment,2025-04-09T00:00:00,Mid-Market
onboarding_guided_v1,org_01973,control,2025-11-17T00:00:00,SMB
onboarding_guided_v1,org_01974,control,2025-07-17T00:00:00,Mid-Market
onboarding_guided_v1,org_01975,treatment,2025-12-08T00:00:00,SMB
onboarding_guided_v1,org_01976,treatment,2025-05-03T00:00:00,SMB
onboarding_guided_v1,org_01977,treatment,2025-05-09T00:00:00,Mid-Market
onboarding_guided_v1,org_01978,control,2025-11-11T00:00:00,SMB
onboarding_guided_v1,org_01979,treatment,2025-04-08T00:00:00,SMB
onboarding_guided_v1,org_01980,control,2025-12-24T00:00:00,Mid-Market
onboarding_guided_v1,org_01981,control,2025-10-14T00:00:00,Mid-Market
onboarding_guided_v1,org_01982,control,2025-12-10T00:00:00,Mid-Market
onboarding_guided_v1,org_01983,control,2025-08-15T00:00:00,SMB
onboarding_guided_v1,org_01984,control,2025-11-12T00:00:00,Mid-Market
onboarding_guided_v1,org_01985,control,2025-09-30T00:00:00,Mid-Market
onboarding_guided_v1,org_01986,treatment,2025-06-10T00:00:00,Mid-Market
onboarding_guided_v1,org_01987,control,2025-05-21T00:00:00,SMB
onboarding_guided_v1,org_01988,treatment,2025-03-03T00:00:00,Mid-Market
onboarding_guided_v1,org_01989,treatment,2025-02-07T00:00:00,SMB
onboarding_guided_v1,org_01990,treatment,2025-09-23T00:00:00,SMB
onboarding_guided_v1,org_01991,treatment,2025-08-02T00:00:00,SMB
onboarding_guided_v1,org_01992,treatment,2025-05-19T00:00:00,SMB
onboarding_guided_v1,org_01993,control,2025-10-28T00:00:00,Mid-Market
onboarding_guided_v1,org_01994,treatment,2025-06-07T00:00:00,SMB
onboarding_guided_v1,org_01995,control,2025-06-18T00:00:00,Mid-Market
onboarding_guided_v1,org_01996,control,2025-04-29T00:00:00,SMB
onboarding_guided_v1,org_01997,control,2025-12-17T00:00:00,SMB
onboarding_guided_v1,org_01998,control,2025-05-27T00:00:00,SMB
onboarding_guided_v1,org_01999,treatment,2025-06-02T00:00:00,SMB
onboarding_guided_v1,org_02000,treatment,2025-05-03T00:00:00,Enterprise
onboarding_guided_v1,org_02001,treatment,2025-05-30T00:00:00,SMB
onboarding_guided_v1,org_02002,treatment,2025-03-08T00:00:00,SMB
onboarding_guided_v1,org_02003,treatment,2025-07-27T00:00:00,Mid-Market
onboarding_guided_v1,org_02004,control,2025-12-06T00:00:00,Enterprise
onboarding_guided_v1,org_02005,control,2025-02-15T00:00:00,SMB
onboarding_guided_v1,org_02006,control,2025-12-21T00:00:00,SMB
onboarding_guided_v1,org_02007,control,2025-05-06T00:00:00,Mid-Market
onboarding_guided_v1,org_02008,treatment,2025-04-08T00:00:00,SMB
onboarding_guided_v1,org_02009,treatment,2025-01-27T00:00:00,SMB
onboarding_guided_v1,org_02010,treatment,2025-12-03T00:00:00,Enterprise
onboarding_guided_v1,org_02011,treatment,2025-11-05T00:00:00,SMB
onboarding_guided_v1,org_02012,control,2025-02-22T00:00:00,Mid-Market
onboarding_guided_v1,org_02013,control,2025-08-17T00:00:00,SMB
onboarding_guided_v1,org_02014,treatment,2025-01-06T00:00:00,SMB
onboarding_guided_v1,org_02015,control,2025-06-24T00:00:00,SMB
onboarding_guided_v1,org_02016,control,2025-05-09T00:00:00,SMB
onboarding_guided_v1,org_02017,control,2025-10-19T00:00:00,Mid-Market
onboarding_guided_v1,org_02018,treatment,2025-06-19T00:00:00,Mid-Market
onboarding_guided_v1,org_02019,treatment,2025-10-17T00:00:00,SMB
onboarding_guided_v1,org_02020,control,2025-09-30T00:00:00,SMB
onboarding_guided_v1,org_02021,control,2025-06-06T00:00:00,Mid-Market
onboarding_guided_v1,org_02022,treatment,2025-04-19T00:00:00,Mid-Market
onboarding_guided_v1,org_02023,treatment,2025-02-14T00:00:00,Mid-Market
onboarding_guided_v1,org_02024,control,2025-01-18T00:00:00,Mid-Market
onboarding_guided_v1,org_02025,control,2025-05-26T00:00:00,Enterprise
onboarding_guided_v1,org_02026,control,2025-04-13T00:00:00,SMB
onboarding_guided_v1,org_02027,control,2025-08-24T00:00:00,SMB
onboarding_guided_v1,org_02028,control,2025-01-13T00:00:00,Mid-Market
onboarding_guided_v1,org_02029,control,2025-11-09T00:00:00,Enterprise
onboarding_guided_v1,org_02030,treatment,2025-07-18T00:00:00,SMB
onboarding_guided_v1,org_02031,control,2025-01-24T00:00:00,SMB
onboarding_guided_v1,org_02032,control,2025-08-21T00:00:00,SMB
onboarding_guided_v1,org_02033,control,2025-01-03T00:00:00,SMB
onboarding_guided_v1,org_02034,control,2025-03-10T00:00:00,Enterprise
onboarding_guided_v1,org_02035,control,2025-10-11T00:00:00,SMB
onboarding_guided_v1,org_02036,control,2025-05-20T00:00:00,SMB
onboarding_guided_v1,org_02037,treatment,2025-07-01T00:00:00,SMB
onboarding_guided_v1,org_02038,treatment,2025-01-19T00:00:00,SMB
onboarding_guided_v1,org_02039,control,2025-04-04T00:00:00,SMB
onboarding_guided_v1,org_02040,treatment,2025-06-15T00:00:00,Enterprise
onboarding_guided_v1,org_02041,control,2025-07-29T00:00:00,SMB
onboarding_guided_v1,org_02042,treatment,2025-09-30T00:00:00,SMB
onboarding_guided_v1,org_02043,treatment,2025-06-05T00:00:00,SMB
onboarding_guided_v1,org_02044,treatment,2025-03-21T00:00:00,SMB
onboarding_guided_v1,org_02045,treatment,2025-07-12T00:00:00,SMB
onboarding_guided_v1,org_02046,control,2025-07-10T00:00:00,SMB
onboarding_guided_v1,org_02047,treatment,2025-02-24T00:00:00,Enterprise
onboarding_guided_v1,org_02048,treatment,2025-11-17T00:00:00,SMB
onboarding_guided_v1,org_02049,control,2025-01-07T00:00:00,SMB
onboarding_guided_v1,org_02050,treatment,2025-03-10T00:00:00,Mid-Market
onboarding_guided_v1,org_02051,treatment,2025-04-30T00:00:00,Enterprise
onboarding_guided_v1,org_02052,treatment,2025-02-14T00:00:00,Mid-Market
onboarding_guided_v1,org_02053,control,2025-08-13T00:00:00,SMB
onboarding_guided_v1,org_02054,control,2025-10-15T00:00:00,SMB
onboarding_guided_v1,org_02055,control,2025-08-02T00:00:00,SMB
onboarding_guided_v1,org_02056,treatment,2025-11-09T00:00:00,SMB
onboarding_guided_v1,org_02057,treatment,2025-08-30T00:00:00,SMB
onboarding_guided_v1,org_02058,control,2025-01-08T00:00:00,SMB
onboarding_guided_v1,org_02059,treatment,2025-08-01T00:00:00,Mid-Market
onboarding_guided_v1,org_02060,treatment,2025-12-22T00:00:00,SMB
onboarding_guided_v1,org_02061,control,2025-01-03T00:00:00,SMB
onboarding_guided_v1,org_02062,treatment,2025-07-26T00:00:00,Mid-Market
onboarding_guided_v1,org_02063,treatment,2025-11-25T00:00:00,SMB
onboarding_guided_v1,org_02064,treatment,2025-08-26T00:00:00,SMB
onboarding_guided_v1,org_02065,control,2025-07-13T00:00:00,Mid-Market
onboarding_guided_v1,org_02066,control,2025-05-18T00:00:00,SMB
onboarding_guided_v1,org_02067,treatment,2025-05-13T00:00:00,SMB
onboarding_guided_v1,org_02068,control,2025-08-11T00:00:00,SMB
onboarding_guided_v1,org_02069,control,2025-12-26T00:00:00,Enterprise
onboarding_guided_v1,org_02070,treatment,2025-02-28T00:00:00,SMB
onboarding_guided_v1,org_02071,treatment,2025-01-07T00:00:00,SMB
onboarding_guided_v1,org_02072,treatment,2025-09-19T00:00:00,Enterprise
onboarding_guided_v1,org_02073,control,2025-05-14T00:00:00,Enterprise
onboarding_guided_v1,org_02074,control,2025-02-08T00:00:00,SMB
onboarding_guided_v1,org_02075,control,2025-03-29T00:00:00,Mid-Market
onboarding_guided_v1,org_02076,treatment,2025-04-19T00:00:00,SMB
onboarding_guided_v1,org_02077,control,2025-06-22T00:00:00,Mid-Market
onboarding_guided_v1,org_02078,control,2025-05-16T00:00:00,SMB
onboarding_guided_v1,org_02079,treatment,2025-12-27T00:00:00,SMB
onboarding_guided_v1,org_02080,treatment,2025-02-12T00:00:00,SMB
onboarding_guided_v1,org_02081,treatment,2025-10-03T00:00:00,SMB
onboarding_guided_v1,org_02082,treatment,2025-11-05T00:00:00,Enterprise
onboarding_guided_v1,org_02083,control,2025-03-04T00:00:00,SMB
onboarding_guided_v1,org_02084,treatment,2025-06-13T00:00:00,SMB
onboarding_guided_v1,org_02085,treatment,2025-12-23T00:00:00,SMB
onboarding_guided_v1,org_02086,treatment,2025-10-23T00:00:00,Mid-Market
onboarding_guided_v1,org_02087,treatment,2025-10-26T00:00:00,Mid-Market
onboarding_guided_v1,org_02088,treatment,2025-05-22T00:00:00,SMB
onboarding_guided_v1,org_02089,control,2025-03-20T00:00:00,Mid-Market
onboarding_guided_v1,org_02090,treatment,2025-03-26T00:00:00,SMB
onboarding_guided_v1,org_02091,treatment,2025-01-19T00:00:00,SMB
onboarding_guided_v1,org_02092,control,2025-04-15T00:00:00,SMB
onboarding_guided_v1,org_02093,treatment,2025-03-04T00:00:00,SMB
onboarding_guided_v1,org_02094,control,2025-12-11T00:00:00,SMB
onboarding_guided_v1,org_02095,control,2025-04-05T00:00:00,SMB
onboarding_guided_v1,org_02096,control,2025-09-22T00:00:00,Mid-Market
onboarding_guided_v1,org_02097,treatment,2025-12-22T00:00:00,Mid-Market
onboarding_guided_v1,org_02098,treatment,2025-03-12T00:00:00,SMB
onboarding_guided_v1,org_02099,treatment,2025-11-29T00:00:00,Enterprise
onboarding_guided_v1,org_02100,treatment,2025-10-03T00:00:00,SMB
onboarding_guided_v1,org_02101,control,2025-06-13T00:00:00,SMB
onboarding_guided_v1,org_02102,control,2025-02-04T00:00:00,Enterprise
onboarding_guided_v1,org_02103,treatment,2025-04-19T00:00:00,SMB
onboarding_guided_v1,org_02104,control,2025-09-16T00:00:00,SMB
onboarding_guided_v1,org_02105,control,2025-07-23T00:00:00,SMB
onboarding_guided_v1,org_02106,treatment,2025-12-19T00:00:00,SMB
onboarding_guided_v1,org_02107,treatment,2025-12-25T00:00:00,SMB
onboarding_guided_v1,org_02108,treatment,2025-02-17T00:00:00,Mid-Market
onboarding_guided_v1,org_02109,treatment,2025-05-18T00:00:00,Mid-Market
onboarding_guided_v1,org_02110,control,2025-01-16T00:00:00,Enterprise
onboarding_guided_v1,org_02111,control,2025-12-19T00:00:00,SMB
onboarding_guided_v1,org_02112,control,2025-11-26T00:00:00,Mid-Market
onboarding_guided_v1,org_02113,treatment,2025-09-17T00:00:00,Enterprise
onboarding_guided_v1,org_02114,control,2025-01-27T00:00:00,SMB
onboarding_guided_v1,org_02115,control,2025-10-25T00:00:00,SMB
onboarding_guided_v1,org_02116,treatment,2025-09-03T00:00:00,SMB
onboarding_guided_v1,org_02117,control,2025-07-21T00:00:00,SMB
onboarding_guided_v1,org_02118,treatment,2025-07-31T00:00:00,SMB
onboarding_guided_v1,org_02119,treatment,2025-02-05T00:00:00,Mid-Market
onboarding_guided_v1,org_02120,treatment,2025-02-01T00:00:00,Enterprise
onboarding_guided_v1,org_02121,treatment,2025-01-13T00:00:00,SMB
onboarding_guided_v1,org_02122,control,2025-11-30T00:00:00,SMB
onboarding_guided_v1,org_02123,treatment,2025-08-30T00:00:00,Mid-Market
onboarding_guided_v1,org_02124,control,2025-09-26T00:00:00,SMB
onboarding_guided_v1,org_02125,treatment,2025-07-18T00:00:00,SMB
onboarding_guided_v1,org_02126,control,2025-12-27T00:00:00,Mid-Market
onboarding_guided_v1,org_02127,treatment,2025-12-09T00:00:00,Enterprise
onboarding_guided_v1,org_02128,control,2025-03-16T00:00:00,SMB
onboarding_guided_v1,org_02129,control,2025-09-17T00:00:00,Mid-Market
onboarding_guided_v1,org_02130,control,2025-03-23T00:00:00,SMB
onboarding_guided_v1,org_02131,treatment,2025-07-12T00:00:00,Enterprise
onboarding_guided_v1,org_02132,treatment,2025-12-05T00:00:00,SMB
onboarding_guided_v1,org_02133,control,2025-05-28T00:00:00,SMB
onboarding_guided_v1,org_02134,treatment,2025-07-15T00:00:00,Mid-Market
onboarding_guided_v1,org_02135,control,2025-12-25T00:00:00,Mid-Market
onboarding_guided_v1,org_02136,treatment,2025-10-18T00:00:00,Mid-Market
onboarding_guided_v1,org_02137,control,2025-06-20T00:00:00,SMB
onboarding_guided_v1,org_02138,control,2025-03-25T00:00:00,SMB
onboarding_guided_v1,org_02139,treatment,2025-09-24T00:00:00,Mid-Market
onboarding_guided_v1,org_02140,control,2025-05-26T00:00:00,SMB
onboarding_guided_v1,org_02141,control,2025-10-27T00:00:00,Enterprise
onboarding_guided_v1,org_02142,treatment,2025-01-12T00:00:00,Mid-Market
onboarding_guided_v1,org_02143,control,2025-07-16T00:00:00,Mid-Market
onboarding_guided_v1,org_02144,control,2025-07-17T00:00:00,Mid-Market
onboarding_guided_v1,org_02145,control,2025-03-07T00:00:00,Mid-Market
onboarding_guided_v1,org_02146,treatment,2025-10-21T00:00:00,SMB
onboarding_guided_v1,org_02147,treatment,2025-10-28T00:00:00,SMB
onboarding_guided_v1,org_02148,treatment,2025-01-30T00:00:00,Mid-Market
onboarding_guided_v1,org_02149,treatment,2025-07-09T00:00:00,Mid-Market
onboarding_guided_v1,org_02150,treatment,2025-08-26T00:00:00,SMB
onboarding_guided_v1,org_02151,control,2025-01-12T00:00:00,Mid-Market
onboarding_guided_v1,org_02152,treatment,2025-11-12T00:00:00,SMB
onboarding_guided_v1,org_02153,treatment,2025-11-09T00:00:00,SMB
onboarding_guided_v1,org_02154,control,2025-05-15T00:00:00,Mid-Market
onboarding_guided_v1,org_02155,treatment,2025-04-18T00:00:00,Enterprise
onboarding_guided_v1,org_02156,control,2025-02-26T00:00:00,SMB
onboarding_guided_v1,org_02157,control,2025-07-27T00:00:00,SMB
onboarding_guided_v1,org_02158,control,2025-09-29T00:00:00,SMB
onboarding_guided_v1,org_02159,treatment,2025-09-19T00:00:00,SMB
onboarding_guided_v1,org_02160,control,2025-05-29T00:00:00,SMB
onboarding_guided_v1,org_02161,treatment,2025-02-20T00:00:00,SMB
onboarding_guided_v1,org_02162,treatment,2025-09-07T00:00:00,SMB
onboarding_guided_v1,org_02163,control,2025-06-18T00:00:00,Enterprise
onboarding_guided_v1,org_02164,control,2025-08-16T00:00:00,SMB
onboarding_guided_v1,org_02165,treatment,2025-08-11T00:00:00,SMB
onboarding_guided_v1,org_02166,treatment,2025-09-30T00:00:00,Mid-Market
onboarding_guided_v1,org_02167,control,2025-12-10T00:00:00,Enterprise
onboarding_guided_v1,org_02168,treatment,2025-08-20T00:00:00,SMB
onboarding_guided_v1,org_02169,treatment,2025-03-05T00:00:00,SMB
onboarding_guided_v1,org_02170,control,2025-08-20T00:00:00,SMB
onboarding_guided_v1,org_02171,treatment,2025-04-26T00:00:00,SMB
onboarding_guided_v1,org_02172,treatment,2025-10-02T00:00:00,Mid-Market
onboarding_guided_v1,org_02173,treatment,2025-10-07T00:00:00,Enterprise
onboarding_guided_v1,org_02174,treatment,2025-04-08T00:00:00,SMB
onboarding_guided_v1,org_02175,control,2025-09-30T00:00:00,SMB
onboarding_guided_v1,org_02176,control,2025-07-17T00:00:00,SMB
onboarding_guided_v1,org_02177,treatment,2025-06-28T00:00:00,SMB
onboarding_guided_v1,org_02178,treatment,2025-09-21T00:00:00,Enterprise
onboarding_guided_v1,org_02179,treatment,2025-02-05T00:00:00,SMB
onboarding_guided_v1,org_02180,control,2025-01-02T00:00:00,SMB
onboarding_guided_v1,org_02181,treatment,2025-09-02T00:00:00,SMB
onboarding_guided_v1,org_02182,treatment,2025-02-20T00:00:00,SMB
onboarding_guided_v1,org_02183,treatment,2025-02-25T00:00:00,Enterprise
onboarding_guided_v1,org_02184,treatment,2025-09-04T00:00:00,SMB
onboarding_guided_v1,org_02185,control,2025-12-06T00:00:00,Enterprise
onboarding_guided_v1,org_02186,treatment,2025-03-25T00:00:00,SMB
onboarding_guided_v1,org_02187,control,2025-12-17T00:00:00,SMB
onboarding_guided_v1,org_02188,control,2025-12-10T00:00:00,Mid-Market
onboarding_guided_v1,org_02189,control,2025-07-01T00:00:00,SMB
onboarding_guided_v1,org_02190,treatment,2025-07-11T00:00:00,SMB
onboarding_guided_v1,org_02191,control,2025-06-27T00:00:00,SMB
onboarding_guided_v1,org_02192,treatment,2025-11-23T00:00:00,Mid-Market
onboarding_guided_v1,org_02193,treatment,2025-04-30T00:00:00,SMB
onboarding_guided_v1,org_02194,control,2025-06-25T00:00:00,Enterprise
onboarding_guided_v1,org_02195,treatment,2025-10-04T00:00:00,Mid-Market
onboarding_guided_v1,org_02196,control,2025-07-02T00:00:00,Mid-Market
onboarding_guided_v1,org_02197,treatment,2025-05-14T00:00:00,SMB
onboarding_guided_v1,org_02198,control,2025-09-06T00:00:00,Mid-Market
onboarding_guided_v1,org_02199,treatment,2025-05-17T00:00:00,SMB
onboarding_guided_v1,org_02200,control,2025-09-03T00:00:00,Enterprise
onboarding_guided_v1,org_02201,control,2025-07-26T00:00:00,SMB
onboarding_guided_v1,org_02202,treatment,2025-04-01T00:00:00,Mid-Market
onboarding_guided_v1,org_02203,treatment,2025-09-01T00:00:00,Mid-Market
onboarding_guided_v1,org_02204,treatment,2025-07-11T00:00:00,SMB
onboarding_guided_v1,org_02205,control,2025-02-21T00:00:00,SMB
onboarding_guided_v1,org_02206,control,2025-03-07T00:00:00,SMB
onboarding_guided_v1,org_02207,control,2025-01-05T00:00:00,SMB
onboarding_guided_v1,org_02208,control,2025-12-02T00:00:00,Mid-Market
onboarding_guided_v1,org_02209,control,2025-08-05T00:00:00,SMB
onboarding_guided_v1,org_02210,treatment,2025-02-27T00:00:00,SMB
onboarding_guided_v1,org_02211,treatment,2025-03-03T00:00:00,SMB
onboarding_guided_v1,org_02212,treatment,2025-06-07T00:00:00,SMB
onboarding_guided_v1,org_02213,control,2025-11-12T00:00:00,SMB
onboarding_guided_v1,org_02214,control,2025-01-23T00:00:00,SMB
onboarding_guided_v1,org_02215,control,2025-06-22T00:00:00,SMB
onboarding_guided_v1,org_02216,control,2025-06-25T00:00:00,Enterprise
onboarding_guided_v1,org_02217,control,2025-09-05T00:00:00,SMB
onboarding_guided_v1,org_02218,treatment,2025-12-13T00:00:00,SMB
onboarding_guided_v1,org_02219,control,2025-12-20T00:00:00,SMB
onboarding_guided_v1,org_02220,control,2025-02-20T00:00:00,SMB
onboarding_guided_v1,org_02221,treatment,2025-11-01T00:00:00,Mid-Market
onboarding_guided_v1,org_02222,treatment,2025-06-11T00:00:00,Mid-Market
onboarding_guided_v1,org_02223,treatment,2025-05-08T00:00:00,SMB
onboarding_guided_v1,org_02224,control,2025-03-21T00:00:00,SMB
onboarding_guided_v1,org_02225,control,2025-09-10T00:00:00,SMB
onboarding_guided_v1,org_02226,control,2025-02-06T00:00:00,SMB
onboarding_guided_v1,org_02227,treatment,2025-12-24T00:00:00,SMB
onboarding_guided_v1,org_02228,control,2025-01-02T00:00:00,SMB
onboarding_guided_v1,org_02229,treatment,2025-02-08T00:00:00,Mid-Market
onboarding_guided_v1,org_02230,treatment,2025-10-31T00:00:00,SMB
onboarding_guided_v1,org_02231,control,2025-05-04T00:00:00,SMB
onboarding_guided_v1,org_02232,treatment,2025-08-30T00:00:00,Mid-Market
onboarding_guided_v1,org_02233,control,2025-01-28T00:00:00,SMB
onboarding_guided_v1,org_02234,treatment,2025-10-30T00:00:00,SMB
onboarding_guided_v1,org_02235,control,2025-12-09T00:00:00,SMB
onboarding_guided_v1,org_02236,treatment,2025-12-12T00:00:00,Enterprise
onboarding_guided_v1,org_02237,treatment,2025-06-29T00:00:00,SMB
onboarding_guided_v1,org_02238,treatment,2025-07-01T00:00:00,SMB
onboarding_guided_v1,org_02239,control,2025-08-12T00:00:00,Mid-Market
onboarding_guided_v1,org_02240,treatment,2025-09-07T00:00:00,Mid-Market
onboarding_guided_v1,org_02241,control,2025-10-14T00:00:00,SMB
onboarding_guided_v1,org_02242,treatment,2025-12-01T00:00:00,SMB
onboarding_guided_v1,org_02243,control,2025-03-08T00:00:00,SMB
onboarding_guided_v1,org_02244,control,2025-07-25T00:00:00,SMB
onboarding_guided_v1,org_02245,control,2025-12-23T00:00:00,SMB
onboarding_guided_v1,org_02246,treatment,2025-12-04T00:00:00,Mid-Market
onboarding_guided_v1,org_02247,treatment,2025-02-05T00:00:00,Mid-Market
onboarding_guided_v1,org_02248,treatment,2025-07-17T00:00:00,Mid-Market
onboarding_guided_v1,org_02249,treatment,2025-01-20T00:00:00,SMB
onboarding_guided_v1,org_02250,treatment,2025-04-02T00:00:00,SMB
onboarding_guided_v1,org_02251,control,2025-11-28T00:00:00,SMB
onboarding_guided_v1,org_02252,control,2025-03-25T00:00:00,SMB
onboarding_guided_v1,org_02253,treatment,2025-06-19T00:00:00,Mid-Market
onboarding_guided_v1,org_02254,control,2025-04-30T00:00:00,SMB
onboarding_guided_v1,org_02255,treatment,2025-07-29T00:00:00,SMB
onboarding_guided_v1,org_02256,treatment,2025-09-07T00:00:00,Enterprise
onboarding_guided_v1,org_02257,treatment,2025-07-19T00:00:00,Mid-Market
onboarding_guided_v1,org_02258,treatment,2025-10-05T00:00:00,SMB
onboarding_guided_v1,org_02259,treatment,2025-04-19T00:00:00,SMB
onboarding_guided_v1,org_02260,control,2025-09-03T00:00:00,SMB
onboarding_guided_v1,org_02261,treatment,2025-09-14T00:00:00,SMB
onboarding_guided_v1,org_02262,treatment,2025-06-02T00:00:00,Enterprise
onboarding_guided_v1,org_02263,treatment,2025-08-24T00:00:00,Mid-Market
onboarding_guided_v1,org_02264,treatment,2025-03-20T00:00:00,Mid-Market
onboarding_guided_v1,org_02265,treatment,2025-09-30T00:00:00,SMB
onboarding_guided_v1,org_02266,control,2025-11-04T00:00:00,SMB
onboarding_guided_v1,org_02267,control,2025-02-15T00:00:00,SMB
onboarding_guided_v1,org_02268,treatment,2025-12-12T00:00:00,Enterprise
onboarding_guided_v1,org_02269,treatment,2025-08-09T00:00:00,Enterprise
onboarding_guided_v1,org_02270,control,2025-11-20T00:00:00,Mid-Market
onboarding_guided_v1,org_02271,control,2025-10-01T00:00:00,SMB
onboarding_guided_v1,org_02272,treatment,2025-03-24T00:00:00,SMB
onboarding_guided_v1,org_02273,treatment,2025-05-02T00:00:00,SMB
onboarding_guided_v1,org_02274,treatment,2025-05-17T00:00:00,Enterprise
onboarding_guided_v1,org_02275,control,2025-04-20T00:00:00,Mid-Market
onboarding_guided_v1,org_02276,treatment,2025-08-17T00:00:00,SMB
onboarding_guided_v1,org_02277,treatment,2025-03-26T00:00:00,Mid-Market
onboarding_guided_v1,org_02278,treatment,2025-11-25T00:00:00,SMB
onboarding_guided_v1,org_02279,treatment,2025-04-21T00:00:00,SMB
onboarding_guided_v1,org_02280,control,2025-07-23T00:00:00,SMB
onboarding_guided_v1,org_02281,control,2025-07-13T00:00:00,SMB
onboarding_guided_v1,org_02282,control,2025-03-23T00:00:00,Mid-Market
onboarding_guided_v1,org_02283,treatment,2025-03-01T00:00:00,SMB
onboarding_guided_v1,org_02284,control,2025-01-24T00:00:00,SMB
onboarding_guided_v1,org_02285,control,2025-09-11T00:00:00,Enterprise
onboarding_guided_v1,org_02286,control,2025-08-16T00:00:00,SMB
onboarding_guided_v1,org_02287,treatment,2025-10-26T00:00:00,Mid-Market
onboarding_guided_v1,org_02288,treatment,2025-12-23T00:00:00,SMB
onboarding_guided_v1,org_02289,treatment,2025-01-26T00:00:00,Mid-Market
onboarding_guided_v1,org_02290,treatment,2025-02-02T00:00:00,SMB
onboarding_guided_v1,org_02291,control,2025-06-15T00:00:00,SMB
onboarding_guided_v1,org_02292,treatment,2025-12-12T00:00:00,Enterprise
onboarding_guided_v1,org_02293,treatment,2025-06-27T00:00:00,Mid-Market
onboarding_guided_v1,org_02294,treatment,2025-10-30T00:00:00,SMB
onboarding_guided_v1,org_02295,treatment,2025-07-23T00:00:00,SMB
onboarding_guided_v1,org_02296,treatment,2025-08-20T00:00:00,SMB
onboarding_guided_v1,org_02297,treatment,2025-01-23T00:00:00,Enterprise
onboarding_guided_v1,org_02298,treatment,2025-03-18T00:00:00,SMB
onboarding_guided_v1,org_02299,treatment,2025-11-24T00:00:00,Mid-Market
onboarding_guided_v1,org_02300,control,2025-12-18T00:00:00,Mid-Market
onboarding_guided_v1,org_02301,control,2025-02-15T00:00:00,Enterprise
onboarding_guided_v1,org_02302,control,2025-04-08T00:00:00,SMB
onboarding_guided_v1,org_02303,control,2025-05-25T00:00:00,SMB
onboarding_guided_v1,org_02304,control,2025-03-11T00:00:00,SMB
onboarding_guided_v1,org_02305,control,2025-05-29T00:00:00,Enterprise
onboarding_guided_v1,org_02306,control,2025-06-30T00:00:00,SMB
onboarding_guided_v1,org_02307,control,2025-02-09T00:00:00,SMB
onboarding_guided_v1,org_02308,treatment,2025-08-13T00:00:00,SMB
onboarding_guided_v1,org_02309,treatment,2025-01-27T00:00:00,Mid-Market
onboarding_guided_v1,org_02310,control,2025-10-23T00:00:00,Enterprise
onboarding_guided_v1,org_02311,control,2025-07-20T00:00:00,SMB
onboarding_guided_v1,org_02312,control,2025-06-25T00:00:00,Mid-Market
onboarding_guided_v1,org_02313,control,2025-04-04T00:00:00,SMB
onboarding_guided_v1,org_02314,treatment,2025-09-10T00:00:00,SMB
onboarding_guided_v1,org_02315,control,2025-05-20T00:00:00,SMB
onboarding_guided_v1,org_02316,treatment,2025-08-23T00:00:00,SMB
onboarding_guided_v1,org_02317,control,2025-07-11T00:00:00,Mid-Market
onboarding_guided_v1,org_02318,control,2025-05-23T00:00:00,Mid-Market
onboarding_guided_v1,org_02319,treatment,2025-11-26T00:00:00,SMB
onboarding_guided_v1,org_02320,treatment,2025-01-09T00:00:00,SMB
onboarding_guided_v1,org_02321,control,2025-10-12T00:00:00,Mid-Market
onboarding_guided_v1,org_02322,treatment,2025-02-02T00:00:00,SMB
onboarding_guided_v1,org_02323,treatment,2025-06-16T00:00:00,SMB
onboarding_guided_v1,org_02324,control,2025-07-07T00:00:00,SMB
onboarding_guided_v1,org_02325,control,2025-03-05T00:00:00,Mid-Market
onboarding_guided_v1,org_02326,control,2025-02-09T00:00:00,SMB
onboarding_guided_v1,org_02327,treatment,2025-07-26T00:00:00,Enterprise
onboarding_guided_v1,org_02328,control,2025-03-09T00:00:00,SMB
onboarding_guided_v1,org_02329,control,2025-09-02T00:00:00,Mid-Market
onboarding_guided_v1,org_02330,treatment,2025-10-28T00:00:00,Enterprise
onboarding_guided_v1,org_02331,control,2025-09-30T00:00:00,Mid-Market
onboarding_guided_v1,org_02332,control,2025-03-03T00:00:00,SMB
onboarding_guided_v1,org_02333,control,2025-10-22T00:00:00,Mid-Market
onboarding_guided_v1,org_02334,treatment,2025-12-05T00:00:00,SMB
onboarding_guided_v1,org_02335,control,2025-09-03T00:00:00,SMB
onboarding_guided_v1,org_02336,treatment,2025-03-28T00:00:00,Enterprise
onboarding_guided_v1,org_02337,control,2025-07-06T00:00:00,Enterprise
onboarding_guided_v1,org_02338,treatment,2025-08-09T00:00:00,Mid-Market
onboarding_guided_v1,org_02339,treatment,2025-02-20T00:00:00,SMB
onboarding_guided_v1,org_02340,treatment,2025-02-14T00:00:00,Enterprise
onboarding_guided_v1,org_02341,control,2025-10-29T00:00:00,SMB
onboarding_guided_v1,org_02342,control,2025-01-29T00:00:00,SMB
onboarding_guided_v1,org_02343,treatment,2025-05-08T00:00:00,SMB
onboarding_guided_v1,org_02344,control,2025-09-04T00:00:00,Enterprise
onboarding_guided_v1,org_02345,treatment,2025-12-17T00:00:00,SMB
onboarding_guided_v1,org_02346,treatment,2025-03-08T00:00:00,SMB
onboarding_guided_v1,org_02347,treatment,2025-12-09T00:00:00,SMB
onboarding_guided_v1,org_02348,control,2025-10-24T00:00:00,SMB
onboarding_guided_v1,org_02349,treatment,2025-04-07T00:00:00,SMB
onboarding_guided_v1,org_02350,control,2025-10-22T00:00:00,SMB
onboarding_guided_v1,org_02351,treatment,2025-11-16T00:00:00,SMB
onboarding_guided_v1,org_02352,control,2025-01-29T00:00:00,SMB
onboarding_guided_v1,org_02353,control,2025-05-08T00:00:00,Enterprise
onboarding_guided_v1,org_02354,treatment,2025-06-07T00:00:00,SMB
onboarding_guided_v1,org_02355,control,2025-05-29T00:00:00,Mid-Market
onboarding_guided_v1,org_02356,control,2025-11-23T00:00:00,SMB
onboarding_guided_v1,org_02357,treatment,2025-01-29T00:00:00,SMB
onboarding_guided_v1,org_02358,treatment,2025-03-01T00:00:00,SMB
onboarding_guided_v1,org_02359,treatment,2025-11-08T00:00:00,SMB
onboarding_guided_v1,org_02360,treatment,2025-04-14T00:00:00,Enterprise
onboarding_guided_v1,org_02361,control,2025-12-17T00:00:00,Enterprise
onboarding_guided_v1,org_02362,control,2025-06-25T00:00:00,SMB
onboarding_guided_v1,org_02363,control,2025-09-14T00:00:00,SMB
onboarding_guided_v1,org_02364,control,2025-04-04T00:00:00,SMB
onboarding_guided_v1,org_02365,treatment,2025-05-05T00:00:00,SMB
onboarding_guided_v1,org_02366,treatment,2025-05-18T00:00:00,SMB
onboarding_guided_v1,org_02367,treatment,2025-07-18T00:00:00,SMB
onboarding_guided_v1,org_02368,control,2025-04-09T00:00:00,Mid-Market
onboarding_guided_v1,org_02369,treatment,2025-03-31T00:00:00,SMB
onboarding_guided_v1,org_02370,control,2025-05-15T00:00:00,SMB
onboarding_guided_v1,org_02371,treatment,2025-02-14T00:00:00,Mid-Market
onboarding_guided_v1,org_02372,treatment,2025-11-20T00:00:00,SMB
onboarding_guided_v1,org_02373,control,2025-03-17T00:00:00,SMB
onboarding_guided_v1,org_02374,control,2025-08-07T00:00:00,Mid-Market
onboarding_guided_v1,org_02375,treatment,2025-12-11T00:00:00,SMB
onboarding_guided_v1,org_02376,treatment,2025-12-02T00:00:00,Enterprise
onboarding_guided_v1,org_02377,treatment,2025-01-24T00:00:00,SMB
onboarding_guided_v1,org_02378,treatment,2025-04-08T00:00:00,SMB
onboarding_guided_v1,org_02379,control,2025-11-22T00:00:00,SMB
onboarding_guided_v1,org_02380,control,2025-10-12T00:00:00,Mid-Market
onboarding_guided_v1,org_02381,treatment,2025-04-12T00:00:00,SMB
onboarding_guided_v1,org_02382,treatment,2025-08-19T00:00:00,SMB
onboarding_guided_v1,org_02383,treatment,2025-08-24T00:00:00,Mid-Market
onboarding_guided_v1,org_02384,control,2025-07-11T00:00:00,Enterprise
onboarding_guided_v1,org_02385,control,2025-07-17T00:00:00,SMB
onboarding_guided_v1,org_02386,treatment,2025-04-18T00:00:00,SMB
onboarding_guided_v1,org_02387,control,2025-05-28T00:00:00,Mid-Market
onboarding_guided_v1,org_02388,treatment,2025-06-21T00:00:00,SMB
onboarding_guided_v1,org_02389,control,2025-12-26T00:00:00,Mid-Market
onboarding_guided_v1,org_02390,treatment,2025-08-13T00:00:00,Mid-Market
onboarding_guided_v1,org_02391,control,2025-02-22T00:00:00,SMB
onboarding_guided_v1,org_02392,treatment,2025-04-11T00:00:00,SMB
onboarding_guided_v1,org_02393,treatment,2025-07-06T00:00:00,SMB
onboarding_guided_v1,org_02394,control,2025-07-16T00:00:00,SMB
onboarding_guided_v1,org_02395,treatment,2025-04-26T00:00:00,Enterprise
onboarding_guided_v1,org_02396,control,2025-09-12T00:00:00,SMB
onboarding_guided_v1,org_02397,treatment,2025-12-12T00:00:00,SMB
onboarding_guided_v1,org_02398,control,2025-04-25T00:00:00,Mid-Market
onboarding_guided_v1,org_02399,treatment,2025-10-05T00:00:00,SMB
onboarding_guided_v1,org_02400,control,2025-01-07T00:00:00,SMB
onboarding_guided_v1,org_02401,treatment,2025-12-17T00:00:00,Mid-Market
onboarding_guided_v1,org_02402,treatment,2025-11-12T00:00:00,Enterprise
onboarding_guided_v1,org_02403,control,2025-07-19T00:00:00,Mid-Market
onboarding_guided_v1,org_02404,control,2025-04-30T00:00:00,Mid-Market
onboarding_guided_v1,org_02405,control,2025-05-08T00:00:00,SMB
onboarding_guided_v1,org_02406,control,2025-02-04T00:00:00,Mid-Market
onboarding_guided_v1,org_02407,treatment,2025-07-09T00:00:00,SMB
onboarding_guided_v1,org_02408,treatment,2025-03-23T00:00:00,SMB
onboarding_guided_v1,org_02409,control,2025-07-01T00:00:00,Mid-Market
onboarding_guided_v1,org_02410,treatment,2025-11-05T00:00:00,SMB
onboarding_guided_v1,org_02411,treatment,2025-01-26T00:00:00,SMB
onboarding_guided_v1,org_02412,control,2025-11-03T00:00:00,SMB
onboarding_guided_v1,org_02413,control,2025-11-20T00:00:00,Mid-Market
onboarding_guided_v1,org_02414,treatment,2025-12-26T00:00:00,SMB
onboarding_guided_v1,org_02415,control,2025-04-12T00:00:00,Enterprise
onboarding_guided_v1,org_02416,treatment,2025-12-10T00:00:00,SMB
onboarding_guided_v1,org_02417,treatment,2025-11-14T00:00:00,SMB
onboarding_guided_v1,org_02418,control,2025-02-12T00:00:00,Enterprise
onboarding_guided_v1,org_02419,treatment,2025-10-19T00:00:00,Mid-Market
onboarding_guided_v1,org_02420,control,2025-08-04T00:00:00,SMB
onboarding_guided_v1,org_02421,control,2025-03-12T00:00:00,SMB
onboarding_guided_v1,org_02422,treatment,2025-07-19T00:00:00,SMB
onboarding_guided_v1,org_02423,control,2025-11-18T00:00:00,SMB
onboarding_guided_v1,org_02424,treatment,2025-03-04T00:00:00,SMB
onboarding_guided_v1,org_02425,treatment,2025-05-10T00:00:00,SMB
onboarding_guided_v1,org_02426,treatment,2025-01-08T00:00:00,Mid-Market
onboarding_guided_v1,org_02427,control,2025-06-23T00:00:00,Mid-Market
onboarding_guided_v1,org_02428,control,2025-03-15T00:00:00,Enterprise
onboarding_guided_v1,org_02429,control,2025-03-11T00:00:00,SMB
onboarding_guided_v1,org_02430,treatment,2025-05-06T00:00:00,Mid-Market
onboarding_guided_v1,org_02431,control,2025-08-13T00:00:00,SMB
onboarding_guided_v1,org_02432,treatment,2025-10-31T00:00:00,SMB
onboarding_guided_v1,org_02433,control,2025-12-12T00:00:00,Enterprise
onboarding_guided_v1,org_02434,control,2025-07-12T00:00:00,Mid-Market
onboarding_guided_v1,org_02435,treatment,2025-01-26T00:00:00,SMB
onboarding_guided_v1,org_02436,control,2025-03-05T00:00:00,SMB
onboarding_guided_v1,org_02437,control,2025-08-02T00:00:00,SMB
onboarding_guided_v1,org_02438,treatment,2025-01-20T00:00:00,SMB
onboarding_guided_v1,org_02439,control,2025-08-25T00:00:00,SMB
onboarding_guided_v1,org_02440,treatment,2025-01-11T00:00:00,Mid-Market
onboarding_guided_v1,org_02441,control,2025-05-26T00:00:00,Enterprise
onboarding_guided_v1,org_02442,treatment,2025-10-10T00:00:00,SMB
onboarding_guided_v1,org_02443,control,2025-03-26T00:00:00,SMB
onboarding_guided_v1,org_02444,treatment,2025-08-12T00:00:00,Mid-Market
onboarding_guided_v1,org_02445,control,2025-05-02T00:00:00,SMB
onboarding_guided_v1,org_02446,treatment,2025-03-19T00:00:00,Enterprise
onboarding_guided_v1,org_02447,control,2025-04-26T00:00:00,Enterprise
onboarding_guided_v1,org_02448,treatment,2025-09-05T00:00:00,Mid-Market
onboarding_guided_v1,org_02449,treatment,2025-02-10T00:00:00,SMB
onboarding_guided_v1,org_02450,control,2025-12-22T00:00:00,Mid-Market
onboarding_guided_v1,org_02451,treatment,2025-07-12T00:00:00,SMB
onboarding_guided_v1,org_02452,treatment,2025-04-24T00:00:00,Mid-Market
onboarding_guided_v1,org_02453,control,2025-06-12T00:00:00,Mid-Market
onboarding_guided_v1,org_02454,control,2025-08-04T00:00:00,Enterprise
onboarding_guided_v1,org_02455,control,2025-02-19T00:00:00,SMB
onboarding_guided_v1,org_02456,control,2025-04-14T00:00:00,Mid-Market
onboarding_guided_v1,org_02457,control,2025-04-24T00:00:00,Enterprise
onboarding_guided_v1,org_02458,control,2025-10-21T00:00:00,SMB
onboarding_guided_v1,org_02459,control,2025-07-30T00:00:00,SMB
onboarding_guided_v1,org_02460,treatment,2025-10-16T00:00:00,SMB
onboarding_guided_v1,org_02461,control,2025-10-06T00:00:00,SMB
onboarding_guided_v1,org_02462,treatment,2025-06-27T00:00:00,SMB
onboarding_guided_v1,org_02463,control,2025-10-14T00:00:00,SMB
onboarding_guided_v1,org_02464,treatment,2025-04-30T00:00:00,SMB
onboarding_guided_v1,org_02465,treatment,2025-12-23T00:00:00,SMB
onboarding_guided_v1,org_02466,treatment,2025-01-25T00:00:00,Mid-Market
onboarding_guided_v1,org_02467,treatment,2025-06-20T00:00:00,Enterprise
onboarding_guided_v1,org_02468,treatment,2025-03-02T00:00:00,SMB
onboarding_guided_v1,org_02469,treatment,2025-08-31T00:00:00,Mid-Market
onboarding_guided_v1,org_02470,treatment,2025-01-20T00:00:00,Mid-Market
onboarding_guided_v1,org_02471,treatment,2025-08-05T00:00:00,Enterprise
onboarding_guided_v1,org_02472,treatment,2025-06-03T00:00:00,SMB
onboarding_guided_v1,org_02473,control,2025-03-09T00:00:00,Mid-Market
onboarding_guided_v1,org_02474,treatment,2025-12-28T00:00:00,SMB
onboarding_guided_v1,org_02475,treatment,2025-10-28T00:00:00,SMB
onboarding_guided_v1,org_02476,control,2025-10-04T00:00:00,SMB
onboarding_guided_v1,org_02477,treatment,2025-12-03T00:00:00,SMB
onboarding_guided_v1,org_02478,control,2025-01-07T00:00:00,SMB
onboarding_guided_v1,org_02479,treatment,2025-08-19T00:00:00,SMB
onboarding_guided_v1,org_02480,treatment,2025-08-11T00:00:00,Mid-Market
onboarding_guided_v1,org_02481,treatment,2025-07-08T00:00:00,SMB
onboarding_guided_v1,org_02482,treatment,2025-09-15T00:00:00,Enterprise
onboarding_guided_v1,org_02483,control,2025-02-23T00:00:00,SMB
onboarding_guided_v1,org_02484,control,2025-01-04T00:00:00,SMB
onboarding_guided_v1,org_02485,control,2025-06-08T00:00:00,SMB
onboarding_guided_v1,org_02486,control,2025-06-18T00:00:00,SMB
onboarding_guided_v1,org_02487,control,2025-03-20T00:00:00,SMB
onboarding_guided_v1,org_02488,treatment,2025-02-18T00:00:00,Mid-Market
onboarding_guided_v1,org_02489,treatment,2025-05-22T00:00:00,Enterprise
onboarding_guided_v1,org_02490,treatment,2025-11-10T00:00:00,SMB
onboarding_guided_v1,org_02491,treatment,2025-04-13T00:00:00,SMB
onboarding_guided_v1,org_02492,control,2025-02-21T00:00:00,SMB
onboarding_guided_v1,org_02493,control,2025-06-30T00:00:00,SMB
onboarding_guided_v1,org_02494,control,2025-05-28T00:00:00,Mid-Market
onboarding_guided_v1,org_02495,control,2025-05-26T00:00:00,SMB
onboarding_guided_v1,org_02496,control,2025-09-23T00:00:00,SMB
onboarding_guided_v1,org_02497,treatment,2025-11-20T00:00:00,Enterprise
onboarding_guided_v1,org_02498,treatment,2025-12-05T00:00:00,Mid-Market
onboarding_guided_v1,org_02499,control,2025-06-07T00:00:00,SMB
onboarding_guided_v1,org_02500,treatment,2025-04-05T00:00:00,SMB
