subscription_id,org_id,plan_type,mrr_amount,start_date,end_date,status,churn_reason
sub_000001,org_00006,Trial,0.0,2025-07-10,2025-07-24,trial_ended,
sub_000002,org_00006,Business,399.0,2025-07-25,,active,
sub_000003,org_00007,Trial,0.0,2025-09-25,2025-10-09,trial_ended,
sub_000004,org_00007,Growth,149.0,2025-10-10,,active,
sub_000005,org_00008,Trial,0.0,2025-04-18,2025-05-02,trial_ended,
sub_000006,org_00010,Trial,0.0,2025-04-27,2025-05-11,trial_ended,
sub_000007,org_00010,Growth,149.0,2025-05-13,2025-08-30,churned,Low adoption
sub_000008,org_00011,Trial,0.0,2025-05-04,2025-05-18,trial_ended,
sub_000009,org_00014,Trial,0.0,2025-08-22,2025-09-05,trial_ended,
sub_000010,org_00014,Enterprise,999.0,2025-09-07,,active,
sub_000011,org_00015,Trial,0.0,2025-03-05,2025-03-19,trial_ended,
sub_000012,org_00016,Trial,0.0,2025-07-16,2025-07-30,trial_ended,
sub_000013,org_00017,Trial,0.0,2025-04-01,2025-04-15,trial_ended,
sub_000014,org_00018,Trial,0.0,2025-03-19,2025-04-02,trial_ended,
sub_000015,org_00019,Trial,0.0,2025-10-20,2025-11-03,trial_ended,
sub_000016,org_00020,Trial,0.0,2025-10-11,2025-10-25,trial_ended,
sub_000017,org_00020,Growth,149.0,2025-10-27,,active,
sub_000018,org_00021,Trial,0.0,2025-12-23,2026-01-06,trial_ended,
sub_000019,org_00021,Business,399.0,2026-01-09,,active,
sub_000020,org_00022,Trial,0.0,2025-11-11,2025-11-25,trial_ended,
sub_000021,org_00022,Starter,49.0,2025-11-27,,active,
sub_000022,org_00023,Trial,0.0,2025-10-08,2025-10-22,trial_ended,
sub_000023,org_00023,Starter,49.0,2025-10-23,,active,
sub_000024,org_00024,Trial,0.0,2025-12-31,2026-01-14,trial_ended,
sub_000025,org_00024,Growth,149.0,2026-01-17,2026-03-31,churned,Low adoption
sub_000026,org_00028,Trial,0.0,2025-08-17,2025-08-31,trial_ended,
sub_000027,org_00028,Business,399.0,2025-08-31,,active,
sub_000028,org_00030,Trial,0.0,2025-03-04,2025-03-18,trial_ended,
sub_000029,org_00030,Business,399.0,2025-03-19,,active,
sub_000030,org_00032,Trial,0.0,2025-04-14,2025-04-28,trial_ended,
sub_000031,org_00032,Growth,149.0,2025-04-28,2025-06-03,churned,Low adoption
sub_000032,org_00034,Trial,0.0,2025-06-25,2025-07-09,trial_ended,
sub_000033,org_00034,Starter,49.0,2025-07-11,2025-10-06,churned,Low adoption
sub_000034,org_00035,Trial,0.0,2025-05-25,2025-06-08,trial_ended,
sub_000035,org_00035,Growth,149.0,2025-06-10,,active,
sub_000036,org_00036,Trial,0.0,2025-10-16,2025-10-30,trial_ended,
sub_000037,org_00037,Trial,0.0,2025-03-04,2025-03-18,trial_ended,
sub_000038,org_00038,Trial,0.0,2025-02-22,2025-03-08,trial_ended,
sub_000039,org_00038,Business,399.0,2025-03-11,2025-05-12,churned,Low adoption
sub_000040,org_00040,Trial,0.0,2025-03-21,2025-04-04,trial_ended,
sub_000041,org_00040,Starter,49.0,2025-04-05,,active,
sub_000042,org_00042,Trial,0.0,2025-04-07,2025-04-21,trial_ended,
sub_000043,org_00042,Growth,149.0,2025-04-23,,active,
sub_000044,org_00043,Trial,0.0,2025-11-06,2025-11-20,trial_ended,
sub_000045,org_00043,Enterprise,999.0,2025-11-22,,active,
sub_000046,org_00046,Trial,0.0,2025-04-18,2025-05-02,trial_ended,
sub_000047,org_00047,Trial,0.0,2025-10-29,2025-11-12,trial_ended,
sub_000048,org_00048,Trial,0.0,2025-02-19,2025-03-05,trial_ended,
sub_000049,org_00050,Trial,0.0,2025-03-06,2025-03-20,trial_ended,
sub_000050,org_00050,Business,399.0,2025-03-23,2025-05-02,churned,Low adoption
sub_000051,org_00051,Trial,0.0,2025-01-24,2025-02-07,trial_ended,
sub_000052,org_00051,Growth,149.0,2025-02-10,,active,
sub_000053,org_00052,Trial,0.0,2025-04-21,2025-05-05,trial_ended,
sub_000054,org_00053,Trial,0.0,2025-11-24,2025-12-08,trial_ended,
sub_000055,org_00054,Trial,0.0,2025-03-16,2025-03-30,trial_ended,
sub_000056,org_00054,Business,399.0,2025-03-30,,active,
sub_000057,org_00055,Trial,0.0,2025-09-08,2025-09-22,trial_ended,
sub_000058,org_00055,Starter,49.0,2025-09-25,,active,
sub_000059,org_00056,Trial,0.0,2025-09-11,2025-09-25,trial_ended,
sub_000060,org_00057,Trial,0.0,2025-03-05,2025-03-19,trial_ended,
sub_000061,org_00058,Trial,0.0,2025-08-06,2025-08-20,trial_ended,
sub_000062,org_00058,Growth,149.0,2025-08-21,,active,
sub_000063,org_00061,Trial,0.0,2025-11-17,2025-12-01,trial_ended,
sub_000064,org_00061,Starter,49.0,2025-12-01,2026-01-13,churned,
sub_000065,org_00062,Trial,0.0,2025-07-31,2025-08-14,trial_ended,
sub_000066,org_00062,Growth,149.0,2025-08-17,,active,
sub_000067,org_00063,Trial,0.0,2025-01-31,2025-02-14,trial_ended,
sub_000068,org_00065,Trial,0.0,2025-08-21,2025-09-04,trial_ended,
sub_000069,org_00065,Growth,149.0,2025-09-04,,active,
sub_000070,org_00066,Trial,0.0,2025-10-06,2025-10-20,trial_ended,
sub_000071,org_00066,Growth,149.0,2025-10-20,2026-01-22,churned,Missing feature
sub_000072,org_00067,Trial,0.0,2025-07-24,2025-08-07,trial_ended,
sub_000073,org_00067,Business,399.0,2025-08-07,,active,
sub_000074,org_00068,Trial,0.0,2025-04-26,2025-05-10,trial_ended,
sub_000075,org_00068,Growth,149.0,2025-05-11,,active,
sub_000076,org_00072,Trial,0.0,2025-04-07,2025-04-21,trial_ended,
sub_000077,org_00072,Growth,149.0,2025-04-21,,active,
sub_000078,org_00073,Trial,0.0,2025-11-17,2025-12-01,trial_ended,
sub_000079,org_00074,Trial,0.0,2025-02-02,2025-02-16,trial_ended,
sub_000080,org_00074,Business,399.0,2025-02-19,,active,
sub_000081,org_00075,Trial,0.0,2025-04-05,2025-04-19,trial_ended,
sub_000082,org_00076,Trial,0.0,2025-09-12,2025-09-26,trial_ended,
sub_000083,org_00076,Business,399.0,2025-09-27,,active,
sub_000084,org_00077,Trial,0.0,2025-06-20,2025-07-04,trial_ended,
sub_000085,org_00077,Growth,149.0,2025-07-06,,active,
sub_000086,org_00079,Trial,0.0,2025-06-22,2025-07-06,trial_ended,
sub_000087,org_00081,Trial,0.0,2025-06-13,2025-06-27,trial_ended,
sub_000088,org_00081,Business,399.0,2025-06-30,,active,
sub_000089,org_00082,Trial,0.0,2025-06-14,2025-06-28,trial_ended,
sub_000090,org_00082,Growth,149.0,2025-06-29,,active,
sub_000091,org_00083,Trial,0.0,2025-02-02,2025-02-16,trial_ended,
sub_000092,org_00083,Starter,49.0,2025-02-17,,active,
sub_000093,org_00084,Trial,0.0,2025-05-19,2025-06-02,trial_ended,
sub_000094,org_00085,Trial,0.0,2025-10-10,2025-10-24,trial_ended,
sub_000095,org_00085,Starter,49.0,2025-10-25,,active,
sub_000096,org_00087,Trial,0.0,2025-08-16,2025-08-30,trial_ended,
sub_000097,org_00087,Business,399.0,2025-08-30,2025-11-17,churned,Low adoption
sub_000098,org_00089,Trial,0.0,2025-12-31,2026-01-14,trial_ended,
sub_000099,org_00090,Trial,0.0,2025-07-07,2025-07-21,trial_ended,
sub_000100,org_00090,Business,399.0,2025-07-21,2025-10-11,churned,
sub_000101,org_00091,Trial,0.0,2025-09-30,2025-10-14,trial_ended,
sub_000102,org_00093,Trial,0.0,2025-10-12,2025-10-26,trial_ended,
sub_000103,org_00093,Business,399.0,2025-10-26,,active,
sub_000104,org_00095,Trial,0.0,2025-12-22,2026-01-05,trial_ended,
sub_000105,org_00096,Trial,0.0,2025-04-10,2025-04-24,trial_ended,
sub_000106,org_00096,Growth,149.0,2025-04-24,,active,
sub_000107,org_00097,Trial,0.0,2025-05-07,2025-05-21,trial_ended,
sub_000108,org_00098,Trial,0.0,2025-08-05,2025-08-19,trial_ended,
sub_000109,org_00099,Trial,0.0,2025-11-14,2025-11-28,trial_ended,
sub_000110,org_00099,Business,399.0,2025-11-30,2026-01-02,churned,Missing feature
sub_000111,org_00101,Trial,0.0,2025-08-17,2025-08-31,trial_ended,
sub_000112,org_00101,Starter,49.0,2025-09-02,,active,
sub_000113,org_00102,Trial,0.0,2025-09-24,2025-10-08,trial_ended,
sub_000114,org_00102,Growth,149.0,2025-10-09,,active,
sub_000115,org_00106,Trial,0.0,2025-10-05,2025-10-19,trial_ended,
sub_000116,org_00106,Growth,149.0,2025-10-19,,active,
sub_000117,org_00107,Trial,0.0,2025-06-29,2025-07-13,trial_ended,
sub_000118,org_00107,Starter,49.0,2025-07-16,2025-08-28,churned,Budget
sub_000119,org_00109,Trial,0.0,2025-08-29,2025-09-12,trial_ended,
sub_000120,org_00110,Trial,0.0,2025-06-10,2025-06-24,trial_ended,
sub_000121,org_00110,Starter,49.0,2025-06-25,,active,
sub_000122,org_00112,Trial,0.0,2025-12-11,2025-12-25,trial_ended,
sub_000123,org_00113,Trial,0.0,2025-02-09,2025-02-23,trial_ended,
sub_000124,org_00113,Growth,149.0,2025-02-24,,active,
sub_000125,org_00114,Trial,0.0,2026-01-05,2026-01-19,trial_ended,
sub_000126,org_00114,Starter,49.0,2026-01-22,,active,
sub_000127,org_00115,Trial,0.0,2025-03-29,2025-04-12,trial_ended,
sub_000128,org_00116,Trial,0.0,2025-10-02,2025-10-16,trial_ended,
sub_000129,org_00116,Growth,149.0,2025-10-19,,active,
sub_000130,org_00119,Trial,0.0,2025-07-27,2025-08-10,trial_ended,
sub_000131,org_00120,Trial,0.0,2025-09-06,2025-09-20,trial_ended,
sub_000132,org_00120,Starter,49.0,2025-09-20,,active,
sub_000133,org_00121,Trial,0.0,2025-08-23,2025-09-06,trial_ended,
sub_000134,org_00123,Trial,0.0,2025-12-19,2026-01-02,trial_ended,
sub_000135,org_00124,Trial,0.0,2025-07-16,2025-07-30,trial_ended,
sub_000136,org_00125,Trial,0.0,2025-12-28,2026-01-11,trial_ended,
sub_000137,org_00125,Starter,49.0,2026-01-11,,active,
sub_000138,org_00126,Trial,0.0,2025-05-06,2025-05-20,trial_ended,
sub_000139,org_00126,Enterprise,999.0,2025-05-20,,active,
sub_000140,org_00127,Trial,0.0,2025-07-25,2025-08-08,trial_ended,
sub_000141,org_00129,Trial,0.0,2025-03-01,2025-03-15,trial_ended,
sub_000142,org_00131,Trial,0.0,2025-10-05,2025-10-19,trial_ended,
sub_000143,org_00133,Trial,0.0,2025-02-27,2025-03-13,trial_ended,
sub_000144,org_00133,Business,399.0,2025-03-16,,active,
sub_000145,org_00134,Trial,0.0,2025-07-15,2025-07-29,trial_ended,
sub_000146,org_00136,Trial,0.0,2025-06-16,2025-06-30,trial_ended,
sub_000147,org_00136,Growth,149.0,2025-07-01,,active,
sub_000148,org_00138,Trial,0.0,2025-12-20,2026-01-03,trial_ended,
sub_000149,org_00140,Trial,0.0,2025-04-10,2025-04-24,trial_ended,
sub_000150,org_00140,Starter,49.0,2025-04-25,2025-08-23,churned,
sub_000151,org_00141,Trial,0.0,2025-01-14,2025-01-28,trial_ended,
sub_000152,org_00142,Trial,0.0,2025-12-18,2026-01-01,trial_ended,
sub_000153,org_00145,Trial,0.0,2025-08-16,2025-08-30,trial_ended,
sub_000154,org_00145,Starter,49.0,2025-08-30,2025-11-15,churned,Low adoption
sub_000155,org_00148,Trial,0.0,2025-05-06,2025-05-20,trial_ended,
sub_000156,org_00148,Starter,49.0,2025-05-20,,active,
sub_000157,org_00150,Trial,0.0,2025-12-03,2025-12-17,trial_ended,
sub_000158,org_00150,Starter,49.0,2025-12-20,2026-04-10,churned,Low adoption
sub_000159,org_00151,Trial,0.0,2025-01-16,2025-01-30,trial_ended,
sub_000160,org_00152,Trial,0.0,2025-02-23,2025-03-09,trial_ended,
sub_000161,org_00154,Trial,0.0,2025-04-11,2025-04-25,trial_ended,
sub_000162,org_00155,Trial,0.0,2025-09-12,2025-09-26,trial_ended,
sub_000163,org_00155,Growth,149.0,2025-09-27,,active,
sub_000164,org_00156,Trial,0.0,2025-06-05,2025-06-19,trial_ended,
sub_000165,org_00156,Business,399.0,2025-06-19,,active,
sub_000166,org_00157,Trial,0.0,2025-09-24,2025-10-08,trial_ended,
sub_000167,org_00157,Growth,149.0,2025-10-11,,active,
sub_000168,org_00158,Trial,0.0,2025-09-09,2025-09-23,trial_ended,
sub_000169,org_00158,Growth,149.0,2025-09-26,,active,
sub_000170,org_00159,Trial,0.0,2025-12-24,2026-01-07,trial_ended,
sub_000171,org_00159,Business,399.0,2026-01-08,,active,
sub_000172,org_00163,Trial,0.0,2025-11-22,2025-12-06,trial_ended,
sub_000173,org_00163,Starter,49.0,2025-12-09,,active,
sub_000174,org_00165,Trial,0.0,2025-05-20,2025-06-03,trial_ended,
sub_000175,org_00167,Trial,0.0,2025-11-25,2025-12-09,trial_ended,
sub_000176,org_00169,Trial,0.0,2025-08-31,2025-09-14,trial_ended,
sub_000177,org_00170,Trial,0.0,2025-08-31,2025-09-14,trial_ended,
sub_000178,org_00170,Starter,49.0,2025-09-14,,active,
sub_000179,org_00171,Trial,0.0,2025-09-15,2025-09-29,trial_ended,
sub_000180,org_00172,Trial,0.0,2025-07-12,2025-07-26,trial_ended,
sub_000181,org_00174,Trial,0.0,2025-11-21,2025-12-05,trial_ended,
sub_000182,org_00176,Trial,0.0,2025-06-07,2025-06-21,trial_ended,
sub_000183,org_00176,Growth,149.0,2025-06-21,,active,
sub_000184,org_00177,Trial,0.0,2025-11-20,2025-12-04,trial_ended,
sub_000185,org_00177,Starter,49.0,2025-12-06,,active,
sub_000186,org_00179,Trial,0.0,2025-08-31,2025-09-14,trial_ended,
sub_000187,org_00179,Business,399.0,2025-09-15,,active,
sub_000188,org_00184,Trial,0.0,2025-01-13,2025-01-27,trial_ended,
sub_000189,org_00184,Growth,149.0,2025-01-28,,active,
sub_000190,org_00185,Trial,0.0,2025-07-22,2025-08-05,trial_ended,
sub_000191,org_00185,Business,399.0,2025-08-07,2025-11-26,churned,Low adoption
sub_000192,org_00186,Trial,0.0,2025-02-11,2025-02-25,trial_ended,
sub_000193,org_00187,Trial,0.0,2025-09-27,2025-10-11,trial_ended,
sub_000194,org_00187,Starter,49.0,2025-10-12,,active,
sub_000195,org_00188,Trial,0.0,2025-07-20,2025-08-03,trial_ended,
sub_000196,org_00188,Enterprise,999.0,2025-08-06,,active,
sub_000197,org_00189,Trial,0.0,2025-04-06,2025-04-20,trial_ended,
sub_000198,org_00189,Starter,49.0,2025-04-22,,active,
sub_000199,org_00190,Trial,0.0,2025-01-13,2025-01-27,trial_ended,
sub_000200,org_00192,Trial,0.0,2025-07-21,2025-08-04,trial_ended,
sub_000201,org_00192,Growth,149.0,2025-08-04,,active,
sub_000202,org_00193,Trial,0.0,2025-11-11,2025-11-25,trial_ended,
sub_000203,org_00194,Trial,0.0,2025-08-12,2025-08-26,trial_ended,
sub_000204,org_00194,Business,399.0,2025-08-28,,active,
sub_000205,org_00195,Trial,0.0,2025-05-12,2025-05-26,trial_ended,
sub_000206,org_00195,Growth,149.0,2025-05-27,,active,
sub_000207,org_00196,Trial,0.0,2025-07-19,2025-08-02,trial_ended,
sub_000208,org_00196,Starter,49.0,2025-08-03,,active,
sub_000209,org_00198,Trial,0.0,2025-06-04,2025-06-18,trial_ended,
sub_000210,org_00198,Business,399.0,2025-06-21,,active,
sub_000211,org_00202,Trial,0.0,2025-05-20,2025-06-03,trial_ended,
sub_000212,org_00202,Starter,49.0,2025-06-04,,active,
sub_000213,org_00203,Trial,0.0,2025-08-25,2025-09-08,trial_ended,
sub_000214,org_00203,Growth,149.0,2025-09-08,,active,
sub_000215,org_00204,Trial,0.0,2025-11-06,2025-11-20,trial_ended,
sub_000216,org_00204,Starter,49.0,2025-11-22,2026-02-23,churned,
sub_000217,org_00205,Trial,0.0,2025-02-04,2025-02-18,trial_ended,
sub_000218,org_00207,Trial,0.0,2025-10-10,2025-10-24,trial_ended,
sub_000219,org_00207,Growth,149.0,2025-10-27,,active,
sub_000220,org_00208,Trial,0.0,2025-03-05,2025-03-19,trial_ended,
sub_000221,org_00208,Business,399.0,2025-03-21,,active,
sub_000222,org_00209,Trial,0.0,2025-10-05,2025-10-19,trial_ended,
sub_000223,org_00209,Growth,149.0,2025-10-19,,active,
sub_000224,org_00210,Trial,0.0,2025-01-31,2025-02-14,trial_ended,
sub_000225,org_00211,Trial,0.0,2025-04-27,2025-05-11,trial_ended,
sub_000226,org_00212,Trial,0.0,2025-02-06,2025-02-20,trial_ended,
sub_000227,org_00214,Trial,0.0,2025-01-30,2025-02-13,trial_ended,
sub_000228,org_00215,Trial,0.0,2025-04-17,2025-05-01,trial_ended,
sub_000229,org_00215,Growth,149.0,2025-05-03,2025-07-29,churned,Low adoption
sub_000230,org_00216,Trial,0.0,2025-12-04,2025-12-18,trial_ended,
sub_000231,org_00216,Growth,149.0,2025-12-19,2026-02-05,churned,Low adoption
sub_000232,org_00218,Trial,0.0,2025-07-20,2025-08-03,trial_ended,
sub_000233,org_00218,Growth,149.0,2025-08-06,,active,
sub_000234,org_00219,Trial,0.0,2025-07-17,2025-07-31,trial_ended,
sub_000235,org_00220,Trial,0.0,2025-05-15,2025-05-29,trial_ended,
sub_000236,org_00220,Growth,149.0,2025-05-29,,active,
sub_000237,org_00223,Trial,0.0,2025-12-04,2025-12-18,trial_ended,
sub_000238,org_00224,Trial,0.0,2025-01-25,2025-02-08,trial_ended,
sub_000239,org_00225,Trial,0.0,2025-11-20,2025-12-04,trial_ended,
sub_000240,org_00227,Trial,0.0,2025-05-03,2025-05-17,trial_ended,
sub_000241,org_00227,Starter,49.0,2025-05-18,2025-06-25,churned,
sub_000242,org_00229,Trial,0.0,2025-10-23,2025-11-06,trial_ended,
sub_000243,org_00230,Trial,0.0,2025-11-11,2025-11-25,trial_ended,
sub_000244,org_00230,Starter,49.0,2025-11-28,,active,
sub_000245,org_00231,Trial,0.0,2025-05-09,2025-05-23,trial_ended,
sub_000246,org_00236,Trial,0.0,2025-07-10,2025-07-24,trial_ended,
sub_000247,org_00236,Enterprise,999.0,2025-07-25,,active,
sub_000248,org_00237,Trial,0.0,2025-03-01,2025-03-15,trial_ended,
sub_000249,org_00237,Growth,149.0,2025-03-15,,active,
sub_000250,org_00240,Trial,0.0,2025-12-07,2025-12-21,trial_ended,
sub_000251,org_00240,Starter,49.0,2025-12-24,,active,
sub_000252,org_00241,Trial,0.0,2025-09-30,2025-10-14,trial_ended,
sub_000253,org_00241,Starter,49.0,2025-10-16,2025-12-15,churned,Low adoption
sub_000254,org_00244,Trial,0.0,2025-03-14,2025-03-28,trial_ended,
sub_000255,org_00244,Starter,49.0,2025-03-29,,active,
sub_000256,org_00245,Trial,0.0,2025-08-12,2025-08-26,trial_ended,
sub_000257,org_00245,Growth,149.0,2025-08-26,,active,
sub_000258,org_00249,Trial,0.0,2025-08-19,2025-09-02,trial_ended,
sub_000259,org_00251,Trial,0.0,2025-07-08,2025-07-22,trial_ended,
sub_000260,org_00251,Business,399.0,2025-07-24,,active,
sub_000261,org_00253,Trial,0.0,2025-04-06,2025-04-20,trial_ended,
sub_000262,org_00256,Trial,0.0,2025-02-08,2025-02-22,trial_ended,
sub_000263,org_00257,Trial,0.0,2025-03-14,2025-03-28,trial_ended,
sub_000264,org_00257,Growth,149.0,2025-03-30,,active,
sub_000265,org_00258,Trial,0.0,2025-09-23,2025-10-07,trial_ended,
sub_000266,org_00259,Trial,0.0,2025-12-23,2026-01-06,trial_ended,
sub_000267,org_00260,Trial,0.0,2025-02-20,2025-03-06,trial_ended,
sub_000268,org_00261,Trial,0.0,2025-03-28,2025-04-11,trial_ended,
sub_000269,org_00262,Trial,0.0,2025-08-19,2025-09-02,trial_ended,
sub_000270,org_00262,Enterprise,999.0,2025-09-02,,active,
sub_000271,org_00263,Trial,0.0,2025-06-28,2025-07-12,trial_ended,
sub_000272,org_00263,Starter,49.0,2025-07-14,2025-09-22,churned,Missing feature
sub_000273,org_00264,Trial,0.0,2025-11-01,2025-11-15,trial_ended,
sub_000274,org_00264,Growth,149.0,2025-11-17,,active,
sub_000275,org_00265,Trial,0.0,2025-04-08,2025-04-22,trial_ended,
sub_000276,org_00267,Trial,0.0,2025-01-17,2025-01-31,trial_ended,
sub_000277,org_00269,Trial,0.0,2025-12-08,2025-12-22,trial_ended,
sub_000278,org_00270,Trial,0.0,2025-11-22,2025-12-06,trial_ended,
sub_000279,org_00270,Growth,149.0,2025-12-07,2026-03-10,churned,Budget
sub_000280,org_00271,Trial,0.0,2025-12-03,2025-12-17,trial_ended,
sub_000281,org_00272,Trial,0.0,2025-06-12,2025-06-26,trial_ended,
sub_000282,org_00272,Business,399.0,2025-06-26,,active,
sub_000283,org_00273,Trial,0.0,2025-03-19,2025-04-02,trial_ended,
sub_000284,org_00273,Growth,149.0,2025-04-05,2025-08-03,churned,Budget
sub_000285,org_00275,Trial,0.0,2025-09-15,2025-09-29,trial_ended,
sub_000286,org_00275,Business,399.0,2025-09-30,,active,
sub_000287,org_00276,Trial,0.0,2025-02-13,2025-02-27,trial_ended,
sub_000288,org_00279,Trial,0.0,2025-04-26,2025-05-10,trial_ended,
sub_000289,org_00279,Enterprise,999.0,2025-05-11,2025-06-28,churned,Missing feature
sub_000290,org_00281,Trial,0.0,2025-04-11,2025-04-25,trial_ended,
sub_000291,org_00282,Trial,0.0,2025-07-02,2025-07-16,trial_ended,
sub_000292,org_00282,Growth,149.0,2025-07-19,,active,
sub_000293,org_00284,Trial,0.0,2025-10-21,2025-11-04,trial_ended,
sub_000294,org_00284,Growth,149.0,2025-11-07,,active,
sub_000295,org_00285,Trial,0.0,2025-05-05,2025-05-19,trial_ended,
sub_000296,org_00285,Starter,49.0,2025-05-22,,active,
sub_000297,org_00286,Trial,0.0,2025-01-09,2025-01-23,trial_ended,
sub_000298,org_00286,Enterprise,999.0,2025-01-24,2025-04-28,churned,Budget
sub_000299,org_00287,Trial,0.0,2025-06-23,2025-07-07,trial_ended,
sub_000300,org_00287,Enterprise,999.0,2025-07-09,,active,
sub_000301,org_00288,Trial,0.0,2025-06-13,2025-06-27,trial_ended,
sub_000302,org_00288,Enterprise,999.0,2025-06-30,,active,
sub_000303,org_00290,Trial,0.0,2025-04-13,2025-04-27,trial_ended,
sub_000304,org_00290,Business,399.0,2025-04-30,,active,
sub_000305,org_00291,Trial,0.0,2025-12-12,2025-12-26,trial_ended,
sub_000306,org_00291,Growth,149.0,2025-12-29,,active,
sub_000307,org_00292,Trial,0.0,2025-07-07,2025-07-21,trial_ended,
sub_000308,org_00294,Trial,0.0,2025-01-16,2025-01-30,trial_ended,
sub_000309,org_00296,Trial,0.0,2025-11-09,2025-11-23,trial_ended,
sub_000310,org_00296,Starter,49.0,2025-11-25,,active,
sub_000311,org_00298,Trial,0.0,2025-06-16,2025-06-30,trial_ended,
sub_000312,org_00299,Trial,0.0,2025-12-27,2026-01-10,trial_ended,
sub_000313,org_00299,Growth,149.0,2026-01-10,,active,
sub_000314,org_00300,Trial,0.0,2025-09-26,2025-10-10,trial_ended,
sub_000315,org_00300,Starter,49.0,2025-10-10,,active,
sub_000316,org_00301,Trial,0.0,2025-03-26,2025-04-09,trial_ended,
sub_000317,org_00301,Growth,149.0,2025-04-11,,active,
sub_000318,org_00303,Trial,0.0,2025-07-13,2025-07-27,trial_ended,
sub_000319,org_00303,Business,399.0,2025-07-30,,active,
sub_000320,org_00304,Trial,0.0,2025-09-13,2025-09-27,trial_ended,
sub_000321,org_00306,Trial,0.0,2025-09-21,2025-10-05,trial_ended,
sub_000322,org_00306,Starter,49.0,2025-10-07,2025-12-27,churned,Low adoption
sub_000323,org_00308,Trial,0.0,2025-09-28,2025-10-12,trial_ended,
sub_000324,org_00308,Starter,49.0,2025-10-14,,active,
sub_000325,org_00309,Trial,0.0,2025-10-25,2025-11-08,trial_ended,
sub_000326,org_00312,Trial,0.0,2025-05-30,2025-06-13,trial_ended,
sub_000327,org_00314,Trial,0.0,2025-11-10,2025-11-24,trial_ended,
sub_000328,org_00315,Trial,0.0,2025-10-22,2025-11-05,trial_ended,
sub_000329,org_00316,Trial,0.0,2025-03-08,2025-03-22,trial_ended,
sub_000330,org_00319,Trial,0.0,2025-05-11,2025-05-25,trial_ended,
sub_000331,org_00320,Trial,0.0,2025-06-26,2025-07-10,trial_ended,
sub_000332,org_00320,Growth,149.0,2025-07-12,,active,
sub_000333,org_00322,Trial,0.0,2025-03-08,2025-03-22,trial_ended,
sub_000334,org_00323,Trial,0.0,2025-04-21,2025-05-05,trial_ended,
sub_000335,org_00323,Starter,49.0,2025-05-08,,active,
sub_000336,org_00324,Trial,0.0,2025-10-14,2025-10-28,trial_ended,
sub_000337,org_00326,Trial,0.0,2025-12-03,2025-12-17,trial_ended,
sub_000338,org_00326,Growth,149.0,2025-12-20,,active,
sub_000339,org_00327,Trial,0.0,2025-02-09,2025-02-23,trial_ended,
sub_000340,org_00327,Starter,49.0,2025-02-26,,active,
sub_000341,org_00328,Trial,0.0,2025-10-14,2025-10-28,trial_ended,
sub_000342,org_00331,Trial,0.0,2025-09-23,2025-10-07,trial_ended,
sub_000343,org_00331,Growth,149.0,2025-10-10,,active,
sub_000344,org_00334,Trial,0.0,2025-11-15,2025-11-29,trial_ended,
sub_000345,org_00334,Business,399.0,2025-12-02,,active,
sub_000346,org_00336,Trial,0.0,2025-09-14,2025-09-28,trial_ended,
sub_000347,org_00338,Trial,0.0,2025-08-15,2025-08-29,trial_ended,
sub_000348,org_00338,Growth,149.0,2025-09-01,,active,
sub_000349,org_00339,Trial,0.0,2025-01-21,2025-02-04,trial_ended,
sub_000350,org_00339,Growth,149.0,2025-02-05,,active,
sub_000351,org_00342,Trial,0.0,2025-03-18,2025-04-01,trial_ended,
sub_000352,org_00342,Starter,49.0,2025-04-02,,active,
sub_000353,org_00343,Trial,0.0,2025-05-23,2025-06-06,trial_ended,
sub_000354,org_00344,Trial,0.0,2025-09-15,2025-09-29,trial_ended,
sub_000355,org_00344,Enterprise,999.0,2025-10-01,,active,
sub_000356,org_00345,Trial,0.0,2025-03-22,2025-04-05,trial_ended,
sub_000357,org_00345,Growth,149.0,2025-04-08,,active,
sub_000358,org_00348,Trial,0.0,2025-08-20,2025-09-03,trial_ended,
sub_000359,org_00349,Trial,0.0,2025-03-07,2025-03-21,trial_ended,
sub_000360,org_00349,Starter,49.0,2025-03-23,,active,
sub_000361,org_00350,Trial,0.0,2025-12-13,2025-12-27,trial_ended,
sub_000362,org_00350,Growth,149.0,2025-12-27,,active,
sub_000363,org_00351,Trial,0.0,2025-03-02,2025-03-16,trial_ended,
sub_000364,org_00351,Business,399.0,2025-03-19,2025-04-28,churned,Low adoption
sub_000365,org_00353,Trial,0.0,2025-01-12,2025-01-26,trial_ended,
sub_000366,org_00353,Growth,149.0,2025-01-28,,active,
sub_000367,org_00354,Trial,0.0,2025-05-26,2025-06-09,trial_ended,
sub_000368,org_00355,Trial,0.0,2025-01-10,2025-01-24,trial_ended,
sub_000369,org_00355,Starter,49.0,2025-01-25,,active,
sub_000370,org_00360,Trial,0.0,2025-01-11,2025-01-25,trial_ended,
sub_000371,org_00360,Enterprise,999.0,2025-01-25,,active,
sub_000372,org_00361,Trial,0.0,2025-01-06,2025-01-20,trial_ended,
sub_000373,org_00362,Trial,0.0,2025-12-07,2025-12-21,trial_ended,
sub_000374,org_00362,Growth,149.0,2025-12-24,,active,
sub_000375,org_00364,Trial,0.0,2025-04-09,2025-04-23,trial_ended,
sub_000376,org_00364,Starter,49.0,2025-04-23,2025-07-11,churned,
sub_000377,org_00367,Trial,0.0,2025-07-24,2025-08-07,trial_ended,
sub_000378,org_00368,Trial,0.0,2025-07-30,2025-08-13,trial_ended,
sub_000379,org_00371,Trial,0.0,2025-08-01,2025-08-15,trial_ended,
sub_000380,org_00372,Trial,0.0,2025-07-09,2025-07-23,trial_ended,
sub_000381,org_00375,Trial,0.0,2025-09-01,2025-09-15,trial_ended,
sub_000382,org_00375,Growth,149.0,2025-09-17,,active,
sub_000383,org_00376,Trial,0.0,2025-06-30,2025-07-14,trial_ended,
sub_000384,org_00376,Starter,49.0,2025-07-15,,active,
sub_000385,org_00377,Trial,0.0,2025-12-30,2026-01-13,trial_ended,
sub_000386,org_00377,Growth,149.0,2026-01-15,2026-02-20,churned,Low adoption
sub_000387,org_00380,Trial,0.0,2025-10-27,2025-11-10,trial_ended,
sub_000388,org_00380,Starter,49.0,2025-11-11,,active,
sub_000389,org_00381,Trial,0.0,2025-04-17,2025-05-01,trial_ended,
sub_000390,org_00382,Trial,0.0,2025-09-27,2025-10-11,trial_ended,
sub_000391,org_00383,Trial,0.0,2025-05-30,2025-06-13,trial_ended,
sub_000392,org_00383,Growth,149.0,2025-06-15,,active,
sub_000393,org_00384,Trial,0.0,2025-02-09,2025-02-23,trial_ended,
sub_000394,org_00384,Starter,49.0,2025-02-26,,active,
sub_000395,org_00385,Trial,0.0,2025-03-26,2025-04-09,trial_ended,
sub_000396,org_00386,Trial,0.0,2025-08-10,2025-08-24,trial_ended,
sub_000397,org_00386,Growth,149.0,2025-08-24,,active,
sub_000398,org_00387,Trial,0.0,2025-01-12,2025-01-26,trial_ended,
sub_000399,org_00388,Trial,0.0,2025-07-02,2025-07-16,trial_ended,
sub_000400,org_00388,Growth,149.0,2025-07-19,,active,
sub_000401,org_00391,Trial,0.0,2025-12-15,2025-12-29,trial_ended,
sub_000402,org_00391,Growth,149.0,2025-12-30,,active,
sub_000403,org_00393,Trial,0.0,2025-06-12,2025-06-26,trial_ended,
sub_000404,org_00393,Business,399.0,2025-06-28,,active,
sub_000405,org_00394,Trial,0.0,2025-08-20,2025-09-03,trial_ended,
sub_000406,org_00395,Trial,0.0,2025-04-17,2025-05-01,trial_ended,
sub_000407,org_00395,Growth,149.0,2025-05-01,2025-07-19,churned,Low adoption
sub_000408,org_00396,Trial,0.0,2025-10-30,2025-11-13,trial_ended,
sub_000409,org_00397,Trial,0.0,2025-12-24,2026-01-07,trial_ended,
sub_000410,org_00398,Trial,0.0,2025-12-27,2026-01-10,trial_ended,
sub_000411,org_00398,Growth,149.0,2026-01-13,,active,
sub_000412,org_00399,Trial,0.0,2025-11-17,2025-12-01,trial_ended,
sub_000413,org_00399,Growth,149.0,2025-12-02,,active,
sub_000414,org_00401,Trial,0.0,2025-12-21,2026-01-04,trial_ended,
sub_000415,org_00401,Growth,149.0,2026-01-06,,active,
sub_000416,org_00403,Trial,0.0,2025-06-20,2025-07-04,trial_ended,
sub_000417,org_00403,Growth,149.0,2025-07-04,,active,
sub_000418,org_00405,Trial,0.0,2025-12-17,2025-12-31,trial_ended,
sub_000419,org_00406,Trial,0.0,2025-05-24,2025-06-07,trial_ended,
sub_000420,org_00407,Trial,0.0,2025-09-29,2025-10-13,trial_ended,
sub_000421,org_00408,Trial,0.0,2025-09-21,2025-10-05,trial_ended,
sub_000422,org_00409,Trial,0.0,2025-03-27,2025-04-10,trial_ended,
sub_000423,org_00409,Business,399.0,2025-04-10,,active,
sub_000424,org_00410,Trial,0.0,2025-09-04,2025-09-18,trial_ended,
sub_000425,org_00412,Trial,0.0,2025-10-26,2025-11-09,trial_ended,
sub_000426,org_00413,Trial,0.0,2025-02-19,2025-03-05,trial_ended,
sub_000427,org_00413,Growth,149.0,2025-03-05,2025-05-20,churned,
sub_000428,org_00415,Trial,0.0,2025-04-17,2025-05-01,trial_ended,
sub_000429,org_00415,Starter,49.0,2025-05-03,,active,
sub_000430,org_00417,Trial,0.0,2025-03-24,2025-04-07,trial_ended,
sub_000431,org_00418,Trial,0.0,2025-10-02,2025-10-16,trial_ended,
sub_000432,org_00420,Trial,0.0,2025-02-02,2025-02-16,trial_ended,
sub_000433,org_00420,Starter,49.0,2025-02-17,,active,
sub_000434,org_00421,Trial,0.0,2025-08-12,2025-08-26,trial_ended,
sub_000435,org_00422,Trial,0.0,2025-09-29,2025-10-13,trial_ended,
sub_000436,org_00422,Enterprise,999.0,2025-10-14,2025-11-29,churned,Budget
sub_000437,org_00425,Trial,0.0,2025-05-20,2025-06-03,trial_ended,
sub_000438,org_00426,Trial,0.0,2025-03-21,2025-04-04,trial_ended,
sub_000439,org_00427,Trial,0.0,2025-06-14,2025-06-28,trial_ended,
sub_000440,org_00427,Business,399.0,2025-06-29,,active,
sub_000441,org_00429,Trial,0.0,2025-12-15,2025-12-29,trial_ended,
sub_000442,org_00429,Business,399.0,2025-12-29,,active,
sub_000443,org_00430,Trial,0.0,2025-04-19,2025-05-03,trial_ended,
sub_000444,org_00430,Business,399.0,2025-05-06,,active,
sub_000445,org_00432,Trial,0.0,2025-01-29,2025-02-12,trial_ended,
sub_000446,org_00432,Starter,49.0,2025-02-14,,active,
sub_000447,org_00433,Trial,0.0,2025-10-31,2025-11-14,trial_ended,
sub_000448,org_00433,Enterprise,999.0,2025-11-15,,active,
sub_000449,org_00435,Trial,0.0,2025-05-04,2025-05-18,trial_ended,
sub_000450,org_00435,Growth,149.0,2025-05-18,,active,
sub_000451,org_00436,Trial,0.0,2025-09-15,2025-09-29,trial_ended,
sub_000452,org_00436,Starter,49.0,2025-10-01,,active,
sub_000453,org_00437,Trial,0.0,2025-05-24,2025-06-07,trial_ended,
sub_000454,org_00439,Trial,0.0,2025-03-22,2025-04-05,trial_ended,
sub_000455,org_00439,Starter,49.0,2025-04-08,,active,
sub_000456,org_00442,Trial,0.0,2025-01-27,2025-02-10,trial_ended,
sub_000457,org_00445,Trial,0.0,2025-03-27,2025-04-10,trial_ended,
sub_000458,org_00446,Trial,0.0,2025-10-05,2025-10-19,trial_ended,
sub_000459,org_00446,Starter,49.0,2025-10-21,2025-12-11,churned,Budget
sub_000460,org_00447,Trial,0.0,2025-10-07,2025-10-21,trial_ended,
sub_000461,org_00448,Trial,0.0,2025-04-11,2025-04-25,trial_ended,
sub_000462,org_00448,Business,399.0,2025-04-26,,active,
sub_000463,org_00451,Trial,0.0,2025-06-27,2025-07-11,trial_ended,
sub_000464,org_00451,Starter,49.0,2025-07-13,,active,
sub_000465,org_00453,Trial,0.0,2025-06-25,2025-07-09,trial_ended,
sub_000466,org_00453,Starter,49.0,2025-07-10,,active,
sub_000467,org_00454,Trial,0.0,2026-01-03,2026-01-17,trial_ended,
sub_000468,org_00455,Trial,0.0,2025-01-28,2025-02-11,trial_ended,
sub_000469,org_00456,Trial,0.0,2025-07-10,2025-07-24,trial_ended,
sub_000470,org_00456,Starter,49.0,2025-07-26,,active,
sub_000471,org_00457,Trial,0.0,2025-04-13,2025-04-27,trial_ended,
sub_000472,org_00460,Trial,0.0,2025-01-06,2025-01-20,trial_ended,
sub_000473,org_00460,Business,399.0,2025-01-21,,active,
sub_000474,org_00461,Trial,0.0,2025-07-13,2025-07-27,trial_ended,
sub_000475,org_00463,Trial,0.0,2025-07-09,2025-07-23,trial_ended,
sub_000476,org_00463,Starter,49.0,2025-07-23,2025-10-31,churned,Budget
sub_000477,org_00464,Trial,0.0,2025-05-29,2025-06-12,trial_ended,
sub_000478,org_00464,Starter,49.0,2025-06-15,,active,
sub_000479,org_00466,Trial,0.0,2025-01-20,2025-02-03,trial_ended,
sub_000480,org_00467,Trial,0.0,2026-01-01,2026-01-15,trial_ended,
sub_000481,org_00468,Trial,0.0,2025-02-18,2025-03-04,trial_ended,
sub_000482,org_00468,Growth,149.0,2025-03-07,2025-04-23,churned,
sub_000483,org_00469,Trial,0.0,2025-04-27,2025-05-11,trial_ended,
sub_000484,org_00473,Trial,0.0,2025-11-24,2025-12-08,trial_ended,
sub_000485,org_00473,Growth,149.0,2025-12-09,,active,
sub_000486,org_00476,Trial,0.0,2025-03-14,2025-03-28,trial_ended,
sub_000487,org_00478,Trial,0.0,2025-03-08,2025-03-22,trial_ended,
sub_000488,org_00479,Trial,0.0,2025-10-15,2025-10-29,trial_ended,
sub_000489,org_00480,Trial,0.0,2025-05-28,2025-06-11,trial_ended,
sub_000490,org_00480,Enterprise,999.0,2025-06-12,2025-07-22,churned,Low adoption
sub_000491,org_00481,Trial,0.0,2025-11-22,2025-12-06,trial_ended,
sub_000492,org_00481,Business,399.0,2025-12-08,,active,
sub_000493,org_00482,Trial,0.0,2025-03-12,2025-03-26,trial_ended,
sub_000494,org_00486,Trial,0.0,2025-09-17,2025-10-01,trial_ended,
sub_000495,org_00486,Growth,149.0,2025-10-04,2026-01-15,churned,Missing feature
sub_000496,org_00487,Trial,0.0,2025-09-25,2025-10-09,trial_ended,
sub_000497,org_00487,Starter,49.0,2025-10-09,,active,
sub_000498,org_00488,Trial,0.0,2025-06-20,2025-07-04,trial_ended,
sub_000499,org_00488,Business,399.0,2025-07-06,2025-10-11,churned,Missing feature
sub_000500,org_00489,Trial,0.0,2025-08-02,2025-08-16,trial_ended,
sub_000501,org_00489,Business,399.0,2025-08-17,,active,
sub_000502,org_00490,Trial,0.0,2025-09-24,2025-10-08,trial_ended,
sub_000503,org_00490,Growth,149.0,2025-10-11,,active,
sub_000504,org_00491,Trial,0.0,2025-07-05,2025-07-19,trial_ended,
sub_000505,org_00491,Business,399.0,2025-07-21,,active,
sub_000506,org_00492,Trial,0.0,2025-01-08,2025-01-22,trial_ended,
sub_000507,org_00493,Trial,0.0,2025-06-09,2025-06-23,trial_ended,
sub_000508,org_00493,Business,399.0,2025-06-26,,active,
sub_000509,org_00494,Trial,0.0,2025-06-20,2025-07-04,trial_ended,
sub_000510,org_00494,Growth,149.0,2025-07-06,,active,
sub_000511,org_00499,Trial,0.0,2025-05-03,2025-05-17,trial_ended,
sub_000512,org_00499,Growth,149.0,2025-05-19,,active,
sub_000513,org_00500,Trial,0.0,2025-06-27,2025-07-11,trial_ended,
sub_000514,org_00500,Growth,149.0,2025-07-12,,active,
sub_000515,org_00501,Trial,0.0,2025-10-24,2025-11-07,trial_ended,
sub_000516,org_00501,Starter,49.0,2025-11-10,,active,
sub_000517,org_00504,Trial,0.0,2025-11-07,2025-11-21,trial_ended,
sub_000518,org_00504,Growth,149.0,2025-11-22,,active,
sub_000519,org_00506,Trial,0.0,2025-03-22,2025-04-05,trial_ended,
sub_000520,org_00506,Enterprise,999.0,2025-04-07,,active,
sub_000521,org_00507,Trial,0.0,2025-01-23,2025-02-06,trial_ended,
sub_000522,org_00507,Growth,149.0,2025-02-07,2025-05-07,churned,Missing feature
sub_000523,org_00508,Trial,0.0,2025-08-12,2025-08-26,trial_ended,
sub_000524,org_00508,Starter,49.0,2025-08-29,,active,
sub_000525,org_00511,Trial,0.0,2025-04-30,2025-05-14,trial_ended,
sub_000526,org_00511,Business,399.0,2025-05-14,,active,
sub_000527,org_00513,Trial,0.0,2025-03-26,2025-04-09,trial_ended,
sub_000528,org_00513,Business,399.0,2025-04-11,2025-07-28,churned,Low adoption
sub_000529,org_00514,Trial,0.0,2025-03-23,2025-04-06,trial_ended,
sub_000530,org_00515,Trial,0.0,2025-09-17,2025-10-01,trial_ended,
sub_000531,org_00516,Trial,0.0,2026-01-02,2026-01-16,trial_ended,
sub_000532,org_00518,Trial,0.0,2025-11-07,2025-11-21,trial_ended,
sub_000533,org_00518,Starter,49.0,2025-11-21,2026-02-09,churned,Low adoption
sub_000534,org_00519,Trial,0.0,2025-04-23,2025-05-07,trial_ended,
sub_000535,org_00522,Trial,0.0,2025-03-21,2025-04-04,trial_ended,
sub_000536,org_00522,Starter,49.0,2025-04-04,,active,
sub_000537,org_00524,Trial,0.0,2025-10-02,2025-10-16,trial_ended,
sub_000538,org_00524,Enterprise,999.0,2025-10-18,,active,
sub_000539,org_00525,Trial,0.0,2025-12-30,2026-01-13,trial_ended,
sub_000540,org_00526,Trial,0.0,2025-11-06,2025-11-20,trial_ended,
sub_000541,org_00526,Starter,49.0,2025-11-21,2026-02-18,churned,Low adoption
sub_000542,org_00527,Trial,0.0,2025-06-02,2025-06-16,trial_ended,
sub_000543,org_00530,Trial,0.0,2025-12-23,2026-01-06,trial_ended,
sub_000544,org_00530,Growth,149.0,2026-01-07,,active,
sub_000545,org_00531,Trial,0.0,2025-03-22,2025-04-05,trial_ended,
sub_000546,org_00531,Business,399.0,2025-04-06,,active,
sub_000547,org_00532,Trial,0.0,2025-09-14,2025-09-28,trial_ended,
sub_000548,org_00533,Trial,0.0,2025-04-23,2025-05-07,trial_ended,
sub_000549,org_00533,Growth,149.0,2025-05-09,,active,
sub_000550,org_00534,Trial,0.0,2025-08-23,2025-09-06,trial_ended,
sub_000551,org_00534,Growth,149.0,2025-09-09,,active,
sub_000552,org_00536,Trial,0.0,2025-12-19,2026-01-02,trial_ended,
sub_000553,org_00536,Starter,49.0,2026-01-05,,active,
sub_000554,org_00537,Trial,0.0,2025-08-17,2025-08-31,trial_ended,
sub_000555,org_00542,Trial,0.0,2025-05-31,2025-06-14,trial_ended,
sub_000556,org_00542,Starter,49.0,2025-06-16,,active,
sub_000557,org_00543,Trial,0.0,2025-06-29,2025-07-13,trial_ended,
sub_000558,org_00543,Growth,149.0,2025-07-14,,active,
sub_000559,org_00544,Trial,0.0,2025-02-14,2025-02-28,trial_ended,
sub_000560,org_00544,Growth,149.0,2025-03-03,,active,
sub_000561,org_00545,Trial,0.0,2025-08-19,2025-09-02,trial_ended,
sub_000562,org_00545,Starter,49.0,2025-09-03,,active,
sub_000563,org_00548,Trial,0.0,2025-05-05,2025-05-19,trial_ended,
sub_000564,org_00548,Growth,149.0,2025-05-22,2025-09-19,churned,Low adoption
sub_000565,org_00549,Trial,0.0,2025-06-11,2025-06-25,trial_ended,
sub_000566,org_00550,Trial,0.0,2025-08-31,2025-09-14,trial_ended,
sub_000567,org_00551,Trial,0.0,2025-07-30,2025-08-13,trial_ended,
sub_000568,org_00554,Trial,0.0,2025-05-27,2025-06-10,trial_ended,
sub_000569,org_00554,Starter,49.0,2025-06-12,,active,
sub_000570,org_00555,Trial,0.0,2025-05-03,2025-05-17,trial_ended,
sub_000571,org_00556,Trial,0.0,2025-09-18,2025-10-02,trial_ended,
sub_000572,org_00556,Growth,149.0,2025-10-03,,active,
sub_000573,org_00557,Trial,0.0,2025-12-11,2025-12-25,trial_ended,
sub_000574,org_00558,Trial,0.0,2025-05-20,2025-06-03,trial_ended,
sub_000575,org_00558,Growth,149.0,2025-06-03,,active,
sub_000576,org_00559,Trial,0.0,2025-10-02,2025-10-16,trial_ended,
sub_000577,org_00559,Growth,149.0,2025-10-18,,active,
sub_000578,org_00561,Trial,0.0,2025-06-23,2025-07-07,trial_ended,
sub_000579,org_00561,Business,399.0,2025-07-08,,active,
sub_000580,org_00563,Trial,0.0,2025-07-29,2025-08-12,trial_ended,
sub_000581,org_00563,Enterprise,999.0,2025-08-13,,active,
sub_000582,org_00564,Trial,0.0,2025-02-10,2025-02-24,trial_ended,
sub_000583,org_00564,Growth,149.0,2025-02-25,,active,
sub_000584,org_00565,Trial,0.0,2025-12-20,2026-01-03,trial_ended,
sub_000585,org_00566,Trial,0.0,2025-05-28,2025-06-11,trial_ended,
sub_000586,org_00566,Growth,149.0,2025-06-12,,active,
sub_000587,org_00569,Trial,0.0,2025-03-02,2025-03-16,trial_ended,
sub_000588,org_00570,Trial,0.0,2025-10-17,2025-10-31,trial_ended,
sub_000589,org_00571,Trial,0.0,2025-10-03,2025-10-17,trial_ended,
sub_000590,org_00571,Enterprise,999.0,2025-10-19,,active,
sub_000591,org_00572,Trial,0.0,2025-11-14,2025-11-28,trial_ended,
sub_000592,org_00572,Starter,49.0,2025-11-30,2026-03-24,churned,Low adoption
sub_000593,org_00574,Trial,0.0,2025-09-03,2025-09-17,trial_ended,
sub_000594,org_00574,Starter,49.0,2025-09-17,2025-12-25,churned,Low adoption
sub_000595,org_00576,Trial,0.0,2025-07-05,2025-07-19,trial_ended,
sub_000596,org_00576,Growth,149.0,2025-07-21,,active,
sub_000597,org_00577,Trial,0.0,2025-04-01,2025-04-15,trial_ended,
sub_000598,org_00578,Trial,0.0,2025-07-07,2025-07-21,trial_ended,
sub_000599,org_00579,Trial,0.0,2025-08-24,2025-09-07,trial_ended,
sub_000600,org_00580,Trial,0.0,2025-05-07,2025-05-21,trial_ended,
sub_000601,org_00584,Trial,0.0,2025-06-30,2025-07-14,trial_ended,
sub_000602,org_00584,Starter,49.0,2025-07-16,,active,
sub_000603,org_00586,Trial,0.0,2025-10-30,2025-11-13,trial_ended,
sub_000604,org_00586,Growth,149.0,2025-11-14,,active,
sub_000605,org_00587,Trial,0.0,2025-04-17,2025-05-01,trial_ended,
sub_000606,org_00589,Trial,0.0,2025-08-11,2025-08-25,trial_ended,
sub_000607,org_00589,Enterprise,999.0,2025-08-28,2025-10-10,churned,Low adoption
sub_000608,org_00592,Trial,0.0,2025-07-15,2025-07-29,trial_ended,
sub_000609,org_00592,Enterprise,999.0,2025-07-30,,active,
sub_000610,org_00593,Trial,0.0,2025-01-10,2025-01-24,trial_ended,
sub_000611,org_00593,Enterprise,999.0,2025-01-25,,active,
sub_000612,org_00594,Trial,0.0,2025-05-28,2025-06-11,trial_ended,
sub_000613,org_00594,Starter,49.0,2025-06-13,,active,
sub_000614,org_00595,Trial,0.0,2025-05-11,2025-05-25,trial_ended,
sub_000615,org_00596,Trial,0.0,2025-02-13,2025-02-27,trial_ended,
sub_000616,org_00596,Growth,149.0,2025-03-02,,active,
sub_000617,org_00597,Trial,0.0,2025-08-18,2025-09-01,trial_ended,
sub_000618,org_00597,Enterprise,999.0,2025-09-03,,active,
sub_000619,org_00598,Trial,0.0,2025-04-10,2025-04-24,trial_ended,
sub_000620,org_00599,Trial,0.0,2025-09-26,2025-10-10,trial_ended,
sub_000621,org_00599,Growth,149.0,2025-10-12,,active,
sub_000622,org_00600,Trial,0.0,2025-12-22,2026-01-05,trial_ended,
sub_000623,org_00600,Growth,149.0,2026-01-08,2026-04-03,churned,Missing feature
sub_000624,org_00601,Trial,0.0,2025-02-19,2025-03-05,trial_ended,
sub_000625,org_00603,Trial,0.0,2025-03-09,2025-03-23,trial_ended,
sub_000626,org_00603,Business,399.0,2025-03-26,,active,
sub_000627,org_00604,Trial,0.0,2025-06-20,2025-07-04,trial_ended,
sub_000628,org_00607,Trial,0.0,2025-05-25,2025-06-08,trial_ended,
sub_000629,org_00608,Trial,0.0,2025-07-23,2025-08-06,trial_ended,
sub_000630,org_00608,Business,399.0,2025-08-06,,active,
sub_000631,org_00609,Trial,0.0,2025-02-19,2025-03-05,trial_ended,
sub_000632,org_00609,Starter,49.0,2025-03-07,,active,
sub_000633,org_00610,Trial,0.0,2025-05-17,2025-05-31,trial_ended,
sub_000634,org_00610,Starter,49.0,2025-06-01,,active,
sub_000635,org_00611,Trial,0.0,2025-12-04,2025-12-18,trial_ended,
sub_000636,org_00611,Growth,149.0,2025-12-19,,active,
sub_000637,org_00613,Trial,0.0,2025-05-31,2025-06-14,trial_ended,
sub_000638,org_00615,Trial,0.0,2025-07-09,2025-07-23,trial_ended,
sub_000639,org_00616,Trial,0.0,2025-02-12,2025-02-26,trial_ended,
sub_000640,org_00616,Enterprise,999.0,2025-02-26,,active,
sub_000641,org_00617,Trial,0.0,2025-12-22,2026-01-05,trial_ended,
sub_000642,org_00619,Trial,0.0,2025-08-12,2025-08-26,trial_ended,
sub_000643,org_00619,Growth,149.0,2025-08-26,2025-10-23,churned,
sub_000644,org_00620,Trial,0.0,2025-06-19,2025-07-03,trial_ended,
sub_000645,org_00620,Growth,149.0,2025-07-04,,active,
sub_000646,org_00621,Trial,0.0,2025-04-30,2025-05-14,trial_ended,
sub_000647,org_00621,Enterprise,999.0,2025-05-14,,active,
sub_000648,org_00623,Trial,0.0,2025-03-17,2025-03-31,trial_ended,
sub_000649,org_00623,Starter,49.0,2025-04-03,2025-07-12,churned,Budget
sub_000650,org_00627,Trial,0.0,2025-06-25,2025-07-09,trial_ended,
sub_000651,org_00627,Growth,149.0,2025-07-09,,active,
sub_000652,org_00629,Trial,0.0,2025-09-18,2025-10-02,trial_ended,
sub_000653,org_00629,Starter,49.0,2025-10-04,,active,
sub_000654,org_00630,Trial,0.0,2025-08-06,2025-08-20,trial_ended,
sub_000655,org_00630,Growth,149.0,2025-08-22,,active,
sub_000656,org_00632,Trial,0.0,2025-07-12,2025-07-26,trial_ended,
sub_000657,org_00633,Trial,0.0,2025-12-01,2025-12-15,trial_ended,
sub_000658,org_00634,Trial,0.0,2025-01-19,2025-02-02,trial_ended,
sub_000659,org_00637,Trial,0.0,2025-03-11,2025-03-25,trial_ended,
sub_000660,org_00637,Business,399.0,2025-03-26,,active,
sub_000661,org_00638,Trial,0.0,2025-08-17,2025-08-31,trial_ended,
sub_000662,org_00639,Trial,0.0,2025-04-15,2025-04-29,trial_ended,
sub_000663,org_00641,Trial,0.0,2025-05-20,2025-06-03,trial_ended,
sub_000664,org_00641,Growth,149.0,2025-06-05,2025-07-08,churned,Low adoption
sub_000665,org_00645,Trial,0.0,2025-01-11,2025-01-25,trial_ended,
sub_000666,org_00647,Trial,0.0,2025-11-20,2025-12-04,trial_ended,
sub_000667,org_00647,Business,399.0,2025-12-07,,active,
sub_000668,org_00648,Trial,0.0,2025-03-29,2025-04-12,trial_ended,
sub_000669,org_00648,Business,399.0,2025-04-12,,active,
sub_000670,org_00650,Trial,0.0,2025-04-12,2025-04-26,trial_ended,
sub_000671,org_00650,Business,399.0,2025-04-28,2025-07-30,churned,Missing feature
sub_000672,org_00651,Trial,0.0,2025-05-09,2025-05-23,trial_ended,
sub_000673,org_00652,Trial,0.0,2025-09-09,2025-09-23,trial_ended,
sub_000674,org_00653,Trial,0.0,2025-09-05,2025-09-19,trial_ended,
sub_000675,org_00654,Trial,0.0,2025-08-11,2025-08-25,trial_ended,
sub_000676,org_00654,Enterprise,999.0,2025-08-27,,active,
sub_000677,org_00655,Trial,0.0,2025-01-24,2025-02-07,trial_ended,
sub_000678,org_00656,Trial,0.0,2025-05-16,2025-05-30,trial_ended,
sub_000679,org_00656,Starter,49.0,2025-06-02,,active,
sub_000680,org_00657,Trial,0.0,2025-04-26,2025-05-10,trial_ended,
sub_000681,org_00658,Trial,0.0,2025-09-05,2025-09-19,trial_ended,
sub_000682,org_00658,Growth,149.0,2025-09-21,,active,
sub_000683,org_00660,Trial,0.0,2025-08-11,2025-08-25,trial_ended,
sub_000684,org_00661,Trial,0.0,2025-04-18,2025-05-02,trial_ended,
sub_000685,org_00662,Trial,0.0,2025-03-06,2025-03-20,trial_ended,
sub_000686,org_00662,Enterprise,999.0,2025-03-21,,active,
sub_000687,org_00666,Trial,0.0,2025-10-13,2025-10-27,trial_ended,
sub_000688,org_00666,Growth,149.0,2025-10-28,,active,
sub_000689,org_00667,Trial,0.0,2025-03-19,2025-04-02,trial_ended,
sub_000690,org_00667,Enterprise,999.0,2025-04-02,,active,
sub_000691,org_00668,Trial,0.0,2025-09-19,2025-10-03,trial_ended,
sub_000692,org_00668,Business,399.0,2025-10-06,2025-12-29,churned,Low adoption
sub_000693,org_00670,Trial,0.0,2025-02-24,2025-03-10,trial_ended,
sub_000694,org_00671,Trial,0.0,2025-02-23,2025-03-09,trial_ended,
sub_000695,org_00672,Trial,0.0,2025-10-05,2025-10-19,trial_ended,
sub_000696,org_00672,Starter,49.0,2025-10-20,2026-01-21,churned,
sub_000697,org_00675,Trial,0.0,2025-09-28,2025-10-12,trial_ended,
sub_000698,org_00676,Trial,0.0,2025-10-11,2025-10-25,trial_ended,
sub_000699,org_00676,Business,399.0,2025-10-26,,active,
sub_000700,org_00677,Trial,0.0,2025-09-16,2025-09-30,trial_ended,
sub_000701,org_00678,Trial,0.0,2025-10-26,2025-11-09,trial_ended,
sub_000702,org_00678,Enterprise,999.0,2025-11-09,,active,
sub_000703,org_00679,Trial,0.0,2025-06-06,2025-06-20,trial_ended,
sub_000704,org_00680,Trial,0.0,2025-05-08,2025-05-22,trial_ended,
sub_000705,org_00680,Growth,149.0,2025-05-25,,active,
sub_000706,org_00682,Trial,0.0,2025-06-24,2025-07-08,trial_ended,
sub_000707,org_00682,Enterprise,999.0,2025-07-11,,active,
sub_000708,org_00685,Trial,0.0,2025-09-07,2025-09-21,trial_ended,
sub_000709,org_00686,Trial,0.0,2025-12-13,2025-12-27,trial_ended,
sub_000710,org_00686,Starter,49.0,2025-12-30,,active,
sub_000711,org_00688,Trial,0.0,2025-06-10,2025-06-24,trial_ended,
sub_000712,org_00689,Trial,0.0,2025-10-30,2025-11-13,trial_ended,
sub_000713,org_00689,Business,399.0,2025-11-14,,active,
sub_000714,org_00692,Trial,0.0,2025-07-08,2025-07-22,trial_ended,
sub_000715,org_00695,Trial,0.0,2025-12-17,2025-12-31,trial_ended,
sub_000716,org_00695,Starter,49.0,2026-01-01,,active,
sub_000717,org_00696,Trial,0.0,2025-09-12,2025-09-26,trial_ended,
sub_000718,org_00696,Starter,49.0,2025-09-26,,active,
sub_000719,org_00699,Trial,0.0,2025-10-06,2025-10-20,trial_ended,
sub_000720,org_00700,Trial,0.0,2025-06-12,2025-06-26,trial_ended,
sub_000721,org_00701,Trial,0.0,2025-10-27,2025-11-10,trial_ended,
sub_000722,org_00703,Trial,0.0,2025-06-27,2025-07-11,trial_ended,
sub_000723,org_00706,Trial,0.0,2025-11-10,2025-11-24,trial_ended,
sub_000724,org_00706,Business,399.0,2025-11-25,,active,
sub_000725,org_00707,Trial,0.0,2025-02-20,2025-03-06,trial_ended,
sub_000726,org_00708,Trial,0.0,2025-06-05,2025-06-19,trial_ended,
sub_000727,org_00708,Growth,149.0,2025-06-22,,active,
sub_000728,org_00710,Trial,0.0,2025-06-27,2025-07-11,trial_ended,
sub_000729,org_00710,Starter,49.0,2025-07-11,,active,
sub_000730,org_00711,Trial,0.0,2025-07-25,2025-08-08,trial_ended,
sub_000731,org_00711,Starter,49.0,2025-08-11,,active,
sub_000732,org_00712,Trial,0.0,2025-11-11,2025-11-25,trial_ended,
sub_000733,org_00712,Starter,49.0,2025-11-25,2026-01-10,churned,Budget
sub_000734,org_00715,Trial,0.0,2025-11-08,2025-11-22,trial_ended,
sub_000735,org_00719,Trial,0.0,2025-04-11,2025-04-25,trial_ended,
sub_000736,org_00719,Growth,149.0,2025-04-27,,active,
sub_000737,org_00721,Trial,0.0,2025-11-22,2025-12-06,trial_ended,
sub_000738,org_00722,Trial,0.0,2025-09-09,2025-09-23,trial_ended,
sub_000739,org_00722,Growth,149.0,2025-09-24,,active,
sub_000740,org_00724,Trial,0.0,2025-12-12,2025-12-26,trial_ended,
sub_000741,org_00724,Business,399.0,2025-12-28,,active,
sub_000742,org_00726,Trial,0.0,2025-08-27,2025-09-10,trial_ended,
sub_000743,org_00727,Trial,0.0,2025-06-24,2025-07-08,trial_ended,
sub_000744,org_00727,Business,399.0,2025-07-09,,active,
sub_000745,org_00730,Trial,0.0,2025-08-11,2025-08-25,trial_ended,
sub_000746,org_00730,Starter,49.0,2025-08-27,2025-10-03,churned,Budget
sub_000747,org_00732,Trial,0.0,2025-02-25,2025-03-11,trial_ended,
sub_000748,org_00732,Starter,49.0,2025-03-14,,active,
sub_000749,org_00733,Trial,0.0,2025-12-14,2025-12-28,trial_ended,
sub_000750,org_00733,Business,399.0,2025-12-29,,active,
sub_000751,org_00734,Trial,0.0,2025-09-22,2025-10-06,trial_ended,
sub_000752,org_00735,Trial,0.0,2025-07-10,2025-07-24,trial_ended,
sub_000753,org_00739,Trial,0.0,2025-03-30,2025-04-13,trial_ended,
sub_000754,org_00739,Growth,149.0,2025-04-15,,active,
sub_000755,org_00740,Trial,0.0,2025-04-22,2025-05-06,trial_ended,
sub_000756,org_00741,Trial,0.0,2025-11-22,2025-12-06,trial_ended,
sub_000757,org_00741,Business,399.0,2025-12-06,,active,
sub_000758,org_00742,Trial,0.0,2025-07-14,2025-07-28,trial_ended,
sub_000759,org_00742,Growth,149.0,2025-07-28,,active,
sub_000760,org_00743,Trial,0.0,2025-03-13,2025-03-27,trial_ended,
sub_000761,org_00743,Growth,149.0,2025-03-29,,active,
sub_000762,org_00745,Trial,0.0,2025-12-20,2026-01-03,trial_ended,
sub_000763,org_00745,Starter,49.0,2026-01-05,,active,
sub_000764,org_00747,Trial,0.0,2025-11-25,2025-12-09,trial_ended,
sub_000765,org_00747,Growth,149.0,2025-12-11,,active,
sub_000766,org_00748,Trial,0.0,2025-11-19,2025-12-03,trial_ended,
sub_000767,org_00748,Enterprise,999.0,2025-12-06,,active,
sub_000768,org_00749,Trial,0.0,2025-09-29,2025-10-13,trial_ended,
sub_000769,org_00749,Business,399.0,2025-10-13,,active,
sub_000770,org_00751,Trial,0.0,2025-12-07,2025-12-21,trial_ended,
sub_000771,org_00752,Trial,0.0,2025-10-05,2025-10-19,trial_ended,
sub_000772,org_00753,Trial,0.0,2025-08-26,2025-09-09,trial_ended,
sub_000773,org_00754,Trial,0.0,2025-05-20,2025-06-03,trial_ended,
sub_000774,org_00754,Growth,149.0,2025-06-04,2025-08-21,churned,Missing feature
sub_000775,org_00755,Trial,0.0,2025-03-16,2025-03-30,trial_ended,
sub_000776,org_00757,Trial,0.0,2025-09-12,2025-09-26,trial_ended,
sub_000777,org_00759,Trial,0.0,2025-03-19,2025-04-02,trial_ended,
sub_000778,org_00759,Business,399.0,2025-04-05,,active,
sub_000779,org_00760,Trial,0.0,2025-08-28,2025-09-11,trial_ended,
sub_000780,org_00760,Growth,149.0,2025-09-11,,active,
sub_000781,org_00765,Trial,0.0,2025-05-03,2025-05-17,trial_ended,
sub_000782,org_00765,Growth,149.0,2025-05-19,,active,
sub_000783,org_00766,Trial,0.0,2025-03-14,2025-03-28,trial_ended,
sub_000784,org_00766,Business,399.0,2025-03-31,,active,
sub_000785,org_00767,Trial,0.0,2025-08-05,2025-08-19,trial_ended,
sub_000786,org_00767,Business,399.0,2025-08-19,,active,
sub_000787,org_00768,Trial,0.0,2025-03-31,2025-04-14,trial_ended,
sub_000788,org_00768,Growth,149.0,2025-04-17,2025-08-12,churned,Low adoption
sub_000789,org_00771,Trial,0.0,2025-03-25,2025-04-08,trial_ended,
sub_000790,org_00771,Starter,49.0,2025-04-08,,active,
sub_000791,org_00773,Trial,0.0,2025-04-13,2025-04-27,trial_ended,
sub_000792,org_00774,Trial,0.0,2025-07-06,2025-07-20,trial_ended,
sub_000793,org_00776,Trial,0.0,2025-05-18,2025-06-01,trial_ended,
sub_000794,org_00778,Trial,0.0,2025-11-15,2025-11-29,trial_ended,
sub_000795,org_00778,Business,399.0,2025-11-30,,active,
sub_000796,org_00779,Trial,0.0,2025-08-20,2025-09-03,trial_ended,
sub_000797,org_00780,Trial,0.0,2025-05-21,2025-06-04,trial_ended,
sub_000798,org_00780,Starter,49.0,2025-06-04,2025-07-28,churned,Missing feature
sub_000799,org_00781,Trial,0.0,2025-05-18,2025-06-01,trial_ended,
sub_000800,org_00783,Trial,0.0,2025-01-08,2025-01-22,trial_ended,
sub_000801,org_00783,Business,399.0,2025-01-22,2025-04-04,churned,Low adoption
sub_000802,org_00784,Trial,0.0,2025-10-30,2025-11-13,trial_ended,
sub_000803,org_00784,Business,399.0,2025-11-13,2026-02-05,churned,
sub_000804,org_00785,Trial,0.0,2025-03-30,2025-04-13,trial_ended,
sub_000805,org_00785,Growth,149.0,2025-04-15,,active,
sub_000806,org_00786,Trial,0.0,2025-03-11,2025-03-25,trial_ended,
sub_000807,org_00787,Trial,0.0,2025-04-13,2025-04-27,trial_ended,
sub_000808,org_00787,Business,399.0,2025-04-30,,active,
sub_000809,org_00788,Trial,0.0,2025-01-16,2025-01-30,trial_ended,
sub_000810,org_00788,Growth,149.0,2025-02-02,,active,
sub_000811,org_00789,Trial,0.0,2025-04-02,2025-04-16,trial_ended,
sub_000812,org_00789,Growth,149.0,2025-04-19,,active,
sub_000813,org_00790,Trial,0.0,2025-12-24,2026-01-07,trial_ended,
sub_000814,org_00790,Growth,149.0,2026-01-07,,active,
sub_000815,org_00792,Trial,0.0,2025-05-31,2025-06-14,trial_ended,
sub_000816,org_00793,Trial,0.0,2025-08-23,2025-09-06,trial_ended,
sub_000817,org_00794,Trial,0.0,2025-02-07,2025-02-21,trial_ended,
sub_000818,org_00795,Trial,0.0,2025-02-04,2025-02-18,trial_ended,
sub_000819,org_00797,Trial,0.0,2025-09-03,2025-09-17,trial_ended,
sub_000820,org_00799,Trial,0.0,2025-12-10,2025-12-24,trial_ended,
sub_000821,org_00800,Trial,0.0,2025-04-10,2025-04-24,trial_ended,
sub_000822,org_00800,Growth,149.0,2025-04-25,,active,
sub_000823,org_00802,Trial,0.0,2025-04-17,2025-05-01,trial_ended,
sub_000824,org_00803,Trial,0.0,2025-11-23,2025-12-07,trial_ended,
sub_000825,org_00805,Trial,0.0,2025-08-27,2025-09-10,trial_ended,
sub_000826,org_00806,Trial,0.0,2025-06-19,2025-07-03,trial_ended,
sub_000827,org_00806,Growth,149.0,2025-07-03,2025-10-22,churned,
sub_000828,org_00807,Trial,0.0,2025-11-02,2025-11-16,trial_ended,
sub_000829,org_00807,Growth,149.0,2025-11-17,,active,
sub_000830,org_00808,Trial,0.0,2025-03-24,2025-04-07,trial_ended,
sub_000831,org_00808,Starter,49.0,2025-04-07,,active,
sub_000832,org_00811,Trial,0.0,2025-03-04,2025-03-18,trial_ended,
sub_000833,org_00811,Business,399.0,2025-03-18,2025-04-26,churned,Budget
sub_000834,org_00812,Trial,0.0,2025-09-16,2025-09-30,trial_ended,
sub_000835,org_00815,Trial,0.0,2025-08-14,2025-08-28,trial_ended,
sub_000836,org_00816,Trial,0.0,2025-01-19,2025-02-02,trial_ended,
sub_000837,org_00816,Starter,49.0,2025-02-03,2025-03-23,churned,Low adoption
sub_000838,org_00817,Trial,0.0,2025-08-17,2025-08-31,trial_ended,
sub_000839,org_00817,Growth,149.0,2025-09-02,,active,
sub_000840,org_00818,Trial,0.0,2025-10-15,2025-10-29,trial_ended,
sub_000841,org_00820,Trial,0.0,2025-04-25,2025-05-09,trial_ended,
sub_000842,org_00820,Growth,149.0,2025-05-12,,active,
sub_000843,org_00821,Trial,0.0,2025-04-30,2025-05-14,trial_ended,
sub_000844,org_00822,Trial,0.0,2025-03-24,2025-04-07,trial_ended,
sub_000845,org_00823,Trial,0.0,2025-02-18,2025-03-04,trial_ended,
sub_000846,org_00823,Starter,49.0,2025-03-05,2025-07-02,churned,Low adoption
sub_000847,org_00824,Trial,0.0,2025-05-10,2025-05-24,trial_ended,
sub_000848,org_00825,Trial,0.0,2025-09-23,2025-10-07,trial_ended,
sub_000849,org_00825,Growth,149.0,2025-10-08,,active,
sub_000850,org_00827,Trial,0.0,2025-05-29,2025-06-12,trial_ended,
sub_000851,org_00827,Starter,49.0,2025-06-13,,active,
sub_000852,org_00828,Trial,0.0,2025-08-14,2025-08-28,trial_ended,
sub_000853,org_00828,Business,399.0,2025-08-28,,active,
sub_000854,org_00829,Trial,0.0,2025-02-11,2025-02-25,trial_ended,
sub_000855,org_00829,Growth,149.0,2025-02-27,,active,
sub_000856,org_00830,Trial,0.0,2025-01-05,2025-01-19,trial_ended,
sub_000857,org_00831,Trial,0.0,2026-01-06,2026-01-20,trial_ended,
sub_000858,org_00832,Trial,0.0,2025-06-04,2025-06-18,trial_ended,
sub_000859,org_00832,Business,399.0,2025-06-21,,active,
sub_000860,org_00836,Trial,0.0,2025-02-11,2025-02-25,trial_ended,
sub_000861,org_00837,Trial,0.0,2025-11-12,2025-11-26,trial_ended,
sub_000862,org_00840,Trial,0.0,2025-04-30,2025-05-14,trial_ended,
sub_000863,org_00841,Trial,0.0,2025-02-03,2025-02-17,trial_ended,
sub_000864,org_00845,Trial,0.0,2025-06-15,2025-06-29,trial_ended,
sub_000865,org_00845,Business,399.0,2025-06-30,2025-09-19,churned,Budget
sub_000866,org_00847,Trial,0.0,2025-08-19,2025-09-02,trial_ended,
sub_000867,org_00848,Trial,0.0,2025-07-30,2025-08-13,trial_ended,
sub_000868,org_00849,Trial,0.0,2025-09-20,2025-10-04,trial_ended,
sub_000869,org_00849,Growth,149.0,2025-10-07,,active,
sub_000870,org_00850,Trial,0.0,2025-05-08,2025-05-22,trial_ended,
sub_000871,org_00850,Growth,149.0,2025-05-22,,active,
sub_000872,org_00852,Trial,0.0,2025-05-20,2025-06-03,trial_ended,
sub_000873,org_00853,Trial,0.0,2025-09-25,2025-10-09,trial_ended,
sub_000874,org_00853,Business,399.0,2025-10-12,,active,
sub_000875,org_00855,Trial,0.0,2025-09-24,2025-10-08,trial_ended,
sub_000876,org_00858,Trial,0.0,2025-01-17,2025-01-31,trial_ended,
sub_000877,org_00859,Trial,0.0,2025-07-31,2025-08-14,trial_ended,
sub_000878,org_00860,Trial,0.0,2025-03-29,2025-04-12,trial_ended,
sub_000879,org_00860,Enterprise,999.0,2025-04-15,2025-07-26,churned,Missing feature
sub_000880,org_00863,Trial,0.0,2025-06-30,2025-07-14,trial_ended,
sub_000881,org_00863,Growth,149.0,2025-07-14,,active,
sub_000882,org_00864,Trial,0.0,2025-10-10,2025-10-24,trial_ended,
sub_000883,org_00866,Trial,0.0,2025-09-10,2025-09-24,trial_ended,
sub_000884,org_00866,Business,399.0,2025-09-24,,active,
sub_000885,org_00867,Trial,0.0,2025-06-12,2025-06-26,trial_ended,
sub_000886,org_00868,Trial,0.0,2025-10-03,2025-10-17,trial_ended,
sub_000887,org_00870,Trial,0.0,2025-02-27,2025-03-13,trial_ended,
sub_000888,org_00871,Trial,0.0,2025-03-18,2025-04-01,trial_ended,
sub_000889,org_00872,Trial,0.0,2025-04-24,2025-05-08,trial_ended,
sub_000890,org_00873,Trial,0.0,2025-08-17,2025-08-31,trial_ended,
sub_000891,org_00873,Business,399.0,2025-09-03,,active,
sub_000892,org_00874,Trial,0.0,2025-07-06,2025-07-20,trial_ended,
sub_000893,org_00874,Growth,149.0,2025-07-22,2025-10-26,churned,
sub_000894,org_00875,Trial,0.0,2025-09-30,2025-10-14,trial_ended,
sub_000895,org_00875,Starter,49.0,2025-10-16,,active,
sub_000896,org_00876,Trial,0.0,2025-09-17,2025-10-01,trial_ended,
sub_000897,org_00877,Trial,0.0,2025-07-06,2025-07-20,trial_ended,
sub_000898,org_00880,Trial,0.0,2025-05-04,2025-05-18,trial_ended,
sub_000899,org_00880,Enterprise,999.0,2025-05-21,,active,
sub_000900,org_00882,Trial,0.0,2025-07-01,2025-07-15,trial_ended,
sub_000901,org_00882,Growth,149.0,2025-07-15,,active,
sub_000902,org_00883,Trial,0.0,2025-06-26,2025-07-10,trial_ended,
sub_000903,org_00885,Trial,0.0,2025-08-02,2025-08-16,trial_ended,
sub_000904,org_00885,Growth,149.0,2025-08-16,,active,
sub_000905,org_00888,Trial,0.0,2026-01-01,2026-01-15,trial_ended,
sub_000906,org_00888,Enterprise,999.0,2026-01-18,,active,
sub_000907,org_00889,Trial,0.0,2025-03-08,2025-03-22,trial_ended,
sub_000908,org_00890,Trial,0.0,2025-03-14,2025-03-28,trial_ended,
sub_000909,org_00893,Trial,0.0,2025-08-08,2025-08-22,trial_ended,
sub_000910,org_00894,Trial,0.0,2025-02-15,2025-03-01,trial_ended,
sub_000911,org_00894,Starter,49.0,2025-03-04,2025-06-12,churned,Low adoption
sub_000912,org_00895,Trial,0.0,2025-07-05,2025-07-19,trial_ended,
sub_000913,org_00895,Starter,49.0,2025-07-20,,active,
sub_000914,org_00897,Trial,0.0,2025-10-03,2025-10-17,trial_ended,
sub_000915,org_00901,Trial,0.0,2025-01-21,2025-02-04,trial_ended,
sub_000916,org_00901,Starter,49.0,2025-02-06,2025-04-20,churned,Budget
sub_000917,org_00902,Trial,0.0,2025-12-18,2026-01-01,trial_ended,
sub_000918,org_00903,Trial,0.0,2025-06-16,2025-06-30,trial_ended,
sub_000919,org_00903,Growth,149.0,2025-07-03,,active,
sub_000920,org_00904,Trial,0.0,2025-03-19,2025-04-02,trial_ended,
sub_000921,org_00904,Growth,149.0,2025-04-02,2025-07-09,churned,Budget
sub_000922,org_00905,Trial,0.0,2025-08-22,2025-09-05,trial_ended,
sub_000923,org_00906,Trial,0.0,2025-08-27,2025-09-10,trial_ended,
sub_000924,org_00906,Starter,49.0,2025-09-11,,active,
sub_000925,org_00907,Trial,0.0,2025-10-01,2025-10-15,trial_ended,
sub_000926,org_00908,Trial,0.0,2025-06-27,2025-07-11,trial_ended,
sub_000927,org_00912,Trial,0.0,2025-03-21,2025-04-04,trial_ended,
sub_000928,org_00912,Enterprise,999.0,2025-04-04,2025-07-17,churned,Budget
sub_000929,org_00913,Trial,0.0,2025-09-19,2025-10-03,trial_ended,
sub_000930,org_00913,Business,399.0,2025-10-04,,active,
sub_000931,org_00919,Trial,0.0,2025-05-30,2025-06-13,trial_ended,
sub_000932,org_00919,Growth,149.0,2025-06-15,,active,
sub_000933,org_00920,Trial,0.0,2025-12-26,2026-01-09,trial_ended,
sub_000934,org_00920,Business,399.0,2026-01-11,,active,
sub_000935,org_00922,Trial,0.0,2025-10-17,2025-10-31,trial_ended,
sub_000936,org_00922,Starter,49.0,2025-11-03,,active,
sub_000937,org_00924,Trial,0.0,2025-11-07,2025-11-21,trial_ended,
sub_000938,org_00925,Trial,0.0,2025-07-29,2025-08-12,trial_ended,
sub_000939,org_00925,Business,399.0,2025-08-12,,active,
sub_000940,org_00926,Trial,0.0,2025-09-28,2025-10-12,trial_ended,
sub_000941,org_00927,Trial,0.0,2025-05-31,2025-06-14,trial_ended,
sub_000942,org_00927,Business,399.0,2025-06-15,,active,
sub_000943,org_00928,Trial,0.0,2025-10-20,2025-11-03,trial_ended,
sub_000944,org_00928,Starter,49.0,2025-11-04,,active,
sub_000945,org_00930,Trial,0.0,2025-06-04,2025-06-18,trial_ended,
sub_000946,org_00931,Trial,0.0,2025-10-31,2025-11-14,trial_ended,
sub_000947,org_00931,Growth,149.0,2025-11-14,,active,
sub_000948,org_00932,Trial,0.0,2025-06-17,2025-07-01,trial_ended,
sub_000949,org_00932,Business,399.0,2025-07-02,,active,
sub_000950,org_00934,Trial,0.0,2025-08-03,2025-08-17,trial_ended,
sub_000951,org_00935,Trial,0.0,2025-07-21,2025-08-04,trial_ended,
sub_000952,org_00937,Trial,0.0,2025-03-04,2025-03-18,trial_ended,
sub_000953,org_00937,Business,399.0,2025-03-18,2025-05-28,churned,
sub_000954,org_00942,Trial,0.0,2025-01-23,2025-02-06,trial_ended,
sub_000955,org_00942,Growth,149.0,2025-02-07,,active,
sub_000956,org_00943,Trial,0.0,2025-07-18,2025-08-01,trial_ended,
sub_000957,org_00943,Starter,49.0,2025-08-03,,active,
sub_000958,org_00945,Trial,0.0,2025-06-17,2025-07-01,trial_ended,
sub_000959,org_00945,Starter,49.0,2025-07-01,,active,
sub_000960,org_00946,Trial,0.0,2025-10-12,2025-10-26,trial_ended,
sub_000961,org_00946,Growth,149.0,2025-10-27,,active,
sub_000962,org_00947,Trial,0.0,2025-12-18,2026-01-01,trial_ended,
sub_000963,org_00947,Growth,149.0,2026-01-04,,active,
sub_000964,org_00948,Trial,0.0,2025-04-24,2025-05-08,trial_ended,
sub_000965,org_00948,Starter,49.0,2025-05-09,,active,
sub_000966,org_00949,Trial,0.0,2025-05-29,2025-06-12,trial_ended,
sub_000967,org_00953,Trial,0.0,2025-04-19,2025-05-03,trial_ended,
sub_000968,org_00954,Trial,0.0,2025-05-05,2025-05-19,trial_ended,
sub_000969,org_00954,Starter,49.0,2025-05-22,,active,
sub_000970,org_00955,Trial,0.0,2025-03-02,2025-03-16,trial_ended,
sub_000971,org_00955,Business,399.0,2025-03-19,2025-04-29,churned,Low adoption
sub_000972,org_00956,Trial,0.0,2025-10-20,2025-11-03,trial_ended,
sub_000973,org_00956,Starter,49.0,2025-11-05,,active,
sub_000974,org_00958,Trial,0.0,2025-07-12,2025-07-26,trial_ended,
sub_000975,org_00958,Enterprise,999.0,2025-07-29,,active,
sub_000976,org_00960,Trial,0.0,2025-06-12,2025-06-26,trial_ended,
sub_000977,org_00960,Enterprise,999.0,2025-06-29,,active,
sub_000978,org_00962,Trial,0.0,2025-04-13,2025-04-27,trial_ended,
sub_000979,org_00962,Growth,149.0,2025-04-29,,active,
sub_000980,org_00968,Trial,0.0,2025-11-11,2025-11-25,trial_ended,
sub_000981,org_00969,Trial,0.0,2025-10-09,2025-10-23,trial_ended,
sub_000982,org_00969,Enterprise,999.0,2025-10-24,,active,
sub_000983,org_00971,Trial,0.0,2025-08-11,2025-08-25,trial_ended,
sub_000984,org_00972,Trial,0.0,2025-12-06,2025-12-20,trial_ended,
sub_000985,org_00973,Trial,0.0,2025-10-14,2025-10-28,trial_ended,
sub_000986,org_00975,Trial,0.0,2025-03-10,2025-03-24,trial_ended,
sub_000987,org_00975,Starter,49.0,2025-03-25,,active,
sub_000988,org_00977,Trial,0.0,2025-10-15,2025-10-29,trial_ended,
sub_000989,org_00978,Trial,0.0,2025-04-03,2025-04-17,trial_ended,
sub_000990,org_00978,Growth,149.0,2025-04-17,,active,
sub_000991,org_00979,Trial,0.0,2025-10-17,2025-10-31,trial_ended,
sub_000992,org_00979,Business,399.0,2025-10-31,,active,
sub_000993,org_00982,Trial,0.0,2025-03-16,2025-03-30,trial_ended,
sub_000994,org_00982,Starter,49.0,2025-03-30,,active,
sub_000995,org_00984,Trial,0.0,2025-05-27,2025-06-10,trial_ended,
sub_000996,org_00984,Growth,149.0,2025-06-10,2025-08-12,churned,
sub_000997,org_00985,Trial,0.0,2025-10-15,2025-10-29,trial_ended,
sub_000998,org_00986,Trial,0.0,2025-03-06,2025-03-20,trial_ended,
sub_000999,org_00986,Business,399.0,2025-03-22,,active,
sub_001000,org_00988,Trial,0.0,2025-01-12,2025-01-26,trial_ended,
sub_001001,org_00989,Trial,0.0,2025-03-29,2025-04-12,trial_ended,
sub_001002,org_00990,Trial,0.0,2025-03-06,2025-03-20,trial_ended,
sub_001003,org_00993,Trial,0.0,2025-12-07,2025-12-21,trial_ended,
sub_001004,org_00993,Business,399.0,2025-12-23,,active,
sub_001005,org_00994,Trial,0.0,2025-06-15,2025-06-29,trial_ended,
sub_001006,org_00996,Trial,0.0,2025-07-25,2025-08-08,trial_ended,
sub_001007,org_00996,Starter,49.0,2025-08-09,,active,
sub_001008,org_00998,Trial,0.0,2025-12-08,2025-12-22,trial_ended,
sub_001009,org_00998,Enterprise,999.0,2025-12-24,2026-04-12,churned,Budget
sub_001010,org_00999,Trial,0.0,2025-01-20,2025-02-03,trial_ended,
sub_001011,org_00999,Business,399.0,2025-02-04,2025-04-17,churned,Missing feature
sub_001012,org_01001,Trial,0.0,2025-05-09,2025-05-23,trial_ended,
sub_001013,org_01001,Business,399.0,2025-05-26,,active,
sub_001014,org_01003,Trial,0.0,2025-11-09,2025-11-23,trial_ended,
sub_001015,org_01003,Enterprise,999.0,2025-11-24,,active,
sub_001016,org_01004,Trial,0.0,2025-03-11,2025-03-25,trial_ended,
sub_001017,org_01006,Trial,0.0,2025-03-15,2025-03-29,trial_ended,
sub_001018,org_01006,Business,399.0,2025-03-29,,active,
sub_001019,org_01007,Trial,0.0,2025-07-20,2025-08-03,trial_ended,
sub_001020,org_01008,Trial,0.0,2025-06-30,2025-07-14,trial_ended,
sub_001021,org_01010,Trial,0.0,2025-05-24,2025-06-07,trial_ended,
sub_001022,org_01010,Business,399.0,2025-06-08,,active,
sub_001023,org_01012,Trial,0.0,2025-05-18,2025-06-01,trial_ended,
sub_001024,org_01012,Starter,49.0,2025-06-01,,active,
sub_001025,org_01013,Trial,0.0,2025-12-27,2026-01-10,trial_ended,
sub_001026,org_01013,Starter,49.0,2026-01-10,2026-04-26,churned,
sub_001027,org_01014,Trial,0.0,2025-10-25,2025-11-08,trial_ended,
sub_001028,org_01016,Trial,0.0,2025-10-05,2025-10-19,trial_ended,
sub_001029,org_01016,Business,399.0,2025-10-22,2025-12-25,churned,
sub_001030,org_01017,Trial,0.0,2025-05-23,2025-06-06,trial_ended,
sub_001031,org_01017,Starter,49.0,2025-06-09,,active,
sub_001032,org_01018,Trial,0.0,2025-01-28,2025-02-11,trial_ended,
sub_001033,org_01018,Growth,149.0,2025-02-11,,active,
sub_001034,org_01019,Trial,0.0,2025-02-20,2025-03-06,trial_ended,
sub_001035,org_01021,Trial,0.0,2025-10-31,2025-11-14,trial_ended,
sub_001036,org_01021,Growth,149.0,2025-11-17,,active,
sub_001037,org_01022,Trial,0.0,2025-11-07,2025-11-21,trial_ended,
sub_001038,org_01022,Business,399.0,2025-11-21,,active,
sub_001039,org_01023,Trial,0.0,2025-04-17,2025-05-01,trial_ended,
sub_001040,org_01024,Trial,0.0,2025-11-15,2025-11-29,trial_ended,
sub_001041,org_01024,Growth,149.0,2025-11-30,2026-03-23,churned,Low adoption
sub_001042,org_01025,Trial,0.0,2025-11-29,2025-12-13,trial_ended,
sub_001043,org_01025,Business,399.0,2025-12-13,,active,
sub_001044,org_01027,Trial,0.0,2025-12-13,2025-12-27,trial_ended,
sub_001045,org_01027,Business,399.0,2025-12-28,,active,
sub_001046,org_01029,Trial,0.0,2025-07-14,2025-07-28,trial_ended,
sub_001047,org_01029,Growth,149.0,2025-07-31,,active,
sub_001048,org_01030,Trial,0.0,2025-08-13,2025-08-27,trial_ended,
sub_001049,org_01031,Trial,0.0,2025-03-26,2025-04-09,trial_ended,
sub_001050,org_01031,Starter,49.0,2025-04-10,2025-07-17,churned,Missing feature
sub_001051,org_01032,Trial,0.0,2025-05-05,2025-05-19,trial_ended,
sub_001052,org_01033,Trial,0.0,2025-02-25,2025-03-11,trial_ended,
sub_001053,org_01033,Business,399.0,2025-03-13,,active,
sub_001054,org_01034,Trial,0.0,2025-04-18,2025-05-02,trial_ended,
sub_001055,org_01034,Growth,149.0,2025-05-04,,active,
sub_001056,org_01035,Trial,0.0,2025-09-02,2025-09-16,trial_ended,
sub_001057,org_01035,Enterprise,999.0,2025-09-18,2025-12-09,churned,Low adoption
sub_001058,org_01037,Trial,0.0,2025-06-20,2025-07-04,trial_ended,
sub_001059,org_01037,Growth,149.0,2025-07-04,,active,
sub_001060,org_01038,Trial,0.0,2025-07-06,2025-07-20,trial_ended,
sub_001061,org_01041,Trial,0.0,2025-07-27,2025-08-10,trial_ended,
sub_001062,org_01041,Starter,49.0,2025-08-10,,active,
sub_001063,org_01042,Trial,0.0,2025-09-01,2025-09-15,trial_ended,
sub_001064,org_01043,Trial,0.0,2025-01-13,2025-01-27,trial_ended,
sub_001065,org_01044,Trial,0.0,2025-05-06,2025-05-20,trial_ended,
sub_001066,org_01045,Trial,0.0,2025-01-15,2025-01-29,trial_ended,
sub_001067,org_01046,Trial,0.0,2025-04-29,2025-05-13,trial_ended,
sub_001068,org_01048,Trial,0.0,2025-08-31,2025-09-14,trial_ended,
sub_001069,org_01052,Trial,0.0,2025-07-01,2025-07-15,trial_ended,
sub_001070,org_01052,Business,399.0,2025-07-15,,active,
sub_001071,org_01054,Trial,0.0,2025-03-09,2025-03-23,trial_ended,
sub_001072,org_01054,Growth,149.0,2025-03-24,,active,
sub_001073,org_01059,Trial,0.0,2025-07-06,2025-07-20,trial_ended,
sub_001074,org_01060,Trial,0.0,2025-08-01,2025-08-15,trial_ended,
sub_001075,org_01062,Trial,0.0,2025-09-25,2025-10-09,trial_ended,
sub_001076,org_01062,Business,399.0,2025-10-11,,active,
sub_001077,org_01063,Trial,0.0,2025-09-24,2025-10-08,trial_ended,
sub_001078,org_01063,Business,399.0,2025-10-11,,active,
sub_001079,org_01065,Trial,0.0,2025-11-12,2025-11-26,trial_ended,
sub_001080,org_01065,Growth,149.0,2025-11-27,,active,
sub_001081,org_01066,Trial,0.0,2025-07-20,2025-08-03,trial_ended,
sub_001082,org_01067,Trial,0.0,2025-07-15,2025-07-29,trial_ended,
sub_001083,org_01067,Growth,149.0,2025-08-01,,active,
sub_001084,org_01069,Trial,0.0,2025-10-18,2025-11-01,trial_ended,
sub_001085,org_01069,Starter,49.0,2025-11-01,,active,
sub_001086,org_01070,Trial,0.0,2025-08-19,2025-09-02,trial_ended,
sub_001087,org_01070,Starter,49.0,2025-09-02,,active,
sub_001088,org_01071,Trial,0.0,2025-10-29,2025-11-12,trial_ended,
sub_001089,org_01071,Business,399.0,2025-11-12,,active,
sub_001090,org_01073,Trial,0.0,2025-05-23,2025-06-06,trial_ended,
sub_001091,org_01073,Growth,149.0,2025-06-07,,active,
sub_001092,org_01075,Trial,0.0,2025-10-07,2025-10-21,trial_ended,
sub_001093,org_01075,Growth,149.0,2025-10-24,2025-12-19,churned,Missing feature
sub_001094,org_01076,Trial,0.0,2025-05-13,2025-05-27,trial_ended,
sub_001095,org_01078,Trial,0.0,2025-12-20,2026-01-03,trial_ended,
sub_001096,org_01078,Business,399.0,2026-01-06,,active,
sub_001097,org_01079,Trial,0.0,2025-07-03,2025-07-17,trial_ended,
sub_001098,org_01079,Starter,49.0,2025-07-20,,active,
sub_001099,org_01080,Trial,0.0,2025-12-12,2025-12-26,trial_ended,
sub_001100,org_01080,Starter,49.0,2025-12-29,2026-04-24,churned,Low adoption
sub_001101,org_01081,Trial,0.0,2025-05-27,2025-06-10,trial_ended,
sub_001102,org_01081,Growth,149.0,2025-06-10,,active,
sub_001103,org_01084,Trial,0.0,2025-08-18,2025-09-01,trial_ended,
sub_001104,org_01084,Business,399.0,2025-09-04,,active,
sub_001105,org_01087,Trial,0.0,2025-02-07,2025-02-21,trial_ended,
sub_001106,org_01089,Trial,0.0,2025-08-26,2025-09-09,trial_ended,
sub_001107,org_01089,Starter,49.0,2025-09-09,,active,
sub_001108,org_01093,Trial,0.0,2025-11-16,2025-11-30,trial_ended,
sub_001109,org_01094,Trial,0.0,2025-02-04,2025-02-18,trial_ended,
sub_001110,org_01094,Starter,49.0,2025-02-20,,active,
sub_001111,org_01095,Trial,0.0,2025-08-01,2025-08-15,trial_ended,
sub_001112,org_01097,Trial,0.0,2025-12-02,2025-12-16,trial_ended,
sub_001113,org_01097,Growth,149.0,2025-12-18,,active,
sub_001114,org_01098,Trial,0.0,2025-08-29,2025-09-12,trial_ended,
sub_001115,org_01098,Starter,49.0,2025-09-14,,active,
sub_001116,org_01099,Trial,0.0,2025-02-13,2025-02-27,trial_ended,
sub_001117,org_01100,Trial,0.0,2025-10-21,2025-11-04,trial_ended,
sub_001118,org_01100,Starter,49.0,2025-11-05,,active,
sub_001119,org_01102,Trial,0.0,2025-07-27,2025-08-10,trial_ended,
sub_001120,org_01103,Trial,0.0,2025-12-18,2026-01-01,trial_ended,
sub_001121,org_01103,Business,399.0,2026-01-04,,active,
sub_001122,org_01104,Trial,0.0,2026-01-01,2026-01-15,trial_ended,
sub_001123,org_01104,Business,399.0,2026-01-18,,active,
sub_001124,org_01105,Trial,0.0,2025-02-26,2025-03-12,trial_ended,
sub_001125,org_01106,Trial,0.0,2025-10-16,2025-10-30,trial_ended,
sub_001126,org_01107,Trial,0.0,2025-07-02,2025-07-16,trial_ended,
sub_001127,org_01108,Trial,0.0,2025-04-09,2025-04-23,trial_ended,
sub_001128,org_01109,Trial,0.0,2025-07-04,2025-07-18,trial_ended,
sub_001129,org_01109,Business,399.0,2025-07-20,2025-08-19,churned,Low adoption
sub_001130,org_01110,Trial,0.0,2025-10-05,2025-10-19,trial_ended,
sub_001131,org_01111,Trial,0.0,2025-12-17,2025-12-31,trial_ended,
sub_001132,org_01112,Trial,0.0,2025-01-30,2025-02-13,trial_ended,
sub_001133,org_01114,Trial,0.0,2025-08-24,2025-09-07,trial_ended,
sub_001134,org_01115,Trial,0.0,2025-02-23,2025-03-09,trial_ended,
sub_001135,org_01117,Trial,0.0,2025-01-24,2025-02-07,trial_ended,
sub_001136,org_01119,Trial,0.0,2025-01-23,2025-02-06,trial_ended,
sub_001137,org_01120,Trial,0.0,2025-09-17,2025-10-01,trial_ended,
sub_001138,org_01122,Trial,0.0,2025-12-24,2026-01-07,trial_ended,
sub_001139,org_01124,Trial,0.0,2025-07-15,2025-07-29,trial_ended,
sub_001140,org_01124,Starter,49.0,2025-08-01,,active,
sub_001141,org_01125,Trial,0.0,2025-05-08,2025-05-22,trial_ended,
sub_001142,org_01126,Trial,0.0,2025-12-09,2025-12-23,trial_ended,
sub_001143,org_01126,Starter,49.0,2025-12-24,,active,
sub_001144,org_01127,Trial,0.0,2025-11-23,2025-12-07,trial_ended,
sub_001145,org_01127,Growth,149.0,2025-12-09,,active,
sub_001146,org_01130,Trial,0.0,2025-01-17,2025-01-31,trial_ended,
sub_001147,org_01131,Trial,0.0,2025-07-10,2025-07-24,trial_ended,
sub_001148,org_01133,Trial,0.0,2025-03-23,2025-04-06,trial_ended,
sub_001149,org_01133,Enterprise,999.0,2025-04-06,,active,
sub_001150,org_01134,Trial,0.0,2025-04-15,2025-04-29,trial_ended,
sub_001151,org_01134,Growth,149.0,2025-05-02,,active,
sub_001152,org_01136,Trial,0.0,2025-03-02,2025-03-16,trial_ended,
sub_001153,org_01136,Business,399.0,2025-03-16,,active,
sub_001154,org_01137,Trial,0.0,2025-07-19,2025-08-02,trial_ended,
sub_001155,org_01137,Growth,149.0,2025-08-05,,active,
sub_001156,org_01138,Trial,0.0,2025-10-30,2025-11-13,trial_ended,
sub_001157,org_01138,Growth,149.0,2025-11-14,,active,
sub_001158,org_01142,Trial,0.0,2025-03-06,2025-03-20,trial_ended,
sub_001159,org_01142,Enterprise,999.0,2025-03-21,,active,
sub_001160,org_01143,Trial,0.0,2025-09-08,2025-09-22,trial_ended,
sub_001161,org_01146,Trial,0.0,2025-09-20,2025-10-04,trial_ended,
sub_001162,org_01148,Trial,0.0,2025-10-04,2025-10-18,trial_ended,
sub_001163,org_01148,Starter,49.0,2025-10-18,,active,
sub_001164,org_01150,Trial,0.0,2025-01-11,2025-01-25,trial_ended,
sub_001165,org_01150,Business,399.0,2025-01-27,,active,
sub_001166,org_01151,Trial,0.0,2025-12-23,2026-01-06,trial_ended,
sub_001167,org_01151,Growth,149.0,2026-01-07,,active,
sub_001168,org_01153,Trial,0.0,2025-04-23,2025-05-07,trial_ended,
sub_001169,org_01154,Trial,0.0,2025-10-10,2025-10-24,trial_ended,
sub_001170,org_01154,Growth,149.0,2025-10-27,,active,
sub_001171,org_01155,Trial,0.0,2025-09-06,2025-09-20,trial_ended,
sub_001172,org_01156,Trial,0.0,2025-08-09,2025-08-23,trial_ended,
sub_001173,org_01156,Starter,49.0,2025-08-25,2025-12-20,churned,Low adoption
sub_001174,org_01159,Trial,0.0,2025-04-09,2025-04-23,trial_ended,
sub_001175,org_01159,Enterprise,999.0,2025-04-23,2025-07-03,churned,Low adoption
sub_001176,org_01160,Trial,0.0,2025-04-02,2025-04-16,trial_ended,
sub_001177,org_01163,Trial,0.0,2025-01-30,2025-02-13,trial_ended,
sub_001178,org_01164,Trial,0.0,2025-10-08,2025-10-22,trial_ended,
sub_001179,org_01166,Trial,0.0,2025-06-20,2025-07-04,trial_ended,
sub_001180,org_01166,Growth,149.0,2025-07-07,,active,
sub_001181,org_01168,Trial,0.0,2025-12-08,2025-12-22,trial_ended,
sub_001182,org_01168,Growth,149.0,2025-12-24,,active,
sub_001183,org_01170,Trial,0.0,2025-12-10,2025-12-24,trial_ended,
sub_001184,org_01171,Trial,0.0,2025-04-25,2025-05-09,trial_ended,
sub_001185,org_01172,Trial,0.0,2025-08-23,2025-09-06,trial_ended,
sub_001186,org_01173,Trial,0.0,2025-09-22,2025-10-06,trial_ended,
sub_001187,org_01173,Enterprise,999.0,2025-10-09,,active,
sub_001188,org_01174,Trial,0.0,2025-09-08,2025-09-22,trial_ended,
sub_001189,org_01174,Growth,149.0,2025-09-24,2025-10-29,churned,Missing feature
sub_001190,org_01175,Trial,0.0,2025-09-21,2025-10-05,trial_ended,
sub_001191,org_01175,Starter,49.0,2025-10-08,,active,
sub_001192,org_01176,Trial,0.0,2025-11-09,2025-11-23,trial_ended,
sub_001193,org_01176,Growth,149.0,2025-11-23,,active,
sub_001194,org_01178,Trial,0.0,2025-05-22,2025-06-05,trial_ended,
sub_001195,org_01178,Business,399.0,2025-06-08,,active,
sub_001196,org_01179,Trial,0.0,2025-01-19,2025-02-02,trial_ended,
sub_001197,org_01179,Growth,149.0,2025-02-03,,active,
sub_001198,org_01181,Trial,0.0,2025-11-08,2025-11-22,trial_ended,
sub_001199,org_01185,Trial,0.0,2025-01-31,2025-02-14,trial_ended,
sub_001200,org_01185,Growth,149.0,2025-02-17,2025-04-22,churned,Missing feature
sub_001201,org_01190,Trial,0.0,2025-08-12,2025-08-26,trial_ended,
sub_001202,org_01190,Growth,149.0,2025-08-26,2025-11-20,churned,Budget
sub_001203,org_01192,Trial,0.0,2025-04-05,2025-04-19,trial_ended,
sub_001204,org_01192,Enterprise,999.0,2025-04-19,2025-07-20,churned,Budget
sub_001205,org_01193,Trial,0.0,2025-12-04,2025-12-18,trial_ended,
sub_001206,org_01194,Trial,0.0,2025-10-09,2025-10-23,trial_ended,
sub_001207,org_01194,Growth,149.0,2025-10-26,,active,
sub_001208,org_01195,Trial,0.0,2025-05-25,2025-06-08,trial_ended,
sub_001209,org_01195,Growth,149.0,2025-06-09,,active,
sub_001210,org_01196,Trial,0.0,2025-11-22,2025-12-06,trial_ended,
sub_001211,org_01197,Trial,0.0,2025-07-28,2025-08-11,trial_ended,
sub_001212,org_01199,Trial,0.0,2025-05-29,2025-06-12,trial_ended,
sub_001213,org_01200,Trial,0.0,2025-10-17,2025-10-31,trial_ended,
sub_001214,org_01200,Starter,49.0,2025-11-01,,active,
sub_001215,org_01201,Trial,0.0,2025-10-29,2025-11-12,trial_ended,
sub_001216,org_01201,Starter,49.0,2025-11-13,2026-03-03,churned,Low adoption
sub_001217,org_01202,Trial,0.0,2025-07-14,2025-07-28,trial_ended,
sub_001218,org_01202,Starter,49.0,2025-07-28,,active,
sub_001219,org_01203,Trial,0.0,2025-09-10,2025-09-24,trial_ended,
sub_001220,org_01205,Trial,0.0,2025-01-31,2025-02-14,trial_ended,
sub_001221,org_01207,Trial,0.0,2025-07-07,2025-07-21,trial_ended,
sub_001222,org_01207,Growth,149.0,2025-07-21,,active,
sub_001223,org_01208,Trial,0.0,2025-08-29,2025-09-12,trial_ended,
sub_001224,org_01208,Starter,49.0,2025-09-12,,active,
sub_001225,org_01209,Trial,0.0,2025-03-06,2025-03-20,trial_ended,
sub_001226,org_01209,Business,399.0,2025-03-21,,active,
sub_001227,org_01210,Trial,0.0,2025-10-18,2025-11-01,trial_ended,
sub_001228,org_01211,Trial,0.0,2025-06-19,2025-07-03,trial_ended,
sub_001229,org_01213,Trial,0.0,2025-05-18,2025-06-01,trial_ended,
sub_001230,org_01213,Growth,149.0,2025-06-02,,active,
sub_001231,org_01214,Trial,0.0,2025-12-07,2025-12-21,trial_ended,
sub_001232,org_01215,Trial,0.0,2025-04-05,2025-04-19,trial_ended,
sub_001233,org_01215,Growth,149.0,2025-04-20,2025-07-21,churned,Budget
sub_001234,org_01216,Trial,0.0,2025-02-09,2025-02-23,trial_ended,
sub_001235,org_01216,Growth,149.0,2025-02-24,,active,
sub_001236,org_01218,Trial,0.0,2025-11-02,2025-11-16,trial_ended,
sub_001237,org_01218,Growth,149.0,2025-11-18,,active,
sub_001238,org_01219,Trial,0.0,2025-02-23,2025-03-09,trial_ended,
sub_001239,org_01221,Trial,0.0,2025-10-05,2025-10-19,trial_ended,
sub_001240,org_01221,Starter,49.0,2025-10-22,,active,
sub_001241,org_01223,Trial,0.0,2025-07-23,2025-08-06,trial_ended,
sub_001242,org_01224,Trial,0.0,2025-03-14,2025-03-28,trial_ended,
sub_001243,org_01226,Trial,0.0,2025-05-06,2025-05-20,trial_ended,
sub_001244,org_01227,Trial,0.0,2025-01-19,2025-02-02,trial_ended,
sub_001245,org_01227,Growth,149.0,2025-02-05,,active,
sub_001246,org_01228,Trial,0.0,2025-11-02,2025-11-16,trial_ended,
sub_001247,org_01228,Growth,149.0,2025-11-18,,active,
sub_001248,org_01230,Trial,0.0,2025-11-09,2025-11-23,trial_ended,
sub_001249,org_01230,Growth,149.0,2025-11-23,,active,
sub_001250,org_01231,Trial,0.0,2025-08-29,2025-09-12,trial_ended,
sub_001251,org_01232,Trial,0.0,2025-09-27,2025-10-11,trial_ended,
sub_001252,org_01232,Business,399.0,2025-10-13,,active,
sub_001253,org_01236,Trial,0.0,2025-05-28,2025-06-11,trial_ended,
sub_001254,org_01236,Business,399.0,2025-06-12,,active,
sub_001255,org_01237,Trial,0.0,2025-07-16,2025-07-30,trial_ended,
sub_001256,org_01237,Starter,49.0,2025-07-30,,active,
sub_001257,org_01238,Trial,0.0,2025-06-10,2025-06-24,trial_ended,
sub_001258,org_01239,Trial,0.0,2025-01-08,2025-01-22,trial_ended,
sub_001259,org_01239,Starter,49.0,2025-01-24,2025-04-25,churned,Budget
sub_001260,org_01240,Trial,0.0,2025-03-05,2025-03-19,trial_ended,
sub_001261,org_01240,Business,399.0,2025-03-21,,active,
sub_001262,org_01241,Trial,0.0,2025-10-02,2025-10-16,trial_ended,
sub_001263,org_01241,Growth,149.0,2025-10-18,2026-02-12,churned,
sub_001264,org_01243,Trial,0.0,2025-09-29,2025-10-13,trial_ended,
sub_001265,org_01243,Starter,49.0,2025-10-14,,active,
sub_001266,org_01244,Trial,0.0,2025-01-05,2025-01-19,trial_ended,
sub_001267,org_01244,Starter,49.0,2025-01-21,,active,
sub_001268,org_01247,Trial,0.0,2025-04-27,2025-05-11,trial_ended,
sub_001269,org_01247,Starter,49.0,2025-05-13,,active,
sub_001270,org_01248,Trial,0.0,2025-05-18,2025-06-01,trial_ended,
sub_001271,org_01249,Trial,0.0,2025-03-20,2025-04-03,trial_ended,
sub_001272,org_01249,Growth,149.0,2025-04-04,,active,
sub_001273,org_01250,Trial,0.0,2025-01-28,2025-02-11,trial_ended,
sub_001274,org_01250,Growth,149.0,2025-02-12,,active,
sub_001275,org_01251,Trial,0.0,2025-04-07,2025-04-21,trial_ended,
sub_001276,org_01252,Trial,0.0,2025-07-15,2025-07-29,trial_ended,
sub_001277,org_01253,Trial,0.0,2025-04-28,2025-05-12,trial_ended,
sub_001278,org_01255,Trial,0.0,2025-04-03,2025-04-17,trial_ended,
sub_001279,org_01256,Trial,0.0,2025-11-10,2025-11-24,trial_ended,
sub_001280,org_01256,Starter,49.0,2025-11-25,2026-03-03,churned,Low adoption
sub_001281,org_01257,Trial,0.0,2025-04-30,2025-05-14,trial_ended,
sub_001282,org_01257,Starter,49.0,2025-05-15,,active,
sub_001283,org_01260,Trial,0.0,2025-04-01,2025-04-15,trial_ended,
sub_001284,org_01261,Trial,0.0,2025-04-29,2025-05-13,trial_ended,
sub_001285,org_01261,Growth,149.0,2025-05-16,,active,
sub_001286,org_01263,Trial,0.0,2025-09-30,2025-10-14,trial_ended,
sub_001287,org_01264,Trial,0.0,2025-02-07,2025-02-21,trial_ended,
sub_001288,org_01264,Growth,149.0,2025-02-21,,active,
sub_001289,org_01265,Trial,0.0,2025-05-03,2025-05-17,trial_ended,
sub_001290,org_01265,Growth,149.0,2025-05-18,2025-06-30,churned,
sub_001291,org_01266,Trial,0.0,2025-05-22,2025-06-05,trial_ended,
sub_001292,org_01267,Trial,0.0,2025-10-29,2025-11-12,trial_ended,
sub_001293,org_01268,Trial,0.0,2025-04-17,2025-05-01,trial_ended,
sub_001294,org_01268,Growth,149.0,2025-05-03,,active,
sub_001295,org_01271,Trial,0.0,2025-09-19,2025-10-03,trial_ended,
sub_001296,org_01271,Growth,149.0,2025-10-05,,active,
sub_001297,org_01273,Trial,0.0,2025-03-13,2025-03-27,trial_ended,
sub_001298,org_01273,Growth,149.0,2025-03-30,,active,
sub_001299,org_01274,Trial,0.0,2026-01-02,2026-01-16,trial_ended,
sub_001300,org_01274,Starter,49.0,2026-01-18,,active,
sub_001301,org_01275,Trial,0.0,2025-02-19,2025-03-05,trial_ended,
sub_001302,org_01275,Enterprise,999.0,2025-03-05,,active,
sub_001303,org_01277,Trial,0.0,2025-01-14,2025-01-28,trial_ended,
sub_001304,org_01277,Starter,49.0,2025-01-29,,active,
sub_001305,org_01278,Trial,0.0,2025-11-13,2025-11-27,trial_ended,
sub_001306,org_01278,Business,399.0,2025-11-29,,active,
sub_001307,org_01279,Trial,0.0,2025-12-30,2026-01-13,trial_ended,
sub_001308,org_01279,Business,399.0,2026-01-13,,active,
sub_001309,org_01280,Trial,0.0,2025-07-09,2025-07-23,trial_ended,
sub_001310,org_01281,Trial,0.0,2025-09-29,2025-10-13,trial_ended,
sub_001311,org_01281,Growth,149.0,2025-10-13,,active,
sub_001312,org_01284,Trial,0.0,2025-08-16,2025-08-30,trial_ended,
sub_001313,org_01284,Business,399.0,2025-09-01,2025-12-29,churned,Low adoption
sub_001314,org_01286,Trial,0.0,2025-10-16,2025-10-30,trial_ended,
sub_001315,org_01286,Starter,49.0,2025-10-30,,active,
sub_001316,org_01287,Trial,0.0,2025-07-13,2025-07-27,trial_ended,
sub_001317,org_01292,Trial,0.0,2025-04-05,2025-04-19,trial_ended,
sub_001318,org_01294,Trial,0.0,2025-02-08,2025-02-22,trial_ended,
sub_001319,org_01294,Growth,149.0,2025-02-25,,active,
sub_001320,org_01295,Trial,0.0,2025-06-01,2025-06-15,trial_ended,
sub_001321,org_01298,Trial,0.0,2025-07-21,2025-08-04,trial_ended,
sub_001322,org_01298,Starter,49.0,2025-08-06,,active,
sub_001323,org_01300,Trial,0.0,2025-03-11,2025-03-25,trial_ended,
sub_001324,org_01301,Trial,0.0,2025-12-07,2025-12-21,trial_ended,
sub_001325,org_01301,Starter,49.0,2025-12-21,,active,
sub_001326,org_01302,Trial,0.0,2025-06-18,2025-07-02,trial_ended,
sub_001327,org_01302,Growth,149.0,2025-07-03,,active,
sub_001328,org_01303,Trial,0.0,2025-08-16,2025-08-30,trial_ended,
sub_001329,org_01304,Trial,0.0,2025-06-09,2025-06-23,trial_ended,
sub_001330,org_01305,Trial,0.0,2025-09-29,2025-10-13,trial_ended,
sub_001331,org_01305,Growth,149.0,2025-10-14,,active,
sub_001332,org_01306,Trial,0.0,2025-11-01,2025-11-15,trial_ended,
sub_001333,org_01306,Business,399.0,2025-11-18,,active,
sub_001334,org_01307,Trial,0.0,2025-06-25,2025-07-09,trial_ended,
sub_001335,org_01307,Starter,49.0,2025-07-09,,active,
sub_001336,org_01311,Trial,0.0,2025-10-19,2025-11-02,trial_ended,
sub_001337,org_01311,Growth,149.0,2025-11-05,2026-02-25,churned,
sub_001338,org_01312,Trial,0.0,2025-05-28,2025-06-11,trial_ended,
sub_001339,org_01312,Starter,49.0,2025-06-13,,active,
sub_001340,org_01313,Trial,0.0,2025-02-04,2025-02-18,trial_ended,
sub_001341,org_01313,Starter,49.0,2025-02-20,,active,
sub_001342,org_01314,Trial,0.0,2025-12-05,2025-12-19,trial_ended,
sub_001343,org_01314,Starter,49.0,2025-12-19,,active,
sub_001344,org_01315,Trial,0.0,2025-10-18,2025-11-01,trial_ended,
sub_001345,org_01315,Starter,49.0,2025-11-02,2025-12-22,churned,Missing feature
sub_001346,org_01317,Trial,0.0,2025-07-07,2025-07-21,trial_ended,
sub_001347,org_01319,Trial,0.0,2025-09-11,2025-09-25,trial_ended,
sub_001348,org_01320,Trial,0.0,2025-12-26,2026-01-09,trial_ended,
sub_001349,org_01321,Trial,0.0,2025-02-15,2025-03-01,trial_ended,
sub_001350,org_01322,Trial,0.0,2025-04-25,2025-05-09,trial_ended,
sub_001351,org_01322,Starter,49.0,2025-05-10,,active,
sub_001352,org_01324,Trial,0.0,2025-02-07,2025-02-21,trial_ended,
sub_001353,org_01324,Growth,149.0,2025-02-23,,active,
sub_001354,org_01325,Trial,0.0,2025-05-24,2025-06-07,trial_ended,
sub_001355,org_01325,Growth,149.0,2025-06-07,,active,
sub_001356,org_01326,Trial,0.0,2026-01-06,2026-01-20,trial_ended,
sub_001357,org_01326,Starter,49.0,2026-01-23,,active,
sub_001358,org_01329,Trial,0.0,2025-01-17,2025-01-31,trial_ended,
sub_001359,org_01329,Starter,49.0,2025-02-03,,active,
sub_001360,org_01331,Trial,0.0,2025-11-14,2025-11-28,trial_ended,
sub_001361,org_01331,Growth,149.0,2025-11-28,,active,
sub_001362,org_01332,Trial,0.0,2025-10-03,2025-10-17,trial_ended,
sub_001363,org_01333,Trial,0.0,2025-01-20,2025-02-03,trial_ended,
sub_001364,org_01334,Trial,0.0,2026-01-03,2026-01-17,trial_ended,
sub_001365,org_01334,Growth,149.0,2026-01-19,2026-03-22,churned,Budget
sub_001366,org_01335,Trial,0.0,2025-03-15,2025-03-29,trial_ended,
sub_001367,org_01336,Trial,0.0,2025-05-19,2025-06-02,trial_ended,
sub_001368,org_01336,Starter,49.0,2025-06-03,,active,
sub_001369,org_01337,Trial,0.0,2025-06-22,2025-07-06,trial_ended,
sub_001370,org_01338,Trial,0.0,2025-08-27,2025-09-10,trial_ended,
sub_001371,org_01338,Growth,149.0,2025-09-10,,active,
sub_001372,org_01339,Trial,0.0,2025-11-17,2025-12-01,trial_ended,
sub_001373,org_01340,Trial,0.0,2025-07-14,2025-07-28,trial_ended,
sub_001374,org_01342,Trial,0.0,2025-04-21,2025-05-05,trial_ended,
sub_001375,org_01342,Business,399.0,2025-05-05,,active,
sub_001376,org_01343,Trial,0.0,2025-08-13,2025-08-27,trial_ended,
sub_001377,org_01347,Trial,0.0,2025-09-12,2025-09-26,trial_ended,
sub_001378,org_01347,Enterprise,999.0,2025-09-28,,active,
sub_001379,org_01348,Trial,0.0,2025-07-27,2025-08-10,trial_ended,
sub_001380,org_01348,Growth,149.0,2025-08-12,,active,
sub_001381,org_01350,Trial,0.0,2025-04-26,2025-05-10,trial_ended,
sub_001382,org_01350,Growth,149.0,2025-05-11,,active,
sub_001383,org_01351,Trial,0.0,2025-05-19,2025-06-02,trial_ended,
sub_001384,org_01352,Trial,0.0,2025-02-08,2025-02-22,trial_ended,
sub_001385,org_01352,Starter,49.0,2025-02-22,,active,
sub_001386,org_01353,Trial,0.0,2025-07-23,2025-08-06,trial_ended,
sub_001387,org_01353,Growth,149.0,2025-08-09,2025-09-15,churned,Low adoption
sub_001388,org_01357,Trial,0.0,2026-01-03,2026-01-17,trial_ended,
sub_001389,org_01358,Trial,0.0,2025-11-26,2025-12-10,trial_ended,
sub_001390,org_01358,Growth,149.0,2025-12-11,,active,
sub_001391,org_01359,Trial,0.0,2025-01-17,2025-01-31,trial_ended,
sub_001392,org_01360,Trial,0.0,2025-06-01,2025-06-15,trial_ended,
sub_001393,org_01360,Growth,149.0,2025-06-15,2025-08-29,churned,
sub_001394,org_01361,Trial,0.0,2025-08-13,2025-08-27,trial_ended,
sub_001395,org_01361,Business,399.0,2025-08-28,2025-11-24,churned,
sub_001396,org_01362,Trial,0.0,2025-02-18,2025-03-04,trial_ended,
sub_001397,org_01362,Starter,49.0,2025-03-04,,active,
sub_001398,org_01364,Trial,0.0,2025-01-29,2025-02-12,trial_ended,
sub_001399,org_01364,Enterprise,999.0,2025-02-13,,active,
sub_001400,org_01365,Trial,0.0,2025-01-06,2025-01-20,trial_ended,
sub_001401,org_01365,Growth,149.0,2025-01-20,,active,
sub_001402,org_01366,Trial,0.0,2025-08-23,2025-09-06,trial_ended,
sub_001403,org_01366,Business,399.0,2025-09-07,,active,
sub_001404,org_01368,Trial,0.0,2025-01-16,2025-01-30,trial_ended,
sub_001405,org_01368,Enterprise,999.0,2025-01-31,,active,
sub_001406,org_01369,Trial,0.0,2025-10-10,2025-10-24,trial_ended,
sub_001407,org_01370,Trial,0.0,2025-03-17,2025-03-31,trial_ended,
sub_001408,org_01370,Growth,149.0,2025-04-02,2025-05-11,churned,Low adoption
sub_001409,org_01371,Trial,0.0,2025-04-20,2025-05-04,trial_ended,
sub_001410,org_01371,Growth,149.0,2025-05-07,,active,
sub_001411,org_01373,Trial,0.0,2025-11-24,2025-12-08,trial_ended,
sub_001412,org_01374,Trial,0.0,2025-06-29,2025-07-13,trial_ended,
sub_001413,org_01375,Trial,0.0,2025-03-03,2025-03-17,trial_ended,
sub_001414,org_01375,Enterprise,999.0,2025-03-18,,active,
sub_001415,org_01376,Trial,0.0,2025-01-30,2025-02-13,trial_ended,
sub_001416,org_01376,Growth,149.0,2025-02-16,,active,
sub_001417,org_01377,Trial,0.0,2025-04-08,2025-04-22,trial_ended,
sub_001418,org_01379,Trial,0.0,2025-02-20,2025-03-06,trial_ended,
sub_001419,org_01381,Trial,0.0,2025-05-11,2025-05-25,trial_ended,
sub_001420,org_01381,Starter,49.0,2025-05-25,2025-09-20,churned,
sub_001421,org_01382,Trial,0.0,2025-05-03,2025-05-17,trial_ended,
sub_001422,org_01382,Business,399.0,2025-05-19,,active,
sub_001423,org_01384,Trial,0.0,2025-06-28,2025-07-12,trial_ended,
sub_001424,org_01387,Trial,0.0,2025-06-28,2025-07-12,trial_ended,
sub_001425,org_01387,Starter,49.0,2025-07-13,2025-08-14,churned,Low adoption
sub_001426,org_01388,Trial,0.0,2025-06-11,2025-06-25,trial_ended,
sub_001427,org_01388,Growth,149.0,2025-06-27,,active,
sub_001428,org_01391,Trial,0.0,2025-08-01,2025-08-15,trial_ended,
sub_001429,org_01391,Starter,49.0,2025-08-18,2025-11-07,churned,Budget
sub_001430,org_01392,Trial,0.0,2025-04-19,2025-05-03,trial_ended,
sub_001431,org_01392,Growth,149.0,2025-05-04,,active,
sub_001432,org_01393,Trial,0.0,2025-12-21,2026-01-04,trial_ended,
sub_001433,org_01394,Trial,0.0,2025-04-20,2025-05-04,trial_ended,
sub_001434,org_01394,Starter,49.0,2025-05-04,,active,
sub_001435,org_01397,Trial,0.0,2025-11-04,2025-11-18,trial_ended,
sub_001436,org_01397,Starter,49.0,2025-11-20,,active,
sub_001437,org_01398,Trial,0.0,2025-01-31,2025-02-14,trial_ended,
sub_001438,org_01398,Enterprise,999.0,2025-02-17,,active,
sub_001439,org_01399,Trial,0.0,2025-03-01,2025-03-15,trial_ended,
sub_001440,org_01399,Starter,49.0,2025-03-18,,active,
sub_001441,org_01402,Trial,0.0,2025-05-23,2025-06-06,trial_ended,
sub_001442,org_01403,Trial,0.0,2025-08-02,2025-08-16,trial_ended,
sub_001443,org_01405,Trial,0.0,2025-08-04,2025-08-18,trial_ended,
sub_001444,org_01405,Enterprise,999.0,2025-08-18,,active,
sub_001445,org_01407,Trial,0.0,2025-08-01,2025-08-15,trial_ended,
sub_001446,org_01407,Business,399.0,2025-08-17,,active,
sub_001447,org_01408,Trial,0.0,2025-11-25,2025-12-09,trial_ended,
sub_001448,org_01408,Growth,149.0,2025-12-12,,active,
sub_001449,org_01411,Trial,0.0,2025-11-25,2025-12-09,trial_ended,
sub_001450,org_01413,Trial,0.0,2025-04-24,2025-05-08,trial_ended,
sub_001451,org_01413,Growth,149.0,2025-05-10,,active,
sub_001452,org_01414,Trial,0.0,2025-09-22,2025-10-06,trial_ended,
sub_001453,org_01415,Trial,0.0,2025-06-25,2025-07-09,trial_ended,
sub_001454,org_01417,Trial,0.0,2025-05-29,2025-06-12,trial_ended,
sub_001455,org_01417,Enterprise,999.0,2025-06-12,2025-08-17,churned,Missing feature
sub_001456,org_01419,Trial,0.0,2025-06-10,2025-06-24,trial_ended,
sub_001457,org_01419,Growth,149.0,2025-06-26,,active,
sub_001458,org_01421,Trial,0.0,2025-06-13,2025-06-27,trial_ended,
sub_001459,org_01424,Trial,0.0,2025-11-30,2025-12-14,trial_ended,
sub_001460,org_01424,Business,399.0,2025-12-14,,active,
sub_001461,org_01426,Trial,0.0,2025-06-18,2025-07-02,trial_ended,
sub_001462,org_01427,Trial,0.0,2025-02-06,2025-02-20,trial_ended,
sub_001463,org_01428,Trial,0.0,2025-02-27,2025-03-13,trial_ended,
sub_001464,org_01429,Trial,0.0,2025-06-24,2025-07-08,trial_ended,
sub_001465,org_01429,Starter,49.0,2025-07-09,,active,
sub_001466,org_01430,Trial,0.0,2025-05-02,2025-05-16,trial_ended,
sub_001467,org_01430,Starter,49.0,2025-05-19,,active,
sub_001468,org_01431,Trial,0.0,2025-03-22,2025-04-05,trial_ended,
sub_001469,org_01432,Trial,0.0,2025-05-05,2025-05-19,trial_ended,
sub_001470,org_01434,Trial,0.0,2025-03-28,2025-04-11,trial_ended,
sub_001471,org_01434,Starter,49.0,2025-04-11,,active,
sub_001472,org_01435,Trial,0.0,2025-04-23,2025-05-07,trial_ended,
sub_001473,org_01437,Trial,0.0,2025-07-20,2025-08-03,trial_ended,
sub_001474,org_01438,Trial,0.0,2025-02-12,2025-02-26,trial_ended,
sub_001475,org_01438,Growth,149.0,2025-02-27,,active,
sub_001476,org_01440,Trial,0.0,2025-01-15,2025-01-29,trial_ended,
sub_001477,org_01440,Business,399.0,2025-02-01,,active,
sub_001478,org_01441,Trial,0.0,2025-05-26,2025-06-09,trial_ended,
sub_001479,org_01441,Starter,49.0,2025-06-10,,active,
sub_001480,org_01443,Trial,0.0,2025-05-30,2025-06-13,trial_ended,
sub_001481,org_01444,Trial,0.0,2025-09-30,2025-10-14,trial_ended,
sub_001482,org_01444,Growth,149.0,2025-10-17,2025-11-30,churned,Low adoption
sub_001483,org_01445,Trial,0.0,2025-08-20,2025-09-03,trial_ended,
sub_001484,org_01445,Growth,149.0,2025-09-06,2025-12-08,churned,Missing feature
sub_001485,org_01447,Trial,0.0,2025-11-18,2025-12-02,trial_ended,
sub_001486,org_01447,Growth,149.0,2025-12-05,,active,
sub_001487,org_01448,Trial,0.0,2025-02-06,2025-02-20,trial_ended,
sub_001488,org_01448,Enterprise,999.0,2025-02-21,,active,
sub_001489,org_01449,Trial,0.0,2025-05-30,2025-06-13,trial_ended,
sub_001490,org_01450,Trial,0.0,2025-05-19,2025-06-02,trial_ended,
sub_001491,org_01450,Starter,49.0,2025-06-05,,active,
sub_001492,org_01452,Trial,0.0,2025-01-23,2025-02-06,trial_ended,
sub_001493,org_01452,Starter,49.0,2025-02-09,2025-04-30,churned,Low adoption
sub_001494,org_01453,Trial,0.0,2025-01-23,2025-02-06,trial_ended,
sub_001495,org_01453,Growth,149.0,2025-02-08,2025-03-22,churned,
sub_001496,org_01454,Trial,0.0,2025-09-14,2025-09-28,trial_ended,
sub_001497,org_01455,Trial,0.0,2025-12-26,2026-01-09,trial_ended,
sub_001498,org_01456,Trial,0.0,2025-06-15,2025-06-29,trial_ended,
sub_001499,org_01456,Growth,149.0,2025-07-02,,active,
sub_001500,org_01457,Trial,0.0,2025-08-22,2025-09-05,trial_ended,
sub_001501,org_01459,Trial,0.0,2025-06-10,2025-06-24,trial_ended,
sub_001502,org_01460,Trial,0.0,2025-03-07,2025-03-21,trial_ended,
sub_001503,org_01460,Growth,149.0,2025-03-24,,active,
sub_001504,org_01461,Trial,0.0,2025-04-05,2025-04-19,trial_ended,
sub_001505,org_01462,Trial,0.0,2025-08-15,2025-08-29,trial_ended,
sub_001506,org_01464,Trial,0.0,2025-06-11,2025-06-25,trial_ended,
sub_001507,org_01465,Trial,0.0,2025-07-13,2025-07-27,trial_ended,
sub_001508,org_01466,Trial,0.0,2025-08-09,2025-08-23,trial_ended,
sub_001509,org_01467,Trial,0.0,2025-05-21,2025-06-04,trial_ended,
sub_001510,org_01467,Business,399.0,2025-06-04,2025-07-04,churned,Low adoption
sub_001511,org_01468,Trial,0.0,2025-10-14,2025-10-28,trial_ended,
sub_001512,org_01468,Business,399.0,2025-10-31,,active,
sub_001513,org_01470,Trial,0.0,2025-12-02,2025-12-16,trial_ended,
sub_001514,org_01471,Trial,0.0,2025-06-29,2025-07-13,trial_ended,
sub_001515,org_01471,Business,399.0,2025-07-16,2025-08-24,churned,Low adoption
sub_001516,org_01472,Trial,0.0,2025-12-25,2026-01-08,trial_ended,
sub_001517,org_01472,Starter,49.0,2026-01-10,,active,
sub_001518,org_01473,Trial,0.0,2025-12-10,2025-12-24,trial_ended,
sub_001519,org_01473,Growth,149.0,2025-12-27,2026-02-08,churned,
sub_001520,org_01475,Trial,0.0,2025-11-30,2025-12-14,trial_ended,
sub_001521,org_01478,Trial,0.0,2025-09-25,2025-10-09,trial_ended,
sub_001522,org_01478,Business,399.0,2025-10-12,,active,
sub_001523,org_01481,Trial,0.0,2025-03-12,2025-03-26,trial_ended,
sub_001524,org_01481,Growth,149.0,2025-03-27,,active,
sub_001525,org_01482,Trial,0.0,2025-02-17,2025-03-03,trial_ended,
sub_001526,org_01482,Starter,49.0,2025-03-03,,active,
sub_001527,org_01483,Trial,0.0,2025-10-08,2025-10-22,trial_ended,
sub_001528,org_01484,Trial,0.0,2025-12-28,2026-01-11,trial_ended,
sub_001529,org_01484,Enterprise,999.0,2026-01-11,,active,
sub_001530,org_01486,Trial,0.0,2025-05-12,2025-05-26,trial_ended,
sub_001531,org_01486,Growth,149.0,2025-05-26,,active,
sub_001532,org_01488,Trial,0.0,2025-07-07,2025-07-21,trial_ended,
sub_001533,org_01489,Trial,0.0,2025-09-06,2025-09-20,trial_ended,
sub_001534,org_01490,Trial,0.0,2025-11-30,2025-12-14,trial_ended,
sub_001535,org_01490,Business,399.0,2025-12-16,,active,
sub_001536,org_01492,Trial,0.0,2025-11-13,2025-11-27,trial_ended,
sub_001537,org_01492,Growth,149.0,2025-11-29,,active,
sub_001538,org_01493,Trial,0.0,2025-08-05,2025-08-19,trial_ended,
sub_001539,org_01493,Growth,149.0,2025-08-22,,active,
sub_001540,org_01494,Trial,0.0,2025-08-02,2025-08-16,trial_ended,
sub_001541,org_01494,Growth,149.0,2025-08-18,,active,
sub_001542,org_01495,Trial,0.0,2025-06-27,2025-07-11,trial_ended,
sub_001543,org_01496,Trial,0.0,2025-12-08,2025-12-22,trial_ended,
sub_001544,org_01497,Trial,0.0,2025-11-13,2025-11-27,trial_ended,
sub_001545,org_01497,Growth,149.0,2025-11-29,2026-03-12,churned,Low adoption
sub_001546,org_01498,Trial,0.0,2025-07-16,2025-07-30,trial_ended,
sub_001547,org_01498,Starter,49.0,2025-07-30,,active,
sub_001548,org_01499,Trial,0.0,2025-11-14,2025-11-28,trial_ended,
sub_001549,org_01502,Trial,0.0,2025-01-31,2025-02-14,trial_ended,
sub_001550,org_01503,Trial,0.0,2025-10-16,2025-10-30,trial_ended,
sub_001551,org_01503,Enterprise,999.0,2025-11-02,,active,
sub_001552,org_01504,Trial,0.0,2025-08-08,2025-08-22,trial_ended,
sub_001553,org_01507,Trial,0.0,2025-12-24,2026-01-07,trial_ended,
sub_001554,org_01507,Starter,49.0,2026-01-07,,active,
sub_001555,org_01509,Trial,0.0,2025-06-02,2025-06-16,trial_ended,
sub_001556,org_01511,Trial,0.0,2025-12-23,2026-01-06,trial_ended,
sub_001557,org_01512,Trial,0.0,2025-04-18,2025-05-02,trial_ended,
sub_001558,org_01514,Trial,0.0,2025-12-09,2025-12-23,trial_ended,
sub_001559,org_01515,Trial,0.0,2025-09-23,2025-10-07,trial_ended,
sub_001560,org_01515,Starter,49.0,2025-10-07,,active,
sub_001561,org_01516,Trial,0.0,2025-08-19,2025-09-02,trial_ended,
sub_001562,org_01516,Starter,49.0,2025-09-04,,active,
sub_001563,org_01517,Trial,0.0,2025-01-21,2025-02-04,trial_ended,
sub_001564,org_01517,Starter,49.0,2025-02-07,,active,
sub_001565,org_01518,Trial,0.0,2025-04-20,2025-05-04,trial_ended,
sub_001566,org_01519,Trial,0.0,2025-08-15,2025-08-29,trial_ended,
sub_001567,org_01519,Starter,49.0,2025-08-31,,active,
sub_001568,org_01520,Trial,0.0,2025-03-16,2025-03-30,trial_ended,
sub_001569,org_01520,Growth,149.0,2025-03-31,,active,
sub_001570,org_01521,Trial,0.0,2025-04-08,2025-04-22,trial_ended,
sub_001571,org_01523,Trial,0.0,2025-11-12,2025-11-26,trial_ended,
sub_001572,org_01523,Starter,49.0,2025-11-26,,active,
sub_001573,org_01524,Trial,0.0,2025-04-20,2025-05-04,trial_ended,
sub_001574,org_01525,Trial,0.0,2025-06-08,2025-06-22,trial_ended,
sub_001575,org_01525,Growth,149.0,2025-06-23,,active,
sub_001576,org_01526,Trial,0.0,2025-01-19,2025-02-02,trial_ended,
sub_001577,org_01528,Trial,0.0,2025-04-02,2025-04-16,trial_ended,
sub_001578,org_01530,Trial,0.0,2025-10-21,2025-11-04,trial_ended,
sub_001579,org_01530,Growth,149.0,2025-11-05,2026-02-11,churned,
sub_001580,org_01531,Trial,0.0,2025-10-16,2025-10-30,trial_ended,
sub_001581,org_01531,Starter,49.0,2025-11-02,2026-02-03,churned,Missing feature
sub_001582,org_01532,Trial,0.0,2025-05-26,2025-06-09,trial_ended,
sub_001583,org_01532,Starter,49.0,2025-06-10,,active,
sub_001584,org_01535,Trial,0.0,2025-12-06,2025-12-20,trial_ended,
sub_001585,org_01536,Trial,0.0,2025-01-08,2025-01-22,trial_ended,
sub_001586,org_01536,Starter,49.0,2025-01-23,2025-05-19,churned,Missing feature
sub_001587,org_01539,Trial,0.0,2025-07-17,2025-07-31,trial_ended,
sub_001588,org_01540,Trial,0.0,2025-03-22,2025-04-05,trial_ended,
sub_001589,org_01540,Growth,149.0,2025-04-07,,active,
sub_001590,org_01541,Trial,0.0,2025-03-10,2025-03-24,trial_ended,
sub_001591,org_01541,Business,399.0,2025-03-24,,active,
sub_001592,org_01542,Trial,0.0,2025-09-23,2025-10-07,trial_ended,
sub_001593,org_01543,Trial,0.0,2025-04-14,2025-04-28,trial_ended,
sub_001594,org_01543,Enterprise,999.0,2025-04-29,,active,
sub_001595,org_01545,Trial,0.0,2025-06-06,2025-06-20,trial_ended,
sub_001596,org_01546,Trial,0.0,2025-10-15,2025-10-29,trial_ended,
sub_001597,org_01547,Trial,0.0,2025-04-16,2025-04-30,trial_ended,
sub_001598,org_01547,Growth,149.0,2025-05-03,2025-06-20,churned,Low adoption
sub_001599,org_01548,Trial,0.0,2025-05-21,2025-06-04,trial_ended,
sub_001600,org_01548,Starter,49.0,2025-06-05,,active,
sub_001601,org_01549,Trial,0.0,2025-06-01,2025-06-15,trial_ended,
sub_001602,org_01549,Growth,149.0,2025-06-15,,active,
sub_001603,org_01550,Trial,0.0,2025-07-19,2025-08-02,trial_ended,
sub_001604,org_01551,Trial,0.0,2025-04-13,2025-04-27,trial_ended,
sub_001605,org_01552,Trial,0.0,2025-03-30,2025-04-13,trial_ended,
sub_001606,org_01552,Business,399.0,2025-04-16,,active,
sub_001607,org_01553,Trial,0.0,2025-07-05,2025-07-19,trial_ended,
sub_001608,org_01554,Trial,0.0,2026-01-03,2026-01-17,trial_ended,
sub_001609,org_01554,Growth,149.0,2026-01-20,,active,
sub_001610,org_01555,Trial,0.0,2025-10-01,2025-10-15,trial_ended,
sub_001611,org_01558,Trial,0.0,2025-03-16,2025-03-30,trial_ended,
sub_001612,org_01559,Trial,0.0,2025-07-08,2025-07-22,trial_ended,
sub_001613,org_01560,Trial,0.0,2025-08-26,2025-09-09,trial_ended,
sub_001614,org_01561,Trial,0.0,2025-05-21,2025-06-04,trial_ended,
sub_001615,org_01565,Trial,0.0,2025-06-09,2025-06-23,trial_ended,
sub_001616,org_01566,Trial,0.0,2025-05-22,2025-06-05,trial_ended,
sub_001617,org_01567,Trial,0.0,2025-10-21,2025-11-04,trial_ended,
sub_001618,org_01568,Trial,0.0,2025-06-11,2025-06-25,trial_ended,
sub_001619,org_01568,Starter,49.0,2025-06-28,,active,
sub_001620,org_01569,Trial,0.0,2025-10-13,2025-10-27,trial_ended,
sub_001621,org_01569,Business,399.0,2025-10-30,,active,
sub_001622,org_01571,Trial,0.0,2026-01-03,2026-01-17,trial_ended,
sub_001623,org_01571,Growth,149.0,2026-01-19,,active,
sub_001624,org_01573,Trial,0.0,2025-12-10,2025-12-24,trial_ended,
sub_001625,org_01573,Business,399.0,2025-12-26,,active,
sub_001626,org_01574,Trial,0.0,2025-02-06,2025-02-20,trial_ended,
sub_001627,org_01574,Enterprise,999.0,2025-02-21,2025-04-23,churned,Budget
sub_001628,org_01575,Trial,0.0,2025-04-29,2025-05-13,trial_ended,
sub_001629,org_01576,Trial,0.0,2025-02-16,2025-03-02,trial_ended,
sub_001630,org_01576,Starter,49.0,2025-03-04,2025-04-28,churned,Low adoption
sub_001631,org_01577,Trial,0.0,2025-08-30,2025-09-13,trial_ended,
sub_001632,org_01578,Trial,0.0,2025-11-03,2025-11-17,trial_ended,
sub_001633,org_01578,Starter,49.0,2025-11-18,,active,
sub_001634,org_01580,Trial,0.0,2025-08-24,2025-09-07,trial_ended,
sub_001635,org_01583,Trial,0.0,2025-09-11,2025-09-25,trial_ended,
sub_001636,org_01583,Starter,49.0,2025-09-26,,active,
sub_001637,org_01585,Trial,0.0,2025-11-08,2025-11-22,trial_ended,
sub_001638,org_01585,Growth,149.0,2025-11-24,,active,
sub_001639,org_01587,Trial,0.0,2025-03-06,2025-03-20,trial_ended,
sub_001640,org_01587,Starter,49.0,2025-03-22,,active,
sub_001641,org_01588,Trial,0.0,2025-12-01,2025-12-15,trial_ended,
sub_001642,org_01588,Growth,149.0,2025-12-15,2026-01-20,churned,
sub_001643,org_01589,Trial,0.0,2025-03-21,2025-04-04,trial_ended,
sub_001644,org_01590,Trial,0.0,2025-08-18,2025-09-01,trial_ended,
sub_001645,org_01590,Starter,49.0,2025-09-01,,active,
sub_001646,org_01592,Trial,0.0,2025-03-04,2025-03-18,trial_ended,
sub_001647,org_01593,Trial,0.0,2025-06-12,2025-06-26,trial_ended,
sub_001648,org_01593,Business,399.0,2025-06-29,,active,
sub_001649,org_01594,Trial,0.0,2025-08-13,2025-08-27,trial_ended,
sub_001650,org_01594,Starter,49.0,2025-08-28,2025-10-16,churned,Missing feature
sub_001651,org_01596,Trial,0.0,2025-02-18,2025-03-04,trial_ended,
sub_001652,org_01596,Business,399.0,2025-03-05,,active,
sub_001653,org_01597,Trial,0.0,2025-10-06,2025-10-20,trial_ended,
sub_001654,org_01597,Starter,49.0,2025-10-20,,active,
sub_001655,org_01599,Trial,0.0,2025-02-13,2025-02-27,trial_ended,
sub_001656,org_01599,Starter,49.0,2025-02-28,,active,
sub_001657,org_01601,Trial,0.0,2025-05-07,2025-05-21,trial_ended,
sub_001658,org_01604,Trial,0.0,2025-12-11,2025-12-25,trial_ended,
sub_001659,org_01604,Starter,49.0,2025-12-27,,active,
sub_001660,org_01609,Trial,0.0,2025-09-27,2025-10-11,trial_ended,
sub_001661,org_01609,Growth,149.0,2025-10-12,,active,
sub_001662,org_01610,Trial,0.0,2025-11-10,2025-11-24,trial_ended,
sub_001663,org_01610,Growth,149.0,2025-11-25,,active,
sub_001664,org_01612,Trial,0.0,2025-05-07,2025-05-21,trial_ended,
sub_001665,org_01613,Trial,0.0,2025-12-30,2026-01-13,trial_ended,
sub_001666,org_01615,Trial,0.0,2025-05-30,2025-06-13,trial_ended,
sub_001667,org_01617,Trial,0.0,2025-04-10,2025-04-24,trial_ended,
sub_001668,org_01617,Business,399.0,2025-04-24,,active,
sub_001669,org_01618,Trial,0.0,2025-11-27,2025-12-11,trial_ended,
sub_001670,org_01618,Growth,149.0,2025-12-13,,active,
sub_001671,org_01620,Trial,0.0,2025-09-02,2025-09-16,trial_ended,
sub_001672,org_01621,Trial,0.0,2025-01-17,2025-01-31,trial_ended,
sub_001673,org_01621,Growth,149.0,2025-02-03,2025-05-27,churned,Budget
sub_001674,org_01624,Trial,0.0,2025-03-05,2025-03-19,trial_ended,
sub_001675,org_01627,Trial,0.0,2025-07-11,2025-07-25,trial_ended,
sub_001676,org_01628,Trial,0.0,2025-06-28,2025-07-12,trial_ended,
sub_001677,org_01629,Trial,0.0,2025-06-23,2025-07-07,trial_ended,
sub_001678,org_01629,Business,399.0,2025-07-08,,active,
sub_001679,org_01632,Trial,0.0,2025-06-12,2025-06-26,trial_ended,
sub_001680,org_01633,Trial,0.0,2025-04-12,2025-04-26,trial_ended,
sub_001681,org_01633,Business,399.0,2025-04-26,,active,
sub_001682,org_01634,Trial,0.0,2025-10-21,2025-11-04,trial_ended,
sub_001683,org_01634,Business,399.0,2025-11-07,,active,
sub_001684,org_01635,Trial,0.0,2025-04-08,2025-04-22,trial_ended,
sub_001685,org_01636,Trial,0.0,2025-01-09,2025-01-23,trial_ended,
sub_001686,org_01637,Trial,0.0,2025-06-03,2025-06-17,trial_ended,
sub_001687,org_01637,Starter,49.0,2025-06-20,,active,
sub_001688,org_01638,Trial,0.0,2025-09-09,2025-09-23,trial_ended,
sub_001689,org_01638,Business,399.0,2025-09-24,2025-11-10,churned,Budget
sub_001690,org_01639,Trial,0.0,2025-06-24,2025-07-08,trial_ended,
sub_001691,org_01639,Business,399.0,2025-07-09,,active,
sub_001692,org_01640,Trial,0.0,2025-03-05,2025-03-19,trial_ended,
sub_001693,org_01640,Starter,49.0,2025-03-20,,active,
sub_001694,org_01641,Trial,0.0,2025-10-18,2025-11-01,trial_ended,
sub_001695,org_01642,Trial,0.0,2025-11-15,2025-11-29,trial_ended,
sub_001696,org_01643,Trial,0.0,2025-02-08,2025-02-22,trial_ended,
sub_001697,org_01643,Growth,149.0,2025-02-22,,active,
sub_001698,org_01645,Trial,0.0,2025-07-17,2025-07-31,trial_ended,
sub_001699,org_01645,Growth,149.0,2025-08-02,2025-09-01,churned,
sub_001700,org_01646,Trial,0.0,2025-10-29,2025-11-12,trial_ended,
sub_001701,org_01646,Starter,49.0,2025-11-14,2026-03-01,churned,Low adoption
sub_001702,org_01647,Trial,0.0,2025-09-19,2025-10-03,trial_ended,
sub_001703,org_01647,Starter,49.0,2025-10-05,,active,
sub_001704,org_01648,Trial,0.0,2025-12-01,2025-12-15,trial_ended,
sub_001705,org_01649,Trial,0.0,2025-02-14,2025-02-28,trial_ended,
sub_001706,org_01649,Growth,149.0,2025-03-01,2025-06-29,churned,Low adoption
sub_001707,org_01650,Trial,0.0,2025-10-06,2025-10-20,trial_ended,
sub_001708,org_01651,Trial,0.0,2025-11-22,2025-12-06,trial_ended,
sub_001709,org_01652,Trial,0.0,2025-01-23,2025-02-06,trial_ended,
sub_001710,org_01652,Starter,49.0,2025-02-06,,active,
sub_001711,org_01653,Trial,0.0,2025-06-02,2025-06-16,trial_ended,
sub_001712,org_01653,Starter,49.0,2025-06-19,,active,
sub_001713,org_01654,Trial,0.0,2025-07-07,2025-07-21,trial_ended,
sub_001714,org_01654,Growth,149.0,2025-07-24,,active,
sub_001715,org_01656,Trial,0.0,2025-10-19,2025-11-02,trial_ended,
sub_001716,org_01656,Business,399.0,2025-11-02,,active,
sub_001717,org_01657,Trial,0.0,2025-02-10,2025-02-24,trial_ended,
sub_001718,org_01657,Enterprise,999.0,2025-02-25,,active,
sub_001719,org_01660,Trial,0.0,2025-02-09,2025-02-23,trial_ended,
sub_001720,org_01660,Growth,149.0,2025-02-26,,active,
sub_001721,org_01661,Trial,0.0,2025-02-16,2025-03-02,trial_ended,
sub_001722,org_01663,Trial,0.0,2025-03-12,2025-03-26,trial_ended,
sub_001723,org_01664,Trial,0.0,2025-10-30,2025-11-13,trial_ended,
sub_001724,org_01664,Starter,49.0,2025-11-14,,active,
sub_001725,org_01667,Trial,0.0,2025-04-07,2025-04-21,trial_ended,
sub_001726,org_01669,Trial,0.0,2025-07-03,2025-07-17,trial_ended,
sub_001727,org_01671,Trial,0.0,2025-11-02,2025-11-16,trial_ended,
sub_001728,org_01672,Trial,0.0,2025-12-23,2026-01-06,trial_ended,
sub_001729,org_01673,Trial,0.0,2025-07-31,2025-08-14,trial_ended,
sub_001730,org_01675,Trial,0.0,2025-09-29,2025-10-13,trial_ended,
sub_001731,org_01675,Business,399.0,2025-10-15,,active,
sub_001732,org_01677,Trial,0.0,2025-09-03,2025-09-17,trial_ended,
sub_001733,org_01677,Growth,149.0,2025-09-17,,active,
sub_001734,org_01679,Trial,0.0,2025-08-29,2025-09-12,trial_ended,
sub_001735,org_01679,Starter,49.0,2025-09-14,,active,
sub_001736,org_01680,Trial,0.0,2025-12-05,2025-12-19,trial_ended,
sub_001737,org_01680,Business,399.0,2025-12-21,,active,
sub_001738,org_01681,Trial,0.0,2025-05-13,2025-05-27,trial_ended,
sub_001739,org_01681,Business,399.0,2025-05-30,,active,
sub_001740,org_01682,Trial,0.0,2025-09-25,2025-10-09,trial_ended,
sub_001741,org_01682,Business,399.0,2025-10-09,,active,
sub_001742,org_01684,Trial,0.0,2025-01-09,2025-01-23,trial_ended,
sub_001743,org_01684,Growth,149.0,2025-01-26,,active,
sub_001744,org_01685,Trial,0.0,2025-08-14,2025-08-28,trial_ended,
sub_001745,org_01686,Trial,0.0,2025-08-21,2025-09-04,trial_ended,
sub_001746,org_01686,Starter,49.0,2025-09-07,2025-12-28,churned,Low adoption
sub_001747,org_01687,Trial,0.0,2025-04-26,2025-05-10,trial_ended,
sub_001748,org_01690,Trial,0.0,2025-05-18,2025-06-01,trial_ended,
sub_001749,org_01690,Business,399.0,2025-06-03,,active,
sub_001750,org_01691,Trial,0.0,2025-12-18,2026-01-01,trial_ended,
sub_001751,org_01694,Trial,0.0,2025-11-28,2025-12-12,trial_ended,
sub_001752,org_01694,Starter,49.0,2025-12-12,,active,
sub_001753,org_01695,Trial,0.0,2025-02-03,2025-02-17,trial_ended,
sub_001754,org_01697,Trial,0.0,2025-11-11,2025-11-25,trial_ended,
sub_001755,org_01697,Growth,149.0,2025-11-26,2026-01-14,churned,Budget
sub_001756,org_01699,Trial,0.0,2025-12-29,2026-01-12,trial_ended,
sub_001757,org_01699,Growth,149.0,2026-01-15,2026-03-11,churned,Budget
sub_001758,org_01700,Trial,0.0,2025-11-24,2025-12-08,trial_ended,
sub_001759,org_01702,Trial,0.0,2025-05-28,2025-06-11,trial_ended,
sub_001760,org_01704,Trial,0.0,2025-10-11,2025-10-25,trial_ended,
sub_001761,org_01704,Business,399.0,2025-10-27,2026-02-05,churned,
sub_001762,org_01706,Trial,0.0,2025-04-02,2025-04-16,trial_ended,
sub_001763,org_01708,Trial,0.0,2025-03-26,2025-04-09,trial_ended,
sub_001764,org_01712,Trial,0.0,2026-01-01,2026-01-15,trial_ended,
sub_001765,org_01712,Starter,49.0,2026-01-18,,active,
sub_001766,org_01713,Trial,0.0,2025-02-25,2025-03-11,trial_ended,
sub_001767,org_01714,Trial,0.0,2025-07-09,2025-07-23,trial_ended,
sub_001768,org_01714,Business,399.0,2025-07-26,,active,
sub_001769,org_01715,Trial,0.0,2026-01-02,2026-01-16,trial_ended,
sub_001770,org_01716,Trial,0.0,2025-10-26,2025-11-09,trial_ended,
sub_001771,org_01717,Trial,0.0,2025-09-09,2025-09-23,trial_ended,
sub_001772,org_01723,Trial,0.0,2025-05-09,2025-05-23,trial_ended,
sub_001773,org_01723,Growth,149.0,2025-05-25,,active,
sub_001774,org_01724,Trial,0.0,2025-12-07,2025-12-21,trial_ended,
sub_001775,org_01724,Business,399.0,2025-12-22,2026-03-03,churned,Low adoption
sub_001776,org_01725,Trial,0.0,2025-10-07,2025-10-21,trial_ended,
sub_001777,org_01725,Growth,149.0,2025-10-24,,active,
sub_001778,org_01726,Trial,0.0,2025-06-08,2025-06-22,trial_ended,
sub_001779,org_01726,Starter,49.0,2025-06-24,,active,
sub_001780,org_01728,Trial,0.0,2025-12-17,2025-12-31,trial_ended,
sub_001781,org_01728,Starter,49.0,2026-01-03,,active,
sub_001782,org_01729,Trial,0.0,2025-02-15,2025-03-01,trial_ended,
sub_001783,org_01729,Starter,49.0,2025-03-01,,active,
sub_001784,org_01730,Trial,0.0,2025-07-18,2025-08-01,trial_ended,
sub_001785,org_01730,Enterprise,999.0,2025-08-02,2025-10-04,churned,Low adoption
sub_001786,org_01734,Trial,0.0,2025-02-25,2025-03-11,trial_ended,
sub_001787,org_01735,Trial,0.0,2025-09-18,2025-10-02,trial_ended,
sub_001788,org_01735,Starter,49.0,2025-10-05,,active,
sub_001789,org_01736,Trial,0.0,2025-04-05,2025-04-19,trial_ended,
sub_001790,org_01736,Starter,49.0,2025-04-22,,active,
sub_001791,org_01739,Trial,0.0,2025-10-20,2025-11-03,trial_ended,
sub_001792,org_01740,Trial,0.0,2025-12-05,2025-12-19,trial_ended,
sub_001793,org_01740,Starter,49.0,2025-12-20,,active,
sub_001794,org_01741,Trial,0.0,2025-11-28,2025-12-12,trial_ended,
sub_001795,org_01741,Starter,49.0,2025-12-13,,active,
sub_001796,org_01742,Trial,0.0,2025-04-22,2025-05-06,trial_ended,
sub_001797,org_01742,Starter,49.0,2025-05-06,,active,
sub_001798,org_01743,Trial,0.0,2025-03-08,2025-03-22,trial_ended,
sub_001799,org_01743,Starter,49.0,2025-03-22,,active,
sub_001800,org_01744,Trial,0.0,2025-05-04,2025-05-18,trial_ended,
sub_001801,org_01744,Business,399.0,2025-05-18,,active,
sub_001802,org_01746,Trial,0.0,2025-07-25,2025-08-08,trial_ended,
sub_001803,org_01746,Starter,49.0,2025-08-10,2025-10-29,churned,
sub_001804,org_01748,Trial,0.0,2025-08-26,2025-09-09,trial_ended,
sub_001805,org_01748,Starter,49.0,2025-09-12,,active,
sub_001806,org_01749,Trial,0.0,2025-08-12,2025-08-26,trial_ended,
sub_001807,org_01749,Growth,149.0,2025-08-29,,active,
sub_001808,org_01750,Trial,0.0,2025-11-08,2025-11-22,trial_ended,
sub_001809,org_01751,Trial,0.0,2025-04-26,2025-05-10,trial_ended,
sub_001810,org_01752,Trial,0.0,2025-11-19,2025-12-03,trial_ended,
sub_001811,org_01752,Growth,149.0,2025-12-04,,active,
sub_001812,org_01754,Trial,0.0,2025-12-17,2025-12-31,trial_ended,
sub_001813,org_01755,Trial,0.0,2025-09-30,2025-10-14,trial_ended,
sub_001814,org_01756,Trial,0.0,2025-06-27,2025-07-11,trial_ended,
sub_001815,org_01757,Trial,0.0,2025-09-02,2025-09-16,trial_ended,
sub_001816,org_01760,Trial,0.0,2025-10-14,2025-10-28,trial_ended,
sub_001817,org_01760,Growth,149.0,2025-10-28,2026-01-15,churned,Budget
sub_001818,org_01761,Trial,0.0,2025-12-31,2026-01-14,trial_ended,
sub_001819,org_01761,Enterprise,999.0,2026-01-16,,active,
sub_001820,org_01762,Trial,0.0,2025-12-09,2025-12-23,trial_ended,
sub_001821,org_01762,Growth,149.0,2025-12-26,,active,
sub_001822,org_01763,Trial,0.0,2025-11-07,2025-11-21,trial_ended,
sub_001823,org_01763,Starter,49.0,2025-11-21,,active,
sub_001824,org_01765,Trial,0.0,2025-06-01,2025-06-15,trial_ended,
sub_001825,org_01766,Trial,0.0,2025-05-24,2025-06-07,trial_ended,
sub_001826,org_01766,Starter,49.0,2025-06-08,,active,
sub_001827,org_01768,Trial,0.0,2025-10-09,2025-10-23,trial_ended,
sub_001828,org_01769,Trial,0.0,2025-03-27,2025-04-10,trial_ended,
sub_001829,org_01770,Trial,0.0,2025-05-01,2025-05-15,trial_ended,
sub_001830,org_01770,Enterprise,999.0,2025-05-16,,active,
sub_001831,org_01771,Trial,0.0,2025-04-25,2025-05-09,trial_ended,
sub_001832,org_01771,Enterprise,999.0,2025-05-11,,active,
sub_001833,org_01772,Trial,0.0,2025-08-31,2025-09-14,trial_ended,
sub_001834,org_01772,Starter,49.0,2025-09-16,2025-11-29,churned,Low adoption
sub_001835,org_01773,Trial,0.0,2025-12-28,2026-01-11,trial_ended,
sub_001836,org_01774,Trial,0.0,2025-04-20,2025-05-04,trial_ended,
sub_001837,org_01776,Trial,0.0,2025-10-30,2025-11-13,trial_ended,
sub_001838,org_01779,Trial,0.0,2025-02-06,2025-02-20,trial_ended,
sub_001839,org_01779,Business,399.0,2025-02-21,,active,
sub_001840,org_01780,Trial,0.0,2025-04-22,2025-05-06,trial_ended,
sub_001841,org_01782,Trial,0.0,2025-09-28,2025-10-12,trial_ended,
sub_001842,org_01782,Growth,149.0,2025-10-15,,active,
sub_001843,org_01783,Trial,0.0,2025-08-01,2025-08-15,trial_ended,
sub_001844,org_01783,Growth,149.0,2025-08-15,2025-09-15,churned,Low adoption
sub_001845,org_01784,Trial,0.0,2025-10-26,2025-11-09,trial_ended,
sub_001846,org_01784,Business,399.0,2025-11-12,,active,
sub_001847,org_01785,Trial,0.0,2025-06-12,2025-06-26,trial_ended,
sub_001848,org_01785,Growth,149.0,2025-06-29,,active,
sub_001849,org_01786,Trial,0.0,2025-04-16,2025-04-30,trial_ended,
sub_001850,org_01786,Growth,149.0,2025-05-03,,active,
sub_001851,org_01788,Trial,0.0,2025-06-23,2025-07-07,trial_ended,
sub_001852,org_01788,Enterprise,999.0,2025-07-07,,active,
sub_001853,org_01789,Trial,0.0,2025-12-21,2026-01-04,trial_ended,
sub_001854,org_01789,Business,399.0,2026-01-04,,active,
sub_001855,org_01791,Trial,0.0,2025-12-01,2025-12-15,trial_ended,
sub_001856,org_01792,Trial,0.0,2025-05-11,2025-05-25,trial_ended,
sub_001857,org_01793,Trial,0.0,2025-11-09,2025-11-23,trial_ended,
sub_001858,org_01794,Trial,0.0,2025-09-23,2025-10-07,trial_ended,
sub_001859,org_01796,Trial,0.0,2025-07-21,2025-08-04,trial_ended,
sub_001860,org_01796,Starter,49.0,2025-08-07,,active,
sub_001861,org_01797,Trial,0.0,2025-02-09,2025-02-23,trial_ended,
sub_001862,org_01797,Enterprise,999.0,2025-02-25,2025-05-28,churned,Missing feature
sub_001863,org_01798,Trial,0.0,2025-08-24,2025-09-07,trial_ended,
sub_001864,org_01798,Growth,149.0,2025-09-08,,active,
sub_001865,org_01801,Trial,0.0,2025-06-17,2025-07-01,trial_ended,
sub_001866,org_01801,Growth,149.0,2025-07-01,,active,
sub_001867,org_01802,Trial,0.0,2025-11-25,2025-12-09,trial_ended,
sub_001868,org_01803,Trial,0.0,2025-06-23,2025-07-07,trial_ended,
sub_001869,org_01804,Trial,0.0,2025-06-02,2025-06-16,trial_ended,
sub_001870,org_01804,Growth,149.0,2025-06-18,,active,
sub_001871,org_01807,Trial,0.0,2025-11-05,2025-11-19,trial_ended,
sub_001872,org_01808,Trial,0.0,2025-05-10,2025-05-24,trial_ended,
sub_001873,org_01809,Trial,0.0,2025-04-16,2025-04-30,trial_ended,
sub_001874,org_01810,Trial,0.0,2025-04-13,2025-04-27,trial_ended,
sub_001875,org_01810,Starter,49.0,2025-04-29,,active,
sub_001876,org_01811,Trial,0.0,2025-09-05,2025-09-19,trial_ended,
sub_001877,org_01812,Trial,0.0,2025-10-29,2025-11-12,trial_ended,
sub_001878,org_01812,Growth,149.0,2025-11-15,2026-02-26,churned,Budget
sub_001879,org_01813,Trial,0.0,2025-12-22,2026-01-05,trial_ended,
sub_001880,org_01814,Trial,0.0,2025-04-11,2025-04-25,trial_ended,
sub_001881,org_01814,Growth,149.0,2025-04-26,,active,
sub_001882,org_01816,Trial,0.0,2025-11-28,2025-12-12,trial_ended,
sub_001883,org_01816,Growth,149.0,2025-12-15,,active,
sub_001884,org_01819,Trial,0.0,2025-01-29,2025-02-12,trial_ended,
sub_001885,org_01819,Business,399.0,2025-02-12,,active,
sub_001886,org_01820,Trial,0.0,2025-02-24,2025-03-10,trial_ended,
sub_001887,org_01820,Starter,49.0,2025-03-11,,active,
sub_001888,org_01821,Trial,0.0,2025-11-04,2025-11-18,trial_ended,
sub_001889,org_01822,Trial,0.0,2025-03-05,2025-03-19,trial_ended,
sub_001890,org_01822,Growth,149.0,2025-03-20,,active,
sub_001891,org_01824,Trial,0.0,2025-09-09,2025-09-23,trial_ended,
sub_001892,org_01824,Business,399.0,2025-09-26,,active,
sub_001893,org_01825,Trial,0.0,2025-01-26,2025-02-09,trial_ended,
sub_001894,org_01825,Starter,49.0,2025-02-12,,active,
sub_001895,org_01826,Trial,0.0,2025-06-01,2025-06-15,trial_ended,
sub_001896,org_01826,Business,399.0,2025-06-16,,active,
sub_001897,org_01827,Trial,0.0,2025-01-13,2025-01-27,trial_ended,
sub_001898,org_01827,Starter,49.0,2025-01-29,,active,
sub_001899,org_01828,Trial,0.0,2025-06-16,2025-06-30,trial_ended,
sub_001900,org_01828,Starter,49.0,2025-07-03,2025-08-13,churned,
sub_001901,org_01830,Trial,0.0,2025-09-23,2025-10-07,trial_ended,
sub_001902,org_01831,Trial,0.0,2025-03-12,2025-03-26,trial_ended,
sub_001903,org_01831,Starter,49.0,2025-03-28,,active,
sub_001904,org_01833,Trial,0.0,2025-03-06,2025-03-20,trial_ended,
sub_001905,org_01833,Starter,49.0,2025-03-21,2025-05-11,churned,Low adoption
sub_001906,org_01834,Trial,0.0,2025-07-16,2025-07-30,trial_ended,
sub_001907,org_01835,Trial,0.0,2025-08-15,2025-08-29,trial_ended,
sub_001908,org_01837,Trial,0.0,2025-08-19,2025-09-02,trial_ended,
sub_001909,org_01837,Business,399.0,2025-09-03,2025-12-11,churned,Budget
sub_001910,org_01838,Trial,0.0,2025-03-18,2025-04-01,trial_ended,
sub_001911,org_01839,Trial,0.0,2025-12-08,2025-12-22,trial_ended,
sub_001912,org_01840,Trial,0.0,2025-04-05,2025-04-19,trial_ended,
sub_001913,org_01840,Business,399.0,2025-04-20,,active,
sub_001914,org_01842,Trial,0.0,2025-12-10,2025-12-24,trial_ended,
sub_001915,org_01842,Growth,149.0,2025-12-26,,active,
sub_001916,org_01843,Trial,0.0,2025-12-08,2025-12-22,trial_ended,
sub_001917,org_01843,Business,399.0,2025-12-22,2026-02-05,churned,Budget
sub_001918,org_01845,Trial,0.0,2025-03-03,2025-03-17,trial_ended,
sub_001919,org_01846,Trial,0.0,2025-06-25,2025-07-09,trial_ended,
sub_001920,org_01846,Business,399.0,2025-07-11,,active,
sub_001921,org_01848,Trial,0.0,2025-10-31,2025-11-14,trial_ended,
sub_001922,org_01848,Starter,49.0,2025-11-15,,active,
sub_001923,org_01849,Trial,0.0,2025-06-10,2025-06-24,trial_ended,
sub_001924,org_01851,Trial,0.0,2025-06-28,2025-07-12,trial_ended,
sub_001925,org_01851,Growth,149.0,2025-07-14,,active,
sub_001926,org_01852,Trial,0.0,2025-06-15,2025-06-29,trial_ended,
sub_001927,org_01853,Trial,0.0,2025-03-17,2025-03-31,trial_ended,
sub_001928,org_01854,Trial,0.0,2025-10-18,2025-11-01,trial_ended,
sub_001929,org_01854,Starter,49.0,2025-11-01,,active,
sub_001930,org_01855,Trial,0.0,2025-10-02,2025-10-16,trial_ended,
sub_001931,org_01855,Starter,49.0,2025-10-16,2025-12-22,churned,Low adoption
sub_001932,org_01860,Trial,0.0,2025-04-03,2025-04-17,trial_ended,
sub_001933,org_01861,Trial,0.0,2025-09-19,2025-10-03,trial_ended,
sub_001934,org_01862,Trial,0.0,2025-01-27,2025-02-10,trial_ended,
sub_001935,org_01862,Growth,149.0,2025-02-13,,active,
sub_001936,org_01865,Trial,0.0,2025-06-10,2025-06-24,trial_ended,
sub_001937,org_01865,Growth,149.0,2025-06-25,2025-08-17,churned,Low adoption
sub_001938,org_01872,Trial,0.0,2025-01-23,2025-02-06,trial_ended,
sub_001939,org_01872,Growth,149.0,2025-02-07,,active,
sub_001940,org_01873,Trial,0.0,2025-06-03,2025-06-17,trial_ended,
sub_001941,org_01873,Growth,149.0,2025-06-20,,active,
sub_001942,org_01875,Trial,0.0,2025-07-09,2025-07-23,trial_ended,
sub_001943,org_01875,Business,399.0,2025-07-23,,active,
sub_001944,org_01876,Trial,0.0,2025-11-15,2025-11-29,trial_ended,
sub_001945,org_01878,Trial,0.0,2025-09-30,2025-10-14,trial_ended,
sub_001946,org_01879,Trial,0.0,2025-03-15,2025-03-29,trial_ended,
sub_001947,org_01879,Growth,149.0,2025-04-01,,active,
sub_001948,org_01882,Trial,0.0,2025-04-12,2025-04-26,trial_ended,
sub_001949,org_01884,Trial,0.0,2025-07-28,2025-08-11,trial_ended,
sub_001950,org_01884,Business,399.0,2025-08-14,,active,
sub_001951,org_01885,Trial,0.0,2025-03-09,2025-03-23,trial_ended,
sub_001952,org_01885,Business,399.0,2025-03-23,,active,
sub_001953,org_01886,Trial,0.0,2025-04-13,2025-04-27,trial_ended,
sub_001954,org_01886,Business,399.0,2025-04-28,,active,
sub_001955,org_01888,Trial,0.0,2025-09-12,2025-09-26,trial_ended,
sub_001956,org_01889,Trial,0.0,2025-04-12,2025-04-26,trial_ended,
sub_001957,org_01889,Starter,49.0,2025-04-27,2025-05-31,churned,
sub_001958,org_01891,Trial,0.0,2025-12-04,2025-12-18,trial_ended,
sub_001959,org_01891,Starter,49.0,2025-12-19,,active,
sub_001960,org_01893,Trial,0.0,2025-07-24,2025-08-07,trial_ended,
sub_001961,org_01894,Trial,0.0,2025-09-11,2025-09-25,trial_ended,
sub_001962,org_01894,Starter,49.0,2025-09-27,,active,
sub_001963,org_01896,Trial,0.0,2025-03-13,2025-03-27,trial_ended,
sub_001964,org_01896,Starter,49.0,2025-03-30,,active,
sub_001965,org_01897,Trial,0.0,2025-03-01,2025-03-15,trial_ended,
sub_001966,org_01897,Enterprise,999.0,2025-03-16,2025-07-13,churned,Budget
sub_001967,org_01898,Trial,0.0,2025-02-16,2025-03-02,trial_ended,
sub_001968,org_01898,Business,399.0,2025-03-04,,active,
sub_001969,org_01899,Trial,0.0,2025-07-28,2025-08-11,trial_ended,
sub_001970,org_01899,Growth,149.0,2025-08-12,,active,
sub_001971,org_01901,Trial,0.0,2025-06-23,2025-07-07,trial_ended,
sub_001972,org_01901,Growth,149.0,2025-07-08,,active,
sub_001973,org_01902,Trial,0.0,2025-09-15,2025-09-29,trial_ended,
sub_001974,org_01902,Business,399.0,2025-09-29,,active,
sub_001975,org_01904,Trial,0.0,2025-03-02,2025-03-16,trial_ended,
sub_001976,org_01904,Business,399.0,2025-03-17,,active,
sub_001977,org_01906,Trial,0.0,2025-12-13,2025-12-27,trial_ended,
sub_001978,org_01907,Trial,0.0,2025-09-27,2025-10-11,trial_ended,
sub_001979,org_01910,Trial,0.0,2025-11-08,2025-11-22,trial_ended,
sub_001980,org_01911,Trial,0.0,2025-08-26,2025-09-09,trial_ended,
sub_001981,org_01911,Business,399.0,2025-09-10,2026-01-08,churned,Low adoption
sub_001982,org_01912,Trial,0.0,2025-10-21,2025-11-04,trial_ended,
sub_001983,org_01916,Trial,0.0,2025-02-17,2025-03-03,trial_ended,
sub_001984,org_01916,Enterprise,999.0,2025-03-03,,active,
sub_001985,org_01917,Trial,0.0,2025-04-18,2025-05-02,trial_ended,
sub_001986,org_01919,Trial,0.0,2025-04-23,2025-05-07,trial_ended,
sub_001987,org_01919,Business,399.0,2025-05-09,,active,
sub_001988,org_01920,Trial,0.0,2025-03-29,2025-04-12,trial_ended,
sub_001989,org_01920,Growth,149.0,2025-04-12,,active,
sub_001990,org_01921,Trial,0.0,2025-05-03,2025-05-17,trial_ended,
sub_001991,org_01921,Growth,149.0,2025-05-18,,active,
sub_001992,org_01925,Trial,0.0,2025-12-11,2025-12-25,trial_ended,
sub_001993,org_01927,Trial,0.0,2025-03-06,2025-03-20,trial_ended,
sub_001994,org_01927,Business,399.0,2025-03-21,,active,
sub_001995,org_01928,Trial,0.0,2025-07-26,2025-08-09,trial_ended,
sub_001996,org_01931,Trial,0.0,2025-11-08,2025-11-22,trial_ended,
sub_001997,org_01931,Growth,149.0,2025-11-22,,active,
sub_001998,org_01932,Trial,0.0,2025-04-09,2025-04-23,trial_ended,
sub_001999,org_01932,Starter,49.0,2025-04-26,2025-08-07,churned,Missing feature
sub_002000,org_01936,Trial,0.0,2025-04-05,2025-04-19,trial_ended,
sub_002001,org_01937,Trial,0.0,2025-04-16,2025-04-30,trial_ended,
sub_002002,org_01940,Trial,0.0,2025-08-20,2025-09-03,trial_ended,
sub_002003,org_01941,Trial,0.0,2025-08-17,2025-08-31,trial_ended,
sub_002004,org_01941,Starter,49.0,2025-09-01,,active,
sub_002005,org_01942,Trial,0.0,2025-05-24,2025-06-07,trial_ended,
sub_002006,org_01942,Business,399.0,2025-06-08,2025-10-05,churned,Missing feature
sub_002007,org_01943,Trial,0.0,2025-11-06,2025-11-20,trial_ended,
sub_002008,org_01944,Trial,0.0,2025-03-27,2025-04-10,trial_ended,
sub_002009,org_01944,Enterprise,999.0,2025-04-13,,active,
sub_002010,org_01946,Trial,0.0,2025-03-16,2025-03-30,trial_ended,
sub_002011,org_01946,Starter,49.0,2025-03-31,,active,
sub_002012,org_01947,Trial,0.0,2025-01-30,2025-02-13,trial_ended,
sub_002013,org_01948,Trial,0.0,2025-08-10,2025-08-24,trial_ended,
sub_002014,org_01949,Trial,0.0,2025-09-30,2025-10-14,trial_ended,
sub_002015,org_01951,Trial,0.0,2025-07-15,2025-07-29,trial_ended,
sub_002016,org_01953,Trial,0.0,2025-05-17,2025-05-31,trial_ended,
sub_002017,org_01955,Trial,0.0,2025-03-24,2025-04-07,trial_ended,
sub_002018,org_01955,Enterprise,999.0,2025-04-08,,active,
sub_002019,org_01956,Trial,0.0,2025-10-02,2025-10-16,trial_ended,
sub_002020,org_01956,Growth,149.0,2025-10-17,2026-01-12,churned,Budget
sub_002021,org_01959,Trial,0.0,2025-09-03,2025-09-17,trial_ended,
sub_002022,org_01959,Business,399.0,2025-09-19,2025-12-22,churned,Budget
sub_002023,org_01960,Trial,0.0,2025-03-16,2025-03-30,trial_ended,
sub_002024,org_01961,Trial,0.0,2025-04-08,2025-04-22,trial_ended,
sub_002025,org_01961,Growth,149.0,2025-04-25,,active,
sub_002026,org_01962,Trial,0.0,2025-04-16,2025-04-30,trial_ended,
sub_002027,org_01964,Trial,0.0,2025-02-10,2025-02-24,trial_ended,
sub_002028,org_01964,Growth,149.0,2025-02-27,,active,
sub_002029,org_01966,Trial,0.0,2025-09-03,2025-09-17,trial_ended,
sub_002030,org_01966,Growth,149.0,2025-09-17,,active,
sub_002031,org_01968,Trial,0.0,2025-10-05,2025-10-19,trial_ended,
sub_002032,org_01968,Growth,149.0,2025-10-20,2026-01-17,churned,
sub_002033,org_01969,Trial,0.0,2025-05-22,2025-06-05,trial_ended,
sub_002034,org_01969,Growth,149.0,2025-06-08,,active,
sub_002035,org_01970,Trial,0.0,2025-02-03,2025-02-17,trial_ended,
sub_002036,org_01970,Growth,149.0,2025-02-18,,active,
sub_002037,org_01971,Trial,0.0,2025-06-17,2025-07-01,trial_ended,
sub_002038,org_01972,Trial,0.0,2025-04-12,2025-04-26,trial_ended,
sub_002039,org_01973,Trial,0.0,2025-11-18,2025-12-02,trial_ended,
sub_002040,org_01974,Trial,0.0,2025-07-24,2025-08-07,trial_ended,
sub_002041,org_01974,Starter,49.0,2025-08-10,,active,
sub_002042,org_01975,Trial,0.0,2025-12-15,2025-12-29,trial_ended,
sub_002043,org_01975,Starter,49.0,2025-12-30,,active,
sub_002044,org_01977,Trial,0.0,2025-05-14,2025-05-28,trial_ended,
sub_002045,org_01977,Growth,149.0,2025-05-31,,active,
sub_002046,org_01979,Trial,0.0,2025-04-14,2025-04-28,trial_ended,
sub_002047,org_01979,Starter,49.0,2025-05-01,,active,
sub_002048,org_01980,Trial,0.0,2025-12-26,2026-01-09,trial_ended,
sub_002049,org_01981,Trial,0.0,2025-10-19,2025-11-02,trial_ended,
sub_002050,org_01981,Growth,149.0,2025-11-02,,active,
sub_002051,org_01982,Trial,0.0,2025-12-13,2025-12-27,trial_ended,
sub_002052,org_01983,Trial,0.0,2025-08-20,2025-09-03,trial_ended,
sub_002053,org_01983,Enterprise,999.0,2025-09-04,,active,
sub_002054,org_01984,Trial,0.0,2025-11-19,2025-12-03,trial_ended,
sub_002055,org_01984,Starter,49.0,2025-12-03,,active,
sub_002056,org_01988,Trial,0.0,2025-03-06,2025-03-20,trial_ended,
sub_002057,org_01988,Business,399.0,2025-03-21,,active,
sub_002058,org_01989,Trial,0.0,2025-02-11,2025-02-25,trial_ended,
sub_002059,org_01989,Growth,149.0,2025-02-26,,active,
sub_002060,org_01993,Trial,0.0,2025-11-01,2025-11-15,trial_ended,
sub_002061,org_01994,Trial,0.0,2025-06-12,2025-06-26,trial_ended,
sub_002062,org_01996,Trial,0.0,2025-05-06,2025-05-20,trial_ended,
sub_002063,org_01996,Business,399.0,2025-05-20,,active,
sub_002064,org_01997,Trial,0.0,2025-12-19,2026-01-02,trial_ended,
sub_002065,org_01999,Trial,0.0,2025-06-06,2025-06-20,trial_ended,
sub_002066,org_02000,Trial,0.0,2025-05-06,2025-05-20,trial_ended,
sub_002067,org_02001,Trial,0.0,2025-05-31,2025-06-14,trial_ended,
sub_002068,org_02003,Trial,0.0,2025-07-28,2025-08-11,trial_ended,
sub_002069,org_02003,Starter,49.0,2025-08-13,,active,
sub_002070,org_02004,Trial,0.0,2025-12-09,2025-12-23,trial_ended,
sub_002071,org_02004,Starter,49.0,2025-12-23,,active,
sub_002072,org_02005,Trial,0.0,2025-02-19,2025-03-05,trial_ended,
sub_002073,org_02005,Growth,149.0,2025-03-08,,active,
sub_002074,org_02008,Trial,0.0,2025-04-09,2025-04-23,trial_ended,
sub_002075,org_02011,Trial,0.0,2025-11-08,2025-11-22,trial_ended,
sub_002076,org_02011,Starter,49.0,2025-11-25,,active,
sub_002077,org_02012,Trial,0.0,2025-03-01,2025-03-15,trial_ended,
sub_002078,org_02013,Trial,0.0,2025-08-23,2025-09-06,trial_ended,
sub_002079,org_02013,Business,399.0,2025-09-09,,active,
sub_002080,org_02014,Trial,0.0,2025-01-12,2025-01-26,trial_ended,
sub_002081,org_02017,Trial,0.0,2025-10-25,2025-11-08,trial_ended,
sub_002082,org_02018,Trial,0.0,2025-06-20,2025-07-04,trial_ended,
sub_002083,org_02018,Growth,149.0,2025-07-04,2025-10-24,churned,Low adoption
sub_002084,org_02019,Trial,0.0,2025-10-18,2025-11-01,trial_ended,
sub_002085,org_02025,Trial,0.0,2025-05-30,2025-06-13,trial_ended,
sub_002086,org_02025,Growth,149.0,2025-06-14,,active,
sub_002087,org_02026,Trial,0.0,2025-04-14,2025-04-28,trial_ended,
sub_002088,org_02026,Starter,49.0,2025-04-29,,active,
sub_002089,org_02027,Trial,0.0,2025-08-26,2025-09-09,trial_ended,
sub_002090,org_02027,Starter,49.0,2025-09-11,,active,
sub_002091,org_02029,Trial,0.0,2025-11-13,2025-11-27,trial_ended,
sub_002092,org_02029,Growth,149.0,2025-11-27,,active,
sub_002093,org_02030,Trial,0.0,2025-07-24,2025-08-07,trial_ended,
sub_002094,org_02030,Growth,149.0,2025-08-08,,active,
sub_002095,org_02031,Trial,0.0,2025-01-30,2025-02-13,trial_ended,
sub_002096,org_02032,Trial,0.0,2025-08-24,2025-09-07,trial_ended,
sub_002097,org_02032,Starter,49.0,2025-09-10,,active,
sub_002098,org_02035,Trial,0.0,2025-10-18,2025-11-01,trial_ended,
sub_002099,org_02035,Growth,149.0,2025-11-03,,active,
sub_002100,org_02038,Trial,0.0,2025-01-20,2025-02-03,trial_ended,
sub_002101,org_02038,Growth,149.0,2025-02-04,,active,
sub_002102,org_02039,Trial,0.0,2025-04-06,2025-04-20,trial_ended,
sub_002103,org_02039,Growth,149.0,2025-04-23,,active,
sub_002104,org_02040,Trial,0.0,2025-06-20,2025-07-04,trial_ended,
sub_002105,org_02040,Starter,49.0,2025-07-05,,active,
sub_002106,org_02041,Trial,0.0,2025-08-03,2025-08-17,trial_ended,
sub_002107,org_02042,Trial,0.0,2025-10-07,2025-10-21,trial_ended,
sub_002108,org_02042,Business,399.0,2025-10-23,2026-02-11,churned,Missing feature
sub_002109,org_02043,Trial,0.0,2025-06-08,2025-06-22,trial_ended,
sub_002110,org_02044,Trial,0.0,2025-03-28,2025-04-11,trial_ended,
sub_002111,org_02045,Trial,0.0,2025-07-15,2025-07-29,trial_ended,
sub_002112,org_02046,Trial,0.0,2025-07-15,2025-07-29,trial_ended,
sub_002113,org_02046,Growth,149.0,2025-07-30,2025-09-06,churned,
sub_002114,org_02047,Trial,0.0,2025-02-25,2025-03-11,trial_ended,
sub_002115,org_02047,Starter,49.0,2025-03-12,2025-06-18,churned,Missing feature
sub_002116,org_02048,Trial,0.0,2025-11-20,2025-12-04,trial_ended,
sub_002117,org_02048,Starter,49.0,2025-12-06,,active,
sub_002118,org_02049,Trial,0.0,2025-01-09,2025-01-23,trial_ended,
sub_002119,org_02051,Trial,0.0,2025-05-06,2025-05-20,trial_ended,
sub_002120,org_02052,Trial,0.0,2025-02-18,2025-03-04,trial_ended,
sub_002121,org_02052,Starter,49.0,2025-03-07,2025-06-26,churned,Budget
sub_002122,org_02053,Trial,0.0,2025-08-17,2025-08-31,trial_ended,
sub_002123,org_02053,Business,399.0,2025-09-02,2025-12-05,churned,Low adoption
sub_002124,org_02055,Trial,0.0,2025-08-03,2025-08-17,trial_ended,
sub_002125,org_02055,Business,399.0,2025-08-17,,active,
sub_002126,org_02056,Trial,0.0,2025-11-14,2025-11-28,trial_ended,
sub_002127,org_02056,Growth,149.0,2025-11-28,,active,
sub_002128,org_02058,Trial,0.0,2025-01-10,2025-01-24,trial_ended,
sub_002129,org_02058,Business,399.0,2025-01-24,,active,
sub_002130,org_02059,Trial,0.0,2025-08-06,2025-08-20,trial_ended,
sub_002131,org_02059,Business,399.0,2025-08-22,,active,
sub_002132,org_02060,Trial,0.0,2025-12-28,2026-01-11,trial_ended,
sub_002133,org_02061,Trial,0.0,2025-01-06,2025-01-20,trial_ended,
sub_002134,org_02061,Growth,149.0,2025-01-22,2025-05-17,churned,
sub_002135,org_02063,Trial,0.0,2025-11-27,2025-12-11,trial_ended,
sub_002136,org_02063,Business,399.0,2025-12-14,,active,
sub_002137,org_02064,Trial,0.0,2025-09-02,2025-09-16,trial_ended,
sub_002138,org_02064,Growth,149.0,2025-09-19,2025-11-09,churned,
sub_002139,org_02065,Trial,0.0,2025-07-15,2025-07-29,trial_ended,
sub_002140,org_02066,Trial,0.0,2025-05-19,2025-06-02,trial_ended,
sub_002141,org_02066,Starter,49.0,2025-06-03,2025-08-21,churned,
sub_002142,org_02067,Trial,0.0,2025-05-17,2025-05-31,trial_ended,
sub_002143,org_02067,Starter,49.0,2025-06-01,,active,
sub_002144,org_02068,Trial,0.0,2025-08-15,2025-08-29,trial_ended,
sub_002145,org_02068,Business,399.0,2025-08-30,,active,
sub_002146,org_02069,Trial,0.0,2026-01-01,2026-01-15,trial_ended,
sub_002147,org_02069,Business,399.0,2026-01-18,,active,
sub_002148,org_02070,Trial,0.0,2025-03-03,2025-03-17,trial_ended,
sub_002149,org_02071,Trial,0.0,2025-01-09,2025-01-23,trial_ended,
sub_002150,org_02071,Growth,149.0,2025-01-23,2025-03-09,churned,Missing feature
sub_002151,org_02073,Trial,0.0,2025-05-18,2025-06-01,trial_ended,
sub_002152,org_02074,Trial,0.0,2025-02-13,2025-02-27,trial_ended,
sub_002153,org_02074,Growth,149.0,2025-02-28,2025-05-30,churned,Missing feature
sub_002154,org_02075,Trial,0.0,2025-03-31,2025-04-14,trial_ended,
sub_002155,org_02077,Trial,0.0,2025-06-27,2025-07-11,trial_ended,
sub_002156,org_02077,Growth,149.0,2025-07-11,,active,
sub_002157,org_02078,Trial,0.0,2025-05-18,2025-06-01,trial_ended,
sub_002158,org_02078,Growth,149.0,2025-06-04,2025-10-02,churned,Missing feature
sub_002159,org_02079,Trial,0.0,2026-01-02,2026-01-16,trial_ended,
sub_002160,org_02079,Starter,49.0,2026-01-17,,active,
sub_002161,org_02080,Trial,0.0,2025-02-14,2025-02-28,trial_ended,
sub_002162,org_02081,Trial,0.0,2025-10-04,2025-10-18,trial_ended,
sub_002163,org_02082,Trial,0.0,2025-11-08,2025-11-22,trial_ended,
sub_002164,org_02083,Trial,0.0,2025-03-05,2025-03-19,trial_ended,
sub_002165,org_02084,Trial,0.0,2025-06-18,2025-07-02,trial_ended,
sub_002166,org_02084,Growth,149.0,2025-07-05,,active,
sub_002167,org_02085,Trial,0.0,2025-12-26,2026-01-09,trial_ended,
sub_002168,org_02085,Enterprise,999.0,2026-01-11,,active,
sub_002169,org_02087,Trial,0.0,2025-10-27,2025-11-10,trial_ended,
sub_002170,org_02087,Starter,49.0,2025-11-11,,active,
sub_002171,org_02088,Trial,0.0,2025-05-25,2025-06-08,trial_ended,
sub_002172,org_02089,Trial,0.0,2025-03-23,2025-04-06,trial_ended,
sub_002173,org_02089,Enterprise,999.0,2025-04-06,,active,
sub_002174,org_02090,Trial,0.0,2025-03-28,2025-04-11,trial_ended,
sub_002175,org_02090,Growth,149.0,2025-04-12,,active,
sub_002176,org_02091,Trial,0.0,2025-01-24,2025-02-07,trial_ended,
sub_002177,org_02091,Growth,149.0,2025-02-07,,active,
sub_002178,org_02092,Trial,0.0,2025-04-21,2025-05-05,trial_ended,
sub_002179,org_02093,Trial,0.0,2025-03-08,2025-03-22,trial_ended,
sub_002180,org_02093,Starter,49.0,2025-03-25,,active,
sub_002181,org_02095,Trial,0.0,2025-04-11,2025-04-25,trial_ended,
sub_002182,org_02096,Trial,0.0,2025-09-25,2025-10-09,trial_ended,
sub_002183,org_02097,Trial,0.0,2025-12-25,2026-01-08,trial_ended,
sub_002184,org_02097,Growth,149.0,2026-01-10,,active,
sub_002185,org_02098,Trial,0.0,2025-03-14,2025-03-28,trial_ended,
sub_002186,org_02099,Trial,0.0,2025-12-05,2025-12-19,trial_ended,
sub_002187,org_02099,Business,399.0,2025-12-21,,active,
sub_002188,org_02103,Trial,0.0,2025-04-24,2025-05-08,trial_ended,
sub_002189,org_02103,Growth,149.0,2025-05-08,,active,
sub_002190,org_02104,Trial,0.0,2025-09-21,2025-10-05,trial_ended,
sub_002191,org_02105,Trial,0.0,2025-07-30,2025-08-13,trial_ended,
sub_002192,org_02105,Business,399.0,2025-08-13,,active,
sub_002193,org_02107,Trial,0.0,2025-12-26,2026-01-09,trial_ended,
sub_002194,org_02108,Trial,0.0,2025-02-23,2025-03-09,trial_ended,
sub_002195,org_02110,Trial,0.0,2025-01-20,2025-02-03,trial_ended,
sub_002196,org_02111,Trial,0.0,2025-12-22,2026-01-05,trial_ended,
sub_002197,org_02111,Growth,149.0,2026-01-07,,active,
sub_002198,org_02112,Trial,0.0,2025-12-01,2025-12-15,trial_ended,
sub_002199,org_02113,Trial,0.0,2025-09-20,2025-10-04,trial_ended,
sub_002200,org_02115,Trial,0.0,2025-10-26,2025-11-09,trial_ended,
sub_002201,org_02116,Trial,0.0,2025-09-10,2025-09-24,trial_ended,
sub_002202,org_02117,Trial,0.0,2025-07-24,2025-08-07,trial_ended,
sub_002203,org_02119,Trial,0.0,2025-02-10,2025-02-24,trial_ended,
sub_002204,org_02122,Trial,0.0,2025-12-05,2025-12-19,trial_ended,
sub_002205,org_02125,Trial,0.0,2025-07-19,2025-08-02,trial_ended,
sub_002206,org_02126,Trial,0.0,2025-12-30,2026-01-13,trial_ended,
sub_002207,org_02126,Starter,49.0,2026-01-14,,active,
sub_002208,org_02127,Trial,0.0,2025-12-16,2025-12-30,trial_ended,
sub_002209,org_02127,Growth,149.0,2026-01-01,,active,
sub_002210,org_02128,Trial,0.0,2025-03-21,2025-04-04,trial_ended,
sub_002211,org_02129,Trial,0.0,2025-09-24,2025-10-08,trial_ended,
sub_002212,org_02131,Trial,0.0,2025-07-17,2025-07-31,trial_ended,
sub_002213,org_02131,Enterprise,999.0,2025-08-02,2025-09-23,churned,Low adoption
sub_002214,org_02135,Trial,0.0,2025-12-30,2026-01-13,trial_ended,
sub_002215,org_02136,Trial,0.0,2025-10-23,2025-11-06,trial_ended,
sub_002216,org_02136,Growth,149.0,2025-11-09,,active,
sub_002217,org_02137,Trial,0.0,2025-06-26,2025-07-10,trial_ended,
sub_002218,org_02137,Growth,149.0,2025-07-11,,active,
sub_002219,org_02138,Trial,0.0,2025-03-29,2025-04-12,trial_ended,
sub_002220,org_02138,Enterprise,999.0,2025-04-12,,active,
sub_002221,org_02140,Trial,0.0,2025-05-30,2025-06-13,trial_ended,
sub_002222,org_02140,Starter,49.0,2025-06-14,,active,
sub_002223,org_02142,Trial,0.0,2025-01-16,2025-01-30,trial_ended,
sub_002224,org_02143,Trial,0.0,2025-07-23,2025-08-06,trial_ended,
sub_002225,org_02143,Starter,49.0,2025-08-08,,active,
sub_002226,org_02145,Trial,0.0,2025-03-13,2025-03-27,trial_ended,
sub_002227,org_02145,Growth,149.0,2025-03-29,,active,
sub_002228,org_02146,Trial,0.0,2025-10-28,2025-11-11,trial_ended,
sub_002229,org_02146,Growth,149.0,2025-11-11,2026-01-15,churned,
sub_002230,org_02148,Trial,0.0,2025-02-02,2025-02-16,trial_ended,
sub_002231,org_02149,Trial,0.0,2025-07-14,2025-07-28,trial_ended,
sub_002232,org_02149,Growth,149.0,2025-07-29,,active,
sub_002233,org_02151,Trial,0.0,2025-01-16,2025-01-30,trial_ended,
sub_002234,org_02151,Enterprise,999.0,2025-01-30,,active,
sub_002235,org_02152,Trial,0.0,2025-11-17,2025-12-01,trial_ended,
sub_002236,org_02152,Starter,49.0,2025-12-04,,active,
sub_002237,org_02153,Trial,0.0,2025-11-14,2025-11-28,trial_ended,
sub_002238,org_02154,Trial,0.0,2025-05-21,2025-06-04,trial_ended,
sub_002239,org_02154,Growth,149.0,2025-06-07,,active,
sub_002240,org_02155,Trial,0.0,2025-04-19,2025-05-03,trial_ended,
sub_002241,org_02155,Business,399.0,2025-05-05,,active,
sub_002242,org_02156,Trial,0.0,2025-03-03,2025-03-17,trial_ended,
sub_002243,org_02156,Growth,149.0,2025-03-17,2025-05-30,churned,
sub_002244,org_02157,Trial,0.0,2025-07-29,2025-08-12,trial_ended,
sub_002245,org_02158,Trial,0.0,2025-10-05,2025-10-19,trial_ended,
sub_002246,org_02158,Growth,149.0,2025-10-21,,active,
sub_002247,org_02159,Trial,0.0,2025-09-24,2025-10-08,trial_ended,
sub_002248,org_02159,Enterprise,999.0,2025-10-08,,active,
sub_002249,org_02160,Trial,0.0,2025-06-02,2025-06-16,trial_ended,
sub_002250,org_02161,Trial,0.0,2025-02-23,2025-03-09,trial_ended,
sub_002251,org_02162,Trial,0.0,2025-09-08,2025-09-22,trial_ended,
sub_002252,org_02162,Growth,149.0,2025-09-22,,active,
sub_002253,org_02163,Trial,0.0,2025-06-20,2025-07-04,trial_ended,
sub_002254,org_02163,Business,399.0,2025-07-05,,active,
sub_002255,org_02164,Trial,0.0,2025-08-19,2025-09-02,trial_ended,
sub_002256,org_02165,Trial,0.0,2025-08-14,2025-08-28,trial_ended,
sub_002257,org_02165,Business,399.0,2025-08-30,2025-12-17,churned,Missing feature
sub_002258,org_02166,Trial,0.0,2025-10-05,2025-10-19,trial_ended,
sub_002259,org_02167,Trial,0.0,2025-12-14,2025-12-28,trial_ended,
sub_002260,org_02167,Enterprise,999.0,2025-12-28,2026-03-21,churned,Budget
sub_002261,org_02169,Trial,0.0,2025-03-12,2025-03-26,trial_ended,
sub_002262,org_02169,Growth,149.0,2025-03-28,,active,
sub_002263,org_02173,Trial,0.0,2025-10-13,2025-10-27,trial_ended,
sub_002264,org_02173,Starter,49.0,2025-10-29,,active,
sub_002265,org_02174,Trial,0.0,2025-04-13,2025-04-27,trial_ended,
sub_002266,org_02174,Business,399.0,2025-04-27,,active,
sub_002267,org_02175,Trial,0.0,2025-10-03,2025-10-17,trial_ended,
sub_002268,org_02175,Business,399.0,2025-10-18,,active,
sub_002269,org_02176,Trial,0.0,2025-07-21,2025-08-04,trial_ended,
sub_002270,org_02177,Trial,0.0,2025-07-03,2025-07-17,trial_ended,
sub_002271,org_02178,Trial,0.0,2025-09-23,2025-10-07,trial_ended,
sub_002272,org_02178,Growth,149.0,2025-10-08,,active,
sub_002273,org_02179,Trial,0.0,2025-02-10,2025-02-24,trial_ended,
sub_002274,org_02179,Business,399.0,2025-02-24,,active,
sub_002275,org_02180,Trial,0.0,2025-01-05,2025-01-19,trial_ended,
sub_002276,org_02180,Business,399.0,2025-01-22,,active,
sub_002277,org_02181,Trial,0.0,2025-09-06,2025-09-20,trial_ended,
sub_002278,org_02182,Trial,0.0,2025-02-26,2025-03-12,trial_ended,
sub_002279,org_02182,Starter,49.0,2025-03-13,,active,
sub_002280,org_02184,Trial,0.0,2025-09-11,2025-09-25,trial_ended,
sub_002281,org_02184,Business,399.0,2025-09-25,,active,
sub_002282,org_02185,Trial,0.0,2025-12-08,2025-12-22,trial_ended,
sub_002283,org_02185,Growth,149.0,2025-12-22,2026-03-08,churned,Low adoption
sub_002284,org_02186,Trial,0.0,2025-03-26,2025-04-09,trial_ended,
sub_002285,org_02188,Trial,0.0,2025-12-15,2025-12-29,trial_ended,
sub_002286,org_02189,Trial,0.0,2025-07-08,2025-07-22,trial_ended,
sub_002287,org_02189,Growth,149.0,2025-07-25,2025-11-04,churned,
sub_002288,org_02190,Trial,0.0,2025-07-17,2025-07-31,trial_ended,
sub_002289,org_02190,Growth,149.0,2025-08-01,2025-10-19,churned,Low adoption
sub_002290,org_02191,Trial,0.0,2025-07-03,2025-07-17,trial_ended,
sub_002291,org_02193,Trial,0.0,2025-05-07,2025-05-21,trial_ended,
sub_002292,org_02193,Growth,149.0,2025-05-22,,active,
sub_002293,org_02194,Trial,0.0,2025-06-29,2025-07-13,trial_ended,
sub_002294,org_02195,Trial,0.0,2025-10-07,2025-10-21,trial_ended,
sub_002295,org_02195,Growth,149.0,2025-10-21,,active,
sub_002296,org_02196,Trial,0.0,2025-07-08,2025-07-22,trial_ended,
sub_002297,org_02197,Trial,0.0,2025-05-19,2025-06-02,trial_ended,
sub_002298,org_02197,Starter,49.0,2025-06-03,,active,
sub_002299,org_02199,Trial,0.0,2025-05-18,2025-06-01,trial_ended,
sub_002300,org_02199,Growth,149.0,2025-06-01,,active,
sub_002301,org_02200,Trial,0.0,2025-09-05,2025-09-19,trial_ended,
sub_002302,org_02200,Enterprise,999.0,2025-09-22,,active,
sub_002303,org_02202,Trial,0.0,2025-04-06,2025-04-20,trial_ended,
sub_002304,org_02202,Business,399.0,2025-04-22,,active,
sub_002305,org_02204,Trial,0.0,2025-07-18,2025-08-01,trial_ended,
sub_002306,org_02205,Trial,0.0,2025-02-26,2025-03-12,trial_ended,
sub_002307,org_02206,Trial,0.0,2025-03-10,2025-03-24,trial_ended,
sub_002308,org_02207,Trial,0.0,2025-01-12,2025-01-26,trial_ended,
sub_002309,org_02208,Trial,0.0,2025-12-07,2025-12-21,trial_ended,
sub_002310,org_02208,Growth,149.0,2025-12-23,,active,
sub_002311,org_02209,Trial,0.0,2025-08-08,2025-08-22,trial_ended,
sub_002312,org_02209,Business,399.0,2025-08-24,,active,
sub_002313,org_02211,Trial,0.0,2025-03-04,2025-03-18,trial_ended,
sub_002314,org_02213,Trial,0.0,2025-11-19,2025-12-03,trial_ended,
sub_002315,org_02214,Trial,0.0,2025-01-28,2025-02-11,trial_ended,
sub_002316,org_02215,Trial,0.0,2025-06-26,2025-07-10,trial_ended,
sub_002317,org_02217,Trial,0.0,2025-09-11,2025-09-25,trial_ended,
sub_002318,org_02217,Growth,149.0,2025-09-28,,active,
sub_002319,org_02220,Trial,0.0,2025-02-27,2025-03-13,trial_ended,
sub_002320,org_02220,Growth,149.0,2025-03-16,2025-04-29,churned,
sub_002321,org_02222,Trial,0.0,2025-06-15,2025-06-29,trial_ended,
sub_002322,org_02222,Growth,149.0,2025-06-30,,active,
sub_002323,org_02223,Trial,0.0,2025-05-10,2025-05-24,trial_ended,
sub_002324,org_02226,Trial,0.0,2025-02-09,2025-02-23,trial_ended,
sub_002325,org_02226,Growth,149.0,2025-02-25,,active,
sub_002326,org_02227,Trial,0.0,2025-12-26,2026-01-09,trial_ended,
sub_002327,org_02229,Trial,0.0,2025-02-09,2025-02-23,trial_ended,
sub_002328,org_02229,Business,399.0,2025-02-24,2025-06-24,churned,Low adoption
sub_002329,org_02230,Trial,0.0,2025-11-04,2025-11-18,trial_ended,
sub_002330,org_02230,Growth,149.0,2025-11-19,,active,
sub_002331,org_02233,Trial,0.0,2025-02-01,2025-02-15,trial_ended,
sub_002332,org_02233,Growth,149.0,2025-02-15,,active,
sub_002333,org_02235,Trial,0.0,2025-12-12,2025-12-26,trial_ended,
sub_002334,org_02235,Growth,149.0,2025-12-26,,active,
sub_002335,org_02236,Trial,0.0,2025-12-15,2025-12-29,trial_ended,
sub_002336,org_02237,Trial,0.0,2025-07-04,2025-07-18,trial_ended,
sub_002337,org_02237,Growth,149.0,2025-07-18,,active,
sub_002338,org_02238,Trial,0.0,2025-07-06,2025-07-20,trial_ended,
sub_002339,org_02238,Growth,149.0,2025-07-20,,active,
sub_002340,org_02239,Trial,0.0,2025-08-17,2025-08-31,trial_ended,
sub_002341,org_02240,Trial,0.0,2025-09-14,2025-09-28,trial_ended,
sub_002342,org_02240,Business,399.0,2025-10-01,,active,
sub_002343,org_02242,Trial,0.0,2025-12-03,2025-12-17,trial_ended,
sub_002344,org_02242,Growth,149.0,2025-12-20,,active,
sub_002345,org_02243,Trial,0.0,2025-03-15,2025-03-29,trial_ended,
sub_002346,org_02246,Trial,0.0,2025-12-06,2025-12-20,trial_ended,
sub_002347,org_02248,Trial,0.0,2025-07-19,2025-08-02,trial_ended,
sub_002348,org_02251,Trial,0.0,2025-12-01,2025-12-15,trial_ended,
sub_002349,org_02251,Business,399.0,2025-12-18,2026-03-26,churned,Budget
sub_002350,org_02252,Trial,0.0,2025-03-31,2025-04-14,trial_ended,
sub_002351,org_02252,Starter,49.0,2025-04-17,,active,
sub_002352,org_02253,Trial,0.0,2025-06-24,2025-07-08,trial_ended,
sub_002353,org_02253,Starter,49.0,2025-07-08,2025-10-31,churned,Low adoption
sub_002354,org_02256,Trial,0.0,2025-09-10,2025-09-24,trial_ended,
sub_002355,org_02256,Business,399.0,2025-09-25,2025-12-02,churned,Low adoption
sub_002356,org_02257,Trial,0.0,2025-07-20,2025-08-03,trial_ended,
sub_002357,org_02258,Trial,0.0,2025-10-07,2025-10-21,trial_ended,
sub_002358,org_02258,Business,399.0,2025-10-22,,active,
sub_002359,org_02260,Trial,0.0,2025-09-08,2025-09-22,trial_ended,
sub_002360,org_02261,Trial,0.0,2025-09-15,2025-09-29,trial_ended,
sub_002361,org_02261,Business,399.0,2025-09-29,2025-12-11,churned,Budget
sub_002362,org_02264,Trial,0.0,2025-03-23,2025-04-06,trial_ended,
sub_002363,org_02264,Growth,149.0,2025-04-08,,active,
sub_002364,org_02265,Trial,0.0,2025-10-02,2025-10-16,trial_ended,
sub_002365,org_02267,Trial,0.0,2025-02-17,2025-03-03,trial_ended,
sub_002366,org_02267,Business,399.0,2025-03-06,,active,
sub_002367,org_02270,Trial,0.0,2025-11-22,2025-12-06,trial_ended,
sub_002368,org_02270,Growth,149.0,2025-12-07,,active,
sub_002369,org_02273,Trial,0.0,2025-05-04,2025-05-18,trial_ended,
sub_002370,org_02274,Trial,0.0,2025-05-24,2025-06-07,trial_ended,
sub_002371,org_02274,Starter,49.0,2025-06-08,,active,
sub_002372,org_02276,Trial,0.0,2025-08-23,2025-09-06,trial_ended,
sub_002373,org_02277,Trial,0.0,2025-03-29,2025-04-12,trial_ended,
sub_002374,org_02277,Business,399.0,2025-04-14,,active,
sub_002375,org_02278,Trial,0.0,2025-11-30,2025-12-14,trial_ended,
sub_002376,org_02279,Trial,0.0,2025-04-28,2025-05-12,trial_ended,
sub_002377,org_02279,Business,399.0,2025-05-12,,active,
sub_002378,org_02280,Trial,0.0,2025-07-24,2025-08-07,trial_ended,
sub_002379,org_02280,Starter,49.0,2025-08-09,2025-10-14,churned,Budget
sub_002380,org_02281,Trial,0.0,2025-07-20,2025-08-03,trial_ended,
sub_002381,org_02281,Business,399.0,2025-08-04,2025-10-31,churned,Missing feature
sub_002382,org_02282,Trial,0.0,2025-03-24,2025-04-07,trial_ended,
sub_002383,org_02283,Trial,0.0,2025-03-02,2025-03-16,trial_ended,
sub_002384,org_02284,Trial,0.0,2025-01-25,2025-02-08,trial_ended,
sub_002385,org_02284,Starter,49.0,2025-02-08,,active,
sub_002386,org_02288,Trial,0.0,2025-12-25,2026-01-08,trial_ended,
sub_002387,org_02288,Growth,149.0,2026-01-10,,active,
sub_002388,org_02289,Trial,0.0,2025-01-29,2025-02-12,trial_ended,
sub_002389,org_02289,Growth,149.0,2025-02-12,2025-06-10,churned,Missing feature
sub_002390,org_02292,Trial,0.0,2025-12-18,2026-01-01,trial_ended,
sub_002391,org_02292,Growth,149.0,2026-01-03,2026-02-25,churned,Low adoption
sub_002392,org_02293,Trial,0.0,2025-06-29,2025-07-13,trial_ended,
sub_002393,org_02293,Starter,49.0,2025-07-14,,active,
sub_002394,org_02294,Trial,0.0,2025-10-31,2025-11-14,trial_ended,
sub_002395,org_02294,Business,399.0,2025-11-17,2025-12-27,churned,Missing feature
sub_002396,org_02295,Trial,0.0,2025-07-29,2025-08-12,trial_ended,
sub_002397,org_02295,Business,399.0,2025-08-15,,active,
sub_002398,org_02296,Trial,0.0,2025-08-25,2025-09-08,trial_ended,
sub_002399,org_02296,Business,399.0,2025-09-10,,active,
sub_002400,org_02297,Trial,0.0,2025-01-26,2025-02-09,trial_ended,
sub_002401,org_02297,Business,399.0,2025-02-09,,active,
sub_002402,org_02298,Trial,0.0,2025-03-22,2025-04-05,trial_ended,
sub_002403,org_02298,Starter,49.0,2025-04-07,2025-05-07,churned,Low adoption
sub_002404,org_02301,Trial,0.0,2025-02-20,2025-03-06,trial_ended,
sub_002405,org_02301,Business,399.0,2025-03-08,2025-05-03,churned,Missing feature
sub_002406,org_02302,Trial,0.0,2025-04-11,2025-04-25,trial_ended,
sub_002407,org_02303,Trial,0.0,2025-05-31,2025-06-14,trial_ended,
sub_002408,org_02303,Business,399.0,2025-06-17,,active,
sub_002409,org_02304,Trial,0.0,2025-03-13,2025-03-27,trial_ended,
sub_002410,org_02304,Growth,149.0,2025-03-28,,active,
sub_002411,org_02305,Trial,0.0,2025-06-04,2025-06-18,trial_ended,
sub_002412,org_02305,Enterprise,999.0,2025-06-18,,active,
sub_002413,org_02306,Trial,0.0,2025-07-07,2025-07-21,trial_ended,
sub_002414,org_02307,Trial,0.0,2025-02-16,2025-03-02,trial_ended,
sub_002415,org_02307,Starter,49.0,2025-03-05,,active,
sub_002416,org_02308,Trial,0.0,2025-08-16,2025-08-30,trial_ended,
sub_002417,org_02308,Growth,149.0,2025-08-30,2025-12-02,churned,Low adoption
sub_002418,org_02309,Trial,0.0,2025-01-29,2025-02-12,trial_ended,
sub_002419,org_02309,Growth,149.0,2025-02-14,,active,
sub_002420,org_02310,Trial,0.0,2025-10-25,2025-11-08,trial_ended,
sub_002421,org_02311,Trial,0.0,2025-07-21,2025-08-04,trial_ended,
sub_002422,org_02311,Business,399.0,2025-08-05,,active,
sub_002423,org_02312,Trial,0.0,2025-06-29,2025-07-13,trial_ended,
sub_002424,org_02312,Growth,149.0,2025-07-13,,active,
sub_002425,org_02317,Trial,0.0,2025-07-18,2025-08-01,trial_ended,
sub_002426,org_02321,Trial,0.0,2025-10-19,2025-11-02,trial_ended,
sub_002427,org_02321,Business,399.0,2025-11-02,,active,
sub_002428,org_02322,Trial,0.0,2025-02-04,2025-02-18,trial_ended,
sub_002429,org_02322,Business,399.0,2025-02-19,,active,
sub_002430,org_02323,Trial,0.0,2025-06-22,2025-07-06,trial_ended,
sub_002431,org_02323,Business,399.0,2025-07-07,2025-09-09,churned,Budget
sub_002432,org_02324,Trial,0.0,2025-07-13,2025-07-27,trial_ended,
sub_002433,org_02324,Growth,149.0,2025-07-30,,active,
sub_002434,org_02326,Trial,0.0,2025-02-16,2025-03-02,trial_ended,
sub_002435,org_02326,Business,399.0,2025-03-02,,active,
sub_002436,org_02328,Trial,0.0,2025-03-14,2025-03-28,trial_ended,
sub_002437,org_02328,Business,399.0,2025-03-28,2025-06-22,churned,Low adoption
sub_002438,org_02329,Trial,0.0,2025-09-04,2025-09-18,trial_ended,
sub_002439,org_02329,Starter,49.0,2025-09-19,,active,
sub_002440,org_02330,Trial,0.0,2025-11-02,2025-11-16,trial_ended,
sub_002441,org_02330,Business,399.0,2025-11-19,,active,
sub_002442,org_02331,Trial,0.0,2025-10-07,2025-10-21,trial_ended,
sub_002443,org_02331,Enterprise,999.0,2025-10-23,,active,
sub_002444,org_02333,Trial,0.0,2025-10-24,2025-11-07,trial_ended,
sub_002445,org_02334,Trial,0.0,2025-12-12,2025-12-26,trial_ended,
sub_002446,org_02334,Growth,149.0,2025-12-29,,active,
sub_002447,org_02335,Trial,0.0,2025-09-08,2025-09-22,trial_ended,
sub_002448,org_02335,Starter,49.0,2025-09-24,2026-01-02,churned,Low adoption
sub_002449,org_02336,Trial,0.0,2025-03-29,2025-04-12,trial_ended,
sub_002450,org_02336,Growth,149.0,2025-04-12,,active,
sub_002451,org_02337,Trial,0.0,2025-07-12,2025-07-26,trial_ended,
sub_002452,org_02338,Trial,0.0,2025-08-14,2025-08-28,trial_ended,
sub_002453,org_02340,Trial,0.0,2025-02-16,2025-03-02,trial_ended,
sub_002454,org_02340,Growth,149.0,2025-03-02,,active,
sub_002455,org_02341,Trial,0.0,2025-10-30,2025-11-13,trial_ended,
sub_002456,org_02341,Starter,49.0,2025-11-14,,active,
sub_002457,org_02342,Trial,0.0,2025-02-04,2025-02-18,trial_ended,
sub_002458,org_02342,Starter,49.0,2025-02-21,,active,
sub_002459,org_02344,Trial,0.0,2025-09-10,2025-09-24,trial_ended,
sub_002460,org_02344,Starter,49.0,2025-09-26,,active,
sub_002461,org_02345,Trial,0.0,2025-12-21,2026-01-04,trial_ended,
sub_002462,org_02346,Trial,0.0,2025-03-15,2025-03-29,trial_ended,
sub_002463,org_02349,Trial,0.0,2025-04-12,2025-04-26,trial_ended,
sub_002464,org_02350,Trial,0.0,2025-10-28,2025-11-11,trial_ended,
sub_002465,org_02351,Trial,0.0,2025-11-18,2025-12-02,trial_ended,
sub_002466,org_02352,Trial,0.0,2025-02-05,2025-02-19,trial_ended,
sub_002467,org_02353,Trial,0.0,2025-05-11,2025-05-25,trial_ended,
sub_002468,org_02355,Trial,0.0,2025-06-02,2025-06-16,trial_ended,
sub_002469,org_02356,Trial,0.0,2025-11-27,2025-12-11,trial_ended,
sub_002470,org_02356,Growth,149.0,2025-12-12,2026-04-03,churned,Low adoption
sub_002471,org_02358,Trial,0.0,2025-03-08,2025-03-22,trial_ended,
sub_002472,org_02359,Trial,0.0,2025-11-15,2025-11-29,trial_ended,
sub_002473,org_02361,Trial,0.0,2025-12-20,2026-01-03,trial_ended,
sub_002474,org_02362,Trial,0.0,2025-07-01,2025-07-15,trial_ended,
sub_002475,org_02362,Growth,149.0,2025-07-18,,active,
sub_002476,org_02363,Trial,0.0,2025-09-17,2025-10-01,trial_ended,
sub_002477,org_02363,Starter,49.0,2025-10-01,,active,
sub_002478,org_02364,Trial,0.0,2025-04-08,2025-04-22,trial_ended,
sub_002479,org_02365,Trial,0.0,2025-05-12,2025-05-26,trial_ended,
sub_002480,org_02365,Business,399.0,2025-05-28,,active,
sub_002481,org_02366,Trial,0.0,2025-05-21,2025-06-04,trial_ended,
sub_002482,org_02366,Growth,149.0,2025-06-04,2025-10-01,churned,Missing feature
sub_002483,org_02367,Trial,0.0,2025-07-19,2025-08-02,trial_ended,
sub_002484,org_02367,Starter,49.0,2025-08-04,2025-09-26,churned,Missing feature
sub_002485,org_02369,Trial,0.0,2025-04-06,2025-04-20,trial_ended,
sub_002486,org_02370,Trial,0.0,2025-05-19,2025-06-02,trial_ended,
sub_002487,org_02370,Business,399.0,2025-06-05,2025-09-15,churned,
sub_002488,org_02371,Trial,0.0,2025-02-21,2025-03-07,trial_ended,
sub_002489,org_02373,Trial,0.0,2025-03-23,2025-04-06,trial_ended,
sub_002490,org_02373,Growth,149.0,2025-04-07,2025-06-03,churned,Missing feature
sub_002491,org_02375,Trial,0.0,2025-12-12,2025-12-26,trial_ended,
sub_002492,org_02376,Trial,0.0,2025-12-04,2025-12-18,trial_ended,
sub_002493,org_02376,Enterprise,999.0,2025-12-18,,active,
sub_002494,org_02377,Trial,0.0,2025-01-27,2025-02-10,trial_ended,
sub_002495,org_02378,Trial,0.0,2025-04-14,2025-04-28,trial_ended,
sub_002496,org_02378,Starter,49.0,2025-04-30,,active,
sub_002497,org_02379,Trial,0.0,2025-11-29,2025-12-13,trial_ended,
sub_002498,org_02379,Business,399.0,2025-12-16,,active,
sub_002499,org_02380,Trial,0.0,2025-10-14,2025-10-28,trial_ended,
sub_002500,org_02381,Trial,0.0,2025-04-17,2025-05-01,trial_ended,
sub_002501,org_02382,Trial,0.0,2025-08-22,2025-09-05,trial_ended,
sub_002502,org_02382,Starter,49.0,2025-09-05,,active,
sub_002503,org_02383,Trial,0.0,2025-08-25,2025-09-08,trial_ended,
sub_002504,org_02385,Trial,0.0,2025-07-18,2025-08-01,trial_ended,
sub_002505,org_02385,Growth,149.0,2025-08-04,2025-09-27,churned,Missing feature
sub_002506,org_02386,Trial,0.0,2025-04-24,2025-05-08,trial_ended,
sub_002507,org_02386,Starter,49.0,2025-05-10,,active,
sub_002508,org_02388,Trial,0.0,2025-06-24,2025-07-08,trial_ended,
sub_002509,org_02389,Trial,0.0,2026-01-02,2026-01-16,trial_ended,
sub_002510,org_02390,Trial,0.0,2025-08-17,2025-08-31,trial_ended,
sub_002511,org_02390,Business,399.0,2025-09-02,,active,
sub_002512,org_02391,Trial,0.0,2025-03-01,2025-03-15,trial_ended,
sub_002513,org_02391,Starter,49.0,2025-03-17,,active,
sub_002514,org_02392,Trial,0.0,2025-04-14,2025-04-28,trial_ended,
sub_002515,org_02393,Trial,0.0,2025-07-13,2025-07-27,trial_ended,
sub_002516,org_02394,Trial,0.0,2025-07-21,2025-08-04,trial_ended,
sub_002517,org_02394,Growth,149.0,2025-08-06,,active,
sub_002518,org_02395,Trial,0.0,2025-04-30,2025-05-14,trial_ended,
sub_002519,org_02395,Growth,149.0,2025-05-16,,active,
sub_002520,org_02396,Trial,0.0,2025-09-18,2025-10-02,trial_ended,
sub_002521,org_02400,Trial,0.0,2025-01-09,2025-01-23,trial_ended,
sub_002522,org_02400,Starter,49.0,2025-01-26,,active,
sub_002523,org_02402,Trial,0.0,2025-11-14,2025-11-28,trial_ended,
sub_002524,org_02402,Starter,49.0,2025-11-30,,active,
sub_002525,org_02403,Trial,0.0,2025-07-23,2025-08-06,trial_ended,
sub_002526,org_02403,Growth,149.0,2025-08-07,,active,
sub_002527,org_02405,Trial,0.0,2025-05-15,2025-05-29,trial_ended,
sub_002528,org_02405,Starter,49.0,2025-05-30,,active,
sub_002529,org_02406,Trial,0.0,2025-02-07,2025-02-21,trial_ended,
sub_002530,org_02406,Business,399.0,2025-02-22,,active,
sub_002531,org_02409,Trial,0.0,2025-07-04,2025-07-18,trial_ended,
sub_002532,org_02409,Growth,149.0,2025-07-21,,active,
sub_002533,org_02410,Trial,0.0,2025-11-11,2025-11-25,trial_ended,
sub_002534,org_02410,Enterprise,999.0,2025-11-28,,active,
sub_002535,org_02411,Trial,0.0,2025-01-28,2025-02-11,trial_ended,
sub_002536,org_02411,Starter,49.0,2025-02-11,,active,
sub_002537,org_02413,Trial,0.0,2025-11-25,2025-12-09,trial_ended,
sub_002538,org_02413,Growth,149.0,2025-12-09,,active,
sub_002539,org_02414,Trial,0.0,2026-01-01,2026-01-15,trial_ended,
sub_002540,org_02415,Trial,0.0,2025-04-14,2025-04-28,trial_ended,
sub_002541,org_02416,Trial,0.0,2025-12-12,2025-12-26,trial_ended,
sub_002542,org_02419,Trial,0.0,2025-10-20,2025-11-03,trial_ended,
sub_002543,org_02420,Trial,0.0,2025-08-05,2025-08-19,trial_ended,
sub_002544,org_02420,Starter,49.0,2025-08-21,,active,
sub_002545,org_02422,Trial,0.0,2025-07-20,2025-08-03,trial_ended,
sub_002546,org_02423,Trial,0.0,2025-11-20,2025-12-04,trial_ended,
sub_002547,org_02424,Trial,0.0,2025-03-05,2025-03-19,trial_ended,
sub_002548,org_02424,Starter,49.0,2025-03-19,,active,
sub_002549,org_02425,Trial,0.0,2025-05-11,2025-05-25,trial_ended,
sub_002550,org_02425,Growth,149.0,2025-05-28,2025-09-25,churned,
sub_002551,org_02426,Trial,0.0,2025-01-12,2025-01-26,trial_ended,
sub_002552,org_02426,Starter,49.0,2025-01-26,,active,
sub_002553,org_02427,Trial,0.0,2025-06-24,2025-07-08,trial_ended,
sub_002554,org_02427,Growth,149.0,2025-07-09,,active,
sub_002555,org_02428,Trial,0.0,2025-03-19,2025-04-02,trial_ended,
sub_002556,org_02430,Trial,0.0,2025-05-08,2025-05-22,trial_ended,
sub_002557,org_02433,Trial,0.0,2025-12-18,2026-01-01,trial_ended,
sub_002558,org_02435,Trial,0.0,2025-02-02,2025-02-16,trial_ended,
sub_002559,org_02436,Trial,0.0,2025-03-09,2025-03-23,trial_ended,
sub_002560,org_02437,Trial,0.0,2025-08-04,2025-08-18,trial_ended,
sub_002561,org_02437,Growth,149.0,2025-08-21,,active,
sub_002562,org_02438,Trial,0.0,2025-01-21,2025-02-04,trial_ended,
sub_002563,org_02439,Trial,0.0,2025-08-31,2025-09-14,trial_ended,
sub_002564,org_02440,Trial,0.0,2025-01-13,2025-01-27,trial_ended,
sub_002565,org_02440,Business,399.0,2025-01-27,,active,
sub_002566,org_02442,Trial,0.0,2025-10-16,2025-10-30,trial_ended,
sub_002567,org_02443,Trial,0.0,2025-04-02,2025-04-16,trial_ended,
sub_002568,org_02445,Trial,0.0,2025-05-03,2025-05-17,trial_ended,
sub_002569,org_02446,Trial,0.0,2025-03-24,2025-04-07,trial_ended,
sub_002570,org_02447,Trial,0.0,2025-04-28,2025-05-12,trial_ended,
sub_002571,org_02448,Trial,0.0,2025-09-07,2025-09-21,trial_ended,
sub_002572,org_02448,Business,399.0,2025-09-24,,active,
sub_002573,org_02449,Trial,0.0,2025-02-12,2025-02-26,trial_ended,
sub_002574,org_02450,Trial,0.0,2025-12-26,2026-01-09,trial_ended,
sub_002575,org_02450,Business,399.0,2026-01-12,,active,
sub_002576,org_02451,Trial,0.0,2025-07-15,2025-07-29,trial_ended,
sub_002577,org_02451,Starter,49.0,2025-07-31,,active,
sub_002578,org_02452,Trial,0.0,2025-04-28,2025-05-12,trial_ended,
sub_002579,org_02453,Trial,0.0,2025-06-19,2025-07-03,trial_ended,
sub_002580,org_02453,Starter,49.0,2025-07-06,,active,
sub_002581,org_02457,Trial,0.0,2025-05-01,2025-05-15,trial_ended,
sub_002582,org_02457,Business,399.0,2025-05-16,,active,
sub_002583,org_02458,Trial,0.0,2025-10-25,2025-11-08,trial_ended,
sub_002584,org_02459,Trial,0.0,2025-08-01,2025-08-15,trial_ended,
sub_002585,org_02460,Trial,0.0,2025-10-18,2025-11-01,trial_ended,
sub_002586,org_02462,Trial,0.0,2025-06-28,2025-07-12,trial_ended,
sub_002587,org_02463,Trial,0.0,2025-10-20,2025-11-03,trial_ended,
sub_002588,org_02466,Trial,0.0,2025-01-31,2025-02-14,trial_ended,
sub_002589,org_02467,Trial,0.0,2025-06-26,2025-07-10,trial_ended,
sub_002590,org_02468,Trial,0.0,2025-03-03,2025-03-17,trial_ended,
sub_002591,org_02468,Business,399.0,2025-03-19,,active,
sub_002592,org_02469,Trial,0.0,2025-09-04,2025-09-18,trial_ended,
sub_002593,org_02469,Business,399.0,2025-09-21,2025-11-04,churned,
sub_002594,org_02472,Trial,0.0,2025-06-05,2025-06-19,trial_ended,
sub_002595,org_02473,Trial,0.0,2025-03-12,2025-03-26,trial_ended,
sub_002596,org_02473,Business,399.0,2025-03-29,,active,
sub_002597,org_02474,Trial,0.0,2026-01-01,2026-01-15,trial_ended,
sub_002598,org_02475,Trial,0.0,2025-10-30,2025-11-13,trial_ended,
sub_002599,org_02475,Starter,49.0,2025-11-13,,active,
sub_002600,org_02476,Trial,0.0,2025-10-09,2025-10-23,trial_ended,
sub_002601,org_02476,Starter,49.0,2025-10-24,2026-02-14,churned,Missing feature
sub_002602,org_02477,Trial,0.0,2025-12-04,2025-12-18,trial_ended,
sub_002603,org_02481,Trial,0.0,2025-07-12,2025-07-26,trial_ended,
sub_002604,org_02481,Growth,149.0,2025-07-26,,active,
sub_002605,org_02482,Trial,0.0,2025-09-22,2025-10-06,trial_ended,
sub_002606,org_02482,Starter,49.0,2025-10-06,,active,
sub_002607,org_02484,Trial,0.0,2025-01-10,2025-01-24,trial_ended,
sub_002608,org_02487,Trial,0.0,2025-03-23,2025-04-06,trial_ended,
sub_002609,org_02488,Trial,0.0,2025-02-21,2025-03-07,trial_ended,
sub_002610,org_02488,Business,399.0,2025-03-09,,active,
sub_002611,org_02489,Trial,0.0,2025-05-27,2025-06-10,trial_ended,
sub_002612,org_02490,Trial,0.0,2025-11-11,2025-11-25,trial_ended,
sub_002613,org_02490,Starter,49.0,2025-11-28,,active,
sub_002614,org_02491,Trial,0.0,2025-04-17,2025-05-01,trial_ended,
sub_002615,org_02491,Growth,149.0,2025-05-02,,active,
sub_002616,org_02492,Trial,0.0,2025-02-28,2025-03-14,trial_ended,
sub_002617,org_02492,Business,399.0,2025-03-14,2025-06-01,churned,Low adoption
sub_002618,org_02493,Trial,0.0,2025-07-03,2025-07-17,trial_ended,
sub_002619,org_02493,Growth,149.0,2025-07-20,,active,
sub_002620,org_02495,Trial,0.0,2025-05-29,2025-06-12,trial_ended,
sub_002621,org_02495,Growth,149.0,2025-06-12,,active,
sub_002622,org_02496,Trial,0.0,2025-09-26,2025-10-10,trial_ended,
sub_002623,org_02497,Trial,0.0,2025-11-21,2025-12-05,trial_ended,
sub_002624,org_02499,Trial,0.0,2025-06-08,2025-06-22,trial_ended,
