revenue_event_id,lead_id,partner_id,revenue_timestamp,revenue_type,revenue_amount,transaction_status
REV86CA25105098,LE5F1B346047B,P002,2025-03-09 23:34:44 UTC,lead_sale,72.15,confirmed
REVED7FD2C6ACCB,L828F856B8E7D,P005,2025-03-13 07:50:16 UTC,lead_sale,112.37,confirmed
REV5B3C777AB7B6,LE2801816A349,P006,2025-02-14 07:52:28 UTC,lead_sale,123.99,confirmed
REV1EEF703EC8BD,L6FC05F7F9DBC,P010,2025-06-13 10:09:19 UTC,lead_sale,80.64,confirmed
REV135CC02E6A9C,LBF49096C152C,P008,2025-04-30 08:14:53 UTC,lead_sale,84.21,confirmed
REV0B818772A7A8,L535987ACD3BA,P005,2025-02-16 16:03:51 UTC,lead_sale,95.41,confirmed
REV2A5A938DB46B,L623B2E2D6F5E,P007,2025-02-23 13:09:39 UTC,lead_sale,150.67,confirmed
REVA7BFF6A2B105,L041D27D9B739,P001,2025-05-19 07:22:43 UTC,lead_sale,63.09,confirmed
REV20B65EA55BB7,L916550FFEB73,P005,2025-06-19 00:00:51 UTC,lead_sale,105.64,confirmed
REV8701A2E59791,LED2C636B2EBE,P003,2025-02-25 22:30:51 UTC,lead_sale,67.4,confirmed
REV07536BB0CEFD,L05C334B6D5D0,P010,2025-03-31 09:57:28 UTC,lead_sale,76.64,confirmed
REVA9B4124B8D22,L8A4DEAFBDFF5,P003,2025-02-26 11:36:43 UTC,lead_sale,63.85,confirmed
REVBC2E226260D8,L56E2BF478C5E,P009,2025-01-22 22:29:41 UTC,lead_sale,55.28,confirmed
REV9B8373727A64,L3CBDBC69CAA4,P010,2025-06-28 09:58:00 UTC,lead_sale,66.74,confirmed
REV1C566C3E84A9,L5A6CA0386788,P006,2025-01-05 08:04:02 UTC,lead_sale,109.62,confirmed
REVD69914D809A4,LA8795C4979E9,P005,2025-01-08 20:13:50 UTC,lead_sale,106.86,confirmed
REV6D7478743C3B,L65BE3EA9DCF2,P002,2025-04-21 18:44:36 UTC,lead_sale,69.32,confirmed
REV8F18B41C6159,L1BD96CB34CE9,P002,2025-02-06 08:54:30 UTC,lead_sale,86.28,confirmed
REVDD4F2BF6C4AF,L7A416BBAA325,P009,2025-05-29 19:36:36 UTC,lead_sale,69.3,confirmed
REV63C82E2E8055,L9C22A8FBFC6A,P003,2025-01-19 12:58:46 UTC,lead_sale,63.99,confirmed
REV8D1E989FFDFE,L0F19C320F0D1,P005,2025-02-23 21:19:08 UTC,lead_sale,96.37,confirmed
REV4E55C0A4835B,LC87DD412C0F3,P008,2025-03-26 16:28:01 UTC,lead_sale,74.15,confirmed
REV53896EEA8337,L13B0B251099F,P010,2025-03-04 22:07:19 UTC,lead_sale,69.06,confirmed
REVFC4BDC6B61E3,L652F750138D2,P010,2025-05-31 18:03:14 UTC,lead_sale,86.04,confirmed
REV4A7085F65983,LE6812C22C529,P008,2025-03-19 16:15:08 UTC,lead_sale,85.49,confirmed
REV4CCD3DF517C9,L8A956CAC4A65,P006,2025-04-11 15:22:26 UTC,lead_sale,130.37,confirmed
REVE8ADAB2B590A,L54714B1780E9,P003,2025-04-08 23:00:54 UTC,lead_sale,65.61,confirmed
REVBFCB7FA0EB23,L118380D00F65,P003,2025-04-22 14:20:46 UTC,lead_sale,66.15,confirmed
REV52C90DBEC449,L93F8A232BCAD,P002,2025-05-25 20:53:58 UTC,lead_sale,72.39,confirmed
REVD057668B760A,L3200E8785237,P001,2025-05-15 14:15:04 UTC,lead_sale,66.32,confirmed
REVEE8198459F0A,L2B162FA1244C,P001,2025-05-24 15:10:40 UTC,lead_sale,64.62,confirmed
REVC1CB3587620C,LD6847F7EA1B5,P001,2025-06-19 21:06:00 UTC,lead_sale,73.38,confirmed
REVC63076BBE0DC,L99335A4C6474,P010,2025-05-24 09:44:01 UTC,lead_sale,69.93,confirmed
REV6FF4340CF00A,L92591290A11A,P003,2025-06-16 19:03:29 UTC,lead_sale,75.21,confirmed
REV93B4DA08B605,LD69A45A4D3D7,P005,2025-01-31 12:24:38 UTC,lead_sale,120.18,confirmed
REVE7C3DA2D9C22,LC5167B8AFF88,P003,2025-05-30 11:10:59 UTC,lead_sale,67.65,confirmed
REV887E88FDE1DB,L8406DD7C7BFF,P003,2025-01-03 19:56:20 UTC,lead_sale,77.58,confirmed
REV81F9F790178E,L8E711D55CC0F,P009,2025-05-29 23:54:23 UTC,lead_sale,62.95,confirmed
REV0FEBF34D1FFC,LDECE37E0743A,P005,2025-02-27 23:55:20 UTC,lead_sale,122.29,confirmed
REVA599E9521A8A,L885954AB7326,P010,2025-05-30 16:03:06 UTC,lead_sale,70.22,confirmed
REV6B9C6693F68E,L0C4B1B843C0B,P006,2025-04-01 08:31:47 UTC,lead_sale,130.76,confirmed
REV558E312E3CDA,L71A7D9748882,P002,2025-02-02 08:56:12 UTC,lead_sale,89.42,confirmed
REV8CBA827370C4,LC21616896DF8,P001,2025-06-13 20:47:01 UTC,lead_sale,70.83,confirmed
REVDF081F80B3EE,L1AD4F197BD97,P002,2025-05-15 12:16:40 UTC,lead_sale,84.6,confirmed
REV3AD9421A1935,L35D77E5180BC,P003,2025-03-11 22:24:00 UTC,lead_sale,63.75,confirmed
REV2BD57D13F87C,L3861F21E2854,P001,2025-03-30 22:59:24 UTC,lead_sale,71.68,confirmed
REV190ADBA15617,L98C0EBB32FC3,P009,2025-06-20 17:35:25 UTC,lead_sale,54.82,confirmed
REV7C5A5E15AB6A,LA818D4CC07C5,P010,2025-03-30 20:36:41 UTC,lead_sale,85.27,confirmed
REVBB6C3DF0D6F4,LE27192BC622B,P001,2025-06-02 19:38:05 UTC,lead_sale,70.64,confirmed
REV7C64A12A614E,L36C905981A2A,P003,2025-03-04 11:20:44 UTC,lead_sale,65.51,confirmed
REV8ECAF0357A77,L013F0B7BC10F,P010,2025-05-11 09:34:40 UTC,lead_sale,75.81,confirmed
REV2D74D32E600D,L026027E6E92C,P001,2025-02-03 10:22:38 UTC,lead_sale,69.62,confirmed
REVC6221F360120,L621AF38ACE92,P010,2025-03-25 20:10:08 UTC,lead_sale,74.86,confirmed
REVFFF1DBCC14E3,L1C05B51FE21B,P009,2025-05-27 17:59:31 UTC,lead_sale,58.12,confirmed
REV882453E9CD0D,L6C6E00EEB595,P003,2025-01-30 23:48:03 UTC,lead_sale,70.19,confirmed
REV8A4F5B221189,L4BB5CA985ED4,P003,2025-06-27 09:48:26 UTC,lead_sale,77.17,confirmed
REV4E1A28A17EE4,L18005CE57C66,P002,2025-01-05 20:19:32 UTC,lead_sale,86.87,confirmed
REV543A1406E7FF,L7EB9DCDEE425,P002,2025-01-25 10:55:35 UTC,lead_sale,89.15,confirmed
REVFD61BBEE88BF,L5C60CCF2E8D7,P003,2025-01-05 10:11:16 UTC,lead_sale,72.7,confirmed
REV37966A9A0D3A,L6CAA73B70C2A,P002,2025-04-07 10:05:37 UTC,lead_sale,74.21,confirmed
REVA3EA4AB1DC93,L6FA1D1F31C61,P001,2025-02-13 13:06:06 UTC,lead_sale,71.06,confirmed
REV67BD16E2A3BA,LE23235801E4F,P010,2025-04-26 21:21:59 UTC,lead_sale,82.0,confirmed
REVBA54281FBADB,L4B5426318AB6,P002,2025-06-27 08:44:52 UTC,lead_sale,78.62,confirmed
REV5247545FDAFD,L3A5624FF9341,P006,2025-05-27 23:49:29 UTC,lead_sale,135.2,confirmed
REV6E9C4F287850,L101FBD87AA07,P002,2025-06-01 16:33:40 UTC,lead_sale,81.02,confirmed
REVFAAF40CE5C21,L120F8A3F8E92,P005,2025-05-28 22:03:24 UTC,lead_sale,107.29,confirmed
REV151A2587E261,L34C614F93A8E,P003,2025-06-15 11:40:42 UTC,lead_sale,66.02,confirmed
REV36019F6EC315,L98742538A0A2,P010,2025-04-27 12:12:55 UTC,lead_sale,82.35,confirmed
REV7657EC1C5705,L166272EC1A64,P010,2025-01-02 13:17:20 UTC,lead_sale,68.15,confirmed
REV219A7E97F5CC,LAECD2D1A8C68,P010,2025-06-09 20:59:24 UTC,lead_sale,82.01,confirmed
REV3F94E7A34AF3,L0404B128E77A,P002,2025-05-14 11:14:12 UTC,lead_sale,72.21,confirmed
REV9E0A4FF65F1E,L1FBE89D3EE46,P010,2025-01-07 11:17:35 UTC,lead_sale,84.1,confirmed
REV9903F0E13BE7,LF02E088CBEB8,P003,2025-02-12 20:12:08 UTC,lead_sale,74.22,confirmed
REV044EB5D0599A,L02E76B02FE2F,P002,2025-04-07 09:58:04 UTC,lead_sale,75.15,confirmed
REVC1A9F3359DA0,L724CC1B68B1E,P001,2025-02-23 19:44:36 UTC,lead_sale,70.74,confirmed
REV50830373A5C0,L7089541C07FF,P005,2025-04-21 08:02:17 UTC,lead_sale,125.92,confirmed
REVB7DB4E8FF6B7,L6508C09DD54F,P010,2025-04-29 21:58:11 UTC,lead_sale,64.89,confirmed
REV8D8FF8806CA8,L11C612595F7B,P002,2025-03-19 23:08:39 UTC,lead_sale,67.71,confirmed
REV45CD6EE7EE7B,L2B157DBEC740,P002,2025-04-25 19:10:10 UTC,lead_sale,76.05,confirmed
REV463BE69ECF69,LD5C3CBEA4E52,P002,2025-05-18 21:04:24 UTC,lead_sale,86.93,confirmed
REV791E1EE8312B,L97A13484E037,P010,2025-05-08 09:44:51 UTC,lead_sale,73.31,confirmed
REVC1A16490E13F,L900528E46A78,P003,2025-04-07 20:15:26 UTC,lead_sale,68.42,confirmed
REVCA38007B0037,LEBC50237100F,P006,2025-06-28 13:20:21 UTC,lead_sale,117.54,confirmed
REVCA50FB02091D,LBE3ED9962018,P010,2025-01-01 16:35:57 UTC,lead_sale,67.56,confirmed
REV9BFB3AD74CBC,L629162DBE2F2,P007,2025-04-25 21:43:15 UTC,lead_sale,152.17,confirmed
REVCFED1A7AA09C,L23A0373C6800,P010,2025-01-06 14:12:45 UTC,lead_sale,70.54,confirmed
REV7AC9BE714862,L27F41DDE1BD0,P005,2025-01-29 12:15:55 UTC,lead_sale,116.45,confirmed
REV4CA0A04D8DE6,L4F9BE6C9351A,P002,2025-04-19 12:47:58 UTC,lead_sale,83.85,confirmed
REVC0F1B6108978,LBD0E0536CD42,P005,2025-04-30 19:39:14 UTC,lead_sale,109.77,confirmed
REV00ACB5BC5139,LD5A67CE20B27,P010,2025-03-14 09:02:07 UTC,lead_sale,68.07,confirmed
REV6AA42FE7DCAF,LEEEB7BAA11EC,P010,2025-04-21 18:08:57 UTC,lead_sale,72.02,confirmed
REV4F519ADF83F0,L3DC53A3C1F07,P010,2025-03-19 18:47:53 UTC,lead_sale,73.75,confirmed
REV2FE03B57E27E,L8746C0771F5D,P009,2025-03-18 16:32:28 UTC,lead_sale,63.04,confirmed
REV98C041A8282E,LE358EDDAC635,P001,2025-04-30 13:32:34 UTC,lead_sale,59.37,confirmed
REV7BA9E1B662E1,LFEDD73AADB72,P005,2025-02-26 18:10:50 UTC,lead_sale,117.24,confirmed
REVD3C6BCAE7F53,L2AE794005347,P002,2025-01-06 20:28:30 UTC,lead_sale,83.01,confirmed
REV989D3A8F4194,L639CA2D2DCF4,P002,2025-01-15 21:55:13 UTC,lead_sale,79.02,confirmed
REVB975A1307729,L4EF4BD803624,P010,2025-04-15 12:41:07 UTC,lead_sale,65.89,confirmed
REV7132FEC21997,LEB09E8851DD4,P005,2025-01-10 09:08:07 UTC,lead_sale,108.44,confirmed
REVF07A7D807A1B,LE6672D150798,P002,2025-04-06 08:26:10 UTC,lead_sale,78.1,confirmed
REV0F35D5E8CEE8,LD60756F3874E,P010,2025-04-19 13:39:17 UTC,lead_sale,71.47,confirmed
REV4FAEFB98CD8C,L66846C9F3737,P010,2025-02-04 12:57:01 UTC,lead_sale,73.09,confirmed
REV1BD0DE20C377,L37BA56605907,P003,2025-02-19 19:15:30 UTC,lead_sale,72.74,confirmed
REV89BB1EAC6421,L739150E53601,P002,2025-02-13 20:32:37 UTC,lead_sale,77.39,confirmed
REV8900A2D5E432,L08F2D310BE73,P001,2025-04-28 15:02:56 UTC,lead_sale,77.24,confirmed
REV9C679DB7504E,L06BE4812DFC4,P008,2025-01-14 22:02:59 UTC,lead_sale,79.56,confirmed
REV8BEA8A74D043,L22F777CAD3F4,P003,2025-04-05 21:09:11 UTC,lead_sale,81.47,confirmed
REVE610211C7E36,LF686AE74A5A8,P005,2025-04-28 17:21:03 UTC,lead_sale,123.19,confirmed
REVFD6B8B163C98,L64C765E99526,P004,2025-01-13 20:40:20 UTC,lead_sale,91.31,confirmed
REVD04FBAF227F6,L4829DA236611,P002,2025-01-04 12:47:38 UTC,lead_sale,77.6,confirmed
REVEA80947E5012,LEFAB1BCEC619,P002,2025-04-18 10:53:26 UTC,lead_sale,79.69,confirmed
REV5C72FBE60D4E,L188B71CF0CC5,P003,2025-03-08 16:34:35 UTC,lead_sale,80.43,confirmed
REVE0394FAE9B5D,LE54B5CE3FE21,P002,2025-01-14 22:20:36 UTC,lead_sale,82.52,confirmed
REV5820FA7A9ABE,L1F316DC58173,P010,2025-01-07 19:53:07 UTC,lead_sale,80.96,confirmed
REVD727F0A63511,LFA587DA9FFA7,P002,2025-04-22 10:33:10 UTC,lead_sale,71.57,confirmed
REV51EA7E921468,L593F1A96BF6E,P006,2025-04-09 09:49:31 UTC,lead_sale,107.21,confirmed
REV8B0A36C6D1D0,L39C880F7AE81,P010,2025-05-10 16:05:52 UTC,lead_sale,83.42,confirmed
REVB941C7D9E95F,L49C39ABDEF41,P008,2025-02-11 14:10:11 UTC,lead_sale,77.79,confirmed
REV1BF2F27FE05C,L1342C357BEA3,P002,2025-06-04 15:36:10 UTC,lead_sale,73.67,confirmed
REV0D691ABD18A0,L1864DCDE639C,P007,2025-04-08 17:25:39 UTC,lead_sale,130.17,confirmed
REV493A741787E0,L015230B812F6,P006,2025-06-04 08:53:42 UTC,lead_sale,127.29,confirmed
REV46573642C8C1,L6EED7A69ADE3,P001,2025-03-22 09:34:15 UTC,lead_sale,64.77,confirmed
REV17190760C599,LB6D2320DB00E,P005,2025-04-13 13:31:17 UTC,lead_sale,105.72,confirmed
REVBA3E84FE5ADF,L06E89712DF73,P001,2025-03-24 14:56:07 UTC,lead_sale,58.91,confirmed
REV48B50B6C1D45,L4D12338FCBF7,P002,2025-04-27 11:57:30 UTC,lead_sale,85.31,confirmed
REV06250C293FF2,L3F75C5BF869B,P003,2025-03-02 21:18:35 UTC,lead_sale,72.19,confirmed
REV4CF9CDEB980C,LEDBECDE2AB77,P009,2025-02-18 13:35:12 UTC,lead_sale,59.39,confirmed
REV6C4DE48908A4,L45423C42189F,P010,2025-04-25 10:22:26 UTC,lead_sale,65.25,confirmed
REV1D82B33C4F5B,L939AD67A240E,P010,2025-05-03 12:28:22 UTC,lead_sale,78.98,confirmed
REV8E762F601443,LE44436CB9BFA,P002,2025-04-11 17:52:47 UTC,lead_sale,89.93,confirmed
REVC719939A21A2,L115754E40C7F,P003,2025-02-28 20:05:29 UTC,lead_sale,68.67,confirmed
REV1AA6ECC2F3D3,L660E267A58EB,P003,2025-04-10 11:43:12 UTC,lead_sale,80.16,confirmed
REVBA374D1EEE62,LDD12F9AAA0EE,P010,2025-03-03 13:13:06 UTC,lead_sale,84.66,confirmed
REV6AD9F9768CF1,L9EE9A1A01DEF,P002,2025-06-01 13:49:06 UTC,lead_sale,84.27,confirmed
REV9D6AF4CE8ABF,L2332607D9BF2,P008,2025-01-02 23:34:14 UTC,lead_sale,90.35,confirmed
REV65BFDB9BF6A2,L011E4FD5A78A,P010,2025-02-01 09:55:34 UTC,lead_sale,68.1,confirmed
REV326F51F2C6AB,L91FA591987B9,P010,2025-05-02 08:46:24 UTC,lead_sale,84.9,confirmed
REV11D0F4DB656E,L2133D642059C,P001,2025-01-23 18:30:07 UTC,lead_sale,75.42,confirmed
REVDE345DCDEDBA,L69263F261C4B,P003,2025-06-15 21:13:27 UTC,lead_sale,79.45,confirmed
REVA00DD59F0E26,L8BFE3120BED7,P003,2025-02-16 19:42:52 UTC,lead_sale,65.48,confirmed
REVD90669E4E82E,L9FDDACA83090,P002,2025-02-13 10:18:21 UTC,lead_sale,70.01,confirmed
REV43DD9CD3C4D7,LEBAEB6C82DA2,P002,2025-05-07 08:56:55 UTC,lead_sale,69.46,confirmed
REV1717215BFB18,L5A8F9AEFC357,P010,2025-01-24 13:37:51 UTC,lead_sale,81.69,confirmed
REVE25D755441FA,L137250DB9679,P008,2025-02-09 19:15:52 UTC,lead_sale,87.34,confirmed
REV8B74CB999B7B,L939EF49FFDAD,P010,2025-01-10 11:04:30 UTC,lead_sale,84.74,confirmed
REV323B9888D50F,L906FC151088B,P002,2025-04-19 15:02:05 UTC,lead_sale,71.69,confirmed
REV3CD9E40701B0,L5AE8BC0DDF03,P009,2025-06-06 21:03:19 UTC,lead_sale,63.39,confirmed
REVC3A7943F8139,L7D9B8BEC70EC,P010,2025-02-02 08:43:42 UTC,lead_sale,85.66,confirmed
REV48CAA38CCBF5,LCACA70F0094B,P003,2025-04-21 15:39:49 UTC,lead_sale,76.02,confirmed
REV5C3979ADF8EF,LB6CA158E65B8,P003,2025-04-03 14:16:01 UTC,lead_sale,72.19,confirmed
REV9D1F096F0568,LEA20345B5882,P010,2025-04-04 19:46:27 UTC,lead_sale,67.72,confirmed
REV4334D7F142DF,L19F7503566E8,P005,2025-05-10 16:42:58 UTC,lead_sale,119.59,confirmed
REV72A53BCF3EFC,LD796F18AECAA,P005,2025-05-19 14:46:40 UTC,lead_sale,112.54,confirmed
REV14E40A9BDD60,L7F1CCE239BEC,P002,2025-03-30 17:39:56 UTC,lead_sale,89.06,confirmed
REV217B1CC5E48E,LD7E2511CE7E1,P002,2025-05-11 12:12:28 UTC,lead_sale,89.24,confirmed
REV61B2B5A8FB66,L54B99628DACF,P002,2025-05-27 18:12:37 UTC,lead_sale,73.07,confirmed
REVABC339C58D20,LF721E0F6ECF6,P003,2025-02-10 16:46:24 UTC,lead_sale,80.41,confirmed
REV4B98EA0CA971,LE06EA94A3520,P010,2025-06-23 11:45:56 UTC,lead_sale,71.59,confirmed
REV6A75EB1BD0E8,L83272B544B72,P010,2025-02-25 09:08:26 UTC,lead_sale,75.56,confirmed
REVFCC92598E8A9,L6CCD607662DC,P004,2025-01-02 17:40:39 UTC,lead_sale,92.28,confirmed
REVF84C0DEBB4CA,L762C06E3CFDF,P003,2025-06-18 15:47:22 UTC,lead_sale,66.72,confirmed
REV225D7782BDD9,L3CAA5BA4A47C,P005,2025-05-16 15:59:50 UTC,lead_sale,110.96,confirmed
REV71F37B7F1C15,L5F9E1AA5B836,P002,2025-03-17 11:33:16 UTC,lead_sale,82.93,confirmed
REVB72D2561392F,L44B68ACB66A1,P010,2025-02-19 14:06:50 UTC,lead_sale,78.64,confirmed
REVECC2C636736E,LDFF6D837AB38,P007,2025-01-19 21:54:17 UTC,lead_sale,145.13,confirmed
REVF95264891FC0,LF4AF9FA455B9,P001,2025-06-30 11:43:21 UTC,lead_sale,71.91,confirmed
REV2E7A82C35AFA,LEE48342E184D,P009,2025-05-26 22:24:51 UTC,lead_sale,52.53,confirmed
REV0A37F8FF97B2,LABC2EEAF9204,P006,2025-02-08 20:25:40 UTC,lead_sale,127.61,confirmed
REV25BEB318C2D2,L7C09A62D5F61,P008,2025-02-05 13:15:37 UTC,lead_sale,93.31,confirmed
REV44B3BAD0D409,L3D4E4473BE2F,P001,2025-03-25 07:47:44 UTC,lead_sale,65.47,confirmed
REV8590985202EE,LB7543D75F94A,P008,2025-05-14 23:19:04 UTC,lead_sale,89.06,confirmed
REV5BD5617CB5E8,L660986018CCB,P008,2025-02-27 16:47:06 UTC,lead_sale,85.33,confirmed
REV0410E3F8D574,LC7B50B284D3D,P003,2025-06-21 10:30:25 UTC,lead_sale,67.06,confirmed
REV00B2B03530B1,L24EAAE1B8917,P007,2025-06-27 10:55:40 UTC,lead_sale,130.62,confirmed
REVFAE2999D8933,L17E2BAC39083,P003,2025-01-09 21:43:48 UTC,lead_sale,71.7,confirmed
REV2B6F8E2CF432,L8E9DBEB1CEA2,P008,2025-05-24 21:19:20 UTC,lead_sale,91.44,confirmed
REV2B2E2286AF96,LB56899711F31,P002,2025-06-14 23:51:04 UTC,lead_sale,72.0,confirmed
REV8B5F76F88F49,L2A8F8461BBE5,P003,2025-04-19 10:41:41 UTC,lead_sale,68.17,confirmed
REV87806D2FAEF7,LBFFB3032ED1A,P009,2025-05-29 13:24:03 UTC,lead_sale,65.18,confirmed
REV04F606896DFE,L2639BBB30CE3,P010,2025-03-12 19:28:00 UTC,lead_sale,79.49,confirmed
REV3C0B56E6F598,LC906029A0549,P002,2025-06-15 15:39:00 UTC,lead_sale,86.08,confirmed
REV4E1A62819242,L624536D5C777,P010,2025-01-24 08:54:17 UTC,lead_sale,65.52,confirmed
REV12138414C203,LBC7535668E7D,P002,2025-05-25 13:09:42 UTC,lead_sale,89.97,confirmed
REVBAA1E7C19C76,L8CF0BC93A0FF,P010,2025-06-16 15:32:31 UTC,lead_sale,71.49,confirmed
REV5E9E02099779,LDB8BCC7F9502,P009,2025-06-14 22:19:29 UTC,lead_sale,61.62,confirmed
REVF846AB4462D8,L67E92A3C020A,P006,2025-01-23 07:39:59 UTC,lead_sale,137.06,confirmed
REVDCE619C97A8F,LEF94C263FA85,P002,2025-02-09 13:54:50 UTC,lead_sale,89.51,confirmed
REV0C159575103D,LE29ADD49A053,P007,2025-05-25 10:34:20 UTC,lead_sale,146.45,confirmed
REVDC3173CD29A0,LAE1ADDA72433,P010,2025-01-21 11:06:32 UTC,lead_sale,76.24,confirmed
REVB7204BD91DFC,LAE0DCDAA4603,P002,2025-04-29 16:40:11 UTC,lead_sale,80.12,confirmed
REVD473E4389A66,L991319DE655B,P010,2025-04-14 09:42:23 UTC,lead_sale,79.4,confirmed
REVE44B9F97E331,LFCBE320E5CC5,P002,2025-04-24 09:02:40 UTC,lead_sale,80.95,confirmed
REV901D8930A6A6,L67B02FF835EB,P003,2025-03-24 13:00:50 UTC,lead_sale,66.36,confirmed
REV31A803EEB8CC,L33B4B7442369,P005,2025-01-04 08:58:59 UTC,lead_sale,118.93,confirmed
REV25753D39DB2E,L438ED1DA7F87,P003,2025-06-18 18:27:01 UTC,lead_sale,74.14,confirmed
REVE7CB033C81B1,L3DCF08EE834F,P005,2025-04-19 07:28:10 UTC,lead_sale,94.65,confirmed
REV2DE353D1A597,LAFF7312CE08E,P010,2025-04-15 14:20:16 UTC,lead_sale,71.53,confirmed
REV730FDA132C28,L2EF2DBFB6B3A,P010,2025-06-28 10:38:08 UTC,lead_sale,81.41,confirmed
REVD4FD26C9617A,L2E807406BF20,P010,2025-02-10 21:41:24 UTC,lead_sale,70.0,confirmed
REV75565E4C82A5,LDF338B54D65F,P002,2025-05-30 23:17:30 UTC,lead_sale,74.26,confirmed
REVA759FA0B0291,LF5F65C446E91,P009,2025-01-16 23:29:02 UTC,lead_sale,68.38,confirmed
REVD2AB503CE785,L93859D2D2F5E,P002,2025-01-20 19:19:15 UTC,lead_sale,75.03,confirmed
REVD16BF2F65049,L24DE31128B5C,P010,2025-06-15 22:13:25 UTC,lead_sale,72.39,confirmed
REV11ECD305291F,L76B9A862A413,P010,2025-06-04 12:23:50 UTC,lead_sale,78.94,confirmed
REV4BD9907CB6BC,LA83A3C179C01,P010,2025-03-24 12:49:52 UTC,lead_sale,79.55,confirmed
REVCB2D641FB9D2,L0707EBAD0480,P002,2025-01-09 09:23:38 UTC,lead_sale,78.48,confirmed
REVDA1086FE957B,L3E9962EBD6C5,P009,2025-04-18 10:13:32 UTC,lead_sale,60.2,confirmed
REV25B6CA353965,L3388069D8F1B,P002,2025-05-26 17:56:05 UTC,lead_sale,67.93,confirmed
REV294930F27C59,L8D2D519AECDE,P001,2025-01-13 12:12:29 UTC,lead_sale,77.22,confirmed
REV96F88B7FE72B,L7C0F2F22ED9C,P010,2025-01-24 08:22:30 UTC,lead_sale,70.09,confirmed
REV7D368B6D0FAB,L51B1DB1FAA93,P001,2025-03-29 11:18:51 UTC,lead_sale,72.41,confirmed
REV48FB1EA7363C,L5706F439DA6F,P002,2025-01-29 14:08:32 UTC,lead_sale,81.48,confirmed
REV34149F3D0E7D,L06762ED5AB30,P001,2025-04-20 14:12:34 UTC,lead_sale,77.9,confirmed
REV52B16C2589F4,L59C1C4DFEC9D,P003,2025-01-25 22:34:33 UTC,lead_sale,77.25,confirmed
REVAD7DFBD99E3A,LDF66322D2AAC,P006,2025-05-08 09:51:01 UTC,lead_sale,129.65,confirmed
REV920F1CE8FD52,L28F4BC28993E,P009,2025-03-21 14:42:47 UTC,lead_sale,68.09,confirmed
REV1ABB4007D4D8,L19E8A4675E9E,P002,2025-05-27 08:44:29 UTC,lead_sale,87.31,confirmed
REV99FD2E03C320,LBA48CCC825B2,P002,2025-03-20 09:55:26 UTC,lead_sale,72.69,confirmed
REV787A915EC6C5,LF264A929979A,P010,2025-04-30 17:26:41 UTC,lead_sale,69.24,confirmed
REV8CCBE3325732,L9939BF265B61,P002,2025-04-10 15:11:39 UTC,lead_sale,87.8,confirmed
REV2D8ED406A9A1,LD15B1D1D6C01,P002,2025-06-20 18:04:06 UTC,lead_sale,84.73,confirmed
REVBACAB1DE0CB2,L8002239C0137,P003,2025-05-28 13:19:58 UTC,lead_sale,64.66,confirmed
REV9C3AABD1C1A2,L4148A8C0DE13,P002,2025-04-17 23:35:13 UTC,lead_sale,82.34,confirmed
REV2DAAB82D66DB,L64E9007D2CC3,P002,2025-01-09 14:06:44 UTC,lead_sale,75.16,confirmed
REV918BBD4AADB9,L2DD9CBEEC9CB,P010,2025-02-19 16:47:08 UTC,lead_sale,75.76,confirmed
REVF8831530FCA3,L2154AE667390,P006,2025-03-14 21:20:09 UTC,lead_sale,117.4,confirmed
REV9080C2C2B380,L0CD1E766ACA4,P010,2025-06-29 10:48:53 UTC,lead_sale,73.48,confirmed
REV789C6388BABB,L949EDF514B76,P001,2025-06-29 13:33:35 UTC,lead_sale,62.84,confirmed
REVFAF4F8F19690,LC9211A2C7420,P010,2025-01-14 18:14:47 UTC,lead_sale,78.73,confirmed
REV52EEB5E101AA,LE776AA9BA61B,P003,2025-03-20 11:38:42 UTC,lead_sale,76.04,confirmed
REV57FC0660D0D1,L8979F911B182,P007,2025-04-09 11:43:23 UTC,lead_sale,135.02,confirmed
REV5849BBE83725,L90DE0583D186,P003,2025-05-13 22:36:34 UTC,lead_sale,68.67,confirmed
REVFC21C3577D57,L8272C6CA18FB,P010,2025-01-14 19:11:22 UTC,lead_sale,72.29,confirmed
REVDB0FE01B2885,L8CF124BA1239,P002,2025-06-18 19:10:28 UTC,lead_sale,76.23,confirmed
REV311D89847FE2,L3631BB4B975D,P010,2025-03-16 09:38:33 UTC,lead_sale,75.82,confirmed
REV34A08834B7C7,L9827C2903D11,P005,2025-04-09 21:07:39 UTC,lead_sale,107.4,confirmed
REVF46D3EA97D2D,LB6FC3AEB431D,P003,2025-04-20 19:39:13 UTC,lead_sale,71.32,confirmed
REV2DAC66B6F392,L973203F64AFF,P002,2025-02-20 12:43:16 UTC,lead_sale,67.99,confirmed
REVFB7D24BD15D9,L5EBAF9111B5D,P002,2025-04-12 07:58:45 UTC,lead_sale,89.57,confirmed
REV157A30B08AF2,LBD9D18A1F150,P004,2025-01-18 18:15:49 UTC,lead_sale,93.25,confirmed
REV3B96B606FEFC,L6703ACE42725,P005,2025-06-28 16:50:57 UTC,lead_sale,116.97,confirmed
REVEA217D37B96E,L5E13BFE65590,P002,2025-04-24 15:08:55 UTC,lead_sale,79.31,confirmed
REV640CF881DCD3,LD0F1CA396D3F,P002,2025-03-19 23:31:45 UTC,lead_sale,85.89,confirmed
REVAA8CF8B0EC8E,L0AD621482313,P003,2025-06-09 22:00:22 UTC,lead_sale,81.4,confirmed
REV9B2875A56898,LFAF95BA0FFD7,P002,2025-03-27 23:02:23 UTC,lead_sale,81.38,confirmed
REV68BF381C7307,L46A2F1B9D821,P010,2025-04-30 09:43:17 UTC,lead_sale,69.17,confirmed
REVBD4D71520E89,L6FA1A8C4F474,P002,2025-04-21 08:48:37 UTC,lead_sale,70.32,confirmed
REVF9DADB58D291,LFA98E846C3CE,P009,2025-06-22 08:39:18 UTC,lead_sale,55.41,confirmed
REVAD2618B10F9A,L62B55CE5DC8C,P007,2025-05-06 21:35:00 UTC,lead_sale,115.58,confirmed
REV463904A7F609,L92C6E3AA6384,P010,2025-03-14 16:57:55 UTC,lead_sale,78.86,confirmed
REVF3320D55251F,LD27F911E1FF9,P007,2025-06-29 19:39:04 UTC,lead_sale,133.39,confirmed
REVFBC24BD4111E,L94E0502C5105,P001,2025-04-03 13:04:38 UTC,lead_sale,64.39,confirmed
REVD636B2C24AAA,LB46942FACBB0,P003,2025-03-03 23:27:35 UTC,lead_sale,64.03,confirmed
REVC573D9173647,LF758F9D8FB0D,P001,2025-04-30 18:56:19 UTC,lead_sale,58.82,confirmed
REVFE5D2CC379B1,LAF3025C66A52,P003,2025-01-18 21:05:12 UTC,lead_sale,63.79,confirmed
REV4E5CF94A9B09,L13C98B124786,P005,2025-02-06 11:47:28 UTC,lead_sale,103.9,confirmed
REV9DB65CA9F52A,LA6AD7441C168,P006,2025-02-04 13:54:41 UTC,lead_sale,128.48,confirmed
REVB19899015D69,LDA7A5EBF0221,P003,2025-05-27 12:35:06 UTC,lead_sale,62.33,confirmed
REVEE548383FB9C,LCA61B073AE5E,P005,2025-02-07 16:25:24 UTC,lead_sale,121.23,confirmed
REVD801475A58E4,L75A6FCC6BBA0,P004,2025-04-30 13:47:31 UTC,lead_sale,111.55,confirmed
REV35273648035F,L058BA086CCE0,P002,2025-05-28 15:01:02 UTC,lead_sale,82.6,confirmed
REV8A0580FD8054,L8512CF231339,P008,2025-03-25 07:25:04 UTC,lead_sale,86.89,confirmed
REV6CC00EA6444D,L02511D1F9F50,P010,2025-01-09 23:24:57 UTC,lead_sale,77.14,confirmed
REV15D36C288F07,LC15E0A2A5D97,P001,2025-03-28 18:53:29 UTC,lead_sale,60.21,confirmed
REVA243A4B925F1,L72B4094410C0,P001,2025-05-19 18:29:01 UTC,lead_sale,69.08,confirmed
REV85CB64177706,L94A0A5802073,P001,2025-06-21 18:19:04 UTC,lead_sale,66.19,confirmed
REV366F7D452FAD,LEECFEA6A4C4D,P010,2025-03-14 13:31:03 UTC,lead_sale,84.13,confirmed
REVE76D92B5498E,LB2647F7E580C,P005,2025-04-29 15:12:37 UTC,lead_sale,104.02,confirmed
REV8E11D91F27B0,L0D8AAA324E47,P001,2025-05-23 21:10:08 UTC,lead_sale,66.43,confirmed
REV230B838D41C3,L4A34CED81C0F,P010,2025-01-06 16:09:11 UTC,lead_sale,84.19,confirmed
REVD6D9CA6338AE,L1DC66860CDB9,P003,2025-03-10 12:04:32 UTC,lead_sale,67.02,confirmed
REV33EA9355EE6B,LDDABE74C8336,P005,2025-06-28 17:38:41 UTC,lead_sale,96.16,confirmed
REVAA8C68041797,L8F15A5DF746C,P010,2025-05-19 23:31:12 UTC,lead_sale,85.6,confirmed
REV58C9B84B1ADC,LACA918591486,P010,2025-03-30 16:43:33 UTC,lead_sale,84.95,confirmed
REV6FD1114C98DC,LB7B4C4F21E99,P007,2025-04-29 17:59:24 UTC,lead_sale,135.82,confirmed
REV8B5F6E5B828F,L5B5C98CE0FB2,P010,2025-06-26 09:24:41 UTC,lead_sale,78.66,confirmed
REV2A946B41AFB0,L0F38B9F267FA,P002,2025-01-24 10:30:59 UTC,lead_sale,68.56,confirmed
REV8CF206518D12,L1E856FBA3C2A,P010,2025-05-19 14:50:57 UTC,lead_sale,69.49,confirmed
REV4F2F92C0E1BB,L092C6788BB94,P003,2025-05-18 14:17:51 UTC,lead_sale,66.9,confirmed
REVE691EFEFFBB5,L071335BEE0F6,P003,2025-06-23 09:22:48 UTC,lead_sale,73.92,confirmed
REVE5A27AD37CA8,L09D88AAF1CBE,P003,2025-03-18 11:40:20 UTC,lead_sale,67.29,confirmed
REV1D67BB6E7091,L379378CE7CCB,P002,2025-05-15 22:25:08 UTC,lead_sale,81.79,confirmed
REV4537CD792ED6,L8353A51C6A70,P004,2025-04-06 15:13:44 UTC,lead_sale,112.06,confirmed
REV257FC08915B9,L2D576D7B60A1,P007,2025-05-05 11:55:57 UTC,lead_sale,125.02,confirmed
REV5009B78A66E6,L1472879E58F5,P006,2025-03-25 17:08:00 UTC,lead_sale,115.53,confirmed
REVA19E7E670680,L6CBCCE4B5157,P010,2025-06-19 22:19:11 UTC,lead_sale,85.1,confirmed
REV40A4E4ACF9A7,L16EC40B495B9,P001,2025-04-16 15:13:41 UTC,lead_sale,70.88,confirmed
REV1D20373AA145,LFBC535C20056,P006,2025-04-25 14:57:27 UTC,lead_sale,129.1,confirmed
REV83303483B9DC,LC5455325A29E,P003,2025-05-23 20:39:45 UTC,lead_sale,64.14,confirmed
REVCEB2BB43039B,L585A70B7849C,P002,2025-02-05 15:00:01 UTC,lead_sale,71.82,confirmed
REV1299F5E4F248,L3DE03D5F9F60,P002,2025-02-19 17:14:57 UTC,lead_sale,78.46,confirmed
REVCA5791433A99,L33340FF753F8,P003,2025-05-22 22:41:52 UTC,lead_sale,68.44,confirmed
REV3C459F6197CC,LB61367EDABB7,P005,2025-04-05 12:54:25 UTC,lead_sale,99.12,confirmed
REVE8DCA2D41F11,L8BA2CB3753F3,P009,2025-03-08 15:45:42 UTC,lead_sale,61.42,confirmed
REVC1CF15EC9614,L2F1EDD991987,P008,2025-01-08 17:42:37 UTC,lead_sale,85.21,confirmed
REV7505D36BE36B,LB9F3FDD6B563,P010,2025-03-22 09:04:13 UTC,lead_sale,66.8,confirmed
REVE40B5A04C7AB,L27E8325B56A1,P003,2025-06-17 16:57:22 UTC,lead_sale,66.16,confirmed
REV34E6651AA688,LA1BC01B7A702,P009,2025-06-23 12:07:53 UTC,lead_sale,62.15,confirmed
REVE2A991A23F50,L688B3E85D629,P010,2025-03-17 16:38:04 UTC,lead_sale,85.57,confirmed
REVE7E606C783F4,L2ED0998F2D37,P003,2025-03-23 10:00:58 UTC,lead_sale,74.47,confirmed
REV87BCD5ECB4A8,LD2FF7B574F14,P005,2025-01-08 20:19:28 UTC,lead_sale,116.2,confirmed
REV88D59DA67C55,L0A7E24A3A2BD,P002,2025-04-02 15:42:52 UTC,lead_sale,87.24,confirmed
REV50C95FCBD69C,LEF0CCA8174AC,P002,2025-06-27 16:37:45 UTC,lead_sale,87.52,confirmed
REVDEAC2EE13544,LF76CFDD9B2C2,P002,2025-05-13 18:57:46 UTC,lead_sale,75.98,confirmed
REV6248CC86234F,L84C6271637CF,P010,2025-03-13 20:51:48 UTC,lead_sale,67.56,confirmed
REVFDC61F863075,L7C1100738D3B,P003,2025-02-07 17:33:16 UTC,lead_sale,68.54,confirmed
REVE961A0EF2280,L252C4F4AE316,P002,2025-03-20 15:10:26 UTC,lead_sale,76.54,confirmed
REVD0FE214E44A9,L14338F1E2200,P003,2025-03-08 23:08:15 UTC,lead_sale,76.35,confirmed
REV55A6FB8928DE,LAA2227C74F9B,P009,2025-03-29 18:38:27 UTC,lead_sale,65.04,confirmed
REV326CBA71B9FB,L2E22E586B146,P003,2025-04-25 13:34:07 UTC,lead_sale,65.7,confirmed
REV1ADDC28638BF,L6B1238F5B3B1,P002,2025-04-15 15:36:48 UTC,lead_sale,87.73,confirmed
REV9793BA2026C3,L9ABC69D771DA,P002,2025-03-20 09:06:08 UTC,lead_sale,89.28,confirmed
REV37AF1F3EAD71,L5A66665B19E3,P002,2025-06-15 15:09:38 UTC,lead_sale,80.66,confirmed
REV0F22B3163BC3,LD93E5894DC8F,P010,2025-02-25 20:50:28 UTC,lead_sale,68.07,confirmed
REVFF738281F5C3,L3ADA5C1A0E6B,P002,2025-04-21 17:17:22 UTC,lead_sale,83.78,confirmed
REV724C254FB737,LA21D5E2B230D,P002,2025-03-11 21:55:39 UTC,lead_sale,77.41,confirmed
REVC74C75E3D51A,LA9CFD275ED64,P002,2025-06-06 17:15:18 UTC,lead_sale,81.23,confirmed
REVB227F6AF3A08,L57FC28137F03,P009,2025-02-26 14:57:46 UTC,lead_sale,54.89,confirmed
REV6EE4A8CECDD8,LB821B03446CC,P002,2025-06-13 10:08:25 UTC,lead_sale,79.79,confirmed
REV817861909536,LFA87C58115AA,P001,2025-02-13 13:28:49 UTC,lead_sale,59.29,confirmed
REVCA81D8944A75,L9D85BA58DBC5,P003,2025-01-23 21:43:07 UTC,lead_sale,75.4,confirmed
REV893A2F9BF4B6,LD13BD8E72D2A,P003,2025-02-14 22:55:25 UTC,lead_sale,63.56,confirmed
REVB26704570CAC,L92075373BCE6,P001,2025-02-10 18:05:08 UTC,lead_sale,67.41,confirmed
REVFE65B7BF71DA,LCCD753DBC261,P003,2025-05-19 20:51:50 UTC,lead_sale,66.75,confirmed
REV89596825A508,LF7C1A86C671E,P002,2025-04-11 10:15:04 UTC,lead_sale,76.61,confirmed
REVA87C87A48A4C,LBE30DFECB66E,P002,2025-04-25 11:04:18 UTC,lead_sale,82.44,confirmed
REV2AC540DED9E8,LBDD7BB11D9A1,P003,2025-05-09 13:37:03 UTC,lead_sale,73.29,confirmed
REV24A482C653B2,LA343A6956D59,P002,2025-06-01 16:39:45 UTC,lead_sale,67.57,confirmed
REV42A6A623C67C,LEB2316BB84F0,P003,2025-01-08 10:59:21 UTC,lead_sale,77.66,confirmed
REVE49CAA0EE521,LCDD730B9EACB,P010,2025-03-21 23:32:30 UTC,lead_sale,67.75,confirmed
REVD94AF7F36194,LE70CCA40437F,P003,2025-06-05 12:08:55 UTC,lead_sale,78.34,confirmed
REV759B22359645,L8567A34C5AE7,P003,2025-04-03 12:59:17 UTC,lead_sale,67.21,confirmed
REVA9DBCAC443B5,LB090A0B230C4,P009,2025-05-11 18:15:19 UTC,lead_sale,66.28,confirmed
REV754AAB05CEDC,L68005D67BC12,P001,2025-06-09 11:32:30 UTC,lead_sale,62.66,confirmed
REVBA3F35575D9B,L736F0D26993C,P001,2025-06-27 14:00:17 UTC,lead_sale,59.57,confirmed
REV7C5C968A191F,LB269040B5A36,P009,2025-03-13 21:39:12 UTC,lead_sale,63.9,confirmed
REVD991942A862E,LC4E40D26F5AA,P010,2025-01-20 21:31:32 UTC,lead_sale,73.57,confirmed
REV539E64BFA285,LC664FF1AF831,P010,2025-06-12 12:37:58 UTC,lead_sale,70.44,confirmed
REVFC78B3AAB335,L3E34FB7D7843,P002,2025-05-15 17:28:12 UTC,lead_sale,83.27,confirmed
REVFA52F8DE2B89,L5027FC930AE0,P003,2025-04-29 16:47:20 UTC,lead_sale,69.04,confirmed
REVF02809ACAC45,LC2CA872B8E85,P010,2025-04-01 23:48:35 UTC,lead_sale,85.2,confirmed
REV4ADEC4CF61BB,L87B88A164013,P003,2025-01-22 16:47:55 UTC,lead_sale,64.17,confirmed
REV93AA09F29793,L883BF4E27FE6,P002,2025-06-21 22:32:49 UTC,lead_sale,77.35,confirmed
REV74876A23EA40,LE815E87BDDD9,P003,2025-05-21 15:38:58 UTC,lead_sale,62.53,confirmed
REV44AD31A178F8,L05ED6C2136CD,P003,2025-01-20 14:22:32 UTC,lead_sale,68.93,confirmed
REVAD1A128BF31A,L72D8D036593B,P010,2025-01-29 19:43:36 UTC,lead_sale,71.69,confirmed
REVE9FE6F080EED,L6E7878BECA6D,P003,2025-01-05 11:58:46 UTC,lead_sale,65.91,confirmed
REV7E0BD1F6B7DA,L298AF042333D,P003,2025-01-25 17:49:27 UTC,lead_sale,67.93,confirmed
REV52C91EAEA184,LD10223CB775D,P001,2025-04-26 18:36:16 UTC,lead_sale,59.22,confirmed
REV7E16120C48C2,LBA4A817275C1,P003,2025-04-24 18:15:46 UTC,lead_sale,68.7,confirmed
REVA8BBBBAA6914,L54C6AF35FFC3,P009,2025-02-09 22:20:08 UTC,lead_sale,63.98,confirmed
REV52F578D3E5EC,L5870D089FBF6,P009,2025-05-24 11:22:21 UTC,lead_sale,65.19,confirmed
REV5C9C4DB82D70,LD1A196855394,P008,2025-04-05 15:42:30 UTC,lead_sale,90.81,confirmed
REV9AF5BBBEB802,LF299B0E64A8B,P008,2025-04-02 07:36:42 UTC,lead_sale,72.77,confirmed
REV17F8936951AF,L85C467BEB9DC,P008,2025-05-28 17:10:48 UTC,lead_sale,77.32,confirmed
REVC1A07CC72D30,LC4A9ABD51B2E,P003,2025-06-06 17:02:04 UTC,lead_sale,72.57,confirmed
REV7FE421ADFB19,L207A7CB7C078,P003,2025-01-05 08:04:58 UTC,lead_sale,68.07,confirmed
REVF92720A69114,L0DFB8C2EDE47,P010,2025-03-01 14:08:03 UTC,lead_sale,81.73,confirmed
REV658168F44A12,L1C3B2193AE7D,P010,2025-03-22 08:17:43 UTC,lead_sale,67.12,confirmed
REVA2CD65F3E4BF,LEC9F5B720C7C,P002,2025-05-15 09:32:39 UTC,lead_sale,87.92,confirmed
REV2EB536314EC3,LCB09A8DF2157,P007,2025-04-28 14:30:36 UTC,lead_sale,129.69,confirmed
REV9D4F65C99609,LD2429BF867FC,P003,2025-02-03 22:44:30 UTC,lead_sale,68.91,confirmed
REV1172B1393704,L04DCD3DC9895,P010,2025-02-21 23:38:43 UTC,lead_sale,68.38,confirmed
REV5B2C67CA018C,LFCBB9AFFFA97,P001,2025-02-12 19:28:05 UTC,lead_sale,72.9,confirmed
REV7A680C4A62C8,LC8B3539790CD,P009,2025-06-06 13:57:22 UTC,lead_sale,53.43,confirmed
REVECA714A5C653,L6C3AE766A7F1,P002,2025-01-12 16:47:03 UTC,lead_sale,76.2,confirmed
REV7F77AD8B89F6,LFC9920E24EC0,P005,2025-05-01 20:00:20 UTC,lead_sale,116.96,confirmed
REV302FF4CB5D1A,L9CFF52E83F7A,P010,2025-01-27 22:02:08 UTC,lead_sale,86.36,confirmed
REV195508518B8A,L5F1EF8474FB8,P010,2025-05-22 13:18:30 UTC,lead_sale,73.38,confirmed
REV9B1B6BA20B60,LA840C23E0A6A,P007,2025-04-03 11:37:27 UTC,lead_sale,139.95,confirmed
REV892FB9E53952,LA093820EC4C6,P003,2025-04-09 15:36:42 UTC,lead_sale,70.71,confirmed
REVAB2D7747FE75,LCEC4FCEDDBBB,P002,2025-06-01 08:43:50 UTC,lead_sale,73.85,confirmed
REV58249F642CFB,LAAA1CF840860,P005,2025-05-25 23:13:37 UTC,lead_sale,113.67,confirmed
REVC20F307BBB33,LC6C378D7B26C,P010,2025-02-18 14:50:18 UTC,lead_sale,67.58,confirmed
REVAD3D9FC33DEB,LC484FB73EE54,P003,2025-05-31 19:55:29 UTC,lead_sale,76.74,confirmed
REV15061C2E9847,L9D86F83603CF,P009,2025-01-30 10:37:22 UTC,lead_sale,56.61,confirmed
REVF57A01F96DD7,L71E482639B43,P010,2025-03-18 17:53:59 UTC,lead_sale,77.37,confirmed
REVE86911FABC80,L08622D833218,P009,2025-03-06 13:24:44 UTC,lead_sale,67.79,confirmed
REV679AB8F8BEFA,LCB46C300FB61,P010,2025-02-01 16:45:09 UTC,lead_sale,74.28,confirmed
REV30FFE4A87F10,LAA6528C7273E,P009,2025-05-21 08:20:44 UTC,lead_sale,55.2,confirmed
REV052A97059AE8,L509576B4E06C,P005,2025-05-17 16:41:20 UTC,lead_sale,118.6,confirmed
REV56F3EA3FFFFC,L8A11957044D9,P003,2025-02-25 13:54:53 UTC,lead_sale,65.68,confirmed
REV36F4BF25B89E,LAC91BC37F253,P010,2025-03-16 12:20:30 UTC,lead_sale,75.0,confirmed
REVAF29E5DB9E98,LBC8816DB878E,P009,2025-04-19 20:25:05 UTC,lead_sale,62.04,confirmed
REV8E05FCBFDF43,L0248E0255AEF,P002,2025-05-11 12:51:11 UTC,lead_sale,68.71,confirmed
REV8A0CFD6BB6DA,L574462820AAA,P006,2025-06-26 20:02:57 UTC,lead_sale,109.64,confirmed
REV8CD54B3C49F8,L4E2148782277,P002,2025-02-16 11:45:17 UTC,lead_sale,87.99,confirmed
REV143FB50CD1BF,L429503461DDD,P003,2025-01-24 12:10:54 UTC,lead_sale,80.93,confirmed
REV96E4821A986D,L4CFED7622E2D,P002,2025-01-06 10:52:03 UTC,lead_sale,70.77,confirmed
REV8E8106A3400F,L541F39846302,P002,2025-06-02 13:41:32 UTC,lead_sale,77.32,confirmed
REV688510201AC4,L8A37FAB9B7F6,P001,2025-06-12 14:12:14 UTC,lead_sale,59.1,confirmed
REVB8C5FCEB83EB,L4D35E159C32C,P003,2025-02-11 22:27:26 UTC,lead_sale,64.69,confirmed
REVBA6B45B433A2,LA1899B0AF28A,P003,2025-05-21 13:23:18 UTC,lead_sale,62.01,confirmed
REVA514982400E0,L78ABE46B1114,P008,2025-02-22 20:21:58 UTC,lead_sale,72.9,confirmed
REV347322C0AD0C,LD3A7698FD100,P009,2025-01-01 15:12:39 UTC,lead_sale,68.17,confirmed
REV26E75561CADC,LDBAC8AF6D29B,P002,2025-04-22 22:53:29 UTC,lead_sale,88.55,confirmed
REV04169F50712A,L50D4A3E72A92,P005,2025-06-21 10:04:59 UTC,lead_sale,104.46,confirmed
REVE4BE43A04950,L7018EAAEDCE4,P002,2025-06-08 18:18:32 UTC,lead_sale,74.52,confirmed
REVBD8E736DCB2C,L067B14EAAD02,P005,2025-02-14 11:09:41 UTC,lead_sale,98.16,confirmed
REV13AC4F4C20E4,L5283EDF2CCD6,P003,2025-02-20 11:23:21 UTC,lead_sale,75.57,confirmed
REV88822D539F30,L83E31CC9A2E5,P010,2025-03-21 20:51:15 UTC,lead_sale,83.26,confirmed
REV7D18267384F4,LF7961891E655,P002,2025-05-07 10:23:25 UTC,lead_sale,71.37,confirmed
REVF4B30AE2BFE5,LADE6AE7502DB,P003,2025-06-22 14:13:09 UTC,lead_sale,73.59,confirmed
REV8E4570AEEA3E,L2EEEE21ED677,P001,2025-03-20 12:44:30 UTC,lead_sale,74.59,confirmed
REV683E08908696,L5CE72B4F7808,P005,2025-06-26 22:21:12 UTC,lead_sale,123.62,confirmed
REV989B1C1729C8,L5138486AE476,P010,2025-05-29 23:10:03 UTC,lead_sale,74.57,confirmed
REV87FCFAF1D44E,L58C20197ACD1,P002,2025-04-28 13:18:35 UTC,lead_sale,71.3,confirmed
REV3DEBAE9356CA,L2FFB1C99EF33,P005,2025-01-16 19:22:44 UTC,lead_sale,108.81,confirmed
REV61BF1CB0F1B4,LF242778A4980,P010,2025-04-14 10:03:46 UTC,lead_sale,67.12,confirmed
REVEDB78BD2D034,LE8DBF85586C9,P003,2025-06-23 09:14:12 UTC,lead_sale,75.49,confirmed
REVD1181EE5284F,L909B6B82A06E,P010,2025-03-09 21:22:14 UTC,lead_sale,73.38,confirmed
REV21143479BE1D,LE6596BA2860D,P002,2025-02-15 10:45:40 UTC,lead_sale,72.73,confirmed
REVD6349D6A4B82,LFC2F55D0BA5A,P001,2025-04-04 23:25:01 UTC,lead_sale,73.91,confirmed
REV57B9F41B94DA,L765E7D4157F3,P001,2025-01-07 21:05:57 UTC,lead_sale,76.48,confirmed
REV9842CD67B947,L022F006DFD7B,P009,2025-04-26 14:58:08 UTC,lead_sale,61.98,confirmed
REV2767C5AC3545,L69B012D18657,P005,2025-06-14 22:31:31 UTC,lead_sale,95.16,confirmed
REVCB8CE4A416AF,L23167DB4CA87,P005,2025-06-02 09:45:35 UTC,lead_sale,113.14,confirmed
REV43286FF502AE,L713AB9748103,P009,2025-03-07 09:12:23 UTC,lead_sale,57.95,confirmed
REVBE36E8835F0A,LB1BB8BD75DAE,P002,2025-06-11 20:12:46 UTC,lead_sale,89.83,confirmed
REV97FB4F3E83FF,LF6040CB1EF7C,P010,2025-01-24 09:21:02 UTC,lead_sale,67.06,confirmed
REVF95A0891365B,LC10846025E93,P001,2025-02-23 17:26:59 UTC,lead_sale,59.05,confirmed
REV0C36D40BB13D,LFB608AEDDBAA,P002,2025-05-23 09:01:33 UTC,lead_sale,74.79,confirmed
REV7A681F711521,LF1C6D5819A16,P001,2025-04-20 13:03:26 UTC,lead_sale,64.98,confirmed
REV42CCCE952D4C,LE9055CBC9D23,P003,2025-02-04 11:51:55 UTC,lead_sale,62.24,confirmed
REV66F0A453D65C,L1AF8B1C78146,P002,2025-01-23 21:28:04 UTC,lead_sale,77.71,confirmed
REV5C8C72B9B7C4,LB2022AEA8E1C,P003,2025-01-07 20:08:31 UTC,lead_sale,61.3,confirmed
REV2AF2557B382A,L70C44C24AE34,P007,2025-05-19 10:24:10 UTC,lead_sale,116.97,confirmed
REV462E0ED51D8B,LD2FA1043C0A8,P005,2025-05-11 08:57:20 UTC,lead_sale,114.64,confirmed
REV213A15B69534,L70F8C90C3FBB,P010,2025-03-26 10:07:25 UTC,lead_sale,66.6,confirmed
REVCEDF196D9234,L9D2C302DA243,P007,2025-05-11 09:14:36 UTC,lead_sale,118.87,confirmed
REV2E2C08365457,L15B851DAAE83,P002,2025-01-11 07:29:50 UTC,lead_sale,88.5,confirmed
REV090BA31F6321,L66A81526AFD6,P010,2025-05-27 22:51:36 UTC,lead_sale,76.83,confirmed
REV0ED11A60E61F,LC761B773337D,P002,2025-02-15 22:20:54 UTC,lead_sale,83.88,confirmed
REVD030BA1E62B6,L3CBB5796BFC7,P009,2025-04-15 18:30:25 UTC,lead_sale,61.18,confirmed
REV540BE5979272,L4AAE04CC3F68,P010,2025-03-28 13:16:23 UTC,lead_sale,82.1,confirmed
REV803159B51EF4,L4D9A08217294,P002,2025-01-19 23:17:43 UTC,lead_sale,85.16,confirmed
REV45C9EB2DD61B,L8A18174E22C9,P010,2025-06-19 10:10:05 UTC,lead_sale,66.88,confirmed
REV88B2BE25F962,L36D5A0F541CD,P005,2025-03-15 10:30:26 UTC,lead_sale,99.39,confirmed
REV316554821D06,LFEBFEAFC0FC9,P009,2025-06-06 14:17:59 UTC,lead_sale,69.03,confirmed
REVADB2F09732BD,L3F604AB384BE,P005,2025-01-12 15:13:36 UTC,lead_sale,120.02,confirmed
REV0C724855E9E2,L10D392039D11,P010,2025-05-14 17:25:55 UTC,lead_sale,74.85,confirmed
REV0D0A7FE4B9EC,LB59FF5FE3D5A,P005,2025-06-06 09:59:10 UTC,lead_sale,109.51,confirmed
REV82C1AA7DBD6E,LED117EDA8026,P002,2025-03-21 19:50:22 UTC,lead_sale,83.83,confirmed
REV3C2C0FB97E35,L40388EBAB971,P002,2025-05-28 16:23:03 UTC,lead_sale,79.51,confirmed
REV4370E8DEE49A,L8831AD20C204,P001,2025-04-24 22:44:25 UTC,lead_sale,77.77,confirmed
REVB37FD3F713EB,L60D04A49EEB3,P009,2025-05-05 15:49:00 UTC,lead_sale,63.11,confirmed
REV467889A9578D,L0F3B306C1B60,P003,2025-03-31 15:25:55 UTC,lead_sale,76.09,confirmed
REV60EAE0595433,LAAD67CF0E829,P010,2025-02-13 22:25:16 UTC,lead_sale,80.7,confirmed
REV7D4DBA6DE385,LE4D37F25ECDF,P002,2025-04-18 12:04:38 UTC,lead_sale,84.46,confirmed
REV6E7CA4ED92BD,LA38EE054F1E4,P010,2025-04-22 13:43:11 UTC,lead_sale,76.33,confirmed
REV0986BC611AB4,LC0BE14D2DA46,P001,2025-06-20 11:19:35 UTC,lead_sale,76.3,confirmed
REV0276DAEE5317,LDE745D25A88B,P002,2025-06-14 10:21:53 UTC,lead_sale,73.41,confirmed
REV230DACC8BC48,LD50928CE85EC,P009,2025-02-12 20:13:48 UTC,lead_sale,65.98,confirmed
REV044176054DB5,LE59113CF1AF1,P007,2025-01-23 12:54:21 UTC,lead_sale,128.87,confirmed
REV60E51BA71E9E,LFFE5670DCBC6,P010,2025-04-27 09:53:36 UTC,lead_sale,68.67,confirmed
REV007CA6EF039F,L37C53EBE3026,P002,2025-06-25 18:25:13 UTC,lead_sale,81.02,confirmed
REV1172B7F35E66,L490C056E20B5,P010,2025-03-19 16:51:06 UTC,lead_sale,66.24,confirmed
REV3C70655669E9,LBE919775FA64,P005,2025-01-19 11:38:53 UTC,lead_sale,119.6,confirmed
REV2188395294AD,L4CD72E552A35,P010,2025-05-26 17:47:47 UTC,lead_sale,74.44,confirmed
REV4254D8807AB3,LAB7796FB00AA,P001,2025-02-18 11:51:45 UTC,lead_sale,60.93,confirmed
REVD75CEBAEF596,LA2095521F5DA,P010,2025-04-14 20:28:44 UTC,lead_sale,75.54,confirmed
REV1E1696E520F2,LA1A478A7A3B1,P001,2025-06-01 17:18:23 UTC,lead_sale,70.73,confirmed
REV761AAC9ADDBD,L9B5C4F4D76B5,P002,2025-05-27 14:07:54 UTC,lead_sale,87.47,confirmed
REVDE74C27CF830,L7A83AB653D08,P008,2025-04-25 21:43:27 UTC,lead_sale,76.62,confirmed
REVAD89EDD7F4FA,L786DBBBE0FF5,P001,2025-02-27 11:52:04 UTC,lead_sale,72.57,confirmed
REV8955FDD7142F,LA84A23E322BE,P005,2025-04-26 22:40:25 UTC,lead_sale,96.73,confirmed
REV2B92D3651CAD,L178CCF8F088D,P002,2025-06-23 23:23:11 UTC,lead_sale,76.23,confirmed
REVF8544CEE70AC,L881B46BD2573,P002,2025-06-27 19:52:57 UTC,lead_sale,77.93,confirmed
REV91ED90CF5764,L8F6D905CFFCD,P010,2025-02-22 21:18:39 UTC,lead_sale,70.63,confirmed
REVD2E805DCBF23,L0DD494EA64FD,P003,2025-03-09 08:14:26 UTC,lead_sale,62.22,confirmed
REVA0FBA466D569,L1A98BCCA08AD,P009,2025-01-29 21:38:33 UTC,lead_sale,61.56,confirmed
REV9327ADF01081,L41368301F967,P008,2025-06-12 10:53:27 UTC,lead_sale,91.36,confirmed
REV976EFB1905E3,L575FD850BDA8,P003,2025-05-19 16:31:12 UTC,lead_sale,68.18,confirmed
REV493D10DF210B,LE7C800C0763E,P005,2025-06-21 08:24:33 UTC,lead_sale,100.61,confirmed
REVADB217D5A16F,LC7223993A02D,P002,2025-05-24 08:38:14 UTC,lead_sale,77.18,confirmed
REV212640554FE7,L927061ACFDB3,P009,2025-02-24 12:46:14 UTC,lead_sale,68.58,confirmed
REVE9A12F6FCB6C,L9244C9E4A22B,P003,2025-04-25 08:43:21 UTC,lead_sale,81.27,confirmed
REV5DEC45F165D3,LEA205C2BB8FC,P002,2025-01-18 08:02:13 UTC,lead_sale,71.16,confirmed
REVD7502438FB54,L724C144EE117,P003,2025-04-28 13:00:23 UTC,lead_sale,66.48,confirmed
REV3DAD1CE79969,LC3C2332D360A,P006,2025-06-05 07:44:28 UTC,lead_sale,112.11,confirmed
REV43BFB713C962,LBB14A9B5FF3E,P003,2025-01-02 12:11:26 UTC,lead_sale,69.41,confirmed
REV13DD79347CEE,LCF978A821412,P010,2025-03-08 12:15:02 UTC,lead_sale,83.05,confirmed
REVE3D6F4017644,L14FDAE16242D,P003,2025-02-08 11:10:49 UTC,lead_sale,77.91,confirmed
REVE77B13B3A670,L9459C9843854,P010,2025-03-20 18:38:43 UTC,lead_sale,83.96,confirmed
REV174BEC7FEBDB,LA882B54C7D2D,P003,2025-01-14 13:49:05 UTC,lead_sale,71.55,confirmed
REVB6B14AB8FFB9,L10FBA4DB45DF,P002,2025-03-13 20:45:06 UTC,lead_sale,84.5,confirmed
REVADEDD6E17EAD,LEA42539EE6FC,P010,2025-06-19 12:46:28 UTC,lead_sale,81.94,confirmed
REVDC80441C11BA,L305278775F5A,P010,2025-03-17 16:27:53 UTC,lead_sale,70.22,confirmed
REV1FBFFFC96FDF,L78A21A4AA9EB,P010,2025-05-22 18:28:56 UTC,lead_sale,70.08,confirmed
REV28188989C01B,LE84E88947FAB,P001,2025-04-25 08:25:45 UTC,lead_sale,61.63,confirmed
REVFB3A62F5C0FE,L6B50BF5DA1BD,P010,2025-05-24 10:20:54 UTC,lead_sale,66.09,confirmed
REV14F46F4C8E2E,L1D038A7D9303,P010,2025-05-02 18:34:24 UTC,lead_sale,73.08,confirmed
REVA33757502D76,L933830CFB3A4,P002,2025-02-14 10:19:25 UTC,lead_sale,72.96,confirmed
REVE75150A49D72,L9D174A84536E,P001,2025-05-07 10:14:07 UTC,lead_sale,67.41,confirmed
REV12FD9CA91346,L9007DC3057C8,P010,2025-02-13 07:31:16 UTC,lead_sale,80.62,confirmed
REV5835F39E6719,L22116676C4A5,P005,2025-01-09 10:59:32 UTC,lead_sale,97.84,confirmed
REVD491E0573B2E,L9D02BA3BE546,P008,2025-05-18 09:46:21 UTC,lead_sale,91.76,confirmed
REV5ED42A8CAE52,LC8B76060EA16,P009,2025-05-02 16:44:41 UTC,lead_sale,67.07,confirmed
REV6C1517ECF4CA,L877E9C3A2FD4,P007,2025-05-16 23:05:06 UTC,lead_sale,144.61,confirmed
REVEA31C443B00D,L8CD7023CCC14,P005,2025-04-14 17:02:41 UTC,lead_sale,107.56,confirmed
REV73C18535777B,L38F26EC57DBE,P010,2025-05-16 12:12:27 UTC,lead_sale,84.88,confirmed
REVA937FF8B2864,L46611282AC6C,P005,2025-05-12 22:12:03 UTC,lead_sale,122.34,confirmed
REV6837070918D0,L3C81B67917A8,P003,2025-06-21 18:30:08 UTC,lead_sale,74.83,confirmed
REV9514F720F998,LC0D341D4B145,P005,2025-02-08 22:20:34 UTC,lead_sale,113.24,confirmed
REV86F98198347E,L7422A80B100D,P002,2025-03-02 14:51:25 UTC,lead_sale,82.38,confirmed
REVE071E529F695,L2F26CED3DB76,P003,2025-05-01 16:16:11 UTC,lead_sale,67.82,confirmed
REV1FB2611C1DBA,L3212B0DD842E,P002,2025-05-26 18:56:12 UTC,lead_sale,85.16,confirmed
REVF40EFD9D312B,L3BC4929DFF0E,P002,2025-01-02 12:10:18 UTC,lead_sale,78.74,confirmed
REVF58A39810C54,L8FE57CCA8AED,P001,2025-03-17 09:31:33 UTC,lead_sale,60.03,confirmed
REV1AD839F35D5B,L06B6A9181D14,P003,2025-01-10 18:19:27 UTC,lead_sale,74.49,confirmed
REV924742358440,LEE2EB09CABF2,P002,2025-05-15 17:28:36 UTC,lead_sale,69.65,confirmed
REV9C558B92FD2B,L7B83C276CCF6,P003,2025-01-05 15:35:43 UTC,lead_sale,74.6,confirmed
REV5DA6A5753DDB,LDA5BAB9797CE,P003,2025-05-08 19:53:47 UTC,lead_sale,72.28,confirmed
REV4AFC51D516F8,L2168D7B36432,P001,2025-01-12 22:51:49 UTC,lead_sale,70.99,confirmed
REV02FFC25461EF,L34012B18C901,P001,2025-05-07 09:37:30 UTC,lead_sale,68.28,confirmed
REVEA57F02D8656,LB13905A5CA2E,P003,2025-05-08 12:02:14 UTC,lead_sale,72.07,confirmed
REV8157988714EE,LD61EA27A8443,P002,2025-02-10 17:52:27 UTC,lead_sale,86.97,confirmed
REV5354FF87CB1D,L2541C2329556,P002,2025-06-25 14:38:57 UTC,lead_sale,80.32,confirmed
REV031C7C451BBF,L00601976E2C4,P009,2025-06-04 12:54:38 UTC,lead_sale,68.82,confirmed
REVF1E0BD52B93C,LAEAEFF10CB5A,P002,2025-01-17 10:48:11 UTC,lead_sale,75.04,confirmed
REVF003BA86843C,L83994C5BBA4D,P005,2025-06-21 10:34:46 UTC,lead_sale,112.34,confirmed
REV96348CA94B9D,LD43E31303A2D,P003,2025-03-20 12:39:01 UTC,lead_sale,62.02,confirmed
REV833637E9706C,LAB906EC95866,P003,2025-02-06 21:35:31 UTC,lead_sale,66.34,confirmed
REV895ED61B322D,L00E9A7B5F21F,P010,2025-06-10 16:10:53 UTC,lead_sale,76.64,confirmed
REV4A26B9595E02,L60AFE2871160,P010,2025-03-25 10:07:07 UTC,lead_sale,65.26,confirmed
REV5216D1A8DCD5,L9FB1590D4BD6,P010,2025-02-11 18:58:08 UTC,lead_sale,80.93,confirmed
REV37BBF0A69A8A,L3F563672800B,P003,2025-02-01 09:29:23 UTC,lead_sale,71.74,confirmed
REVC11BFC843B1D,L486AB0E76064,P003,2025-02-15 18:31:50 UTC,lead_sale,79.26,confirmed
REVB91234F4A7ED,L4B5F73FFBFB8,P002,2025-01-18 19:20:14 UTC,lead_sale,76.49,confirmed
REV4EC4EC595DFA,L8D8AE173CE2D,P007,2025-04-12 21:33:49 UTC,lead_sale,121.92,confirmed
REV2E682B8AB51A,LCBF616036C8B,P003,2025-04-11 20:19:51 UTC,lead_sale,71.35,confirmed
REV3DE37FBC2183,L05390CE5CDFC,P001,2025-04-23 18:44:37 UTC,lead_sale,74.02,confirmed
REV3C3524E111BF,LA3106A8FF04C,P009,2025-02-10 10:35:21 UTC,lead_sale,63.22,confirmed
REV7D58474B7D6C,LB312FCC1B649,P001,2025-03-27 14:05:59 UTC,lead_sale,66.9,confirmed
REVE02A1CDA28AD,L364B610A5756,P001,2025-01-31 14:12:19 UTC,lead_sale,69.8,confirmed
REV139687C1BB1C,LCF3A921D6ED7,P002,2025-06-27 16:55:00 UTC,lead_sale,84.49,confirmed
REV70F4C7665696,L5A21A6F9C214,P003,2025-03-04 19:22:21 UTC,lead_sale,81.54,confirmed
REVD411490F1BFE,L5195181C2261,P010,2025-01-30 17:12:07 UTC,lead_sale,73.67,confirmed
REV111457B88FA0,L7DC3AF908688,P010,2025-05-29 11:11:40 UTC,lead_sale,85.16,confirmed
REV7721F0B7FE1D,L3276A21A782C,P002,2025-06-13 15:11:31 UTC,lead_sale,70.48,confirmed
REV1BD9BDE4AA38,L6CA3AA4F8DC0,P004,2025-01-31 19:36:26 UTC,lead_sale,113.72,confirmed
REV0AA8C52BBD21,L79366F39FB67,P005,2025-02-02 19:19:27 UTC,lead_sale,117.86,confirmed
REVE648D624BB84,LECF7EC92B389,P003,2025-06-16 21:13:32 UTC,lead_sale,68.86,confirmed
REV01745A32EB24,LDDBCE1FF4053,P001,2025-05-05 08:29:32 UTC,lead_sale,70.76,confirmed
REV338F7516B5ED,LC6D8401B93D8,P010,2025-04-02 16:01:45 UTC,lead_sale,78.82,confirmed
REV727283B8D173,L56F93AF53233,P009,2025-01-18 11:51:54 UTC,lead_sale,59.06,confirmed
REV838E2FFB8BC8,L15B1849E3B03,P001,2025-04-20 16:15:57 UTC,lead_sale,74.96,confirmed
REV4AAD5130D508,LF82F3F2801F2,P005,2025-02-23 12:06:57 UTC,lead_sale,106.85,confirmed
REV0BDBF586D034,L92CA80334755,P002,2025-03-02 20:30:08 UTC,lead_sale,76.52,confirmed
REVAB1DC44AFBE6,L7F6D7E9AABF2,P010,2025-06-14 15:35:04 UTC,lead_sale,79.47,confirmed
REVE60BE34B117A,L0E2CCADBE4F6,P003,2025-02-15 20:33:15 UTC,lead_sale,63.24,confirmed
REV9C1538B9B658,L711113773F1B,P001,2025-02-04 20:33:39 UTC,lead_sale,75.57,confirmed
REV836BEFACA02D,L9F877366D0A6,P002,2025-04-29 11:16:45 UTC,lead_sale,83.67,confirmed
REV497C9CC95C92,LE0C65612FFCC,P002,2025-04-25 14:07:37 UTC,lead_sale,89.82,confirmed
REVBB881D5424B7,L91B704513681,P001,2025-06-11 15:50:35 UTC,lead_sale,58.84,confirmed
REV98FDA785E0A8,L6A8BA4039DB6,P009,2025-02-08 09:50:58 UTC,lead_sale,56.6,confirmed
REV698BA819311B,L8A4FF09A980A,P010,2025-01-10 22:40:12 UTC,lead_sale,76.84,confirmed
REVD6E0F952B0F8,LF30755AF1861,P006,2025-05-17 21:26:21 UTC,lead_sale,141.02,confirmed
REV35BEF0A7D9EA,L83CE7F5A531C,P002,2025-02-09 13:51:37 UTC,lead_sale,81.6,confirmed
REV6FD5A02C84EA,L3601CA5551A2,P002,2025-04-11 14:51:35 UTC,lead_sale,67.59,confirmed
REVA814BD967233,L1DBDC6191ABE,P005,2025-03-31 14:30:42 UTC,lead_sale,116.76,confirmed
REVC1FDDC6CC8AB,LF2A4E083A46F,P002,2025-01-15 10:07:49 UTC,lead_sale,78.83,confirmed
REVB41828640F23,LE6FFF83A6520,P003,2025-06-22 13:01:21 UTC,lead_sale,66.94,confirmed
REV3C45E97BCD36,L5AE41603315C,P010,2025-04-04 10:33:52 UTC,lead_sale,68.54,confirmed
REV4536CCC31BEF,L27F5199AAC9C,P003,2025-05-17 15:32:06 UTC,lead_sale,61.97,confirmed
REVEEB5DA1B486C,LB2851264BFC4,P005,2025-05-10 13:01:11 UTC,lead_sale,119.52,confirmed
REVDD1A924EFADB,LE8E6C13D8910,P004,2025-04-04 12:34:14 UTC,lead_sale,93.81,confirmed
REV02A37A668C08,L95B4239BCC85,P002,2025-05-22 23:57:02 UTC,lead_sale,68.97,confirmed
REVCE7910EE13DF,LF126E064027A,P001,2025-02-15 10:33:17 UTC,lead_sale,61.23,confirmed
REV115884AB7AD4,L51AF903316D9,P009,2025-04-27 12:51:57 UTC,lead_sale,53.85,confirmed
REV7B0C6B23C21B,LACB5A04DEEC2,P010,2025-02-01 20:53:20 UTC,lead_sale,75.39,confirmed
REV9E5BEACF8D2B,LAB9C95015473,P009,2025-04-24 21:34:32 UTC,lead_sale,54.93,confirmed
REV9B9658CE3966,L6BFC78EF9498,P002,2025-03-18 17:02:51 UTC,lead_sale,81.04,confirmed
REV78733E974C1A,L6BAD6AE32A33,P010,2025-01-17 20:06:12 UTC,lead_sale,66.92,confirmed
REV6B048DFAEE1F,L2FF2353C63BD,P001,2025-01-08 17:13:56 UTC,lead_sale,61.87,confirmed
REV24A9F38A2A63,LEE8A79BAE7C1,P010,2025-02-12 10:41:19 UTC,lead_sale,80.94,confirmed
REV696BB7D21595,L3E0763439612,P002,2025-02-26 12:31:15 UTC,lead_sale,72.42,confirmed
REV4AF8D9EAFB7E,L1D86DD338A37,P010,2025-03-09 13:18:31 UTC,lead_sale,65.54,confirmed
REV9927844941D8,LE0BBE77A297E,P005,2025-02-26 14:23:16 UTC,lead_sale,124.72,confirmed
REV8181ED88AEEB,L5E4E14A7EFE1,P010,2025-02-24 08:25:28 UTC,lead_sale,83.64,confirmed
REV6D33531814C5,LEB5D852F212C,P003,2025-04-14 09:12:34 UTC,lead_sale,64.44,confirmed
REVBF5989620E15,L3E7629CD1CF3,P003,2025-04-23 11:41:19 UTC,lead_sale,78.75,confirmed
REV92B20A02482C,LFF5E67F95904,P002,2025-04-10 20:39:48 UTC,lead_sale,82.21,confirmed
REV18904703996F,LBD7230C035F3,P002,2025-03-25 21:33:21 UTC,lead_sale,78.38,confirmed
REVA16EBA4D0FA1,LD6208023F7FD,P002,2025-06-06 21:29:29 UTC,lead_sale,80.08,confirmed
REV70DA08EF51B0,L8F5915A7EB6F,P002,2025-01-21 22:16:11 UTC,lead_sale,84.54,confirmed
REV567FDF6B471C,L14B4B2DE8700,P002,2025-04-29 22:36:35 UTC,lead_sale,76.41,confirmed
REV46495F5A9E8A,L2D9A40327646,P009,2025-01-13 09:56:31 UTC,lead_sale,56.18,confirmed
REVBA796062245A,LEDB423C1E819,P010,2025-04-10 22:08:22 UTC,lead_sale,84.15,confirmed
REVB3379BC7AB97,L03C6B2C9ED9F,P008,2025-03-10 12:54:37 UTC,lead_sale,91.43,confirmed
REV1E839B49475E,L3A8817B02FEB,P001,2025-06-01 20:44:46 UTC,lead_sale,69.32,confirmed
REV9994B1C13BDD,L84006B05973D,P009,2025-05-26 09:49:05 UTC,lead_sale,67.82,confirmed
REV824F1B451B11,LE7649D4DEE39,P002,2025-05-20 08:55:32 UTC,lead_sale,74.11,confirmed
REV222EEC4E1BFE,LF5D443FE88BF,P010,2025-05-05 14:14:58 UTC,lead_sale,84.11,confirmed
REVBE40C78E294E,LDC3A1D9889D8,P010,2025-06-03 23:00:55 UTC,lead_sale,68.82,confirmed
REV84DA9F80830A,L672A725FBB03,P006,2025-01-03 22:36:22 UTC,lead_sale,135.79,confirmed
REV50F108DDACB4,L5A371132EE18,P010,2025-04-12 23:57:39 UTC,lead_sale,83.97,confirmed
REVB0ADE501E783,LD4FA70D1B6C9,P005,2025-04-10 08:07:14 UTC,lead_sale,98.33,confirmed
REV12FAF2846DDF,LF4051CA88F9D,P002,2025-01-26 14:07:10 UTC,lead_sale,80.07,confirmed
REV2A4376DA4B4D,LB0D8701713B3,P001,2025-02-23 21:39:00 UTC,lead_sale,67.14,confirmed
REV3D007436E7F3,LF788C564B5F5,P009,2025-04-26 13:54:35 UTC,lead_sale,58.22,confirmed
REV49ED751616A9,L37CC5D237CE1,P002,2025-03-28 08:19:53 UTC,lead_sale,79.07,confirmed
REV4D92DBE05F06,L156D460D1A37,P010,2025-01-11 22:06:48 UTC,lead_sale,84.52,confirmed
REV103AB8441675,L805FA342A6FA,P008,2025-02-28 18:53:24 UTC,lead_sale,71.76,confirmed
REVCECD448BB7B6,L551E2873955B,P003,2025-02-21 19:56:07 UTC,lead_sale,62.62,confirmed
REV3DEDFEE41F45,L6396EEB366C8,P003,2025-03-08 09:04:13 UTC,lead_sale,66.89,confirmed
REV6CD0FF79C331,L923D8C4BF531,P003,2025-04-09 22:39:53 UTC,lead_sale,80.12,confirmed
REVA2C0EABC7B38,L7EAD9DD9DFAE,P010,2025-02-14 20:11:20 UTC,lead_sale,67.88,confirmed
REVBFED8B6AAA28,LE7DFEDCD9C81,P010,2025-05-02 14:24:31 UTC,lead_sale,74.26,confirmed
REV178F6CB295FF,L7991B8FE4AEB,P010,2025-05-06 08:35:34 UTC,lead_sale,73.18,confirmed
REVE75716E25684,L81442C7247F8,P003,2025-05-13 11:30:31 UTC,lead_sale,74.43,confirmed
REV8667A0170785,L8AB628FFAFE2,P009,2025-03-25 14:43:44 UTC,lead_sale,52.81,confirmed
REVD8B3CC70B7CF,LF2DA6392044B,P010,2025-06-13 20:48:22 UTC,lead_sale,78.6,confirmed
REV8E180E1288C4,LF1D0FCF21593,P009,2025-03-21 10:13:48 UTC,lead_sale,64.68,confirmed
REV0004385DB4A1,LB06BE72B153D,P010,2025-05-28 16:31:12 UTC,lead_sale,77.1,confirmed
REV6084367B070D,L856906A362F1,P001,2025-01-06 08:25:01 UTC,lead_sale,61.51,confirmed
REV7622D5A958CF,L5D53B492A7B1,P009,2025-03-22 19:37:58 UTC,lead_sale,53.99,confirmed
REV22A58F78CEF4,L2478CE7F262E,P010,2025-06-01 12:30:36 UTC,lead_sale,67.74,confirmed
REV7202515CEA88,L7DE374173CDD,P004,2025-04-14 09:03:20 UTC,lead_sale,95.54,confirmed
REVA6BD39CF0E14,LEAFF77E130BA,P010,2025-04-29 16:14:14 UTC,lead_sale,69.55,confirmed
REVB656DE45BB2E,L549A1C2BD0B2,P003,2025-02-24 16:18:00 UTC,lead_sale,64.66,confirmed
REV8EDC03E5B16D,LCF4DF8DB014F,P009,2025-01-23 11:34:26 UTC,lead_sale,55.2,confirmed
REVB32A1509C445,LC0B95F2B764E,P005,2025-06-11 14:47:02 UTC,lead_sale,110.81,confirmed
REVA8ED78064A57,L0A9C2675B7C7,P007,2025-03-14 17:19:17 UTC,lead_sale,138.88,confirmed
REV74AC42AF0D00,LE00F56C361DB,P005,2025-03-18 18:37:45 UTC,lead_sale,96.89,confirmed
REVA63A3A4A75DB,L4B26186B672B,P001,2025-05-04 11:39:27 UTC,lead_sale,74.05,confirmed
REV4F00EC3283DC,L0495543A7831,P003,2025-04-12 11:12:38 UTC,lead_sale,79.42,confirmed
REV8D1AC20AF858,L714594861262,P002,2025-01-01 20:31:53 UTC,lead_sale,88.61,confirmed
REVD5AA42D9FA09,LABF3B2ECF672,P002,2025-02-28 13:18:08 UTC,lead_sale,80.63,confirmed
REV9EC7C9A9D214,L4F720AA6DDCE,P010,2025-06-12 22:11:43 UTC,lead_sale,75.55,confirmed
REV56CFBD7D7312,L701107E5EA11,P003,2025-05-13 09:24:29 UTC,lead_sale,61.91,confirmed
REV8190B78E6C70,LA61526D47203,P003,2025-06-26 12:34:00 UTC,lead_sale,77.04,confirmed
REV2AF96DFA6745,LC1F283329977,P010,2025-06-08 17:21:12 UTC,lead_sale,65.31,confirmed
REV63345947C72A,LDB999B81DA41,P004,2025-04-30 08:06:32 UTC,lead_sale,106.84,confirmed
REVFD303CB99D87,L0850527C49C6,P010,2025-01-05 19:34:43 UTC,lead_sale,79.29,confirmed
REVAE7914F2CDC8,L9703075ECC62,P005,2025-02-16 09:32:36 UTC,lead_sale,122.5,confirmed
REV817EE89E5C12,L2EFEF4EC429C,P003,2025-04-11 19:10:50 UTC,lead_sale,73.94,confirmed
REV0C359A6E88A1,LC8B6F81B90A2,P002,2025-05-18 12:28:59 UTC,lead_sale,73.11,confirmed
REV21EC8CBC6DF8,L403D908F3122,P004,2025-05-05 07:38:33 UTC,lead_sale,86.34,confirmed
REV589A74A38557,LBB26F0445CDD,P010,2025-02-04 23:07:48 UTC,lead_sale,73.48,confirmed
REV9507ADADE187,L275481249786,P002,2025-02-18 15:32:50 UTC,lead_sale,72.24,confirmed
REV248BF011B2E3,LD02AAE47F21B,P009,2025-06-05 12:18:35 UTC,lead_sale,64.34,confirmed
REVC1D4B6406F62,L33170564799C,P002,2025-06-25 23:55:20 UTC,lead_sale,77.7,confirmed
REVE8E39EEE0625,LC0D1C2D61BB2,P003,2025-05-27 09:48:40 UTC,lead_sale,72.99,confirmed
REVEE0F2D311831,L5A61C4CA586F,P003,2025-02-09 15:06:56 UTC,lead_sale,68.51,confirmed
REV9E779B3BE249,L5C3E44F759F4,P002,2025-03-02 10:11:01 UTC,lead_sale,87.72,confirmed
REV9E8367CEE4BC,L6334AC99E203,P002,2025-06-12 11:15:19 UTC,lead_sale,80.99,confirmed
REVC1A67F5CA3A4,L1BC9AB4034A0,P002,2025-03-28 23:16:47 UTC,lead_sale,76.17,confirmed
REV5A4D6BA0352A,L187850045194,P003,2025-06-29 09:13:05 UTC,lead_sale,80.05,confirmed
REVDDADB1C28348,L71DDF1773A6B,P002,2025-05-14 09:37:41 UTC,lead_sale,71.47,confirmed
REV00FDADFC6072,LE678CFAB56F5,P003,2025-01-05 08:16:08 UTC,lead_sale,79.91,confirmed
REV7E5B04102107,L4F7278C9EA6F,P002,2025-01-17 11:07:12 UTC,lead_sale,72.35,confirmed
REVB31EB530A054,L63DD2A03DC61,P009,2025-02-03 15:02:31 UTC,lead_sale,68.09,confirmed
REV0C2742AE8ADC,L70ADC5A9A06D,P009,2025-04-24 14:41:27 UTC,lead_sale,53.31,confirmed
REV758B138DCB7E,L794C72B62BE6,P009,2025-05-11 07:58:19 UTC,lead_sale,52.34,confirmed
REVBE30D589797A,L9C0C54F565DD,P006,2025-06-14 20:27:17 UTC,lead_sale,121.8,confirmed
REV939A054038DD,L5C7D3F4EE066,P002,2025-03-04 08:15:17 UTC,lead_sale,79.39,confirmed
REVC53E80E9ECE9,L57FE111EC243,P005,2025-05-30 09:49:42 UTC,lead_sale,107.6,confirmed
REVC658704E7010,LFAB50E3AF23F,P003,2025-05-26 17:02:29 UTC,lead_sale,67.17,confirmed
REV759D54ED9888,L1B9F43869C84,P002,2025-01-02 10:02:56 UTC,lead_sale,77.37,confirmed
REVEB9C41D6AD4D,L317FC8F5DE9A,P003,2025-03-18 08:47:59 UTC,lead_sale,71.91,confirmed
REV4E49F752B83C,L210FA0FF9EB3,P002,2025-06-05 12:12:25 UTC,lead_sale,77.42,confirmed
REVE626849D6827,L5232083BFC15,P007,2025-03-08 10:46:27 UTC,lead_sale,120.5,confirmed
REV402D18BD301A,L1B449880DAEC,P010,2025-02-09 18:21:43 UTC,lead_sale,66.86,confirmed
REV4D5E57FB3F05,LAA3F27F16E24,P010,2025-04-07 09:57:46 UTC,lead_sale,76.06,confirmed
REV4A9BE189FAD2,L59C8477F05E2,P001,2025-06-17 16:21:52 UTC,lead_sale,73.46,confirmed
REVAE240EFECC93,L1BE6CC0BA34B,P009,2025-06-25 12:19:19 UTC,lead_sale,57.85,confirmed
REVA60AA489B5CD,L734AD59BAB18,P001,2025-01-04 10:58:38 UTC,lead_sale,61.11,confirmed
REV55E93D3141E4,L8E1C575F3974,P010,2025-02-14 08:51:26 UTC,lead_sale,74.37,confirmed
REVC6A3F12820B3,L665ADB226D99,P010,2025-05-09 16:00:05 UTC,lead_sale,80.41,confirmed
REV07E6BF2B7599,L3D2CBF3E5B1F,P003,2025-02-15 18:48:52 UTC,lead_sale,62.47,confirmed
REV569822F186EC,L189BB11B29FA,P009,2025-03-27 11:55:40 UTC,lead_sale,61.21,confirmed
REVF088F0C9A585,LD7DFEF23D93C,P002,2025-01-21 12:31:00 UTC,lead_sale,67.98,confirmed
REVE195AE0FD228,L567A1227A454,P010,2025-06-25 21:07:25 UTC,lead_sale,71.58,confirmed
REV3C14F4AFCAD1,LBECA513DA871,P002,2025-06-27 20:08:58 UTC,lead_sale,79.61,confirmed
REVA9CD1BE5E9B2,L07FFD705312C,P010,2025-05-27 21:20:47 UTC,lead_sale,74.49,confirmed
REV8AFDEF1653BA,L7A6FA78D49DC,P010,2025-01-18 18:33:34 UTC,lead_sale,65.49,confirmed
REV9D8BA80523D4,L120E42872171,P009,2025-05-18 08:30:55 UTC,lead_sale,53.45,confirmed
REVC7D5479781CF,LE74BDBB3BC1F,P002,2025-02-01 13:40:09 UTC,lead_sale,75.67,confirmed
REV658244103A0E,LD5EA9AD487D8,P005,2025-05-02 12:32:56 UTC,lead_sale,124.18,confirmed
REV3FA10A7D423E,LD97775256459,P002,2025-02-07 09:48:25 UTC,lead_sale,79.32,confirmed
REV62C8BF12CD1D,L946BD9D961AD,P010,2025-06-14 16:15:03 UTC,lead_sale,68.69,confirmed
REVC7B39D081C0F,LBFFE22619509,P002,2025-03-19 18:57:27 UTC,lead_sale,79.72,confirmed
REV8C56A6ED9387,L4DD5818B5B68,P003,2025-01-01 13:28:09 UTC,lead_sale,71.59,confirmed
REV44A67BCFF8A2,L6BDE6CC2E935,P002,2025-02-01 09:31:46 UTC,lead_sale,80.93,confirmed
REV05C48C6E6504,L6A6DC803440B,P002,2025-01-14 10:52:14 UTC,lead_sale,85.94,confirmed
REV0266B706C161,L30779F8ECEC3,P004,2025-06-29 17:04:55 UTC,lead_sale,113.29,confirmed
REV7C5735FDC1DD,L64452D37E83D,P003,2025-03-25 19:06:58 UTC,lead_sale,71.07,confirmed
REV3F677D98C8B7,LD4620C4CA22B,P009,2025-02-28 10:24:36 UTC,lead_sale,53.41,confirmed
REVCB217112E7C0,L1848A920F643,P010,2025-06-07 09:48:14 UTC,lead_sale,78.53,confirmed
REV58C1D399E601,LD846F5AB1EB5,P002,2025-05-02 12:00:53 UTC,lead_sale,84.24,confirmed
REV84508A790F8B,LF7616F20494D,P010,2025-03-18 18:45:29 UTC,lead_sale,80.0,confirmed
REVC69659C5B543,L881A680E5142,P003,2025-05-09 16:01:41 UTC,lead_sale,70.94,confirmed
REV8C6BCB4D0D1D,L14CE8D8CFEE0,P009,2025-05-22 22:47:39 UTC,lead_sale,54.74,confirmed
REV8E36A3EE5392,L0EDD40EC1DEF,P003,2025-04-22 22:45:01 UTC,lead_sale,79.74,confirmed
REVD9038484F99F,L40F4A118639B,P010,2025-03-17 09:03:50 UTC,lead_sale,80.4,confirmed
REV9B1DDAA8F255,L97460AF55D57,P001,2025-06-10 13:33:19 UTC,lead_sale,67.85,confirmed
REVC6370AFF7728,L3E187F374E2A,P003,2025-05-26 10:29:41 UTC,lead_sale,78.98,confirmed
REVF77DF34F09B6,LDE509C540D72,P005,2025-01-16 19:38:47 UTC,lead_sale,95.55,confirmed
REVB34676C433D6,L532AD3B79F6A,P002,2025-02-17 22:25:52 UTC,lead_sale,73.46,confirmed
REV6CC19D015D31,L45698583B71B,P002,2025-05-30 23:47:08 UTC,lead_sale,83.64,confirmed
REV532D9267548B,LF6B7D5BFA885,P009,2025-01-30 22:34:45 UTC,lead_sale,65.18,confirmed
REV5AC4FEF9A88D,L5E0CAD4F7D53,P001,2025-05-19 22:33:29 UTC,lead_sale,74.15,confirmed
REV4FAF6AF8D115,LA2C4EDA1CC73,P003,2025-02-08 12:08:55 UTC,lead_sale,67.84,confirmed
REVF487E761BF0D,LA100C331139A,P010,2025-04-29 11:57:12 UTC,lead_sale,72.21,confirmed
REVF2B3244485BE,L4BEFA461ED51,P002,2025-03-04 10:02:33 UTC,lead_sale,76.35,confirmed
REVAC560E8784AE,LE0FED474EE81,P003,2025-04-18 15:25:28 UTC,lead_sale,63.18,confirmed
REV18DAB31C2FFF,L65DB90CEBD21,P001,2025-03-23 23:34:12 UTC,lead_sale,62.95,confirmed
REVAA120031CF55,L2F1AD4D44034,P001,2025-06-10 19:13:17 UTC,lead_sale,66.91,confirmed
REVE9FC3594F00F,L90C5DFDFF265,P006,2025-04-03 08:42:37 UTC,lead_sale,118.33,confirmed
REV6CDFACFA09F5,LB14B80978E1C,P010,2025-06-27 07:40:33 UTC,lead_sale,84.35,confirmed
REV54D728654CDA,L1C0B2FC99D19,P010,2025-05-21 19:13:12 UTC,lead_sale,80.52,confirmed
REV5CA454ED9AB3,LB4D373C6E6EC,P002,2025-05-30 21:06:17 UTC,lead_sale,89.02,confirmed
REVE3CEC7EC9725,L8E4FAFB7ABDE,P003,2025-03-19 20:54:21 UTC,lead_sale,72.54,confirmed
REV4ACD8BE19927,L1F365CC62AA3,P010,2025-06-29 10:16:05 UTC,lead_sale,70.01,confirmed
REV2AD293FF854D,L5E22ADC314F9,P007,2025-03-19 19:21:22 UTC,lead_sale,151.08,confirmed
REV61BC2B67AEDD,L5B83EFCF0CBF,P006,2025-02-18 13:46:30 UTC,lead_sale,137.19,confirmed
REV805BE8695FAC,L338BAA3615AC,P010,2025-02-19 17:26:10 UTC,lead_sale,67.74,confirmed
REVC3407B57E8FF,L70674E322EAA,P009,2025-02-03 12:38:16 UTC,lead_sale,60.53,confirmed
REVEB4F79FC936B,L95CD174C70B6,P005,2025-04-01 07:39:11 UTC,lead_sale,112.08,confirmed
REV3DEA4C0B06F2,L6269BF9046AC,P010,2025-04-26 15:46:46 UTC,lead_sale,82.78,confirmed
REV8C7BC0B20978,LC6C2FBCFA747,P002,2025-02-26 21:44:33 UTC,lead_sale,80.16,confirmed
REV26C606F0E29B,L4F1B19A91598,P005,2025-02-22 09:10:42 UTC,lead_sale,113.81,confirmed
REVAA9F79B32FE1,LB7A1EA0628D3,P006,2025-04-03 16:25:04 UTC,lead_sale,120.85,confirmed
REV6382316AD41E,L81EDA7F00BB1,P010,2025-04-27 14:55:14 UTC,lead_sale,81.07,confirmed
REVBC9F02E0B697,L88F53B04FDD5,P001,2025-05-04 11:27:55 UTC,lead_sale,59.07,confirmed
REVD836DBE75CE2,L031DE2F49618,P001,2025-06-30 10:25:36 UTC,lead_sale,59.04,confirmed
REV5EABE2656CB8,LD82DADB81EFA,P010,2025-05-01 11:02:21 UTC,lead_sale,85.44,confirmed
REV599C7CE108A4,L5209A383A318,P003,2025-02-18 07:58:04 UTC,lead_sale,68.7,confirmed
REVFCED132D35C9,L3D26F23BC944,P003,2025-01-29 09:48:18 UTC,lead_sale,76.62,confirmed
REV4155DC9ADD2B,L3E5AEF8EA1A5,P002,2025-03-07 09:41:34 UTC,lead_sale,78.47,confirmed
REV0CDDB5B69FBE,L3BB61374128A,P008,2025-01-22 17:42:18 UTC,lead_sale,71.35,confirmed
REVB7D7A9932646,L164E41A19AF3,P006,2025-01-26 13:24:30 UTC,lead_sale,115.79,confirmed
REVF2158B08DEFF,LE30A7613619B,P003,2025-06-05 08:16:48 UTC,lead_sale,61.6,confirmed
REV8BC81DBAA512,LF3776575090B,P002,2025-04-18 21:10:35 UTC,lead_sale,67.66,confirmed
REVEABE7DCEAE24,L36733CA5CA56,P001,2025-04-26 17:30:36 UTC,lead_sale,67.78,confirmed
REVDA1E3D9BF75D,L2E8257D3F3F6,P002,2025-04-04 18:44:23 UTC,lead_sale,70.88,confirmed
REV830FB5BEFE8C,L7554A47B8F08,P001,2025-04-20 10:07:03 UTC,lead_sale,65.06,confirmed
REV9BC797207832,L1ECB66BAD933,P002,2025-02-23 14:51:59 UTC,lead_sale,67.77,confirmed
REV9E5E9216CFF1,L9DC3F5A9E36A,P001,2025-02-19 22:03:21 UTC,lead_sale,61.3,confirmed
REV6702047B1082,L4C199F7F7858,P001,2025-04-10 21:29:25 UTC,lead_sale,72.64,confirmed
REVCB37A9971017,LB4F75D4FC78A,P005,2025-06-28 18:13:57 UTC,lead_sale,109.36,confirmed
REVA6DD4592A45E,LE0A6704F6CDD,P005,2025-01-22 21:26:50 UTC,lead_sale,104.64,confirmed
REV8201665B210B,LF08A5463404A,P002,2025-06-01 15:21:35 UTC,lead_sale,77.05,confirmed
REVB9765E6AC40A,LF9557B6E0DAA,P003,2025-02-20 18:44:10 UTC,lead_sale,76.68,confirmed
REVF30165C38B83,L95F7923BFAD0,P003,2025-01-16 18:10:29 UTC,lead_sale,62.03,confirmed
REV72B04E3B0CFA,L9961A506AF54,P005,2025-03-23 13:36:52 UTC,lead_sale,119.19,confirmed
REV97E4B0C2EEE8,L1EC59CBAE4E8,P002,2025-03-10 20:13:35 UTC,lead_sale,84.57,confirmed
REV2573A3826204,L73787031E5DF,P003,2025-02-11 09:57:21 UTC,lead_sale,70.36,confirmed
REV306643249AB8,LEFF177FF63A9,P005,2025-01-03 19:43:46 UTC,lead_sale,116.88,confirmed
REV6386F9008945,LC6F30A2AAADE,P010,2025-03-16 12:36:51 UTC,lead_sale,68.73,confirmed
REV3923625215C7,L76A976218B4B,P002,2025-06-22 13:04:59 UTC,lead_sale,81.52,confirmed
REV1EC77438B0A9,LC836759C7820,P003,2025-02-16 16:24:21 UTC,lead_sale,69.65,confirmed
REV27C6A6988E44,LA63C92564290,P003,2025-03-07 10:01:01 UTC,lead_sale,76.57,confirmed
REVA86223FB0C70,L98464F208415,P001,2025-03-22 22:10:50 UTC,lead_sale,77.93,confirmed
REV9C506531D093,LD6BA1F83A161,P009,2025-06-02 17:21:51 UTC,lead_sale,63.98,confirmed
REV9B6DB71FC4A1,LBBB02CDAE6D5,P005,2025-06-21 22:20:27 UTC,lead_sale,103.09,confirmed
REV67E87E817E93,LE0F95A867DB8,P002,2025-05-31 13:35:36 UTC,lead_sale,74.36,confirmed
REVFCDC05FD9EE6,L37DBBA223E61,P007,2025-06-02 16:44:18 UTC,lead_sale,118.29,confirmed
REV0A759E752F93,LB77C16E13ABB,P009,2025-05-01 19:15:43 UTC,lead_sale,61.95,confirmed
REVE0F33123C6EE,LB87957841FDC,P010,2025-05-28 10:15:52 UTC,lead_sale,66.14,confirmed
REVEF0DF13C436B,L3A13D7A2C0C8,P003,2025-01-10 11:38:47 UTC,lead_sale,67.34,confirmed
REVDAA376100806,L5CD993D1ABA6,P010,2025-01-12 21:54:46 UTC,lead_sale,73.31,confirmed
REV05AAE4744080,LDE415E61E6A7,P001,2025-04-09 21:28:29 UTC,lead_sale,70.75,confirmed
REV3A73652F8D17,LEC2D9C28F405,P003,2025-05-27 16:37:22 UTC,lead_sale,62.44,confirmed
REV851FAB6C8324,L744D5E81C4E5,P003,2025-03-03 20:41:48 UTC,lead_sale,71.63,confirmed
REV8280A7B7B6A0,LFB31D84C3173,P006,2025-02-07 09:56:18 UTC,lead_sale,111.04,confirmed
REV419999393EAC,LD8085BC5A885,P002,2025-06-25 23:51:30 UTC,lead_sale,89.14,confirmed
REVB319CB57C057,L5795B335CC79,P010,2025-01-03 09:13:05 UTC,lead_sale,67.46,confirmed
REVEC72481A8676,L0F37570917CA,P002,2025-04-03 16:46:18 UTC,lead_sale,80.33,confirmed
REV9B4F8265EF73,LBC2C8C6ED98F,P002,2025-03-07 12:37:53 UTC,lead_sale,74.08,confirmed
REV3397F811FD88,L77547D8AE035,P002,2025-05-23 21:50:22 UTC,lead_sale,82.89,confirmed
REVA74FF6A30076,L83B2938326EF,P005,2025-06-03 15:42:47 UTC,lead_sale,99.41,confirmed
REV7FC9DD714767,L0078628D03B9,P001,2025-02-11 09:56:30 UTC,lead_sale,74.65,confirmed
REV137D498AE133,L2ED8D5738DDE,P001,2025-04-21 13:24:16 UTC,lead_sale,66.74,confirmed
REV947D07D0E789,L475504CA15C3,P001,2025-01-14 14:16:35 UTC,lead_sale,66.51,confirmed
REVBA07AD02BE85,L69F0C63E72C2,P002,2025-02-26 11:51:55 UTC,lead_sale,68.41,confirmed
REV41096B643AF1,L9F46099422A9,P003,2025-02-16 18:23:50 UTC,lead_sale,69.49,confirmed
REV6E37413708BC,LC127B5434197,P009,2025-05-27 08:45:23 UTC,lead_sale,65.51,confirmed
REV6F8ACA87545F,L77C114CE37CF,P007,2025-04-29 08:10:54 UTC,lead_sale,152.63,confirmed
REV3F486230314F,LCF403B11AFF2,P003,2025-06-01 20:34:18 UTC,lead_sale,73.39,confirmed
REV50AE2BC2EDC5,L2699665EA10F,P001,2025-04-06 09:50:04 UTC,lead_sale,64.48,confirmed
REVC95496388767,L05CDB49CF554,P003,2025-05-10 09:44:28 UTC,lead_sale,64.24,confirmed
REV45C33A28D7D0,LEF12CC2818CE,P010,2025-05-18 14:42:42 UTC,lead_sale,84.35,confirmed
REVCB659EB081DA,L5B83AA5E1A1D,P009,2025-04-28 11:52:26 UTC,lead_sale,67.75,confirmed
REVF6896E60118A,L10DA324D7382,P008,2025-02-22 07:40:10 UTC,lead_sale,88.73,confirmed
REV5BE8BFD268CE,LDB4BDDE4EB27,P002,2025-01-27 15:18:17 UTC,lead_sale,74.35,confirmed
REVE8FCB703EF15,L5F0CF9182073,P002,2025-06-23 16:41:57 UTC,lead_sale,81.8,confirmed
REVBA332196D1BA,L998A6FEBE11F,P005,2025-05-09 19:13:47 UTC,lead_sale,103.25,confirmed
REVF24E5BA58515,LB5B381C73721,P003,2025-01-12 19:31:33 UTC,lead_sale,73.54,confirmed
REV97A8503CB1B7,L3A38C8D413F1,P010,2025-04-27 21:01:55 UTC,lead_sale,82.45,confirmed
REVFBF6F607E514,L7A0116390021,P003,2025-02-15 21:25:26 UTC,lead_sale,78.54,confirmed
REVCEECAFD12934,L6238C6328DEA,P002,2025-02-24 10:58:24 UTC,lead_sale,87.08,confirmed
REV3614F779C603,L731790CB9384,P010,2025-01-01 21:44:53 UTC,lead_sale,70.44,confirmed
REV8F82AEF28A9C,L7C4B0BB86484,P010,2025-05-08 20:17:33 UTC,lead_sale,73.42,confirmed
REV235012FF1EDF,L603CD185E807,P003,2025-05-04 09:13:28 UTC,lead_sale,64.13,confirmed
REV9EA92628E083,L376D37F669FC,P003,2025-01-18 11:54:21 UTC,lead_sale,79.48,confirmed
REV70CBE34DB3A6,L1AFDD38E7105,P002,2025-02-03 08:22:51 UTC,lead_sale,73.17,confirmed
REV92EB9BDFD0BA,L6F8DB496A6AF,P002,2025-06-14 10:07:06 UTC,lead_sale,74.83,confirmed
REVDBEC1F053559,LB38510195034,P010,2025-03-04 16:44:42 UTC,lead_sale,85.25,confirmed
REV0405D73175C3,LDFE91E46CBDF,P002,2025-04-17 17:45:30 UTC,lead_sale,71.32,confirmed
REV7440C31CCA26,L5F6FD7E4B262,P010,2025-06-16 23:05:43 UTC,lead_sale,74.46,confirmed
REV2EA0B2ACA986,L1CAE51B91B32,P003,2025-06-19 08:44:18 UTC,lead_sale,63.6,confirmed
REV4A787EA8023D,LB72ECF9B0014,P003,2025-06-09 20:27:17 UTC,lead_sale,62.98,confirmed
REV7736F57E1FBA,L417CE1BAE473,P003,2025-05-09 14:08:15 UTC,lead_sale,61.82,confirmed
REV0B67FC4FFC93,L852C53C8D9FC,P005,2025-06-10 14:06:58 UTC,lead_sale,106.78,confirmed
REVADB22FBC3FBF,L7C9D0CD58CA4,P002,2025-05-17 19:24:50 UTC,lead_sale,81.51,confirmed
REV4581189AB4A2,LAE1DC3DA75CF,P002,2025-01-23 20:47:39 UTC,lead_sale,85.71,confirmed
REVA0CB2B851988,L52C03C64BF22,P001,2025-05-09 11:39:16 UTC,lead_sale,70.26,confirmed
REV68D536FE6EEC,L8BE93EDBF6BC,P010,2025-01-19 17:46:29 UTC,lead_sale,77.83,confirmed
REVB21795EAF821,L2A534BEBA260,P005,2025-03-17 17:41:18 UTC,lead_sale,105.42,confirmed
REVBB7B71E1661E,L2BECC63D67B5,P005,2025-05-21 12:22:10 UTC,lead_sale,120.8,confirmed
REVF78875DD20CE,LE511F3ACC887,P003,2025-01-13 09:36:04 UTC,lead_sale,71.12,confirmed
REVE5164217B30C,L5228BD483617,P001,2025-01-11 18:49:17 UTC,lead_sale,65.2,confirmed
REVEC0E23B752E6,L85EFE52D9D65,P002,2025-02-10 08:37:42 UTC,lead_sale,73.95,confirmed
REVD0CA7273D44F,LBC15264B33D7,P010,2025-03-23 12:15:51 UTC,lead_sale,65.77,confirmed
REV1F4C9A043404,LF433AA4888FA,P002,2025-04-06 16:11:09 UTC,lead_sale,89.62,confirmed
REV04B0C9C9A3ED,L095A43DE7DE0,P003,2025-04-24 19:06:10 UTC,lead_sale,76.16,confirmed
REVB14A03C5B90F,LFCC811A6537D,P002,2025-04-15 13:21:13 UTC,lead_sale,87.92,confirmed
REV2E132E8C90AD,L983FC0F2374D,P002,2025-03-29 09:34:04 UTC,lead_sale,84.21,confirmed
REV43593A909CCD,L696720FC0029,P007,2025-05-04 10:20:44 UTC,lead_sale,152.61,confirmed
REV53E3068EB020,LFF61A2EE9854,P002,2025-01-23 12:35:27 UTC,lead_sale,78.64,confirmed
REV800D2BFBCBD1,L79159BC79BF3,P010,2025-01-29 17:22:12 UTC,lead_sale,79.08,confirmed
REV16860F8F9852,L23172C8F607A,P003,2025-03-15 21:29:00 UTC,lead_sale,61.75,confirmed
REV62D9E33EDFFA,LBB7408786A0A,P010,2025-05-08 09:20:48 UTC,lead_sale,80.73,confirmed
REVEEF020AE49A2,L2AE32221A514,P003,2025-04-29 14:50:41 UTC,lead_sale,77.02,confirmed
REV1C24E8BD73C9,L5A456FA87C9F,P001,2025-03-21 18:57:45 UTC,lead_sale,74.88,confirmed
REV6B15FC15514A,L27BC78C6969E,P003,2025-06-28 12:09:40 UTC,lead_sale,63.4,confirmed
REVFA52B23F525D,L5258FEA620BD,P002,2025-01-10 14:08:56 UTC,lead_sale,76.18,confirmed
REVEFDF2D80D098,L10992E2CE8D6,P010,2025-06-26 10:57:00 UTC,lead_sale,70.95,confirmed
REV37B9A324E60A,L7A11194E9D18,P002,2025-02-19 14:10:16 UTC,lead_sale,68.55,confirmed
REV8F3BE8055417,L9BE6DD9D1B86,P003,2025-05-12 16:09:25 UTC,lead_sale,63.68,confirmed
REV24A46E239CC1,L8EDDCEDE3BB9,P005,2025-04-10 18:46:47 UTC,lead_sale,118.33,confirmed
REV55A814EBDDA9,LE00784B1FB75,P003,2025-02-19 15:02:13 UTC,lead_sale,68.24,confirmed
REV3CF5962E8E42,L8B5B6F4C4AC9,P003,2025-01-01 23:29:33 UTC,lead_sale,78.48,confirmed
REV8493C156FD4A,L31C989E6996B,P003,2025-05-11 11:42:54 UTC,lead_sale,75.55,confirmed
REVBF6AF2F11C67,LC647FD10D62E,P009,2025-04-11 14:01:28 UTC,lead_sale,52.92,confirmed
REVB53BC1BCB59F,LA1942AE5466C,P007,2025-05-25 19:53:24 UTC,lead_sale,128.82,confirmed
REV44260121E783,L99520AED6E16,P009,2025-06-02 19:19:05 UTC,lead_sale,65.05,confirmed
REV08D965B2B2FD,LA5CB7D9271A2,P010,2025-02-02 12:30:29 UTC,lead_sale,69.54,confirmed
REV7D18C3F57958,L60B06141B3BA,P002,2025-03-19 11:13:10 UTC,lead_sale,89.02,confirmed
REVBCD9AF9D6793,L178A440875F0,P010,2025-02-18 08:03:38 UTC,lead_sale,74.51,confirmed
REV35419EB871BD,L974A92B265A0,P009,2025-04-11 10:53:54 UTC,lead_sale,60.53,confirmed
REV1D6AA9BA71D7,L55FF11F3601B,P001,2025-03-29 11:30:36 UTC,lead_sale,72.46,confirmed
REV3F59EBADE1ED,LCC52C98306DF,P005,2025-06-13 14:25:08 UTC,lead_sale,109.3,confirmed
REVDFD22DFAA064,L8A7F185CEF86,P010,2025-03-08 21:20:20 UTC,lead_sale,65.99,confirmed
REVDBEF3CC4C1B5,LA195EB6716D5,P010,2025-04-25 18:33:59 UTC,lead_sale,76.23,confirmed
REV741EB9F1DC86,LB546D6BA2A08,P003,2025-03-04 16:38:34 UTC,lead_sale,67.1,confirmed
REVD4A5BA629446,L5DC2F0D409A3,P007,2025-03-01 13:23:40 UTC,lead_sale,115.74,confirmed
REV8D5B5B6273E4,L52CDF0DA46FD,P002,2025-03-15 15:20:19 UTC,lead_sale,77.85,confirmed
REV1B4C9CC3A20A,LB1CEEBD4A59B,P006,2025-01-13 10:56:10 UTC,lead_sale,126.8,confirmed
REV01DC0927DF60,L0BFE1D96A3FC,P001,2025-03-13 11:04:45 UTC,lead_sale,72.04,confirmed
REV52C9916561C8,L60DFD4686E11,P010,2025-04-05 19:16:58 UTC,lead_sale,77.76,confirmed
REV575E9A4038EB,L445FB809B55B,P009,2025-02-01 13:03:54 UTC,lead_sale,64.49,confirmed
REV8CBB8A61DAA2,L1FD4E0319FC1,P003,2025-06-07 11:56:52 UTC,lead_sale,77.82,confirmed
REV99C287CEDFD9,L3852BBB35E45,P009,2025-02-03 18:15:50 UTC,lead_sale,57.41,confirmed
REVB4C132D997E5,L24BDF586EDC1,P009,2025-03-05 14:59:26 UTC,lead_sale,57.7,confirmed
REV76978DCF49BF,L34BE638306A3,P009,2025-05-18 12:10:22 UTC,lead_sale,67.91,confirmed
REV8CB8755CCD07,L1E0E93233CC7,P004,2025-06-02 19:55:09 UTC,lead_sale,97.97,confirmed
REV6B07BC27CCED,L9BC3F5D7CCB4,P003,2025-02-18 15:19:31 UTC,lead_sale,66.93,confirmed
REVE36CA46E5CDA,LDD8B5C1D7AAB,P008,2025-03-07 11:31:38 UTC,lead_sale,73.83,confirmed
REVE241B36AE80C,L4EE42E89780C,P009,2025-06-21 13:41:52 UTC,lead_sale,58.23,confirmed
REVAC4F954AF7DE,LBA10A8812AF4,P002,2025-06-30 16:23:12 UTC,lead_sale,74.32,confirmed
REVEA9E196700F3,L5DFFF938EA88,P002,2025-03-22 15:46:11 UTC,lead_sale,70.64,confirmed
REV41F60E3A2620,L10742F9B58F6,P005,2025-06-29 13:32:42 UTC,lead_sale,122.64,confirmed
REV6B37FF694DAD,L01A7478C3535,P010,2025-04-25 08:28:29 UTC,lead_sale,79.81,confirmed
REVA2928B0C57E3,LCAB51EB1FB4D,P006,2025-01-01 11:10:47 UTC,lead_sale,125.27,confirmed
REVD5DF92320599,L291FCD310F74,P003,2025-05-14 09:53:42 UTC,lead_sale,75.27,confirmed
REV847B220B6D65,L5250E80380F6,P002,2025-01-18 09:24:49 UTC,lead_sale,89.73,confirmed
REVC0FAB55013AF,L93B3C55E7FDA,P009,2025-01-11 08:17:37 UTC,lead_sale,55.5,confirmed
REVE7E9A03D04BD,L32C7C5D76A62,P010,2025-06-29 13:43:50 UTC,lead_sale,86.32,confirmed
REV08414CF60EAD,LE86E1EAA23EA,P010,2025-03-21 11:54:58 UTC,lead_sale,79.94,confirmed
REVBCC8850197E5,LBD99925F96C1,P010,2025-06-04 12:07:07 UTC,lead_sale,83.78,confirmed
REVE77E835E643A,L8EB4CF64F821,P002,2025-06-26 20:31:25 UTC,lead_sale,71.3,confirmed
REV5FD5B04BE0DB,L7B4EE638B514,P003,2025-04-28 19:59:04 UTC,lead_sale,71.39,confirmed
REVEE73E3E8CC18,LF7540A64E4E0,P010,2025-04-14 17:23:27 UTC,lead_sale,67.0,confirmed
REV2EC9096A6F1A,L10128ED35613,P002,2025-03-28 10:36:20 UTC,lead_sale,69.6,confirmed
REV2FFEFD0D9E58,LBA61215D27AE,P009,2025-01-13 15:35:38 UTC,lead_sale,54.46,confirmed
REV81B8855D03BF,L23AB4325FDD7,P002,2025-04-01 18:02:04 UTC,lead_sale,80.43,confirmed
REV868741E3B8BC,L0DDBA875B599,P005,2025-01-02 09:36:51 UTC,lead_sale,97.53,confirmed
REV5D92F2188CF5,L8B44A6743217,P001,2025-05-11 20:46:42 UTC,lead_sale,71.19,confirmed
REVC02DD95F5DE3,LAB7BAE9F60DB,P006,2025-05-16 23:34:59 UTC,lead_sale,121.46,confirmed
REV71FB1D9B7436,L4DF44DE0882A,P003,2025-01-14 15:14:59 UTC,lead_sale,72.73,confirmed
REVB7BE8DB26E18,L4D490F6B92D3,P001,2025-04-14 18:03:53 UTC,lead_sale,69.81,confirmed
REV02EBF0970C28,L96165422D275,P003,2025-06-01 21:04:53 UTC,lead_sale,66.38,confirmed
REVDD0E74DB3B7E,LA8F994B1E236,P004,2025-03-05 14:00:02 UTC,lead_sale,112.85,confirmed
REV546F77515D1E,L5C5D48004937,P010,2025-03-10 19:25:51 UTC,lead_sale,72.77,confirmed
REV9E656E956969,LF816DAF24C3D,P010,2025-04-30 19:16:21 UTC,lead_sale,68.34,confirmed
REVB3F0CDC32111,LE31379B32C94,P010,2025-06-15 17:07:08 UTC,lead_sale,72.71,confirmed
REV3C74F42FB28E,L257652C8A7A8,P002,2025-01-14 08:53:00 UTC,lead_sale,84.31,confirmed
REV982A5515E488,L0ECA6FAC0771,P002,2025-04-15 19:46:26 UTC,lead_sale,83.66,confirmed
REV0666BB0F167C,LAD892DA05DDA,P010,2025-01-29 13:23:09 UTC,lead_sale,83.67,confirmed
REV876EAEE6DA1A,L6612A4F261E0,P002,2025-06-07 12:55:27 UTC,lead_sale,82.91,confirmed
REVDF50DE0C73E9,L8E613493B4A7,P008,2025-03-07 17:09:58 UTC,lead_sale,80.63,confirmed
REV2828406552BB,L27AEC6265308,P008,2025-02-14 18:50:21 UTC,lead_sale,83.79,confirmed
REV9BDB9F2248E7,LD66380A5A627,P010,2025-04-27 16:11:33 UTC,lead_sale,67.86,confirmed
REV7261BCBB1E50,L42864725A3FA,P002,2025-03-04 17:15:55 UTC,lead_sale,80.93,confirmed
REVF5FA0B1E4BEB,L6C873D891F93,P001,2025-04-30 15:26:15 UTC,lead_sale,60.75,confirmed
REVEC1E01625F7F,L03622ACDB9A8,P002,2025-05-04 13:10:46 UTC,lead_sale,79.15,confirmed
REVFA1DBF0A67D0,L3A3FE9B8B498,P002,2025-03-12 12:01:23 UTC,lead_sale,72.78,confirmed
REVD2E152440A5B,LD3A5450EB423,P001,2025-03-24 18:59:17 UTC,lead_sale,63.67,confirmed
REVEC04137A6591,L929FC0145F84,P010,2025-01-10 20:21:19 UTC,lead_sale,81.6,confirmed
REV0167A6911973,L554B23B2E9BF,P008,2025-01-21 10:09:56 UTC,lead_sale,91.44,confirmed
REV01AEEAE9D714,L03C45006F7ED,P003,2025-02-04 18:24:43 UTC,lead_sale,61.56,confirmed
REVA152070EC0BB,L0B499C455366,P003,2025-03-26 12:06:45 UTC,lead_sale,80.82,confirmed
REV3F8F5A6CABDD,LEDC321DA8027,P004,2025-05-22 11:57:08 UTC,lead_sale,91.06,confirmed
REV22F19CDD01FB,L70DF6521003E,P008,2025-05-07 12:32:31 UTC,lead_sale,73.27,confirmed
REVDD98D3C9AFDA,L491DFF0D6919,P002,2025-06-01 12:09:22 UTC,lead_sale,80.46,confirmed
REV12CA48DC214E,LF768028E8E3C,P002,2025-01-23 18:27:27 UTC,lead_sale,88.79,confirmed
REV71DCBF4E31ED,LAF3D06D693B9,P001,2025-01-01 09:39:39 UTC,lead_sale,63.61,confirmed
REVD5FAA4184C5D,L78CDFEFB118A,P005,2025-05-01 08:16:07 UTC,lead_sale,100.53,confirmed
REVB8CCF79536F8,L8054773D266A,P001,2025-02-20 21:18:21 UTC,lead_sale,64.89,confirmed
REVB8ACB0762D30,L3C041FFC7FA5,P007,2025-04-28 09:48:28 UTC,lead_sale,133.68,confirmed
REVF58620EFBF59,L73B2AE91EB01,P008,2025-04-12 21:35:37 UTC,lead_sale,89.68,confirmed
REVD4D4383023A6,LA738B4147E70,P009,2025-06-05 14:04:07 UTC,lead_sale,66.48,confirmed
REVE23E8025655E,L7FE437CBA77C,P008,2025-01-19 22:45:24 UTC,lead_sale,91.3,confirmed
REVC4B9E40D06C4,LE155E9969DE9,P003,2025-01-22 20:33:24 UTC,lead_sale,67.43,confirmed
REV971E0A63399D,LBB1F45E70EBB,P006,2025-02-11 15:24:22 UTC,lead_sale,114.28,confirmed
REV646B5989F2AC,LCE91CFEAE7F2,P003,2025-06-02 12:50:37 UTC,lead_sale,78.47,confirmed
REV99CC4FBA9213,L80041A697AC7,P003,2025-05-07 15:13:08 UTC,lead_sale,67.49,confirmed
REV38CE64E9C0B6,L374381784EDB,P010,2025-06-03 12:54:33 UTC,lead_sale,71.37,confirmed
REV991F90171318,LE19912D4F8E8,P002,2025-02-25 09:50:09 UTC,lead_sale,72.94,confirmed
REV6BAC852CA5FA,LCFC572D8D6E8,P003,2025-03-06 08:51:30 UTC,lead_sale,65.78,confirmed
REVBE92647DCDE2,L32A9DAC62BA4,P010,2025-06-11 09:41:47 UTC,lead_sale,70.34,confirmed
REVFD75A948B4B3,L964F8F879EB7,P008,2025-02-16 12:18:24 UTC,lead_sale,70.49,confirmed
REVE8F98855622A,LF9050C727085,P003,2025-01-24 15:27:17 UTC,lead_sale,62.55,confirmed
REVF97266F55F02,L5C29B9880746,P010,2025-03-06 12:44:55 UTC,lead_sale,80.34,confirmed
REV5F2A7B5AFAD9,L4E9F911A100B,P010,2025-01-21 17:11:37 UTC,lead_sale,74.9,confirmed
REVFE6B688B3807,LED73159FCCE0,P010,2025-04-22 21:19:45 UTC,lead_sale,75.51,confirmed
REV0B939FE8028E,L0BC391DE9379,P009,2025-06-16 14:35:10 UTC,lead_sale,64.84,confirmed
REVBB2E46208B80,L6D3B445A2AE9,P003,2025-04-20 19:42:20 UTC,lead_sale,76.67,confirmed
REVEB291518DE3B,L964641FA3C65,P010,2025-05-29 14:23:15 UTC,lead_sale,68.72,confirmed
REV30225857E58B,L4A6A206050F3,P001,2025-06-13 18:39:23 UTC,lead_sale,64.24,confirmed
REV61266DD37BDF,L148CA12F7DEF,P003,2025-03-10 17:19:32 UTC,lead_sale,70.47,confirmed
REVF5C9C3C90D86,LC206EDEF000C,P002,2025-06-21 10:49:22 UTC,lead_sale,70.53,confirmed
REV26388487AC26,LE3286E2FE757,P009,2025-04-28 08:13:54 UTC,lead_sale,63.45,confirmed
REV86861D330B98,L35DAC7BAB853,P003,2025-04-09 20:40:03 UTC,lead_sale,75.95,confirmed
REVB4083261BEF3,L80C8DB1B83CF,P001,2025-05-18 20:36:42 UTC,lead_sale,69.43,confirmed
REVF99B20C4D4BA,L0D8CAC48EF93,P002,2025-04-11 21:12:15 UTC,lead_sale,75.92,confirmed
REV53CC260BF17B,L98C29BA9EA9D,P001,2025-04-08 20:11:07 UTC,lead_sale,76.73,confirmed
REVB7D11057B001,L4C0CAFFF8712,P001,2025-05-23 12:50:56 UTC,lead_sale,70.39,confirmed
REVB4F7C9E31707,LE96A96F8DE22,P010,2025-03-14 10:00:46 UTC,lead_sale,74.38,confirmed
REV4BF1174D5514,L17BFD609D59A,P010,2025-02-07 14:54:21 UTC,lead_sale,85.97,confirmed
REV777C10A63667,LA206908979E5,P009,2025-05-25 22:52:22 UTC,lead_sale,57.99,confirmed
REV2267F6CF42F8,LE2700E8216D0,P010,2025-03-27 07:28:33 UTC,lead_sale,69.47,confirmed
REVE9AB458CBFB7,LF4C135C1907E,P006,2025-04-19 11:55:31 UTC,lead_sale,141.01,confirmed
REV2E85B2443FD1,L30772340AA30,P001,2025-03-29 15:41:39 UTC,lead_sale,62.14,confirmed
REVD9B6A6BD0A4D,L532B5393F0E9,P002,2025-03-26 08:14:13 UTC,lead_sale,70.25,confirmed
REV6E93598BBD60,L36C2BE4192AA,P002,2025-05-15 15:33:48 UTC,lead_sale,84.7,confirmed
REV0FF0E4FBFE37,L17249F23F3DC,P002,2025-03-21 09:09:48 UTC,lead_sale,72.07,confirmed
REV41ABEF033AF0,L78915B77E7A2,P002,2025-06-06 11:15:16 UTC,lead_sale,78.83,confirmed
REV96C9C0544538,L570FEEA56760,P009,2025-04-12 14:16:43 UTC,lead_sale,67.07,confirmed
REVEB6806F98586,L2AC5814771D6,P002,2025-01-29 11:03:19 UTC,lead_sale,87.42,confirmed
REVB1B472EEE9C9,L3A9BB4BEAB17,P003,2025-04-07 15:15:36 UTC,lead_sale,62.23,confirmed
REVC099742AB596,L1C5EFD392E7A,P003,2025-02-23 13:33:19 UTC,lead_sale,69.96,confirmed
REVAF8121ED7BA2,L544783A734A1,P003,2025-04-23 11:43:11 UTC,lead_sale,62.52,confirmed
REVD3818E6EEBCF,LF0E429429BDB,P010,2025-04-27 11:00:26 UTC,lead_sale,84.89,confirmed
REVDB9E890F6597,L3F479EDBF7E7,P006,2025-03-03 14:51:30 UTC,lead_sale,141.52,confirmed
REV03AA1429FA85,L0F229EF9D2E9,P002,2025-03-18 21:47:32 UTC,lead_sale,77.85,confirmed
REVD8BDD497D323,L05DCACDAA454,P005,2025-05-19 23:48:55 UTC,lead_sale,105.82,confirmed
REVE939F0398FF8,LEB753EFBF517,P005,2025-03-14 14:15:44 UTC,lead_sale,110.83,confirmed
REV5E7D46BACD9A,L99A568AA9FAC,P001,2025-05-27 17:09:22 UTC,lead_sale,65.83,confirmed
REV4A0F2581D4C1,L743D71DE6741,P002,2025-01-19 11:12:49 UTC,lead_sale,68.84,confirmed
REVA7F5DB7A8832,L068EF955C159,P010,2025-02-02 18:29:36 UTC,lead_sale,77.2,confirmed
REV23B8B680F5C2,L2ACDA8CB5DD6,P009,2025-01-23 12:40:37 UTC,lead_sale,69.11,confirmed
REVDE5F7D898ABC,L3A550DD2D8B5,P004,2025-06-05 21:10:15 UTC,lead_sale,97.1,confirmed
REVD1D3CE1B4E89,L85D455575520,P008,2025-02-09 22:58:10 UTC,lead_sale,72.37,confirmed
REV38E51E967308,LCB4421144F3A,P010,2025-05-30 10:39:35 UTC,lead_sale,68.27,confirmed
REV4BDB06D919A4,LCEAFD953E195,P003,2025-03-05 14:25:46 UTC,lead_sale,63.15,confirmed
REV50E6A792E283,LA55323ED8AC9,P009,2025-03-26 15:59:48 UTC,lead_sale,62.29,confirmed
REV1652171AEE93,L857A3D91B6A7,P009,2025-05-18 09:36:42 UTC,lead_sale,63.72,confirmed
REVC443DCC2AD8B,LC19CACE830FD,P010,2025-06-27 20:31:58 UTC,lead_sale,85.56,confirmed
REVCBF96B6F83B2,LCB800C2FE616,P005,2025-03-21 08:29:53 UTC,lead_sale,106.3,confirmed
REV49007801EB18,L3F53399C0EAE,P005,2025-04-10 09:59:08 UTC,lead_sale,103.11,confirmed
REVE36CD5A30EFC,L8BE38A33661E,P010,2025-06-06 10:27:45 UTC,lead_sale,86.23,confirmed
REVE6D38312E4FB,LFA2C6102FB52,P010,2025-01-27 21:34:04 UTC,lead_sale,82.06,confirmed
REV65995F9FBEDA,LE5D24EBA71C5,P005,2025-03-27 18:52:11 UTC,lead_sale,98.98,confirmed
REVA3DA56F06456,LE98146247BF4,P010,2025-06-20 16:31:38 UTC,lead_sale,71.23,confirmed
REV6AD18A55D71F,LDF12602A66D3,P010,2025-05-25 08:54:25 UTC,lead_sale,77.64,confirmed
REV65266CD53C79,L9DA8CF5CBD2D,P002,2025-05-15 14:56:24 UTC,lead_sale,68.53,confirmed
REVC410DD0CB343,L0C57B808B394,P005,2025-04-09 16:26:47 UTC,lead_sale,117.38,confirmed
REV37BDB78176A9,L15DA62921262,P001,2025-03-04 22:44:31 UTC,lead_sale,75.31,confirmed
REVA8F9903ED74E,L1B4D7A1205B3,P006,2025-01-07 18:00:21 UTC,lead_sale,138.94,confirmed
REV0715724DED48,L936B00A7A486,P007,2025-02-16 12:53:20 UTC,lead_sale,129.78,confirmed
REV320795041F0C,LE45331CC1ADF,P006,2025-01-28 20:36:14 UTC,lead_sale,139.02,confirmed
REV130B0533688A,L015B5D0B00EE,P010,2025-03-06 10:36:01 UTC,lead_sale,71.5,confirmed
REVD41A6E90A9FC,L236AF695C099,P003,2025-03-11 22:43:54 UTC,lead_sale,73.01,confirmed
REV96D09F7D9338,LC1519F656522,P002,2025-05-25 07:45:49 UTC,lead_sale,71.72,confirmed
REV6D85014B728E,LD1D48C1C5B90,P010,2025-02-15 14:46:06 UTC,lead_sale,79.33,confirmed
REVF0B46C7439F0,L6B1D95D99E9C,P010,2025-06-09 17:44:57 UTC,lead_sale,77.15,confirmed
REVBA1FF665EDF1,L6C2AEEE0AF34,P010,2025-06-27 16:49:04 UTC,lead_sale,76.66,confirmed
REV2E253BBE585A,LFD40A0ACDB9A,P002,2025-04-05 11:42:19 UTC,lead_sale,73.43,confirmed
REV409E06C27477,LD5D07F0FE53B,P003,2025-06-03 20:03:59 UTC,lead_sale,65.83,confirmed
REV82C82BDD93FD,LD862A4C11B8B,P010,2025-04-11 15:40:57 UTC,lead_sale,85.81,confirmed
REV0784180712FB,L7841AAAE229C,P003,2025-02-28 09:33:36 UTC,lead_sale,72.92,confirmed
REV9E6C5C8F05D9,L92900A36D4A9,P006,2025-01-23 20:56:24 UTC,lead_sale,134.69,confirmed
REV163B781C9512,L2D6081A62647,P009,2025-05-07 11:13:01 UTC,lead_sale,56.16,confirmed
REV9A3FD0D67994,L264FA63ED556,P010,2025-01-12 22:48:24 UTC,lead_sale,65.86,confirmed
REV3E8238F4A94F,LD8F20C9148C4,P005,2025-05-15 19:41:03 UTC,lead_sale,112.67,confirmed
REV849E53CF6F73,L4AD68E7735AA,P002,2025-03-13 18:44:41 UTC,lead_sale,72.77,confirmed
REV92A0BE3CE166,LCA820DD6A08C,P001,2025-02-06 17:03:31 UTC,lead_sale,66.05,confirmed
REV2E6D5EA05C59,L825E50EC42C2,P002,2025-03-16 09:06:49 UTC,lead_sale,69.13,confirmed
REVFFEB2B568250,LB601BD00F717,P002,2025-03-08 16:49:16 UTC,lead_sale,73.05,confirmed
REV497E6133A83A,L60CF22AD7121,P001,2025-02-26 16:58:32 UTC,lead_sale,62.41,confirmed
REV4AFA44954BC3,L30946E4549FF,P003,2025-02-05 18:45:28 UTC,lead_sale,81.0,confirmed
REV328CD8031F77,L98ECFCA5C6C5,P005,2025-02-01 19:32:45 UTC,lead_sale,120.37,confirmed
REVC2D33085B05F,L9A33B670ED12,P010,2025-03-13 19:37:35 UTC,lead_sale,83.19,confirmed
REV233A9C93452B,LC078221FC725,P001,2025-05-09 20:02:47 UTC,lead_sale,77.59,confirmed
REV62EB38D2D831,L363C25333FBB,P010,2025-06-05 20:34:15 UTC,lead_sale,71.52,confirmed
REV3FA2C1F2B2B9,LC23B0FB40BCF,P010,2025-04-10 18:27:25 UTC,lead_sale,65.71,confirmed
REV999D37EAEA89,L052CFDFD4418,P010,2025-03-17 15:30:48 UTC,lead_sale,77.97,confirmed
REV4473B5B9DB7F,L5104586D0361,P003,2025-02-13 15:27:10 UTC,lead_sale,78.44,confirmed
REV76BA11580554,LC38A0664E831,P006,2025-06-09 11:13:11 UTC,lead_sale,123.74,confirmed
REV4BB91D336E96,L623473517B3E,P010,2025-06-18 22:17:07 UTC,lead_sale,79.84,confirmed
REV208DAA8E5CCE,LC0A84464A1AA,P002,2025-01-16 22:02:51 UTC,lead_sale,76.37,confirmed
REV1FB6249CDA18,L9C2974FFD4C3,P007,2025-05-11 15:36:28 UTC,lead_sale,125.2,confirmed
REV5BE7F5FF2C2F,L14FEA7C50B5E,P002,2025-04-18 11:21:52 UTC,lead_sale,77.88,confirmed
REV5DE407209F01,LEB6DFA2F1145,P009,2025-05-08 09:50:33 UTC,lead_sale,62.77,confirmed
REV49714AA6D2AC,LCCF2BEE5CFEA,P010,2025-06-15 15:51:18 UTC,lead_sale,83.82,confirmed
REVD34A66065545,LA5298E9C376E,P007,2025-03-18 17:00:29 UTC,lead_sale,126.13,confirmed
REVD1D9AADF38E5,L329241F85E0A,P010,2025-03-16 18:22:06 UTC,lead_sale,81.65,confirmed
REVA4E6E75247B4,LCD9B6BA4A38B,P002,2025-06-09 07:56:54 UTC,lead_sale,74.11,confirmed
REVDDA77D86785A,LF0C69F555C9E,P003,2025-06-26 20:37:14 UTC,lead_sale,63.5,confirmed
REV5905EBABB579,LDD45C9255AAE,P002,2025-05-16 15:20:44 UTC,lead_sale,88.84,confirmed
REVB4F2714A9D83,L2725B460D380,P007,2025-01-16 13:25:45 UTC,lead_sale,147.99,confirmed
REV36F2587605DA,LBE5702FB07CF,P009,2025-05-17 23:37:26 UTC,lead_sale,55.88,confirmed
REVAC0D2BC6B5A8,LA030FA703B62,P003,2025-02-21 16:11:33 UTC,lead_sale,61.64,confirmed
REV54DEFB31A9E0,L9F531307C305,P009,2025-04-01 19:28:39 UTC,lead_sale,65.95,confirmed
REV36EC3B4DEB74,L8F11F2A67094,P009,2025-05-30 12:03:22 UTC,lead_sale,55.27,confirmed
REV09FC8A720E7E,L737DF661E6C6,P002,2025-03-30 22:24:09 UTC,lead_sale,71.58,confirmed
REVC34885D69EA8,L740D56549AC1,P001,2025-04-03 21:52:44 UTC,lead_sale,58.68,confirmed
REV71E8D85A4A84,L81D438A3B0B0,P003,2025-06-13 22:24:25 UTC,lead_sale,80.57,confirmed
REV3A7673C15C0E,LF8129D869562,P002,2025-06-20 10:03:20 UTC,lead_sale,76.18,confirmed
REVD6C655CDD5DF,L14A2CB515C82,P008,2025-02-20 08:53:20 UTC,lead_sale,75.4,confirmed
REV27E7D87DC280,L8F7E9B39CE50,P003,2025-06-29 16:44:38 UTC,lead_sale,73.8,confirmed
REV68DCE2A1753E,L0AEBDFB6821D,P007,2025-05-19 12:21:02 UTC,lead_sale,131.36,confirmed
REVC3F2A7010085,LF2F8E32C7BD7,P002,2025-02-04 18:18:56 UTC,lead_sale,74.4,confirmed
REV53B764E3339A,LFA371FD40104,P003,2025-02-27 11:57:30 UTC,lead_sale,77.56,confirmed
REV122655483940,L1504C815B6D9,P002,2025-01-02 20:29:16 UTC,lead_sale,87.23,confirmed
REV2D133B667C7D,L000608655E26,P010,2025-05-20 18:34:56 UTC,lead_sale,79.57,confirmed
REV0208EA627243,LAB803514E15F,P004,2025-01-10 20:54:03 UTC,lead_sale,106.68,confirmed
REV907B7E15F91C,LBC69BDC4B259,P005,2025-03-09 19:51:20 UTC,lead_sale,98.09,confirmed
REV2B1553162734,LAB3B4A416F8B,P009,2025-02-15 10:21:17 UTC,lead_sale,59.26,confirmed
REV10B4C4BCC1F8,L50FC69D92353,P003,2025-03-29 08:09:45 UTC,lead_sale,62.14,confirmed
REVCEFE73070F4B,LCBC041134681,P002,2025-04-13 07:25:34 UTC,lead_sale,68.68,confirmed
REVC758158D4722,LF51A8B920259,P003,2025-02-26 20:15:29 UTC,lead_sale,73.15,confirmed
REV95FF6EEEF999,L5C4FDD5EA0D4,P009,2025-03-30 14:41:56 UTC,lead_sale,54.66,confirmed
REVE13849238287,L0C2760F6533B,P002,2025-01-06 19:27:56 UTC,lead_sale,77.25,confirmed
REVBE5185286103,LDF519081B443,P005,2025-01-05 13:22:30 UTC,lead_sale,96.04,confirmed
REVAB542B9DD620,L2123A95CE920,P002,2025-06-10 20:54:13 UTC,lead_sale,74.05,confirmed
REV33188CC8C6D2,L42787406B816,P010,2025-02-24 19:49:23 UTC,lead_sale,84.32,confirmed
REVF1872F6F50A6,L83787F64018C,P010,2025-06-24 17:06:11 UTC,lead_sale,79.36,confirmed
REV2646CA2FCE57,L0E36AED9351D,P010,2025-01-12 09:47:44 UTC,lead_sale,66.9,confirmed
REV989D2738DDAB,L8EBDB60B17DB,P009,2025-01-01 12:58:03 UTC,lead_sale,59.26,confirmed
REV95A7351C3AC1,L1A79473C9AB0,P006,2025-02-24 23:33:17 UTC,lead_sale,134.74,confirmed
REVEC0B06DE7767,LFE0C37FDE0CF,P010,2025-01-17 17:30:48 UTC,lead_sale,81.36,confirmed
REV68DB4CBE955D,L74FEE0713B55,P002,2025-04-22 10:47:23 UTC,lead_sale,68.07,confirmed
REVE9D5AD62FCB0,L31C62AC87BF9,P008,2025-06-23 11:40:01 UTC,lead_sale,84.21,confirmed
REV0F1AD5C98E60,LAA2CE9CD1F2F,P003,2025-02-21 13:24:27 UTC,lead_sale,66.67,confirmed
REV7E10AE49B7E0,L802BA4EEEC14,P005,2025-02-09 11:42:57 UTC,lead_sale,123.91,confirmed
REVB99752849A04,L065C2E64AC53,P009,2025-06-16 20:19:23 UTC,lead_sale,61.84,confirmed
REVF5E76A27D741,L7C40ED1FA16D,P003,2025-03-30 17:13:00 UTC,lead_sale,71.84,confirmed
REV7D7469886312,LE8946A45064F,P010,2025-03-10 11:31:17 UTC,lead_sale,66.74,confirmed
REV6DA6BBA636A8,L88DBA6B0EE30,P010,2025-05-10 11:19:01 UTC,lead_sale,75.35,confirmed
REV06A5844BC010,L5C8C7BC9BBFB,P003,2025-02-24 20:21:32 UTC,lead_sale,73.74,confirmed
REV8928F2F35195,L2CD4D2DB55B0,P003,2025-05-11 10:16:51 UTC,lead_sale,79.79,confirmed
REVD25FBB096098,L49DACC07C99C,P002,2025-01-02 13:02:08 UTC,lead_sale,72.12,confirmed
REV88A3DA711919,LC307F5F61FC5,P010,2025-06-16 23:30:35 UTC,lead_sale,66.21,confirmed
REVF0B1D23C0F12,LB94609F203B7,P008,2025-01-09 22:15:36 UTC,lead_sale,80.76,confirmed
REVD9088155979C,LE47F17E54E06,P001,2025-06-24 09:55:16 UTC,lead_sale,77.26,confirmed
REV111FB78587FE,LABC7B7765296,P006,2025-01-04 14:58:21 UTC,lead_sale,140.83,confirmed
REV128129A97493,L35C7549C6F6F,P002,2025-01-21 11:26:31 UTC,lead_sale,84.53,confirmed
REV9BF97BB6C78B,L2BCEDBB32982,P009,2025-02-04 08:36:10 UTC,lead_sale,56.96,confirmed
REV921B82BEDAAD,L4D8C52F6D64F,P010,2025-02-02 22:08:26 UTC,lead_sale,65.67,confirmed
REVC1EA925B6E86,L20E5113EB9CF,P005,2025-04-19 10:36:49 UTC,lead_sale,94.5,confirmed
REV749A0F274E7D,L512A135D9560,P002,2025-05-24 15:10:24 UTC,lead_sale,85.57,confirmed
REVA74C82909CEC,L3B3F84DE1612,P001,2025-05-24 08:04:01 UTC,lead_sale,75.97,confirmed
REVBCEC39D470C5,LAEEE883D6AE2,P002,2025-05-20 19:27:36 UTC,lead_sale,70.48,confirmed
REVC5CAA228FB1B,L7CFC019DB177,P003,2025-01-10 12:22:10 UTC,lead_sale,72.84,confirmed
REVD1D92B202DAE,L5FF4734586E5,P010,2025-01-31 22:05:41 UTC,lead_sale,74.27,confirmed
REV57FC187BB37A,LF25CF29BE195,P005,2025-04-16 15:46:50 UTC,lead_sale,103.26,confirmed
REV3EB448E7D4C8,L0FEE003AB981,P010,2025-01-04 16:37:51 UTC,lead_sale,78.77,confirmed
REV196F0091DF3A,LAD7CAEB5855E,P002,2025-05-10 21:36:24 UTC,lead_sale,88.22,confirmed
REV85FBB543CA86,L55C5D2FB78E5,P002,2025-06-24 21:48:35 UTC,lead_sale,85.67,confirmed
REV52992933DE1B,L968ED4C925F0,P010,2025-05-17 17:53:39 UTC,lead_sale,72.96,confirmed
REVB436496AF00C,LFB0DEA1D7936,P010,2025-04-12 15:22:23 UTC,lead_sale,65.42,confirmed
REV0236653452E0,L9B27B11A7227,P002,2025-02-11 16:59:18 UTC,lead_sale,68.93,confirmed
REVC950541DE27A,L655CDFDDDE08,P005,2025-02-19 11:58:25 UTC,lead_sale,96.76,confirmed
REV43288C09BDB1,LE57C3CAF3499,P005,2025-05-15 18:09:49 UTC,lead_sale,109.57,confirmed
REV966635CB6A92,LB7A0CB5E31A8,P007,2025-05-11 12:32:08 UTC,lead_sale,121.27,confirmed
REV407FD512542F,L3DEB0D146A6F,P001,2025-06-04 16:18:37 UTC,lead_sale,66.99,confirmed
REVE4A9EC69711E,L089804A2BAFC,P001,2025-02-01 11:52:29 UTC,lead_sale,67.9,confirmed
REV0D32A4268129,L46BA1E04A8F5,P001,2025-01-28 08:12:34 UTC,lead_sale,69.24,confirmed
REV97213F31E335,L9F52D29B6794,P010,2025-02-21 20:00:18 UTC,lead_sale,66.59,confirmed
REV2237F919C7E4,L29EF71184E5E,P002,2025-02-28 23:44:28 UTC,lead_sale,85.98,confirmed
REV0B6B55658108,LF460348DE134,P010,2025-04-20 13:26:33 UTC,lead_sale,77.41,confirmed
REV1C4FD229989C,L8D5AF6306423,P002,2025-05-01 08:15:24 UTC,lead_sale,80.86,confirmed
REVDAEBA41281C4,LDB7E973905BB,P010,2025-06-05 12:49:24 UTC,lead_sale,69.87,confirmed
REV7B8A0A08697D,L1D4D28C40A13,P002,2025-06-26 13:58:11 UTC,lead_sale,83.03,confirmed
REVDA4F4AEA6289,L6314438232B7,P002,2025-01-27 22:54:22 UTC,lead_sale,69.76,confirmed
REVBFA49D99C501,LBF63B853CE45,P009,2025-04-28 11:50:40 UTC,lead_sale,56.68,confirmed
REVB35897FE4F60,L4048DA2D1ACE,P010,2025-05-11 16:45:52 UTC,lead_sale,70.98,confirmed
REVF215ED24420A,L2B9BE1043D17,P007,2025-02-14 13:36:32 UTC,lead_sale,126.24,confirmed
REV5F8FEEC69FA7,LD3A814B0D40C,P001,2025-05-04 15:59:07 UTC,lead_sale,61.74,confirmed
REVFF6A93FD9F58,LA6BD1E4DAC4C,P003,2025-02-01 13:47:15 UTC,lead_sale,68.82,confirmed
REVB90C671F21C8,LFF3F40389D83,P008,2025-04-15 12:14:23 UTC,lead_sale,80.04,confirmed
REV77113A60E69A,L019B82E330FD,P001,2025-04-26 10:58:54 UTC,lead_sale,67.81,confirmed
REV134086968576,L8C7FD8E22CB8,P003,2025-01-21 21:50:33 UTC,lead_sale,78.2,confirmed
REVC420ECD1A0CE,LAEDF66C16613,P004,2025-01-04 19:33:53 UTC,lead_sale,94.83,confirmed
REV168B15AF806F,L4A526520CEFC,P002,2025-04-13 23:42:14 UTC,lead_sale,69.22,confirmed
REVB211916A8518,L9980F5DB62F5,P007,2025-03-27 11:25:18 UTC,lead_sale,151.78,confirmed
REV1B2EB6003A69,LCD60F9FE0D20,P009,2025-02-27 19:36:56 UTC,lead_sale,59.39,confirmed
REVB0C014B40759,LA5080AC805F5,P007,2025-05-04 21:18:09 UTC,lead_sale,128.6,confirmed
REVF9FBB91AEC56,LA5254E04A35B,P001,2025-03-30 22:19:41 UTC,lead_sale,77.53,confirmed
REVCD460A274B65,LF38476EACD69,P005,2025-06-08 13:43:01 UTC,lead_sale,117.58,confirmed
REVDBF8CC6A97D6,L06CD36A161C3,P005,2025-01-28 14:35:56 UTC,lead_sale,118.56,confirmed
REVA83F4D08F498,LDB9339911D11,P010,2025-03-29 14:36:12 UTC,lead_sale,76.56,confirmed
REVFF5241F706B0,LDEFCA80BB765,P010,2025-01-18 21:53:44 UTC,lead_sale,70.81,confirmed
REV5947F0973BCC,LD9BD914A2BF4,P009,2025-04-29 23:08:33 UTC,lead_sale,66.51,confirmed
REV23824495C7BA,L47047D5686B8,P010,2025-05-24 18:29:25 UTC,lead_sale,67.25,confirmed
REVE905BF0F9EFA,L8A4F8FEC6A88,P002,2025-04-02 19:14:32 UTC,lead_sale,75.7,confirmed
REV7F7730122810,L02B638E33898,P010,2025-01-06 16:40:04 UTC,lead_sale,73.49,confirmed
REV7682B733E46B,L6BCF6115262D,P010,2025-03-18 08:16:15 UTC,lead_sale,66.99,confirmed
REV88AA0E1BAF6A,LD19EEA7D4C94,P001,2025-01-17 11:05:05 UTC,lead_sale,76.57,confirmed
REV66636C4C6163,LBFB276CDC4FD,P006,2025-05-23 07:59:00 UTC,lead_sale,121.08,confirmed
REVFD3725511AF5,L9DB09B163583,P010,2025-06-24 22:16:18 UTC,lead_sale,76.68,confirmed
REV93E7D1EDD68C,L3B0884CCAB63,P002,2025-01-27 16:11:23 UTC,lead_sale,81.61,confirmed
REVE47CDA5166FF,L42BF47D87C44,P002,2025-05-12 11:02:48 UTC,lead_sale,87.58,confirmed
REV5211A9A3D0B1,L42E402690182,P008,2025-06-11 10:50:00 UTC,lead_sale,88.49,confirmed
REV585E5A729330,LCE34AECCDF72,P007,2025-04-01 20:08:28 UTC,lead_sale,125.16,confirmed
REVE70FB25335B0,L8523BCA9A183,P002,2025-05-29 08:37:14 UTC,lead_sale,74.05,confirmed
REV3E7276CDF118,L5944A4C18372,P001,2025-03-11 14:57:35 UTC,lead_sale,73.19,confirmed
REVBCA9B6E1E76A,L9EF3C0C52BFE,P002,2025-06-30 21:17:14 UTC,lead_sale,79.96,confirmed
REV44819AE8C382,LB7E547C394EE,P005,2025-01-19 18:14:14 UTC,lead_sale,108.83,confirmed
REVF1DB1AD92F96,LA65A38A469CF,P005,2025-06-15 22:55:22 UTC,lead_sale,110.95,confirmed
REV69036D998434,L88DFB7B822A8,P010,2025-03-11 16:03:43 UTC,lead_sale,84.11,confirmed
REV057D04C174EC,L47ECF4244EDD,P010,2025-04-22 09:35:40 UTC,lead_sale,73.93,confirmed
REV0F3C55487F58,LA67501133ACD,P002,2025-06-02 12:42:08 UTC,lead_sale,87.76,confirmed
REVF3166C671595,LCA47046097B2,P003,2025-04-08 14:16:25 UTC,lead_sale,81.51,confirmed
REV0DF4B91CEA2B,L607F9DBB9C87,P002,2025-06-14 21:00:18 UTC,lead_sale,75.89,confirmed
REV32CA82ACFB32,L99FA7A80B45E,P009,2025-01-12 15:58:49 UTC,lead_sale,58.53,confirmed
REV3B3E668A259F,LDEAA7373190A,P002,2025-04-14 10:09:29 UTC,lead_sale,73.22,confirmed
REVAF86413800CB,LFFC62D2263E9,P010,2025-06-10 17:43:36 UTC,lead_sale,71.14,confirmed
REV1A66CD121589,LCC16B6CD8298,P010,2025-06-14 11:10:51 UTC,lead_sale,83.04,confirmed
REVCAC71C496625,L959543C565F0,P003,2025-02-06 21:39:48 UTC,lead_sale,68.99,confirmed
REV5D51111FAACC,L0FE4E000014B,P003,2025-04-16 20:21:50 UTC,lead_sale,69.79,confirmed
REV598B30C8AAA6,LE5554799833F,P005,2025-06-18 10:59:41 UTC,lead_sale,114.77,confirmed
REV45F3E9366D3F,LD3B0CA8B97D9,P005,2025-04-12 11:05:30 UTC,lead_sale,122.56,confirmed
REV7322FA590944,L27A14B419EF8,P003,2025-03-28 23:48:59 UTC,lead_sale,78.74,confirmed
REV745E58265145,LB366FB648C8A,P002,2025-01-26 12:36:23 UTC,lead_sale,75.25,confirmed
REVC9842B786893,LCAEC6C773756,P003,2025-01-07 10:59:10 UTC,lead_sale,74.5,confirmed
REVF02F02100B8F,L9D8696ACD1ED,P005,2025-06-10 11:50:30 UTC,lead_sale,117.0,confirmed
REVA4EA224FB220,L077C8AB8CB98,P006,2025-04-01 08:18:32 UTC,lead_sale,137.69,confirmed
REVA5F567C4CBFF,L6336BCA0F188,P002,2025-03-05 20:28:24 UTC,lead_sale,81.14,confirmed
REVF1188E067FC8,L983CB4444BBA,P006,2025-05-17 07:49:42 UTC,lead_sale,112.75,confirmed
REV0B109D1893FE,L45174F1ECEA6,P002,2025-05-29 12:50:48 UTC,lead_sale,71.94,confirmed
REV2483D9AC3326,LE281E3CD89E7,P007,2025-05-17 15:43:00 UTC,lead_sale,124.06,confirmed
REVB6A65045D8F5,L9768FCBE8960,P003,2025-04-12 18:08:58 UTC,lead_sale,78.14,confirmed
REV87167A1EABF0,LBE19BCEE9C18,P002,2025-03-23 12:52:08 UTC,lead_sale,79.64,confirmed
REV7A2E211AF3B9,L379A51BA2C8A,P003,2025-02-01 15:40:03 UTC,lead_sale,77.39,confirmed
REV6C6050EA706D,LA8FD4369B596,P003,2025-06-11 12:45:20 UTC,lead_sale,73.88,confirmed
REVB7DE1AC13BE4,LD33FC8E88C91,P002,2025-03-17 09:29:06 UTC,lead_sale,87.0,confirmed
REV98F394B9D343,LC4B1C0305254,P010,2025-05-10 14:31:28 UTC,lead_sale,68.78,confirmed
REV5FEAF7C6749B,LC56B409A91D6,P002,2025-01-02 17:54:10 UTC,lead_sale,75.98,confirmed
REV8C3E6904E8D2,L98019F8FD30A,P002,2025-05-09 15:27:05 UTC,lead_sale,80.81,confirmed
REV168924284ECC,LBE117215ACDA,P004,2025-06-15 10:37:39 UTC,lead_sale,87.13,confirmed
REV0A341B87C822,LCC9BA9E38C43,P009,2025-01-16 21:24:48 UTC,lead_sale,67.55,confirmed
REV648FB524486A,L103C4F6F028B,P002,2025-01-12 20:44:14 UTC,lead_sale,76.26,confirmed
REVCF7A4CF37572,L91B3942B2ED9,P003,2025-01-09 16:37:05 UTC,lead_sale,79.07,confirmed
REV1C90CDD6BA1C,L8D9501480624,P003,2025-03-12 08:50:45 UTC,lead_sale,62.58,confirmed
REVFC742D058485,LD648A71E2734,P003,2025-01-27 16:44:44 UTC,lead_sale,62.88,confirmed
REVB0E02A37F9A6,LDDAB8213A9FA,P002,2025-04-09 13:25:45 UTC,lead_sale,89.24,confirmed
REV090ABBCE844F,L8B217DC5FAAD,P009,2025-02-09 20:52:00 UTC,lead_sale,63.63,confirmed
REV06CD2C8131C7,LAC5420EBFDAF,P010,2025-03-22 23:15:50 UTC,lead_sale,79.76,confirmed
REV25B7409C8499,L8B6AD61DBA15,P001,2025-06-05 10:31:30 UTC,lead_sale,77.95,confirmed
REVE3B346AEAB66,L92249AA252EB,P005,2025-05-07 17:19:58 UTC,lead_sale,122.76,confirmed
REVBD6379073355,L5FE30C9597FA,P002,2025-02-01 18:09:15 UTC,lead_sale,88.24,confirmed
REV5F9C9659EBE3,L905837AB989C,P009,2025-06-10 11:56:54 UTC,lead_sale,56.2,confirmed
REVE320C63A47DF,L17E94D01450C,P010,2025-05-16 09:35:06 UTC,lead_sale,69.1,confirmed
REVBA40CE76F87E,LFFB91BE00B62,P002,2025-06-24 22:57:30 UTC,lead_sale,76.34,confirmed
REVA13DF97516FC,L45FCED306244,P010,2025-04-25 18:08:56 UTC,lead_sale,80.4,confirmed
REV23DEDC0987BB,LF14AED7F7BF7,P005,2025-05-12 09:52:46 UTC,lead_sale,106.47,confirmed
REV33ED2BF5AACE,L54E83A569F8B,P003,2025-04-15 19:53:28 UTC,lead_sale,71.74,confirmed
REVB47645119527,LD06DD52D6B75,P009,2025-02-15 10:47:43 UTC,lead_sale,57.38,confirmed
REV6CD2B7B5EA6F,L47451A8691CD,P002,2025-06-03 22:50:23 UTC,lead_sale,77.05,confirmed
REVBBB2FC0F324F,L869E8207E779,P010,2025-04-07 18:47:43 UTC,lead_sale,84.9,confirmed
REV6494F78AE85D,L5CF80CF7221D,P003,2025-03-25 15:27:42 UTC,lead_sale,77.4,confirmed
REVAA86BF464964,L3120DB511070,P010,2025-05-01 22:37:56 UTC,lead_sale,73.6,confirmed
REVE34181F728DC,L6767B421FAAE,P006,2025-01-13 16:43:27 UTC,lead_sale,113.63,confirmed
REV953B7E9A5291,LC691547627FD,P003,2025-01-12 21:07:03 UTC,lead_sale,77.84,confirmed
REV8A1FAE97235C,L12C4A2BE4869,P002,2025-06-29 12:17:03 UTC,lead_sale,81.83,confirmed
REVF88F662CA4ED,L69DD8A1FB2F2,P010,2025-03-12 17:30:39 UTC,lead_sale,77.81,confirmed
REVE5796B2236E8,L8547939AB2AF,P010,2025-05-20 17:47:46 UTC,lead_sale,65.22,confirmed
REVA8CD2080E9DE,L493CAE4FC3F0,P009,2025-06-16 14:39:33 UTC,lead_sale,53.64,confirmed
REVC2B91A5DF373,L723EEF486510,P002,2025-05-20 16:47:43 UTC,lead_sale,73.16,confirmed
REV4E7066151B41,LC75C157D3F23,P001,2025-01-23 11:24:34 UTC,lead_sale,70.68,confirmed
REV67AF5EC09CFB,L16531AE09F14,P002,2025-02-10 08:30:43 UTC,lead_sale,69.44,confirmed
REV1D9411EEC517,L83CEFE84A175,P005,2025-05-27 18:27:18 UTC,lead_sale,105.32,confirmed
REVAD2B8DF94C68,L38ABBDD47E8E,P010,2025-02-15 22:58:09 UTC,lead_sale,70.32,confirmed
REV8F5A97681437,LFB6A71AA46D3,P009,2025-01-07 08:13:14 UTC,lead_sale,64.26,confirmed
REVC302D299BA23,L9EDC88B9CF06,P010,2025-06-26 22:37:03 UTC,lead_sale,68.08,confirmed
REVAC88862A371D,L73E499E56320,P004,2025-03-26 15:04:20 UTC,lead_sale,108.51,confirmed
REV0E07991ACD68,L1C308C3CF628,P009,2025-06-04 19:38:34 UTC,lead_sale,68.94,confirmed
REV5DF0A8F7BDB2,L6CEB6F45034C,P009,2025-02-07 11:52:19 UTC,lead_sale,63.09,confirmed
REV412BAB9F3FDB,L0A01F02B3B7B,P001,2025-02-03 12:01:25 UTC,lead_sale,77.69,confirmed
REVC61E31132C7D,L9CA3E64912E5,P002,2025-06-22 20:36:07 UTC,lead_sale,80.73,confirmed
REV024980BB06D9,L85F54DA37E48,P010,2025-06-29 14:56:30 UTC,lead_sale,81.08,confirmed
REVDB3926F34CC1,LD2CF0DCFD754,P002,2025-05-31 15:06:35 UTC,lead_sale,73.37,confirmed
REV894BF9B27CF0,L5106A850E37D,P010,2025-04-26 11:00:30 UTC,lead_sale,84.85,confirmed
REV7046BC913B6D,LE263A95C56C3,P007,2025-01-17 12:51:37 UTC,lead_sale,137.54,confirmed
REV23F2EAA4FB7A,LB1B66135962F,P002,2025-06-25 11:47:10 UTC,lead_sale,88.33,confirmed
REV7185F2CDC762,L1EC3B0B9F40C,P006,2025-05-23 10:36:40 UTC,lead_sale,106.78,confirmed
REVDB8D5F27940E,L29699C57D664,P001,2025-01-05 20:41:01 UTC,lead_sale,73.71,confirmed
REVBD308FA2BE13,L47E1716BDD93,P002,2025-01-28 16:59:19 UTC,lead_sale,79.15,confirmed
REV949CDDB0E5F2,L04644925C534,P009,2025-06-25 21:06:21 UTC,lead_sale,68.81,confirmed
REV5A53A84219B7,L5A8509817688,P005,2025-04-30 21:12:34 UTC,lead_sale,99.9,confirmed
REV09FEBBFA57C2,L784F12E32E20,P007,2025-04-01 12:24:36 UTC,lead_sale,141.83,confirmed
REVB0ED0BF3CCAB,LDAF2762EE89B,P010,2025-02-27 20:59:08 UTC,lead_sale,64.95,confirmed
REV2230ED144E02,LD7E6D3EDA77B,P008,2025-02-02 22:21:59 UTC,lead_sale,71.58,confirmed
REV5AB8A99BD1D0,L1D149235EB34,P009,2025-02-10 22:34:20 UTC,lead_sale,66.34,confirmed
REVF1A9205004F2,L67E16E5FC3D9,P005,2025-06-09 15:34:58 UTC,lead_sale,112.75,confirmed
REV349437274E61,L2177EFD2FA00,P008,2025-06-13 12:43:45 UTC,lead_sale,82.35,confirmed
REV6F0D87300286,LC832ED0EE785,P001,2025-01-14 12:29:02 UTC,lead_sale,73.84,confirmed
REVD76A428D3E54,LFBD3788E0B7F,P010,2025-04-06 20:40:28 UTC,lead_sale,68.24,confirmed
REVF804AEE7DD31,L8DAE91151460,P002,2025-03-07 17:08:50 UTC,lead_sale,72.27,confirmed
REV23D9620C85B2,L8AE04700DC3B,P001,2025-04-22 23:14:36 UTC,lead_sale,67.3,confirmed
REVBBEC664D20DC,L0F82CD96EB15,P006,2025-02-01 19:31:28 UTC,lead_sale,136.74,confirmed
REV1AAFB1BA8CDE,LA986A23A1247,P010,2025-01-06 20:54:32 UTC,lead_sale,69.38,confirmed
REV29E270E39FCF,L745F9AA2D904,P002,2025-03-20 21:17:20 UTC,lead_sale,83.81,confirmed
REV540DA703E1EB,L9407D71AE8A9,P010,2025-04-30 08:46:39 UTC,lead_sale,81.75,confirmed
REVBBC5ED5C7BF1,LE0E79509D0FF,P003,2025-02-07 20:25:09 UTC,lead_sale,80.28,confirmed
REV6B0C4631CA9F,LC6A353DAE614,P002,2025-02-14 20:03:40 UTC,lead_sale,67.67,confirmed
REVC7AD0D3022D6,L9147444E4DBD,P001,2025-06-07 14:31:24 UTC,lead_sale,69.23,confirmed
REV1D71522309F6,L24297EA2A393,P009,2025-06-22 14:28:35 UTC,lead_sale,65.06,confirmed
REVCD6C9142C12B,L9D389EF300D1,P002,2025-03-06 20:31:16 UTC,lead_sale,74.4,confirmed
REV9935021DDE34,LF6DE3301DDE9,P001,2025-06-07 12:06:51 UTC,lead_sale,59.74,confirmed
REV4A78509A40F8,L77BD011738E5,P010,2025-02-19 16:18:06 UTC,lead_sale,70.67,confirmed
REV4F4078723FAB,L9FC79466DE1F,P001,2025-04-22 12:49:47 UTC,lead_sale,77.91,confirmed
REV517E8CF406D8,L12FC0028F4F9,P002,2025-06-20 09:17:23 UTC,lead_sale,73.62,confirmed
REV6AD9B01029AF,L0246E906518B,P001,2025-01-13 16:11:52 UTC,lead_sale,65.82,confirmed
REV9B0AECCDDE9B,LBECB1468C374,P006,2025-01-05 19:52:56 UTC,lead_sale,108.8,confirmed
REV9F8679D32454,LD2628FA70308,P003,2025-01-12 09:05:02 UTC,lead_sale,72.96,confirmed
REV382E33F7E7A8,LF8941EE0B65C,P003,2025-01-27 18:35:07 UTC,lead_sale,80.8,confirmed
REV0C9AA53FE7DC,L19E4ABA94461,P010,2025-01-06 11:11:14 UTC,lead_sale,85.98,confirmed
REV3FAD6A54505A,LC20003ED7659,P002,2025-05-09 19:07:30 UTC,lead_sale,77.32,confirmed
REV62091A3B8753,L3E119F15A19E,P002,2025-02-17 14:39:16 UTC,lead_sale,68.18,confirmed
REV49E685E0E7B9,L37C768E2431B,P010,2025-04-04 16:10:25 UTC,lead_sale,66.47,confirmed
REV876397657B0E,L02F2A2F574D9,P002,2025-02-13 14:40:32 UTC,lead_sale,82.94,confirmed
REV155AD40B01CF,LC97607A8BDA3,P008,2025-05-01 15:02:42 UTC,lead_sale,80.43,confirmed
REV995B9656937C,L6F6D3AF1964D,P002,2025-04-13 10:15:14 UTC,lead_sale,85.23,confirmed
REVFBED01210C37,L1A458A88CADD,P005,2025-01-01 22:14:33 UTC,lead_sale,122.0,confirmed
REV7EE83B98B04F,L46D6A055A436,P001,2025-01-07 13:49:49 UTC,lead_sale,77.14,confirmed
REV455D992E6B25,L1C1E6867899A,P002,2025-04-15 13:34:18 UTC,lead_sale,87.66,confirmed
REV69A5D0D4B259,LC72AA9FAC43B,P003,2025-04-30 12:32:47 UTC,lead_sale,76.12,confirmed
REV3C7252FE94AB,LB891754EE8D4,P002,2025-05-08 17:23:22 UTC,lead_sale,79.98,confirmed
REVF7860DB80CBE,LC45661D2EDCD,P010,2025-01-01 09:52:19 UTC,lead_sale,81.04,confirmed
REV944DD9C98213,LED86BA43E07F,P010,2025-04-19 12:48:32 UTC,lead_sale,65.12,confirmed
REV8C3109677766,L8480DF62E6BF,P010,2025-03-31 12:06:44 UTC,lead_sale,72.36,confirmed
REVE7B1B74C0AFA,L73DB965C0ADC,P005,2025-03-29 08:46:12 UTC,lead_sale,115.54,confirmed
REV70DDDE320E12,L40BEF9A0BBE4,P010,2025-02-16 17:39:06 UTC,lead_sale,65.61,confirmed
REV2D1DE41E1DCD,L9C9CD5FFC4AA,P001,2025-03-17 08:27:01 UTC,lead_sale,77.7,confirmed
REV3BFBBFB6D3E1,LE9F8CCAA3B4E,P002,2025-04-27 14:57:58 UTC,lead_sale,71.42,confirmed
REVBFBD079B3577,LC19CD52C8A7B,P010,2025-04-23 14:03:10 UTC,lead_sale,83.43,confirmed
REV27F4AF5A97EA,L0C51DE55A131,P010,2025-02-22 10:07:11 UTC,lead_sale,78.24,confirmed
REV25DB849E48BD,LBA108A20FD81,P003,2025-01-01 22:13:01 UTC,lead_sale,70.28,confirmed
REVA3EFC481BC8E,L8C4558811A06,P005,2025-03-14 12:00:17 UTC,lead_sale,125.42,confirmed
REV12AE5F339C36,LEBC2889A7826,P006,2025-01-24 12:36:07 UTC,lead_sale,116.7,confirmed
REVCE933E496D1A,LC129C960D746,P010,2025-05-16 19:14:30 UTC,lead_sale,70.13,confirmed
REV65B4F5E6C624,L61481B7B0C97,P002,2025-03-16 11:59:24 UTC,lead_sale,74.6,confirmed
REV5D8589A0F79D,L0E906E6AFE64,P009,2025-03-09 10:55:55 UTC,lead_sale,52.67,confirmed
REV0377D9F42DED,LB66D1752AC61,P006,2025-01-24 09:52:02 UTC,lead_sale,132.76,confirmed
REV45CF52A27CD6,L71F2C9EFAE5F,P010,2025-06-21 12:17:36 UTC,lead_sale,67.13,confirmed
REVCDC02A81C055,LF5F4D5AF57E2,P009,2025-01-20 23:32:39 UTC,lead_sale,61.79,confirmed
REV24E86161D18B,L88046C069C64,P010,2025-02-18 09:58:13 UTC,lead_sale,76.11,confirmed
REVAC3FB378ACC3,L29D7DD556C39,P003,2025-04-05 23:01:23 UTC,lead_sale,75.75,confirmed
REVC778DDF4DAC2,L03363F6786AE,P003,2025-03-10 10:41:40 UTC,lead_sale,80.55,confirmed
REV9327EFA68005,L22EA0DA0B22B,P002,2025-06-23 14:23:25 UTC,lead_sale,83.96,confirmed
REVA76582EB839A,LAC2BA967EA3C,P010,2025-05-03 11:51:54 UTC,lead_sale,73.06,confirmed
REV05DF90555949,LC6AE8977ADF1,P010,2025-05-24 11:23:53 UTC,lead_sale,78.63,confirmed
REV37D298AE31B0,L37D40C06BBD8,P001,2025-06-28 23:34:08 UTC,lead_sale,65.6,confirmed
REVE53B03B895EB,L54AF441AF090,P010,2025-02-17 11:58:59 UTC,lead_sale,66.26,confirmed
REVF6B839F31C5C,L64163C511401,P009,2025-02-05 17:55:15 UTC,lead_sale,63.24,confirmed
REVBE21835B0DE1,L7293F852AA43,P001,2025-01-10 18:21:45 UTC,lead_sale,67.96,confirmed
REV82787E2AA369,L8432620303FE,P009,2025-06-18 13:10:02 UTC,lead_sale,63.1,confirmed
REV9DB62271ACD6,LAAF1AC10BB2F,P007,2025-04-15 19:06:16 UTC,lead_sale,147.92,confirmed
REV7C3008A876D4,LB7E2C2FD78B9,P009,2025-06-04 23:44:50 UTC,lead_sale,52.34,confirmed
REV078B14C30832,L32A77F4153AD,P002,2025-02-01 22:51:01 UTC,lead_sale,67.7,confirmed
REV58C77C99014F,LB1E5156E4EEB,P003,2025-05-13 18:12:14 UTC,lead_sale,63.51,confirmed
REVE2910A841DA4,L8468DADEE2AB,P007,2025-01-28 22:45:46 UTC,lead_sale,133.34,confirmed
REVC0631CAFFD21,LB59C9244A4E6,P002,2025-05-28 22:05:23 UTC,lead_sale,78.35,confirmed
REV31D9727E2D76,LD6896E861861,P004,2025-04-26 13:52:28 UTC,lead_sale,89.43,confirmed
REV643C56DDFD92,LC46CD7A80D6D,P010,2025-04-16 12:20:00 UTC,lead_sale,78.94,confirmed
REVE329637F0F7C,LF846180E39ED,P001,2025-04-06 12:32:52 UTC,lead_sale,59.62,confirmed
REVBBFF76A72159,L73D4450FD971,P004,2025-02-15 23:22:52 UTC,lead_sale,93.97,confirmed
REV349005FFBB7D,LB2D1F4DA55F1,P003,2025-01-01 09:50:36 UTC,lead_sale,62.11,confirmed
REV54EA91F3B33B,LF8648773DBA9,P010,2025-06-30 20:03:00 UTC,lead_sale,75.9,confirmed
REVDCEEC2080A07,L2D74B99D4E2F,P010,2025-01-08 20:06:26 UTC,lead_sale,84.05,confirmed
REVE70CA56D1FAF,LA1EDB72D9CB3,P008,2025-04-13 10:06:15 UTC,lead_sale,75.02,confirmed
REVF23033D61E10,LDD9CAA974FBE,P002,2025-04-18 18:11:51 UTC,lead_sale,81.52,confirmed
REVE1A4D77BFACE,L1E775D13CA3E,P005,2025-01-25 16:24:02 UTC,lead_sale,124.75,confirmed
REV37AFB067E210,L930662686AC6,P003,2025-04-24 16:37:42 UTC,lead_sale,78.22,confirmed
REV13BC34AFCB6E,L26CB1A953B92,P002,2025-02-09 22:25:07 UTC,lead_sale,83.1,confirmed
REV12B08C0E1AA8,L855C3AF8A427,P005,2025-03-23 12:52:23 UTC,lead_sale,113.45,confirmed
REV17EC2491FCF8,LAC487B6CFE83,P002,2025-03-04 20:10:04 UTC,lead_sale,74.63,confirmed
REV66CAE8C8F20B,L90BFB5F68C52,P003,2025-02-16 12:08:14 UTC,lead_sale,65.81,confirmed
REVA4A9CDD7E9C8,L551E4C9C8A7A,P001,2025-01-13 20:36:26 UTC,lead_sale,69.26,confirmed
REV2AEF3ED148CA,LF42F148105FB,P002,2025-05-25 16:50:37 UTC,lead_sale,71.9,confirmed
REV4E7BF7CB5DAC,L3CA628060D17,P001,2025-06-09 12:21:48 UTC,lead_sale,72.42,confirmed
REVE15ED344431E,L14F8A46D2D9B,P009,2025-06-24 22:43:25 UTC,lead_sale,65.46,confirmed
REVCDA603D7473F,L8F67A5A1CC8C,P003,2025-01-29 14:27:38 UTC,lead_sale,79.49,confirmed
REV8038F9DBF7D2,L3E6AFD925976,P010,2025-01-28 18:07:21 UTC,lead_sale,73.14,confirmed
REVB69E28974C01,L9BBCCA1E9386,P003,2025-05-22 20:06:01 UTC,lead_sale,66.67,confirmed
REV64F129A68AC2,LE4BFF7C2C5D1,P009,2025-03-23 18:42:09 UTC,lead_sale,54.58,confirmed
REV71A6822B9CD0,L416F3242316C,P009,2025-04-06 17:34:24 UTC,lead_sale,63.83,confirmed
REV10BB7B922979,L9F95FD8AE071,P005,2025-04-11 12:59:17 UTC,lead_sale,99.7,confirmed
REVEF2F3E19458E,LFEAC0DB67D7B,P010,2025-04-25 14:43:33 UTC,lead_sale,84.59,confirmed
REV990AB17916D7,L213A1C19BDB8,P007,2025-06-24 19:22:43 UTC,lead_sale,145.99,confirmed
REV5262A03D6635,LC9139A712D39,P010,2025-03-12 12:19:44 UTC,lead_sale,77.18,confirmed
REVC50FE7C5F798,L604B0081BDC8,P003,2025-04-22 15:09:41 UTC,lead_sale,65.24,confirmed
REV7FA78F9417D6,L3DD81990A8F6,P010,2025-01-25 13:15:48 UTC,lead_sale,80.65,confirmed
REVB72A57E543D3,LEDFB12E86D0D,P005,2025-04-26 18:42:05 UTC,lead_sale,106.25,confirmed
REV826F2139AF55,LB9295105B066,P007,2025-01-02 16:54:46 UTC,lead_sale,126.77,confirmed
REV1D9AB5942E8D,L7486CCD62E9B,P002,2025-05-25 07:49:33 UTC,lead_sale,83.03,confirmed
REV55A5B9A95AC6,L137032B925A7,P010,2025-06-05 09:56:06 UTC,lead_sale,70.08,confirmed
REV2605FC0EAD7F,L0DC4D20DE052,P010,2025-01-20 15:13:04 UTC,lead_sale,69.08,confirmed
REV35613BE43EE8,LCDD7493D7214,P010,2025-05-01 20:56:13 UTC,lead_sale,80.94,confirmed
REV3CB1BB28280D,L3417A33BA0FF,P010,2025-01-02 20:01:20 UTC,lead_sale,78.42,confirmed
REVECEA10DB72EA,LC73B7ABEB4CB,P002,2025-04-01 08:27:00 UTC,lead_sale,80.38,confirmed
REVA624ED6C1E2B,LB700FEE56647,P010,2025-01-23 18:42:48 UTC,lead_sale,68.39,confirmed
REV1478F49E2FD7,L5AD63C47C7F7,P002,2025-01-09 14:20:31 UTC,lead_sale,79.76,confirmed
REVB2AA7B670203,L8751030D3F56,P003,2025-01-16 12:15:09 UTC,lead_sale,76.29,confirmed
REV91308B14D615,L58B2C95BD493,P002,2025-03-13 10:40:04 UTC,lead_sale,71.08,confirmed
REV71F4C7A1E84B,L1E37B2B6B311,P002,2025-05-14 16:12:59 UTC,lead_sale,87.81,confirmed
REV6D6603A63D39,L8EDBC0C106F7,P005,2025-05-09 12:50:12 UTC,lead_sale,99.68,confirmed
REV72C27F254D60,L6D0C1B08DDD4,P002,2025-01-03 10:42:24 UTC,lead_sale,78.04,confirmed
REV959D8CBE06B7,L7867048EF905,P010,2025-03-25 20:50:27 UTC,lead_sale,75.08,confirmed
REV09F2C8D30342,LD72195391D60,P010,2025-06-12 20:49:43 UTC,lead_sale,81.62,confirmed
REV6D38775E568C,L14A9695636D9,P010,2025-06-18 18:18:50 UTC,lead_sale,69.52,confirmed
REVDCCD1F1F62FD,LA624E4BC9614,P005,2025-02-23 15:54:23 UTC,lead_sale,96.1,confirmed
REVB633741D1C06,L072194FC2C20,P002,2025-06-19 12:00:24 UTC,lead_sale,70.74,confirmed
REV50C1003D8C0D,LB6C917A5DACD,P009,2025-03-30 11:47:43 UTC,lead_sale,68.85,confirmed
REV171553E9D12B,L03956178A2FB,P003,2025-06-22 10:38:23 UTC,lead_sale,76.64,confirmed
REVACFB15D96FA0,L6AF0266B1B9F,P002,2025-03-29 08:28:52 UTC,lead_sale,77.54,confirmed
REV5D76EC4F2BB9,L5AE53FE58D47,P009,2025-03-22 11:08:13 UTC,lead_sale,56.94,confirmed
REVB2682AD44007,L89D30E1EDB1E,P007,2025-04-03 14:27:25 UTC,lead_sale,141.18,confirmed
REV6F72C11264E0,L69F5318A92C5,P002,2025-04-09 08:00:51 UTC,lead_sale,69.79,confirmed
REV104CA2CD69C5,L15CFC659C6AA,P003,2025-05-27 13:01:42 UTC,lead_sale,65.38,confirmed
REVE63F5991E2CA,L30884CE81EA6,P003,2025-01-30 11:30:31 UTC,lead_sale,71.41,confirmed
REV01F1D3EF9CEC,L291FFCE4D977,P006,2025-03-30 16:29:19 UTC,lead_sale,113.53,confirmed
REVA36A6FF8B620,L99731E62282A,P010,2025-05-11 10:10:16 UTC,lead_sale,80.04,confirmed
REV4A7C485A8548,L1D7B9C6EF55D,P010,2025-04-14 19:49:50 UTC,lead_sale,84.92,confirmed
REVFC11F680F788,L54AC7D787A38,P003,2025-05-15 15:01:38 UTC,lead_sale,72.22,confirmed
REV69A9BFD90E62,L7B577F3337F4,P003,2025-02-08 13:48:39 UTC,lead_sale,73.93,confirmed
REVC86C00387E96,LE19DE9C53758,P010,2025-05-27 09:30:55 UTC,lead_sale,80.77,confirmed
REV0C31B6B49A70,L935D2CF5A2B5,P004,2025-02-18 07:38:24 UTC,lead_sale,86.45,confirmed
REV357F81ADCB33,LD0E02BE38FA8,P003,2025-02-04 21:30:11 UTC,lead_sale,76.22,confirmed
REV56BADADF6390,L39611B74D583,P006,2025-04-24 08:28:35 UTC,lead_sale,116.15,confirmed
REVC62B425AEC27,LC0821610A9C2,P010,2025-01-12 15:46:20 UTC,lead_sale,85.29,confirmed
REV701878D5BE72,L45B304DE06FC,P010,2025-06-01 22:35:53 UTC,lead_sale,75.89,confirmed
REV3B2F118B0047,LA8B8801B74AD,P002,2025-06-30 18:45:26 UTC,lead_sale,87.67,confirmed
REVF5D968539E46,LA432FB222CAF,P002,2025-02-26 18:12:35 UTC,lead_sale,75.88,confirmed
REVF080154CB5F1,L6878CDA66B0D,P002,2025-04-22 10:12:14 UTC,lead_sale,67.65,confirmed
REV1FDCD0B8953B,L7A10CE2142D2,P010,2025-05-18 21:06:07 UTC,lead_sale,80.29,confirmed
REV23A0319DCF78,L41AB6B93AFAE,P001,2025-05-27 08:30:35 UTC,lead_sale,64.18,confirmed
REVA0835AC017C5,LDA52DE46A14A,P008,2025-02-16 08:13:23 UTC,lead_sale,70.61,confirmed
REV768B546FD369,LC60F07E07511,P001,2025-06-14 22:35:47 UTC,lead_sale,74.75,confirmed
REVBFF828BB1FCD,LB8CA1694F8B1,P003,2025-01-02 13:03:07 UTC,lead_sale,73.7,confirmed
REV480D8BAE0E54,L3259CB1851A0,P002,2025-02-27 22:39:42 UTC,lead_sale,74.52,confirmed
REV62C9920031A7,LDDB401C8965F,P005,2025-06-19 22:42:39 UTC,lead_sale,123.38,confirmed
REV9D8C91277798,L54944D3038A8,P002,2025-05-01 16:58:10 UTC,lead_sale,84.72,confirmed
REVBFCD669B3DDD,L81D593ECA253,P004,2025-03-28 10:07:41 UTC,lead_sale,102.63,confirmed
REVFB4B32ED7596,L44812C07C716,P001,2025-04-28 15:32:58 UTC,lead_sale,77.87,confirmed
REVA495457FEC89,LBB8EF1D2DA80,P002,2025-02-15 22:53:35 UTC,lead_sale,84.51,confirmed
REVD1F52E07E1C6,LFC130568E773,P006,2025-03-01 18:26:56 UTC,lead_sale,138.43,confirmed
REVEFE0E1464803,L9513CB364763,P004,2025-01-25 17:49:44 UTC,lead_sale,104.06,confirmed
REVD3655D8CA6E5,L638F70CCA3BC,P002,2025-06-19 18:57:56 UTC,lead_sale,82.13,confirmed
REV1138C2531961,LB5D9F479707E,P010,2025-04-21 20:44:56 UTC,lead_sale,80.33,confirmed
REV056945AFE6B8,L648D427B8067,P009,2025-02-22 11:17:48 UTC,lead_sale,65.52,confirmed
REV6E44FD72ECA0,LF42DAA870DC4,P003,2025-02-11 11:27:59 UTC,lead_sale,70.93,confirmed
REV5BDF9A352470,L0F6EC33C3B20,P002,2025-05-18 19:43:56 UTC,lead_sale,80.15,confirmed
REV99B36B08235F,L914662936FEA,P003,2025-02-21 12:38:03 UTC,lead_sale,63.92,confirmed
REVB40F55AA7D5C,L56264ECDCAAC,P010,2025-05-22 08:45:52 UTC,lead_sale,70.76,confirmed
REVC4C22C0EF637,L0AC87623DD73,P002,2025-02-07 21:48:42 UTC,lead_sale,69.7,confirmed
REV260E02365441,L5A74BA870718,P003,2025-06-02 22:23:15 UTC,lead_sale,77.23,confirmed
REV691C556EA63F,LB11A2B275358,P006,2025-04-06 17:32:22 UTC,lead_sale,139.97,confirmed
REV5AD287DD3C6A,LC2F032E1DA44,P001,2025-04-11 18:02:15 UTC,lead_sale,74.66,confirmed
REV96C5DF9DD6FC,L7470B65CD2CE,P003,2025-05-19 11:05:00 UTC,lead_sale,81.17,confirmed
REVEDA679A504BE,L042724F28400,P002,2025-04-05 20:04:57 UTC,lead_sale,69.86,confirmed
REV3B7EA89599C6,LCB526E6FDE7B,P005,2025-04-02 12:12:41 UTC,lead_sale,104.32,confirmed
REVB8C4E352D021,LDDE03EBF2C1C,P002,2025-01-06 11:53:36 UTC,lead_sale,81.32,confirmed
REV7C3DF69D55E8,L5AD05D033054,P008,2025-02-05 11:38:47 UTC,lead_sale,88.01,confirmed
REV2248AA003A28,LC4624E2696BC,P004,2025-02-12 18:13:10 UTC,lead_sale,108.58,confirmed
REVD85A51A5A05E,L19F7EAFDC8D3,P002,2025-03-22 12:34:58 UTC,lead_sale,75.62,confirmed
REVBC5F02AA6AA9,L478D7D70D2C7,P005,2025-04-11 22:59:13 UTC,lead_sale,115.68,confirmed
REV5A53EC71F87D,L6F3C68CDF950,P005,2025-05-13 16:42:29 UTC,lead_sale,120.02,confirmed
REV34180696B555,L0C7C242459DA,P008,2025-03-28 17:30:11 UTC,lead_sale,87.8,confirmed
REV9E858595A43A,L7933A07017C2,P005,2025-01-27 15:07:00 UTC,lead_sale,98.16,confirmed
REV2ED96BFBB7AC,LEE406676EEBE,P010,2025-04-20 13:11:10 UTC,lead_sale,76.52,confirmed
REV5A7E906D0E32,LE29B9ECC3B8D,P001,2025-02-19 16:50:02 UTC,lead_sale,76.43,confirmed
REV32145E1653F2,L1705935D9628,P009,2025-04-13 20:28:30 UTC,lead_sale,58.57,confirmed
REV97D02DF1D867,L46E6E7110DFF,P002,2025-02-01 14:35:33 UTC,lead_sale,74.34,confirmed
REVC0596117FE3A,L00AC6692D0F0,P002,2025-01-04 18:30:34 UTC,lead_sale,78.36,confirmed
REVAF4F6F981AFA,L41072A66C84D,P003,2025-01-30 15:12:06 UTC,lead_sale,79.92,confirmed
REVD28C77A21C7D,L562F422EAB78,P001,2025-05-06 08:39:53 UTC,lead_sale,68.97,confirmed
REVC489825E1311,L90B16B15748A,P002,2025-05-31 20:32:36 UTC,lead_sale,78.33,confirmed
REV343CEFB96AB4,L0A4A9F79FC43,P002,2025-03-20 23:30:02 UTC,lead_sale,86.75,confirmed
REV84A6CE88DC41,LD3958EA7DA2F,P002,2025-01-28 14:35:49 UTC,lead_sale,74.31,confirmed
REVDB6DB49D03F9,L74036DD26F02,P001,2025-03-18 20:16:27 UTC,lead_sale,65.38,confirmed
REVD240934CFA5A,L3F3B23B412AB,P001,2025-01-25 09:47:05 UTC,lead_sale,76.31,confirmed
REVC82DD4953CDC,LABFA3AB1E6E6,P010,2025-06-18 21:19:09 UTC,lead_sale,70.49,confirmed
REV604CF891EFE5,L5CB0FED8BC06,P003,2025-02-23 23:27:04 UTC,lead_sale,76.02,confirmed
REV1902373C5E8E,LB219E5D0056B,P005,2025-01-06 12:55:07 UTC,lead_sale,103.84,confirmed
REVE55417B0924E,L4ED9719857EA,P006,2025-05-21 11:42:13 UTC,lead_sale,124.19,confirmed
REV0381B47D27E2,LB8A89FEC844D,P001,2025-06-05 09:03:49 UTC,lead_sale,72.41,confirmed
REV00EF123154FE,L4302A4B1CED7,P003,2025-05-07 16:54:19 UTC,lead_sale,63.47,confirmed
REV0E7270A6763A,L474A6893D0B7,P010,2025-02-28 16:45:05 UTC,lead_sale,70.09,confirmed
REVBBC45364C959,L8AAD382E6358,P003,2025-05-28 08:54:45 UTC,lead_sale,78.64,confirmed
REV95FA1384A1BD,LF6C431648F96,P003,2025-05-23 22:22:38 UTC,lead_sale,75.34,confirmed
REVA59FC293EBC0,L25FADD389766,P002,2025-06-25 11:30:22 UTC,lead_sale,84.74,confirmed
REV7D43A0AD1AF0,L89C44E5D6E5E,P010,2025-01-20 19:48:09 UTC,lead_sale,73.48,confirmed
REV12563E20926D,LA8354109EF7B,P002,2025-04-15 21:01:32 UTC,lead_sale,68.66,confirmed
REV58F57A6642FE,LED6D01AD0CC2,P002,2025-01-28 16:14:32 UTC,lead_sale,79.88,confirmed
REV308322C3D6BE,LD0997028C2FD,P002,2025-01-07 19:14:17 UTC,lead_sale,72.13,confirmed
REVD038439B8F00,LDBBEBFC91B7E,P010,2025-05-25 00:02:24 UTC,lead_sale,68.22,confirmed
REV2D58D74E179D,L73BF8106ED9C,P010,2025-01-14 15:11:23 UTC,lead_sale,85.16,confirmed
REVF73F4FB8DFD0,L3F28377AF7AD,P001,2025-03-10 08:29:36 UTC,lead_sale,77.21,confirmed
REVE6F2ED43F34C,L309C35701532,P010,2025-06-03 09:33:54 UTC,lead_sale,69.15,confirmed
REVF24AF74A63E6,L22564E664F32,P003,2025-02-26 12:02:28 UTC,lead_sale,81.49,confirmed
REV571F4F47F340,L851A0DBC0D37,P006,2025-05-02 09:52:09 UTC,lead_sale,127.34,confirmed
REVC470ADF15465,L7A8C2AD2CDDA,P010,2025-01-13 14:30:54 UTC,lead_sale,82.92,confirmed
REV7A668F645248,LCA3F81CB71AF,P009,2025-04-28 12:03:35 UTC,lead_sale,63.91,confirmed
REV6328DF2B3C2D,L01EB2E5D39F9,P005,2025-02-04 17:52:57 UTC,lead_sale,115.26,confirmed
REV5974FAD7EE29,LA867EA140BE5,P008,2025-05-27 15:34:07 UTC,lead_sale,92.89,confirmed
REV087FE9D42B94,LDFBCC6AF063F,P010,2025-01-03 20:36:06 UTC,lead_sale,77.01,confirmed
REV7BE69C7C5412,L66BB30CB10A8,P002,2025-03-26 08:16:19 UTC,lead_sale,71.94,confirmed
REVBBB18F560E9E,L4D430A816F28,P010,2025-05-28 16:06:34 UTC,lead_sale,66.9,confirmed
REV95515F903243,L55EBEB62E79D,P009,2025-06-01 19:47:44 UTC,lead_sale,55.44,confirmed
REV6CE62E0D008C,L747E820CD3CE,P001,2025-05-25 15:56:30 UTC,lead_sale,69.15,confirmed
REV034D9BC29F64,LA4C2D1B02EE4,P002,2025-02-03 18:07:42 UTC,lead_sale,70.42,confirmed
REV34CAAF6030BD,L50A7FEAAC704,P003,2025-06-18 15:33:51 UTC,lead_sale,64.94,confirmed
REV6FACA52B83D9,LA16A6FBF009A,P007,2025-05-15 11:31:31 UTC,lead_sale,118.75,confirmed
REV6FFC226524C9,LF8C0867E839D,P010,2025-04-25 21:42:08 UTC,lead_sale,79.42,confirmed
REV7D31653279DF,L8A12107C2582,P002,2025-04-02 14:32:00 UTC,lead_sale,75.05,confirmed
REV61AAB0083668,LC63EB0E99E54,P003,2025-04-06 08:58:33 UTC,lead_sale,62.21,confirmed
REV742D21F535D3,LE3A52499BCBA,P005,2025-03-08 21:54:07 UTC,lead_sale,104.93,confirmed
REV3A025B3F87FF,LA7E41B6CB3FD,P002,2025-05-27 22:39:03 UTC,lead_sale,71.19,confirmed
REVC44600D0EF42,L9842118AD7CB,P006,2025-04-22 21:05:32 UTC,lead_sale,115.37,confirmed
REVA61A0DEED23F,LB4EBF77926DD,P010,2025-06-03 23:55:07 UTC,lead_sale,78.61,confirmed
REVEFE5B0077948,L65DF1E0F7315,P010,2025-02-08 21:59:08 UTC,lead_sale,76.4,confirmed
REVCEBA29845ACD,LDBA1ECAE5631,P010,2025-03-01 13:45:43 UTC,lead_sale,75.81,confirmed
REV20476E0AE24E,L92294E5D491A,P010,2025-01-11 21:28:57 UTC,lead_sale,77.86,confirmed
REV8BAD2F89469B,L5FF4FD52A28D,P005,2025-02-14 14:49:03 UTC,lead_sale,117.67,confirmed
REVFE86036CA942,LD9532452F5BF,P005,2025-06-03 11:37:12 UTC,lead_sale,106.81,confirmed
REV044D1D318587,LD2BF8029D252,P002,2025-06-25 10:16:22 UTC,lead_sale,89.46,confirmed
REV22B3EA373EC1,LAC4B0A5FB05A,P001,2025-02-19 18:04:01 UTC,lead_sale,73.06,confirmed
REV6F6BF073E0DB,L4AB944A9D136,P003,2025-03-14 20:19:35 UTC,lead_sale,79.88,confirmed
REV42B3F09478BB,L539CC0132CE0,P003,2025-01-04 17:14:58 UTC,lead_sale,80.14,confirmed
REV667DD9B70F08,L0804C46CE0B2,P002,2025-03-02 08:46:00 UTC,lead_sale,87.81,confirmed
REV8A42A27CF129,LFDFAEFA44EFC,P010,2025-01-20 20:25:00 UTC,lead_sale,73.64,confirmed
REVA62B4FC14A18,L69148183C400,P005,2025-02-24 22:50:38 UTC,lead_sale,118.63,confirmed
REV52100C4A5A7F,L94EA08A68BBA,P002,2025-01-16 10:01:09 UTC,lead_sale,75.33,confirmed
REV2B5EB273155A,L1AE31BCD420F,P002,2025-04-08 15:40:30 UTC,lead_sale,76.24,confirmed
REV2408FA420D8A,L9F25653D66B7,P005,2025-06-21 19:20:16 UTC,lead_sale,101.81,confirmed
REV604459AABF8B,LCD4686C082E1,P001,2025-06-14 18:48:06 UTC,lead_sale,59.38,confirmed
REV1F244C576579,L699773BADF07,P002,2025-05-15 21:35:12 UTC,lead_sale,86.07,confirmed
REV9FC5761F275D,LB08EB63AEDF3,P002,2025-02-28 08:26:52 UTC,lead_sale,84.27,confirmed
REV6AD80D4F0ECF,LBF26149F7EAD,P001,2025-05-18 19:27:12 UTC,lead_sale,58.8,confirmed
REV994C22DEADF6,L2CF90E10D260,P004,2025-04-28 13:37:16 UTC,lead_sale,107.26,confirmed
REVB9A1B25C7DAC,L643291927859,P002,2025-01-04 11:47:36 UTC,lead_sale,77.88,confirmed
REV34014E8C7EFE,L47E136F9E4D8,P007,2025-02-26 21:06:08 UTC,lead_sale,139.69,confirmed
REV1667AF5E87D7,L60A4B27F9CE9,P003,2025-03-14 09:25:25 UTC,lead_sale,67.06,confirmed
REVFAC522335CEE,L6A403BDCCF9E,P005,2025-06-24 16:22:10 UTC,lead_sale,118.19,confirmed
REV466C4A2212DB,L5889AF534C54,P001,2025-03-25 13:12:58 UTC,lead_sale,74.41,confirmed
REV869A876D64EE,LB442F3E80B91,P001,2025-06-26 10:37:19 UTC,lead_sale,74.16,confirmed
REVB71EEE8AE1E0,L7DB541D7141E,P003,2025-05-20 15:29:21 UTC,lead_sale,63.74,confirmed
REV48E54072EB69,L5ACB1CEA266F,P010,2025-01-27 09:43:53 UTC,lead_sale,80.25,confirmed
REVFB6A8A0B2E98,L0E325DBDDA43,P010,2025-03-28 10:22:32 UTC,lead_sale,74.59,confirmed
REVB71B501303DD,LA58743F73B75,P010,2025-02-07 21:10:02 UTC,lead_sale,67.97,confirmed
REV188EBD5155EA,L648099AFA720,P003,2025-01-09 20:50:12 UTC,lead_sale,74.75,confirmed
REVDE050F6F5356,L31D11421524E,P001,2025-04-16 23:37:57 UTC,lead_sale,77.35,confirmed
REVAD6033EB2ED7,L8A1C5C9522EE,P008,2025-06-21 19:16:58 UTC,lead_sale,71.51,confirmed
REV029D89FD41D5,L65FDF76F8A5E,P010,2025-06-01 23:28:56 UTC,lead_sale,79.38,confirmed
REV5F113D9244AB,L158EFECEC7C9,P002,2025-02-28 19:47:06 UTC,lead_sale,86.64,confirmed
REV47D129A08D8C,L32FE39F0B521,P002,2025-05-13 19:24:47 UTC,lead_sale,86.1,confirmed
REV1D5A41C5177E,LF529F47A9D5D,P002,2025-01-06 19:29:13 UTC,lead_sale,71.93,confirmed
REV484CDC3151CB,LD503AB611AA2,P005,2025-06-24 12:02:45 UTC,lead_sale,96.74,confirmed
REV317834756DBA,L12E04E39EC8F,P002,2025-06-22 23:11:35 UTC,lead_sale,84.82,confirmed
REVDB6AAC6F1FAD,L4BC340B5E0FC,P007,2025-05-14 12:09:45 UTC,lead_sale,143.29,confirmed
REV997DC3674ABA,LDF8D74B0C689,P002,2025-06-26 09:51:35 UTC,lead_sale,81.73,confirmed
REVD43060A2DA68,L5586A3BC3A10,P003,2025-03-12 21:50:01 UTC,lead_sale,68.85,confirmed
REV93E0BDFD2F88,L7CB17DFE5996,P003,2025-04-28 17:14:01 UTC,lead_sale,69.77,confirmed
REV573096882D11,LD694FD42B491,P010,2025-01-13 10:45:38 UTC,lead_sale,66.22,confirmed
REVDA3DB71281D7,LB163DB0A04F7,P003,2025-04-17 22:27:55 UTC,lead_sale,79.06,confirmed
REV570360F77D28,L5A1041148531,P010,2025-05-30 09:31:25 UTC,lead_sale,74.49,confirmed
REV9E163AAB4A98,LDE3675ECD120,P003,2025-04-15 09:37:33 UTC,lead_sale,65.31,confirmed
REV3B11ECCFE1A7,L917836B977FE,P009,2025-06-08 15:11:11 UTC,lead_sale,61.8,confirmed
REV59260AE1F451,L53C65BD5EFE3,P010,2025-01-14 20:35:42 UTC,lead_sale,80.09,confirmed
REV0A43BFC3EBB0,LF567CDD1543A,P010,2025-04-02 13:29:42 UTC,lead_sale,83.11,confirmed
REV1E6853928BA2,L54A51DFE0DCE,P001,2025-01-17 16:48:06 UTC,lead_sale,74.72,confirmed
REVEBA7BBB24D7A,L83EECCC4E1A8,P004,2025-03-08 18:29:31 UTC,lead_sale,87.03,confirmed
REV694096737975,L85B46FFA7089,P005,2025-05-24 17:59:52 UTC,lead_sale,96.6,confirmed
REV865880E50B7B,L51D47675CDA5,P007,2025-06-26 09:15:08 UTC,lead_sale,141.66,confirmed
REV4E7D67C6C539,L8D73607C2E91,P010,2025-05-10 13:16:45 UTC,lead_sale,67.28,confirmed
REVDA8236D988B3,LAE63B9A5363F,P006,2025-06-03 13:53:07 UTC,lead_sale,124.02,confirmed
REV07DEEA42B308,L3DE67FE3664D,P007,2025-05-18 14:16:47 UTC,lead_sale,142.51,confirmed
REVAD3D493DFE3D,L52180E8F5AEE,P010,2025-03-15 15:23:03 UTC,lead_sale,74.61,confirmed
REV8A4042CFBFC9,LD43F2D8669F3,P010,2025-01-31 11:21:00 UTC,lead_sale,69.85,confirmed
REV08F45A0360D2,L61FF92A24B9E,P002,2025-05-14 16:22:24 UTC,lead_sale,71.77,confirmed
REVC97C8646FFFD,L5D2344D96326,P004,2025-05-05 08:41:04 UTC,lead_sale,106.09,confirmed
REV657173AFC6B9,LF13EC05D81FA,P002,2025-03-29 21:14:47 UTC,lead_sale,88.21,confirmed
REV453ABE0864FD,LBA9513AB0A5B,P001,2025-05-15 09:51:23 UTC,lead_sale,77.42,confirmed
REV31FB6199280A,LF0259388617F,P003,2025-02-28 08:24:19 UTC,lead_sale,70.07,confirmed
REV3BE252603052,L72599ABA0830,P008,2025-04-17 09:42:09 UTC,lead_sale,87.37,confirmed
REVDDBF8C7818AA,L54E86809BF58,P010,2025-03-11 08:58:06 UTC,lead_sale,66.65,confirmed
REVDDF6FC3033DD,LF7278A280458,P004,2025-02-10 20:01:43 UTC,lead_sale,103.4,confirmed
REV02F0E4302404,LE25924619696,P010,2025-05-30 13:46:07 UTC,lead_sale,67.26,confirmed
REVBF5DB24B887C,L5CC345B7F9DA,P010,2025-06-21 13:57:11 UTC,lead_sale,69.2,confirmed
REV7577E6470894,L52EEA941535A,P010,2025-05-21 09:53:26 UTC,lead_sale,76.22,confirmed
REV612C0190C632,L55C67472E31F,P009,2025-02-19 16:26:25 UTC,lead_sale,60.83,confirmed
REVA946E1571C5E,LAA3E278172CA,P003,2025-06-06 22:43:32 UTC,lead_sale,67.36,confirmed
REV4938ADA33DA5,L952BB2E16666,P010,2025-06-16 23:07:20 UTC,lead_sale,83.38,confirmed
REVDB58ED2A0E84,L3C2A416FB3BE,P005,2025-03-18 17:59:46 UTC,lead_sale,105.83,confirmed
REV47B69A441F6A,L7358E90309D4,P003,2025-01-14 15:35:00 UTC,lead_sale,79.45,confirmed
REV003FC80AB128,L7A273DB12D60,P010,2025-01-27 19:18:00 UTC,lead_sale,79.14,confirmed
REV7C309D043020,LC468F53E18DB,P002,2025-03-18 10:22:07 UTC,lead_sale,85.56,confirmed
REV24D69478B1DC,LED2B50FFBD62,P007,2025-03-07 17:06:39 UTC,lead_sale,123.09,confirmed
REV13EA12AED1FE,LE32092BD5381,P010,2025-05-17 12:08:10 UTC,lead_sale,72.39,confirmed
REVAAC3501BE5AF,LFFE3C9FDEB41,P001,2025-02-17 07:44:26 UTC,lead_sale,71.33,confirmed
REV12875DD3FE43,L9C9AA5DE09D9,P002,2025-04-22 09:11:02 UTC,lead_sale,85.19,confirmed
REV747B551EAF12,L5AEDDC31CDBC,P002,2025-05-23 13:38:44 UTC,lead_sale,83.01,confirmed
REVA74BA84578C5,LCDB3982F325C,P003,2025-05-04 10:14:05 UTC,lead_sale,77.35,confirmed
REV54CD094359EE,L5A493CF30021,P003,2025-03-17 18:22:17 UTC,lead_sale,68.82,confirmed
REV3AB102DB1220,L0A8F1A47ADAA,P001,2025-01-17 21:36:46 UTC,lead_sale,77.08,confirmed
REV7CBB59E8CEDF,LB8F57F17BA62,P002,2025-03-08 10:13:43 UTC,lead_sale,74.31,confirmed
REV48EF0F0BA168,LD144B88F30B4,P007,2025-02-07 22:35:05 UTC,lead_sale,118.35,confirmed
REVBDA88F275D24,L3B285084F5C2,P003,2025-04-21 22:30:24 UTC,lead_sale,77.64,confirmed
REVD2CBA051F4F1,LC034ED887229,P009,2025-05-05 10:12:18 UTC,lead_sale,68.53,confirmed
REVBEB8A6334C9F,LB02B3D54910A,P002,2025-06-28 21:32:52 UTC,lead_sale,76.65,confirmed
REVA86D4D23A348,L020F44065484,P010,2025-01-13 09:05:29 UTC,lead_sale,67.88,confirmed
REV737721B31CA1,LEDB87575069D,P002,2025-05-16 08:05:51 UTC,lead_sale,71.1,confirmed
REVC187E0345B1F,LFF8201DE9671,P010,2025-01-30 10:52:21 UTC,lead_sale,78.99,confirmed
REVCB5580950F37,L603FF0BA99E0,P005,2025-02-04 20:29:55 UTC,lead_sale,121.05,confirmed
REV686F0F0FFC06,LA5A9719698A5,P010,2025-04-07 12:10:17 UTC,lead_sale,78.04,confirmed
REVCE306CAF529B,LFCB838BD91CE,P010,2025-03-24 11:33:57 UTC,lead_sale,78.47,confirmed
REVD7F53B0CF050,L366DEB8A74A0,P002,2025-01-26 21:14:30 UTC,lead_sale,83.89,confirmed
REV716121411E90,L0E24C83E8FDE,P010,2025-04-13 21:19:57 UTC,lead_sale,84.68,confirmed
REV83D8E7A26B57,L7F3DC55C0ED5,P009,2025-03-28 14:26:49 UTC,lead_sale,59.12,confirmed
REVCB2A7D92E727,L0693FF559E97,P010,2025-06-19 22:43:08 UTC,lead_sale,65.14,confirmed
REV46473444E0B6,L3290E0A35866,P010,2025-01-31 23:35:11 UTC,lead_sale,71.06,confirmed
REV9634B69350E6,L188C780A6515,P005,2025-03-20 09:39:53 UTC,lead_sale,101.59,confirmed
REVA0F717BB8F10,LFDDEB8F8A2B1,P010,2025-06-03 09:00:56 UTC,lead_sale,86.27,confirmed
REV683D88D82517,LC5EFF9216776,P003,2025-04-14 18:27:05 UTC,lead_sale,63.59,confirmed
REV9001619A93FC,L47ECD55B3B70,P010,2025-05-03 22:06:38 UTC,lead_sale,79.76,confirmed
REV08D833C27EEA,L701E2916395F,P001,2025-04-28 08:19:48 UTC,lead_sale,58.77,confirmed
REVD8118A397633,LFB289421ED5A,P001,2025-06-16 10:28:19 UTC,lead_sale,68.15,confirmed
REVB74127DA007D,L9334189A979B,P001,2025-04-24 19:30:20 UTC,lead_sale,59.99,confirmed
REV717A99EA9369,L0E18EBF4CC1E,P009,2025-02-21 10:09:50 UTC,lead_sale,64.68,confirmed
REV71F1A582BF72,LD3E344529C11,P010,2025-01-16 17:23:18 UTC,lead_sale,69.16,confirmed
REV078B51ADD08D,L59E492886FFD,P008,2025-05-10 14:35:11 UTC,lead_sale,88.46,confirmed
REVE8DA19D00D88,L25244FCBB3D6,P005,2025-02-04 10:13:53 UTC,lead_sale,96.44,confirmed
REVDA280E6EAC18,LFE3B971B7A9C,P010,2025-06-24 15:06:22 UTC,lead_sale,72.22,confirmed
REV8863F8A14005,L7EADA2547B6B,P001,2025-06-12 23:13:36 UTC,lead_sale,63.08,confirmed
REVDB13325B8BFA,L9E041C8B83C8,P008,2025-03-13 19:21:13 UTC,lead_sale,74.15,confirmed
REV5F8767D82A08,L916AB6ED409C,P010,2025-05-27 08:47:28 UTC,lead_sale,66.4,confirmed
REVD4AF158C535B,L5A623CC42799,P002,2025-03-18 19:12:55 UTC,lead_sale,78.44,confirmed
REVC2E1F3BBA2CE,LFFE4BEF03DBD,P001,2025-06-28 10:48:36 UTC,lead_sale,63.85,confirmed
REVBC0A6FB30B9E,L0C8A0FEBE05D,P002,2025-03-16 09:26:21 UTC,lead_sale,72.94,confirmed
REV27BC65629868,LB11538E06778,P002,2025-03-31 14:46:48 UTC,lead_sale,78.04,confirmed
REV1650B96D3AE3,L7FE533958318,P003,2025-04-07 15:35:46 UTC,lead_sale,79.66,confirmed
REV32D534067029,LDA6A1E49EDE3,P004,2025-05-17 14:02:10 UTC,lead_sale,94.62,confirmed
REVEAF2334A7B72,LF4DFA164BE24,P005,2025-05-05 08:32:47 UTC,lead_sale,115.25,confirmed
REV1B944527BD32,L717A305AEC86,P002,2025-02-23 07:56:35 UTC,lead_sale,78.89,confirmed
REV4E2D33E88462,L0658ED008459,P010,2025-06-22 10:44:04 UTC,lead_sale,83.2,confirmed
REVB87C9722BA5C,L81B30733FC17,P001,2025-01-09 21:01:56 UTC,lead_sale,66.5,confirmed
REV7F39FAB7D682,L83596A583581,P001,2025-01-24 13:50:28 UTC,lead_sale,75.7,confirmed
REV8E9F8057B2BD,L287CE2B9D7B1,P007,2025-06-30 10:34:19 UTC,lead_sale,129.31,confirmed
REVADCC8D3476C1,L0DCF23F81C09,P005,2025-06-26 10:15:53 UTC,lead_sale,114.24,confirmed
REVF515CFD9707D,LEB059B6F2555,P004,2025-06-15 19:32:33 UTC,lead_sale,100.94,confirmed
REV0552308BEEF3,L4A30AD9AE664,P003,2025-04-16 13:11:24 UTC,lead_sale,74.27,confirmed
REV115A442B37DC,L2CF9D0C5FA5E,P010,2025-05-12 19:16:50 UTC,lead_sale,77.13,confirmed
REV8A092EBF1233,L34232FEE5892,P009,2025-06-11 13:07:28 UTC,lead_sale,60.04,confirmed
REV24755FAF37C1,L5F01C072F33C,P009,2025-01-15 14:48:20 UTC,lead_sale,59.44,confirmed
REV46D9CBA548D3,L034C7CE2AC22,P010,2025-01-24 13:55:48 UTC,lead_sale,77.58,confirmed
REV13BD2D314FB7,LEE81B0AD19BC,P009,2025-02-12 18:40:38 UTC,lead_sale,63.55,confirmed
REV26981EEACF1E,L59EB104DF79E,P001,2025-05-22 16:29:54 UTC,lead_sale,72.35,confirmed
REV48C3BAD4F677,L83268453A96D,P010,2025-05-01 20:11:12 UTC,lead_sale,69.66,confirmed
REVA112869E0BF4,LFB98159B2013,P002,2025-03-16 07:43:08 UTC,lead_sale,77.3,confirmed
REV9807E1010BBA,L9FA4F0A998A8,P003,2025-06-01 19:30:53 UTC,lead_sale,77.39,confirmed
REVD5B066D7C50A,L9B39CCFAF921,P002,2025-03-03 11:33:53 UTC,lead_sale,75.9,confirmed
REV2C74700C092D,L8A2D3D76EBBE,P006,2025-04-10 14:18:56 UTC,lead_sale,113.54,confirmed
REV8B5344CD346E,LCBD28CD9A33E,P003,2025-03-11 15:16:48 UTC,lead_sale,64.06,confirmed
REVEB1314FA89A7,L234F32B37212,P010,2025-06-04 17:02:46 UTC,lead_sale,74.27,confirmed
REV59F56749A84F,LC7E302B9FD49,P007,2025-04-26 15:44:56 UTC,lead_sale,153.08,confirmed
REVA5124433BC3E,LBC1DF92B2488,P009,2025-02-25 19:48:52 UTC,lead_sale,67.75,confirmed
REV1180AFEC5CA0,L4186B2F90ED6,P010,2025-01-06 13:44:59 UTC,lead_sale,79.77,confirmed
REV65DFF3AC45EB,L288D9F97044C,P009,2025-05-12 13:03:32 UTC,lead_sale,60.59,confirmed
REV8626BA562E98,L3011469929BA,P001,2025-05-27 18:19:56 UTC,lead_sale,65.97,confirmed
REV10CB074655ED,L6A3FB430C020,P010,2025-02-09 22:28:40 UTC,lead_sale,83.66,confirmed
REV095003C96536,L8D554F535AF4,P003,2025-03-29 18:19:33 UTC,lead_sale,72.29,confirmed
REV8257C15C3112,LAD90C1D62FE3,P003,2025-03-10 08:22:04 UTC,lead_sale,69.88,confirmed
REV9054E0469240,L2CCD6B495EB0,P002,2025-01-21 08:06:20 UTC,lead_sale,83.55,confirmed
REVBEB5BA0636C9,L236BC7C3DC33,P009,2025-02-05 13:00:25 UTC,lead_sale,68.85,confirmed
REV6FBA0CCF242F,LFCFC3334F8DC,P010,2025-04-26 15:25:43 UTC,lead_sale,74.06,confirmed
REV0BC66BFEA963,L713E7F6BBDE6,P008,2025-04-04 11:52:39 UTC,lead_sale,87.25,confirmed
REVB10EBF7586AF,L90EF318FD223,P002,2025-06-21 08:55:18 UTC,lead_sale,81.48,confirmed
REV40268BC1FD54,LB889F8A2A265,P002,2025-06-25 18:27:50 UTC,lead_sale,83.71,confirmed
REV115B83106615,LBC0CFB911338,P005,2025-02-25 16:40:11 UTC,lead_sale,99.35,confirmed
REV3A8B5A40168B,L6D9E04FE9B6E,P002,2025-05-06 09:33:22 UTC,lead_sale,86.32,confirmed
REV4C3EC189B595,LA563000CBC9F,P009,2025-01-14 10:14:57 UTC,lead_sale,58.45,confirmed
REV5B937B65685A,L11413F2DD22F,P008,2025-02-20 16:49:17 UTC,lead_sale,90.03,confirmed
REVCF993A09722F,LC842DD4ECC80,P003,2025-02-17 08:50:15 UTC,lead_sale,64.57,confirmed
REV6459FF69E779,LF83163CCD42A,P010,2025-06-22 15:15:36 UTC,lead_sale,84.08,confirmed
REVAB78413780A4,L0DC531CC0C3F,P002,2025-01-29 21:06:35 UTC,lead_sale,75.76,confirmed
REVBFEAEBFC37CF,L0E6DFD34C1F2,P003,2025-05-20 17:30:31 UTC,lead_sale,65.0,confirmed
REVCF589005106B,L5B6BD81CAAC1,P009,2025-02-02 09:50:48 UTC,lead_sale,69.18,confirmed
REV7A0F4B1971C5,LFF1545EE5C22,P010,2025-04-18 12:05:30 UTC,lead_sale,80.12,confirmed
REV3154E12D6E78,L4E5B5E58EE58,P010,2025-06-24 10:44:51 UTC,lead_sale,76.3,confirmed
REVE7DD9CF2F8C8,LF5A932393A2D,P008,2025-03-08 20:03:10 UTC,lead_sale,84.0,confirmed
REVF5BE5DEA49AE,LE0110A258685,P009,2025-02-13 14:33:44 UTC,lead_sale,68.04,confirmed
REV0EE1E7CF36BB,L43AD3771A12F,P005,2025-05-08 16:06:43 UTC,lead_sale,100.87,confirmed
REV2B3A5B34AA50,LF9B2F8041F8D,P002,2025-06-23 20:02:06 UTC,lead_sale,86.61,confirmed
REV3E07CD2FE348,LB0364ED9F393,P003,2025-05-18 20:40:53 UTC,lead_sale,69.94,confirmed
REV67CE9EE23655,L238634D44952,P001,2025-03-19 20:34:02 UTC,lead_sale,76.16,confirmed
REVF4524BC2B6C1,L806A6A07A886,P010,2025-04-01 19:41:56 UTC,lead_sale,77.18,confirmed
REVC26CDC7DCAD7,LCA3D61665688,P002,2025-04-17 21:21:34 UTC,lead_sale,76.0,confirmed
REVE573C81E57FB,LF9DD7955D09B,P003,2025-01-10 13:12:12 UTC,lead_sale,62.85,confirmed
REV096D673E7B40,LDC821D5E8936,P005,2025-04-23 17:45:58 UTC,lead_sale,120.08,confirmed
REVF6DC43A2F4A7,LD981279B3ED7,P008,2025-04-17 18:40:10 UTC,lead_sale,79.15,confirmed
REVB869C15393E5,LC5739AB3875A,P002,2025-03-24 21:59:11 UTC,lead_sale,78.73,confirmed
REVFFD54E383391,L3B0E9AB971DF,P002,2025-03-09 09:39:40 UTC,lead_sale,73.4,confirmed
REV04102CB4695F,L3CAFFA2E27A8,P002,2025-03-09 20:13:22 UTC,lead_sale,69.03,confirmed
REVFC0CC0B440ED,L3D00CA995BBC,P009,2025-02-02 20:07:42 UTC,lead_sale,67.99,confirmed
REV8E5A74479E23,LC02ED1673A01,P001,2025-03-15 15:15:37 UTC,lead_sale,59.31,confirmed
REV912A6A253312,L237CE1D793FA,P009,2025-03-10 14:33:43 UTC,lead_sale,62.37,confirmed
REVE1A41E4022E7,L0A6820C6EA96,P010,2025-01-03 08:49:37 UTC,lead_sale,85.2,confirmed
REV2E9FBCDFD2F1,LB39B1FD62801,P002,2025-05-30 14:19:20 UTC,lead_sale,72.82,confirmed
REV2BDC882C3B0A,LCA2BC8B4906D,P001,2025-05-11 09:52:08 UTC,lead_sale,70.53,confirmed
REVEA8C3EDEC5C7,L29D92472DAAF,P002,2025-01-21 12:22:31 UTC,lead_sale,69.47,confirmed
REVF46EDE4490C5,L55EAD9231B69,P002,2025-04-17 15:13:39 UTC,lead_sale,88.22,confirmed
REV72CAC4D87996,LA0BA64E725F5,P010,2025-06-22 13:30:45 UTC,lead_sale,75.29,confirmed
REV31287AAABE7F,L2DA68F813F24,P003,2025-03-14 17:26:52 UTC,lead_sale,71.99,confirmed
REV32A100134D7C,L465ECFE7230E,P005,2025-02-28 15:47:44 UTC,lead_sale,120.24,confirmed
REV200C27FB413C,L75A8377DEA9A,P003,2025-03-11 11:49:12 UTC,lead_sale,74.72,confirmed
REV209E185A6C0B,LBD080AC51807,P002,2025-01-17 10:06:45 UTC,lead_sale,84.31,confirmed
REVD1512AD23FFC,L8A93199DA288,P010,2025-03-29 18:35:58 UTC,lead_sale,77.67,confirmed
REVDB71C1D185CA,L070DA4561F41,P010,2025-04-18 20:10:49 UTC,lead_sale,74.44,confirmed
REV8519DB2B308F,LFECFF7EDE473,P010,2025-04-18 21:21:52 UTC,lead_sale,80.26,confirmed
REVA14C75CE9B2B,LCA844F25BA8A,P005,2025-02-16 13:57:40 UTC,lead_sale,121.44,confirmed
REV78FBCF1D6789,L86167F8EB9CC,P002,2025-05-22 18:35:54 UTC,lead_sale,87.47,confirmed
REVB53AAE7B3F88,L7B7697E2DD8A,P002,2025-03-03 14:41:34 UTC,lead_sale,78.24,confirmed
REV6D0C375E5FF9,L4EC7BF2F7F92,P009,2025-04-22 11:19:56 UTC,lead_sale,65.68,confirmed
REV355391799390,LDA1334C40955,P001,2025-03-29 12:24:19 UTC,lead_sale,63.53,confirmed
REV5B606DC1E8C9,L15675102AF02,P005,2025-05-17 16:28:51 UTC,lead_sale,99.89,confirmed
REVCABEFF401C52,L9EDD83130B55,P002,2025-06-27 19:03:58 UTC,lead_sale,84.3,confirmed
REVBA470BF6EFB1,LF037816D8877,P009,2025-03-22 14:19:48 UTC,lead_sale,64.59,confirmed
REV5930F2D785F8,L18BB203757D3,P006,2025-03-10 16:16:03 UTC,lead_sale,127.85,confirmed
REVE8CD8E187F75,L9C6DAD15C8E5,P004,2025-02-13 14:32:10 UTC,lead_sale,86.81,confirmed
REVCC34832FD2DA,LFF69D56E4645,P005,2025-01-19 21:06:56 UTC,lead_sale,114.05,confirmed
REVCFE64781CEAC,LA50025576CE1,P010,2025-01-08 21:16:16 UTC,lead_sale,75.56,confirmed
REV84FB3E07AF36,L70C07813D18D,P002,2025-01-26 14:44:55 UTC,lead_sale,80.85,confirmed
REV9D72E1985D2E,LDF21D420F425,P001,2025-02-19 13:22:18 UTC,lead_sale,75.14,confirmed
REV028B26BFF65B,LA8FBB76E6D74,P010,2025-02-28 08:17:08 UTC,lead_sale,82.64,confirmed
REVDBB3C4B8D2C2,L11E736FB1812,P003,2025-02-07 23:42:29 UTC,lead_sale,65.06,confirmed
REV0CFA3985DB08,L58118AD239D7,P003,2025-05-09 13:57:17 UTC,lead_sale,77.63,confirmed
REVBDA3B45B0B5C,L5A86EFE5A4D3,P002,2025-01-21 13:30:41 UTC,lead_sale,82.82,confirmed
REV1710F254D8F1,L0D466B4C1C14,P010,2025-01-11 14:28:39 UTC,lead_sale,68.16,confirmed
REV5D844449A11F,LDDDD342129BB,P009,2025-04-11 08:33:16 UTC,lead_sale,65.69,confirmed
REV6C8CBDCD0353,LDEE7DDA94068,P008,2025-01-17 11:25:32 UTC,lead_sale,86.39,confirmed
REV2C58007764CD,L342E9C71E143,P008,2025-06-13 16:44:51 UTC,lead_sale,82.14,confirmed
REVA43A2489E7E7,L5730FBDBDD31,P003,2025-02-19 22:11:15 UTC,lead_sale,76.1,confirmed
REVD00ECA3545BB,L855FBE08CC67,P004,2025-04-09 10:33:18 UTC,lead_sale,111.93,confirmed
REVBAC27A83C00D,L1C8B4455CCED,P010,2025-02-03 16:19:58 UTC,lead_sale,71.29,confirmed
REV0C18699E7F8D,L1465A1B7A83E,P003,2025-04-16 21:33:02 UTC,lead_sale,61.82,confirmed
REV80B63C04516D,L271D3C4D6D85,P010,2025-01-27 16:54:46 UTC,lead_sale,85.56,confirmed
REV40664060ACE5,L79328B2E5EE8,P002,2025-03-17 17:39:37 UTC,lead_sale,74.93,confirmed
REV86FF5FF917CE,L92F7431D0BCB,P002,2025-02-04 16:59:00 UTC,lead_sale,76.93,confirmed
REVDCD67CE8B868,LC63B26DF4D3C,P006,2025-04-04 11:54:39 UTC,lead_sale,137.68,confirmed
REV0E399C1798F2,L4BC779B8D16D,P010,2025-02-27 13:56:27 UTC,lead_sale,85.93,confirmed
REVD4DB06E44F37,LB14A06020971,P005,2025-02-23 22:50:49 UTC,lead_sale,121.22,confirmed
REV418BAEB144D3,LCC3F69998250,P010,2025-03-04 14:39:22 UTC,lead_sale,82.11,confirmed
REV3DCF775FFB86,LC68AD07AF08E,P008,2025-05-06 07:53:14 UTC,lead_sale,76.83,confirmed
REV27F1AFF9EBA4,L18305E1BF2E6,P008,2025-03-11 08:33:48 UTC,lead_sale,80.33,confirmed
REVD46F9955C4D5,L7F5084FF12DF,P004,2025-03-10 14:26:32 UTC,lead_sale,101.47,confirmed
REV86495D5B541E,L2E9189444C8D,P004,2025-01-09 14:09:28 UTC,lead_sale,92.17,confirmed
REV22ACF7B2E2FF,LECF7B0CE4719,P002,2025-04-01 16:09:38 UTC,lead_sale,85.73,confirmed
REV7384AFC75AAD,LDFA76A6BFD20,P003,2025-04-15 23:12:43 UTC,lead_sale,81.16,confirmed
REVD9E2D848B609,LFD35CA8CFE66,P002,2025-01-04 21:06:06 UTC,lead_sale,70.72,confirmed
REV458ECB59D403,LF6271C8A2D5F,P006,2025-03-10 13:48:07 UTC,lead_sale,111.44,confirmed
REVDB95B61454C7,LE20F51ABDD00,P009,2025-05-06 12:31:30 UTC,lead_sale,64.1,confirmed
REVCE1790A00C40,LC78EACC6412F,P010,2025-02-07 22:45:10 UTC,lead_sale,77.24,confirmed
REV003CF236257A,LDFF64D0757FE,P002,2025-01-28 09:07:16 UTC,lead_sale,82.56,confirmed
REV32184EC7D5B2,LB67C85B39603,P003,2025-06-15 14:14:40 UTC,lead_sale,68.21,confirmed
REV381C0F81B6C7,LB30085119BB6,P010,2025-02-20 10:24:25 UTC,lead_sale,69.59,confirmed
REV3864C52B1853,L16A414414F84,P010,2025-01-03 13:35:51 UTC,lead_sale,69.22,confirmed
REVD0266BA0E836,L0A24ED781AAE,P003,2025-02-20 22:49:18 UTC,lead_sale,80.38,confirmed
REV599DF1B8CE48,L137DAB96D54D,P004,2025-01-18 12:19:29 UTC,lead_sale,100.18,confirmed
REV997219CD3F48,L3781B19756EC,P002,2025-06-04 10:20:44 UTC,lead_sale,89.24,confirmed
REVDACD53CD98A9,LB686636D032B,P005,2025-05-16 13:47:46 UTC,lead_sale,118.55,confirmed
REV788617DC1A0A,L5229756BB24E,P005,2025-06-19 15:51:02 UTC,lead_sale,122.75,confirmed
REVEEF89984FC7D,L3698B0458A42,P010,2025-01-19 14:38:36 UTC,lead_sale,82.46,confirmed
REVA5EBA87A73A2,L216358964D63,P003,2025-04-04 09:03:04 UTC,lead_sale,65.53,confirmed
REV8C7F11C16CB8,L19E913C6D572,P001,2025-02-13 09:10:27 UTC,lead_sale,60.56,confirmed
REV11D1A0A0AE2D,LD0444377E5F6,P009,2025-03-17 19:04:46 UTC,lead_sale,58.09,confirmed
REV6C9604D777C1,LBEBEC4C8AE6E,P002,2025-03-03 12:54:34 UTC,lead_sale,85.03,confirmed
REVF2FB58EFDE03,L7CF59893D740,P010,2025-01-29 16:19:54 UTC,lead_sale,81.66,confirmed
REV1DEECFAAA877,L4F267D48235D,P007,2025-04-17 16:39:40 UTC,lead_sale,134.23,confirmed
REV968D3C2F0588,L14EE1A4C1533,P010,2025-03-06 16:28:01 UTC,lead_sale,70.07,confirmed
REV5B41FC77A9DF,L7879CFA4D9D8,P007,2025-04-25 15:17:45 UTC,lead_sale,126.49,confirmed
REV81D049376AD5,L036D01456F7D,P010,2025-02-01 09:15:35 UTC,lead_sale,77.53,confirmed
REV70B9B3DF7DE0,L6C0C6FD3339A,P009,2025-05-18 10:49:20 UTC,lead_sale,60.13,confirmed
REV854FF204F3BF,LC95B26250877,P002,2025-06-22 13:57:47 UTC,lead_sale,87.78,confirmed
REV33048D74F7E8,L18301170CD0F,P005,2025-06-28 21:12:49 UTC,lead_sale,117.83,confirmed
REV538B8B50E550,L602B0E45C7E0,P010,2025-01-28 09:10:55 UTC,lead_sale,75.19,confirmed
REV73296CC69514,L4B649C6D4D16,P006,2025-03-29 00:16:30 UTC,lead_sale,141.09,confirmed
REV4BD51D2ABC11,L330F41BD6F18,P010,2025-01-06 11:41:36 UTC,lead_sale,80.53,confirmed
REV89E715B0B2AC,L8BC54E55E782,P003,2025-02-11 10:51:09 UTC,lead_sale,76.59,confirmed
REV43934EF72826,LB33AFAA34D4B,P003,2025-01-23 09:55:59 UTC,lead_sale,61.54,confirmed
REVB5735E2322C0,LFD95D8378AB6,P002,2025-05-24 18:55:12 UTC,lead_sale,71.21,confirmed
REVB7D51121E7E1,LA0F547B6B291,P001,2025-03-16 19:41:42 UTC,lead_sale,69.1,confirmed
REVE2422566A607,L530537EA5A70,P010,2025-03-15 16:40:51 UTC,lead_sale,83.81,confirmed
REV974508FD86A9,L1EA441221B0A,P009,2025-01-29 22:19:27 UTC,lead_sale,63.19,confirmed
REV554A62376373,L1D1A70875D98,P001,2025-05-24 11:09:04 UTC,lead_sale,60.06,confirmed
REV8B1AC12A8966,L97F14FCBEC9A,P010,2025-04-26 12:55:17 UTC,lead_sale,70.87,confirmed
REV6F2FBAD17767,L981EF550DFB5,P002,2025-03-12 09:49:38 UTC,lead_sale,74.69,confirmed
REVB496D78D6ED3,L291761FEC3D9,P001,2025-05-21 12:52:09 UTC,lead_sale,75.84,confirmed
REV0EA1F5843D33,L8F7D00714320,P010,2025-05-17 23:25:07 UTC,lead_sale,78.71,confirmed
REV4F283DDC490C,LFC0CC1D8E8D4,P008,2025-02-12 07:54:34 UTC,lead_sale,71.14,confirmed
REV47A8818F8138,LCFECE5E5324D,P003,2025-03-20 10:37:59 UTC,lead_sale,80.83,confirmed
REVB148B7D345F8,LF384EB424AAA,P002,2025-03-08 19:36:10 UTC,lead_sale,80.71,confirmed
REV2BAFCDD1EFA2,L0A0163A63784,P001,2025-03-04 10:30:05 UTC,lead_sale,58.58,confirmed
REVB21D5BECB78B,LF4D7B9BA9137,P002,2025-06-23 17:30:52 UTC,lead_sale,79.48,confirmed
REVF5157460D977,LEEE0863F4AD6,P002,2025-06-03 15:14:58 UTC,lead_sale,81.85,confirmed
REV15E690E6D516,L43AEB2542FC9,P002,2025-01-13 21:28:00 UTC,lead_sale,81.59,confirmed
REVCC0EFE537278,L06EAB9A26A29,P010,2025-05-20 11:26:19 UTC,lead_sale,72.17,confirmed
REVC94F38470316,LE361F157EAA9,P010,2025-01-28 10:30:36 UTC,lead_sale,74.12,confirmed
REV8EDBA3363CC2,L67630A256355,P001,2025-01-21 23:13:57 UTC,lead_sale,77.73,confirmed
REV07DD0A44B089,L24F228CBE9F9,P009,2025-03-19 19:31:28 UTC,lead_sale,67.25,confirmed
REV33B889448D16,LE97A7DA8C4B9,P002,2025-01-22 13:57:27 UTC,lead_sale,72.19,confirmed
REVCC3BC6F99248,LF2496BDBBA88,P009,2025-04-07 16:00:52 UTC,lead_sale,60.52,confirmed
REV4FD3283FD545,L10EDA611F25C,P003,2025-02-16 14:35:39 UTC,lead_sale,71.26,confirmed
REV967855C4A38F,LD66B392A27D2,P003,2025-05-25 20:12:47 UTC,lead_sale,79.96,confirmed
REVAA27B74453B7,LACF3C95EC073,P003,2025-03-14 17:11:53 UTC,lead_sale,62.01,confirmed
REV5FBBF34E2AA4,L8D43F875455D,P007,2025-02-18 19:37:53 UTC,lead_sale,145.15,confirmed
REV0B3F89D34600,L7A11391E4831,P002,2025-03-19 17:09:57 UTC,lead_sale,82.2,confirmed
REV7980CB824D85,LB20C014C910C,P010,2025-01-23 21:29:13 UTC,lead_sale,74.09,confirmed
REV52DF190BECCC,L10923C48EA38,P010,2025-05-18 23:13:39 UTC,lead_sale,68.59,confirmed
REVF3109AE0DFA5,L9EE2760FF8AF,P005,2025-01-06 09:06:25 UTC,lead_sale,117.85,confirmed
REV18F7703502D4,L36456DFDCB6A,P006,2025-01-16 09:06:16 UTC,lead_sale,114.6,confirmed
REV972F5B5157B2,LE23E61030481,P003,2025-01-16 08:47:08 UTC,lead_sale,65.67,confirmed
REV33607D2934DF,L39F3DCF2D798,P002,2025-01-18 13:40:10 UTC,lead_sale,72.81,confirmed
REVD79AE6B82BA4,L66E4D090C14D,P003,2025-06-03 08:45:55 UTC,lead_sale,75.58,confirmed
REV006CCDA32917,L8A68561D3B68,P005,2025-02-19 14:08:44 UTC,lead_sale,102.59,confirmed
REV29CD2433067C,LF8E9D3A94C58,P009,2025-06-02 19:04:41 UTC,lead_sale,66.51,confirmed
REV2D16B56F6AEA,L8C6402287B89,P007,2025-04-27 15:38:50 UTC,lead_sale,137.37,confirmed
REV05FB39111A62,L0CB2C2F03B04,P001,2025-06-13 10:01:16 UTC,lead_sale,68.69,confirmed
REVB0967FB098F4,L93F8972CBA2A,P003,2025-05-15 10:59:14 UTC,lead_sale,80.56,confirmed
REV91DA024FF46F,LD02FA87B6B67,P002,2025-05-05 23:18:15 UTC,lead_sale,79.83,confirmed
REVFB4C5FCC7D84,LD9B45FC444E2,P010,2025-05-28 23:10:22 UTC,lead_sale,66.61,confirmed
REV89AF4BFF1C3A,LE79CC4143D4C,P005,2025-01-12 09:54:04 UTC,lead_sale,122.59,confirmed
REV561C3B2E09A6,LD4A4641852FB,P002,2025-05-27 21:00:59 UTC,lead_sale,71.01,confirmed
REV16BB94D486A1,L6F841B476693,P009,2025-06-17 19:39:36 UTC,lead_sale,52.33,confirmed
REVBB88308141EF,L69C29E9474C2,P003,2025-04-02 08:55:24 UTC,lead_sale,66.08,confirmed
REVC5C313A78499,L9A1F2D6E9C95,P005,2025-03-05 17:10:05 UTC,lead_sale,109.4,confirmed
REVE64B1FD764A7,L0263D8D3233D,P003,2025-02-11 15:36:05 UTC,lead_sale,66.01,confirmed
REVD5FEB202F769,L395629195805,P005,2025-05-03 16:17:28 UTC,lead_sale,107.93,confirmed
REV8754D2061805,LE2BFB7F10AFE,P001,2025-05-16 20:38:36 UTC,lead_sale,71.66,confirmed
REV4E2362E84830,L4B6BE1A41195,P003,2025-02-17 09:05:57 UTC,lead_sale,70.79,confirmed
REV056C6F06D9E2,LAF6B58DD58CF,P003,2025-06-06 14:40:25 UTC,lead_sale,61.72,confirmed
REV197669CFB67E,L2037194B1265,P002,2025-05-25 08:26:51 UTC,lead_sale,74.77,confirmed
REV072E26CA95B0,LF745FB530BCE,P003,2025-05-25 13:59:21 UTC,lead_sale,70.47,confirmed
REV3FE54CFF0D5B,L93E0C1283930,P002,2025-06-27 19:22:54 UTC,lead_sale,87.96,confirmed
REVE14007990479,L13484E71F2D1,P001,2025-01-28 23:51:39 UTC,lead_sale,71.0,confirmed
REVCB2DE9503CC7,L1562B5C33B88,P006,2025-04-23 09:59:38 UTC,lead_sale,128.68,confirmed
REVD16397F6787C,LCAA7CA6A5BBE,P003,2025-03-29 19:12:19 UTC,lead_sale,71.57,confirmed
REV2C1D3FBEBEE0,LB1A981E84434,P004,2025-06-18 20:54:16 UTC,lead_sale,86.19,confirmed
REVC86B29B5E3E8,LEDF325EEE73A,P005,2025-05-07 20:03:25 UTC,lead_sale,125.27,confirmed
REVD827977C50FB,L0114677804AC,P006,2025-01-11 21:41:49 UTC,lead_sale,133.53,confirmed
REV50235C94EA84,LE4087EE8460F,P010,2025-04-10 20:36:44 UTC,lead_sale,73.79,confirmed
REV61F259886A41,L8864D76032CF,P009,2025-01-06 13:06:36 UTC,lead_sale,68.19,confirmed
REVAD432E1A6314,LF4631DEDA50A,P009,2025-03-21 10:25:35 UTC,lead_sale,61.2,confirmed
REVB59B7DDC7865,LF4B8EAAA73BA,P003,2025-04-15 22:57:06 UTC,lead_sale,78.46,confirmed
REVC754C31F3975,LBE4418CCA517,P004,2025-01-22 22:04:31 UTC,lead_sale,89.93,confirmed
REV4BAFB151FB2C,L0557899C9178,P009,2025-06-16 23:14:26 UTC,lead_sale,54.87,confirmed
REV699E9C043A69,L260CC07DDAF1,P009,2025-05-16 18:47:40 UTC,lead_sale,61.33,confirmed
REVB07D01BB5D2C,L113E3179CBD3,P002,2025-04-21 11:10:00 UTC,lead_sale,82.28,confirmed
REV7A52C7AE0449,L5D255670B21F,P003,2025-06-21 18:26:55 UTC,lead_sale,80.31,confirmed
REV390766521E60,LD33EAB03EF41,P002,2025-05-02 22:23:11 UTC,lead_sale,87.36,confirmed
REV94431F77C78C,LE68903F76D6F,P003,2025-04-22 23:13:08 UTC,lead_sale,72.11,confirmed
REV2F878A99C857,LF3F173BEC08A,P007,2025-03-05 14:54:55 UTC,lead_sale,135.72,confirmed
REV005696A93B8C,L7C3919921F12,P006,2025-01-06 09:24:19 UTC,lead_sale,114.82,confirmed
REV4CC2A3696B53,L2AB351565AF4,P006,2025-03-24 23:13:52 UTC,lead_sale,111.41,confirmed
REV7351EDF7B59C,L322638F3CAF3,P002,2025-06-10 18:14:54 UTC,lead_sale,84.16,confirmed
REV3FF5BBF97A62,L8800F44A55B7,P010,2025-06-07 00:06:27 UTC,lead_sale,80.0,confirmed
REVEDD8D7DC0625,L2C39E5C8A0CF,P002,2025-04-13 20:32:27 UTC,lead_sale,80.36,confirmed
REV4C2E7171B680,LE7B9EB19A0FE,P003,2025-05-30 17:31:06 UTC,lead_sale,66.53,confirmed
REV2BAF183FC6B6,L948D4571A955,P002,2025-01-25 10:54:10 UTC,lead_sale,71.34,confirmed
REV060B2062D0E7,L0E74802ADB22,P004,2025-01-12 13:29:39 UTC,lead_sale,111.65,confirmed
REV79FF859E134B,L813F94DD25A7,P002,2025-05-17 09:03:14 UTC,lead_sale,71.59,confirmed
REVFE9CAAEDE2D8,LA4EF93CAEB09,P010,2025-01-08 11:01:21 UTC,lead_sale,84.39,confirmed
REV8B44DBF4D48F,L1FF589CFA556,P010,2025-03-31 09:40:29 UTC,lead_sale,70.61,confirmed
REV3152EBCFC11C,L004A2A76BF2A,P002,2025-06-20 08:55:04 UTC,lead_sale,76.1,confirmed
REV60AD55C2C701,L45A913E849B1,P010,2025-05-22 10:24:20 UTC,lead_sale,70.84,confirmed
REV496B026CFBA8,L514AA46F0C61,P006,2025-02-01 14:15:59 UTC,lead_sale,134.63,confirmed
REV4C0CC3ED1EB1,L318957E31F5D,P002,2025-04-27 23:00:44 UTC,lead_sale,77.6,confirmed
REV5DBBA28B6D66,LEF3D0DB19445,P006,2025-06-22 17:18:48 UTC,lead_sale,119.33,confirmed
REVA05B73417269,L9D9DBD5C50E4,P003,2025-03-02 17:18:09 UTC,lead_sale,79.72,confirmed
REV598BEE430455,L242F397739EB,P003,2025-05-06 21:17:07 UTC,lead_sale,67.15,confirmed
REV744F1C6EB040,LFD68D42343DA,P010,2025-03-05 19:02:14 UTC,lead_sale,76.32,confirmed
REV4CBB86C5C5FC,LA585A0633C47,P002,2025-06-06 19:57:32 UTC,lead_sale,85.44,confirmed
REVB8EEE85EC888,L833C68A54A9F,P002,2025-05-03 15:24:40 UTC,lead_sale,68.22,confirmed
REVF7AD0C2FA9AA,LB6FFA5BF7323,P009,2025-02-20 12:36:01 UTC,lead_sale,58.87,confirmed
REVF6750926BAD9,L3E8B7CBE4E97,P010,2025-03-05 11:20:54 UTC,lead_sale,69.47,confirmed
REV2F770A8DCA12,L88D174F1E8E3,P001,2025-03-09 23:30:29 UTC,lead_sale,59.3,confirmed
REV1C4845880482,L38F649FDFC09,P001,2025-04-16 20:36:08 UTC,lead_sale,76.64,confirmed
REVEB3783EDCCDF,L1E9D0C4B0AEC,P003,2025-04-16 20:35:00 UTC,lead_sale,61.5,confirmed
REVC7484DA3E2D5,LD9A555680F56,P010,2025-05-27 14:34:30 UTC,lead_sale,75.16,confirmed
REVBB18BEFA6BE4,L454F470307EE,P002,2025-01-13 15:45:11 UTC,lead_sale,82.37,confirmed
REVE04C6F5742A3,L57EA587744F9,P002,2025-05-11 13:49:21 UTC,lead_sale,75.97,confirmed
REVCFA89DFF852E,L5482F9C84964,P003,2025-03-26 16:43:43 UTC,lead_sale,78.9,confirmed
REVEAF5C07BB4A4,L3A952449674B,P008,2025-03-20 22:36:31 UTC,lead_sale,80.9,confirmed
REV22951B453F94,L41225ADD2C05,P010,2025-01-24 22:27:55 UTC,lead_sale,83.38,confirmed
REVD2665EDBF686,LB06E46F8143A,P010,2025-01-01 14:03:27 UTC,lead_sale,74.26,confirmed
REV8E791290C9B9,LAA35DECE411C,P010,2025-06-10 19:28:53 UTC,lead_sale,85.25,confirmed
REV991D8B4BA3D0,LC93C9B12EF4E,P002,2025-01-26 22:44:40 UTC,lead_sale,83.07,confirmed
REV411C2E06173C,LFB552DF621EA,P004,2025-03-20 12:25:56 UTC,lead_sale,110.3,confirmed
REVD5D8C016E437,L443F589D2CA2,P003,2025-04-15 22:03:32 UTC,lead_sale,76.9,confirmed
REV18F879C966E5,LAD4161F2FCD4,P005,2025-03-13 14:33:37 UTC,lead_sale,102.12,confirmed
REV6B7D3431DC04,LD1C89EAD132C,P010,2025-04-02 09:25:04 UTC,lead_sale,64.99,confirmed
REVCC2419E4F52D,L73E19E7F1F0F,P010,2025-01-22 08:58:50 UTC,lead_sale,67.81,confirmed
REV3E27B0CC799C,LBC0B7DCEEC39,P006,2025-02-11 18:20:17 UTC,lead_sale,110.97,confirmed
REV24E075804D4E,L06AFF15D2500,P009,2025-06-12 09:14:43 UTC,lead_sale,56.0,confirmed
REVC3708A518BE8,LF8B5456D5481,P003,2025-02-15 23:06:52 UTC,lead_sale,74.45,confirmed
REV7D87AA5C910E,L3D043AEFC73B,P007,2025-02-25 22:43:30 UTC,lead_sale,133.75,confirmed
REV6FED14293BAA,L97B327CA08EB,P009,2025-04-11 14:52:05 UTC,lead_sale,68.59,confirmed
REVA45EBD73024E,L437088DFEA7D,P002,2025-06-10 23:20:50 UTC,lead_sale,82.73,confirmed
REV61759D36805F,L85EA462CCA9F,P002,2025-03-06 22:24:04 UTC,lead_sale,84.03,confirmed
REV9FF5B7ECFEBE,L4B7273C292C8,P007,2025-02-21 20:20:14 UTC,lead_sale,149.89,confirmed
REV5E9617C93824,L376B54FECAEF,P010,2025-03-13 12:40:33 UTC,lead_sale,75.57,confirmed
REV4FD0968D5C69,L300D6BA80A23,P005,2025-03-29 09:53:36 UTC,lead_sale,117.49,confirmed
REV76B985D4F677,LC362079D5372,P001,2025-03-27 11:04:05 UTC,lead_sale,72.68,confirmed
REVBEC0B6AFECD0,LC74E9CF10C6F,P002,2025-01-21 21:59:20 UTC,lead_sale,81.16,confirmed
REV3B82BA65A7EC,L9B1C83A9DF72,P005,2025-03-05 21:11:20 UTC,lead_sale,105.38,confirmed
REV9CA98391F258,L54C3A2A86E60,P001,2025-04-15 16:19:01 UTC,lead_sale,60.33,confirmed
REVEFACD1B2ABF9,LCF0C37363D18,P005,2025-05-09 21:48:59 UTC,lead_sale,112.07,confirmed
REV97AF6A59C35B,LED23EC34B5EF,P002,2025-04-20 23:28:39 UTC,lead_sale,82.19,confirmed
REVAEF26E1FA3ED,L25616D5C29FB,P001,2025-03-10 08:50:22 UTC,lead_sale,66.31,confirmed
REVD8BC8FA13AB7,L999800B04EAC,P010,2025-04-11 08:47:26 UTC,lead_sale,84.01,confirmed
REVB760E32DEF3D,L0222EE6AFBDE,P005,2025-03-30 09:06:49 UTC,lead_sale,114.45,confirmed
REV0F8AFBD156BA,LA1318F99A842,P009,2025-03-21 12:02:52 UTC,lead_sale,58.31,confirmed
REVD06349CEED1F,L1187D8260B48,P002,2025-01-07 13:31:06 UTC,lead_sale,88.58,confirmed
REV88F57B913173,L501DD0D3282E,P005,2025-06-17 20:37:54 UTC,lead_sale,111.78,confirmed
REVA36A4D046912,L3331083218D1,P002,2025-03-28 20:35:07 UTC,lead_sale,85.95,confirmed
REV7A3416902AA6,L7707F6076141,P002,2025-05-17 09:13:38 UTC,lead_sale,84.67,confirmed
REV90F2FD538BCD,LBBCBCA467D3C,P009,2025-02-01 17:56:28 UTC,lead_sale,56.43,confirmed
REV6FD56BED9EA8,L845BDCF8B115,P002,2025-06-18 20:51:30 UTC,lead_sale,76.8,confirmed
REV0B594DAD0C84,LB1801C700F78,P001,2025-06-29 16:52:54 UTC,lead_sale,67.49,confirmed
REV73401F4B7D7C,L663B6E821542,P007,2025-01-20 20:16:46 UTC,lead_sale,121.14,confirmed
REV84008EA9A032,L7DBA0780E954,P003,2025-05-29 20:59:32 UTC,lead_sale,61.74,confirmed
REVEBF39D7E638D,L4AC005139D96,P007,2025-03-24 14:21:13 UTC,lead_sale,151.2,confirmed
REV54759A94AF6E,L1D957D3DCABB,P008,2025-05-11 19:29:09 UTC,lead_sale,75.1,confirmed
REV203F3D90F00F,L54DE117F83A2,P003,2025-06-19 20:20:10 UTC,lead_sale,80.88,confirmed
REVAFFB4B3624C0,L79CE9461B0B7,P002,2025-06-17 19:00:52 UTC,lead_sale,81.8,confirmed
REV258496C57249,L843EB5B43846,P010,2025-04-14 15:33:07 UTC,lead_sale,66.94,confirmed
REV8AE2590399EE,LC1935B4F0B77,P002,2025-01-23 15:44:49 UTC,lead_sale,78.4,confirmed
REVAA54E993E608,L6FF292F4434F,P010,2025-05-07 16:37:33 UTC,lead_sale,76.1,confirmed
REV304592CEBE27,LC3F0AA5632E5,P002,2025-05-02 23:46:48 UTC,lead_sale,67.9,confirmed
REV8229AE5D6EA9,LD6DC5950FA50,P002,2025-06-25 20:00:37 UTC,lead_sale,81.58,confirmed
REV40E82BD1263D,L779913DC48FC,P008,2025-06-04 16:13:32 UTC,lead_sale,80.59,confirmed
REVD5A96362420A,L9E5126D311EE,P004,2025-06-13 13:34:05 UTC,lead_sale,113.2,confirmed
REVB4582814079F,LCC79C7F823EC,P003,2025-03-22 20:40:57 UTC,lead_sale,69.48,confirmed
REV3691F44BEBD3,L53C4F3BC2FBF,P001,2025-01-09 12:49:52 UTC,lead_sale,64.01,confirmed
REV035E0ACE2C9C,L72E5F16AAE85,P002,2025-03-06 10:20:44 UTC,lead_sale,85.54,confirmed
REVC03A9C6D3562,LC44561C06BA5,P010,2025-06-03 10:10:23 UTC,lead_sale,80.41,confirmed
REV04039B6ED76F,L2069D0C1DADB,P003,2025-05-21 13:03:14 UTC,lead_sale,78.47,confirmed
REV189146EBE8A3,LA0EC66030005,P004,2025-01-02 20:34:06 UTC,lead_sale,92.19,confirmed
REV966A7790F5D5,L36C556F168AC,P010,2025-05-09 23:13:02 UTC,lead_sale,77.51,confirmed
REV66810DC633FA,L8A19C666F002,P001,2025-05-10 18:50:26 UTC,lead_sale,60.3,confirmed
REV20C63CB436D2,L41FB4F594CC8,P008,2025-05-13 17:48:50 UTC,lead_sale,89.89,confirmed
REVD588B000DD6B,L7D324AB5240A,P008,2025-05-05 12:47:59 UTC,lead_sale,88.01,confirmed
REV2C8771BD8AE0,L7446BFA329AE,P010,2025-06-23 22:47:41 UTC,lead_sale,83.86,confirmed
REV9393F57CA6C1,L03254C60C52B,P009,2025-03-17 14:30:41 UTC,lead_sale,52.6,confirmed
REV00EED6B3310D,LAC41DD6DD7BF,P003,2025-06-28 17:50:39 UTC,lead_sale,71.16,confirmed
REVA532BBCBE45B,LC9D9A724C8A3,P010,2025-04-28 13:31:51 UTC,lead_sale,82.58,confirmed
REV555DDE8A4A8B,L44C4DE5ED034,P008,2025-04-23 20:33:43 UTC,lead_sale,78.77,confirmed
REVEB8D1D140DC3,LA9D4CA764F0D,P001,2025-06-24 18:11:44 UTC,lead_sale,77.24,confirmed
REVBB188521E12B,LFE9634C8A4AA,P007,2025-01-28 20:27:36 UTC,lead_sale,125.71,confirmed
REV1F0A8E588964,LD7AC3E0A5AB1,P010,2025-01-24 11:17:03 UTC,lead_sale,67.93,confirmed
REV1E6EE6825638,LE717C13B1628,P002,2025-06-17 18:05:04 UTC,lead_sale,81.29,confirmed
REVF5DFB0CF924D,LCB28F64B24C1,P003,2025-02-09 22:52:21 UTC,lead_sale,79.71,confirmed
REV730FCB421394,LD49372A90054,P001,2025-04-14 12:47:06 UTC,lead_sale,70.71,confirmed
REV0EBE3AF0BC47,LC4970F05C62E,P003,2025-03-10 18:43:57 UTC,lead_sale,66.13,confirmed
REV1078FC417A81,L1E40DD24D9B2,P010,2025-06-09 09:47:27 UTC,lead_sale,75.47,confirmed
REV0F00E76C2C11,L6450A930FF20,P005,2025-02-10 23:15:46 UTC,lead_sale,119.53,confirmed
REVE340063466A8,L8E82858D3552,P010,2025-03-08 14:08:28 UTC,lead_sale,72.49,confirmed
REV9D7D0CA69482,LAA755BDB43B0,P001,2025-01-03 20:45:17 UTC,lead_sale,77.29,confirmed
REV70A614EFC8C8,LFEDC7F37C5FA,P010,2025-02-26 09:58:32 UTC,lead_sale,81.71,confirmed
REVC0B11A85EE49,L87D5FDDEC617,P004,2025-04-28 21:57:56 UTC,lead_sale,97.65,confirmed
REVD96D04812086,LEB5608105E5C,P002,2025-05-05 10:49:06 UTC,lead_sale,71.9,confirmed
REV90C3C4DB2A49,LBD3A3F29720F,P005,2025-05-18 13:39:39 UTC,lead_sale,123.96,confirmed
REVB223459DFE4E,L88E939A07531,P005,2025-02-14 18:57:51 UTC,lead_sale,111.71,confirmed
REVF5C582BB1495,L2A0940F2D2E7,P005,2025-01-08 17:21:36 UTC,lead_sale,120.04,confirmed
REV97C4D0726FAB,LF1122B5CA3C2,P005,2025-05-18 13:18:05 UTC,lead_sale,113.47,confirmed
REVBF8987317AD2,L839C8A6DF5E1,P002,2025-04-25 15:40:13 UTC,lead_sale,70.19,confirmed
REV55CCF8BDD412,L763D823B7B77,P002,2025-03-27 08:27:29 UTC,lead_sale,77.19,confirmed
REV97C0AD357B9B,LEE4D9321F7EF,P001,2025-06-23 17:42:46 UTC,lead_sale,76.44,confirmed
REV7F6507F38767,L3503A5E1F998,P010,2025-01-30 11:41:19 UTC,lead_sale,74.26,confirmed
REVB4DFA793FB2B,LAC22E46D7A56,P010,2025-04-13 13:14:07 UTC,lead_sale,69.96,confirmed
REV2AA232DD3C58,LADC1C4A6C597,P010,2025-05-25 10:06:08 UTC,lead_sale,69.32,confirmed
REV7289ECEE424A,LD04319F1842F,P003,2025-06-27 14:16:04 UTC,lead_sale,67.25,confirmed
REVD0C84FBD1B3F,LAE8D702015F7,P003,2025-05-15 14:57:37 UTC,lead_sale,79.78,confirmed
REV67B56A0E664B,LDA09EF11CF31,P003,2025-05-07 20:47:12 UTC,lead_sale,78.36,confirmed
REVFF7E03C5CB7A,L6D8FCBA04047,P010,2025-02-12 15:04:00 UTC,lead_sale,71.65,confirmed
REV5BF45E3A3F1D,L8AF8486D9433,P010,2025-04-23 18:51:57 UTC,lead_sale,76.45,confirmed
REV6A81D45636B4,L56466BFDCD30,P002,2025-02-20 18:52:13 UTC,lead_sale,76.12,confirmed
REV117F890A1923,L4D42706FE510,P002,2025-03-20 18:34:54 UTC,lead_sale,81.6,confirmed
REV49767E5DFD6E,LFB134241B034,P001,2025-03-29 11:47:27 UTC,lead_sale,63.52,confirmed
REV8E353F06E449,LA8C7B45DFD8D,P010,2025-04-09 12:46:34 UTC,lead_sale,69.94,confirmed
REVC63E92877045,L6FA1D6FDAFBC,P001,2025-01-29 15:15:01 UTC,lead_sale,67.93,confirmed
REV6FF969EB84DC,L2268CE374C45,P010,2025-01-21 13:56:19 UTC,lead_sale,71.56,confirmed
REV580A1D126F49,L493E42AB7241,P008,2025-04-30 16:57:10 UTC,lead_sale,77.56,confirmed
REVFAFE2C4020E6,L16FFF60AB105,P010,2025-02-03 08:27:08 UTC,lead_sale,68.84,confirmed
REV258BCC9B3B38,L1A9270BFD1A3,P002,2025-06-14 16:16:50 UTC,lead_sale,77.27,confirmed
REV7DEE9C26C39E,L62FDB9B89776,P002,2025-03-10 10:37:32 UTC,lead_sale,70.1,confirmed
REVF8D475B8D0C1,LAC2F7CDF7519,P002,2025-03-26 11:58:55 UTC,lead_sale,80.67,confirmed
REV800C09CCDC70,LA18FD0854E35,P005,2025-01-02 19:14:18 UTC,lead_sale,125.17,confirmed
REVB6F89A0CA4DF,L0C9DE633CED7,P010,2025-04-01 21:12:02 UTC,lead_sale,66.17,confirmed
REVCCFA0BBF684C,L9786743B9608,P003,2025-05-26 10:51:19 UTC,lead_sale,70.43,confirmed
REV5246F35B44DB,L710D3F63E572,P010,2025-02-26 20:31:42 UTC,lead_sale,74.12,confirmed
REV7BC61860C773,L2A35C632ECE2,P001,2025-04-26 09:52:01 UTC,lead_sale,63.26,confirmed
REV7C7781E38548,L70FE19B7B808,P004,2025-02-17 10:48:35 UTC,lead_sale,112.41,confirmed
REV4D185546D1B1,L2100FD172B34,P006,2025-03-17 10:35:05 UTC,lead_sale,108.27,confirmed
REVB575C2A94114,LBB84935607F3,P003,2025-04-14 21:28:35 UTC,lead_sale,75.74,confirmed
REVCF3C81B01E86,L87A8E5F9A485,P001,2025-02-16 16:09:29 UTC,lead_sale,70.58,confirmed
REV5F3E7D100CDE,L327327A7DAE6,P002,2025-06-05 11:39:09 UTC,lead_sale,69.54,confirmed
REVAA11A7DBAC45,L0427E19B6470,P003,2025-04-18 20:35:37 UTC,lead_sale,72.67,confirmed
REV1F7357EBFA6C,LBAB173740B4B,P010,2025-03-21 14:18:23 UTC,lead_sale,79.29,confirmed
REVED8AE41D58D3,L32221780F001,P003,2025-01-24 07:53:43 UTC,lead_sale,68.31,confirmed
REV805BDEB67F97,L1C60349FE275,P010,2025-01-10 22:51:26 UTC,lead_sale,77.2,confirmed
REV25DEBF70FB64,L09B7CB509C53,P002,2025-01-02 16:07:13 UTC,lead_sale,76.07,confirmed
REVA191F552703A,L96C866C6557C,P010,2025-05-07 16:46:03 UTC,lead_sale,68.9,confirmed
REVAAE99987E8E0,LAF2A3460CF26,P010,2025-01-02 20:30:14 UTC,lead_sale,77.57,confirmed
REVEBE9B58B3042,L50AE9436299E,P003,2025-06-21 14:33:48 UTC,lead_sale,71.85,confirmed
REV5BE22E4C044C,LED9251A1F09F,P004,2025-02-28 09:42:05 UTC,lead_sale,105.34,confirmed
REV58C76B4FE61F,L84459488749F,P006,2025-04-26 11:02:05 UTC,lead_sale,113.92,confirmed
REVB96B808BBEB5,L3A451FD9323D,P003,2025-03-10 20:12:20 UTC,lead_sale,65.9,confirmed
REVF41FFB927775,L3889DC409C18,P010,2025-03-09 09:50:33 UTC,lead_sale,67.36,confirmed
REV59D9914DE637,LF4AC5049179A,P010,2025-04-15 12:20:30 UTC,lead_sale,73.72,confirmed
REVE2551AA9224C,L330C54EB862E,P005,2025-03-06 18:22:04 UTC,lead_sale,115.41,confirmed
REV37B6102EDE8E,L2316139A19DC,P003,2025-05-26 11:24:51 UTC,lead_sale,80.8,confirmed
REVB6CC904CC447,LAC17EF090688,P005,2025-06-27 17:11:48 UTC,lead_sale,99.23,confirmed
REVCF60794978E6,LB216381A5E28,P003,2025-01-25 21:11:11 UTC,lead_sale,68.0,confirmed
REV761CEF80F81E,LE91A8C869192,P010,2025-03-26 11:13:56 UTC,lead_sale,77.49,confirmed
REV8F47ACC8CBAD,LF42C6AEF7F7C,P002,2025-05-11 17:28:33 UTC,lead_sale,87.94,confirmed
REV7A73E6E58AC0,L8538C0E97522,P008,2025-04-02 23:52:42 UTC,lead_sale,87.19,confirmed
REV994BF31618BE,L2EB341965E96,P007,2025-05-31 20:07:36 UTC,lead_sale,119.41,confirmed
REV70E92AC27D29,L4C3ABE959E49,P003,2025-02-18 18:58:06 UTC,lead_sale,73.0,confirmed
REVEA9F714D7876,L089358B338E8,P010,2025-04-12 20:07:40 UTC,lead_sale,79.99,confirmed
REV3C81429B9765,L995E1AE0DDE3,P010,2025-03-24 12:06:12 UTC,lead_sale,78.16,confirmed
REV6F1663089605,L8C38341EBD36,P006,2025-05-14 20:18:14 UTC,lead_sale,140.66,confirmed
REV4E21C2542144,LCD78D9A38F5E,P005,2025-03-31 18:40:14 UTC,lead_sale,116.55,confirmed
REVA5915F9EBBA8,L39FACD90B72E,P003,2025-06-30 16:54:28 UTC,lead_sale,62.21,confirmed
REV2994618003C5,LAC1EA80A9A9C,P009,2025-01-20 10:45:34 UTC,lead_sale,60.41,confirmed
REVBB1D5BB94F54,L020DADBCE8C8,P002,2025-01-20 18:16:20 UTC,lead_sale,74.41,confirmed
REVE6B71137DECD,LD54FB27B94EF,P007,2025-03-08 23:41:39 UTC,lead_sale,120.35,confirmed
REV5B3B6E57B6BD,LA691D6314DAE,P008,2025-03-18 12:26:34 UTC,lead_sale,71.42,confirmed
REV67987166F121,LF1A9F0B462F7,P009,2025-03-13 12:01:29 UTC,lead_sale,63.63,confirmed
REV3782D4BB5C21,L13EE3B43D556,P005,2025-06-16 18:18:56 UTC,lead_sale,109.59,confirmed
REV29C05D9371D4,LA8511E80CADC,P005,2025-01-10 12:40:40 UTC,lead_sale,115.07,confirmed
REVC89EA296C7E7,L7864BC406FB5,P003,2025-03-27 08:07:16 UTC,lead_sale,73.93,confirmed
REVAF6DB1326E3C,L7672F227FB8A,P010,2025-06-18 10:01:45 UTC,lead_sale,75.83,confirmed
REV65BFDE26D552,L8FC59C268C84,P003,2025-03-09 09:49:32 UTC,lead_sale,68.44,confirmed
REV99E4FAF4528D,LCDFB0D3CEFAA,P002,2025-02-21 20:00:32 UTC,lead_sale,81.38,confirmed
REVAAF67D3F1EC1,L6212817645CF,P010,2025-06-15 13:49:41 UTC,lead_sale,76.05,confirmed
REV719C37C096E4,LDD6D6315672E,P010,2025-02-09 20:09:51 UTC,lead_sale,78.73,confirmed
REV84E59D3741B8,LD7CB6E96CD33,P002,2025-05-11 17:33:53 UTC,lead_sale,86.9,confirmed
REV42D6AB7B5847,LD60D32374A80,P010,2025-01-10 19:35:01 UTC,lead_sale,80.71,confirmed
REVF3121B313F60,L46A2D4B78223,P003,2025-05-10 17:51:07 UTC,lead_sale,80.18,confirmed
REV1110FF570512,L9BB9743C8D69,P003,2025-05-04 18:54:46 UTC,lead_sale,80.85,confirmed
REVDBD8F494B6A1,L4F8F809ADB83,P002,2025-04-21 11:31:55 UTC,lead_sale,87.98,confirmed
REVB4EFF6597EE7,LCC8660EDB133,P003,2025-04-21 12:26:44 UTC,lead_sale,77.51,confirmed
REV85B69688C8CD,L8972369206FE,P002,2025-06-06 18:12:14 UTC,lead_sale,89.38,confirmed
REV5777020649ED,L6D7A634CF9B4,P002,2025-06-29 23:12:35 UTC,lead_sale,73.62,confirmed
REV236974163FF4,LC05285B92E90,P007,2025-05-06 09:58:02 UTC,lead_sale,147.43,confirmed
REVDA4CD39B189E,L8DD5BD4FF4F8,P002,2025-02-07 21:35:32 UTC,lead_sale,67.87,confirmed
REVFC627EB51371,L2F86FAE83E58,P010,2025-04-09 16:57:38 UTC,lead_sale,72.33,confirmed
REV88C32F8C61F1,LA136560C1046,P009,2025-01-22 16:58:48 UTC,lead_sale,65.03,confirmed
REV74717CCFC4B5,L3FE9A1DA2646,P002,2025-02-21 16:25:55 UTC,lead_sale,79.84,confirmed
REV04756DC0FA17,L2DAEA00B218D,P003,2025-03-18 22:43:52 UTC,lead_sale,69.92,confirmed
REVE2126EFF5570,LAB9508D5FC51,P007,2025-03-09 10:27:24 UTC,lead_sale,129.54,confirmed
REVCF5A807A20C5,LFAE337EE1946,P006,2025-03-25 11:53:09 UTC,lead_sale,114.3,confirmed
REV5A5700E6050F,L3671894532E2,P010,2025-06-02 17:16:14 UTC,lead_sale,84.4,confirmed
REV032397A604D4,L3472498970E5,P003,2025-05-17 09:01:53 UTC,lead_sale,78.19,confirmed
REV88D9EF9B52F2,L003D94FB231F,P004,2025-01-24 17:18:28 UTC,lead_sale,103.37,confirmed
REVA1EA4FA74C45,L76D3DE5C980B,P002,2025-03-13 09:12:26 UTC,lead_sale,81.97,confirmed
REVF513527E5718,L1967BCE66B7F,P003,2025-02-08 23:59:43 UTC,lead_sale,78.4,confirmed
REVDEEE7396C84B,L24CB26E14A59,P003,2025-04-13 14:38:38 UTC,lead_sale,73.6,confirmed
REV8B519EF34258,LCB05675D186F,P010,2025-05-25 22:40:42 UTC,lead_sale,76.97,confirmed
REVDF632DAB9388,LF0DC4E908AE7,P010,2025-03-04 22:04:57 UTC,lead_sale,74.61,confirmed
REV990ADB29FDBF,L46A3D611F34D,P009,2025-02-28 22:58:22 UTC,lead_sale,65.47,confirmed
REV1A26EDAE3EF8,L6ADC08A03A47,P008,2025-01-04 21:51:22 UTC,lead_sale,92.63,confirmed
REVD69BEAA9F4EC,L073085647DFC,P003,2025-06-18 22:52:37 UTC,lead_sale,67.77,confirmed
REVD4066CEC6DFF,L8031AE19D2DA,P005,2025-06-23 09:13:23 UTC,lead_sale,125.71,confirmed
REV69C532BBAD39,LDD482A62EB4E,P010,2025-05-21 21:55:18 UTC,lead_sale,69.44,confirmed
REV651EE3744085,L3EA39D478E0C,P008,2025-06-29 12:43:24 UTC,lead_sale,90.82,confirmed
REVCE02DB0E3E6A,LBAD9D68DA5A8,P003,2025-03-26 19:28:48 UTC,lead_sale,61.71,confirmed
REV8C3691ED6A20,L5F18075C5527,P003,2025-01-10 18:37:48 UTC,lead_sale,62.9,confirmed
REV57936FA9339D,L8FD10CC2391B,P003,2025-03-29 21:31:25 UTC,lead_sale,66.64,confirmed
REVA6A76F2FA597,L9FA7DB29D1EA,P001,2025-04-20 13:05:27 UTC,lead_sale,68.62,confirmed
REVDE09C875A025,LBE51D32296DB,P003,2025-02-11 11:30:20 UTC,lead_sale,72.7,confirmed
REV09A0BE31ADD7,L417D715672EA,P002,2025-02-21 22:30:14 UTC,lead_sale,83.68,confirmed
REV0F9A8F294019,LC7A293D96782,P009,2025-06-09 10:45:52 UTC,lead_sale,60.29,confirmed
REV286C49D88171,LD70D13C80D71,P002,2025-04-09 18:41:21 UTC,lead_sale,76.4,confirmed
REV1EA80AF6D11A,L249BFCE68A14,P001,2025-03-05 22:59:34 UTC,lead_sale,70.96,confirmed
REVCE6E26A1B6E8,L283FE1A35BCC,P005,2025-05-24 23:27:40 UTC,lead_sale,109.52,confirmed
REVF7545E02B3F4,L329C21542266,P010,2025-04-01 18:18:55 UTC,lead_sale,75.44,confirmed
REV11900D0AC8B4,LDBFC0549CB52,P003,2025-03-30 21:03:10 UTC,lead_sale,74.07,confirmed
REVF267C7B89149,L7F4467E4C06B,P008,2025-03-28 10:54:40 UTC,lead_sale,78.48,confirmed
REV2719EB515892,L24025EA6F360,P002,2025-05-11 23:14:10 UTC,lead_sale,79.12,confirmed
REV2180244B4DF2,LF3C289F39197,P007,2025-01-22 08:11:44 UTC,lead_sale,125.39,confirmed
REV6A860CED667D,LA9A3F04A48C2,P002,2025-03-06 11:09:26 UTC,lead_sale,78.45,confirmed
REV1115F078219C,L57833CA93CB9,P005,2025-02-06 14:22:04 UTC,lead_sale,99.92,confirmed
REVCE81BFA4AE83,L8C3DA5CC55C4,P001,2025-02-21 09:01:58 UTC,lead_sale,60.37,confirmed
REV1D4FA17D43C0,L7AA277E9EC88,P002,2025-04-04 14:20:59 UTC,lead_sale,78.59,confirmed
REV4883CF42762A,L0C4DD0837498,P007,2025-04-23 10:06:32 UTC,lead_sale,152.67,confirmed
REVC93EAA09D0C8,L1D555DC07F9C,P010,2025-04-23 09:33:40 UTC,lead_sale,84.03,confirmed
REV161F7DBF65B1,LD644ACB1BA58,P001,2025-06-30 22:54:43 UTC,lead_sale,64.56,confirmed
REVCEB66F177FA6,L347D6C94E239,P005,2025-06-14 21:42:47 UTC,lead_sale,123.25,confirmed
REVCA2081DAC66C,L25DCE393303D,P007,2025-05-11 09:06:11 UTC,lead_sale,117.71,confirmed
REVF60EA22FCEB4,LA690571E9088,P002,2025-03-13 12:44:34 UTC,lead_sale,71.66,confirmed
REV37160703EB32,L37BA5B972A1D,P009,2025-01-14 14:30:22 UTC,lead_sale,57.95,confirmed
REV6CD55F8603C9,L1E674BBA1998,P003,2025-04-01 18:26:46 UTC,lead_sale,65.46,confirmed
REV130C99CCBC0A,LC31120353E4D,P001,2025-01-09 13:37:52 UTC,lead_sale,69.3,confirmed
REV66D755DA7339,LB4EC8F0D3C6E,P008,2025-05-18 17:47:57 UTC,lead_sale,85.35,confirmed
REV105472384A9E,LF9FB37B26237,P009,2025-01-21 14:42:21 UTC,lead_sale,68.85,confirmed
REVC09242CBA0D8,L691230D78F45,P002,2025-03-07 20:10:49 UTC,lead_sale,85.91,confirmed
REVD36C806CD29E,L31F76CEEB098,P009,2025-05-08 22:03:00 UTC,lead_sale,68.08,confirmed
REVE89457D947F7,LB9DFA968EE80,P009,2025-04-27 20:35:18 UTC,lead_sale,68.76,confirmed
REVA0005F015269,L7F8FE7D03F70,P005,2025-06-16 18:41:35 UTC,lead_sale,113.64,confirmed
REV31062CDC512E,L3C9ED1260F6B,P005,2025-05-10 19:19:00 UTC,lead_sale,108.15,confirmed
REV5FA479D4306A,L6E1694CB72C7,P003,2025-05-31 19:46:22 UTC,lead_sale,81.05,confirmed
REV5EE79BEE261D,LC846401B3DFA,P003,2025-01-17 12:19:30 UTC,lead_sale,73.97,confirmed
REV38BBF972FE45,L1A69874392EF,P007,2025-04-30 22:20:32 UTC,lead_sale,127.34,confirmed
REVF5F5A7E28230,L9864BC620B4F,P002,2025-03-14 09:44:21 UTC,lead_sale,69.57,confirmed
REVC61A914BD311,L3D07C89805E9,P003,2025-06-08 15:31:59 UTC,lead_sale,66.64,confirmed
REV8F1414A28B8F,LB6BEB9B34E26,P010,2025-04-05 09:13:54 UTC,lead_sale,78.8,confirmed
REV84E0887B86A1,L6D312B99F15E,P003,2025-01-22 18:56:47 UTC,lead_sale,71.97,confirmed
REV0E0F62CDF27C,L1C1E9095ACDF,P010,2025-01-18 12:02:22 UTC,lead_sale,73.27,confirmed
REV2843BBC251F1,L4157166B2C80,P002,2025-05-09 19:17:28 UTC,lead_sale,78.55,confirmed
REVB977D44D978B,L60196228E29C,P003,2025-05-30 09:53:54 UTC,lead_sale,81.18,confirmed
REV3D4500EA48DD,L62E92F9C2CB4,P004,2025-05-14 17:19:16 UTC,lead_sale,98.28,confirmed
REVFEEE463414A8,L36617226F5B6,P010,2025-06-05 16:18:24 UTC,lead_sale,81.32,confirmed
REVA2BFF0A85BE3,L9C0E05B5F74C,P008,2025-03-23 16:27:16 UTC,lead_sale,73.74,confirmed
REVF59B59555D28,LCA011BD62626,P001,2025-02-26 21:30:41 UTC,lead_sale,62.46,confirmed
REVE5A845AA68C6,L91FB3BEE0062,P005,2025-06-27 08:54:17 UTC,lead_sale,102.96,confirmed
REVDE2799E25D58,L1345583288A2,P003,2025-02-05 08:28:03 UTC,lead_sale,67.24,confirmed
REV6FE691614EFC,L77F1CF6E2B05,P002,2025-05-06 20:07:53 UTC,lead_sale,70.93,confirmed
REVB69345BB6392,LDA3E1471CA3E,P010,2025-04-20 15:00:56 UTC,lead_sale,65.49,confirmed
REV44E5B5A738E6,L244BC0103F38,P003,2025-04-12 13:10:52 UTC,lead_sale,75.95,confirmed
REV833D9BAACF97,L03EC60C65BD4,P001,2025-04-16 20:47:12 UTC,lead_sale,71.88,confirmed
REV6EAD29B4C1B2,L92427CB45EFF,P001,2025-05-04 13:20:45 UTC,lead_sale,71.48,confirmed
REVF1774494FE8C,L515AE8478454,P006,2025-06-10 22:03:36 UTC,lead_sale,119.51,confirmed
REV464818240311,L46CCE6714F56,P004,2025-01-11 10:48:45 UTC,lead_sale,100.67,confirmed
REV3044DB5B326D,L7C9B44941F0A,P008,2025-03-17 22:36:23 UTC,lead_sale,73.28,confirmed
REV686D08B46734,LFD30B3046EB8,P007,2025-03-23 09:48:18 UTC,lead_sale,140.94,confirmed
REV64835FA50612,L6B5846080CE7,P010,2025-02-15 15:16:40 UTC,lead_sale,79.1,confirmed
REVE4D6FE0686CF,L7AFE1850946C,P003,2025-01-12 15:00:19 UTC,lead_sale,64.81,confirmed
REV99DBD2C6AC5F,LB5F885497DEF,P002,2025-03-12 19:13:27 UTC,lead_sale,80.75,confirmed
REV4B3BCFDB3858,LA7F2FC35770A,P003,2025-05-24 12:47:21 UTC,lead_sale,74.4,confirmed
REVF61BD5CA7816,L601F2214A15A,P001,2025-02-01 11:57:02 UTC,lead_sale,70.28,confirmed
REVD1DA282FDDA8,L9801DED0F3F9,P003,2025-06-16 12:58:20 UTC,lead_sale,81.48,confirmed
REV3BC0797A27C3,L5AB708D7374F,P007,2025-02-14 16:05:07 UTC,lead_sale,140.28,confirmed
REVE9ABF5FFB5F4,L23F399499467,P010,2025-01-10 13:56:32 UTC,lead_sale,75.67,confirmed
REV165D728DD735,L0774CD2B1A2E,P003,2025-01-20 15:35:22 UTC,lead_sale,75.56,confirmed
REV33B316F53719,L9A04DF7F2614,P005,2025-02-05 21:27:26 UTC,lead_sale,104.45,confirmed
REVAB7F1C79DFF5,LF01B396418FB,P004,2025-04-14 12:39:51 UTC,lead_sale,112.04,confirmed
REVE4B07FB1E75B,LB19942626984,P009,2025-06-22 09:50:30 UTC,lead_sale,57.98,confirmed
REV94623220FC08,L4D5D29008F9F,P002,2025-06-01 10:18:34 UTC,lead_sale,80.17,confirmed
REV27EB8A22903B,L3F8A10DE3825,P002,2025-02-07 07:45:23 UTC,lead_sale,76.47,confirmed
REVE15BDB74D374,L801FB839C74C,P010,2025-01-11 09:06:53 UTC,lead_sale,72.36,confirmed
REVD3A8774DEE7F,LA6AB43E34CCA,P009,2025-06-18 22:18:14 UTC,lead_sale,69.42,confirmed
REVB4E1C12E9884,L3E05A8F7A36B,P006,2025-02-15 15:19:24 UTC,lead_sale,135.75,confirmed
REVC8BB4E920495,LCEAF0D99032A,P010,2025-01-08 20:32:21 UTC,lead_sale,80.34,confirmed
REV9EDD8FC4421D,L17A180263D7F,P010,2025-05-02 20:27:02 UTC,lead_sale,83.89,confirmed
REVF36DFAC6C729,L1A0F023799AE,P005,2025-03-18 19:39:46 UTC,lead_sale,118.46,confirmed
REV1A6F0C083BA5,LE8A03CA91D42,P010,2025-03-20 19:01:10 UTC,lead_sale,78.06,confirmed
REVF5DFB4ED8D66,L537C85C06E75,P009,2025-04-07 12:55:54 UTC,lead_sale,66.21,confirmed
REV67B78D196A2E,L15262171C31E,P003,2025-04-23 11:06:13 UTC,lead_sale,68.81,confirmed
REV7E58315BB7FF,L644F29BFCB78,P010,2025-05-16 18:37:56 UTC,lead_sale,72.5,confirmed
REVD610E73B54C3,L4246F3134128,P001,2025-06-05 15:17:31 UTC,lead_sale,76.56,confirmed
REV1148A6118F8B,L8198A8573195,P009,2025-03-11 17:59:33 UTC,lead_sale,68.92,confirmed
REVE50499291831,L588B9AA4BC08,P009,2025-06-11 08:11:30 UTC,lead_sale,66.07,confirmed
REVF5897E8A612B,L4379466EE0A6,P002,2025-04-21 16:55:59 UTC,lead_sale,70.03,confirmed
REV4CFCBA0C36C1,LB70C1BF9AE45,P009,2025-04-24 22:32:17 UTC,lead_sale,63.29,confirmed
REV5817B7D48295,LBDD4A56A24F7,P002,2025-03-13 08:47:07 UTC,lead_sale,77.09,confirmed
REV50924EC69F60,L672FE83AC4C0,P001,2025-06-11 15:47:09 UTC,lead_sale,74.19,confirmed
REV19B18F7F5BE0,LF644E8F238D9,P010,2025-04-07 10:47:30 UTC,lead_sale,78.66,confirmed
REV616D32611549,L876C3EE7D922,P004,2025-05-28 17:14:58 UTC,lead_sale,87.29,confirmed
REVCBF44D9BAB15,LFCD3ADE55827,P010,2025-03-19 21:23:52 UTC,lead_sale,65.12,confirmed
REVAE3FE83507D3,L82E642EC988E,P002,2025-02-06 11:01:50 UTC,lead_sale,68.99,confirmed
REV0887543AB960,L59787BEB13A1,P010,2025-05-29 18:13:45 UTC,lead_sale,77.22,confirmed
REV439450DD2878,L8FEDE26ED63C,P010,2025-05-07 14:04:38 UTC,lead_sale,82.89,confirmed
REVB456FC9B1DD8,L618B3CE44A39,P010,2025-02-10 19:12:47 UTC,lead_sale,78.08,confirmed
REV0F0ACF39B220,LD374A697DB05,P010,2025-01-08 19:32:50 UTC,lead_sale,66.96,confirmed
REV2DB27A52963E,L1EC6A6FBDF20,P005,2025-05-11 23:34:06 UTC,lead_sale,105.82,confirmed
REV3F0F9106FD46,L606ED20F7757,P005,2025-02-24 22:20:23 UTC,lead_sale,96.09,confirmed
REV3AA0BB6CC723,L61736D4D4F55,P002,2025-02-02 12:05:25 UTC,lead_sale,83.8,confirmed
REV7BC9F6EE6212,L131E0CFFDD27,P002,2025-05-05 11:33:49 UTC,lead_sale,71.68,confirmed
REV5AE6F731054E,LE16A4BFD1E07,P003,2025-04-21 21:48:14 UTC,lead_sale,79.93,confirmed
REV138F9819F16B,LB0315DDBE658,P007,2025-03-09 15:24:03 UTC,lead_sale,151.0,confirmed
REVBF44A59526D8,L8CCD2EFAB9EA,P010,2025-04-03 21:44:07 UTC,lead_sale,64.87,confirmed
REV685B77EBD589,L5587E63CB161,P005,2025-04-26 20:58:13 UTC,lead_sale,116.08,confirmed
REVBD065AD1059D,L0682F32F7C9A,P010,2025-02-04 14:53:09 UTC,lead_sale,71.18,confirmed
REVF7645D3D4F9F,LB096B334F784,P002,2025-05-26 07:37:14 UTC,lead_sale,83.36,confirmed
REVFDD716652DF7,L594EB7A8191D,P003,2025-02-25 20:56:47 UTC,lead_sale,77.69,confirmed
REV4D7324F49D47,L49B608DBD1E5,P002,2025-01-20 10:25:36 UTC,lead_sale,72.12,confirmed
REVF317BE280BD0,LB89C029EC525,P002,2025-03-24 15:10:08 UTC,lead_sale,79.43,confirmed
REV83DB10433468,L60D1F8CAAD0C,P001,2025-01-26 21:32:57 UTC,lead_sale,75.71,confirmed
REV9DB00D4BD667,L5CA4CD70716F,P001,2025-04-16 12:05:53 UTC,lead_sale,76.0,confirmed
REV55BC43A1D33E,L3322C5CCF268,P001,2025-01-04 18:22:00 UTC,lead_sale,64.45,confirmed
REV7C55A65D23E4,LAE9386326A4B,P002,2025-02-17 21:19:32 UTC,lead_sale,88.25,confirmed
REVBD9E0B817EC5,LA26D0050117C,P002,2025-06-16 20:14:01 UTC,lead_sale,83.0,confirmed
REV8B47E9E49B79,LEC517BB9B93D,P005,2025-05-30 15:09:47 UTC,lead_sale,125.87,confirmed
REV872E16D97E2B,LBD54ED5532B4,P002,2025-06-27 23:47:59 UTC,lead_sale,68.11,confirmed
REVB95619943ECB,L1A0551FDCBBE,P010,2025-05-19 11:47:22 UTC,lead_sale,72.68,confirmed
REV561B26AE2261,LC989E4011A47,P009,2025-02-12 20:50:31 UTC,lead_sale,60.03,confirmed
REV145FD117AC74,L73CED90DFFFA,P009,2025-03-11 23:44:31 UTC,lead_sale,65.77,confirmed
REV2FED5C9FC4E1,L06480CF70F14,P007,2025-02-24 18:50:56 UTC,lead_sale,135.45,confirmed
REV74B70EF4B68F,L55DA5F4C5254,P008,2025-03-31 18:02:03 UTC,lead_sale,81.11,confirmed
REVA374EB31CE40,L6873219D55A3,P003,2025-02-23 20:56:40 UTC,lead_sale,69.69,confirmed
REV3EB12C4335EB,L2EE12A1DB82C,P003,2025-05-23 13:59:51 UTC,lead_sale,77.33,confirmed
REV5C7CC463C122,LCA9AEE355D9B,P003,2025-04-02 09:27:51 UTC,lead_sale,64.75,confirmed
REV2E872F407F96,L0FD78C2E6D0B,P002,2025-04-29 20:58:02 UTC,lead_sale,71.37,confirmed
REV1A5E70FD2F47,L34F21F37DD75,P010,2025-06-02 21:55:45 UTC,lead_sale,67.1,confirmed
REV80127F9EFBFC,L2F686EC715CE,P010,2025-02-10 14:45:31 UTC,lead_sale,82.46,confirmed
REV8C6587B7346F,L9612029B371E,P008,2025-06-21 12:10:07 UTC,lead_sale,88.03,confirmed
REV7C9CC4D1264F,L74B8415C6EF7,P001,2025-05-31 14:57:18 UTC,lead_sale,76.13,confirmed
REV40414F6A4307,LFACF60BA65C2,P007,2025-06-26 23:14:58 UTC,lead_sale,139.1,confirmed
REV0CC339633543,L61535EBE3F5F,P009,2025-04-20 14:04:21 UTC,lead_sale,63.27,confirmed
REV06FE49E74972,LF9A901642059,P009,2025-03-09 19:08:38 UTC,lead_sale,64.79,confirmed
REVD1905C4DD3FF,L69F610399F4B,P002,2025-01-03 19:37:53 UTC,lead_sale,69.54,confirmed
REVD274456FE170,L1933AA01D0EB,P006,2025-05-30 22:54:05 UTC,lead_sale,132.04,confirmed
REV4C8FE40385A8,L387867E2FC0E,P003,2025-03-08 16:15:41 UTC,lead_sale,61.65,confirmed
REV3960FC9D8BA1,L7F07D2518BF7,P002,2025-04-09 10:36:19 UTC,lead_sale,89.38,confirmed
REVAA32087D5363,L6D89158E842D,P002,2025-03-27 11:44:11 UTC,lead_sale,82.87,confirmed
REVFE6750B1EB33,L1A76B7A1C8A2,P009,2025-01-12 14:20:49 UTC,lead_sale,68.59,confirmed
REVF686D210AF28,L2613D54D8F45,P001,2025-05-24 09:31:23 UTC,lead_sale,58.55,confirmed
REV51DA9F42599D,L074887966D52,P002,2025-05-01 14:39:07 UTC,lead_sale,71.09,confirmed
REVB008C084182D,L6EAEB2C9FABE,P010,2025-01-07 13:30:25 UTC,lead_sale,77.69,confirmed
REV4A1528618B98,LA507CD60BB64,P001,2025-06-02 21:47:30 UTC,lead_sale,65.96,confirmed
REV77CC27EE3567,L431DCCF6466E,P010,2025-02-27 10:13:43 UTC,lead_sale,69.65,confirmed
REV4296A2468975,L944E3F602096,P009,2025-06-25 15:17:28 UTC,lead_sale,59.77,confirmed
REV74DDA44E0E15,L0805B0E7A2DD,P010,2025-05-24 20:10:23 UTC,lead_sale,83.06,confirmed
REVFC4DD5F1F30B,L998A0EF1D620,P002,2025-02-19 16:39:14 UTC,lead_sale,88.91,confirmed
REV0559FBA046D7,L380DACA9367D,P005,2025-06-13 17:48:14 UTC,lead_sale,123.35,confirmed
REV6A4BFFB521FE,L428F17CD8F67,P001,2025-03-25 14:09:07 UTC,lead_sale,66.8,confirmed
REV5527C000D8BD,L7E8999C715B9,P001,2025-04-12 17:35:01 UTC,lead_sale,60.37,confirmed
REV75F3278A4960,L86A9B9DAD474,P006,2025-03-23 16:26:00 UTC,lead_sale,128.42,confirmed
REVD37E41B30B43,LD1455330557B,P002,2025-06-08 22:09:34 UTC,lead_sale,76.92,confirmed
REV2B1C11369E9D,LEB8C1BA1E2F4,P010,2025-04-26 15:31:59 UTC,lead_sale,76.22,confirmed
REV45DC999C49BB,LFD359DD57206,P003,2025-01-11 18:34:57 UTC,lead_sale,62.5,confirmed
REVCB11EC1441A0,L75E1B34574DF,P003,2025-05-14 08:21:22 UTC,lead_sale,68.99,confirmed
REV97055A6FF4D4,L217D9C6C5A2D,P005,2025-03-08 08:51:24 UTC,lead_sale,102.32,confirmed
REV9643F92F9982,L8375CD8B61C1,P001,2025-05-21 23:20:08 UTC,lead_sale,62.19,confirmed
REV8641E1E3AA1D,LE6ACF98AE2A3,P010,2025-03-22 14:20:41 UTC,lead_sale,68.34,confirmed
REV9523B379D7B0,L1341CB639E28,P009,2025-02-01 14:51:43 UTC,lead_sale,66.46,confirmed
REV2AF5CF4E5D2D,L845B968BB1C5,P007,2025-02-10 22:17:08 UTC,lead_sale,143.89,confirmed
REVC5408E84D560,L753DAAC519CD,P002,2025-01-21 09:47:05 UTC,lead_sale,75.09,confirmed
REV085268ACDDD6,L08D165D9C84D,P003,2025-05-14 19:59:03 UTC,lead_sale,76.5,confirmed
REV9EEF4016E717,L31B0960B7E86,P001,2025-03-06 18:33:46 UTC,lead_sale,74.03,confirmed
REV37D2A93D55AB,L151A62EE6794,P002,2025-06-15 16:16:03 UTC,lead_sale,78.81,confirmed
REV27A5E59EC255,L50DCB78EC0B7,P009,2025-04-27 13:32:27 UTC,lead_sale,56.79,confirmed
REVE84F27166FDB,LA2CED2FE2F2E,P009,2025-06-01 17:45:45 UTC,lead_sale,63.27,confirmed
REVAD94D09B0916,L9ED38671A809,P002,2025-05-25 14:35:28 UTC,lead_sale,85.66,confirmed
REV009C0FAFEE66,L757E51BD10FF,P002,2025-01-23 15:39:23 UTC,lead_sale,83.16,confirmed
REV23AA4574A082,LC91AADDF9766,P003,2025-01-23 13:03:25 UTC,lead_sale,65.93,confirmed
REVE2856919F8C4,LCD765D1D7A3E,P002,2025-01-09 16:24:17 UTC,lead_sale,71.87,confirmed
REVD581B153E636,L8C561A7D5E46,P001,2025-02-13 09:09:02 UTC,lead_sale,67.59,confirmed
REV9A13E2564245,L8CA3354F18B2,P001,2025-01-17 16:37:58 UTC,lead_sale,69.07,confirmed
REV4D54DBFF17C7,L25F0E78D348F,P010,2025-05-13 15:35:28 UTC,lead_sale,69.44,confirmed
REV8C1D8A91AB4D,L07F23236A98A,P004,2025-06-19 22:30:09 UTC,lead_sale,112.51,confirmed
REVA1F29080C41D,L8212C1D54927,P005,2025-06-25 14:23:11 UTC,lead_sale,95.48,confirmed
REV214DA8DDE783,L5C4595084BFE,P002,2025-01-13 18:14:01 UTC,lead_sale,68.23,confirmed
REVB3861AAD3B67,LE2D1BBEBC18F,P010,2025-01-20 14:59:43 UTC,lead_sale,84.12,confirmed
REVA6863A073AE1,L3C2EBE60F3BB,P010,2025-03-04 14:08:01 UTC,lead_sale,81.29,confirmed
REVE6601473C61F,LA646F24CA9B0,P005,2025-06-22 20:34:30 UTC,lead_sale,100.13,confirmed
REVA081645EEC7E,LA24C178FDAE8,P010,2025-04-03 22:37:15 UTC,lead_sale,81.55,confirmed
REV6FC63FE1BDD3,L2C5ACA51F3DC,P009,2025-06-29 14:20:04 UTC,lead_sale,64.7,confirmed
REVB9F0560C3743,LB09FED2F5CA2,P010,2025-02-22 15:38:02 UTC,lead_sale,67.98,confirmed
REV4C818F8D4FB4,LADEDF1B2DAE2,P010,2025-06-12 17:09:47 UTC,lead_sale,66.69,confirmed
REVC94ED1579C94,L78799A226989,P003,2025-02-22 23:04:22 UTC,lead_sale,72.99,confirmed
REVD9E862CBD3B1,LCEFA92DED973,P002,2025-03-10 15:35:20 UTC,lead_sale,76.71,confirmed
REV3FC70742B811,LF28D077AC931,P010,2025-01-14 12:01:54 UTC,lead_sale,74.89,confirmed
REV8C4D1FAD2F46,LD6C9882C5FED,P003,2025-01-06 09:03:53 UTC,lead_sale,70.3,confirmed
REV547A420466ED,L62C98A2AF7B6,P002,2025-02-14 09:55:56 UTC,lead_sale,89.89,confirmed
REV73A819CA1FA3,L9AFF55F44F5F,P009,2025-01-07 08:33:04 UTC,lead_sale,67.86,confirmed
REVB388F33AA123,L4F6063046D2E,P010,2025-03-15 13:30:03 UTC,lead_sale,75.42,confirmed
REV4D6D70B8AFFC,LDCF48C27676D,P002,2025-06-23 22:08:03 UTC,lead_sale,77.43,confirmed
REV598FF929C45F,L5371A9CC56CF,P008,2025-01-20 19:45:44 UTC,lead_sale,91.71,confirmed
REVEEEEE8089CDB,L4A672D9FC23C,P002,2025-06-20 09:30:48 UTC,lead_sale,68.81,confirmed
REV8B11DDCCE266,L30FF9732532C,P005,2025-05-03 09:57:29 UTC,lead_sale,125.41,confirmed
REVE1C98494438D,L713E09B49A12,P007,2025-02-05 13:02:23 UTC,lead_sale,140.24,confirmed
REVE57FDC4C5BF8,L23123CFF7AFC,P006,2025-03-31 08:37:25 UTC,lead_sale,139.47,confirmed
REV48538C82EFA2,L9027738901A4,P005,2025-04-06 16:48:35 UTC,lead_sale,101.04,confirmed
REV1B3F549044A5,LD0361F212F9B,P007,2025-01-31 10:12:41 UTC,lead_sale,136.06,confirmed
REV7F27A8771AF2,LDD70E7D71203,P003,2025-01-08 15:11:11 UTC,lead_sale,67.9,confirmed
REV517A80D7F803,L7C87FD933AC0,P002,2025-01-15 14:34:43 UTC,lead_sale,82.67,confirmed
REV16B89E7B2E1B,L54D83D7EDF9F,P002,2025-05-29 20:09:50 UTC,lead_sale,78.16,confirmed
REV3AD03B55A648,L12117701B801,P002,2025-04-01 11:59:50 UTC,lead_sale,73.47,confirmed
REVAB76763CE150,L33BAFA1E6493,P010,2025-06-16 23:56:26 UTC,lead_sale,66.85,confirmed
REVC921218D7E99,LE040F059C088,P001,2025-05-12 22:20:38 UTC,lead_sale,59.52,confirmed
REV26FDCCCF3B27,L36A78068C121,P010,2025-05-27 10:38:13 UTC,lead_sale,81.94,confirmed
REVD0F5B263BE94,LD9147BC38DD9,P001,2025-06-24 14:44:50 UTC,lead_sale,75.3,confirmed
REV37D223CECE25,L72A71BC2EAB1,P002,2025-03-29 23:35:54 UTC,lead_sale,71.41,confirmed
REVBB4F15458C44,LA47F2851B2EB,P009,2025-05-06 21:08:38 UTC,lead_sale,62.72,confirmed
REV4B59219451A0,LB796A0DA4088,P005,2025-06-10 16:59:19 UTC,lead_sale,121.28,confirmed
REV0438C0B7BCB8,LB6AFDD04E804,P010,2025-04-04 12:56:35 UTC,lead_sale,83.98,confirmed
REV1F907C04B5B8,LC6473B83D700,P003,2025-02-11 16:02:59 UTC,lead_sale,79.42,confirmed
REV61FF7AD33B1E,L594DEDBD0F11,P002,2025-03-09 12:02:10 UTC,lead_sale,68.74,confirmed
REV9ECAE2E36B9A,LEC3A0FB3D9A8,P010,2025-02-07 16:35:14 UTC,lead_sale,75.26,confirmed
REV8E3BA1009174,L324BDF093401,P009,2025-04-09 11:22:30 UTC,lead_sale,67.86,confirmed
REV707494F9B32D,L091A0CDD285E,P009,2025-03-08 09:22:53 UTC,lead_sale,59.65,confirmed
REVB3ACB16EAC5D,LB60DAC5E3A59,P002,2025-02-18 20:19:59 UTC,lead_sale,72.19,confirmed
REV9EB27CBF4610,L12EA4EE7EDC9,P002,2025-04-18 20:07:41 UTC,lead_sale,78.46,confirmed
REVEEE001ACAE38,L1E93525C9BB5,P002,2025-03-13 15:35:56 UTC,lead_sale,88.96,confirmed
REVA64E6B479B4F,L849C887CB089,P003,2025-03-21 13:34:56 UTC,lead_sale,66.15,confirmed
REVF674FC397DD3,LEDB77E8034A1,P010,2025-03-18 14:37:53 UTC,lead_sale,71.83,confirmed
REV05CAD4405C4E,L42AA130E6F97,P005,2025-05-17 13:47:56 UTC,lead_sale,106.7,confirmed
REV21526DC7EF83,LDA90A47B2082,P010,2025-04-07 15:28:30 UTC,lead_sale,70.94,confirmed
REVCE387B68C8BD,L41791FB8CB68,P008,2025-04-12 12:55:48 UTC,lead_sale,91.67,confirmed
REV1D8C2007F68E,L0F9627036478,P005,2025-04-18 08:48:19 UTC,lead_sale,118.44,confirmed
REV9D720E0B46F9,L1CAAA307E922,P001,2025-02-08 18:11:56 UTC,lead_sale,69.7,confirmed
REV03D6E857EB15,L8AAAD85ECDD0,P001,2025-02-11 21:30:09 UTC,lead_sale,60.4,confirmed
REV00BB0BF2ADC1,L2DE433754A21,P003,2025-05-26 16:21:05 UTC,lead_sale,66.36,confirmed
REV70AE5255F641,L1DC8FF3C2D93,P005,2025-01-27 23:40:09 UTC,lead_sale,108.59,confirmed
REV902B7CEB104B,L7E98AE1444AA,P006,2025-05-16 22:23:54 UTC,lead_sale,136.94,confirmed
REVB4C648BD4EF9,LC6EC8F41F532,P002,2025-06-06 18:43:31 UTC,lead_sale,71.47,confirmed
REVC0CC35752EAD,L7A8583EAA4BF,P001,2025-04-07 12:10:08 UTC,lead_sale,64.55,confirmed
REVB2F82932EA21,LE88EB5F43093,P005,2025-06-05 17:40:58 UTC,lead_sale,99.14,confirmed
REV0676C0B35E93,L46DEA2169B40,P003,2025-03-22 17:47:13 UTC,lead_sale,73.69,confirmed
REV830307496B8C,LCFBFC2D214A5,P002,2025-06-25 09:24:22 UTC,lead_sale,67.72,confirmed
REV1A67F26E40C6,L529EB0C7DFD6,P010,2025-06-15 20:48:24 UTC,lead_sale,85.11,confirmed
REVCDCC659E1C4C,LA7888D655155,P001,2025-03-03 14:16:28 UTC,lead_sale,77.2,confirmed
REV9FA7744A7E48,L545399120627,P002,2025-03-15 10:04:11 UTC,lead_sale,76.73,confirmed
REVAE417458180E,L45833B6C9AC3,P002,2025-05-07 11:57:06 UTC,lead_sale,72.9,confirmed
REV3E9B71679033,L4E4DA5B457EC,P002,2025-03-14 20:37:11 UTC,lead_sale,72.99,confirmed
REVCC411BA1921C,L4B8871098183,P002,2025-05-19 18:54:24 UTC,lead_sale,75.44,confirmed
REV2415B860BEE8,L62F50D2490FE,P003,2025-02-27 16:22:46 UTC,lead_sale,75.37,confirmed
REV46E23B54E17F,LF999316A3A9D,P003,2025-06-15 21:46:38 UTC,lead_sale,68.21,confirmed
REV7FC9E952C7CE,L7746C6E145BC,P003,2025-01-24 11:28:09 UTC,lead_sale,73.55,confirmed
REV3597AF9EB20B,L02996B768C97,P001,2025-02-07 21:45:55 UTC,lead_sale,70.63,confirmed
REV5403008FB029,LD4E7F92988E8,P009,2025-05-26 09:35:37 UTC,lead_sale,57.59,confirmed
REV87CCA55DCEB4,LF219FFE53AF7,P003,2025-06-29 09:43:40 UTC,lead_sale,67.54,confirmed
REVF118F86861D2,L2B5A6DE9F689,P005,2025-02-23 11:20:57 UTC,lead_sale,94.58,confirmed
REV0CF5576EE587,LD737FB2195A6,P003,2025-05-30 08:00:30 UTC,lead_sale,63.47,confirmed
REVB800B081127D,L68A81FECB0AF,P002,2025-06-25 10:18:51 UTC,lead_sale,85.6,confirmed
REVF1635E6F4DA2,L197805CC1199,P010,2025-03-07 17:50:11 UTC,lead_sale,79.35,confirmed
REV4DCB0A5C2A57,L5461B131EFF6,P003,2025-03-27 13:46:10 UTC,lead_sale,61.69,confirmed
REVAB2FD2AF0E11,L48810AE13F24,P002,2025-01-25 20:10:44 UTC,lead_sale,69.67,confirmed
REV35FF7DE4E6A2,LB6FC75DAA777,P003,2025-03-11 21:39:28 UTC,lead_sale,66.07,confirmed
REV40339F8D63AF,L763F59B63EB3,P002,2025-02-16 15:44:41 UTC,lead_sale,74.79,confirmed
REV4AED8C4DDD4E,L60F9E911F090,P010,2025-04-22 18:03:20 UTC,lead_sale,74.16,confirmed
REV52BBD78FE710,LB6B29A8F41A4,P008,2025-02-06 21:43:08 UTC,lead_sale,84.83,confirmed
REVFFF8A7D8408B,LE6EA08299C06,P002,2025-04-04 19:30:00 UTC,lead_sale,87.78,confirmed
REVA193195D4AC8,L63DDECDE0F3B,P004,2025-02-04 16:15:54 UTC,lead_sale,85.53,confirmed
REV574EF4D0B976,L6E104B32D78E,P010,2025-04-08 13:39:22 UTC,lead_sale,78.17,confirmed
REV98F33807FCCD,L3D58855960F4,P003,2025-05-13 22:52:12 UTC,lead_sale,78.48,confirmed
REVC14A76A1F7E7,L9B03EB97DD92,P010,2025-04-24 17:55:39 UTC,lead_sale,78.45,confirmed
REV039B319B9E37,L921E32535729,P002,2025-04-11 14:05:58 UTC,lead_sale,73.18,confirmed
REVCC710446B3D8,LE711302F9465,P003,2025-05-08 15:57:27 UTC,lead_sale,71.71,confirmed
REV3CF621CD9391,L55741A19BFFD,P006,2025-01-10 16:13:41 UTC,lead_sale,136.28,confirmed
REV3B141B66F748,L70F5DC126D89,P010,2025-06-30 19:43:32 UTC,lead_sale,86.22,confirmed
REV5FB8C8086309,L72CD424A7A5A,P002,2025-02-28 19:17:59 UTC,lead_sale,72.05,confirmed
REV92EED9C62DF1,L1E9D2FF8560A,P010,2025-04-04 11:13:08 UTC,lead_sale,83.48,confirmed
REV4C8264F30701,LE401D2959C5D,P002,2025-04-04 21:56:37 UTC,lead_sale,79.13,confirmed
REV01E4165E4C66,LCA4BE2D15EA3,P005,2025-03-18 15:34:55 UTC,lead_sale,112.57,confirmed
REV8C84A67A43E4,L75E5A4B828E6,P010,2025-06-20 11:46:26 UTC,lead_sale,69.39,confirmed
REV17E3C5D90A76,LEE533BD0A308,P002,2025-04-30 23:10:10 UTC,lead_sale,68.33,confirmed
REVB0D2EF47CE21,L8183905B8D16,P003,2025-05-18 21:51:08 UTC,lead_sale,81.21,confirmed
REV387CD25F3A1A,LAC8008009849,P001,2025-04-13 11:58:41 UTC,lead_sale,61.77,confirmed
REV0B9F37C12E55,L07AB9FBB574E,P002,2025-03-22 14:54:48 UTC,lead_sale,74.07,confirmed
REV2F19F7CAB7D2,LC9049E3B4B2C,P005,2025-05-08 22:11:46 UTC,lead_sale,116.2,confirmed
REV55E8B6EA6845,LC3464E7C04DF,P003,2025-01-29 21:03:57 UTC,lead_sale,61.48,confirmed
REV5BA34107B9CA,L43226DB289D8,P001,2025-04-17 21:42:44 UTC,lead_sale,71.24,confirmed
REV88E2F034F26A,L07C2A38243B8,P002,2025-04-22 20:14:41 UTC,lead_sale,68.11,confirmed
REVA114C8A051BA,L479660E9A781,P010,2025-02-10 22:41:30 UTC,lead_sale,69.47,confirmed
REVD7CA278EF2A6,LFBC2FEED18A4,P002,2025-01-20 23:49:25 UTC,lead_sale,82.1,confirmed
REV0975526F4081,L6AD38E699A9D,P010,2025-06-30 08:12:59 UTC,lead_sale,81.59,confirmed
REV348897DD1D9C,L4689F922A979,P002,2025-03-18 19:02:25 UTC,lead_sale,78.2,confirmed
REV6DD75DAF73BB,L5749B7D7040E,P001,2025-02-10 14:46:04 UTC,lead_sale,70.96,confirmed
REV6F756E05B385,LB86BE18A1975,P003,2025-06-12 16:49:21 UTC,lead_sale,71.99,confirmed
REV6BF9E0C70EC1,L6D10960978FB,P002,2025-05-21 20:12:43 UTC,lead_sale,88.01,confirmed
REV8D301CEA1C02,LF97D4AE05BEA,P009,2025-01-24 16:30:00 UTC,lead_sale,58.54,confirmed
REVC920CFD37A23,L53629DF3A182,P006,2025-05-29 15:20:13 UTC,lead_sale,130.45,confirmed
REVD5AE1D61E1EE,L608B950309EE,P005,2025-02-24 19:12:53 UTC,lead_sale,125.09,confirmed
REVB21A4850FAED,LD3B55F43B5A2,P002,2025-04-01 15:02:46 UTC,lead_sale,70.73,confirmed
REVB29C0A97F0CB,L7823EEEDDEBF,P002,2025-02-02 18:15:47 UTC,lead_sale,73.11,confirmed
REV3B85F6EF1635,LB98D02BB6A9F,P002,2025-03-17 17:29:13 UTC,lead_sale,84.85,confirmed
REV43EE85759C01,L1D6FA1703FB5,P010,2025-02-11 16:40:24 UTC,lead_sale,84.92,confirmed
REV5347F08F96C5,LFCBC07AD381E,P003,2025-03-07 20:13:08 UTC,lead_sale,61.27,confirmed
REV3C15542AF21A,L773E1EA78896,P001,2025-04-22 15:42:43 UTC,lead_sale,62.54,confirmed
REVFEF337B14883,L6FD2654F4500,P002,2025-06-30 23:15:54 UTC,lead_sale,78.38,confirmed
REV0A2FFF7B0471,L0BB1B63FAD73,P002,2025-03-19 13:21:29 UTC,lead_sale,76.27,confirmed
REV5AF7698DE009,L8BC16CD9F066,P005,2025-01-05 17:36:24 UTC,lead_sale,102.42,confirmed
REV326C369C0657,L3183883BBB67,P005,2025-05-09 13:17:16 UTC,lead_sale,100.26,confirmed
REVCF4AFE519FDD,LDC112BC07A95,P002,2025-05-05 22:34:20 UTC,lead_sale,70.72,confirmed
REV68B15E84623D,L9CBADCB9D42D,P002,2025-06-16 23:50:23 UTC,lead_sale,85.9,confirmed
REV9BA1A216DF62,LDDFB4405A815,P003,2025-01-22 14:34:50 UTC,lead_sale,69.27,confirmed
REVB4BC9ED49D44,LCB3CFD2DB214,P003,2025-05-28 23:06:37 UTC,lead_sale,79.87,confirmed
REV6547FC6212F4,L74D8A7900F1C,P004,2025-05-08 22:35:59 UTC,lead_sale,112.6,confirmed
REVD63E78C1C1EA,L579F9776469E,P001,2025-02-18 23:28:53 UTC,lead_sale,68.62,confirmed
REVF5E09BAB4928,LB4E3E2D73A33,P008,2025-04-08 22:10:05 UTC,lead_sale,84.85,confirmed
REVA985474587F2,L45AE80649673,P002,2025-02-16 23:46:58 UTC,lead_sale,79.86,confirmed
REV9563A9DB79AC,LA70F0F3D7D04,P009,2025-04-18 20:08:03 UTC,lead_sale,63.78,confirmed
REV707E7DC886DE,L5C1840E4D559,P002,2025-04-23 21:26:14 UTC,lead_sale,86.39,confirmed
REV48CC413DA45A,L86177E6DC9B1,P009,2025-04-20 12:48:21 UTC,lead_sale,53.97,confirmed
REV32ED435A82BC,L40E8CD101973,P010,2025-02-12 09:55:24 UTC,lead_sale,70.79,confirmed
REVB85EFE0BFA43,LA2A6AAC6F872,P002,2025-02-14 18:40:07 UTC,lead_sale,89.5,confirmed
REV82CDCD89D3A0,LF71741D9E4D8,P005,2025-01-26 22:14:34 UTC,lead_sale,107.28,confirmed
REVB551ED8A8EE6,L573166635936,P010,2025-03-14 10:54:29 UTC,lead_sale,73.34,confirmed
REV3E692404060A,LCFD48B8D6712,P007,2025-02-26 11:14:42 UTC,lead_sale,144.11,confirmed
REV5C2D59B65817,LF24D022CB732,P005,2025-04-06 23:18:42 UTC,lead_sale,103.16,confirmed
REV73E93B2756A5,L9470F25E3E74,P002,2025-02-05 23:44:18 UTC,lead_sale,73.8,confirmed
REVC0AE68FABC92,LDEADD949A90F,P002,2025-06-15 17:34:32 UTC,lead_sale,84.18,confirmed
REV8C4952DCB221,L06F775AE0599,P001,2025-05-10 18:48:53 UTC,lead_sale,65.5,confirmed
REVEA4C58D6ECB7,L7C6E37C5F4E6,P003,2025-05-10 09:51:59 UTC,lead_sale,71.17,confirmed
REVA74F4D0E6B13,L957B30BE24C6,P009,2025-03-06 10:46:01 UTC,lead_sale,57.0,confirmed
REVEE092902F9F3,LDD348C54ABA2,P010,2025-06-15 08:59:01 UTC,lead_sale,77.35,confirmed
REVE8E811FD898B,LD1320D10E4B8,P001,2025-05-24 12:07:11 UTC,lead_sale,76.23,confirmed
REVE46E6D537F8E,L9D4813B42EE8,P001,2025-03-22 19:01:16 UTC,lead_sale,68.6,confirmed
REVBA82A5646AA5,L93F444EC56CD,P010,2025-02-04 14:37:49 UTC,lead_sale,76.73,confirmed
REV6DC25651FBF6,LB231276898BB,P008,2025-04-20 13:09:19 UTC,lead_sale,83.63,confirmed
REVFA715BB70DA2,L3891AAC5079E,P009,2025-06-06 18:05:24 UTC,lead_sale,62.68,confirmed
REVCA86C932EE80,L70E4A4B1BCD0,P004,2025-04-29 22:42:29 UTC,lead_sale,111.79,confirmed
REV270F9F12FA50,L73EBE9FC568C,P010,2025-04-20 19:15:51 UTC,lead_sale,71.8,confirmed
REVAF07CBF9B052,L17AF89D32FE8,P010,2025-05-19 12:44:50 UTC,lead_sale,80.48,confirmed
REV5FFE18BB907C,LDE05F4AE4AB3,P003,2025-02-19 20:45:36 UTC,lead_sale,68.92,confirmed
REV19459B885656,L2D07E0654506,P003,2025-02-09 15:01:00 UTC,lead_sale,76.39,confirmed
REVE574F8E89B11,LEAB8371BF7C3,P003,2025-04-13 13:06:32 UTC,lead_sale,74.58,confirmed
REV755DD2A23796,LED8ECED0C196,P010,2025-02-03 11:09:14 UTC,lead_sale,74.34,confirmed
REVA2A6C8E5C9FE,LC91BE05C5609,P010,2025-05-05 17:29:32 UTC,lead_sale,85.46,confirmed
REV178629B7B83C,L27EBCFDC7921,P002,2025-01-29 07:50:08 UTC,lead_sale,69.0,confirmed
REVC75BF63770F2,LBF4A93786821,P004,2025-06-30 20:05:08 UTC,lead_sale,91.84,confirmed
REVB1E57EF78618,L338D285ACD09,P008,2025-06-03 09:19:35 UTC,lead_sale,77.98,confirmed
REVFF4E6012BF76,L9674C62105CD,P010,2025-04-05 09:18:00 UTC,lead_sale,82.67,confirmed
REV6EA976F5C0D2,L5659279B427D,P001,2025-02-02 09:59:40 UTC,lead_sale,70.69,confirmed
REV87205A3F4278,L890E9088DE6F,P005,2025-04-23 14:16:58 UTC,lead_sale,105.54,confirmed
REV3DCAC2803D91,L1605475B0BCE,P001,2025-01-14 21:51:12 UTC,lead_sale,76.91,confirmed
REVC1224531947D,LCDF33DBAF81C,P007,2025-06-23 21:06:10 UTC,lead_sale,143.97,confirmed
REV16E7BC53E474,L92CDB32F855A,P005,2025-01-10 22:57:58 UTC,lead_sale,124.79,confirmed
REV30123B2DCD68,LE1C0E9C61C0B,P002,2025-04-02 10:48:33 UTC,lead_sale,81.48,confirmed
REVC5671B76437B,L3697832A06D5,P010,2025-01-02 08:57:46 UTC,lead_sale,70.91,confirmed
REV069801AE58D0,L1C0FDFCE58CD,P002,2025-06-25 08:20:52 UTC,lead_sale,84.65,confirmed
REVCDDF4BD256AD,LB6F75B36298D,P005,2025-05-08 17:33:36 UTC,lead_sale,122.07,confirmed
REV380D957B50CF,L9445AB683365,P002,2025-01-25 21:07:10 UTC,lead_sale,73.37,confirmed
REV1B56506A0817,LEDEEE69A6091,P010,2025-05-15 10:16:53 UTC,lead_sale,80.06,confirmed
REV0070B38D2F0B,LC3F8F08AA3F1,P010,2025-02-26 11:40:31 UTC,lead_sale,83.4,confirmed
REV52909DCB4295,L21BB5208E898,P010,2025-04-04 10:07:09 UTC,lead_sale,71.42,confirmed
REV60B31B1E6AC6,L545D3B509DF7,P009,2025-02-26 11:15:33 UTC,lead_sale,59.48,confirmed
REV7646091C8D00,L63144B360036,P010,2025-06-01 23:27:15 UTC,lead_sale,69.57,confirmed
REVEF871A86DBCC,L17D2C8884817,P007,2025-02-11 19:08:26 UTC,lead_sale,147.43,confirmed
REVBCDBB4C4D9E2,LD6E43FF19C0C,P003,2025-03-15 11:23:24 UTC,lead_sale,80.54,confirmed
REV7810A61097B8,L003A975BCCE0,P003,2025-01-30 22:14:55 UTC,lead_sale,62.77,confirmed
REV7D1ABA0AFC2B,L546B488F4D81,P010,2025-04-23 11:17:16 UTC,lead_sale,76.68,confirmed
REV6AD0615A001E,L6EF90A0B8327,P010,2025-05-28 09:47:44 UTC,lead_sale,74.79,confirmed
REV2C8AD14E19F9,LDB2A9E75897B,P009,2025-03-05 20:36:58 UTC,lead_sale,58.13,confirmed
REV4CF3B4544DD6,L7C33877C66BE,P010,2025-04-08 18:19:51 UTC,lead_sale,82.61,confirmed
REV075A2692AC8B,LCCE4A7F0AB61,P010,2025-05-11 14:15:05 UTC,lead_sale,66.82,confirmed
REVA3CCA99A897D,LEA80A131F506,P005,2025-03-03 20:09:58 UTC,lead_sale,105.92,confirmed
REVB9FBE42E8E23,L9E65FF497CB7,P002,2025-05-10 12:24:38 UTC,lead_sale,86.86,confirmed
REVA6C30B4EBA70,L7C724ACEFFCF,P010,2025-01-18 10:58:55 UTC,lead_sale,80.02,confirmed
REV97B257C5AE81,LBC9D4AFAD849,P010,2025-05-26 07:40:34 UTC,lead_sale,67.83,confirmed
REV5480F6C01533,L7A3688AF703B,P005,2025-03-29 12:28:58 UTC,lead_sale,124.32,confirmed
REV0A4463B65E97,L3F1F87C725D9,P010,2025-06-17 11:27:13 UTC,lead_sale,71.68,confirmed
REVC8F5CB6C572D,L616AC3C6AA1D,P002,2025-02-06 14:51:51 UTC,lead_sale,71.16,confirmed
REV4C8B70AB18D5,LBA629A38E98A,P010,2025-03-06 12:44:31 UTC,lead_sale,72.6,confirmed
REV9327BE1AF062,LB4D1803048C5,P004,2025-03-03 08:03:26 UTC,lead_sale,108.54,confirmed
REV527C81734178,L34F2BE261064,P010,2025-01-20 13:09:46 UTC,lead_sale,71.95,confirmed
REVF95257506488,LE388A038D0D1,P008,2025-06-05 20:16:46 UTC,lead_sale,87.49,confirmed
REV00ADC0231C8B,L4C78D447A003,P008,2025-03-22 23:29:01 UTC,lead_sale,80.0,confirmed
REV7166CE5A5FF1,L4292B57170D2,P003,2025-01-30 16:02:06 UTC,lead_sale,62.79,confirmed
REVE5DAC1C8395D,LE0F1191C313C,P003,2025-06-30 20:07:38 UTC,lead_sale,68.5,confirmed
REV20FD70F1D19B,LA20C1867CCFA,P010,2025-02-06 10:12:01 UTC,lead_sale,84.1,confirmed
REV29DF674CE612,L177F82864681,P002,2025-01-22 13:59:17 UTC,lead_sale,69.99,confirmed
REV005B85E63C91,L9BFF005E1368,P003,2025-05-25 16:41:19 UTC,lead_sale,77.3,confirmed
REV171A4F2E23E7,LDE48439CD177,P010,2025-05-25 09:43:59 UTC,lead_sale,71.67,confirmed
REVBB19AB0B502F,LA51486E6DFDE,P008,2025-06-16 23:27:06 UTC,lead_sale,88.24,confirmed
REVBA3046814E60,L737884CE3DB5,P010,2025-01-20 19:15:44 UTC,lead_sale,65.18,confirmed
REV55274F155CC4,L7D0C5748C9D3,P001,2025-04-30 11:02:44 UTC,lead_sale,62.96,confirmed
REVAF389BACD3D5,L8D7DD7A59896,P003,2025-03-28 18:16:48 UTC,lead_sale,77.17,confirmed
REV135578FE5470,L6F138D06D24B,P003,2025-01-06 16:48:28 UTC,lead_sale,71.96,confirmed
REVD1AE46BB8D69,LBFC61B7867CE,P010,2025-02-14 12:49:11 UTC,lead_sale,71.37,confirmed
REV0D9E3BB891FD,L96C251C92DF6,P002,2025-01-13 12:07:28 UTC,lead_sale,79.46,confirmed
REVC554C2E0A167,L6CD1B3D0A708,P002,2025-03-30 21:09:27 UTC,lead_sale,87.15,confirmed
REV79565358C092,LCC0D40DDA491,P005,2025-04-09 22:28:05 UTC,lead_sale,105.88,confirmed
REVB974B2ADCB49,L25DDED23583C,P009,2025-03-12 23:41:53 UTC,lead_sale,52.98,confirmed
REV9B7477707B00,L01CFEACADD80,P002,2025-06-18 22:19:25 UTC,lead_sale,67.94,confirmed
REVD8E3C96D5809,LBF6B18F13B85,P001,2025-06-17 11:24:59 UTC,lead_sale,77.46,confirmed
REVE1CB1DCC9853,L2A99AB3C5059,P002,2025-04-21 14:26:52 UTC,lead_sale,71.88,confirmed
REV4D866975FCD0,LF3C872818ECB,P010,2025-03-23 13:21:29 UTC,lead_sale,68.37,confirmed
REV6C63B0C88E38,LC2BA713D7C6B,P001,2025-04-06 16:06:50 UTC,lead_sale,64.89,confirmed
REVF88015D6D056,L64F9DF5E4A69,P005,2025-03-04 23:37:13 UTC,lead_sale,102.87,confirmed
REV46FAC89B3E43,L64A4A9EB24C2,P005,2025-05-23 16:12:11 UTC,lead_sale,115.72,confirmed
REV48A98F0E9B33,LE3164E1CC28E,P001,2025-04-24 11:43:11 UTC,lead_sale,67.89,confirmed
REV0D48A4B55C09,L82494BFE1088,P003,2025-03-21 17:29:07 UTC,lead_sale,74.73,confirmed
REV837C5CC83B6A,L60181780AE1B,P010,2025-01-07 17:33:37 UTC,lead_sale,65.32,confirmed
REVEE9F2D12B84B,L63BC95A72838,P003,2025-04-05 09:51:08 UTC,lead_sale,79.11,confirmed
REV3AF7AD92A6EB,LF73D66A6AEF6,P010,2025-05-30 22:02:16 UTC,lead_sale,83.92,confirmed
REVD9C9FACB121A,LBDF1BE60DB31,P003,2025-01-24 09:53:50 UTC,lead_sale,78.75,confirmed
REVB61D3DA66F32,L7190AEE5A27A,P009,2025-03-02 14:55:41 UTC,lead_sale,63.25,confirmed
REVF29A75541185,LC1F5207866BA,P004,2025-03-07 22:44:35 UTC,lead_sale,98.45,confirmed
REVB7E73F183B43,LB9FF0726FF72,P003,2025-06-16 22:20:22 UTC,lead_sale,80.88,confirmed
REVEC152756002B,L2D4776C161EB,P002,2025-01-30 22:56:32 UTC,lead_sale,73.97,confirmed
REVC03001671996,L80075DE67F83,P010,2025-02-22 13:03:53 UTC,lead_sale,83.89,confirmed
REVBC21906B5CDF,L1D8047343DBB,P003,2025-02-26 13:08:06 UTC,lead_sale,76.62,confirmed
REV0E7D05A4A9D2,LADEA7B2454BE,P002,2025-02-26 16:08:20 UTC,lead_sale,81.54,confirmed
REVAA264513C96A,LB3EB80A60B74,P003,2025-03-20 11:15:20 UTC,lead_sale,69.12,confirmed
REVE8574ED0F6D0,L830248AEB1B9,P005,2025-05-08 11:48:16 UTC,lead_sale,122.41,confirmed
REV30783E736DE6,LBE13065582C7,P005,2025-04-12 09:32:22 UTC,lead_sale,119.17,confirmed
REV7BF0A5944E18,LBAAD7AFADB1A,P003,2025-01-28 18:17:12 UTC,lead_sale,71.87,confirmed
REVD29BBD883BEF,L2C7B0D8E8B57,P001,2025-06-22 18:31:44 UTC,lead_sale,60.38,confirmed
REV6B4B30FF4DA2,L953B666A0683,P009,2025-04-04 08:44:50 UTC,lead_sale,67.0,confirmed
REVDF532A4F9602,L8E5569536B93,P003,2025-04-05 12:15:29 UTC,lead_sale,71.14,confirmed
REV05E3E969F18F,L36499AE524DB,P007,2025-02-21 17:41:23 UTC,lead_sale,134.38,confirmed
REVBFF245150B58,LE97ECD8E6166,P009,2025-06-16 12:16:48 UTC,lead_sale,65.58,confirmed
REV15401F36B9ED,L20C399EFC462,P010,2025-01-18 13:55:19 UTC,lead_sale,72.01,confirmed
REVB7DDC9BED0FD,LE6E637FC9E11,P005,2025-06-11 18:34:07 UTC,lead_sale,104.78,confirmed
REV214A2D39AF1A,L1DDC56FD1AC3,P008,2025-02-08 12:56:44 UTC,lead_sale,75.59,confirmed
REV4ED42C6A8268,L4931A8472AF6,P007,2025-03-12 11:43:42 UTC,lead_sale,144.55,confirmed
REV703E34ED0B7C,LE12DEE0CA4E4,P002,2025-02-16 12:41:16 UTC,lead_sale,78.52,confirmed
REV74E21BAFC906,LF38921E831D6,P002,2025-06-27 16:32:40 UTC,lead_sale,79.68,confirmed
REV60FA544909DE,LE352A7A889ED,P003,2025-04-13 11:00:38 UTC,lead_sale,71.75,confirmed
REV5E3FA68434FD,LC31DA538FB65,P002,2025-03-28 17:43:10 UTC,lead_sale,85.94,confirmed
REVC67E38361374,LB59FD430F727,P003,2025-06-21 13:27:05 UTC,lead_sale,63.55,confirmed
REVF9B2BD69D7CA,L86BEF38CDCCA,P009,2025-02-11 13:43:22 UTC,lead_sale,67.92,confirmed
REV9CE5ED626266,L2A6058E2A53C,P002,2025-03-22 08:54:50 UTC,lead_sale,72.87,confirmed
REV363DBC3A82CB,L0DC124FBC84B,P010,2025-06-23 19:27:24 UTC,lead_sale,66.67,confirmed
REV1D1B573945AC,LC29726B42E1E,P003,2025-05-13 09:27:39 UTC,lead_sale,76.16,confirmed
REV5B7C31C13947,LF5C764F2AA22,P002,2025-06-04 21:25:32 UTC,lead_sale,87.43,confirmed
REVE65CD5907A7C,L1FAB472E155E,P010,2025-06-14 18:55:31 UTC,lead_sale,83.41,confirmed
REV12AD28DD89F6,L92BCB87B82B3,P003,2025-03-09 17:05:56 UTC,lead_sale,69.58,confirmed
REVC6E12D62AFCC,L54ECBC6B2BF8,P002,2025-03-05 20:28:38 UTC,lead_sale,85.27,confirmed
REV1F930109D6E1,LA8FF5D03135D,P001,2025-06-18 15:29:45 UTC,lead_sale,64.12,confirmed
REVB0C6083E90DC,L0EACC23E8488,P010,2025-03-02 22:53:00 UTC,lead_sale,65.04,confirmed
REV80C16A327B1A,LE4095C25571A,P003,2025-05-03 08:59:10 UTC,lead_sale,67.0,confirmed
REV7DAD6191515F,LA92EC140A7DD,P005,2025-04-27 18:25:36 UTC,lead_sale,98.41,confirmed
REV73FABFF81717,LA69580B6FCB9,P006,2025-05-08 16:53:39 UTC,lead_sale,133.47,confirmed
REV69BED6DD1E7B,L56501FE46313,P005,2025-03-25 10:37:35 UTC,lead_sale,96.82,confirmed
REV0B26592A1313,L2DDFF1882065,P002,2025-04-23 11:55:00 UTC,lead_sale,68.86,confirmed
REV627A40CD7457,LB0047BEAC745,P005,2025-05-04 23:53:31 UTC,lead_sale,104.68,confirmed
REVCCBAAE8F9AC5,LD935C964CCDA,P009,2025-05-14 08:56:52 UTC,lead_sale,61.43,confirmed
REVBFD373F1D4D5,LA7FFA2B5925B,P005,2025-02-25 13:19:40 UTC,lead_sale,97.06,confirmed
REV8A3AAF52F509,LDA074670FA83,P006,2025-02-19 10:20:56 UTC,lead_sale,135.12,confirmed
REV617C57AFBBFB,L7B92F58C48B6,P005,2025-03-25 12:06:23 UTC,lead_sale,107.18,confirmed
REVD1111104DB6A,LD42350CC9B6F,P010,2025-03-09 16:59:28 UTC,lead_sale,80.9,confirmed
REV2EA8F131F32E,L0EA304CA64A1,P006,2025-03-07 13:12:13 UTC,lead_sale,134.27,confirmed
REVFB5C6B2A593E,L3C06BF3489B0,P002,2025-02-02 09:06:54 UTC,lead_sale,82.29,confirmed
REVFAEE312CB8B1,LBBE4891FB90F,P010,2025-02-15 20:47:53 UTC,lead_sale,78.81,confirmed
REVC8AB6F49653F,LD3658614C1BD,P003,2025-05-27 22:35:07 UTC,lead_sale,70.95,confirmed
REVA06D8B772088,LD32EB0A26B9A,P001,2025-02-04 14:04:54 UTC,lead_sale,74.39,confirmed
REVB821AFEE511F,LDB43ADD1B979,P002,2025-04-24 20:53:11 UTC,lead_sale,79.12,confirmed
REV57865190D0D0,L2C97A865FBCD,P009,2025-04-18 11:30:42 UTC,lead_sale,58.67,confirmed
REV37CE233CE380,LD1CB832896DB,P005,2025-01-26 13:33:41 UTC,lead_sale,110.44,confirmed
REVAD6679CBCA59,L58A9B20A883A,P002,2025-04-09 13:39:51 UTC,lead_sale,81.89,confirmed
REV89DF4067906C,LC651614844C2,P010,2025-04-07 14:26:43 UTC,lead_sale,72.3,confirmed
REV3A66652D76D3,LB19AFB22E8A1,P003,2025-06-19 08:46:37 UTC,lead_sale,79.24,confirmed
REV4E54366F98A3,L3F6F4F243A28,P006,2025-06-17 13:39:33 UTC,lead_sale,107.99,confirmed
REV094E199CB7D6,LE9D64B44ECE3,P002,2025-03-16 17:58:39 UTC,lead_sale,87.14,confirmed
REVD3A5B56C1C0C,LDF3E22DCA42E,P007,2025-06-16 18:01:09 UTC,lead_sale,136.98,confirmed
REV3F6CBE49CEC4,LB6BFADA2E52C,P005,2025-01-08 19:37:33 UTC,lead_sale,107.65,confirmed
REV1333A89242B0,L233DC859FA72,P010,2025-06-09 20:37:33 UTC,lead_sale,73.25,confirmed
REV62669A054BAD,LE064637FF8BD,P006,2025-03-16 23:00:05 UTC,lead_sale,141.46,confirmed
REV8D3CD728624D,L6901072879AA,P010,2025-06-07 21:23:03 UTC,lead_sale,76.31,confirmed
REV250F904DF78D,L1677D3ECCE95,P009,2025-01-12 18:39:01 UTC,lead_sale,54.9,confirmed
REV8A4EBC1462F9,L76E2FBF28D73,P009,2025-03-04 21:45:43 UTC,lead_sale,53.55,confirmed
REVED7D6AE1D0E3,L614709DB3750,P003,2025-06-03 18:31:33 UTC,lead_sale,71.85,confirmed
REVCEA6E0EE2BE2,L9E7506A8D8DB,P010,2025-05-08 20:22:24 UTC,lead_sale,71.28,confirmed
REV589EF9AF0CBA,L2840C42659C7,P002,2025-01-06 12:13:21 UTC,lead_sale,85.58,confirmed
REV27E0481BE432,L40427C52D14D,P001,2025-04-04 13:10:19 UTC,lead_sale,71.02,confirmed
REV779ECCBFC932,L234BFBC7EAA0,P002,2025-01-20 09:08:39 UTC,lead_sale,74.98,confirmed
REVDA5AAF1A16AF,L8DD6B1F3F036,P010,2025-04-15 22:30:30 UTC,lead_sale,76.94,confirmed
REVBC837A087B41,LA1BADE276350,P005,2025-04-30 20:48:36 UTC,lead_sale,101.31,confirmed
REV79DC7CD758F5,LC7D48CBDCF8E,P010,2025-05-09 22:24:17 UTC,lead_sale,75.37,confirmed
REV0C1C96B281FB,LB21FECBEB556,P002,2025-01-03 20:56:55 UTC,lead_sale,88.51,confirmed
REV409AC6BF018D,L0476B72D5B92,P003,2025-04-13 20:48:16 UTC,lead_sale,75.65,confirmed
REVC5D9CB32A424,LF2B396C5FB4A,P002,2025-05-13 15:33:25 UTC,lead_sale,74.49,confirmed
REV0B72A25D7DB3,L3D301DE0B807,P007,2025-05-24 09:13:06 UTC,lead_sale,118.62,confirmed
REVFE73E8550A71,LDC3818F253F5,P003,2025-02-13 18:39:53 UTC,lead_sale,76.53,confirmed
REV9B9A5B17BCA7,LF1B7DA265EA4,P010,2025-03-31 09:14:31 UTC,lead_sale,66.96,confirmed
REV7401BFF8BBFB,LF8565ABDF609,P010,2025-03-23 23:13:28 UTC,lead_sale,71.13,confirmed
REVAB4CCAD80303,L16A1335C8237,P009,2025-03-10 14:11:48 UTC,lead_sale,58.91,confirmed
REVA2AD1139B8D4,LB17C3F7DECE2,P010,2025-02-02 14:35:00 UTC,lead_sale,80.83,confirmed
REV22C7876B89B5,L646A190AF7D7,P002,2025-04-21 11:02:44 UTC,lead_sale,69.8,confirmed
REV94A327D2DBC9,LEB75F709EAF8,P005,2025-03-16 11:46:56 UTC,lead_sale,106.66,confirmed
REV98A67C3AD37B,LAE63BD7C1774,P003,2025-06-13 15:55:26 UTC,lead_sale,74.98,confirmed
REV659D82A2A3FD,L139B68864F92,P008,2025-04-18 18:28:20 UTC,lead_sale,82.97,confirmed
REV6EB3F99F98B8,L93A892F2B9CE,P010,2025-02-19 17:08:51 UTC,lead_sale,86.39,confirmed
REV9398D3914011,LABD8C2A75174,P010,2025-02-03 19:27:48 UTC,lead_sale,65.4,confirmed
REV90BE7DEBACE7,L80EA146FD6B0,P003,2025-04-14 22:35:10 UTC,lead_sale,69.59,confirmed
REVA76BE57FCE39,L6911CB9CBDBE,P009,2025-02-14 09:46:22 UTC,lead_sale,63.2,confirmed
REVF99468113835,L0D44336C2A36,P001,2025-02-26 08:40:32 UTC,lead_sale,62.29,confirmed
REV433811D286E1,L63CFDC1C2477,P010,2025-02-03 22:03:10 UTC,lead_sale,70.95,confirmed
REV303BD5303B96,L5DB83DCFF1F7,P009,2025-01-09 17:15:38 UTC,lead_sale,54.5,confirmed
REVB290447457A2,LFADF5F730621,P001,2025-03-12 19:03:56 UTC,lead_sale,71.86,confirmed
REVD4E53E772646,L6CE971DECA68,P003,2025-04-28 16:20:03 UTC,lead_sale,72.58,confirmed
REVCD7184D17BC2,L2AADE99AC4FF,P010,2025-06-13 14:55:13 UTC,lead_sale,69.94,confirmed
REVB09BFD2E8C3C,L23AD7C23A744,P002,2025-05-24 14:58:20 UTC,lead_sale,77.15,confirmed
REV1C6BCA98D578,L85212C10A003,P004,2025-03-03 15:20:29 UTC,lead_sale,97.6,confirmed
REV0BCDCE2EF1AE,L4E482566C618,P003,2025-02-03 20:39:54 UTC,lead_sale,65.01,confirmed
REV66E5631E6702,L396C06777F24,P002,2025-04-22 12:55:43 UTC,lead_sale,86.12,confirmed
REVB39A2316AFE9,LADB00E192A2A,P003,2025-05-05 12:06:13 UTC,lead_sale,68.36,confirmed
REV0992D61D6661,L84823033CF02,P005,2025-02-13 16:19:20 UTC,lead_sale,100.92,confirmed
REV1F86D228EC7B,L43BE5AF89A66,P003,2025-06-27 11:32:25 UTC,lead_sale,62.3,confirmed
REVC774C417578F,L4FD6CE34C668,P007,2025-01-01 14:47:44 UTC,lead_sale,124.26,confirmed
REVDBFEA0B2642A,L41B0F34416A4,P005,2025-01-17 17:08:52 UTC,lead_sale,113.93,confirmed
REVFDBDA5E7E122,LF5F1EAA4513E,P009,2025-04-01 13:24:00 UTC,lead_sale,52.5,confirmed
REV27390435A541,L3B918501B307,P002,2025-03-16 10:03:24 UTC,lead_sale,77.99,confirmed
REVB5119843E8BD,L4951658F0C68,P007,2025-06-01 18:11:13 UTC,lead_sale,133.27,confirmed
REV9F24078249FC,L59FE3994A404,P003,2025-03-08 19:01:58 UTC,lead_sale,80.28,confirmed
REV630DE9F7AA99,L027A76D66D51,P005,2025-03-20 18:59:46 UTC,lead_sale,118.98,confirmed
REV68245AF2D27E,L357414C1E215,P010,2025-02-01 18:23:20 UTC,lead_sale,78.49,confirmed
REVDE5B556B740C,LCB13A54D7F56,P006,2025-06-18 21:51:55 UTC,lead_sale,110.81,confirmed
REVDA9DBAE7BDD0,L564027583E5E,P010,2025-06-11 15:12:33 UTC,lead_sale,83.92,confirmed
REV02AE0B2A4958,LFFAFAA65133B,P010,2025-02-13 14:43:41 UTC,lead_sale,79.95,confirmed
REV9DEB1617F5CF,LC7FE9540B3DE,P010,2025-02-15 11:14:50 UTC,lead_sale,73.09,confirmed
REV077734767814,LAC208ABB06E9,P002,2025-05-18 18:44:26 UTC,lead_sale,73.94,confirmed
REVD0977B0E7347,LF4683DE0CEFB,P002,2025-04-23 11:08:31 UTC,lead_sale,73.31,confirmed
REVED7A35CC733E,L6BC58C8EC31E,P005,2025-03-04 09:10:14 UTC,lead_sale,124.55,confirmed
REV84EB8D4CC6BC,L5B43B16D4997,P005,2025-03-13 18:15:04 UTC,lead_sale,122.4,confirmed
REV08860F3EDEB3,L3BD1E52E3331,P005,2025-06-02 19:04:55 UTC,lead_sale,99.81,confirmed
REV643731188DA3,L4420060C949E,P003,2025-03-23 20:05:28 UTC,lead_sale,74.24,confirmed
REV7DFC1E1C3E10,LBC51A6FCB8DF,P007,2025-03-28 21:21:59 UTC,lead_sale,130.24,confirmed
REV3BF39465ABF0,L7EB0D560BB9B,P009,2025-06-18 23:37:53 UTC,lead_sale,66.25,confirmed
REVCB5E5046F20E,L7658FE2D8251,P003,2025-04-25 19:33:47 UTC,lead_sale,62.4,confirmed
REV04D50D615016,L74EECA2E1C67,P003,2025-02-02 08:37:44 UTC,lead_sale,77.7,confirmed
REV743256D611CB,L6A8774C6CA34,P010,2025-04-07 17:24:23 UTC,lead_sale,79.4,confirmed
REV70FE88882367,LA86CA9248343,P005,2025-02-05 17:07:04 UTC,lead_sale,116.53,confirmed
REV5B4E74EA5A75,LFFCFDA8AD0E5,P008,2025-04-21 17:14:29 UTC,lead_sale,91.26,confirmed
REV1A3EA0CC68E6,L2B58FCE496C0,P009,2025-03-12 22:57:39 UTC,lead_sale,63.96,confirmed
REV3040F7D87EFA,L0C8F65F78709,P006,2025-06-08 12:28:31 UTC,lead_sale,108.9,confirmed
REV37651F249239,L24CE5417FBF5,P010,2025-06-21 20:46:04 UTC,lead_sale,84.87,confirmed
REV7D4285253EEC,L61C61746862A,P002,2025-04-15 19:57:59 UTC,lead_sale,69.01,confirmed
REV33374658ABE6,LBD5DA442A8E1,P006,2025-06-09 09:59:01 UTC,lead_sale,130.23,confirmed
REV902329FA44B4,L93BEE362662B,P004,2025-04-06 16:50:53 UTC,lead_sale,109.99,confirmed
REV3279B6E61DCC,L4797EBEBAD74,P002,2025-05-20 18:05:33 UTC,lead_sale,88.9,confirmed
REV223E69C186E4,L8B85F0734C5F,P005,2025-02-14 23:21:25 UTC,lead_sale,103.27,confirmed
REV38D1789FCE3B,L342C8948C1EF,P002,2025-04-10 18:41:08 UTC,lead_sale,88.7,confirmed
REVDB290710EF8A,L117FD9A7C321,P002,2025-02-11 16:45:22 UTC,lead_sale,76.04,confirmed
REV4FB7D8615B6C,L35757281A980,P001,2025-05-31 20:24:52 UTC,lead_sale,71.64,confirmed
REV026AF6DF5B7A,LDBAADF88C085,P001,2025-06-30 18:20:19 UTC,lead_sale,58.63,confirmed
REVE00EC198CBA9,LBA62CCDB3B12,P010,2025-04-09 17:13:37 UTC,lead_sale,73.21,confirmed
REV6F6E4AEE7F53,L5DF5DD138AA9,P003,2025-03-30 10:13:38 UTC,lead_sale,73.35,confirmed
REV0E0C171D54A0,L0861C8834F7D,P001,2025-04-18 08:49:23 UTC,lead_sale,62.06,confirmed
REV61BD6D001DB9,L5E709FE70D23,P002,2025-06-06 09:17:49 UTC,lead_sale,82.98,confirmed
REV157FE6664AE2,L1882AD5AE6EF,P002,2025-01-09 19:07:53 UTC,lead_sale,69.18,confirmed
REV9CD371894AE8,LC07B0FB8DF21,P004,2025-05-18 14:02:12 UTC,lead_sale,94.63,confirmed
REV2A39E4011909,L72C9475FC85C,P003,2025-03-11 13:07:14 UTC,lead_sale,63.91,confirmed
REV3598D9F00A48,LD8B92DB3A07C,P001,2025-02-24 08:16:31 UTC,lead_sale,62.03,confirmed
REV27EFB5E7F23A,L5EFFD37772CA,P002,2025-03-14 15:36:59 UTC,lead_sale,71.36,confirmed
REVF3B5E33A9CCF,LA5918E392404,P001,2025-06-10 11:01:44 UTC,lead_sale,61.32,confirmed
REV10065F565B36,L204EA132079B,P005,2025-01-17 11:42:36 UTC,lead_sale,124.24,confirmed
REVBCF965485E4E,LB431405534E1,P003,2025-05-08 21:43:36 UTC,lead_sale,66.18,confirmed
REV76F7EAB97D39,L38CF733D7007,P003,2025-03-16 15:10:51 UTC,lead_sale,65.15,confirmed
REV9A822C015903,L6DA788A6F5D7,P007,2025-02-10 16:46:24 UTC,lead_sale,126.67,confirmed
REV714405FBC6ED,L6AF7DEA56D0C,P003,2025-05-14 20:31:10 UTC,lead_sale,73.28,confirmed
REV6FADB9973FD6,LF5D694C67FD2,P003,2025-03-20 20:53:02 UTC,lead_sale,69.16,confirmed
REVC4456507E556,LEAC0ADC78C10,P003,2025-03-24 20:16:03 UTC,lead_sale,66.82,confirmed
REV703D23954020,L261980D42613,P002,2025-04-30 09:47:15 UTC,lead_sale,71.9,confirmed
REVDC8ECF62D23C,L9ABCA8177CD1,P002,2025-02-17 08:05:53 UTC,lead_sale,74.62,confirmed
REV55B24F1D09C9,LF25D831C3299,P002,2025-04-11 18:42:45 UTC,lead_sale,78.78,confirmed
REV005E0062BB5D,L2D7397A0F8C1,P010,2025-06-03 23:32:47 UTC,lead_sale,84.78,confirmed
REV70562A7CE669,LFBD9BD3D8CC1,P007,2025-01-05 14:15:54 UTC,lead_sale,132.04,confirmed
REV60F13898E02D,LB81973FFA776,P003,2025-01-05 20:10:21 UTC,lead_sale,63.69,confirmed
REV1B720558B777,L246A4D8E8A73,P002,2025-04-06 10:35:10 UTC,lead_sale,69.82,confirmed
REVD9E335BFD292,L9F86335FA353,P010,2025-04-27 08:25:19 UTC,lead_sale,85.3,confirmed
REVCB89272CA450,LF5E0DFA2A22F,P002,2025-01-26 16:55:59 UTC,lead_sale,81.51,confirmed
REVCDED56D09E1F,L44C3C800C9CD,P002,2025-04-30 11:39:35 UTC,lead_sale,79.82,confirmed
REV32F78035CA90,L9B5DAAFB4894,P010,2025-03-30 14:22:45 UTC,lead_sale,67.25,confirmed
REV6F058B4468A3,L0360C17EFD5F,P010,2025-04-27 16:22:06 UTC,lead_sale,76.18,confirmed
REVF7B6B0880266,LD52D972A872F,P010,2025-01-19 17:22:46 UTC,lead_sale,78.8,confirmed
REVB211AF9685D7,LD749B0B86A89,P002,2025-03-20 09:42:34 UTC,lead_sale,79.05,confirmed
REV49AD727ADD56,LFB9B660D35DB,P010,2025-06-19 22:44:31 UTC,lead_sale,72.58,confirmed
REV8FF2831EB01A,L0EC82DD527D0,P003,2025-03-05 13:37:49 UTC,lead_sale,70.69,confirmed
REV94C001E3EA5E,LF2CA783352DF,P003,2025-04-13 16:28:18 UTC,lead_sale,79.23,confirmed
REV9A47077C3C00,LA2325774B3D6,P008,2025-02-15 13:56:38 UTC,lead_sale,72.28,confirmed
REV687C03C6F222,L8C3DA0AF587C,P007,2025-05-14 18:17:54 UTC,lead_sale,123.98,confirmed
REV380653C9B041,LB8AF88EB89F6,P002,2025-03-02 17:05:51 UTC,lead_sale,85.76,confirmed
REV51395FAE79AF,L07C42AEC4A92,P001,2025-04-02 17:00:52 UTC,lead_sale,77.84,confirmed
REVB6E637870291,LF2EC3F2BEA66,P002,2025-05-17 14:59:08 UTC,lead_sale,77.76,confirmed
REV76584163AD6C,LDF43B8D6EBD6,P003,2025-03-07 18:10:11 UTC,lead_sale,70.35,confirmed
REVE7ABC3C396C4,L0C2CBB4469E2,P002,2025-03-05 14:29:34 UTC,lead_sale,88.89,confirmed
REV6932D65A1959,LA62EE818486C,P002,2025-01-15 14:58:42 UTC,lead_sale,85.66,confirmed
REV6650F32338A4,L185C4A003C89,P004,2025-01-25 11:49:41 UTC,lead_sale,95.87,confirmed
REV48D06E8000E0,L67D4182AC008,P007,2025-01-08 14:10:13 UTC,lead_sale,148.76,confirmed
REV3E2D3F4945E4,L1246CCB42F8C,P010,2025-04-04 19:07:30 UTC,lead_sale,68.77,confirmed
REV9CFE64272E42,L147DC0C265E2,P002,2025-02-21 07:57:56 UTC,lead_sale,77.83,confirmed
REVF370D5ED6472,L8D51BAB41965,P005,2025-06-07 14:53:54 UTC,lead_sale,122.93,confirmed
REV016091CA1C9E,L98A1C2E2B40F,P003,2025-05-13 23:22:42 UTC,lead_sale,79.77,confirmed
REV3EEECF3609F8,L83D1E50E5C79,P009,2025-02-23 23:06:32 UTC,lead_sale,52.99,confirmed
REV07526277325F,LE4D7421943A3,P005,2025-05-17 16:08:49 UTC,lead_sale,118.26,confirmed
REVD437AE96FE36,L8CD085D26F8C,P009,2025-04-07 17:42:10 UTC,lead_sale,60.65,confirmed
REVAACA6703AD2A,LA07B55C52516,P002,2025-03-07 13:32:11 UTC,lead_sale,76.89,confirmed
REV02723BCAE7C6,L4C079FB0D4BA,P002,2025-06-12 15:34:36 UTC,lead_sale,80.37,confirmed
REV14C384CB335F,L1C55DE4B0BA9,P010,2025-04-18 10:24:19 UTC,lead_sale,76.76,confirmed
REVE649420CD8D0,LD323B89109ED,P005,2025-06-22 17:12:12 UTC,lead_sale,114.56,confirmed
REVBD318941A384,LA7298386ED1E,P009,2025-04-22 10:22:10 UTC,lead_sale,65.45,confirmed
REVBAB15AF24370,L16AB4863E812,P003,2025-06-25 16:01:50 UTC,lead_sale,74.37,confirmed
REV752706B06468,L55D702B91D90,P001,2025-02-17 14:50:57 UTC,lead_sale,62.06,confirmed
REV95AE921BA472,L3DC747AF6173,P001,2025-04-02 17:45:15 UTC,lead_sale,65.5,confirmed
REV572126F69496,LBC490FDB67CE,P002,2025-01-11 17:23:10 UTC,lead_sale,80.7,confirmed
REVF08587780FDC,LCBC708001BBF,P005,2025-05-08 18:00:54 UTC,lead_sale,125.98,confirmed
REV14504EB211E6,L22923E033AB6,P002,2025-04-23 20:44:28 UTC,lead_sale,77.14,confirmed
REV2C742DD3ADC9,L2192E9A21D91,P010,2025-06-25 09:38:53 UTC,lead_sale,72.25,confirmed
REV6B7A440109D0,LB8301D0F85D9,P007,2025-01-01 20:09:44 UTC,lead_sale,135.01,confirmed
REVE976C1532A02,LB22871A535E8,P008,2025-02-09 13:59:37 UTC,lead_sale,88.78,confirmed
REV098578B4AC40,L665915C523B9,P009,2025-01-24 10:44:55 UTC,lead_sale,69.43,confirmed
REVE6468D725ED3,L7192C668FB2C,P010,2025-03-20 12:27:36 UTC,lead_sale,71.48,confirmed
REV9C48208304F0,L1A585014E1C0,P010,2025-03-25 17:34:57 UTC,lead_sale,73.26,confirmed
REVCD1BF235F2A0,L90CFD6C50A83,P003,2025-03-30 09:56:40 UTC,lead_sale,69.63,confirmed
REVCCA180DE17FF,LFAA84F7D268F,P005,2025-03-19 12:10:58 UTC,lead_sale,102.38,confirmed
REV28EE660475C4,L2C06C7CC3330,P003,2025-03-31 23:15:13 UTC,lead_sale,79.22,confirmed
REVFDFFB84F9D3A,L9F2326DCB7C0,P002,2025-06-07 16:12:13 UTC,lead_sale,71.75,confirmed
REVECC71909E9AB,L9B6A8A54BC4B,P002,2025-03-11 19:35:12 UTC,lead_sale,85.95,confirmed
REVF1D69EC6514F,LF1B58AD91214,P010,2025-01-25 16:32:51 UTC,lead_sale,71.39,confirmed
REV6A40E4C9331D,L6AD66822BC6E,P003,2025-01-08 11:15:51 UTC,lead_sale,63.74,confirmed
REV92837CE1B94E,L97E9656CABDB,P001,2025-05-28 16:39:09 UTC,lead_sale,58.87,confirmed
REVF091ECA9C4E4,LFC94F1D415BD,P008,2025-06-18 12:05:58 UTC,lead_sale,88.84,confirmed
REVEF83AF5DDF3D,L5686B84E5658,P002,2025-01-06 08:24:52 UTC,lead_sale,78.51,confirmed
REV91334ABAB955,L7BBC51A6DD0A,P001,2025-04-12 14:00:52 UTC,lead_sale,65.93,confirmed
REV4352F290AB0A,L4469950FA5D6,P002,2025-03-26 18:50:00 UTC,lead_sale,81.75,confirmed
REV27B0E39E287D,LCCB4EFB36BD3,P010,2025-04-04 17:00:15 UTC,lead_sale,71.83,confirmed
REV81AC8567133B,L9459BFE7E546,P002,2025-03-09 23:16:59 UTC,lead_sale,81.78,confirmed
REVD3E7101757A9,L093C454B179B,P004,2025-04-01 20:39:45 UTC,lead_sale,97.12,confirmed
REV11AC6C725B34,L688F13DF1766,P005,2025-02-01 20:34:21 UTC,lead_sale,101.64,confirmed
REVCD2C510BF8ED,L8A2503278B0A,P009,2025-05-03 09:43:10 UTC,lead_sale,58.26,confirmed
REV68AD3DB01FE5,L4A14A6548A56,P002,2025-01-28 17:28:48 UTC,lead_sale,85.34,confirmed
REV65F6360B262C,L7E95DE3157E6,P006,2025-03-16 21:01:13 UTC,lead_sale,108.47,confirmed
REV4FCF25905D80,L9920695B8332,P005,2025-01-05 14:42:03 UTC,lead_sale,114.21,confirmed
REV4B76DADB424F,L910CB7AC21DF,P003,2025-05-13 18:28:53 UTC,lead_sale,72.21,confirmed
REVE11B247D70C8,LECE00E10326C,P003,2025-04-05 09:20:56 UTC,lead_sale,66.77,confirmed
REV9BB4FA26756B,L47E3763B8B99,P002,2025-04-15 12:14:05 UTC,lead_sale,67.95,confirmed
REVC5E619F9FA8F,L98E68712B318,P001,2025-03-13 20:15:38 UTC,lead_sale,59.88,confirmed
REV13EFE11FB084,L8C6F1F19FB89,P010,2025-01-27 18:27:49 UTC,lead_sale,72.0,confirmed
REVBDD380C8C4DB,LDADDE355550F,P005,2025-01-29 13:04:07 UTC,lead_sale,123.87,confirmed
REV39E12CCEE82B,L8CA35B633900,P001,2025-03-26 10:15:34 UTC,lead_sale,65.23,confirmed
REV4978E2E742A4,L1ABD595E4408,P006,2025-05-28 09:52:32 UTC,lead_sale,117.76,confirmed
REV0285DF181170,LD11C211E071D,P002,2025-04-12 16:37:46 UTC,lead_sale,86.42,confirmed
REV137CAD775DF7,L3073D0D759EE,P010,2025-06-20 19:38:14 UTC,lead_sale,82.51,confirmed
REV42048F36F864,L13532F1DBA40,P002,2025-04-14 22:06:55 UTC,lead_sale,74.58,confirmed
REV0587A913D46A,L291374D93281,P001,2025-01-15 23:45:58 UTC,lead_sale,61.91,confirmed
REV48DDF661B718,L3CDCDF384628,P003,2025-03-13 18:37:47 UTC,lead_sale,61.72,confirmed
REV671276E113CE,L5713DB44E55E,P010,2025-01-13 19:43:22 UTC,lead_sale,80.19,confirmed
REV0D78EBF3D4A1,L802951422137,P002,2025-05-31 07:53:37 UTC,lead_sale,80.06,confirmed
REV001A5D78BA13,L8B37B4ECE0B4,P003,2025-02-22 18:19:51 UTC,lead_sale,74.44,confirmed
REVF1D909525A06,L94B91275D057,P002,2025-01-23 16:14:36 UTC,lead_sale,70.54,confirmed
REV068D00A591CC,LD357920D85A9,P009,2025-02-08 21:40:42 UTC,lead_sale,63.74,confirmed
REVDFD42DE7CB32,L19C017B9F61E,P001,2025-03-02 14:22:50 UTC,lead_sale,71.95,confirmed
REV9201FDF3562C,L7A0FAE615B51,P001,2025-06-03 08:30:53 UTC,lead_sale,63.65,confirmed
REVA678837CB7C3,LEBED9FE05419,P006,2025-06-07 17:09:06 UTC,lead_sale,139.36,confirmed
REVEE78A4827A19,L5580D05E9FC5,P005,2025-01-15 18:26:16 UTC,lead_sale,117.97,confirmed
REV76542C91597E,LC61A0BC2E537,P003,2025-03-23 11:59:09 UTC,lead_sale,81.31,confirmed
REV486199DA2C38,L88A3E9B5EA35,P010,2025-03-20 07:39:54 UTC,lead_sale,76.05,confirmed
REV24EEC181D626,L700992732825,P009,2025-05-16 14:10:55 UTC,lead_sale,61.48,confirmed
REV94A5A86CE605,L94E93B1DA56B,P003,2025-04-29 21:09:34 UTC,lead_sale,66.09,confirmed
REV349F5F15ADCC,LE9691B156C14,P003,2025-03-24 15:08:06 UTC,lead_sale,69.07,confirmed
REV440C190EB018,L27A9F96B5671,P003,2025-02-15 17:10:22 UTC,lead_sale,61.81,confirmed
REV45F7B621EC59,L7DE2254C7956,P003,2025-01-14 18:36:31 UTC,lead_sale,62.62,confirmed
REV9D806D90EA04,LA992DBE01965,P002,2025-05-08 13:13:31 UTC,lead_sale,77.61,confirmed
REV7BFA93EABA12,LBF0DEB0AB3D4,P006,2025-05-27 14:22:37 UTC,lead_sale,110.33,confirmed
REV4FDD8B2B7B83,LF29D08F434EB,P003,2025-04-14 21:35:13 UTC,lead_sale,74.43,confirmed
REVBA7DC7CE1A8E,L05356007A6A0,P010,2025-02-08 11:44:32 UTC,lead_sale,81.56,confirmed
REV1B882787B1B5,L9CFDD5B55F4F,P004,2025-01-20 21:04:45 UTC,lead_sale,106.1,confirmed
REV6E3FAAE7616C,L7D895AD61B08,P009,2025-01-14 23:37:44 UTC,lead_sale,63.74,confirmed
REVB823054CA7FB,LD90FDF423C5C,P007,2025-02-18 22:18:43 UTC,lead_sale,131.47,confirmed
REV81B1FBD44BE5,L90C07EA94021,P010,2025-05-13 22:52:24 UTC,lead_sale,72.79,confirmed
REVFBF6A4742565,L3564F8CF51AD,P009,2025-01-18 22:17:51 UTC,lead_sale,53.94,confirmed
REV63165CF47AD7,LAAC007CE0D35,P010,2025-06-13 13:28:13 UTC,lead_sale,69.33,confirmed
REV78248A05A1DE,L145413F4FC7F,P002,2025-01-29 17:23:19 UTC,lead_sale,70.97,confirmed
REV0BABDE00C9AC,LB0285BAE5793,P010,2025-05-30 17:52:23 UTC,lead_sale,80.52,confirmed
REVFE62645ADEF6,L26C735FB401A,P002,2025-02-23 17:30:56 UTC,lead_sale,77.24,confirmed
REVDC08AC3375E2,L7C61F1E8C1BF,P010,2025-01-05 09:11:26 UTC,lead_sale,72.78,confirmed
REVF6B53A6B4996,LE6F5C1A92D46,P004,2025-04-07 09:54:29 UTC,lead_sale,101.49,confirmed
REV6992438047B8,LC8035DE35735,P003,2025-02-01 19:02:52 UTC,lead_sale,76.12,confirmed
REV7983F957CC2D,LF09BBA1F67BC,P005,2025-03-18 08:07:15 UTC,lead_sale,113.53,confirmed
REV3F635B7AA5FF,LBE663748F7FB,P003,2025-04-16 09:37:15 UTC,lead_sale,63.58,confirmed
REV1ED8DE5EAFE5,L762DF8BF3C62,P010,2025-03-19 18:47:44 UTC,lead_sale,77.54,confirmed
REV0469E4FD1C3F,L1CD37A1F2429,P003,2025-05-09 09:44:45 UTC,lead_sale,62.33,confirmed
REV23BDDD9AB9D4,LD84E21804D50,P001,2025-03-18 13:54:02 UTC,lead_sale,62.81,confirmed
REV342FDC721FDA,LE9B2A2460F3C,P002,2025-04-25 11:15:21 UTC,lead_sale,81.52,confirmed
REV40A0080DA854,L4A380805B09C,P003,2025-06-18 21:35:10 UTC,lead_sale,67.12,confirmed
REV18E962741AE2,LFDE67B76C3B5,P010,2025-03-15 09:27:17 UTC,lead_sale,71.55,confirmed
REV255A76EBE8AE,LE087F3FCA337,P010,2025-03-05 16:53:27 UTC,lead_sale,81.47,confirmed
REVF88E42EBF113,L5D25C15F563A,P002,2025-05-29 19:19:47 UTC,lead_sale,76.12,confirmed
REVCABBDDE79783,L070EB2FE132F,P003,2025-01-15 23:38:28 UTC,lead_sale,65.79,confirmed
REVA60D5F846C56,L48ED2BF5F906,P010,2025-01-26 17:35:36 UTC,lead_sale,82.14,confirmed
REV3C25D5F249BD,L20AE1CFF738A,P001,2025-03-11 22:14:08 UTC,lead_sale,59.25,confirmed
REV6607D97D8893,L194009508B76,P002,2025-02-24 15:56:40 UTC,lead_sale,71.7,confirmed
REVB0C2A1C4646A,L0504664B6D5D,P002,2025-04-05 11:17:04 UTC,lead_sale,79.87,confirmed
REVDC859C0D9359,L9C5912F49445,P009,2025-02-19 18:11:05 UTC,lead_sale,58.96,confirmed
REVDD225B85C1AB,L90EA3FCAF6BD,P007,2025-05-24 09:09:00 UTC,lead_sale,136.43,confirmed
REVDC2AA5168FC2,L3B8941B272FA,P002,2025-04-05 10:55:01 UTC,lead_sale,75.37,confirmed
REV2DD0FEF51F71,L99DDE77EBCF0,P002,2025-04-24 19:21:04 UTC,lead_sale,68.11,confirmed
REVDA67E66B7622,L06452222BE41,P005,2025-04-25 14:34:15 UTC,lead_sale,119.38,confirmed
REV84AE95CA821C,L65081064F86E,P005,2025-01-31 22:04:02 UTC,lead_sale,124.87,confirmed
REV4B738EED3C9B,L7ABC7EC53973,P010,2025-01-16 20:48:42 UTC,lead_sale,78.57,confirmed
REVF39236554DEA,L6134D74128DE,P010,2025-05-24 14:22:20 UTC,lead_sale,72.57,confirmed
REVE3F6E7F92A22,L2CE69407769C,P007,2025-05-20 18:32:07 UTC,lead_sale,149.97,confirmed
REVF727F27E5B9D,L4F9E5F4D7623,P010,2025-04-15 13:07:12 UTC,lead_sale,81.58,confirmed
REVAE33C579F73B,LC0110FF0DEAC,P009,2025-03-20 13:25:01 UTC,lead_sale,56.28,confirmed
REV091026C12CA1,L76107FEE7D6B,P009,2025-06-06 10:59:21 UTC,lead_sale,63.45,confirmed
REV669C5F732462,L742F82A39934,P010,2025-04-07 10:47:38 UTC,lead_sale,70.63,confirmed
REVC63C929B6714,LAA018AA7B46A,P010,2025-01-17 17:43:56 UTC,lead_sale,66.36,confirmed
REV32FEC1DB70C4,L7E29F38C8C33,P007,2025-06-09 17:22:07 UTC,lead_sale,122.68,confirmed
REV3A74372FDC5D,LA08F884F2896,P002,2025-05-09 13:27:52 UTC,lead_sale,67.88,confirmed
REV0BF0178F2FFB,L6D8DE59F2613,P003,2025-04-12 16:52:31 UTC,lead_sale,77.6,confirmed
REV694F76CB5476,LA627321CF3CD,P005,2025-01-28 10:48:16 UTC,lead_sale,118.03,confirmed
REV335990B996C8,LBB18C9498EA3,P002,2025-04-18 22:04:36 UTC,lead_sale,72.6,confirmed
REV04D6E17EBF60,L33C1A0491213,P010,2025-01-02 12:21:54 UTC,lead_sale,72.19,confirmed
REV8FA3D39C835E,L6B52635456B9,P002,2025-03-30 11:21:08 UTC,lead_sale,86.67,confirmed
REV0ADDE85DD1D2,L4A04BB064CF0,P001,2025-03-25 10:52:25 UTC,lead_sale,68.43,confirmed
REV8A0C3769CE4C,L5E4DE5E247E1,P003,2025-04-23 23:43:23 UTC,lead_sale,64.3,confirmed
REV1479D09E1906,L69665B5B2E0F,P010,2025-02-01 15:47:36 UTC,lead_sale,79.37,confirmed
REV0AD33857F391,L80DA2F989682,P006,2025-04-09 16:33:51 UTC,lead_sale,115.84,confirmed
REV7735EA20B6BE,L9709047FFC80,P002,2025-05-22 20:07:41 UTC,lead_sale,80.94,confirmed
REV388151BFABA7,L91E768D4386A,P003,2025-06-18 17:46:23 UTC,lead_sale,79.44,confirmed
REVEA9A61B8878D,L79B6C68DF901,P003,2025-05-12 08:12:41 UTC,lead_sale,64.15,confirmed
REVB0DCDAE5395B,LEF58C88BE6F9,P001,2025-01-16 08:18:05 UTC,lead_sale,66.62,confirmed
REV7C23EB08DBA6,L810DE83DA568,P010,2025-01-09 13:54:08 UTC,lead_sale,68.89,confirmed
REV49994DB48BF4,L06A6B3B55FB3,P006,2025-04-14 23:01:19 UTC,lead_sale,121.65,confirmed
REV39B358689CE3,L312E71B36D20,P002,2025-01-25 09:50:34 UTC,lead_sale,76.05,confirmed
REVC7068FE739AF,L77657230B2FF,P001,2025-02-09 11:37:27 UTC,lead_sale,77.67,confirmed
REVBB0A0811F3E5,LB1155B375881,P002,2025-03-07 10:10:41 UTC,lead_sale,89.92,confirmed
REV3292918FE98E,L294E95BC44E3,P009,2025-06-28 19:01:02 UTC,lead_sale,56.33,confirmed
REVC0844A5A91C4,L0291A75F5A8D,P002,2025-04-17 12:19:31 UTC,lead_sale,69.92,confirmed
REV44AD9638D009,L08BA898C01B6,P010,2025-02-17 08:38:59 UTC,lead_sale,74.48,confirmed
REV466156BC648B,L3A16C9705084,P002,2025-04-26 14:57:19 UTC,lead_sale,80.99,confirmed
REV0A3B49D36A28,L71A799781F88,P010,2025-05-07 10:00:20 UTC,lead_sale,82.03,confirmed
REV8215B97789E9,LB74DC949B9BC,P003,2025-03-23 11:02:24 UTC,lead_sale,63.37,confirmed
REVEFA508E57A5E,L74F50C70290D,P002,2025-06-08 07:38:30 UTC,lead_sale,83.84,confirmed
REVF531A90FE084,L634418113565,P002,2025-02-18 20:46:54 UTC,lead_sale,74.49,confirmed
REV797DF2D2D30E,LF9E0E2B9BCB5,P010,2025-04-06 11:06:37 UTC,lead_sale,75.15,confirmed
REVFE65EF45A35D,L997205C22E20,P002,2025-05-05 09:28:26 UTC,lead_sale,85.39,confirmed
REV63B0C0096F1D,L374BE84E0166,P009,2025-06-02 12:45:59 UTC,lead_sale,59.37,confirmed
REVA80962C2DD61,LB3166687D377,P006,2025-02-21 10:06:02 UTC,lead_sale,119.43,confirmed
REV4A603C9FE86B,LBF61CA82670A,P002,2025-05-04 11:02:48 UTC,lead_sale,72.33,confirmed
REVBE34E5D36A63,LB98C57FE84CE,P009,2025-06-20 22:17:13 UTC,lead_sale,66.09,confirmed
REV42819965A34D,L37689259B7D9,P002,2025-02-24 10:03:03 UTC,lead_sale,77.83,confirmed
REV71A94CFBEDF9,L9564A3F1EDF6,P009,2025-04-28 21:10:32 UTC,lead_sale,64.97,confirmed
REVF2A89E7C3837,L14AC164C97E2,P001,2025-04-24 10:35:38 UTC,lead_sale,65.27,confirmed
REVAEA843B66BA7,L883AF7B30CED,P001,2025-03-12 15:45:42 UTC,lead_sale,61.15,confirmed
REV8BC1E69EB2E9,LFBA6A9E9A8AB,P002,2025-04-20 17:21:14 UTC,lead_sale,73.13,confirmed
REVE8F63070E04E,L24F1D813BA96,P003,2025-03-17 15:25:15 UTC,lead_sale,70.51,confirmed
REV0B46CB1C2426,L79D2FF68E1AB,P010,2025-02-13 23:56:23 UTC,lead_sale,71.09,confirmed
REVC9C982260D52,LBB644F7EDDCF,P001,2025-03-24 15:49:47 UTC,lead_sale,64.86,confirmed
REV410D2194B27C,L5D3143BFB65B,P005,2025-05-21 16:48:59 UTC,lead_sale,123.09,confirmed
REV746BBA5607E6,L6F072AE94D2A,P002,2025-06-22 14:46:10 UTC,lead_sale,80.33,confirmed
REVCFCE5C5FE586,L35304BC0C508,P010,2025-06-27 20:45:27 UTC,lead_sale,84.79,confirmed
REV2FC615E7E8E9,L6ED0B096EF18,P010,2025-06-12 13:24:47 UTC,lead_sale,85.14,confirmed
REV91CC19B6FE95,LAF20910196F3,P002,2025-03-01 15:57:15 UTC,lead_sale,84.39,confirmed
REVF93EC705B424,LBFD85D903817,P002,2025-06-18 19:40:10 UTC,lead_sale,76.86,confirmed
REVA60229ADAEED,L12A50121718A,P003,2025-01-17 16:05:58 UTC,lead_sale,69.86,confirmed
REV8294654C803F,LBF1CA51EE5E8,P009,2025-02-16 10:48:33 UTC,lead_sale,68.61,confirmed
REVC0E013E2793F,L9A5D1C078ADE,P005,2025-02-09 12:59:33 UTC,lead_sale,109.6,confirmed
REV0636DE3EC377,L75096D19D0CF,P007,2025-02-01 11:08:53 UTC,lead_sale,143.8,confirmed
REV1DB4AC2CD6A8,L5D6A022BAE05,P005,2025-01-28 21:27:44 UTC,lead_sale,115.66,confirmed
REV3833D81978DA,L3F8E5DA1B00E,P003,2025-06-08 15:44:40 UTC,lead_sale,76.61,confirmed
REV4BF07D4A5E16,L3E352BEA6135,P003,2025-05-16 16:00:02 UTC,lead_sale,78.17,confirmed
REVC9128CC52C9E,L0A5AEC1A3835,P005,2025-03-05 20:52:13 UTC,lead_sale,102.32,confirmed
REVF6FA420B4E50,L60F5B2E4744E,P010,2025-01-02 18:03:05 UTC,lead_sale,78.77,confirmed
REV22BE35E35830,LEA7ED30A72CE,P003,2025-05-31 17:24:03 UTC,lead_sale,63.58,confirmed
REV0F4C36CE1847,LD7191D5735AF,P002,2025-02-24 16:08:28 UTC,lead_sale,86.55,confirmed
REV3DCEB688FBDC,LE667B97DE07F,P010,2025-04-22 15:43:49 UTC,lead_sale,75.49,confirmed
REV30807DC87BBE,L01D4E3A54CEB,P010,2025-03-09 16:01:56 UTC,lead_sale,67.87,confirmed
REV03657506C6A5,L0550C3E67D21,P002,2025-05-27 19:18:12 UTC,lead_sale,78.83,confirmed
REV556C3DFDBC5B,LC125073DFA69,P003,2025-01-03 10:58:46 UTC,lead_sale,66.51,confirmed
REV2884F8699475,LB7C7063D4369,P009,2025-05-22 13:51:34 UTC,lead_sale,53.81,confirmed
REV8EBAB4039D87,L2025EF54B1B9,P002,2025-05-16 12:07:58 UTC,lead_sale,89.58,confirmed
REV6F37EC314EE7,L291A2FF73B04,P003,2025-04-08 08:06:21 UTC,lead_sale,74.95,confirmed
REVFAA8236DF04D,L41859FCD1D2F,P010,2025-05-26 14:32:11 UTC,lead_sale,67.5,confirmed
REV91EF62B5105B,LF547AAF80036,P010,2025-06-29 10:40:29 UTC,lead_sale,68.53,confirmed
REV33D3D6A36924,LD9BAF13F4A66,P010,2025-03-31 20:34:17 UTC,lead_sale,67.38,confirmed
REVCB234D7A1251,L93F452F0F17C,P003,2025-04-04 15:15:02 UTC,lead_sale,75.6,confirmed
REVF7BBE2815D2A,LE7B3D54909D3,P003,2025-05-15 11:04:42 UTC,lead_sale,69.93,confirmed
REV7A8C68E313BD,LEF9784926733,P003,2025-03-04 19:18:32 UTC,lead_sale,65.14,confirmed
REV554D2B118C24,L4AB8C2B9B55A,P007,2025-05-01 16:09:59 UTC,lead_sale,127.66,confirmed
REVC0DA42DB0330,LBEB2C2055762,P002,2025-01-02 13:31:14 UTC,lead_sale,79.35,confirmed
REV9C0F2A94FD1C,L7C158F04CF98,P010,2025-06-11 22:16:35 UTC,lead_sale,80.44,confirmed
REV1F288A13F273,L29CF4EADFBE7,P007,2025-05-01 15:30:41 UTC,lead_sale,125.61,confirmed
REV49B4B0763C43,L82436782BEF5,P005,2025-02-05 22:58:06 UTC,lead_sale,119.89,confirmed
REVABC690BD3096,L51F101607976,P002,2025-03-11 17:53:00 UTC,lead_sale,76.4,confirmed
REVA2DABDEAE21E,LF5AB2EFF7BB7,P003,2025-01-02 19:24:30 UTC,lead_sale,72.55,confirmed
REV6D1962B1A3CA,L607BADE673B1,P002,2025-05-24 18:05:32 UTC,lead_sale,74.11,confirmed
REVD3A5A93C60DF,L99BA58804973,P010,2025-06-29 22:47:08 UTC,lead_sale,66.28,confirmed
REVE309FF9E6280,L119B1669C7B0,P009,2025-01-26 17:01:33 UTC,lead_sale,69.38,confirmed
REVCE051F222826,L6F80715E918D,P006,2025-05-24 11:47:15 UTC,lead_sale,136.59,confirmed
REVD3B4441C240A,L37DCB5A32C1F,P009,2025-05-22 08:55:19 UTC,lead_sale,62.14,confirmed
REV93EADA85A8E8,L09AD1B8E1AAF,P010,2025-04-01 20:14:11 UTC,lead_sale,64.91,confirmed
REV4671CA73EF37,L9413534CDA8E,P002,2025-04-18 17:19:37 UTC,lead_sale,89.81,confirmed
REV26A2A58DA8F9,LD05A7DF93BD4,P010,2025-06-28 19:07:48 UTC,lead_sale,82.38,confirmed
REVF6DF74DD17D5,L8BA7382B6482,P002,2025-03-15 10:23:17 UTC,lead_sale,89.34,confirmed
REV095051DE6489,LC2B0BB32C73F,P010,2025-03-01 23:25:17 UTC,lead_sale,86.34,confirmed
REV83F796F49645,L08D98B9DF8A7,P008,2025-06-30 08:23:54 UTC,lead_sale,77.46,confirmed
REV162FC5409934,L3DE8FC876339,P010,2025-03-17 16:15:26 UTC,lead_sale,83.79,confirmed
REVDE706D57D807,LC63A69C823B4,P003,2025-01-24 23:29:44 UTC,lead_sale,67.87,confirmed
REVCCB7EDBC6CCD,L77BA33302C08,P002,2025-06-14 17:56:36 UTC,lead_sale,70.91,confirmed
REVC821F0CFF427,LDF2068864330,P001,2025-03-17 09:20:22 UTC,lead_sale,65.35,confirmed
REV37F478644559,L63908C4ACD13,P007,2025-05-10 20:24:16 UTC,lead_sale,126.4,confirmed
REV313E2F8628F1,LC6FFB3F83C5C,P005,2025-01-21 19:54:16 UTC,lead_sale,96.18,confirmed
REV3543D331DA35,L367D989C1F96,P006,2025-03-28 11:17:03 UTC,lead_sale,138.22,confirmed
REV24DAB5D3DDF0,LE3818C88D502,P003,2025-06-09 21:48:54 UTC,lead_sale,79.36,confirmed
REV2E24214E37FC,L77973F9C5586,P002,2025-01-27 22:15:12 UTC,lead_sale,69.3,confirmed
REVAA58E2453E8F,L8C409B168F0C,P005,2025-02-03 18:30:03 UTC,lead_sale,117.54,confirmed
REV70D6D869BB84,L67ABFDBE5D49,P010,2025-03-21 13:54:12 UTC,lead_sale,77.14,confirmed
REVB86F2CE55E37,L8CD9DBE8E650,P003,2025-05-06 22:24:58 UTC,lead_sale,76.93,confirmed
REVCE7B839EF477,LDEAAC97266AE,P004,2025-04-29 14:48:08 UTC,lead_sale,103.65,confirmed
REV3D7D2904DC53,L82C6FDF19ADF,P008,2025-01-03 14:49:32 UTC,lead_sale,72.86,confirmed
REV38615B4C3A2E,LB0F3505C7335,P003,2025-01-19 21:13:18 UTC,lead_sale,70.27,confirmed
REV665FD3F0820C,L60227210B9D0,P006,2025-04-23 17:30:22 UTC,lead_sale,133.21,confirmed
REV49D5D7C957C9,L5A30B647F71C,P003,2025-03-20 21:41:04 UTC,lead_sale,75.25,confirmed
REV7A8629F547E7,L5B0A22F71AFC,P001,2025-03-10 11:05:10 UTC,lead_sale,74.42,confirmed
REVD2426193E02B,L97C5C29BAA1F,P002,2025-06-16 07:59:33 UTC,lead_sale,72.87,confirmed
REVF43A7361C294,L6E53FC9C1DA3,P009,2025-02-19 19:43:43 UTC,lead_sale,64.32,confirmed
REV47686663B8FA,LAA6363249AC8,P005,2025-01-31 23:31:37 UTC,lead_sale,107.62,confirmed
REV985BB5527F80,LA1B30D0D66CE,P003,2025-06-11 12:05:42 UTC,lead_sale,76.96,confirmed
REV9CE77F5CDE04,L937535200C72,P001,2025-01-08 22:23:31 UTC,lead_sale,65.15,confirmed
REV3704E6232A8A,L4D3188535EAC,P010,2025-06-09 19:31:35 UTC,lead_sale,68.46,confirmed
REVAEDCBD7E7B4C,L0139B4CA0411,P001,2025-05-14 14:18:30 UTC,lead_sale,61.33,confirmed
REV182BD7601CF5,L1DBD993FDC0F,P003,2025-02-18 22:44:06 UTC,lead_sale,78.22,confirmed
REV6F4C3F54D7B7,LF008AD1E74DC,P001,2025-06-07 18:34:14 UTC,lead_sale,72.58,confirmed
REV2C96FA2AC002,L080C01FE41F5,P002,2025-02-23 09:25:25 UTC,lead_sale,73.68,confirmed
REV0E26C5819053,LFF55998C403A,P006,2025-01-15 22:04:26 UTC,lead_sale,137.0,confirmed
REV188B3B3DA012,L33C45C4FA233,P002,2025-06-24 12:01:48 UTC,lead_sale,69.03,confirmed
REVF588D17E1535,LBF8404552EAA,P005,2025-05-24 09:04:35 UTC,lead_sale,113.13,confirmed
REVDBBA083A0D3D,LDEE0E6424867,P007,2025-05-01 11:53:40 UTC,lead_sale,152.56,confirmed
REV19C2156BB112,L5A10FD129527,P009,2025-04-05 15:11:02 UTC,lead_sale,60.76,confirmed
REV0E8B442C4CFA,LD95A40F44D74,P010,2025-01-29 12:45:45 UTC,lead_sale,65.33,confirmed
REV4CC372BB4CE1,L8C716A2645CC,P003,2025-03-22 07:58:49 UTC,lead_sale,74.72,confirmed
REV50D178A827E1,LDB1F6E9A2F26,P009,2025-01-11 22:56:48 UTC,lead_sale,60.53,confirmed
REV87E68C123675,L190017169C58,P001,2025-04-30 18:57:46 UTC,lead_sale,77.2,confirmed
REV53D83E98908F,LCDC13AFB84D9,P006,2025-02-08 17:09:01 UTC,lead_sale,131.6,confirmed
REVC3C19DC6DC5C,L6CDD5B94727B,P006,2025-03-26 20:45:14 UTC,lead_sale,114.26,confirmed
REV6468E7535541,L8ECDFC370BF7,P010,2025-03-02 10:15:37 UTC,lead_sale,69.78,confirmed
REV439E50D3F914,L5B47CE012066,P010,2025-05-15 11:57:58 UTC,lead_sale,67.85,confirmed
REVEDA22B450E99,L43CA94CB490C,P009,2025-04-28 12:13:08 UTC,lead_sale,61.02,confirmed
REVE933CD2AC42C,L68599CDBF169,P001,2025-06-16 18:42:19 UTC,lead_sale,66.16,confirmed
REV979E639A9C1B,L967BE6C83FEA,P010,2025-03-26 20:39:21 UTC,lead_sale,68.14,confirmed
REVF2147C41F04F,LA7F7B3B9DBF4,P004,2025-01-20 09:12:46 UTC,lead_sale,99.13,confirmed
REV908F07E8D57E,L16F12FAC6A5B,P005,2025-05-05 07:42:55 UTC,lead_sale,119.94,confirmed
REV05CF5A42EBFA,LD9EEA2DBEB85,P006,2025-01-30 20:49:56 UTC,lead_sale,117.16,confirmed
REV0EE3508A1E23,L7C3262009956,P002,2025-05-27 08:48:50 UTC,lead_sale,69.65,confirmed
REV990C48A3B16B,L3E5EC0F77D5B,P009,2025-06-11 22:31:13 UTC,lead_sale,66.37,confirmed
REVD4E612AF7123,LD88C6168F0F9,P009,2025-03-20 09:28:20 UTC,lead_sale,67.14,confirmed
REVAEF6602B92DC,LC73791E932F3,P002,2025-02-26 23:27:11 UTC,lead_sale,88.89,confirmed
REVEDB09ED3CE4C,LB71F0D4AC2DF,P009,2025-02-16 22:37:38 UTC,lead_sale,64.98,confirmed
REV2B8879896FC2,L1ACF4BFAD1D4,P003,2025-05-16 14:23:12 UTC,lead_sale,79.35,confirmed
REV36A76528C226,LA457E28FB104,P003,2025-06-23 07:55:17 UTC,lead_sale,69.66,confirmed
REVEC948CDDF268,L3E2E7789B93C,P010,2025-04-05 08:50:10 UTC,lead_sale,84.88,confirmed
REVDDEAD03FB90E,L938591620DBB,P010,2025-05-05 10:19:21 UTC,lead_sale,69.66,confirmed
REV336C8C88B730,LB0D6B515BA83,P003,2025-05-02 14:49:41 UTC,lead_sale,70.88,confirmed
REV40DF48BE3058,L543B9AC7C1FF,P010,2025-01-14 18:04:42 UTC,lead_sale,68.54,confirmed
REV9A7C04688BDA,L9204124A48AF,P001,2025-05-16 09:31:40 UTC,lead_sale,77.57,confirmed
REV54C9FA04256A,L7EA50301019A,P001,2025-01-30 15:47:21 UTC,lead_sale,64.94,confirmed
REV340A73EAC56B,L9BF1535DDC41,P003,2025-05-13 13:12:18 UTC,lead_sale,63.41,confirmed
REV6B19220C274A,L400B617A5A3E,P001,2025-01-05 18:12:10 UTC,lead_sale,62.44,confirmed
REVC8B227D7A915,L27D171608950,P003,2025-05-22 10:34:54 UTC,lead_sale,61.78,confirmed
REVFDC010EC340B,L0413725D9242,P010,2025-06-09 10:07:13 UTC,lead_sale,83.93,confirmed
REV3665BE1ED803,L1F7B44FB16ED,P003,2025-06-12 11:34:45 UTC,lead_sale,65.93,confirmed
REV41CD38170C2C,LDBDEB0305461,P005,2025-01-24 14:26:27 UTC,lead_sale,97.21,confirmed
REV1522B2A70E17,LDBAC2D4DDF60,P010,2025-06-20 13:43:20 UTC,lead_sale,79.47,confirmed
REV27F8CB4C9444,L62347FD805EF,P009,2025-04-18 11:33:22 UTC,lead_sale,66.32,confirmed
REV59EA39D4B368,LDF6063D96DAA,P002,2025-01-21 19:42:52 UTC,lead_sale,80.43,confirmed
REV25D9165718AF,L0945471D2CD2,P002,2025-02-24 19:11:47 UTC,lead_sale,73.45,confirmed
REV5BED5AB3DB18,LA4BC7B87A0E9,P001,2025-06-16 20:52:42 UTC,lead_sale,60.05,confirmed
REV83DEFB89FA72,L1A951AD6D3AF,P003,2025-05-03 21:28:47 UTC,lead_sale,79.36,confirmed
REVE53FC00A5A51,L1C887EBB14EA,P009,2025-03-15 21:46:13 UTC,lead_sale,62.33,confirmed
REVE415D7039428,L782DC3AE1132,P010,2025-02-20 14:04:51 UTC,lead_sale,65.43,confirmed
REVC64F4531CD26,L61D6770F0EE1,P002,2025-04-05 19:39:40 UTC,lead_sale,89.92,confirmed
REV3CAF41F11C4A,L8426C9948A8B,P002,2025-05-11 11:18:58 UTC,lead_sale,81.67,confirmed
REV1EF2A50AB6F7,L85CF1FA7FE87,P005,2025-01-03 17:44:09 UTC,lead_sale,106.04,confirmed
REV40962869AD9C,L64F8EFAC3168,P002,2025-05-15 09:57:34 UTC,lead_sale,88.08,confirmed
REVB8E8F10EB65C,LAA8FDF37D62E,P010,2025-04-04 18:55:10 UTC,lead_sale,68.93,confirmed
REVFF1C15A612E7,LD0EC7844BCBD,P001,2025-03-24 16:27:23 UTC,lead_sale,59.61,confirmed
REVD316285A4AB1,LDF06007CCAE2,P009,2025-06-28 10:06:58 UTC,lead_sale,66.81,confirmed
REV71083E4938B2,L9D28C98E5756,P001,2025-06-14 13:26:29 UTC,lead_sale,74.77,confirmed
REV4D5FD3DF9808,L680404B676E8,P004,2025-05-12 16:51:46 UTC,lead_sale,98.59,confirmed
REVD365BC7CD155,LD0BFC48987DE,P010,2025-02-17 12:48:57 UTC,lead_sale,70.27,confirmed
REVFEA1D7CE1A25,LF19EB6D43114,P010,2025-04-09 13:06:06 UTC,lead_sale,83.12,confirmed
REV5DAB1F130F23,L98D347B81A8D,P005,2025-03-17 17:16:37 UTC,lead_sale,109.84,confirmed
REVFBDAAADE0D26,L35009F5BCD27,P007,2025-06-23 11:23:32 UTC,lead_sale,135.37,confirmed
REV5658A63A156E,L3483616D461A,P004,2025-03-16 10:10:56 UTC,lead_sale,107.3,confirmed
REV56D7D86B40B6,LA96B5FD38F03,P003,2025-05-15 16:34:26 UTC,lead_sale,76.8,confirmed
REV45AF26FF777A,L2092B21DA3B2,P009,2025-03-07 14:51:02 UTC,lead_sale,65.63,confirmed
REVBBA49603D482,L8B8F94560EFA,P003,2025-05-19 18:29:49 UTC,lead_sale,62.94,confirmed
REV796D996DE741,L9112B0762008,P002,2025-05-09 21:20:21 UTC,lead_sale,75.52,confirmed
REV7ACF89D3890D,L41E9F5434859,P002,2025-01-24 18:14:03 UTC,lead_sale,70.03,confirmed
REVA8BCBD6F4D8D,L0ABEC5C81430,P002,2025-02-15 18:36:07 UTC,lead_sale,70.61,confirmed
REV2EDD9AE05DEC,LB58B205AAC7C,P010,2025-03-18 07:49:42 UTC,lead_sale,80.18,confirmed
REV8C84E44C896F,LF61D6D9CF668,P010,2025-04-02 17:03:24 UTC,lead_sale,74.21,confirmed
REV0F2958A6BD01,LE84943392BF4,P002,2025-03-17 22:56:06 UTC,lead_sale,85.15,confirmed
REVA6C7CB203806,L323C8FDDE8A6,P002,2025-02-25 17:22:33 UTC,lead_sale,82.1,confirmed
REVE76769FE7A5C,L4BA9D75DB912,P010,2025-02-15 21:47:15 UTC,lead_sale,84.61,confirmed
REV798961CBC16B,LD46BBC5B171E,P010,2025-06-25 22:19:33 UTC,lead_sale,84.21,confirmed
REV25697B1942D9,LBA3348EEB43B,P008,2025-02-14 08:01:36 UTC,lead_sale,74.65,confirmed
REV16C9FD1CAD28,L1E48528DB4D3,P001,2025-03-01 17:16:12 UTC,lead_sale,77.73,confirmed
REVF4EBF5530722,L132B0D4A3F5D,P009,2025-06-18 10:33:59 UTC,lead_sale,53.21,confirmed
REV1AA003915535,L0542F43F3821,P009,2025-05-19 16:47:48 UTC,lead_sale,62.38,confirmed
REV20A59D6498AD,LF873A0E6D1C9,P010,2025-04-25 12:49:28 UTC,lead_sale,84.6,confirmed
REV6D2A7D27DD6C,L25CF81A807A6,P002,2025-06-17 13:36:20 UTC,lead_sale,81.38,confirmed
REV7B24C25E9372,LAA8CA1CEA11D,P005,2025-01-17 20:20:51 UTC,lead_sale,118.09,confirmed
REV7F06A52FC8DF,LEB6417AB18F6,P009,2025-04-01 15:53:35 UTC,lead_sale,67.29,confirmed
REV5FE29A0D0E36,LE2479226F6DA,P002,2025-01-21 17:39:17 UTC,lead_sale,72.9,confirmed
REV5524E4187F25,L7A11E42BF611,P010,2025-01-08 14:13:07 UTC,lead_sale,68.59,confirmed
REV4CC58881C1EC,L55971EEC3519,P010,2025-05-21 23:38:36 UTC,lead_sale,85.56,confirmed
REVE581816990CB,LCFA5D1A4E502,P010,2025-05-29 15:05:11 UTC,lead_sale,77.32,confirmed
REVAD7C0DAA4B59,L871EA6E6EC21,P005,2025-02-27 19:37:46 UTC,lead_sale,114.15,confirmed
REV3CA297DB080A,LBCE7EE197E83,P003,2025-06-30 19:23:30 UTC,lead_sale,66.08,confirmed
REV5B2166EABADF,L41E84D6D0193,P002,2025-06-13 18:52:34 UTC,lead_sale,70.31,confirmed
REV66E1B87B81BF,LBC0458BCD791,P001,2025-06-07 21:26:03 UTC,lead_sale,62.05,confirmed
REV18FCB09164B5,L6CA1271DA452,P002,2025-05-05 21:27:01 UTC,lead_sale,74.91,confirmed
REV51C8B6079B64,L508F7F37D276,P010,2025-04-26 15:14:36 UTC,lead_sale,82.24,confirmed
REV0BED6B1F55AC,L393EFFAA646C,P002,2025-04-20 14:22:59 UTC,lead_sale,88.02,confirmed
REVBB07605C5074,L924CFBC52DA8,P002,2025-06-20 14:58:46 UTC,lead_sale,89.74,confirmed
REV3BD929A85418,LF67310B7B5CE,P009,2025-02-26 16:39:02 UTC,lead_sale,58.73,confirmed
REV620532D4CA7F,L060B2EE31AE4,P002,2025-04-04 21:42:23 UTC,lead_sale,73.66,confirmed
REVA00081381A54,L44ADF74659EC,P003,2025-06-26 17:08:04 UTC,lead_sale,64.08,confirmed
REV482920A1F5BD,L837D98F5354A,P005,2025-01-05 12:31:35 UTC,lead_sale,98.79,confirmed
REVA61BA9D6439A,LCB56F129B023,P010,2025-04-19 18:18:57 UTC,lead_sale,79.89,confirmed
REV49ED4594E4BF,L4BC2804DCF94,P010,2025-04-22 14:14:00 UTC,lead_sale,76.5,confirmed
REV93B942C14BD5,L258E43B882FA,P002,2025-03-14 14:00:41 UTC,lead_sale,68.28,confirmed
REVBD526D0702C0,L62CECBD2A8E3,P010,2025-04-04 15:16:39 UTC,lead_sale,76.51,confirmed
REV7B476C028293,L900F5D13B6EB,P001,2025-06-05 11:05:49 UTC,lead_sale,71.33,confirmed
REVB41D895C2709,L7051190095B0,P009,2025-04-12 16:29:27 UTC,lead_sale,59.98,confirmed
REV40BE922BC9B9,L39BA1FEDA446,P010,2025-05-24 14:31:58 UTC,lead_sale,68.97,confirmed
REV83A714F65FD7,L3109A4DEAE48,P002,2025-04-17 08:32:33 UTC,lead_sale,75.28,confirmed
REV4AF1F1E9BA97,L643937EDAA7A,P005,2025-01-25 12:42:42 UTC,lead_sale,110.36,confirmed
REVCA2AFDF8057A,L62D971EA7AF4,P009,2025-02-20 20:47:46 UTC,lead_sale,54.91,confirmed
REV8CE5BCBC1156,LA90206AE902E,P010,2025-05-31 19:08:09 UTC,lead_sale,76.3,confirmed
REVD626499BC374,LFB7472BC91A3,P002,2025-02-20 20:35:56 UTC,lead_sale,83.46,confirmed
REV438571E21966,L137A30888400,P007,2025-03-13 09:01:50 UTC,lead_sale,146.01,confirmed
REV9A2C8202E425,L9721D3ACE067,P009,2025-06-21 08:40:16 UTC,lead_sale,67.3,confirmed
REV7A7B734010DF,L782A2146D0CE,P005,2025-06-05 15:12:30 UTC,lead_sale,113.53,confirmed
REV7CAEBD5B49A8,L40C84A99F2EC,P006,2025-06-18 17:32:09 UTC,lead_sale,131.07,confirmed
REV9AFB47666DE0,L517C27FD16A5,P009,2025-05-28 15:06:10 UTC,lead_sale,57.96,confirmed
REV483955FA236A,L997B0510C045,P001,2025-03-28 11:15:02 UTC,lead_sale,65.86,confirmed
REV12A97FF371EE,L724064C8E42B,P007,2025-06-16 22:17:55 UTC,lead_sale,139.06,confirmed
REV786D985167E4,LE11843A34B16,P001,2025-03-19 15:57:38 UTC,lead_sale,64.52,confirmed
REV0266F01E1060,L11FA1F97A310,P010,2025-03-02 17:12:42 UTC,lead_sale,81.08,confirmed
REV73A9E2B2EDD3,LA3763EC1B22C,P001,2025-06-18 22:56:40 UTC,lead_sale,62.45,confirmed
REV4253F4CB4F98,LCBC4750241D4,P002,2025-02-07 08:20:08 UTC,lead_sale,84.69,confirmed
REVAE3B3F177C29,LAE577099F6EC,P002,2025-06-13 16:54:28 UTC,lead_sale,84.16,confirmed
REV498A70798A40,L8109F1381EED,P009,2025-06-05 20:37:02 UTC,lead_sale,69.06,confirmed
REV5FD8C25B5738,L0BD6BF99FB0C,P003,2025-01-08 19:00:40 UTC,lead_sale,77.85,confirmed
REVAA6A0F8B1987,LAA7AC04E22C9,P005,2025-05-17 12:41:08 UTC,lead_sale,117.62,confirmed
REV9DB617F4C6F8,L41DF5AEA8670,P005,2025-03-18 10:56:47 UTC,lead_sale,115.75,confirmed
REV7C84BB17CED6,L2D38EB76B6F9,P002,2025-06-14 20:25:00 UTC,lead_sale,77.78,confirmed
REV1E2A2E7C126B,LB78C8D4054E0,P004,2025-06-06 10:11:26 UTC,lead_sale,111.74,confirmed
REV436884AD87AE,L5C3C96E9C4D3,P005,2025-05-04 11:23:02 UTC,lead_sale,103.77,confirmed
REV9C85B4C877B7,LCEB5710BB04B,P001,2025-03-09 18:56:38 UTC,lead_sale,71.42,confirmed
REVB187C1040DF2,LB2462AD16B5E,P002,2025-05-03 13:54:07 UTC,lead_sale,88.54,confirmed
REVF9DCA0AC042B,L395E54EE18C6,P003,2025-01-30 17:12:28 UTC,lead_sale,65.86,confirmed
REV3C1492A8AB5A,LFB8B88199EE1,P001,2025-02-03 14:17:05 UTC,lead_sale,72.04,confirmed
REV6DE4EE3EFC02,LB0A5EECFD859,P009,2025-06-24 09:39:23 UTC,lead_sale,60.94,confirmed
REVBB7A16B12A9A,LBABCD7618B08,P002,2025-02-10 11:17:58 UTC,lead_sale,70.81,confirmed
REV8C9D78FF1B35,LDBF9D07803DB,P010,2025-05-06 18:10:09 UTC,lead_sale,77.18,confirmed
REVAF3749552F77,L85774D702AED,P001,2025-04-09 08:04:48 UTC,lead_sale,62.05,confirmed
REV4F3863A29A47,L6B10D6829D35,P002,2025-04-22 17:33:47 UTC,lead_sale,85.07,confirmed
REVD56CF63010A4,L79545DFE5EC1,P002,2025-05-19 17:28:56 UTC,lead_sale,79.16,confirmed
REVA4C17D4E437C,L8679826950D9,P001,2025-03-30 18:34:14 UTC,lead_sale,59.21,confirmed
REVF45CB7FBE500,LD4725065304A,P002,2025-06-15 11:05:39 UTC,lead_sale,77.24,confirmed
REV2D48D6C575AE,LBBDEF8A278D7,P003,2025-05-27 17:19:13 UTC,lead_sale,80.17,confirmed
REVB13FEE098013,L2D90F41C5F4C,P007,2025-02-09 10:06:10 UTC,lead_sale,121.64,confirmed
REV289F61A7309E,L37B086BF5B9F,P001,2025-01-24 13:51:13 UTC,lead_sale,68.23,confirmed
REV0DBCCC80351B,L4DF9874CF627,P003,2025-01-10 17:23:31 UTC,lead_sale,81.6,confirmed
REV5EF53827AD83,LB962DD8F67FB,P010,2025-03-30 09:16:47 UTC,lead_sale,83.87,confirmed
REV9344C2C799CC,L8EC0C06C87DE,P010,2025-06-14 09:37:06 UTC,lead_sale,81.15,confirmed
REV82E02DCF62EB,L6A20C2373D40,P002,2025-03-05 12:57:07 UTC,lead_sale,74.89,confirmed
REVFB5DC7ECC42F,L845DEC1045F3,P010,2025-03-01 19:44:38 UTC,lead_sale,68.54,confirmed
REV027E665429FA,LC9741513D952,P002,2025-03-07 14:04:50 UTC,lead_sale,88.76,confirmed
REV09B4252E348A,LAB0A8CE56212,P008,2025-01-06 14:00:13 UTC,lead_sale,76.47,confirmed
REV870D396C681E,LDE396ECDF075,P010,2025-01-04 19:41:21 UTC,lead_sale,78.0,confirmed
REV4E0839A47C5E,L0BE48EA90CA3,P001,2025-04-05 16:17:57 UTC,lead_sale,71.99,confirmed
REVC2D54745C3D1,LC3BBC90A84F6,P009,2025-05-29 21:34:08 UTC,lead_sale,53.1,confirmed
REV9407C5F7CB71,L0D94A7AC7E0F,P001,2025-04-11 11:57:18 UTC,lead_sale,68.9,confirmed
REV15C5FFC14848,L0D89B4C957FB,P006,2025-01-26 10:03:11 UTC,lead_sale,141.23,confirmed
REV26120929F730,LD8C987BF3B37,P002,2025-04-24 10:42:09 UTC,lead_sale,70.09,confirmed
REVAD45887FAA31,LB289D865855A,P009,2025-05-18 19:10:21 UTC,lead_sale,65.76,confirmed
REVBACD29B6D0FF,L7DA4947454A5,P010,2025-01-20 12:37:52 UTC,lead_sale,71.95,confirmed
REVC2515C26A636,L9B22300B1A24,P003,2025-04-28 20:11:50 UTC,lead_sale,66.98,confirmed
REVEFB757E1EECE,LB41BA7585C91,P002,2025-03-12 15:37:52 UTC,lead_sale,68.53,confirmed
REVACF17CDE7147,L72FEA933C1B6,P010,2025-02-02 09:56:05 UTC,lead_sale,72.93,confirmed
REV9ED6C9ED44F8,L82117A603150,P001,2025-02-19 07:41:01 UTC,lead_sale,73.72,confirmed
REV3C1386A5F6D7,L0F71FF3E1FD4,P005,2025-03-13 10:05:13 UTC,lead_sale,120.64,confirmed
REVFB0602FF6E78,L909360C44433,P010,2025-05-07 21:19:12 UTC,lead_sale,68.89,confirmed
REV29DBB3D664E7,L1D635909089E,P007,2025-01-12 08:23:32 UTC,lead_sale,132.09,confirmed
REV7D5CD193A003,LFA94184CFBA7,P005,2025-05-22 10:23:20 UTC,lead_sale,98.92,confirmed
REV084E28FFAB19,L689746743877,P001,2025-03-05 13:53:37 UTC,lead_sale,75.83,confirmed
REV6A4E18E416D8,LE7C5A986D68D,P010,2025-06-20 19:20:20 UTC,lead_sale,84.14,confirmed
REVB76004A6830C,LC1425E61F854,P001,2025-01-25 09:22:30 UTC,lead_sale,70.98,confirmed
REV577CC69C800D,L7A8E4A35DE7C,P003,2025-02-11 21:31:22 UTC,lead_sale,71.16,confirmed
REVA7CE243DC11B,LD7E820C6D31C,P009,2025-03-24 11:56:36 UTC,lead_sale,52.89,confirmed
REV02FC93FDA1B1,LBA70B635786F,P010,2025-05-01 16:15:01 UTC,lead_sale,70.54,confirmed
REV86706ADB7339,LC93BDC6AC64C,P010,2025-01-28 23:28:21 UTC,lead_sale,83.76,confirmed
REV4996C6294184,L167C126E98EF,P002,2025-02-24 20:45:42 UTC,lead_sale,71.87,confirmed
REV56CCD5503164,L78EFC6438B10,P002,2025-03-20 08:42:42 UTC,lead_sale,73.86,confirmed
REV37548F802530,L8DEF348C65CA,P001,2025-05-26 17:15:38 UTC,lead_sale,59.95,confirmed
REV9DBFE2B58395,LE7111EF470A1,P002,2025-01-17 20:43:24 UTC,lead_sale,70.95,confirmed
REV2E4D94504D95,L83B951D75DB3,P002,2025-04-16 16:53:37 UTC,lead_sale,67.84,confirmed
REVC8FFF706C128,L315C22F2F84F,P010,2025-03-26 20:12:33 UTC,lead_sale,73.35,confirmed
REVF8C33B00D321,L0DD5ECB28E5F,P009,2025-05-13 08:22:06 UTC,lead_sale,68.39,confirmed
REV1E3B84BBFFEE,LE9461051AB31,P002,2025-01-30 20:57:03 UTC,lead_sale,76.66,confirmed
REVF7BD8D4AA4CF,L1507F0CD8CB1,P010,2025-03-22 14:09:16 UTC,lead_sale,73.66,confirmed
REV9D1C183D2142,L664B4B3908B3,P007,2025-06-08 08:19:08 UTC,lead_sale,135.57,confirmed
REVCB1AFAF627F2,L4D7FF57082CB,P002,2025-06-19 23:20:54 UTC,lead_sale,87.5,confirmed
REV1DC47BE0CA1C,L8391C92C7245,P010,2025-06-03 08:54:41 UTC,lead_sale,85.27,confirmed
REV02417028B71D,LD050791F8386,P002,2025-06-01 12:14:09 UTC,lead_sale,74.14,confirmed
REVE924F2DF4D48,L59C25BABBAEE,P003,2025-03-07 14:12:26 UTC,lead_sale,76.38,confirmed
REVF23CE04BE39B,L9CB6E83496D7,P005,2025-01-05 18:49:57 UTC,lead_sale,114.61,confirmed
REVF8D1BF73E5D7,LC7603CB81E2B,P002,2025-06-20 15:10:19 UTC,lead_sale,77.81,confirmed
REV049EA17A50A1,L57BDC1CAB9A6,P002,2025-02-18 16:12:30 UTC,lead_sale,89.58,confirmed
REV025481717F57,L495DA55B3EC1,P001,2025-05-12 08:29:30 UTC,lead_sale,66.2,confirmed
REVF51815F6F6AD,L456BEDAEF74C,P010,2025-03-17 14:31:17 UTC,lead_sale,73.48,confirmed
REVEE0873B7EF6D,L49C81E24A1B4,P006,2025-06-26 09:23:41 UTC,lead_sale,118.73,confirmed
REVF08FBB055699,LB79B87ABD20F,P009,2025-01-20 10:55:04 UTC,lead_sale,65.4,confirmed
REV8FB0DA90F5CF,LE627404B7860,P003,2025-04-25 21:50:06 UTC,lead_sale,71.64,confirmed
REV7168B2292541,LB54429AA8985,P001,2025-01-29 12:51:24 UTC,lead_sale,61.2,confirmed
REVDFEE9EB26109,L4947D27062A1,P010,2025-06-11 22:56:52 UTC,lead_sale,73.19,confirmed
REV7E1A91AD1CED,LD3BC98CB4834,P010,2025-06-08 16:04:49 UTC,lead_sale,81.94,confirmed
REVB9A2350273BD,L318E6EFAEF8A,P009,2025-02-09 15:03:28 UTC,lead_sale,60.36,confirmed
REV3712B0C1D260,L5BD7E1EDF18B,P005,2025-02-23 13:31:53 UTC,lead_sale,121.05,confirmed
REV3C21F20362B3,L6200A6F976F2,P002,2025-06-06 17:52:34 UTC,lead_sale,80.99,confirmed
REV73422C514FFC,LE313E37A17D9,P003,2025-05-24 09:56:05 UTC,lead_sale,74.28,confirmed
REVFD0CB8C5D405,LB02EC959E289,P006,2025-04-02 14:13:02 UTC,lead_sale,119.1,confirmed
REV614E399AE1B1,L134E6B65F4FD,P007,2025-02-26 18:52:45 UTC,lead_sale,142.35,confirmed
REV5350E33D20FF,LBBEDFC466260,P002,2025-04-09 08:53:40 UTC,lead_sale,77.97,confirmed
REV2EB9AD3C22BC,L377B59C8CFF1,P008,2025-02-07 11:16:57 UTC,lead_sale,71.16,confirmed
REVD4E8552DC9B9,LC56B2F046A54,P010,2025-04-29 12:15:44 UTC,lead_sale,71.6,confirmed
REVFFF4592A5CC6,LB240E72D4423,P003,2025-02-20 17:00:08 UTC,lead_sale,78.2,confirmed
REV3484BA632CDA,L11B44A3A6ACD,P003,2025-06-02 15:48:29 UTC,lead_sale,72.35,confirmed
REVB9DAFB8AFCDC,L2980F2783A51,P001,2025-06-05 22:01:28 UTC,lead_sale,69.31,confirmed
REV4FAA8B952214,LCA77BFC8C023,P003,2025-03-28 21:21:53 UTC,lead_sale,70.52,confirmed
REVB6D7B9964895,L93175AEAA9C8,P010,2025-04-02 16:52:05 UTC,lead_sale,68.35,confirmed
REV8A59B6D4A04B,L040FA20BBB7F,P010,2025-01-12 20:02:13 UTC,lead_sale,73.74,confirmed
REV3E751CF03A25,LC0B69779A6DE,P003,2025-03-13 08:04:14 UTC,lead_sale,67.95,confirmed
REV898E3A3C8219,L00EE56FE3557,P005,2025-02-19 13:02:50 UTC,lead_sale,121.44,confirmed
REV7D57A9B3305E,LB6B230419A6D,P003,2025-05-17 10:53:45 UTC,lead_sale,61.78,confirmed
REV7547D7141023,L99F90A08579E,P002,2025-05-21 12:12:57 UTC,lead_sale,72.06,confirmed
REV92E07B8079CD,L1A2B1F2B98A3,P010,2025-02-18 22:23:37 UTC,lead_sale,74.65,confirmed
REV5F26A27CC446,LC6FE46C77F67,P010,2025-02-04 12:43:41 UTC,lead_sale,65.38,confirmed
REV1F8DAA62C3E5,LBE022CA1949D,P005,2025-02-14 18:15:58 UTC,lead_sale,102.02,confirmed
REVB1601E3B5641,L03D66F5199BD,P010,2025-06-25 22:02:52 UTC,lead_sale,67.55,confirmed
REVDCC6840DA267,LDD8E9754F4C6,P010,2025-06-22 18:03:09 UTC,lead_sale,77.13,confirmed
REVDADEB1021B8C,L3E5017AB537E,P003,2025-04-29 10:43:37 UTC,lead_sale,69.17,confirmed
REVF4A660AD393D,L3642E4C4028C,P010,2025-03-01 22:29:59 UTC,lead_sale,82.32,confirmed
REVDA2D10D82D3A,LA51988F246A6,P002,2025-04-21 15:01:13 UTC,lead_sale,88.75,confirmed
REVA08CCB81ACA6,L630C20E82106,P002,2025-02-02 12:34:58 UTC,lead_sale,70.11,confirmed
REV3F2FC4CE3539,LF25A5667E16A,P003,2025-01-11 11:57:46 UTC,lead_sale,76.01,confirmed
REV6D2B3D09BFF9,LC7CE2E0D7C79,P002,2025-05-06 22:57:11 UTC,lead_sale,71.49,confirmed
REV6F369DAE4A2B,L0BA0372A4881,P010,2025-05-10 17:07:03 UTC,lead_sale,82.1,confirmed
REV6028229213F4,LF5A706579A92,P002,2025-01-25 22:13:33 UTC,lead_sale,68.26,confirmed
REV564871CF13BE,L9A9FDD901CC5,P001,2025-06-07 16:16:03 UTC,lead_sale,58.58,confirmed
REV4AA66ADE59C8,LC87B6A01160F,P007,2025-04-08 16:37:35 UTC,lead_sale,134.82,confirmed
REV053BEA058BFF,LC6C24460081C,P010,2025-02-04 10:32:14 UTC,lead_sale,71.51,confirmed
REV23CA9B18DCC0,LC6DBA61C58B6,P009,2025-06-13 18:56:34 UTC,lead_sale,53.73,confirmed
REVFF2BF16654A4,L29B3B7EBC602,P003,2025-01-12 14:14:58 UTC,lead_sale,66.91,confirmed
REV8B6B91FFC8B2,L61B064BEE110,P003,2025-03-13 15:54:44 UTC,lead_sale,74.5,confirmed
REVC2FF5593CFBA,L8DF8D2B9B86B,P009,2025-04-01 22:29:41 UTC,lead_sale,57.51,confirmed
REVC39787701062,L9CE535F96C86,P010,2025-06-03 21:43:15 UTC,lead_sale,70.96,confirmed
REVFF8F4E4AAB84,L89DAF35648DB,P008,2025-03-02 19:19:20 UTC,lead_sale,81.02,confirmed
REV2107FA490617,L955127DD1867,P006,2025-05-10 08:29:04 UTC,lead_sale,113.42,confirmed
REV79E3EA678EF6,L717229BA1AB5,P010,2025-06-29 10:07:57 UTC,lead_sale,75.11,confirmed
REV99E9C9F470DE,L2F71E9B1BEC2,P001,2025-05-19 10:06:47 UTC,lead_sale,70.22,confirmed
REV1B81CD80AEE5,L411650053AED,P002,2025-05-03 16:20:33 UTC,lead_sale,70.4,confirmed
REVAA91B7E4D0AE,L8615B76472EB,P002,2025-04-26 08:22:46 UTC,lead_sale,72.16,confirmed
REV253479508B6D,L1B8C53837523,P001,2025-04-08 19:04:43 UTC,lead_sale,66.22,confirmed
REV07E6E3C61C6E,L9CABC7D3CA78,P003,2025-05-11 10:49:23 UTC,lead_sale,62.71,confirmed
REV955C1581A8C0,LD8D8DAA973BE,P005,2025-06-01 23:36:07 UTC,lead_sale,94.59,confirmed
REV7C26F1391E12,L3FDF3B98E81F,P009,2025-02-21 14:12:42 UTC,lead_sale,55.4,confirmed
REV7D70A910B4B3,L8C80C053BA7C,P006,2025-02-08 19:52:04 UTC,lead_sale,122.21,confirmed
REVF41C208DD7B0,LDD3D117CB2AE,P003,2025-01-23 08:48:15 UTC,lead_sale,77.92,confirmed
REVFD8CC2B11C45,L84DD8E4C8406,P003,2025-05-27 22:56:53 UTC,lead_sale,62.55,confirmed
REVE806054F2D92,LD4028FC01AD7,P010,2025-01-22 08:27:37 UTC,lead_sale,70.84,confirmed
REV71ED5DD09293,LBE7AF7229D9E,P010,2025-02-18 10:35:05 UTC,lead_sale,68.33,confirmed
REV6CDA174D05E0,LFAE02FCA120D,P007,2025-01-17 09:22:57 UTC,lead_sale,143.53,confirmed
REVE8948D1871DF,L5B787471FE22,P010,2025-03-06 23:47:30 UTC,lead_sale,68.67,confirmed
REVE2D3345F3014,L9BB0BF9077BC,P003,2025-04-13 20:10:14 UTC,lead_sale,74.94,confirmed
REV6108401F64A3,LE5CCAD7DF58A,P010,2025-05-30 19:26:19 UTC,lead_sale,66.22,confirmed
REVBB6F74C91C66,L8BBD10DD44D6,P005,2025-05-01 19:40:30 UTC,lead_sale,109.1,confirmed
REV6AAA0137C840,L251A411CD51D,P010,2025-05-03 15:42:48 UTC,lead_sale,71.36,confirmed
REV84A6E1B17CEF,LB8D1001AA398,P002,2025-05-17 23:21:50 UTC,lead_sale,86.98,confirmed
REV68315D887C19,LCB2FADFED75C,P009,2025-03-18 21:08:49 UTC,lead_sale,56.44,confirmed
REV216320FE84E1,L71F11F78990B,P002,2025-01-21 10:10:12 UTC,lead_sale,83.26,confirmed
REV65FA13103433,L6E0643932021,P003,2025-03-24 10:20:32 UTC,lead_sale,64.85,confirmed
REV8C6319C7BBDA,L8A0612E46429,P001,2025-05-11 08:21:11 UTC,lead_sale,65.88,confirmed
REV583796BA17F6,LC8C8E432E46D,P002,2025-01-26 19:01:11 UTC,lead_sale,75.62,confirmed
REV3D07B00F85E3,LBFBB3AD76FAE,P003,2025-02-20 19:48:16 UTC,lead_sale,71.86,confirmed
REV61581268718C,L3C1C5C0D63AD,P003,2025-05-19 19:59:02 UTC,lead_sale,67.63,confirmed
REV00A324FCD19D,L7591D4957F68,P005,2025-05-17 12:12:32 UTC,lead_sale,107.09,confirmed
REVF1DFEF290ACE,L54B9DB98BB40,P010,2025-03-01 15:37:14 UTC,lead_sale,65.32,confirmed
REVF80DCD3030E1,L8EFBA0C05AFB,P003,2025-02-08 14:33:25 UTC,lead_sale,80.57,confirmed
REVF297A78A75C0,L5931C9951D8B,P008,2025-02-04 19:20:57 UTC,lead_sale,93.16,confirmed
REV3F20C69CBC2D,LBFE8426B604A,P009,2025-04-17 21:16:25 UTC,lead_sale,58.16,confirmed
REVB7966247B5C4,L7DEEB604EA82,P001,2025-04-10 14:20:50 UTC,lead_sale,72.97,confirmed
REV5A5F1A1A0B8F,LDDC0BF0AA3AD,P002,2025-04-22 10:09:32 UTC,lead_sale,70.15,confirmed
REV8DBE613E598F,L648F5E8E26FA,P005,2025-04-03 15:00:46 UTC,lead_sale,100.24,confirmed
REVC4335ED3F9E5,L3C947AF270C1,P010,2025-05-21 12:15:09 UTC,lead_sale,69.08,confirmed
REV87167111DCFD,LF92EF401DC80,P001,2025-04-06 19:14:11 UTC,lead_sale,67.8,confirmed
REV4B39D518DF20,LB59F69C118A8,P010,2025-03-19 13:52:44 UTC,lead_sale,73.8,confirmed
REV3F401D567C9E,L668D52A515AE,P005,2025-03-02 09:19:10 UTC,lead_sale,119.38,confirmed
REVE7F3237F7698,L0242A95222B2,P005,2025-02-16 11:12:26 UTC,lead_sale,103.51,confirmed
REVEE6CF63CBE62,LA702AA91F1D7,P003,2025-01-22 16:59:05 UTC,lead_sale,73.74,confirmed
REV2E06E1F4BAA1,LF4DC79B4D5E4,P008,2025-06-08 13:44:38 UTC,lead_sale,85.74,confirmed
REVB9266A90C753,L1C3509D832F5,P002,2025-05-26 18:50:57 UTC,lead_sale,86.83,confirmed
REV9CFF495C9A9B,LC99306CA35BC,P002,2025-06-29 13:55:40 UTC,lead_sale,89.82,confirmed
REV48F57D1FC161,L2F486436DCBA,P003,2025-01-11 10:01:30 UTC,lead_sale,73.99,confirmed
REV3CE8BD959B40,L7D4B2DA473C6,P009,2025-06-21 16:07:06 UTC,lead_sale,65.96,confirmed
REVE1DEEC79DFDE,L88BA1F63A40E,P008,2025-02-16 13:10:13 UTC,lead_sale,74.14,confirmed
REVF100BF2EE3BA,LF5F12838D4F9,P009,2025-05-28 13:37:09 UTC,lead_sale,63.26,confirmed
REVC9CB56DE45C0,L4DE40E16B919,P010,2025-04-18 12:43:49 UTC,lead_sale,65.03,confirmed
REV35169A88E32E,L24B5A3207020,P001,2025-05-16 23:43:58 UTC,lead_sale,66.1,confirmed
REVE652451733D7,LC368F7055A1B,P010,2025-06-19 14:17:37 UTC,lead_sale,84.7,confirmed
REVC584D297ECFD,L26F704E748A3,P001,2025-03-04 17:56:41 UTC,lead_sale,68.96,confirmed
REV0BE090EF1DDC,L3950EC257812,P002,2025-05-09 18:26:02 UTC,lead_sale,69.37,confirmed
REV985A3A5D73CD,L63CE35BEA27B,P003,2025-02-21 17:40:40 UTC,lead_sale,71.95,confirmed
REVB4188AAD8E16,LCBF2B3FB9397,P010,2025-04-17 08:42:35 UTC,lead_sale,83.83,confirmed
REV1170674BF722,L49985AD97ACB,P009,2025-01-06 16:08:45 UTC,lead_sale,55.78,confirmed
REV9EBC5030668F,L115D36C4DFE0,P002,2025-06-29 19:14:55 UTC,lead_sale,81.38,confirmed
REVE3ECA99230A9,L2C764A1D52F8,P002,2025-06-12 12:18:42 UTC,lead_sale,72.39,confirmed
REVD5C8507E3748,L2B637F15E2F4,P003,2025-06-16 12:38:10 UTC,lead_sale,67.3,confirmed
REVEF21CA315E43,L022D07A11E0A,P002,2025-06-25 12:44:06 UTC,lead_sale,74.54,confirmed
REV18952A6FC748,LA315A9E6278D,P005,2025-05-01 12:37:25 UTC,lead_sale,97.92,confirmed
REV71CA8F718674,L4BC5107A298A,P010,2025-05-30 10:21:40 UTC,lead_sale,73.45,confirmed
REV1DE78B870BB9,L28C3933118C4,P003,2025-05-29 09:23:15 UTC,lead_sale,61.4,confirmed
REV9A7E4E798AFC,LDBDFCBFDCCE7,P002,2025-05-21 12:05:23 UTC,lead_sale,88.17,confirmed
REV7F5C723EDDB3,LB8D4E6EE3158,P010,2025-03-26 16:16:05 UTC,lead_sale,85.71,confirmed
REV012C662D9A29,LFA0A9977CE59,P002,2025-02-01 22:51:18 UTC,lead_sale,79.56,confirmed
REV24A9EAECF077,L9EF8C50AAF0A,P002,2025-01-09 09:01:33 UTC,lead_sale,74.79,confirmed
REVBF8C5D9000EB,LA64841DDE17B,P001,2025-05-23 10:09:34 UTC,lead_sale,59.66,confirmed
REVD76971D42DBD,L30A85402EF83,P007,2025-06-19 14:15:53 UTC,lead_sale,152.11,confirmed
REV8091CD1FA555,L85C0CDDE5E70,P002,2025-02-12 14:46:13 UTC,lead_sale,78.79,confirmed
REV0F247BDB2CD3,LB22500313079,P010,2025-01-09 20:29:08 UTC,lead_sale,76.9,confirmed
REVCCA81DEA422D,L7BA620D6A66D,P009,2025-06-17 17:03:05 UTC,lead_sale,62.11,confirmed
REVEC558B3CD755,LFD811ECC2647,P007,2025-02-17 21:12:23 UTC,lead_sale,142.99,confirmed
REV5CF366E0F121,LEF3430E3D2A2,P003,2025-04-30 12:52:22 UTC,lead_sale,73.97,confirmed
REVB2526B1F2370,L2DCCFD76B5DB,P002,2025-06-26 18:41:13 UTC,lead_sale,89.66,confirmed
REVFE3498F10A07,LE6D2CE79BB38,P002,2025-06-08 13:05:34 UTC,lead_sale,80.5,confirmed
REV944B219A9559,L6B516DA76D49,P002,2025-05-29 09:45:14 UTC,lead_sale,71.27,confirmed
REVAFD882926E4E,L0DD90C45D191,P006,2025-06-03 17:24:32 UTC,lead_sale,113.67,confirmed
REV2086E3A5AB10,L2ED467FE49AD,P005,2025-01-19 20:40:26 UTC,lead_sale,115.71,confirmed
REVCFD122B3795A,L9F0AF70FC583,P002,2025-03-08 16:17:29 UTC,lead_sale,86.84,confirmed
REV39AF39D0F9A0,L02DE89A5BA39,P003,2025-03-29 15:28:40 UTC,lead_sale,62.09,confirmed
REV5E05C74147D3,L5E7CEFFD0FA0,P004,2025-05-21 19:32:09 UTC,lead_sale,112.41,confirmed
REV7A78860664C5,L59EF74D82D82,P002,2025-02-18 13:40:26 UTC,lead_sale,86.26,confirmed
REVC2D7B0351437,LDD1F06396BD9,P002,2025-04-18 21:51:46 UTC,lead_sale,83.22,confirmed
REV2D905925EA86,L9D68592B1EA1,P003,2025-04-02 09:32:19 UTC,lead_sale,72.61,confirmed
REVD4ED890C9269,L25A5C535B0E0,P001,2025-03-23 11:48:33 UTC,lead_sale,70.53,confirmed
REVB632A721798D,LB5C6E81F7274,P010,2025-05-31 21:10:58 UTC,lead_sale,77.21,confirmed
REV4C43476A2D28,L9BEBBEC4A6E9,P010,2025-04-09 14:44:19 UTC,lead_sale,67.33,confirmed
REV281BD5C953DA,LD6CC32D72098,P003,2025-06-04 16:13:37 UTC,lead_sale,64.32,confirmed
REVE4AEABD5CB6A,L8DD15293397E,P005,2025-05-05 07:40:44 UTC,lead_sale,103.45,confirmed
REV5AE2133600C1,L3FE5F3270E9D,P002,2025-05-03 21:46:53 UTC,lead_sale,73.43,confirmed
REVDB4AA261A173,L8D053BB90926,P002,2025-06-06 17:05:07 UTC,lead_sale,69.23,confirmed
REVD323DFE44797,L5AD8BBB69C46,P002,2025-02-18 16:34:00 UTC,lead_sale,70.92,confirmed
REV4B9D5BFF79B3,LAB0A43BA8786,P006,2025-01-14 13:59:36 UTC,lead_sale,119.44,confirmed
REVCBE2A8C511CB,LC93D95CD6B5E,P010,2025-02-05 23:48:57 UTC,lead_sale,73.23,confirmed
REVD149A5C78F86,L3F8222B3EB54,P001,2025-04-14 20:57:17 UTC,lead_sale,64.92,confirmed
REV55BF9DDAB00D,L498B45F9110E,P003,2025-02-07 16:52:54 UTC,lead_sale,66.24,confirmed
REVFF923CDC1580,L95D5D9DD9427,P002,2025-01-12 18:57:37 UTC,lead_sale,72.79,confirmed
REV864005753573,L52CBDA5C8DD7,P002,2025-03-16 18:54:25 UTC,lead_sale,74.82,confirmed
REV6638583C8787,LDAAC8BE8D50E,P002,2025-02-21 12:27:19 UTC,lead_sale,80.55,confirmed
REVAFD80C92AEA8,L6D0D505B6B7D,P001,2025-01-15 15:58:34 UTC,lead_sale,69.63,confirmed
REV3C19459FA5B4,L3429FAADB796,P002,2025-03-28 21:08:18 UTC,lead_sale,75.57,confirmed
REVE457793325BE,LC6092E211B73,P003,2025-02-26 16:02:35 UTC,lead_sale,76.57,confirmed
REV8C129186A9DD,LEE8792D47CD0,P003,2025-04-07 16:42:19 UTC,lead_sale,74.95,confirmed
REVA375B46B2894,L02CF9008A558,P003,2025-04-26 09:02:49 UTC,lead_sale,79.1,confirmed
REVF172B116B595,L5302CD76A381,P001,2025-05-31 18:26:51 UTC,lead_sale,59.18,confirmed
REV058731507F5F,L605163589A4D,P005,2025-01-31 19:38:18 UTC,lead_sale,109.45,confirmed
REVC9278967F253,L161B7A3AFFC8,P003,2025-03-04 16:27:49 UTC,lead_sale,73.28,confirmed
REV5033E893D506,L0BD64A5C27D9,P003,2025-01-23 10:47:34 UTC,lead_sale,69.54,confirmed
REVD9C42615E557,L27C68581F91D,P003,2025-04-17 22:54:10 UTC,lead_sale,75.33,confirmed
REVC653A6627B87,LF4A4D7229D36,P008,2025-02-10 18:18:27 UTC,lead_sale,73.74,confirmed
REVD9048EC8EC35,LA0984249B4BE,P001,2025-05-16 12:20:40 UTC,lead_sale,70.8,confirmed
REVB998419B1F87,L76ED814416F9,P002,2025-03-22 13:50:45 UTC,lead_sale,84.98,confirmed
REVF20EF7F5E5CB,L85C815B5C4CA,P001,2025-04-26 08:39:28 UTC,lead_sale,74.02,confirmed
REV977E175244FE,LC677B1C6AA2D,P002,2025-01-13 12:07:35 UTC,lead_sale,74.82,confirmed
REVF87D8D11448F,LF115A2B86495,P008,2025-02-09 09:19:01 UTC,lead_sale,75.95,confirmed
REV99A17876440D,LB4962DD6E263,P010,2025-01-16 08:16:05 UTC,lead_sale,80.07,confirmed
REV7D93758838AA,LF6E8B84B15B3,P001,2025-05-11 17:50:23 UTC,lead_sale,68.05,confirmed
REVFEC584390932,LA24F5BD3BB01,P006,2025-04-08 15:09:52 UTC,lead_sale,111.66,confirmed
REV25B8862C4153,L9610F0822F45,P010,2025-05-05 22:11:55 UTC,lead_sale,71.05,confirmed
REV2E5D62EBD7C4,LF6F593E3ADF3,P002,2025-03-21 16:49:16 UTC,lead_sale,89.33,confirmed
REV2BB6C28ED89D,LAF99EC504DB8,P005,2025-04-15 09:41:00 UTC,lead_sale,98.06,confirmed
REVF1064F29A0E1,LED6E7D96DF18,P010,2025-04-13 08:21:52 UTC,lead_sale,84.89,confirmed
REVAA2955AAE540,LE7D5D8006CBF,P002,2025-04-23 19:57:26 UTC,lead_sale,83.43,confirmed
REVE48297D3EB64,LFFB318CE94CC,P003,2025-03-07 08:33:26 UTC,lead_sale,73.71,confirmed
REV488411003BE9,L0D98655F6313,P006,2025-01-10 23:19:01 UTC,lead_sale,133.39,confirmed
REV5657F4E2BCFA,L05ED871FFD6B,P005,2025-01-09 22:02:10 UTC,lead_sale,120.88,confirmed
REV965EE6837ED2,L3E888A8FD822,P002,2025-03-30 22:23:26 UTC,lead_sale,69.1,confirmed
REV2EFC5C2F2646,L3313AFD2D4A3,P001,2025-04-07 21:25:31 UTC,lead_sale,60.72,confirmed
REV09F64AEE9F2A,L6415A640B4C5,P010,2025-04-01 20:22:51 UTC,lead_sale,81.05,confirmed
REVE00821221CEF,LFF98D096A85E,P005,2025-01-30 19:24:22 UTC,lead_sale,95.3,confirmed
REV5A4A7ED278F2,L717B2DE20B18,P003,2025-01-01 20:09:39 UTC,lead_sale,69.9,confirmed
REV9B8CB9DB4985,L78F0AE7B614C,P006,2025-04-03 18:42:45 UTC,lead_sale,124.42,confirmed
REVD64F4645B6A0,L363AAE679FCC,P002,2025-02-25 21:45:37 UTC,lead_sale,70.93,confirmed
REV4520A51A7ECE,LF773B4D4D682,P010,2025-05-30 09:28:20 UTC,lead_sale,69.63,confirmed
REV263036AEF085,LCC2B55A6DFF8,P003,2025-02-09 18:24:20 UTC,lead_sale,71.13,confirmed
REV4A84729EB296,LE564BECB2FEC,P003,2025-03-27 15:11:10 UTC,lead_sale,64.6,confirmed
REVFF1AFCE5F1BE,L4024E9617C02,P002,2025-01-25 22:01:47 UTC,lead_sale,73.19,confirmed
REVDCCD0486FF52,LA3C23E7FDAC8,P010,2025-05-17 19:06:34 UTC,lead_sale,82.06,confirmed
REVD5BFCCB148E8,LD6FF184A0CCA,P007,2025-04-26 21:06:51 UTC,lead_sale,127.1,confirmed
REV1D515EA7F937,L915575D8E398,P001,2025-02-01 08:34:28 UTC,lead_sale,73.31,confirmed
REV62351409C64E,LB5DA832E2A22,P002,2025-06-13 13:53:05 UTC,lead_sale,85.57,confirmed
REV60FE372B0439,L2066B6F3D827,P003,2025-06-21 21:26:07 UTC,lead_sale,69.08,confirmed
REVF615639FDBF6,LCCAA23DBFDD8,P002,2025-04-24 10:34:08 UTC,lead_sale,78.5,confirmed
REV31E7FD71D5E8,L68A851B0178D,P005,2025-05-22 08:09:43 UTC,lead_sale,124.45,confirmed
REV32CB80094151,LEE8B40404D95,P002,2025-03-13 07:58:12 UTC,lead_sale,83.21,confirmed
REVE0CE92C4EEC0,LD25A615DF1F6,P002,2025-02-09 18:22:08 UTC,lead_sale,83.09,confirmed
REVE9A99F33B630,L5406354081E7,P002,2025-06-02 18:33:49 UTC,lead_sale,76.47,confirmed
REVFCED58BBC0AC,L4326E1767494,P010,2025-03-05 22:08:54 UTC,lead_sale,69.9,confirmed
REVFA3754061C86,L26E72F2A7D8A,P009,2025-06-18 13:44:39 UTC,lead_sale,63.51,confirmed
REV00A27CBF1A9C,LECB2C5DF3175,P010,2025-01-23 13:32:47 UTC,lead_sale,72.52,confirmed
REV8C7F02A26973,L5F3B764FF6B5,P010,2025-06-17 23:14:02 UTC,lead_sale,85.9,confirmed
REV9DB782108C5F,L6E30B519532B,P005,2025-01-31 09:14:56 UTC,lead_sale,110.79,confirmed
REV1F2F00BC5AE1,L860A537291C2,P010,2025-01-05 19:24:38 UTC,lead_sale,79.57,confirmed
REV1524B0C9CDE3,L576CE6E66966,P004,2025-01-22 20:38:52 UTC,lead_sale,86.64,confirmed
REV46D06CCC623B,L5D63D49A20C5,P001,2025-03-01 22:50:29 UTC,lead_sale,67.64,confirmed
REVEDD62B7F538D,LF2E08A6948B7,P009,2025-01-29 14:43:44 UTC,lead_sale,59.62,confirmed
REV6BCCFFEB2356,LA71CD070767A,P002,2025-02-09 15:59:44 UTC,lead_sale,69.62,confirmed
REVF1848B8A2095,L6E313B5E9FCE,P010,2025-04-08 19:16:15 UTC,lead_sale,76.7,confirmed
REV3FA7655B5712,L61844E53C083,P003,2025-05-24 18:07:16 UTC,lead_sale,72.91,confirmed
REV5CFE51542757,LC95D1D2EF271,P002,2025-04-25 13:56:51 UTC,lead_sale,85.79,confirmed
REV228971FE2051,L2881E9B2B8D8,P002,2025-06-03 20:15:22 UTC,lead_sale,84.32,confirmed
REV3E3B969F9223,L36507AD72F84,P010,2025-04-25 15:43:56 UTC,lead_sale,70.43,confirmed
REV239DFEBA0760,LEF2BC00A4504,P005,2025-01-03 09:37:19 UTC,lead_sale,105.3,confirmed
REV67992B4730E5,L3337022E7838,P010,2025-02-13 13:31:35 UTC,lead_sale,68.67,confirmed
REV9A68ABC2A86B,LF173302EE84A,P002,2025-06-30 14:54:10 UTC,lead_sale,71.13,confirmed
REV53C948BF0073,L1C0A0D2FC653,P001,2025-03-01 23:56:28 UTC,lead_sale,62.9,confirmed
REV21F13CF95207,L8BA09DF490C6,P001,2025-01-16 16:11:24 UTC,lead_sale,77.99,confirmed
REV626857DF5AA0,L23DE1F7DC280,P002,2025-05-12 11:18:57 UTC,lead_sale,71.02,confirmed
REVC0D837632EF8,L8DDF9B040444,P002,2025-05-19 11:45:51 UTC,lead_sale,89.05,confirmed
REV603E55A8B69A,L5D430C65413A,P009,2025-03-04 19:53:06 UTC,lead_sale,58.37,confirmed
REV1AF3A3F83B94,L2C45E3E4EC9E,P009,2025-05-10 18:29:58 UTC,lead_sale,69.1,confirmed
REV250F1CC73823,L4AF5EC84CD39,P006,2025-04-26 08:10:11 UTC,lead_sale,131.59,confirmed
REV0810F70D8CC5,L5503F690CE8E,P008,2025-03-24 17:03:32 UTC,lead_sale,92.76,confirmed
REV8C9DAF5D0F93,L20BA6CE92A60,P008,2025-01-29 16:16:34 UTC,lead_sale,74.28,confirmed
REV77A222D9CAD1,LC9C5672B1EA1,P010,2025-04-17 07:31:27 UTC,lead_sale,85.26,confirmed
REV9B694C0CA957,LA09255DBB05E,P010,2025-03-30 08:10:34 UTC,lead_sale,68.42,confirmed
REVC8F013B7C075,L395E62F880D8,P002,2025-01-31 22:56:03 UTC,lead_sale,81.77,confirmed
REVBAB1885C74DD,LF3AB0EFCFEF3,P010,2025-03-29 17:31:51 UTC,lead_sale,69.44,confirmed
REV1ED71A920B46,LCE1775FB8C1B,P003,2025-04-14 18:06:09 UTC,lead_sale,70.82,confirmed
REVAE11CE4ED2FC,L16261BECC9B9,P003,2025-05-07 10:13:22 UTC,lead_sale,70.88,confirmed
REV6CD66B109861,LF76BF496CECF,P002,2025-05-10 16:41:05 UTC,lead_sale,68.97,confirmed
REV725D19A82DD8,L6B2149459DF3,P002,2025-03-22 07:32:22 UTC,lead_sale,85.16,confirmed
REVC93EE150C285,L2B928F21658C,P001,2025-01-02 08:57:21 UTC,lead_sale,59.82,confirmed
REVC49D6BE6C9B1,L5D0C7BE5D3AC,P008,2025-01-01 13:48:01 UTC,lead_sale,79.65,confirmed
REVD6262A63EF40,LDFE072F3CA25,P005,2025-05-07 20:27:29 UTC,lead_sale,104.55,confirmed
REV4A8344BC257A,LC9613834485F,P010,2025-03-27 23:04:32 UTC,lead_sale,75.32,confirmed
REVECF949397807,LC003561E5622,P010,2025-02-17 21:30:45 UTC,lead_sale,85.63,confirmed
REV0DE4EDC8734D,L04E3B2FDA185,P008,2025-01-01 08:21:14 UTC,lead_sale,86.65,confirmed
REV9C62502F0538,L82D50968AD17,P003,2025-05-08 11:10:24 UTC,lead_sale,77.29,confirmed
REV661D5F7B542F,L57B555A74030,P001,2025-06-10 20:37:42 UTC,lead_sale,59.46,confirmed
REV1AB60AF18FA5,LCAA21B94C94B,P006,2025-03-27 10:15:48 UTC,lead_sale,126.89,confirmed
REV45BD11841EAF,LBC1AA7F12683,P002,2025-05-09 08:14:56 UTC,lead_sale,86.87,confirmed
REV74C37BE27464,L59EB84FC8891,P005,2025-04-28 22:53:47 UTC,lead_sale,107.28,confirmed
REVB7F70C28638D,L6745169E0138,P007,2025-06-18 08:50:22 UTC,lead_sale,135.51,confirmed
REV356DEC6AC6FC,LD40A0D75D246,P010,2025-06-08 11:24:50 UTC,lead_sale,81.05,confirmed
REV919E84068148,LC6C00647404F,P007,2025-04-02 18:56:16 UTC,lead_sale,129.69,confirmed
REV87D756C12269,L6FCF7E362373,P008,2025-05-24 13:13:23 UTC,lead_sale,85.52,confirmed
REV755F1E9B33E7,LA1AA2F66651F,P009,2025-03-01 15:59:09 UTC,lead_sale,65.37,confirmed
REV62FB563EA9BB,L587EF95DEBD7,P003,2025-04-16 16:28:43 UTC,lead_sale,78.11,confirmed
REVF6D3015EB3A7,LB2F6A5755A59,P010,2025-04-10 22:53:51 UTC,lead_sale,66.79,confirmed
REVA1B59041452A,L7DC65878ACAB,P010,2025-04-10 09:56:31 UTC,lead_sale,79.37,confirmed
REVC78133E4F2D6,LB21253D331D0,P002,2025-01-26 19:26:42 UTC,lead_sale,80.29,confirmed
REVFFA24B70D101,L13F77BE30A5F,P002,2025-04-24 13:01:59 UTC,lead_sale,79.5,confirmed
REVCA60EAF93A34,L59669B8D3ED5,P005,2025-04-17 08:18:28 UTC,lead_sale,98.97,confirmed
REVA809EF9021A4,LF72E8190FD00,P001,2025-03-09 22:27:49 UTC,lead_sale,75.49,confirmed
REVA8AC655F7E9A,L99313D0F3A10,P003,2025-03-27 11:55:34 UTC,lead_sale,77.95,confirmed
REVEAFE284B46F5,L977F27FE4C2C,P003,2025-03-24 18:19:20 UTC,lead_sale,79.31,confirmed
REVAEE9B62BD414,L20EFACDA366F,P003,2025-02-13 08:44:11 UTC,lead_sale,80.7,confirmed
REV27A0FF5359CE,L0EEEE7E864D2,P001,2025-01-29 13:41:06 UTC,lead_sale,58.78,confirmed
REVD134C74F275E,L1A5F347499BC,P009,2025-03-16 08:56:21 UTC,lead_sale,65.83,confirmed
REV04A1EF488D7C,LAF6BEFD6BDCF,P002,2025-01-13 18:15:06 UTC,lead_sale,76.36,confirmed
REV9E63B0491D81,LE46C33BFCDA4,P010,2025-02-03 12:24:07 UTC,lead_sale,67.64,confirmed
REVCE61566F23CC,L8D56A2F73308,P004,2025-02-09 10:38:53 UTC,lead_sale,92.73,confirmed
REV9E6BFE27A4D5,LE40CA8C6E541,P007,2025-01-07 16:33:11 UTC,lead_sale,147.62,confirmed
REV6F5D2FDF5257,L2AA0E588B722,P001,2025-04-20 21:52:58 UTC,lead_sale,73.49,confirmed
REV49DC02577646,L1F133B58EC2A,P002,2025-04-29 22:01:40 UTC,lead_sale,67.97,confirmed
REV420F4772383C,L22710E33169F,P010,2025-03-01 16:53:38 UTC,lead_sale,84.95,confirmed
REVFF1FF674E837,LC60E3C6A803C,P010,2025-01-14 18:47:37 UTC,lead_sale,76.2,confirmed
REVDFA53B56AC1D,L52BFBE840060,P007,2025-05-18 19:11:41 UTC,lead_sale,134.1,confirmed
REV36897DBB3E4F,LFC30C482182A,P002,2025-04-02 18:33:24 UTC,lead_sale,69.01,confirmed
REVDAAD1B00F8AB,L1099D9AC9CBA,P008,2025-03-11 16:02:10 UTC,lead_sale,73.59,confirmed
REVDCF177EEE546,L5173438D3CC5,P002,2025-05-10 18:24:44 UTC,lead_sale,79.66,confirmed
REV009CE38F7241,L30DF988A0745,P002,2025-05-06 16:37:18 UTC,lead_sale,67.62,confirmed
REVBD8D3E8F8C81,L36C38EE564D3,P010,2025-01-23 08:32:48 UTC,lead_sale,65.22,confirmed
REVEC99532AA555,L3452605045BE,P002,2025-05-26 10:47:32 UTC,lead_sale,77.97,confirmed
REVCC22DB87D2ED,LDD6615BA28C6,P003,2025-03-12 19:45:01 UTC,lead_sale,63.01,confirmed
REV89658461F1AA,L599069330C93,P004,2025-05-09 17:15:20 UTC,lead_sale,104.27,confirmed
REVC08608B6F327,L2AC422C7BDD8,P005,2025-04-07 09:16:41 UTC,lead_sale,116.99,confirmed
REV5C80E6039184,L0CF02BDED428,P002,2025-02-15 10:30:44 UTC,lead_sale,88.05,confirmed
REV684014C6A0A5,L3A122F467F2C,P010,2025-06-16 16:10:25 UTC,lead_sale,83.09,confirmed
REV9333CF6DBA7A,L1534571FD9D4,P010,2025-06-06 21:55:34 UTC,lead_sale,73.72,confirmed
REV83B2D02F2F57,LFDAA417D54EA,P005,2025-03-08 23:16:20 UTC,lead_sale,106.57,confirmed
REVB8BCCF03E063,LB94B0576D7BF,P003,2025-03-23 16:49:03 UTC,lead_sale,75.52,confirmed
REV32943043287A,LDF741AC38644,P003,2025-02-13 08:40:21 UTC,lead_sale,77.8,confirmed
REV4344F2C914B1,L4FBBA4BAB61A,P006,2025-03-11 22:10:00 UTC,lead_sale,114.06,confirmed
REV32560C2384C0,L11A18A0BC541,P001,2025-04-16 11:51:22 UTC,lead_sale,64.95,confirmed
REV582792FD4E37,LE985787AA351,P010,2025-03-13 21:28:13 UTC,lead_sale,76.81,confirmed
REV7AA2C7D9E909,L5AB84DFB914E,P002,2025-04-12 13:39:48 UTC,lead_sale,85.97,confirmed
REVCFA569143F8D,LCE96067BB85E,P010,2025-06-17 19:13:34 UTC,lead_sale,71.32,confirmed
REV055612359118,L2B12898CFB68,P002,2025-05-25 16:54:55 UTC,lead_sale,70.74,confirmed
REV2FE0A00E465C,L2028FB44F536,P010,2025-04-23 14:40:53 UTC,lead_sale,67.3,confirmed
REV48A69D2DC55E,LC5657C1644B2,P003,2025-03-04 13:43:56 UTC,lead_sale,63.8,confirmed
REV6CE046C80DC7,L969958D6D0C8,P002,2025-01-03 23:56:59 UTC,lead_sale,87.96,confirmed
REVBBC22621AB60,L0F99A901AD5B,P010,2025-03-11 13:44:33 UTC,lead_sale,72.33,confirmed
REV329461504DDA,L7981DE73F821,P003,2025-01-03 19:14:37 UTC,lead_sale,79.51,confirmed
REV017C1A36F408,L99F8A1A3B532,P003,2025-06-03 17:26:24 UTC,lead_sale,70.05,confirmed
REV09A0731774B8,LB95381CDA31D,P005,2025-01-27 23:22:58 UTC,lead_sale,105.99,confirmed
REVAA708FD06091,LB9B431F84BBF,P010,2025-05-07 14:04:42 UTC,lead_sale,77.6,confirmed
REV6F6297B5FBBB,LA0F873D3341D,P001,2025-04-26 12:33:50 UTC,lead_sale,70.52,confirmed
REVEE8AC4B7B21C,L27988FBFB0E1,P003,2025-03-06 18:58:35 UTC,lead_sale,70.2,confirmed
REVBEE1F27B209D,LA2FB691E4570,P006,2025-04-04 18:21:58 UTC,lead_sale,117.5,confirmed
REV2D1D6C03A232,LAD2FD92F1AA4,P010,2025-04-02 11:11:15 UTC,lead_sale,73.52,confirmed
REVDC661AA169DC,LD3393968E2F8,P003,2025-01-26 20:20:54 UTC,lead_sale,61.92,confirmed
REV22A7D031DD37,LE5567020C03F,P010,2025-02-20 23:29:42 UTC,lead_sale,69.34,confirmed
REV81F103535ADF,LE6574DB65648,P002,2025-05-07 13:49:27 UTC,lead_sale,84.44,confirmed
REV88EC627F8D8E,L3EAC70E56FD6,P006,2025-06-02 19:02:52 UTC,lead_sale,118.88,confirmed
REV72FBDF0E1853,LAC5016DDB863,P003,2025-05-31 12:13:06 UTC,lead_sale,79.78,confirmed
REV00AFE3DFE0D5,L982716FA59FC,P002,2025-05-30 16:25:45 UTC,lead_sale,86.88,confirmed
REVB640E7EFAB54,L6A1DC2EB7075,P007,2025-02-02 17:48:21 UTC,lead_sale,120.4,confirmed
REV5B8BA15DDE0A,LE111F155D960,P002,2025-01-06 12:02:58 UTC,lead_sale,72.27,confirmed
REV26F076DC7A77,L6BB8687FFD3E,P001,2025-04-17 09:34:32 UTC,lead_sale,59.35,confirmed
REV63084BE40ACD,L7DBB4A02B8AB,P002,2025-04-20 19:48:18 UTC,lead_sale,89.7,confirmed
REVE08DBE0C9870,LCFB7E16D8817,P002,2025-04-10 23:13:26 UTC,lead_sale,77.27,confirmed
REVEA0DE63B51CC,L8AB211E08C4D,P001,2025-03-01 20:53:35 UTC,lead_sale,70.66,confirmed
REVE0B44C818D16,LC22F17E7FE60,P008,2025-02-09 18:20:38 UTC,lead_sale,71.66,confirmed
REV1F2E9E09F48C,L212C52938408,P003,2025-02-20 23:14:36 UTC,lead_sale,63.64,confirmed
REVB36DAAFA1038,L65CB62CC59DA,P005,2025-06-13 22:48:14 UTC,lead_sale,102.19,confirmed
REV7C45C55173A0,LC19814A4E93D,P001,2025-04-24 09:56:18 UTC,lead_sale,68.33,confirmed
REVE1AD748B4EAD,LFF4ED6C1D9D8,P001,2025-02-25 08:21:15 UTC,lead_sale,69.02,confirmed
REV312B864681A5,L3616D4B6CAE6,P007,2025-04-15 11:43:01 UTC,lead_sale,149.44,confirmed
REV31719212259E,L05838797D23F,P010,2025-01-18 08:00:03 UTC,lead_sale,71.89,confirmed
REVDB7524F44CB1,LF9CFBA0EDA53,P002,2025-03-14 11:57:40 UTC,lead_sale,73.17,confirmed
REVF263A2308942,LC5402C30740F,P001,2025-06-03 23:33:01 UTC,lead_sale,70.89,confirmed
REV4CDC738660B0,L6675A7840657,P010,2025-06-10 23:29:43 UTC,lead_sale,79.96,confirmed
REVFB0147798B77,L5B69460AF86E,P001,2025-06-17 21:12:07 UTC,lead_sale,75.02,confirmed
REV5D098E54F30C,L2B949C392BBE,P010,2025-03-10 09:09:11 UTC,lead_sale,77.92,confirmed
REV7B7D39E76EAC,L6DC72D82774F,P002,2025-03-11 20:09:23 UTC,lead_sale,81.28,confirmed
REVA99314F4F0E5,L36357CC4B960,P003,2025-04-30 12:53:37 UTC,lead_sale,80.53,confirmed
REVC6759DEE7898,L088D085AB885,P009,2025-03-13 19:00:44 UTC,lead_sale,55.96,confirmed
REVDED55E51125A,L8F4F970D0C16,P010,2025-02-08 09:49:55 UTC,lead_sale,75.38,confirmed
REVD8E4A70DF722,LBDAE55AC0C78,P004,2025-05-21 11:06:15 UTC,lead_sale,86.99,confirmed
REV81D34B189B4A,L25973C3D0417,P008,2025-04-11 21:30:04 UTC,lead_sale,75.09,confirmed
REV8214138B7A55,L5889D002A173,P002,2025-02-07 11:00:26 UTC,lead_sale,80.83,confirmed
REV5929370E3B63,LB45B00C1F674,P009,2025-06-23 15:05:52 UTC,lead_sale,61.23,confirmed
REV0C42425967DF,L4CAF11260089,P009,2025-02-01 15:38:32 UTC,lead_sale,58.83,confirmed
REV0EA93734D9A6,LD84783958550,P009,2025-04-17 17:58:33 UTC,lead_sale,55.47,confirmed
REV03AB4AA6C41C,LFDFE5D7ADB61,P010,2025-03-19 11:41:33 UTC,lead_sale,83.18,confirmed
REV4F62F469F64F,LA7FDD7016562,P003,2025-02-28 15:14:17 UTC,lead_sale,71.7,confirmed
REVDE476B85DB47,L579427E2276D,P006,2025-01-03 08:40:48 UTC,lead_sale,131.07,confirmed
REV8B868E5EE36B,L579984C3F980,P008,2025-06-04 20:32:09 UTC,lead_sale,72.36,confirmed
REVF08A8818DB35,LC803667B89CD,P009,2025-04-20 17:43:11 UTC,lead_sale,68.57,confirmed
REV0FEEE741DD32,LD589AFBC09AF,P002,2025-02-22 09:36:43 UTC,lead_sale,76.83,confirmed
REV8BB5F8B36789,L1686B5D89850,P010,2025-04-18 21:47:51 UTC,lead_sale,70.25,confirmed
REV4F244CB9FF08,L80762F79045E,P009,2025-06-12 19:08:30 UTC,lead_sale,53.88,confirmed
REV533C8B7DB144,L69F49CAA8CBF,P001,2025-06-23 17:56:35 UTC,lead_sale,64.57,confirmed
REV36CCD8FA2F5C,L31D1FFE147F6,P010,2025-03-12 21:54:41 UTC,lead_sale,72.63,confirmed
REV35D24C781993,L2A281F4D0369,P010,2025-02-17 11:07:08 UTC,lead_sale,83.6,confirmed
REVC2AD1861689C,L608857446361,P005,2025-03-07 10:46:08 UTC,lead_sale,102.49,confirmed
REV353E77BB5550,L390342963AF5,P006,2025-05-23 16:27:26 UTC,lead_sale,136.17,confirmed
REVDCF1EE76A15E,LC4CA4449A476,P003,2025-04-07 17:07:20 UTC,lead_sale,72.47,confirmed
REV939076F78683,L0100FFDDF100,P002,2025-05-27 17:22:05 UTC,lead_sale,79.4,confirmed
REVAA11F9416F3C,L24860535D5C1,P006,2025-06-16 17:10:47 UTC,lead_sale,111.47,confirmed
REVE992D6F9AF03,LC26989CA2F44,P010,2025-02-05 19:18:23 UTC,lead_sale,68.95,confirmed
REV99C6E9435DDF,L7DDABE7B891A,P006,2025-06-03 21:39:41 UTC,lead_sale,125.88,confirmed
REVD3B250FD7B7B,LB9E443C2333E,P001,2025-04-04 07:47:24 UTC,lead_sale,72.65,confirmed
REVEF41B2F7EA69,L61A977991447,P003,2025-03-21 08:47:59 UTC,lead_sale,81.56,confirmed
REV40921B992250,LD62F73056D00,P003,2025-05-13 13:42:22 UTC,lead_sale,79.57,confirmed
REV7367FBE89DA5,L5391343E6812,P002,2025-05-30 20:53:54 UTC,lead_sale,81.81,confirmed
REV0FD763E3B9B7,LDAD8045C4B81,P001,2025-03-28 12:14:54 UTC,lead_sale,71.53,confirmed
REV4A061EA35A6D,LF63868AAE19D,P003,2025-03-03 15:53:04 UTC,lead_sale,78.97,confirmed
REV725B635888C1,L0EE39FE1A4D0,P003,2025-04-18 22:34:59 UTC,lead_sale,73.8,confirmed
REVEEE3531FEFAB,L1786F9BB940F,P002,2025-01-30 20:30:22 UTC,lead_sale,77.54,confirmed
REVD509EE27DE11,L698D5D1A1071,P002,2025-04-28 22:11:31 UTC,lead_sale,74.7,confirmed
REV101FD3232935,L202A2FE2C7CA,P003,2025-03-25 09:44:41 UTC,lead_sale,70.72,confirmed
REVD5FE014542A9,L8241090AC0B8,P010,2025-06-24 13:43:24 UTC,lead_sale,71.67,confirmed
REV0094496DF400,L36B4D65B3DCA,P003,2025-04-25 19:51:30 UTC,lead_sale,72.41,confirmed
REV5E81DD72B29D,LA7E87AD6629D,P001,2025-05-03 10:54:02 UTC,lead_sale,65.53,confirmed
REV0584AEBFCAED,LFF39931D9A3B,P010,2025-01-31 22:57:28 UTC,lead_sale,80.94,confirmed
REVEFA1534F6D3E,LAD6849BE72ED,P007,2025-05-07 22:30:02 UTC,lead_sale,132.86,confirmed
REVE20E1FA606F5,LFFC393FAEBBA,P010,2025-03-06 19:14:18 UTC,lead_sale,68.73,confirmed
REVC2827F622129,L1DFB03229254,P006,2025-06-23 09:44:35 UTC,lead_sale,115.87,confirmed
REV6648E83A5C08,L84F0FD94835A,P008,2025-05-16 19:06:04 UTC,lead_sale,79.03,confirmed
REV30DAB82A1742,L5FE585C77FC2,P001,2025-04-17 19:33:40 UTC,lead_sale,68.69,confirmed
REVF9959544656D,LF3B42754BD6B,P010,2025-01-12 07:31:07 UTC,lead_sale,85.99,confirmed
REVC7CE53E8CB0F,LB27289025EAB,P010,2025-01-09 09:47:58 UTC,lead_sale,73.17,confirmed
REVB7BBB5F80BF1,L28673C19CF9B,P003,2025-05-08 22:23:50 UTC,lead_sale,64.07,confirmed
REV104D1B964BD9,LDD1F79ACEF93,P005,2025-04-02 18:37:29 UTC,lead_sale,107.95,confirmed
REVAD99DF6674FE,LD48AA360B4A7,P002,2025-01-23 12:26:27 UTC,lead_sale,68.88,confirmed
REV1C6682CDAB0E,L84BD1106346C,P001,2025-01-01 14:46:26 UTC,lead_sale,71.2,confirmed
REV4A4D94CE355E,L88134C590C2D,P002,2025-03-07 18:13:00 UTC,lead_sale,72.0,confirmed
REV5D326C72F3FF,L78C40DE6EB91,P002,2025-04-18 22:29:29 UTC,lead_sale,84.54,confirmed
REV975A1A57D359,L76EDCF3F4762,P003,2025-06-01 16:40:31 UTC,lead_sale,64.69,confirmed
REV733302E8A3D0,L510810648CE7,P003,2025-05-26 17:18:45 UTC,lead_sale,71.4,confirmed
REV96379E79C703,L6E3B3DF99E38,P001,2025-01-13 10:28:03 UTC,lead_sale,76.86,confirmed
REVD73F99D226CC,LA9998A0A8F6C,P005,2025-05-08 19:22:34 UTC,lead_sale,95.91,confirmed
REV56C63BAEC93B,L15D92EE7CA4B,P010,2025-01-06 12:46:53 UTC,lead_sale,68.99,confirmed
REV904A5F2B3C07,LBD6ADE344E73,P002,2025-02-11 16:52:04 UTC,lead_sale,75.26,confirmed
REV815C647B5097,L17D15847C672,P003,2025-02-16 23:24:24 UTC,lead_sale,61.84,confirmed
REVBDA0F51596D9,L7D2358F1EDC4,P010,2025-02-01 18:36:29 UTC,lead_sale,69.42,confirmed
REV464631FC433B,L711D7A623784,P005,2025-03-16 11:07:38 UTC,lead_sale,105.35,confirmed
REV020286320277,L4632CBFA72FE,P003,2025-02-19 10:11:47 UTC,lead_sale,65.13,confirmed
REV1C7DCEF89E10,L4A31A6904B69,P003,2025-01-04 11:50:00 UTC,lead_sale,73.01,confirmed
REVB66A8A366DF2,L642AB0D14CD1,P001,2025-03-26 22:44:00 UTC,lead_sale,73.76,confirmed
REVBF94CFDADA77,LF2693563A438,P002,2025-04-10 19:18:52 UTC,lead_sale,73.43,confirmed
REV18505BC6F679,L4314965FE4D8,P003,2025-01-24 20:10:55 UTC,lead_sale,69.92,confirmed
REV9B65575C4935,L67AF1CB3A546,P008,2025-02-23 19:07:03 UTC,lead_sale,77.62,confirmed
REV8CDE4FD6CDBC,L5AFEC8E246E3,P005,2025-06-30 16:31:36 UTC,lead_sale,101.37,confirmed
REV25C0610D978A,LCB0B3F4491AF,P002,2025-05-27 23:19:10 UTC,lead_sale,74.57,confirmed
REV23FA2D601F97,L7825336A5A7E,P007,2025-06-08 21:14:33 UTC,lead_sale,116.6,confirmed
REV504B1F79BA73,L8F6EB442D015,P005,2025-04-20 22:04:17 UTC,lead_sale,108.31,confirmed
REV65839216358A,L78DA614ECD59,P010,2025-01-05 10:12:27 UTC,lead_sale,76.81,confirmed
REVA1B1ABEC7D87,L63972075FAC4,P004,2025-03-31 17:33:37 UTC,lead_sale,103.24,confirmed
REV8771B2D0F05F,L2522D1B5A0BD,P010,2025-05-02 09:44:32 UTC,lead_sale,75.74,confirmed
REV3257C1503BF3,LABA5515E1A2B,P002,2025-03-17 18:23:30 UTC,lead_sale,76.35,confirmed
REVA85D53A67B1D,L580034582AD3,P001,2025-02-07 19:28:20 UTC,lead_sale,75.65,confirmed
REV4F1A3727FD40,LE43822218C0C,P002,2025-04-26 23:08:11 UTC,lead_sale,77.63,confirmed
REV214AD7EABF5F,L5987350DB41C,P010,2025-01-07 16:38:28 UTC,lead_sale,70.47,confirmed
REVCE78B0F5BF83,LBE7B0B93B717,P010,2025-02-26 23:12:08 UTC,lead_sale,69.78,confirmed
REV858CE57BA4AD,L249D54200C9B,P010,2025-02-12 20:07:43 UTC,lead_sale,66.08,confirmed
REV58FB51508BF9,LE0ABDC7B0440,P005,2025-02-24 18:16:47 UTC,lead_sale,119.38,confirmed
REV8717B001DBE6,L9344FB9E8B3E,P010,2025-04-28 22:50:06 UTC,lead_sale,72.76,confirmed
REVBDBB4F248D60,LD482FD198271,P001,2025-02-08 08:56:03 UTC,lead_sale,73.63,confirmed
REV487FB3432C10,L9F63988B475C,P010,2025-04-15 13:31:44 UTC,lead_sale,81.78,confirmed
REV26FFB77C3615,L510048EB681A,P007,2025-02-25 15:31:54 UTC,lead_sale,138.96,confirmed
REV244F0D904246,L4583BD2BAA0F,P010,2025-05-26 12:30:56 UTC,lead_sale,75.72,confirmed
REV83666F9F1835,L43E068DDD687,P010,2025-01-25 21:15:54 UTC,lead_sale,75.96,confirmed
REV3C093CD5451F,L3845EF95F31A,P002,2025-06-18 12:03:28 UTC,lead_sale,82.02,confirmed
REV8C1204F1793E,L4D6C316D0A93,P010,2025-04-08 22:43:26 UTC,lead_sale,77.17,confirmed
REV63DA615667D7,L930606C80BDB,P006,2025-04-22 17:24:33 UTC,lead_sale,121.9,confirmed
REV53AA811EAE12,L270A9E3278BF,P004,2025-01-18 10:17:30 UTC,lead_sale,111.92,confirmed
REV6802B6A72E23,LCED0F73E3738,P009,2025-05-02 14:34:15 UTC,lead_sale,56.43,confirmed
REV15D666AD02DC,LB7F1E608AE70,P005,2025-02-07 20:41:46 UTC,lead_sale,108.3,confirmed
REVD0389774CE72,L471D653DF28E,P010,2025-02-22 11:55:55 UTC,lead_sale,85.94,confirmed
REV16A570662DE2,L098840E5057F,P001,2025-06-20 16:42:03 UTC,lead_sale,75.35,confirmed
REV0F1322E7E226,LD3523310A7AF,P002,2025-04-06 09:02:02 UTC,lead_sale,69.97,confirmed
REV6B554C04D118,L4865526CD20A,P010,2025-04-04 12:15:50 UTC,lead_sale,66.35,confirmed
REV1B76981A00D2,L9305E8D9663D,P001,2025-06-28 12:22:34 UTC,lead_sale,75.32,confirmed
REV11F30357ED95,L695C90B526D0,P007,2025-05-19 20:34:09 UTC,lead_sale,149.19,confirmed
REV8412C05DE4ED,L37C8CC12E11A,P010,2025-03-27 11:49:40 UTC,lead_sale,78.32,confirmed
REVAD7EC6A11453,L21C13FD23E86,P007,2025-02-15 11:30:48 UTC,lead_sale,132.07,confirmed
REV404B636301C3,LEFCFE1072157,P005,2025-05-31 10:47:45 UTC,lead_sale,119.88,confirmed
REVF05D1B2DF3F1,LB50C1D145402,P010,2025-02-09 18:19:46 UTC,lead_sale,71.76,confirmed
REV21C7AA03BA18,LF0BFD7D85383,P010,2025-04-03 20:55:52 UTC,lead_sale,67.61,confirmed
REV608E564F793E,LA4376255081F,P006,2025-03-25 11:45:53 UTC,lead_sale,124.5,confirmed
REVEA9069DC9AEB,L513A6DB7C823,P001,2025-02-13 21:49:34 UTC,lead_sale,69.86,confirmed
REV70263C3C42DB,LA40D5295DFAA,P010,2025-06-08 20:17:46 UTC,lead_sale,69.12,confirmed
REV0B25C642D3CC,LCD4702029430,P010,2025-04-29 16:37:46 UTC,lead_sale,76.67,confirmed
REVD8BA5737E850,L40518D11BD41,P010,2025-03-19 22:40:55 UTC,lead_sale,84.75,confirmed
REVE907A052B598,L242C726188D2,P010,2025-03-18 16:45:41 UTC,lead_sale,73.49,confirmed
REVF81F141B313D,L5657ED9BFC5C,P002,2025-03-06 17:34:39 UTC,lead_sale,74.22,confirmed
REV34D19D4B4A46,LF9656B43A317,P010,2025-06-25 17:59:39 UTC,lead_sale,74.26,confirmed
REVC800D68A1D8E,L33EBB44FA0B0,P009,2025-01-22 16:14:06 UTC,lead_sale,60.83,confirmed
REV0EF74030BDD8,LD772EE2C082C,P003,2025-04-15 20:33:44 UTC,lead_sale,77.03,confirmed
REV45A9DC7E8C09,L4012B90C8150,P001,2025-01-16 23:41:06 UTC,lead_sale,69.79,confirmed
REVDAABD27965AB,L6B714DC8D2DC,P003,2025-01-10 20:03:11 UTC,lead_sale,66.3,confirmed
REVAF718C0C5A8E,LBF92E8EB4262,P009,2025-05-12 19:39:45 UTC,lead_sale,56.53,confirmed
REVEA6593A74C7C,LAFE27D0672C9,P005,2025-03-15 14:20:03 UTC,lead_sale,101.27,confirmed
REV61F643515936,L4E09BE75E7FA,P003,2025-06-28 18:38:59 UTC,lead_sale,62.37,confirmed
REVEC6383250D59,LD51070D5547A,P002,2025-01-13 20:14:48 UTC,lead_sale,86.81,confirmed
REV4EEB6698F318,LE910635FAA66,P009,2025-03-12 14:38:46 UTC,lead_sale,61.29,confirmed
REV0D55D96C2635,LAD3AD7E280E6,P009,2025-04-22 22:48:28 UTC,lead_sale,58.09,confirmed
REV72B751A67A2F,L19124D09B991,P001,2025-05-21 20:25:47 UTC,lead_sale,60.79,confirmed
REVC3E83C1BA39E,LD4C1923D9957,P002,2025-03-17 23:22:10 UTC,lead_sale,80.41,confirmed
REV860BD9EFA346,LC0FB9E55F572,P002,2025-02-26 12:21:18 UTC,lead_sale,86.69,confirmed
REV43C071ED8595,LBD1A87A1F7BF,P008,2025-05-12 16:28:33 UTC,lead_sale,78.35,confirmed
REVDC6771705E21,LBF3675C1A856,P001,2025-05-09 13:39:22 UTC,lead_sale,58.74,confirmed
REVDBB6CF98D6EB,LFF9E1DAD2DC4,P001,2025-02-05 20:04:44 UTC,lead_sale,62.19,confirmed
REVB8392B12D264,LE45BC5E2BCD1,P002,2025-06-30 09:12:35 UTC,lead_sale,85.58,confirmed
REV4589E551F790,L98C45403BE0D,P010,2025-01-31 09:38:19 UTC,lead_sale,68.04,confirmed
REVBA0272C78DA5,LD6EE454E6426,P007,2025-05-08 18:01:08 UTC,lead_sale,127.93,confirmed
REV2D6FD706387E,LBB321EED01F4,P003,2025-05-27 19:09:49 UTC,lead_sale,63.44,confirmed
REV0FD54011719D,LF761A7D1A0BA,P002,2025-01-03 14:26:31 UTC,lead_sale,85.76,confirmed
REV6F87868E00FE,LA4395D932BF0,P007,2025-05-15 20:52:27 UTC,lead_sale,140.46,confirmed
REVE12F5764CC2C,LDF4C71BBE939,P002,2025-03-11 09:30:09 UTC,lead_sale,89.56,confirmed
REV5511E829458C,L513277973829,P003,2025-04-04 15:22:05 UTC,lead_sale,73.45,confirmed
REVE5100DA62C68,LDB685901DE20,P009,2025-03-30 20:32:10 UTC,lead_sale,67.14,confirmed
REV637E49EB150C,L59F172963F12,P010,2025-06-21 21:06:43 UTC,lead_sale,84.21,confirmed
REVCC858EE404FD,LCE9B8B75E118,P003,2025-02-17 12:51:42 UTC,lead_sale,62.86,confirmed
REV8281E3FC7E26,L625AE702D001,P010,2025-06-01 08:40:38 UTC,lead_sale,75.42,confirmed
REVFC84465FA0AA,L035DA0959CFD,P002,2025-06-12 16:47:28 UTC,lead_sale,74.16,confirmed
REV3456EE47B655,L9410F8A38C45,P010,2025-04-04 11:16:38 UTC,lead_sale,64.92,confirmed
REVA24BEC2B26F5,LD7327F36B3FB,P002,2025-01-04 11:38:15 UTC,lead_sale,70.61,confirmed
REVF5BC60CF49C8,L077873D8D262,P003,2025-02-05 13:04:12 UTC,lead_sale,61.58,confirmed
REV7FB389CC535E,L2AA56E7094F0,P002,2025-05-20 08:26:11 UTC,lead_sale,77.29,confirmed
REV295441B5403E,L009E4B67185B,P007,2025-02-26 11:30:12 UTC,lead_sale,137.5,confirmed
REV2AAA7581C7E5,LECB972627006,P010,2025-05-01 10:56:30 UTC,lead_sale,80.6,confirmed
REV9AC29D390456,LFF7E27EE3427,P002,2025-01-02 21:29:30 UTC,lead_sale,73.56,confirmed
REV6C01C20F4C2F,LD8A4481FCCD5,P010,2025-01-27 11:41:41 UTC,lead_sale,85.89,confirmed
REV5A84834DAAD9,L747DA7B97D28,P009,2025-01-13 13:16:43 UTC,lead_sale,54.63,confirmed
REV2FF37A779516,L4DD5B419F8C9,P010,2025-02-09 15:53:17 UTC,lead_sale,69.59,confirmed
REVEB10AE2C8EF5,LC6373AB268A3,P006,2025-04-05 21:33:12 UTC,lead_sale,118.38,confirmed
REVE4862F88094B,L642BA0B5E3E1,P003,2025-06-30 18:07:53 UTC,lead_sale,75.45,confirmed
REV92AC537F93C7,LA1F576C43639,P010,2025-06-06 09:41:44 UTC,lead_sale,67.97,confirmed
REV0134257E6DB0,L4DEDE81206AF,P002,2025-05-26 17:07:33 UTC,lead_sale,70.63,confirmed
REVFBD380B02C91,L05A52C9E66D2,P005,2025-05-28 22:21:35 UTC,lead_sale,101.46,confirmed
REV0A7C5599BF23,LB2379E3D658B,P002,2025-01-12 09:56:35 UTC,lead_sale,68.05,confirmed
REV06023C3AC4EC,L4CE19796B450,P009,2025-02-18 08:38:46 UTC,lead_sale,53.46,confirmed
REV26B34A508AA9,L486EAB714D5D,P010,2025-02-14 22:00:39 UTC,lead_sale,85.22,confirmed
REVE0F1F5B9E9DA,L6B701047B09B,P009,2025-05-24 09:34:41 UTC,lead_sale,61.01,confirmed
REV8D2DD272A7B8,L2EEA6A59ED83,P010,2025-05-23 22:18:27 UTC,lead_sale,83.85,confirmed
REV51DA022EE844,LDCD34F6DD8BC,P010,2025-06-07 16:49:24 UTC,lead_sale,72.64,confirmed
REV94109496CABA,L5A18EC2056DA,P002,2025-04-13 09:47:27 UTC,lead_sale,75.51,confirmed
REV73CE9E5FEC98,LEF76DCAF41D4,P001,2025-01-16 17:57:05 UTC,lead_sale,64.08,confirmed
REVADB010BD782E,L735E1C6D7196,P002,2025-01-04 18:38:05 UTC,lead_sale,87.27,confirmed
REV6D1ED168C1F8,L62C82F51D1DA,P008,2025-04-25 13:44:24 UTC,lead_sale,73.34,confirmed
REVEFBA9891352A,L856B319613AF,P002,2025-06-16 10:50:45 UTC,lead_sale,72.25,confirmed
REVFE019F171330,LDD3EDDF98AE3,P004,2025-03-19 20:39:54 UTC,lead_sale,85.53,confirmed
REV0D7BCE21CD12,LFC9D225ECB30,P005,2025-01-26 18:18:32 UTC,lead_sale,113.96,confirmed
REV95CBCD10FD93,L6E9C258C2406,P003,2025-02-28 10:33:56 UTC,lead_sale,75.85,confirmed
REV42EE4A0A5392,L3BCF2CA8B264,P010,2025-01-31 20:07:50 UTC,lead_sale,83.9,confirmed
REV3DE3B9D7EB05,LC9ABF62EF7BA,P002,2025-06-02 09:10:11 UTC,lead_sale,74.32,confirmed
REV85A0691014B9,L479F2C3C8D70,P002,2025-06-29 11:00:08 UTC,lead_sale,79.34,confirmed
REV2F14AAE72E67,L0A43FEBBD3A2,P003,2025-04-29 22:39:09 UTC,lead_sale,67.35,confirmed
REV6526DD28FDAD,L8D9AE111BC8F,P001,2025-01-21 21:06:29 UTC,lead_sale,67.9,confirmed
REV783E9DDD2A3F,LF27BBE7D042B,P002,2025-01-15 15:33:28 UTC,lead_sale,72.46,confirmed
REV8BE0CEFEDEB9,LE53172CFE50D,P001,2025-01-28 09:53:02 UTC,lead_sale,59.43,confirmed
REV14D85E4F0EA3,LAC365AB09C9F,P010,2025-05-22 17:47:26 UTC,lead_sale,67.62,confirmed
REVB99F7886DEA5,LC42B40C89AC0,P002,2025-05-17 20:55:22 UTC,lead_sale,72.47,confirmed
REV37875303262B,LE9341A41FB0A,P002,2025-06-04 16:20:19 UTC,lead_sale,76.7,confirmed
REV4E0970463A55,L0629CE76521D,P003,2025-04-03 22:49:37 UTC,lead_sale,76.01,confirmed
REVAAD0D7AC8244,LD45419DB94E4,P003,2025-06-04 18:14:10 UTC,lead_sale,76.22,confirmed
REV4E1C6ACD3E34,LF3E687B2DBB9,P005,2025-05-08 22:59:16 UTC,lead_sale,121.53,confirmed
REV6B15D48D0A76,LBB4B716DBBC2,P001,2025-06-13 21:16:08 UTC,lead_sale,66.04,confirmed
REVB0F572527716,L0E0B61A7AE6D,P004,2025-06-22 09:01:59 UTC,lead_sale,103.96,confirmed
REV82787B5D8418,L9D1B486B513F,P005,2025-03-28 14:01:42 UTC,lead_sale,95.33,confirmed
REV95176817B583,LD574DFD3D695,P009,2025-02-07 21:00:50 UTC,lead_sale,57.26,confirmed
REVA66DB0DD7A74,LCCFDF2EFEF45,P009,2025-03-01 19:14:48 UTC,lead_sale,61.86,confirmed
REV057225F08B2F,L82816B28E28D,P010,2025-05-20 10:20:57 UTC,lead_sale,76.8,confirmed
REV84C4007D6454,LB1CD1AAA69AA,P001,2025-02-05 13:22:13 UTC,lead_sale,74.42,confirmed
REVD13336187309,LFEF4F9D6AC36,P009,2025-03-27 18:21:50 UTC,lead_sale,65.83,confirmed
REV8BC3351B789E,LA035ECB7485F,P002,2025-03-05 17:32:17 UTC,lead_sale,84.51,confirmed
REV6424E78AAC4A,LB0F6354AC515,P002,2025-04-01 08:08:30 UTC,lead_sale,71.31,confirmed
REVC50AB3D7CEB9,L33D9A9DA9AE1,P006,2025-01-28 17:54:10 UTC,lead_sale,115.65,confirmed
REVE83546B8BB5B,LA9CF5816C8FF,P006,2025-05-05 10:55:43 UTC,lead_sale,132.72,confirmed
REV577413F74990,LE7DACB31ECC8,P009,2025-03-31 11:01:05 UTC,lead_sale,68.01,confirmed
REV59FD2574C22A,L2EE63F6178E6,P002,2025-04-29 11:04:30 UTC,lead_sale,82.85,confirmed
REV251CAC06C046,LF1B65780193D,P001,2025-06-18 21:19:58 UTC,lead_sale,63.1,confirmed
REVCD9427956A6E,L259C7C8EA2FB,P003,2025-01-28 19:47:52 UTC,lead_sale,77.92,confirmed
REVFD8AEE11DD27,L2DD3D69331B7,P003,2025-04-04 22:48:12 UTC,lead_sale,67.12,confirmed
REV97FE83BD18BE,LE9E6AC96E1C1,P010,2025-01-02 16:30:21 UTC,lead_sale,70.54,confirmed
REV839D0C70C3C5,LFDB23E0BE08C,P003,2025-02-23 17:39:47 UTC,lead_sale,67.2,confirmed
REVAFA0F70684B1,L24A51737A322,P006,2025-05-03 20:35:10 UTC,lead_sale,134.27,confirmed
REV07D66D08B95B,L7DE9CA32CB2B,P003,2025-06-23 18:07:53 UTC,lead_sale,76.04,confirmed
REV1701731AA361,LD6558ABC7974,P002,2025-06-16 15:52:37 UTC,lead_sale,89.39,confirmed
REVE7A99BA4C1BE,L6C65A579B08B,P005,2025-01-02 19:30:18 UTC,lead_sale,100.52,confirmed
REV5018D4FF926D,LD3640D7B3CFE,P003,2025-06-21 13:20:47 UTC,lead_sale,71.32,confirmed
REV787699887E05,LFE39A731D61D,P010,2025-03-28 17:27:25 UTC,lead_sale,68.15,confirmed
REV6A98D84BF655,L6684B6D624F0,P003,2025-03-09 19:14:15 UTC,lead_sale,78.85,confirmed
REV3F5AAE63BB5E,LD9937A901058,P002,2025-04-06 09:10:06 UTC,lead_sale,84.32,confirmed
REV5D003F0831F7,L1CC644B93A5C,P001,2025-03-10 21:19:12 UTC,lead_sale,77.8,confirmed
REV559CE7C74C1D,LF42B7B6E2D5F,P003,2025-02-22 22:07:45 UTC,lead_sale,79.3,confirmed
REVECB8DBECE07C,L7D16BB3BE886,P001,2025-06-17 10:00:53 UTC,lead_sale,59.16,confirmed
REV8548DE9242ED,LC5BBEE283B5D,P003,2025-05-09 19:54:49 UTC,lead_sale,75.48,confirmed
REV4BBB63D38533,LD3ECDC686AA4,P010,2025-02-07 11:28:03 UTC,lead_sale,78.79,confirmed
REV5F2C1968F3ED,LCF74D43DF9A7,P002,2025-01-18 11:43:34 UTC,lead_sale,73.2,confirmed
REV6B42D785087D,L0D131A312781,P008,2025-02-18 08:40:41 UTC,lead_sale,78.07,confirmed
REV70FE609A731F,L5259DECA460C,P006,2025-06-04 21:28:07 UTC,lead_sale,118.0,confirmed
REVB8B30834F131,L5C7DCDB39E54,P002,2025-05-26 07:55:27 UTC,lead_sale,70.04,confirmed
REVA9E7EE20AF3C,L9AADD4C12C2E,P007,2025-01-13 18:43:12 UTC,lead_sale,124.0,confirmed
REV0B9827D5C2E4,LA347F1FB887C,P003,2025-06-08 16:57:02 UTC,lead_sale,81.36,confirmed
REVD71F8C7088D6,L21C8B9BCEA41,P002,2025-03-07 18:11:47 UTC,lead_sale,72.93,confirmed
REVCC40519905B6,L4670ED76806F,P002,2025-04-12 19:52:58 UTC,lead_sale,83.49,confirmed
REV01EE02D81D95,LC69165687BF4,P007,2025-02-24 18:43:37 UTC,lead_sale,120.6,confirmed
REVDDC8D142EB36,LFF7DC64576D7,P010,2025-03-14 16:42:29 UTC,lead_sale,83.87,confirmed
REV233EFE17F2BE,L82CC96646BD2,P002,2025-03-06 10:03:24 UTC,lead_sale,81.93,confirmed
REV0EAA794BED0B,L7A331F1C8A14,P009,2025-03-21 12:59:04 UTC,lead_sale,55.28,confirmed
REVA205C0653EEB,L086D9FC23C9C,P010,2025-03-31 13:01:03 UTC,lead_sale,72.51,confirmed
REVCFCF449476C9,LF736992E5C49,P001,2025-04-04 23:00:43 UTC,lead_sale,73.29,confirmed
REV48BB664276D9,L510557D76915,P003,2025-04-08 11:52:06 UTC,lead_sale,64.08,confirmed
REVC2E9376CF27C,L1E8D5B93F02A,P009,2025-06-11 10:54:19 UTC,lead_sale,61.15,confirmed
REV8C62080EB52C,LBEC385F117EA,P001,2025-01-14 19:10:18 UTC,lead_sale,74.44,confirmed
REV1538D4ACDEBD,LD5273B5F3DCB,P010,2025-06-04 22:33:18 UTC,lead_sale,70.66,confirmed
REV2B6E15895377,LCD45E1F97640,P003,2025-04-22 09:52:50 UTC,lead_sale,71.03,confirmed
REVDCFFFB6D0015,LD6D02B79D7E2,P003,2025-03-07 22:21:51 UTC,lead_sale,73.77,confirmed
REVEAC796C2B71C,LDE80B72031B3,P002,2025-06-03 19:36:41 UTC,lead_sale,84.99,confirmed
REVF1C9CE182CA7,L0D621E4E354B,P010,2025-05-05 10:45:37 UTC,lead_sale,64.87,confirmed
REVA9794096705C,L56FA966A0B21,P005,2025-03-23 15:36:55 UTC,lead_sale,101.11,confirmed
REV3CDFE652A43D,L82910E81F2F4,P010,2025-06-02 09:43:53 UTC,lead_sale,70.83,confirmed
REV5BF89A0899DE,L657752F5F29F,P010,2025-06-09 11:14:03 UTC,lead_sale,75.23,confirmed
REV18C748CF59CA,LA44CFC941B35,P004,2025-03-30 16:39:48 UTC,lead_sale,102.82,confirmed
REV5181DA6EB644,LFA693A87CEEF,P003,2025-05-28 18:15:05 UTC,lead_sale,78.99,confirmed
REV5D7876BDFD5F,LD1263BCBCFE1,P005,2025-01-29 22:16:13 UTC,lead_sale,114.44,confirmed
REV86E5223D215C,L7720A0AA9205,P002,2025-01-21 18:33:26 UTC,lead_sale,73.06,confirmed
REV4DD471F1E988,L815A12136746,P003,2025-01-22 21:38:17 UTC,lead_sale,73.23,confirmed
REVC412780CC161,LFA5625635644,P010,2025-01-08 14:00:55 UTC,lead_sale,74.87,confirmed
REV79D28BBD2FBA,LFD882533FCF1,P009,2025-04-07 17:09:41 UTC,lead_sale,60.56,confirmed
REVF4D3DCC07E45,LCD77DC90BE50,P010,2025-01-17 23:05:56 UTC,lead_sale,69.08,confirmed
REV24757E07199C,L88DA2DEA61F0,P002,2025-05-30 18:51:52 UTC,lead_sale,71.17,confirmed
REVEACD89C0C7E8,LE275E0204E47,P002,2025-03-25 09:56:13 UTC,lead_sale,70.38,confirmed
REVD27D1A6BE4E9,L4ECFC4909EEF,P003,2025-02-22 14:04:40 UTC,lead_sale,62.18,confirmed
REVAFCDE578FF7C,LE20DF92E5A7A,P002,2025-03-21 08:35:19 UTC,lead_sale,79.25,confirmed
REV35D60A8E8C7F,LCF08EB4B69D3,P010,2025-04-17 10:17:14 UTC,lead_sale,85.42,confirmed
REV47BB1AB53940,LE970951FDC1F,P010,2025-03-27 16:31:46 UTC,lead_sale,66.47,confirmed
REV18AFFB6EC2D5,LF293804200AF,P006,2025-01-28 21:42:08 UTC,lead_sale,119.77,confirmed
REVE7EFF2947305,L22DBB452574B,P002,2025-01-19 22:14:16 UTC,lead_sale,88.9,confirmed
REVBCDBC8F6672B,L8E59E3248A9C,P009,2025-06-15 21:39:30 UTC,lead_sale,57.92,confirmed
REVFAD9596708FE,L30C2228C529F,P010,2025-06-26 15:32:49 UTC,lead_sale,83.25,confirmed
REVB45D2BE669B1,L0C07A83CC6B0,P003,2025-02-25 10:02:03 UTC,lead_sale,73.36,confirmed
REV1B622C7C6703,LC8C03546EA33,P003,2025-02-03 14:15:39 UTC,lead_sale,68.54,confirmed
REVA00BBAC1400F,L0073E0957E47,P003,2025-03-12 11:03:15 UTC,lead_sale,73.34,confirmed
REV56D28D025D86,LE5C50584A2F8,P002,2025-06-23 18:23:49 UTC,lead_sale,76.15,confirmed
REV1F1BAFEFF392,L46655014190C,P007,2025-01-22 10:38:06 UTC,lead_sale,150.52,confirmed
REVF1599BFA2C3E,L0C696DD6057E,P005,2025-06-17 17:51:49 UTC,lead_sale,114.65,confirmed
REVA4D867AE2486,L510CE622556E,P005,2025-05-10 15:43:17 UTC,lead_sale,105.91,confirmed
REV134F5FC16768,LD1324B825145,P005,2025-02-26 12:39:23 UTC,lead_sale,121.83,confirmed
REV7AA0268D58DA,LC95BAF87550E,P003,2025-05-06 13:27:45 UTC,lead_sale,76.68,confirmed
REV8BBB036321C7,L6F4675C299D5,P002,2025-06-21 20:54:56 UTC,lead_sale,68.52,confirmed
REVFFEB47E4607C,LD449EA7B06AC,P007,2025-04-03 18:30:04 UTC,lead_sale,134.82,confirmed
REV038AEEF50644,L1F87D2D3349F,P003,2025-04-02 23:13:32 UTC,lead_sale,72.99,confirmed
REV19E3DC301119,L4DC06AAEC61C,P005,2025-06-16 15:45:40 UTC,lead_sale,122.7,confirmed
REV007FEF273A61,LFAED97FE4E71,P002,2025-06-21 21:46:14 UTC,lead_sale,79.88,confirmed
REV348E6688D2A4,LCAD2F88F975C,P002,2025-06-04 15:49:03 UTC,lead_sale,83.59,confirmed
REV664A9B5BF4B9,L6EA9A2E18C14,P006,2025-03-08 17:29:10 UTC,lead_sale,128.65,confirmed
REV6ACE07CAA463,LCA5C25AFC739,P010,2025-03-09 17:31:25 UTC,lead_sale,74.45,confirmed
REVB73E3D127901,L0BC2B115EE63,P003,2025-02-04 22:07:07 UTC,lead_sale,72.14,confirmed
REV3047129CAB13,L6B228844966C,P010,2025-01-03 19:13:03 UTC,lead_sale,67.31,confirmed
REV3C9048B942AA,L3B7213C5D628,P003,2025-04-16 09:19:49 UTC,lead_sale,62.06,confirmed
REV19E4CE1D3AB7,LE1F2DB153798,P010,2025-03-27 21:27:06 UTC,lead_sale,81.18,confirmed
REV8D2664468670,L57C491DE2BFD,P002,2025-04-14 12:51:53 UTC,lead_sale,71.45,confirmed
REV9E76DA923283,L9C96E9BB2D8D,P010,2025-06-11 13:43:00 UTC,lead_sale,70.31,confirmed
REVD456D12EB8C7,L14FD6FC62D33,P002,2025-04-04 13:39:17 UTC,lead_sale,80.79,confirmed
REVA173B36EFC97,LE8C1AC4A53C3,P003,2025-05-02 21:12:48 UTC,lead_sale,66.5,confirmed
REVF3DCE7954A73,LC767B88E793E,P007,2025-01-10 10:44:11 UTC,lead_sale,136.02,confirmed
REVCB54F36F0184,L6C1C243B5754,P009,2025-04-07 08:25:09 UTC,lead_sale,62.93,confirmed
REV248B38E86D76,LB20BC0B39316,P001,2025-03-21 20:56:59 UTC,lead_sale,76.44,confirmed
REV94D26AF59558,L1F2F3185AC95,P005,2025-02-24 17:14:06 UTC,lead_sale,109.35,confirmed
REVD6CDD5CE0CE5,L22015573EBC5,P010,2025-05-31 07:54:31 UTC,lead_sale,69.89,confirmed
REV911B8C90D4D6,L5CA24D9A0CEF,P004,2025-02-23 17:07:48 UTC,lead_sale,96.34,confirmed
REV3181725EC631,LD93747C7B29F,P008,2025-02-16 11:46:05 UTC,lead_sale,77.57,confirmed
REV8A5C93C887F9,L1AC5D7EA9416,P003,2025-06-28 17:56:30 UTC,lead_sale,76.17,confirmed
REVE16EC55FDAD6,LB150D52D5AB4,P003,2025-05-02 20:29:21 UTC,lead_sale,80.25,confirmed
REV78AEE199E97B,LFA7CEAE1502A,P003,2025-01-06 21:19:56 UTC,lead_sale,62.09,confirmed
REVF793CC2E1BDD,L71F9AB69E7CD,P005,2025-05-02 22:00:07 UTC,lead_sale,118.81,confirmed
REVCCBAA7465B98,L55595F5627BF,P002,2025-03-15 15:41:03 UTC,lead_sale,75.07,confirmed
REVE678CF0F08EC,L67B0997E5A53,P010,2025-05-13 14:37:20 UTC,lead_sale,79.24,confirmed
REV7B415D093499,L837693B5BD0B,P010,2025-03-24 11:18:44 UTC,lead_sale,84.91,confirmed
REV91CF43BF9C8C,LB9AFE87C29A7,P002,2025-05-13 18:57:53 UTC,lead_sale,74.29,confirmed
REV1A861CEC543B,L0D17A3996F01,P010,2025-01-22 14:15:13 UTC,lead_sale,73.63,confirmed
REV9C33E0294991,L31FCA5EDD865,P009,2025-02-26 13:36:41 UTC,lead_sale,52.26,confirmed
REVC2824335D097,LD6740562E06C,P010,2025-03-13 15:12:51 UTC,lead_sale,83.85,confirmed
REV91BB77A24EE2,LE6D5D427C2EC,P002,2025-02-20 17:55:55 UTC,lead_sale,86.94,confirmed
REV6E95E8FF660F,L4CB38125A062,P005,2025-01-15 20:48:23 UTC,lead_sale,114.63,confirmed
REVB88EC91E43B0,L2CF46C2CAA4E,P007,2025-05-08 12:51:43 UTC,lead_sale,129.95,confirmed
REV73B736DCAEC2,L43211D1F062F,P001,2025-06-30 21:56:48 UTC,lead_sale,59.04,confirmed
REVDADB874E1E0A,L5D7A98DEE30E,P010,2025-05-06 17:46:05 UTC,lead_sale,70.4,confirmed
REV520392D7C54F,L67E31ED1A123,P001,2025-01-23 16:34:39 UTC,lead_sale,65.22,confirmed
REV4CB0B459F8EA,L2ECF4D43CC38,P002,2025-06-23 08:13:52 UTC,lead_sale,76.41,confirmed
REV0F1A9BAA2F05,L815FA2ABDABA,P001,2025-04-20 21:11:57 UTC,lead_sale,69.31,confirmed
REV325FF03B4572,L127E2302FFF0,P002,2025-02-13 13:03:50 UTC,lead_sale,76.63,confirmed
REV424150470509,L7873321CE908,P003,2025-06-15 09:48:09 UTC,lead_sale,78.61,confirmed
REV05D16B79E733,L02B77C11D792,P004,2025-02-02 08:18:38 UTC,lead_sale,92.29,confirmed
REV1C29B2062161,L76A29274E54F,P005,2025-04-21 17:21:03 UTC,lead_sale,98.78,confirmed
REV7A187B47A781,L1E6CD5DDDC27,P002,2025-01-04 12:19:30 UTC,lead_sale,68.98,confirmed
REVED1B5A05DB1D,LB31F324DCFC4,P002,2025-04-03 18:05:36 UTC,lead_sale,86.28,confirmed
REVCC2D6FC18CA7,L67999DD37BE9,P010,2025-05-30 11:36:46 UTC,lead_sale,74.39,confirmed
REVC5EA1BE93303,LB6DA315AB356,P010,2025-06-13 23:06:12 UTC,lead_sale,66.51,confirmed
REV8EC69B8F73CA,L57377E8BFA66,P006,2025-01-25 20:23:02 UTC,lead_sale,128.53,confirmed
REVCB21AD0B5905,L7C0B759D424E,P003,2025-01-23 19:41:31 UTC,lead_sale,70.5,confirmed
REV3ECC9E864FF3,L9285B2B5F7BA,P001,2025-03-15 20:57:30 UTC,lead_sale,68.89,confirmed
REV1AA40885F438,L1AC48A4C8532,P007,2025-03-03 18:41:55 UTC,lead_sale,137.11,confirmed
REVA4BF873EACB8,LA6431E378A18,P010,2025-02-10 07:56:02 UTC,lead_sale,67.9,confirmed
REVA6D629FB63F2,LFD8A4C153220,P010,2025-05-15 19:05:55 UTC,lead_sale,82.43,confirmed
REVE090314D75C4,L1B6A959D103F,P002,2025-01-10 22:49:25 UTC,lead_sale,82.28,confirmed
REVB2166484553C,L1255AEAF8DED,P002,2025-03-10 13:10:42 UTC,lead_sale,85.13,confirmed
REV852ED07529BA,L25C89147C176,P008,2025-03-25 15:35:35 UTC,lead_sale,90.99,confirmed
REVCC9AEFC6F516,LBC205A929C2F,P002,2025-06-06 20:43:27 UTC,lead_sale,82.87,confirmed
REVCB85A8CE16AC,L962EC8026A8A,P006,2025-04-26 22:36:36 UTC,lead_sale,110.56,confirmed
REV6E61B2D5C28D,LD9928F2FCD13,P009,2025-04-06 17:00:13 UTC,lead_sale,53.04,confirmed
REVF3BAEF694521,L6BD84476F8B0,P003,2025-06-30 10:21:44 UTC,lead_sale,62.0,confirmed
REV347C4F22770B,L6C3F4B5D62A5,P001,2025-06-07 14:02:57 UTC,lead_sale,76.59,confirmed
REVBC8FFAB83C16,L2102B85A1E1E,P003,2025-04-04 23:12:59 UTC,lead_sale,78.78,confirmed
REV834856193C54,LBFE22BE24667,P003,2025-01-12 22:18:28 UTC,lead_sale,63.92,confirmed
REV94185BB92753,L92CCEC867883,P006,2025-02-09 13:45:18 UTC,lead_sale,134.5,confirmed
REVA2D2FF81D724,L2B54D92A0095,P002,2025-02-12 20:18:15 UTC,lead_sale,79.46,confirmed
REVF13CBE38E977,LC241F54305AC,P003,2025-02-10 08:42:24 UTC,lead_sale,65.36,confirmed
REV750079379FB7,L982FF00BD1B1,P003,2025-05-01 21:18:12 UTC,lead_sale,65.01,confirmed
REV22EC78006654,LE6D390366343,P002,2025-01-09 15:53:21 UTC,lead_sale,83.69,confirmed
REV23EB168DE867,L7641E6AD9EF4,P010,2025-02-16 11:22:05 UTC,lead_sale,86.26,confirmed
REV89E10C58012E,L4E592C86304C,P003,2025-05-30 09:23:24 UTC,lead_sale,80.55,confirmed
REV33A1F10E9462,L0C0C36E16C6C,P010,2025-06-24 08:30:57 UTC,lead_sale,70.79,confirmed
REVE83804367DD1,L9191B7FCC75D,P009,2025-01-12 21:42:50 UTC,lead_sale,58.68,confirmed
REVB3C451908FFF,L03DE3633CDA8,P004,2025-02-10 15:19:10 UTC,lead_sale,101.84,confirmed
REV2608873C59A5,LB4265EAC562F,P006,2025-01-03 09:17:00 UTC,lead_sale,126.74,confirmed
REVA9A689EFCC0C,L145F71B231DF,P005,2025-05-17 12:23:52 UTC,lead_sale,98.77,confirmed
REV7658DD95541A,L297298C81312,P003,2025-01-08 18:35:32 UTC,lead_sale,73.07,confirmed
REV78B67BE4F2CA,L67F1D6DAD712,P006,2025-05-14 12:21:59 UTC,lead_sale,118.4,confirmed
REV8BE80C984C06,L2FD9B9AD4518,P010,2025-03-14 19:20:09 UTC,lead_sale,76.73,confirmed
REV9D2C5C5C2089,L7E52ECA1D29A,P009,2025-02-05 08:38:31 UTC,lead_sale,56.56,confirmed
REVC69F064616EC,LB882379F5EE5,P009,2025-01-28 13:05:06 UTC,lead_sale,61.46,confirmed
REV0F36B4B1F8B3,L045C75FAEF44,P009,2025-04-04 22:33:00 UTC,lead_sale,57.13,confirmed
REV508BD71548F6,LC529F34AF4EE,P001,2025-05-27 23:27:45 UTC,lead_sale,61.98,confirmed
REV68C5B3683C9E,L9FEC8BF02B96,P008,2025-05-08 19:18:55 UTC,lead_sale,76.84,confirmed
REVECF9CB57F152,L8F28D778EA61,P009,2025-01-28 08:49:23 UTC,lead_sale,56.37,confirmed
REVBAED80102C8B,L27F3671B6E1E,P005,2025-06-13 12:40:55 UTC,lead_sale,121.47,confirmed
REVF8FD21BE3146,LB265466D2160,P007,2025-03-26 23:11:57 UTC,lead_sale,122.86,confirmed
REV212AE6664922,L57296D3622DC,P010,2025-04-27 08:45:42 UTC,lead_sale,84.35,confirmed
REV2299936E0E43,LA599AC6169C8,P009,2025-03-19 10:53:10 UTC,lead_sale,65.17,confirmed
REV92C73001CBB3,LC45B0EEAC8D6,P002,2025-04-16 08:42:08 UTC,lead_sale,86.28,confirmed
REV5550142E4857,LB67B1FC2DF57,P010,2025-06-19 18:01:29 UTC,lead_sale,72.82,confirmed
REV64F893E9060E,L9CCA7B3E1D4C,P003,2025-04-20 12:42:48 UTC,lead_sale,61.63,confirmed
REVCC819BFC077E,LD57E8169A517,P009,2025-03-22 22:02:27 UTC,lead_sale,54.82,confirmed
REV574D55728668,L892B9D9DF6AD,P002,2025-03-15 12:19:54 UTC,lead_sale,72.29,confirmed
REV2C433609833D,L0A5CDD3F986C,P007,2025-02-26 10:17:32 UTC,lead_sale,118.85,confirmed
REVD63C8BC03DD3,LA503B80B724B,P005,2025-01-09 10:07:15 UTC,lead_sale,101.18,confirmed
REV4DF1433A8C1C,L452E040202A4,P004,2025-04-02 11:45:27 UTC,lead_sale,104.59,confirmed
REV4526EA0093BC,LB4150785C30D,P003,2025-04-29 13:30:49 UTC,lead_sale,68.92,confirmed
REV8DA3FFD380F4,L490C318F4D1E,P001,2025-03-03 08:59:10 UTC,lead_sale,59.66,confirmed
REV2DBF35F5183E,LBB4EED9607BE,P008,2025-03-24 20:24:26 UTC,lead_sale,72.29,confirmed
REVDCC1FCF5A76F,L98B77EB09DAC,P006,2025-06-11 19:02:19 UTC,lead_sale,115.63,confirmed
REV4B3C23B29536,LB0BB507766F6,P010,2025-05-25 16:53:54 UTC,lead_sale,68.19,confirmed
REVE62E2A24DD93,LC791FEE2D0BE,P002,2025-01-30 08:20:39 UTC,lead_sale,85.44,confirmed
REVC08C61C446FB,L9BFEC8A83EDC,P006,2025-02-14 16:04:07 UTC,lead_sale,112.0,confirmed
REV2565BE5E4C72,LDDEC67BCD01C,P002,2025-01-08 15:00:02 UTC,lead_sale,77.98,confirmed
REVB47BD8DD3558,LAA55A883A28B,P001,2025-03-14 11:20:46 UTC,lead_sale,60.51,confirmed
REV0A223290DC4D,L84CDFD89D8DD,P010,2025-03-25 19:38:32 UTC,lead_sale,68.48,confirmed
REV5533D0151001,L864C454E52A1,P003,2025-04-25 14:55:10 UTC,lead_sale,61.64,confirmed
REV1D199FCE5E18,LF04F5EAC998E,P010,2025-03-21 08:50:37 UTC,lead_sale,74.75,confirmed
REVBC87827961A3,L47A0696488A3,P003,2025-05-14 15:20:45 UTC,lead_sale,80.18,confirmed
REV217089F6267B,L9C7818660CC5,P010,2025-03-22 20:11:37 UTC,lead_sale,75.51,confirmed
REVC2069C8C5F8C,L3D1DE82743D0,P010,2025-06-12 13:07:34 UTC,lead_sale,76.46,confirmed
REVA5B561C8E307,LEF02E9D1CE95,P003,2025-06-09 21:39:32 UTC,lead_sale,73.77,confirmed
REV5669640F11D9,LD940401A0F84,P003,2025-01-03 10:38:31 UTC,lead_sale,66.72,confirmed
REV7B85887268DC,LE2F245B6831A,P003,2025-04-02 09:09:13 UTC,lead_sale,81.02,confirmed
REV2EDD037BEE94,L6E44CD5A6305,P003,2025-04-02 20:55:55 UTC,lead_sale,75.36,confirmed
REV56475F0BE792,LB879DD9985F3,P002,2025-03-14 21:16:38 UTC,lead_sale,83.81,confirmed
REVA56163C932AE,LF007309D0ADE,P003,2025-04-04 20:10:40 UTC,lead_sale,62.4,confirmed
REV9D518B1678FA,L5A6849137C23,P006,2025-05-24 14:32:54 UTC,lead_sale,128.84,confirmed
REVFC2AAF7203A0,L168BA8824078,P002,2025-03-14 16:20:56 UTC,lead_sale,72.62,confirmed
REV57D20905299B,L74DF4A6F3F5B,P010,2025-04-05 09:43:12 UTC,lead_sale,76.91,confirmed
REVE6AF7BF39F03,LAF38C41BEEAC,P002,2025-01-22 13:59:26 UTC,lead_sale,87.28,confirmed
REV2D177D13F5FF,L02915FDF25D1,P002,2025-04-08 21:27:35 UTC,lead_sale,87.09,confirmed
REV2EA3C8098A7E,L2E879197F5F1,P010,2025-03-08 07:43:48 UTC,lead_sale,83.86,confirmed
REV0BC804D1A499,L087974097AFB,P009,2025-02-11 15:46:33 UTC,lead_sale,55.14,confirmed
REVBE8D32C6583A,LF13894B1BA77,P004,2025-06-08 09:21:06 UTC,lead_sale,110.1,confirmed
REVC96BD8C36989,L3F222A7A198B,P002,2025-04-29 14:45:22 UTC,lead_sale,74.1,confirmed
REV8D4D33EC2F66,L76D82C1D8E88,P010,2025-04-08 19:42:50 UTC,lead_sale,68.78,confirmed
REVA4B88ADF7EE4,LF8620A226B36,P005,2025-05-08 21:26:31 UTC,lead_sale,105.66,confirmed
REV48B0768FA23D,LFF6D7B827CE9,P002,2025-06-28 17:51:34 UTC,lead_sale,68.22,confirmed
REV7F4E8FC65CE3,L2BDE0ECF8832,P010,2025-05-03 13:53:39 UTC,lead_sale,78.02,confirmed
REV306D270C1314,LC9CB1D63FA28,P001,2025-02-07 21:40:54 UTC,lead_sale,63.16,confirmed
REV91B02A9F4E1D,LB54CCFC712ED,P008,2025-02-06 08:12:52 UTC,lead_sale,74.22,confirmed
REV383E39076E3E,LA90D45BC7CF3,P001,2025-06-03 11:12:08 UTC,lead_sale,74.7,confirmed
REV1EAB859D1824,LC3498709CFC1,P001,2025-01-11 13:49:57 UTC,lead_sale,64.6,confirmed
REVF7E06F98C7D7,LD27F536C2611,P010,2025-01-02 19:05:15 UTC,lead_sale,65.93,confirmed
REV24C31B8067C5,LB6FB699AC8E6,P007,2025-04-17 14:36:53 UTC,lead_sale,146.33,confirmed
REV56256BDA267F,LFAD4168019A8,P002,2025-04-15 11:18:37 UTC,lead_sale,74.06,confirmed
REV90B08DD15F6E,LA29E2ED9E03E,P003,2025-03-20 15:59:32 UTC,lead_sale,71.49,confirmed
REV80E262E6D6C1,L53543463AFDA,P010,2025-01-26 14:48:43 UTC,lead_sale,67.5,confirmed
REV0184A5052463,L1D9B6C457244,P008,2025-01-27 18:36:08 UTC,lead_sale,82.95,confirmed
REV8B8175CB483F,L0376D79B824E,P010,2025-05-17 07:28:55 UTC,lead_sale,74.99,confirmed
REV2BE907BEE7D2,LF3A1D2B03232,P010,2025-04-26 16:42:58 UTC,lead_sale,69.66,confirmed
REVDB64F71734D9,LB1D22DB1D523,P003,2025-06-03 09:10:37 UTC,lead_sale,79.22,confirmed
REV54F40D908192,LDF82978D7EF3,P010,2025-01-08 12:29:18 UTC,lead_sale,68.69,confirmed
REV569D4233B22C,L905E096A2331,P003,2025-01-30 21:19:33 UTC,lead_sale,69.8,confirmed
REV25D66FC49380,L96525BCD7CDC,P006,2025-01-19 16:10:29 UTC,lead_sale,121.97,confirmed
REVB2C8778A30F7,L544A15EC0A5C,P001,2025-04-07 18:12:06 UTC,lead_sale,74.84,confirmed
REV99759B650004,L5EE4572C2854,P002,2025-02-19 15:14:47 UTC,lead_sale,86.19,confirmed
REV30A99DAAD023,L00D53D67BD28,P005,2025-05-17 22:31:25 UTC,lead_sale,114.56,confirmed
REVE1AEAE5998EA,L149B9D6ADB78,P005,2025-04-05 21:53:20 UTC,lead_sale,123.74,confirmed
REVA5523A4F8B9A,LD4F2F5293C8A,P007,2025-01-05 18:01:11 UTC,lead_sale,130.92,confirmed
REVA2857F0058AA,L5FDE92709249,P003,2025-02-22 19:45:05 UTC,lead_sale,61.51,confirmed
REV69903AEAACFE,L741270808503,P002,2025-01-15 12:40:35 UTC,lead_sale,88.74,confirmed
REV5E3518CD0425,LE331CD27B36A,P002,2025-06-30 17:14:17 UTC,lead_sale,76.49,confirmed
REV947F0A6D25B1,LB5AC95FE2D5D,P010,2025-05-10 13:47:51 UTC,lead_sale,82.3,confirmed
REV4DE6FC5328D5,L1F9D7AB0D6B2,P010,2025-03-31 19:47:47 UTC,lead_sale,67.21,confirmed
REV8E67B94C02B4,LFA93812CEFE9,P002,2025-06-27 17:09:59 UTC,lead_sale,87.1,confirmed
REVC37746DFF759,LD8D55DBF5C54,P010,2025-01-28 17:21:43 UTC,lead_sale,83.79,confirmed
REVAD06E55A9C6E,L8DF48C8791B1,P008,2025-02-06 15:05:34 UTC,lead_sale,86.45,confirmed
REVDDFA97E5822A,LD49CE622624D,P003,2025-06-26 22:30:03 UTC,lead_sale,80.32,confirmed
REV41AE5BF0DF5C,L3F065A73720D,P005,2025-05-06 19:34:18 UTC,lead_sale,124.33,confirmed
REV009BD078D1A7,L255BB94C284E,P005,2025-03-18 08:57:23 UTC,lead_sale,95.26,confirmed
REV1AE22347062D,L3C6A9D97A602,P010,2025-01-29 16:23:00 UTC,lead_sale,84.9,confirmed
REV94FCD1A96B1F,L28971344B9F7,P001,2025-02-19 13:59:46 UTC,lead_sale,64.15,confirmed
REVAE7DCC854723,LD033AD7A10D8,P003,2025-05-14 11:52:37 UTC,lead_sale,62.54,confirmed
REV3D96712CAFF7,L51E2BA11FA7D,P010,2025-06-22 21:20:20 UTC,lead_sale,85.24,confirmed
REV0D7B857E9EB3,L6630A5919294,P010,2025-01-26 11:29:10 UTC,lead_sale,79.01,confirmed
REV2876243989BB,L9D3537F0C5D2,P009,2025-05-15 14:40:16 UTC,lead_sale,58.09,confirmed
REV806151FBFE4E,L17F3BB697F6A,P009,2025-03-01 21:20:11 UTC,lead_sale,57.19,confirmed
REV1832D23DCBBD,L273FEBC356BC,P009,2025-04-16 12:33:07 UTC,lead_sale,65.93,confirmed
REVD041F38AA9AE,LEF63E20CDBF6,P005,2025-01-27 14:52:41 UTC,lead_sale,122.84,confirmed
REV7ABA37C11AC6,LB87AB1A67F15,P002,2025-01-10 14:55:11 UTC,lead_sale,80.14,confirmed
REV67736F1751AD,LFF42AD41CBCD,P002,2025-05-03 14:46:02 UTC,lead_sale,69.46,confirmed
REV7FBF23E0EFFB,L350DC95DEB70,P003,2025-03-28 18:34:06 UTC,lead_sale,78.93,confirmed
REVBE8DA3CC1172,L054F2A2BB373,P002,2025-06-17 16:39:57 UTC,lead_sale,71.52,confirmed
REV0023D22DC586,L46BD19E5083E,P003,2025-01-25 20:18:12 UTC,lead_sale,72.73,confirmed
REV95F26E0F7A4D,LD5184EA0DFF2,P002,2025-04-04 10:59:42 UTC,lead_sale,73.77,confirmed
REVE99CB7E1CED1,L7D9B329570A9,P009,2025-01-10 14:19:01 UTC,lead_sale,65.27,confirmed
REVC9BA412938DB,LA808DDFB2705,P009,2025-01-02 23:37:04 UTC,lead_sale,64.63,confirmed
REV47274F1FEAF8,L63E44D863FBB,P003,2025-06-15 16:16:13 UTC,lead_sale,67.73,confirmed
REVBE920C2AB8F8,L498B2CBEDC7D,P001,2025-04-01 13:42:30 UTC,lead_sale,65.69,confirmed
REVA5A9497BA5F1,LCD8C5AA4D5E4,P003,2025-01-05 09:51:08 UTC,lead_sale,69.98,confirmed
REVE953073BAA94,LDB9C8650DA60,P002,2025-04-22 10:59:05 UTC,lead_sale,84.92,confirmed
REVD114DF9BCBDF,L15592CFA7139,P010,2025-03-30 19:35:02 UTC,lead_sale,82.96,confirmed
REV1C8520DFE86B,L129D0B264F1F,P001,2025-06-04 12:46:53 UTC,lead_sale,76.33,confirmed
REVF7E96C2ED30B,L0A964C08566B,P002,2025-05-29 18:47:24 UTC,lead_sale,80.88,confirmed
REVA87F11EF267A,L9709833DB724,P010,2025-03-01 23:42:54 UTC,lead_sale,85.98,confirmed
REV939184E6B792,L349E5F52AA41,P003,2025-05-01 15:44:39 UTC,lead_sale,65.27,confirmed
REV43A3884A620A,L147C1EE697F9,P010,2025-06-03 20:21:11 UTC,lead_sale,74.95,confirmed
REV756670A1C11A,LD5A2CB357513,P007,2025-04-20 20:16:09 UTC,lead_sale,150.39,confirmed
REVCBE3693E5124,LCB5CE370DCC2,P004,2025-05-12 17:39:52 UTC,lead_sale,95.57,confirmed
REVCD4878AED227,L94D878ABEAA7,P002,2025-06-19 07:53:20 UTC,lead_sale,72.24,confirmed
REVF74977046CD1,LFA60BD2E6442,P009,2025-02-11 08:25:25 UTC,lead_sale,68.41,confirmed
REV5FFFDADCF6DE,L28643874973F,P010,2025-01-16 22:34:45 UTC,lead_sale,73.0,confirmed
REV20FE608CD5BF,LB3D7148D8360,P003,2025-06-30 19:41:54 UTC,lead_sale,79.36,confirmed
REV350E6FB44D2A,LC89A00FF7A02,P008,2025-01-09 11:09:35 UTC,lead_sale,80.86,confirmed
REV987E04CADFC8,L05B3835E3F21,P010,2025-04-02 17:44:48 UTC,lead_sale,76.47,confirmed
REVF76A500FDEA4,L271708C3B551,P002,2025-01-14 09:18:50 UTC,lead_sale,69.3,confirmed
REVBDAD7B56CF98,L538ACDD39451,P003,2025-05-29 07:33:31 UTC,lead_sale,62.44,confirmed
REV571A87C27BCF,L180ACB4A77AC,P005,2025-02-22 18:06:56 UTC,lead_sale,98.01,confirmed
REV7609A5E3FEBA,L07FE9AEF20D7,P010,2025-05-04 13:09:09 UTC,lead_sale,83.56,confirmed
REV4220F4BCF3CE,LD6820E350103,P010,2025-02-11 10:43:30 UTC,lead_sale,74.7,confirmed
REV836994D20A4D,L202A2F294BB8,P004,2025-02-05 19:46:37 UTC,lead_sale,85.9,confirmed
REV2CDD09DE7F88,L3CC61AECE171,P002,2025-05-24 08:38:46 UTC,lead_sale,85.11,confirmed
REV640D2DFD6E26,L3E753DE4ABE2,P009,2025-01-22 19:38:22 UTC,lead_sale,69.38,confirmed
REV9FD6C79874F6,L12F294F559CD,P005,2025-01-09 23:28:07 UTC,lead_sale,107.04,confirmed
REVA735A5CF6338,L0AC9EDC5EDDA,P005,2025-02-02 09:50:19 UTC,lead_sale,122.59,confirmed
REV4E1A661228FB,L39A8CAC2B1DD,P003,2025-04-11 16:12:28 UTC,lead_sale,79.05,confirmed
REVDD48824D5B24,L12022392B908,P002,2025-01-19 12:11:19 UTC,lead_sale,83.6,confirmed
REV416F814C7CDB,LA062DAA874DB,P003,2025-02-16 18:38:49 UTC,lead_sale,68.36,confirmed
REVB26F0BC1F006,L4B49A92E1829,P003,2025-01-22 14:15:52 UTC,lead_sale,70.17,confirmed
REV6C37B651132B,L87E03CC5780E,P002,2025-06-23 19:38:02 UTC,lead_sale,77.01,confirmed
REV3C7454985A4A,LB9953F922E10,P010,2025-06-16 11:16:21 UTC,lead_sale,70.33,confirmed
REV971C2C271A1F,L01775C802D68,P005,2025-04-20 13:31:57 UTC,lead_sale,106.14,confirmed
REV3A7BD3D8B7AF,L7F9AD8BD0F44,P001,2025-01-07 14:26:42 UTC,lead_sale,73.75,confirmed
REV6C721E71A5F2,L15613A714336,P002,2025-01-29 16:50:00 UTC,lead_sale,72.44,confirmed
REV722286399719,L68C6D5F9C5DE,P003,2025-01-10 11:46:38 UTC,lead_sale,75.73,confirmed
REVF353C699E8F3,L3CE7366FAB30,P007,2025-05-03 21:39:25 UTC,lead_sale,122.5,confirmed
REVF835BDB6D841,LFCFCF8451740,P002,2025-04-23 20:10:28 UTC,lead_sale,72.99,confirmed
REVA6A1CBA0AD58,L3750684DA48D,P009,2025-06-18 19:51:24 UTC,lead_sale,68.76,confirmed
REVA7428331FEE5,LB55FEE7D2913,P010,2025-04-30 09:46:51 UTC,lead_sale,78.39,confirmed
REVB1D688383D70,LD51FE67A89F6,P010,2025-06-08 22:23:47 UTC,lead_sale,67.57,confirmed
REV22849E2B2DF4,L680B5D3E4A3D,P010,2025-02-03 10:55:26 UTC,lead_sale,82.14,confirmed
REVAC1AD2400877,L06AD3219F610,P010,2025-06-29 14:00:55 UTC,lead_sale,71.95,confirmed
REV433879395665,L2895723B98FC,P006,2025-04-19 14:41:02 UTC,lead_sale,128.58,confirmed
REV90DE88E3E43F,LA9CEDC3829C6,P010,2025-05-10 09:40:11 UTC,lead_sale,80.97,confirmed
REV49572E513FFA,LF912EAD44B20,P002,2025-02-26 20:20:29 UTC,lead_sale,84.72,confirmed
REVBA8F5FE873AF,L237329D0BC36,P010,2025-03-06 22:17:18 UTC,lead_sale,84.67,confirmed
REV3BDF061F90FB,LDFE905AA9E0E,P001,2025-03-26 09:05:47 UTC,lead_sale,62.79,confirmed
REV19118EB4634A,L0C671C8A7995,P002,2025-06-06 16:50:32 UTC,lead_sale,74.66,confirmed
REV2E1E1C737A5E,L2F53DDC65027,P010,2025-04-02 18:58:46 UTC,lead_sale,69.33,confirmed
REVB9756875C676,LE7B4D039B965,P009,2025-05-21 15:30:52 UTC,lead_sale,65.93,confirmed
REV1DA42C7ADE3C,L68C2ED973872,P002,2025-03-01 13:50:40 UTC,lead_sale,89.38,confirmed
REVE72A26719AF3,LF0795119A82C,P009,2025-04-21 08:31:45 UTC,lead_sale,58.51,confirmed
REVC0E2B58D82CD,L643592DFBC96,P001,2025-02-06 18:32:25 UTC,lead_sale,65.02,confirmed
REV57D51C4C807B,LFC2A5858400C,P010,2025-02-26 13:08:51 UTC,lead_sale,74.22,confirmed
REV62A2439D06AC,LAA34A5ACF9BD,P005,2025-03-29 15:56:11 UTC,lead_sale,121.94,confirmed
REV8CA647B46820,L91D552DA70E7,P002,2025-05-06 20:47:38 UTC,lead_sale,71.71,confirmed
REV07B8E529D3CA,L761816269140,P010,2025-05-07 16:19:45 UTC,lead_sale,73.48,confirmed
REV4086DD111CE9,L8ABE2125EC84,P010,2025-03-10 18:07:38 UTC,lead_sale,73.13,confirmed
REV085BC87D3FBF,LDE7E9783FCDA,P010,2025-01-24 11:30:03 UTC,lead_sale,68.77,confirmed
REVB46908553134,LEF91B84467AD,P009,2025-04-27 11:53:36 UTC,lead_sale,57.82,confirmed
REVAF972B5220F7,LE10824F94F89,P010,2025-03-21 15:05:03 UTC,lead_sale,78.75,confirmed
REV870E477F0713,L605047C60CE6,P003,2025-06-29 13:00:38 UTC,lead_sale,71.7,confirmed
REV64E4C820DAB2,L5F7A043995A3,P010,2025-01-15 21:22:34 UTC,lead_sale,86.29,confirmed
REV6A4820491C67,L14B5AEC0D55D,P002,2025-06-13 14:45:08 UTC,lead_sale,73.47,confirmed
REV799A4C4A8840,L7CBB6976DC07,P007,2025-01-21 08:26:24 UTC,lead_sale,145.04,confirmed
REV4815D2A93035,LCD286F725211,P010,2025-04-24 18:42:17 UTC,lead_sale,75.13,confirmed
REV7CF8C4C768B3,L6953502FDBA6,P010,2025-03-14 13:14:42 UTC,lead_sale,67.64,confirmed
REV3BAC0E376A70,L2E8CCC9F2434,P009,2025-04-30 21:07:45 UTC,lead_sale,67.6,confirmed
REVDD959D176378,L8A5824FECBB1,P002,2025-05-18 09:05:56 UTC,lead_sale,79.86,confirmed
REV3CFDBADE3D4C,LF9AF47C7590D,P010,2025-02-02 13:57:03 UTC,lead_sale,65.28,confirmed
REVCB8D3C0D941B,LDD22A913B344,P002,2025-03-12 11:55:24 UTC,lead_sale,76.2,confirmed
REVEB9C24901C29,L60BC7538CB76,P008,2025-04-11 23:22:07 UTC,lead_sale,74.7,confirmed
REVA68D59DE0095,LB65EB4B8C131,P003,2025-06-02 13:20:16 UTC,lead_sale,80.01,confirmed
REV7A8D451AD69E,LCB97965D9DC3,P010,2025-01-01 20:24:36 UTC,lead_sale,72.75,confirmed
REVF0F293317B41,LB7398929C1B5,P003,2025-02-05 18:20:01 UTC,lead_sale,75.2,confirmed
REVDD3610501A30,L390CFF87E375,P010,2025-01-04 17:24:54 UTC,lead_sale,69.35,confirmed
REVF993F70EE01A,LCE2ADBB1B402,P001,2025-06-16 12:26:09 UTC,lead_sale,61.29,confirmed
REV2C720B55FEA1,LE61856239AD0,P001,2025-01-30 23:14:59 UTC,lead_sale,69.35,confirmed
REVAA1B2DCFDCDF,L505E2BC3DE7B,P001,2025-05-27 17:19:59 UTC,lead_sale,77.61,confirmed
REV728AF22472C8,LE2A2D5D945C2,P002,2025-03-01 13:49:02 UTC,lead_sale,73.59,confirmed
REVD6BA826DC171,LAADC12BFF95F,P007,2025-05-21 14:24:01 UTC,lead_sale,152.72,confirmed
REV7C143D4ACD3D,L5DFAB8D46DC4,P009,2025-06-01 16:27:05 UTC,lead_sale,53.07,confirmed
REVF643FA9DAD1B,L8877CEA8F108,P004,2025-04-05 19:19:40 UTC,lead_sale,102.21,confirmed
REVBAB9D0EED0A4,LCE82C14C1490,P009,2025-01-14 13:58:05 UTC,lead_sale,63.66,confirmed
REV308B29B4D637,LD26D20B92F81,P010,2025-02-27 18:43:16 UTC,lead_sale,69.76,confirmed
REV91A6380D1607,LBAC4F5174C94,P005,2025-03-23 08:33:22 UTC,lead_sale,121.9,confirmed
REVD59C75B35FCE,L60DD1413FC3D,P010,2025-01-09 12:02:35 UTC,lead_sale,79.77,confirmed
REV3E44A61CF749,L1FC0DBAC81DB,P002,2025-05-02 11:45:57 UTC,lead_sale,84.87,confirmed
REVCE4F57000D4C,L086C7A2FE988,P002,2025-05-01 12:41:14 UTC,lead_sale,79.43,confirmed
REVFFBD8E67AC95,LB98EDC112CDE,P004,2025-04-12 08:19:32 UTC,lead_sale,86.29,confirmed
REV86DCBA69EA11,LAC3FC04E8A03,P010,2025-03-21 21:31:06 UTC,lead_sale,72.0,confirmed
REV691550B0A726,L9ECF62AD497B,P003,2025-01-28 19:53:29 UTC,lead_sale,70.98,confirmed
REV49CC9BB7DDC1,L39092557BEFC,P001,2025-06-07 10:32:15 UTC,lead_sale,64.76,confirmed
REVDED27723D366,L41958A35EB18,P010,2025-02-19 09:02:32 UTC,lead_sale,82.96,confirmed
REVE85FFE8AE712,LC58F7D3F58BC,P004,2025-01-25 20:40:26 UTC,lead_sale,100.46,confirmed
REVD49DF3C5ACB3,LEC988F438C1C,P003,2025-05-05 11:53:49 UTC,lead_sale,79.24,confirmed
REVE591BD234430,L7ABE2836875D,P006,2025-06-27 23:03:18 UTC,lead_sale,125.66,confirmed
REV184F7493BFBE,L586E21C2CB36,P010,2025-01-25 10:04:51 UTC,lead_sale,64.89,confirmed
REV8B16CF4335A8,LDDD0A0D4D8BF,P002,2025-04-23 18:22:43 UTC,lead_sale,74.63,confirmed
REVFA9ED4BBE0C0,L2A288CC0E808,P006,2025-06-29 16:27:21 UTC,lead_sale,136.67,confirmed
REV22762E0FFFD1,L05EE85BFD2E5,P010,2025-06-29 14:08:32 UTC,lead_sale,77.73,confirmed
REV9AE864A50315,L94A156F3DDB9,P003,2025-04-02 13:03:00 UTC,lead_sale,62.51,confirmed
REVE076DD4C64DD,L5C7801682099,P002,2025-06-19 18:26:49 UTC,lead_sale,83.48,confirmed
REVC32730173D65,LC6B9DEFA2A55,P002,2025-03-20 22:59:51 UTC,lead_sale,83.54,confirmed
REVD7CB4DD493A2,L8B7C314AB959,P008,2025-03-27 22:05:34 UTC,lead_sale,71.87,confirmed
REVBD4F403988F2,L9FC7ACED5434,P010,2025-06-04 14:19:38 UTC,lead_sale,71.33,confirmed
REV7DA54315783F,LDDE7B18EBBF0,P010,2025-06-22 15:51:07 UTC,lead_sale,81.78,confirmed
REV04DC20DD43D9,L84EDAC40FC7C,P009,2025-03-22 10:47:48 UTC,lead_sale,68.36,confirmed
REV793506D1A56B,LAB5CB5B1DC3F,P006,2025-03-03 15:03:21 UTC,lead_sale,138.49,confirmed
REV228AEE817564,L845DB856B503,P005,2025-03-06 11:08:36 UTC,lead_sale,95.93,confirmed
REVCFC62D6F0330,L9FC7E0F33FB4,P003,2025-05-12 07:55:18 UTC,lead_sale,62.1,confirmed
REV763F47F2541C,L4916C0CA22AE,P005,2025-05-15 20:52:39 UTC,lead_sale,112.2,confirmed
REV06C2B626DD4B,L3F2D57DB8D38,P008,2025-03-17 11:22:00 UTC,lead_sale,72.58,confirmed
REV99EBF7149235,LB0056A7F3C63,P002,2025-02-17 13:35:28 UTC,lead_sale,68.35,confirmed
REV1CD4EAE2880D,L38A79BC3BD3B,P002,2025-04-27 16:45:50 UTC,lead_sale,69.28,confirmed
REV0E8F924E1F4D,LB91DBEE37C3B,P001,2025-02-26 13:05:37 UTC,lead_sale,61.2,confirmed
REVA8881B64CC23,LEC93065FC969,P002,2025-03-30 12:32:49 UTC,lead_sale,82.65,confirmed
REV8E7843CF5A65,L632C28BCEBED,P002,2025-05-24 19:21:41 UTC,lead_sale,79.76,confirmed
REVF671E3A5CFC5,L55B455F9D2FA,P002,2025-06-16 11:21:41 UTC,lead_sale,86.73,confirmed
REV3D103ABA3D39,L8F7E6C1554DE,P001,2025-04-01 18:20:43 UTC,lead_sale,62.93,confirmed
REVF74C64A55E5F,LF6388183BB07,P008,2025-05-31 23:55:29 UTC,lead_sale,78.38,confirmed
REVC39F51000C98,LFD7B3F0AD706,P003,2025-05-22 11:28:02 UTC,lead_sale,63.87,confirmed
REVD16C65BABEED,LEA55D81C6625,P008,2025-06-02 20:35:05 UTC,lead_sale,75.49,confirmed
REVB338C471EC8A,L40C36ADDE1DA,P001,2025-02-02 13:25:31 UTC,lead_sale,60.16,confirmed
REV216F07BE52FB,L5F300D70FCDA,P010,2025-03-11 13:25:19 UTC,lead_sale,82.64,confirmed
REVF164665BC02E,L264DF0D32684,P009,2025-01-13 08:26:15 UTC,lead_sale,56.69,confirmed
REV3A6ADAA31D15,LAA864762C5C7,P010,2025-02-18 13:30:59 UTC,lead_sale,72.16,confirmed
REVCE10C29A9501,L7E1AAD118E74,P008,2025-04-11 20:06:01 UTC,lead_sale,70.94,confirmed
REVEE0DDCF4FC58,LCD0433BC94BB,P009,2025-03-26 17:30:48 UTC,lead_sale,55.95,confirmed
REV843FE57A570C,LDFEF46786176,P003,2025-05-26 09:13:59 UTC,lead_sale,76.56,confirmed
REV5C028A9FB739,LEB16D555D1F7,P009,2025-01-23 21:01:03 UTC,lead_sale,53.87,confirmed
REV05B03F2944C4,L4B7B4E77E6BF,P010,2025-02-11 11:55:23 UTC,lead_sale,83.21,confirmed
REVD35829BF22B5,LA91AB3D3CD0A,P008,2025-03-31 18:47:25 UTC,lead_sale,79.61,confirmed
REV87B2B249468E,LFCFE94F6725F,P002,2025-05-08 08:33:16 UTC,lead_sale,80.45,confirmed
REV5C647DCBEBCF,L83D79D5A3825,P001,2025-04-09 17:41:04 UTC,lead_sale,71.23,confirmed
REV9D3E90FD271D,L0474528D8661,P003,2025-01-08 20:28:32 UTC,lead_sale,69.71,confirmed
REVB97B3536905C,LD5D23295717E,P002,2025-02-07 12:59:17 UTC,lead_sale,82.62,confirmed
REV591E43888F1F,LE07AF0EC32A2,P010,2025-06-20 19:30:29 UTC,lead_sale,70.32,confirmed
REV48100A6C91CE,L09C6E378DF63,P001,2025-03-31 20:00:26 UTC,lead_sale,72.98,confirmed
REVA9E734640156,L44A07F6963FE,P005,2025-01-10 14:05:23 UTC,lead_sale,121.36,confirmed
REV9FB6C04CC337,LB487AAB7B1F7,P005,2025-06-11 09:12:06 UTC,lead_sale,115.77,confirmed
REV79992A1EA993,L69534132E93F,P003,2025-06-08 20:20:00 UTC,lead_sale,81.18,confirmed
REV0E2453EB557B,LBF19B680C806,P003,2025-04-19 11:02:04 UTC,lead_sale,69.7,confirmed
REV9F1E9CF9F5EF,L115A60909111,P009,2025-04-22 16:05:32 UTC,lead_sale,66.53,confirmed
REV58E4A3AFE636,LFD67CCAED9E8,P002,2025-02-24 20:25:22 UTC,lead_sale,75.01,confirmed
REV986322FD3430,LAF122844D742,P010,2025-05-07 11:29:35 UTC,lead_sale,85.61,confirmed
REVFEAB3AFBA86D,L2CA988B17B6E,P002,2025-02-13 13:02:51 UTC,lead_sale,79.99,confirmed
REV0D5456C5CEC9,L260E1523D72F,P005,2025-04-18 23:05:27 UTC,lead_sale,125.06,confirmed
REV60ADD2016827,LA7CEE68AACAE,P010,2025-04-01 22:16:39 UTC,lead_sale,75.11,confirmed
REV04753F877A9D,LAA58A64F148A,P003,2025-06-26 17:48:12 UTC,lead_sale,76.77,confirmed
REV504B12003477,LC2C6F17A8189,P007,2025-03-30 16:23:11 UTC,lead_sale,122.09,confirmed
REVE79B00AD9C43,L0A347166F6D2,P010,2025-03-30 09:26:43 UTC,lead_sale,83.09,confirmed
REVC88C0271F7F7,LE3AF17D97459,P009,2025-05-03 17:01:09 UTC,lead_sale,64.66,confirmed
REV921817FF7101,LF2EE4FBDE233,P003,2025-01-21 09:34:51 UTC,lead_sale,61.43,confirmed
REV0FD185ECD195,LC86479C40DC8,P002,2025-03-07 15:20:16 UTC,lead_sale,69.7,confirmed
REV52D6BE9744D2,L9A6C60D11286,P002,2025-01-31 23:37:12 UTC,lead_sale,79.15,confirmed
REV4ABB7C1FD5BE,LC88C3FA14CA2,P008,2025-04-10 23:50:59 UTC,lead_sale,77.63,confirmed
REVCAC157A9110F,L7B5244D2D553,P010,2025-04-22 16:23:33 UTC,lead_sale,72.03,confirmed
REV91AF967779F0,L6A2C6428E4AA,P010,2025-03-01 12:13:08 UTC,lead_sale,84.3,confirmed
REV0C7E370BA963,L44F0D04507B7,P002,2025-05-12 20:42:07 UTC,lead_sale,74.33,confirmed
REVEEFD69D0F1BB,LFAC02E7B5A0F,P010,2025-04-10 13:25:51 UTC,lead_sale,67.31,confirmed
REV500E6CC81D16,LE64646E5D001,P002,2025-05-26 15:31:38 UTC,lead_sale,80.13,confirmed
REV73C9C24BB044,LF9EE7149E551,P002,2025-04-26 00:06:11 UTC,lead_sale,88.35,confirmed
REV35FE6C00360C,L693DBC349A90,P009,2025-06-04 16:07:28 UTC,lead_sale,52.42,confirmed
REVFD05F7CBA53E,LD5728CE7CACE,P001,2025-06-19 23:29:58 UTC,lead_sale,71.36,confirmed
REVCC2B642BD82C,LE803700060BB,P008,2025-04-01 15:26:28 UTC,lead_sale,87.58,confirmed
REV8D1536B84D6E,L4EB440A7F521,P001,2025-03-11 16:41:23 UTC,lead_sale,71.38,confirmed
REVF34871755E32,L80DA8382B531,P001,2025-06-24 08:11:32 UTC,lead_sale,65.48,confirmed
REVCE44DCF57CA8,LEE0BA47EBAB1,P003,2025-02-14 12:32:09 UTC,lead_sale,65.37,confirmed
REV3736B2846036,L82EB483895BE,P001,2025-05-25 14:25:21 UTC,lead_sale,76.15,confirmed
REVD256D74A955F,L5EAFBC8E02FC,P002,2025-03-30 13:42:53 UTC,lead_sale,78.28,confirmed
REVF064F90FF500,L2FDDE56D4832,P001,2025-01-01 22:52:28 UTC,lead_sale,60.36,confirmed
REV0520594D4776,LF5386E0F4D0B,P010,2025-06-30 19:56:39 UTC,lead_sale,79.64,confirmed
REV9277D80EA8C1,L781EFE879291,P008,2025-01-05 09:41:43 UTC,lead_sale,79.56,confirmed
REV0B471B4C7903,LB4104A59D175,P001,2025-01-05 19:54:00 UTC,lead_sale,77.2,confirmed
REV72D5486588FE,L80FA21D360A2,P005,2025-01-23 21:04:22 UTC,lead_sale,122.85,confirmed
REVB9776A56BDBC,L3004B548338F,P002,2025-05-13 10:02:48 UTC,lead_sale,89.06,confirmed
REVCD7F8475E80F,L87C26D34B239,P009,2025-02-12 17:34:51 UTC,lead_sale,52.57,confirmed
REV2E0929E7C09C,LF50DB31CDC51,P003,2025-05-11 23:27:57 UTC,lead_sale,68.25,confirmed
REV9632664A161F,LA4B932545EE5,P002,2025-04-23 08:21:20 UTC,lead_sale,75.89,confirmed
REV384E0DBE01E8,L8E672A3BA282,P009,2025-06-01 20:10:43 UTC,lead_sale,61.8,confirmed
REV58F232797476,LFC142D0762F9,P001,2025-01-02 07:46:05 UTC,lead_sale,62.03,confirmed
REV53B9DFD57B44,L1C8D9AC0A173,P007,2025-02-20 17:40:59 UTC,lead_sale,125.05,confirmed
REVED524CA1AC45,LE461890CD0D0,P001,2025-01-26 08:48:57 UTC,lead_sale,74.09,confirmed
REV4AD9D0B3A027,LD6EEAD198230,P010,2025-04-28 23:09:16 UTC,lead_sale,70.87,confirmed
REV7A4FAF86A1E7,L80F715BF5883,P010,2025-02-04 11:57:03 UTC,lead_sale,78.15,confirmed
REV197B1101B718,LC7AF5FB23BDB,P010,2025-01-05 14:41:15 UTC,lead_sale,66.19,confirmed
REVA0D653A6DA00,L8042D3E8EE24,P010,2025-03-27 22:30:16 UTC,lead_sale,78.06,confirmed
REV91227F50CBC7,L285DA278714F,P010,2025-03-09 13:03:17 UTC,lead_sale,84.52,confirmed
REVDA4D758F6C37,LA6146A56A29A,P010,2025-03-02 19:18:23 UTC,lead_sale,78.06,confirmed
REVE879802B742C,L72580D1DB3C3,P010,2025-06-25 22:02:18 UTC,lead_sale,68.34,confirmed
REVD7C3C55436CC,LB770DBA5C6C3,P010,2025-03-10 23:48:19 UTC,lead_sale,77.45,confirmed
REV3EE3F1566E5C,L2259869B6AC0,P002,2025-02-21 12:14:46 UTC,lead_sale,69.11,confirmed
REVDBF21AEE319D,L8DAB9C521978,P010,2025-01-15 18:01:52 UTC,lead_sale,81.3,confirmed
REV90DFB5BFAB1F,LD36EEDD070EE,P001,2025-03-14 23:03:26 UTC,lead_sale,68.33,confirmed
REV15768D02D9E3,L3A3853C4D55B,P002,2025-03-17 19:56:40 UTC,lead_sale,84.57,confirmed
REV3347DBE8F610,LA23C597F12B9,P003,2025-05-23 14:45:18 UTC,lead_sale,79.48,confirmed
REVFC022E91B84E,LEB57530A5E03,P005,2025-01-22 09:33:08 UTC,lead_sale,102.27,confirmed
REV5F349D488AAA,L932A7FE6B112,P001,2025-04-20 22:00:06 UTC,lead_sale,62.09,confirmed
REV6C944D9A804B,L45398A52E03E,P002,2025-03-23 17:05:14 UTC,lead_sale,68.15,confirmed
REV6F17E0D7C1C3,LACDC6C54FC49,P003,2025-03-06 09:08:46 UTC,lead_sale,67.77,confirmed
REVB0A9E08C6CD3,LAF2F093CEA63,P002,2025-01-02 08:36:18 UTC,lead_sale,79.22,confirmed
REV7626389F7957,L6F23A135BB2C,P003,2025-06-21 23:13:44 UTC,lead_sale,75.05,confirmed
REVC3F5C1DCA354,LE523B323CF9C,P002,2025-05-31 12:36:13 UTC,lead_sale,84.83,confirmed
REV4A98C06CC50C,LC8CE60D70EF0,P003,2025-05-26 15:44:33 UTC,lead_sale,72.17,confirmed
REV2B449CCE71CA,L458EBB1ECF7B,P001,2025-01-11 11:13:33 UTC,lead_sale,69.15,confirmed
REVBE210A341F95,LA9F3D2C629CF,P001,2025-01-20 15:22:21 UTC,lead_sale,61.82,confirmed
REV35C4477E8469,L24CBF5586B90,P003,2025-01-22 20:51:38 UTC,lead_sale,65.4,confirmed
REVBE19CE606C39,L8BB721A96706,P007,2025-06-25 17:15:09 UTC,lead_sale,126.72,confirmed
REV19B1A9347E98,L9928CE8B020E,P001,2025-03-21 18:00:23 UTC,lead_sale,65.65,confirmed
REV94E1FE79B6BF,L698456196277,P009,2025-06-07 19:42:46 UTC,lead_sale,56.21,confirmed
REVCE6E7A6DA0F8,L4C781EBE9663,P002,2025-05-17 18:49:39 UTC,lead_sale,80.05,confirmed
REV620551A7C77A,L9400954B678B,P010,2025-06-22 08:36:20 UTC,lead_sale,81.11,confirmed
REV72D6EB0A81E0,L7DE415E0BC84,P003,2025-01-13 12:42:00 UTC,lead_sale,73.05,confirmed
REVB28CBEF390C4,L0198D3809904,P005,2025-03-24 20:53:29 UTC,lead_sale,124.86,confirmed
REVBD92D1362E7C,LCF73C62212AB,P007,2025-02-28 16:25:58 UTC,lead_sale,143.35,confirmed
REVC0483D3F10FD,L4E6E396EB7AD,P001,2025-03-10 22:03:22 UTC,lead_sale,71.8,confirmed
REV4EDCAC1FEB22,L1A8B81369C2C,P010,2025-01-01 16:23:49 UTC,lead_sale,85.43,confirmed
REVD08A0B82322E,LFDF477FAF538,P010,2025-05-22 14:53:05 UTC,lead_sale,67.05,confirmed
REV090D8B607071,L20539ED7D602,P007,2025-02-13 16:52:47 UTC,lead_sale,134.16,confirmed
REV98D4A4EF8ACA,L73E31BE2CC2B,P008,2025-05-07 22:14:50 UTC,lead_sale,93.47,confirmed
REV733FE171BEB7,LFB2B4F6433A8,P002,2025-03-26 15:26:06 UTC,lead_sale,74.48,confirmed
REV7F99E5FB4305,L908FF74CBDDF,P001,2025-03-04 15:12:58 UTC,lead_sale,71.76,confirmed
REVFE17A7A0D6FD,L3A71C085EBDF,P010,2025-04-22 13:38:44 UTC,lead_sale,83.17,confirmed
REV87A3760C8632,L9FD2D15D422B,P002,2025-03-12 23:14:57 UTC,lead_sale,74.73,confirmed
REVEA2E25D356E8,L3A2338AF0CBB,P005,2025-06-26 22:11:01 UTC,lead_sale,118.2,confirmed
REV7F039C05A52D,L09F5B66C63D7,P009,2025-03-18 10:32:19 UTC,lead_sale,68.25,confirmed
REV9C2365F3CDC2,LD82EB8CEE7EE,P010,2025-01-05 12:03:33 UTC,lead_sale,75.11,confirmed
REV9A425E802B33,L833261F0440C,P003,2025-05-22 20:31:14 UTC,lead_sale,75.83,confirmed
REV822CC082F0A9,LC078FE7E3951,P002,2025-01-17 17:59:34 UTC,lead_sale,84.9,confirmed
REVB9287E8EC617,LBF50E45D43F6,P001,2025-02-27 20:12:57 UTC,lead_sale,72.65,confirmed
REV2EE6DABFB1C9,LA50C4227E1DE,P009,2025-01-26 12:25:54 UTC,lead_sale,65.49,confirmed
REVF5F20B785DF3,L7C86FB080ABF,P002,2025-05-21 10:37:32 UTC,lead_sale,89.94,confirmed
REV01723B6C3925,L993345E948B8,P010,2025-06-06 13:14:54 UTC,lead_sale,83.36,confirmed
REV393D1F72A80E,L307391B7671C,P003,2025-02-18 22:19:05 UTC,lead_sale,66.27,confirmed
REVEAA085FE6716,L5552DD18C05F,P006,2025-03-06 08:58:15 UTC,lead_sale,139.18,confirmed
REV09476277C6C0,L7E5865FE850D,P010,2025-01-31 13:54:07 UTC,lead_sale,72.49,confirmed
REV6420BF20BEE1,L775B7747DBD3,P003,2025-05-28 16:00:07 UTC,lead_sale,74.24,confirmed
REV24B843ADF524,LE1ED177C6C80,P003,2025-04-04 19:38:41 UTC,lead_sale,71.45,confirmed
REV681D914F0EDC,L00F51554EA5D,P001,2025-01-09 14:16:24 UTC,lead_sale,76.76,confirmed
REVAFE6E9942BF6,L9435F2819749,P002,2025-03-03 18:40:01 UTC,lead_sale,74.81,confirmed
REV0415AA59C095,L96D21D33E748,P002,2025-06-05 18:58:36 UTC,lead_sale,76.37,confirmed
REVC619D0A61AD5,LEE20E895540A,P010,2025-01-22 18:15:45 UTC,lead_sale,74.15,confirmed
REVED811BB72D41,L41B4870855D4,P003,2025-04-04 14:42:01 UTC,lead_sale,79.44,confirmed
REV4CA3992321C7,L40A27CDBEC23,P010,2025-04-15 16:43:38 UTC,lead_sale,85.63,confirmed
REV7DA8DAF2AA5E,LD716CEE11683,P009,2025-01-01 17:42:57 UTC,lead_sale,57.39,confirmed
REV0E8708CBB6E6,LA02624A122BD,P002,2025-05-21 19:23:16 UTC,lead_sale,74.27,confirmed
REVC57F8ECADC19,L57A63A2C94C5,P005,2025-04-21 11:28:49 UTC,lead_sale,118.55,confirmed
REVB5DC0F0E2FEC,L47BFD8746755,P001,2025-03-18 12:40:05 UTC,lead_sale,61.75,confirmed
REV78620F54A25F,L89DD8D846670,P002,2025-02-12 14:50:02 UTC,lead_sale,78.24,confirmed
REV2A3D391E425F,L379ED387818D,P010,2025-04-01 10:10:11 UTC,lead_sale,79.94,confirmed
REV82501B4C6CE7,L356B0BF92AB2,P010,2025-02-25 15:17:22 UTC,lead_sale,84.97,confirmed
REV85B92B8CC5F0,L03DBE38044CE,P006,2025-03-29 12:54:48 UTC,lead_sale,131.18,confirmed
REVD64CF9750FFD,LCDF7D4A4B951,P003,2025-04-09 22:38:52 UTC,lead_sale,76.65,confirmed
REV0C87E990391D,LE20FE53CF116,P002,2025-02-11 21:40:27 UTC,lead_sale,89.0,confirmed
REVEF63CF1A0C16,LF98F6F436187,P002,2025-05-25 10:50:50 UTC,lead_sale,69.03,confirmed
REV8734877409B0,L193A733A182B,P006,2025-01-23 19:47:37 UTC,lead_sale,127.77,confirmed
REVE710A679F5A2,L46421E392B87,P005,2025-04-23 14:51:06 UTC,lead_sale,120.5,confirmed
REV8BA17DAF393C,LD9EA0DF42A1C,P009,2025-04-03 17:25:12 UTC,lead_sale,54.0,confirmed
REV41438E414DE8,L9AEF14FD4E6D,P010,2025-02-03 21:01:23 UTC,lead_sale,81.93,confirmed
REV3FC926DE874F,LA5665D9355DB,P003,2025-02-28 16:45:25 UTC,lead_sale,70.59,confirmed
REVE3B262F7F267,LD72872FF6289,P003,2025-03-30 13:26:38 UTC,lead_sale,80.83,confirmed
REV261F7B4529F6,LFD87C4757359,P002,2025-05-03 17:31:14 UTC,lead_sale,69.12,confirmed
REVBFDA90C14379,L5EBB6E367DAF,P005,2025-02-01 19:32:06 UTC,lead_sale,105.75,confirmed
REV284882A3F8D3,L119954FF96DA,P003,2025-04-27 21:30:29 UTC,lead_sale,68.83,confirmed
REVDA7C09840D74,L2AE3C93B97DE,P005,2025-03-22 14:18:18 UTC,lead_sale,121.98,confirmed
REVAFC7BD1DB032,L2D5D907413B9,P010,2025-01-02 14:09:28 UTC,lead_sale,67.86,confirmed
REV4362BBB89043,LC7A6B8CAB590,P002,2025-04-22 23:24:47 UTC,lead_sale,85.57,confirmed
REVC2803C437F76,L06DB9FCBABBD,P002,2025-03-05 16:14:55 UTC,lead_sale,74.27,confirmed
REV30C0C4F7BBEE,L27913158D19B,P010,2025-01-22 17:44:54 UTC,lead_sale,83.57,confirmed
REV9F06C2555BBE,L24D4D9383C8F,P003,2025-04-02 13:34:55 UTC,lead_sale,74.93,confirmed
REV4D76C72DF600,L9221E81A2D05,P010,2025-04-09 19:02:15 UTC,lead_sale,84.98,confirmed
REVB0D01208A1EF,LEBB76BD01783,P003,2025-06-26 22:32:24 UTC,lead_sale,71.04,confirmed
REVCFFCE0BC7868,L4B5D9DE98A54,P005,2025-06-24 14:34:43 UTC,lead_sale,118.25,confirmed
REVC423346AED1B,LB269BBA70D26,P010,2025-03-18 21:51:06 UTC,lead_sale,85.05,confirmed
REV3D61675A3C14,L6ECA7E8F48E7,P006,2025-03-23 11:40:10 UTC,lead_sale,117.56,confirmed
REVE548D51AA9E6,LC2B628A54968,P003,2025-06-28 18:57:04 UTC,lead_sale,79.96,confirmed
REVA95A3C822CBC,LC6C3A3C03CEC,P005,2025-01-03 21:45:37 UTC,lead_sale,105.54,confirmed
REVFF0C199988FA,L2277879EDC82,P002,2025-06-07 19:37:23 UTC,lead_sale,68.97,confirmed
REV761D6C5BF8CA,LC91F5987C298,P002,2025-01-31 16:45:04 UTC,lead_sale,73.41,confirmed
REV215F7666D955,LCCE2E7A2DF8C,P009,2025-03-12 15:47:05 UTC,lead_sale,65.96,confirmed
REVA9DCDB844559,LC63BF2CFDF5A,P003,2025-06-01 19:55:32 UTC,lead_sale,69.87,confirmed
REV458AED7A5D27,LFB245535B491,P010,2025-05-18 12:56:23 UTC,lead_sale,70.72,confirmed
REV95CB6A05041B,L5B43C511E2C1,P006,2025-06-27 14:50:14 UTC,lead_sale,112.22,confirmed
REV99978F5BC71F,LCE24AD648E27,P010,2025-05-23 18:23:16 UTC,lead_sale,65.67,confirmed
REV861D3C25C842,LBA3359874B58,P002,2025-06-21 11:45:56 UTC,lead_sale,89.03,confirmed
REV37C9FBA74124,LCB6EC02C75A4,P008,2025-02-10 13:40:11 UTC,lead_sale,89.73,confirmed
REV3A20C0FD1D86,L4A07024F652D,P001,2025-02-07 13:43:10 UTC,lead_sale,59.59,confirmed
REV6D8A9B16CC12,LB23AB873D8D8,P010,2025-02-14 09:24:08 UTC,lead_sale,85.99,confirmed
REV8324F4CD2073,LBC8EA4C36422,P003,2025-02-17 09:29:56 UTC,lead_sale,65.19,confirmed
REV8F91EAB60446,LEE65983C9FE1,P003,2025-05-31 10:19:05 UTC,lead_sale,68.19,confirmed
REVC825EBEC89F5,LD65158DC888D,P002,2025-01-22 21:59:46 UTC,lead_sale,71.97,confirmed
REV2313C65C7926,L0F384561B3EC,P003,2025-06-08 18:49:23 UTC,lead_sale,61.23,confirmed
REVC7E93BEE0610,L4642AAE7CCB2,P003,2025-03-19 11:48:11 UTC,lead_sale,65.08,confirmed
REVB53C713C40B9,LAF057DA7D6A8,P009,2025-05-20 15:50:32 UTC,lead_sale,63.65,confirmed
REV8EB3CDB12F39,L46632FD0EE7A,P006,2025-04-05 10:02:34 UTC,lead_sale,138.45,confirmed
REV9B49386E645B,LDF76BEADB2C3,P008,2025-03-04 22:04:58 UTC,lead_sale,77.94,confirmed
REV91F58C7036B5,LF188D3D20559,P003,2025-01-18 10:11:39 UTC,lead_sale,61.74,confirmed
REVBBD01ED2711B,L6ECCCF991A45,P002,2025-03-29 14:32:14 UTC,lead_sale,80.78,confirmed
REV36EA048FD02C,LD4CCCCF6AC28,P009,2025-06-25 12:10:06 UTC,lead_sale,67.06,confirmed
REVDD25EC0E373D,LC302562B2C8D,P003,2025-04-18 18:56:41 UTC,lead_sale,71.69,confirmed
REV15ABAEF3F884,LE6C74F4AAAD3,P004,2025-02-19 10:20:19 UTC,lead_sale,113.72,confirmed
REV9395EE1A51EB,L4A4FF38959FB,P001,2025-03-09 09:26:07 UTC,lead_sale,62.48,confirmed
REV708946049640,L7E48EA9F5494,P010,2025-04-11 21:31:14 UTC,lead_sale,79.06,confirmed
REV59D90DDB07B8,L76A7AE4CBB96,P002,2025-03-22 19:22:11 UTC,lead_sale,78.48,confirmed
REV9C1842C3A3DA,LD281AF2D242D,P002,2025-04-07 10:18:55 UTC,lead_sale,87.44,confirmed
REV623AAF1492F1,L4C4F1DB3C316,P010,2025-05-27 08:27:56 UTC,lead_sale,68.61,confirmed
REV84D59B21F9D5,L3EB56417949F,P003,2025-05-21 22:43:58 UTC,lead_sale,64.23,confirmed
REVCDB35DDA4846,L18CEA729C394,P003,2025-05-24 18:49:26 UTC,lead_sale,70.63,confirmed
REVA781A98CB7FC,LB24425942270,P003,2025-05-15 09:06:23 UTC,lead_sale,70.27,confirmed
REV458E8CA32709,L128DA849F021,P010,2025-04-14 11:53:27 UTC,lead_sale,67.13,confirmed
REV91EE3175ECAA,L68A3A9AAFE29,P010,2025-03-25 13:21:30 UTC,lead_sale,77.29,confirmed
REVE9901D3421C0,L87CE49B10CB7,P010,2025-06-09 10:07:14 UTC,lead_sale,68.73,confirmed
REV019743A06D5C,LEC25AA657D37,P002,2025-02-26 08:02:57 UTC,lead_sale,81.65,confirmed
REVC514EB3825CE,L035A2F60D91D,P006,2025-03-08 20:38:50 UTC,lead_sale,107.01,confirmed
REVFCA0025C44AE,L0D62568B7D01,P002,2025-03-23 15:26:17 UTC,lead_sale,69.39,confirmed
REV29CBA896159E,LFB6C494D39EE,P007,2025-05-06 21:33:13 UTC,lead_sale,119.7,confirmed
REV096B6C7A0050,L528A43EF368F,P007,2025-02-27 19:43:35 UTC,lead_sale,144.89,confirmed
REV762F357B135F,LCE84B5C6280E,P003,2025-03-31 16:22:06 UTC,lead_sale,63.44,confirmed
REV1D42C6C88272,L89BE086CF234,P002,2025-03-05 08:46:14 UTC,lead_sale,83.91,confirmed
REVD823DB1616E0,LB55C534A1837,P006,2025-05-31 11:11:51 UTC,lead_sale,131.78,confirmed
REV5133110C420C,L58D727F60BAC,P010,2025-05-04 19:08:17 UTC,lead_sale,66.29,confirmed
REVEF91441C8CE3,L4583A93510D2,P001,2025-01-07 18:54:57 UTC,lead_sale,66.49,confirmed
REV276C06BEE40D,L73BCB113D2C3,P002,2025-06-08 10:43:30 UTC,lead_sale,74.33,confirmed
REV295EE7327EAE,LD7647CF7E7F4,P010,2025-05-25 15:23:46 UTC,lead_sale,75.37,confirmed
REVE7290A561497,L0A31B4722FB7,P009,2025-04-10 12:52:08 UTC,lead_sale,54.02,confirmed
REV1912B6D6A628,L73E0F56DDFD0,P002,2025-02-20 12:27:43 UTC,lead_sale,85.08,confirmed
REV698DA626D924,LB8DA05A100DC,P002,2025-05-26 15:19:59 UTC,lead_sale,79.81,confirmed
REVB76B1EEB2893,L46367771AFA7,P003,2025-04-26 22:05:15 UTC,lead_sale,76.7,confirmed
REV031E94AE0952,LCE08D70F5EDF,P005,2025-02-25 10:09:12 UTC,lead_sale,99.03,confirmed
REV37433D166CA3,L065F085D4BAF,P003,2025-06-12 13:54:00 UTC,lead_sale,80.5,confirmed
REVE9267831FEFE,LFD2CC42B6FEE,P010,2025-01-29 09:02:32 UTC,lead_sale,71.02,confirmed
REVDCEE7CBEE755,LCDB6723CD26A,P005,2025-05-09 21:24:54 UTC,lead_sale,107.93,confirmed
REV9D3B2AB4FB63,L6C12642F71F6,P010,2025-01-18 17:58:13 UTC,lead_sale,85.04,confirmed
REVF87EDEE1FF0D,LFD1DBCDA6FEE,P006,2025-02-13 09:42:29 UTC,lead_sale,114.48,confirmed
REVDA427495BA19,LC36F065DA8CE,P003,2025-03-08 17:29:25 UTC,lead_sale,62.55,confirmed
REV70C64BD87FCA,LB89F206295EA,P009,2025-05-31 15:54:45 UTC,lead_sale,58.08,confirmed
REV04A0DE84A6AE,LFB2B4198D379,P002,2025-05-10 11:28:05 UTC,lead_sale,78.8,confirmed
REVE6CC693375F4,L7B18119E6F80,P006,2025-03-04 13:31:27 UTC,lead_sale,107.09,confirmed
REVCD9A158CDF80,LD7F071B7BE8A,P001,2025-01-12 11:30:44 UTC,lead_sale,58.56,confirmed
REVBC13A35ACAF0,L1CB7C3683ABB,P005,2025-04-12 09:01:25 UTC,lead_sale,121.45,confirmed
REV3592A20A2F71,LCAA6FAA761AD,P006,2025-01-19 08:49:31 UTC,lead_sale,131.37,confirmed
REVCE46EBEED32C,LF0E6C854E394,P002,2025-05-02 21:24:11 UTC,lead_sale,85.13,confirmed
REV991190BED59A,L0DD6174CF563,P005,2025-05-05 12:22:05 UTC,lead_sale,117.8,confirmed
REV2D0AB4AE7265,L20AA78E78F2E,P002,2025-01-08 21:19:38 UTC,lead_sale,70.94,confirmed
REVCCFA0F1BE2A5,L47A82CE89A5E,P002,2025-05-18 16:42:34 UTC,lead_sale,67.72,confirmed
REV9CB3B7EB28F3,LFA27610F6476,P010,2025-06-10 16:16:54 UTC,lead_sale,86.31,confirmed
REV13FE476D7739,L698D6049F5FC,P002,2025-06-19 21:57:59 UTC,lead_sale,87.42,confirmed
REV68EE38CF8156,L5537D094F7E1,P003,2025-04-06 17:56:18 UTC,lead_sale,78.48,confirmed
REV82A938DE10D4,L27D348DCEDE5,P003,2025-04-02 19:02:46 UTC,lead_sale,63.24,confirmed
REV3DA413D04688,L7209826E1909,P010,2025-05-13 19:10:52 UTC,lead_sale,65.57,confirmed
REV5FBEA55D450A,L53935E52858A,P010,2025-01-25 21:01:09 UTC,lead_sale,82.73,confirmed
REV7E844C266FA6,L650D9619384D,P003,2025-05-09 08:27:20 UTC,lead_sale,62.02,confirmed
REV68BD46A3B4E5,L5B537FEDEB99,P008,2025-02-13 21:36:52 UTC,lead_sale,73.77,confirmed
REV043C0A8A4F0C,LE9AC20497331,P003,2025-02-16 17:00:21 UTC,lead_sale,79.3,confirmed
REVBFE4E24C9F27,L49E114DC07CD,P002,2025-03-20 16:46:23 UTC,lead_sale,78.72,confirmed
REVDE6E3E309FCF,L9418455996B9,P004,2025-02-23 10:00:33 UTC,lead_sale,86.23,confirmed
REV246C90E567AC,L64582A50E02D,P005,2025-01-21 21:51:36 UTC,lead_sale,102.87,confirmed
REVF758A3ADDFE4,LDF5E21F9A199,P005,2025-04-01 19:40:07 UTC,lead_sale,117.46,confirmed
REVA52E117A108C,LEA31B5FC7CF1,P003,2025-05-14 15:02:20 UTC,lead_sale,64.76,confirmed
REV225F39E699D0,L671A685203CF,P010,2025-01-26 23:18:59 UTC,lead_sale,80.36,confirmed
REV1747FD7CBF3C,L42A237A012B0,P010,2025-05-05 00:05:27 UTC,lead_sale,79.63,confirmed
REVFBD7C16AF1A0,L681672413192,P001,2025-05-18 18:37:58 UTC,lead_sale,65.56,confirmed
REV473CC41F51BA,L1DC01696EF28,P010,2025-04-14 13:38:27 UTC,lead_sale,82.81,confirmed
REVC67202D3813E,LF8D59447A76C,P003,2025-02-21 18:17:14 UTC,lead_sale,62.51,confirmed
REVFA3A7DC4C50C,L74696F300D9C,P003,2025-04-12 15:42:14 UTC,lead_sale,72.92,confirmed
REVB3511F0B3DF9,L79C7611B4706,P010,2025-01-19 12:46:03 UTC,lead_sale,85.01,confirmed
REV369A4FB0459B,LD4A78F5C03E2,P003,2025-03-19 13:38:23 UTC,lead_sale,81.0,confirmed
REVA4D02AAE6183,L4DC5B7AAF9AC,P010,2025-02-20 08:17:13 UTC,lead_sale,79.75,confirmed
REVF3807812F1D4,LF2618C0607B1,P009,2025-02-21 10:46:56 UTC,lead_sale,58.67,confirmed
REV980F74C54AE1,LC056795B1374,P007,2025-06-11 10:22:57 UTC,lead_sale,125.48,confirmed
REV151BD8CC1751,L1B476B25A8E4,P001,2025-05-13 20:00:16 UTC,lead_sale,74.11,confirmed
REV64CC412E98C8,L75BA2D0F2D7C,P006,2025-05-27 11:50:46 UTC,lead_sale,115.74,confirmed
REVEAA9FBFC1428,LD1D1F18005C2,P010,2025-01-15 14:00:40 UTC,lead_sale,83.57,confirmed
REV61C02362D9C8,LE7578051438C,P010,2025-02-26 15:59:07 UTC,lead_sale,72.48,confirmed
REVB7E5B8AEB0DF,L71D1D006E534,P010,2025-06-17 21:47:25 UTC,lead_sale,82.9,confirmed
REVE26E356FCFD6,L5224487AAE76,P001,2025-04-26 17:28:30 UTC,lead_sale,66.21,confirmed
REVC588C57B754D,L0990D73C5A61,P010,2025-06-28 20:29:27 UTC,lead_sale,70.87,confirmed
REV2E926A4CFBA7,LBD35A492A303,P002,2025-04-16 14:44:36 UTC,lead_sale,83.75,confirmed
REVEA978FAE7101,LFCC36CCB507E,P003,2025-04-22 20:51:56 UTC,lead_sale,64.55,confirmed
REVA31A3FEBEF8D,LC26B1EFA5982,P005,2025-05-18 08:25:12 UTC,lead_sale,113.0,confirmed
REV7C96B53CAF52,L67BE9C2268E8,P009,2025-05-22 20:28:43 UTC,lead_sale,59.37,confirmed
REVD01E1FCDF2A5,L112C98DE7882,P001,2025-02-27 09:14:31 UTC,lead_sale,70.91,confirmed
REVE2691D34C254,L219DC63EAD9E,P010,2025-06-20 00:11:16 UTC,lead_sale,67.15,confirmed
REV474F3F547EEE,LD07D998726A6,P010,2025-01-21 21:17:10 UTC,lead_sale,68.9,confirmed
REV7A9BA6A5A74E,L0AADC1B958A0,P003,2025-05-16 18:24:01 UTC,lead_sale,61.81,confirmed
REVC93C3A715CAE,L2DDBC5F4668A,P003,2025-05-10 09:21:01 UTC,lead_sale,71.61,confirmed
REV3328A2571867,L4B8715D01432,P002,2025-05-28 19:08:35 UTC,lead_sale,83.05,confirmed
REVE8F2F8766CA7,LED692B482DAE,P005,2025-05-09 07:33:21 UTC,lead_sale,105.29,confirmed
REVE553DC3AE994,L2A9C2CE40947,P010,2025-01-24 15:40:30 UTC,lead_sale,75.5,confirmed
REV9EE1CD3B7319,L9FE60A34C5C5,P002,2025-02-21 13:59:15 UTC,lead_sale,70.08,confirmed
REV76CDBF0225DF,LB64CB7CF8393,P003,2025-03-14 11:44:14 UTC,lead_sale,76.32,confirmed
REVAA3E3E1BC1EA,L327C375707CA,P003,2025-04-28 15:43:06 UTC,lead_sale,74.27,confirmed
REVDDFDCC76791E,L6CBB472AC350,P005,2025-05-01 17:17:32 UTC,lead_sale,107.37,confirmed
REV6FB38E5F0BEA,L1457D8C2D005,P001,2025-04-02 15:03:34 UTC,lead_sale,63.73,confirmed
REVA11D205F0A62,L0500C2D46DA7,P003,2025-06-09 23:32:48 UTC,lead_sale,63.51,confirmed
REV27E250EE12E5,LF49947D9D11D,P002,2025-01-19 22:46:33 UTC,lead_sale,70.09,confirmed
REVAEB07ECBB988,L067704D5CA2F,P005,2025-04-16 21:22:55 UTC,lead_sale,96.79,confirmed
REV957BD85AB9C8,LFEBDD27125E2,P006,2025-01-06 09:23:55 UTC,lead_sale,112.8,confirmed
REV528D40E05685,LBAB5480E1B87,P010,2025-06-01 12:12:49 UTC,lead_sale,82.33,confirmed
REVDAB755939F84,L6E57F21325FE,P010,2025-04-02 08:11:46 UTC,lead_sale,71.23,confirmed
REVF10CE096EB30,LD219C12A9C69,P003,2025-04-11 16:41:44 UTC,lead_sale,62.56,confirmed
REVC97A636A6077,LDFAFFA2E42B6,P010,2025-01-24 15:06:25 UTC,lead_sale,85.96,confirmed
REV2610DCFF8215,L2C05C6E80FFA,P005,2025-01-11 16:02:45 UTC,lead_sale,122.86,confirmed
REV2C9DE64E0A02,L19BAF2085692,P003,2025-05-17 12:34:31 UTC,lead_sale,71.73,confirmed
REV33C2565BB1EB,L12D6CDC6BD98,P005,2025-06-24 09:40:02 UTC,lead_sale,99.36,confirmed
REV4BDE596B6A46,L34F97B07060B,P003,2025-04-08 20:56:12 UTC,lead_sale,68.07,confirmed
REV3645E790D74A,L00127B81B967,P003,2025-01-10 13:36:57 UTC,lead_sale,64.3,confirmed
REVDD665484AED8,L3B5C60061588,P002,2025-04-12 23:26:44 UTC,lead_sale,77.18,confirmed
REVA025AC0C8EE9,L27C6C88BC402,P006,2025-01-05 13:34:34 UTC,lead_sale,111.05,confirmed
REVC7493E4288E7,L0626313B8EE1,P002,2025-03-30 22:58:51 UTC,lead_sale,79.21,confirmed
REVC5982776A765,L308972EA6F67,P003,2025-04-27 13:43:05 UTC,lead_sale,67.34,confirmed
REVB6E86B571199,L2C7B383F87A9,P010,2025-04-21 15:48:19 UTC,lead_sale,83.94,confirmed
REVDC44FE4763DA,L50EC68416C39,P010,2025-04-17 09:20:07 UTC,lead_sale,73.86,confirmed
REV164BA0DBF2CD,L11E8558945E1,P005,2025-05-29 15:34:24 UTC,lead_sale,103.44,confirmed
REV89AFF5076524,L74987CA4740E,P001,2025-02-07 10:48:30 UTC,lead_sale,70.23,confirmed
REV475DCE3D435A,LE54AF5E77B5D,P010,2025-01-20 15:52:14 UTC,lead_sale,71.54,confirmed
REV8FD78A6BD68C,L358A7EF14E30,P010,2025-03-11 10:44:49 UTC,lead_sale,75.31,confirmed
REV8AD2438603C3,L336CF5BE0A47,P005,2025-05-15 16:32:48 UTC,lead_sale,95.64,confirmed
REV1DB1359DA923,L1F42AB2409DB,P010,2025-04-13 11:01:35 UTC,lead_sale,67.38,confirmed
REVF2616E3C9F82,LA748AECA965B,P002,2025-05-27 11:50:32 UTC,lead_sale,83.38,confirmed
REV018D57E8BB9B,L731ADAA46293,P003,2025-06-12 15:26:52 UTC,lead_sale,62.08,confirmed
REV63A226C196AB,L43B445D9932D,P005,2025-05-13 18:11:20 UTC,lead_sale,111.4,confirmed
REVCC49B347D6B6,LD4AA28F30C05,P010,2025-01-28 20:14:56 UTC,lead_sale,85.59,confirmed
REV6AC2554C92EB,L5BF3B601F923,P010,2025-03-25 10:10:36 UTC,lead_sale,76.87,confirmed
REVDF71423CC9F3,L05CDF2732EAF,P002,2025-04-14 18:09:39 UTC,lead_sale,86.06,confirmed
REV73FB00980B34,LC23E3AFE57E7,P004,2025-06-12 14:56:23 UTC,lead_sale,106.31,confirmed
REV1A4949D0B89B,L86B8CAB90BB1,P005,2025-04-11 16:45:09 UTC,lead_sale,107.76,confirmed
REV098872BEDD25,L3877C71745E2,P002,2025-06-07 23:21:50 UTC,lead_sale,69.09,confirmed
REV2019CE3DD4A1,LB55FA2A84C0D,P006,2025-05-17 20:21:51 UTC,lead_sale,117.23,confirmed
REV9837003BA3E6,L7D1C929976E6,P003,2025-01-17 09:31:34 UTC,lead_sale,76.62,confirmed
REVDA8974C9A449,L63B63B9639A2,P010,2025-02-18 17:15:26 UTC,lead_sale,84.09,confirmed
REVCB37B91B0F2D,L0A1CD32C3F0D,P002,2025-04-23 08:24:26 UTC,lead_sale,84.21,confirmed
REV876641480A28,LD51EA0989780,P009,2025-02-27 16:51:07 UTC,lead_sale,64.94,confirmed
REV5F0EDF4B33E6,L94477D37344A,P002,2025-05-21 19:05:13 UTC,lead_sale,70.45,confirmed
REVCF9A34C991D0,L6298452D34BB,P002,2025-06-10 22:42:09 UTC,lead_sale,70.29,confirmed
REVD3B0E0EEF9B5,L04358EAED656,P009,2025-05-22 09:05:24 UTC,lead_sale,54.36,confirmed
REV0F1AE003AC7A,L9066C5EAE264,P008,2025-05-05 08:05:28 UTC,lead_sale,89.93,confirmed
REVB14945661666,L46C0A465371E,P004,2025-02-22 21:31:06 UTC,lead_sale,105.26,confirmed
REV594C169BD6D9,L21758D887CDF,P010,2025-04-13 11:10:45 UTC,lead_sale,77.73,confirmed
REV7402D17E050F,L1D046380C07A,P003,2025-04-05 09:39:34 UTC,lead_sale,69.04,confirmed
REV3C7971811446,L210EC67BA40F,P003,2025-03-16 11:50:08 UTC,lead_sale,63.54,confirmed
REV8D6E034DE7CD,L68406B5019CB,P003,2025-02-23 21:10:47 UTC,lead_sale,77.63,confirmed
REV6496E0459C46,LE07BF324E079,P001,2025-06-13 16:56:03 UTC,lead_sale,68.65,confirmed
REVA322C76ECF68,LC209ED55FE71,P007,2025-01-12 08:42:39 UTC,lead_sale,118.91,confirmed
REV5A5C72631D2F,LB4BEA6C800C5,P003,2025-06-23 17:05:06 UTC,lead_sale,80.18,confirmed
REVE22E4BB7250D,LEF0EC3A83F8F,P008,2025-06-09 18:13:29 UTC,lead_sale,71.1,confirmed
REVF4A9304286A2,L971A223EDC6E,P002,2025-06-28 08:31:41 UTC,lead_sale,69.44,confirmed
REVDD4662EBCEE2,LD9CA3AFF5F72,P001,2025-02-04 13:07:35 UTC,lead_sale,69.65,confirmed
REV317F03A143C7,L1706693482FB,P010,2025-05-12 18:21:23 UTC,lead_sale,76.21,confirmed
REV0E1C9CB98D6C,L43C0FB1B1731,P003,2025-06-14 20:18:20 UTC,lead_sale,65.14,confirmed
REV6BCBD3767C99,L7E5CED7A70CC,P003,2025-01-26 13:59:31 UTC,lead_sale,77.91,confirmed
REVEBB75CCF336E,L33CBB9A38274,P001,2025-05-15 21:15:35 UTC,lead_sale,63.84,confirmed
REV5FD27164FE39,LADB10312D814,P004,2025-01-06 23:28:34 UTC,lead_sale,104.33,confirmed
REV88B10BF093BA,L8B33C2689BBF,P008,2025-05-12 22:51:26 UTC,lead_sale,74.7,confirmed
REV1B6F469E9423,LE4B1BA28DE0B,P002,2025-03-14 21:56:43 UTC,lead_sale,76.69,confirmed
REV0E7308FA1925,LC5200D312A1A,P001,2025-03-03 13:26:06 UTC,lead_sale,72.3,confirmed
REV751D9AB34A21,LCF9B62562688,P009,2025-03-09 17:43:42 UTC,lead_sale,52.48,confirmed
REVF259DAE9E4A8,LC13A179D4509,P010,2025-04-12 14:32:49 UTC,lead_sale,76.33,confirmed
REVBCCE59E40041,L3A95F8A66D1C,P001,2025-04-20 22:00:02 UTC,lead_sale,65.51,confirmed
REV7308A6FA9B87,L633714F9FC77,P003,2025-01-11 12:14:22 UTC,lead_sale,80.43,confirmed
REV2F88B422E3B0,L687C747A4B9B,P002,2025-05-08 15:33:13 UTC,lead_sale,74.91,confirmed
REVA9AFED5825BC,LB97B494AA3E7,P002,2025-03-20 20:08:05 UTC,lead_sale,83.69,confirmed
REVC4785F35C4B6,LA7D9807BA440,P010,2025-01-05 17:59:37 UTC,lead_sale,73.95,confirmed
REV649701DE6DEF,L3050C3C9EBCD,P002,2025-02-06 13:48:21 UTC,lead_sale,83.38,confirmed
REV108645271081,L1A8CB7F56AB1,P009,2025-04-02 21:29:14 UTC,lead_sale,62.09,confirmed
REVE3DF9F8B35F8,LC42A147D5365,P010,2025-02-25 18:46:53 UTC,lead_sale,65.53,confirmed
REV44FFA553BB38,LCC547F3CB5CA,P003,2025-03-07 12:57:49 UTC,lead_sale,68.18,confirmed
REV0D712322875D,L829E7FB2755A,P008,2025-06-26 11:33:34 UTC,lead_sale,87.68,confirmed
REVD97BBA9E53EB,LAE3BCCFB7C6E,P002,2025-01-21 21:37:43 UTC,lead_sale,87.37,confirmed
REVC63023893663,L6F9412D3F35E,P002,2025-01-11 09:28:51 UTC,lead_sale,73.6,confirmed
REV7C6F2195D6F4,LB9384BF36B9F,P001,2025-02-13 21:16:35 UTC,lead_sale,64.0,confirmed
REV6A659F0DC142,LD072DB768682,P002,2025-04-07 09:18:14 UTC,lead_sale,80.09,confirmed
REV2E986433BF55,L63E1303C1DF1,P002,2025-03-11 10:20:26 UTC,lead_sale,69.79,confirmed
REV2DD56686AADF,L9BD9C62AF899,P001,2025-01-19 09:45:55 UTC,lead_sale,67.3,confirmed
REV77A18646A8F0,L7E3632E7D37B,P009,2025-02-04 10:03:49 UTC,lead_sale,56.32,confirmed
REV9C8E1FF28085,L68FF7B8B8C55,P005,2025-01-20 11:34:53 UTC,lead_sale,97.46,confirmed
REVB68D99CC9BC4,L9197C1C65C1A,P009,2025-04-26 22:24:28 UTC,lead_sale,63.08,confirmed
REV1672CFD60B91,LC20B334562F4,P003,2025-05-31 08:33:57 UTC,lead_sale,69.15,confirmed
REV94C20C957137,LBAE00E16491E,P003,2025-03-07 08:18:59 UTC,lead_sale,77.98,confirmed
REVD1C8A6B80ABC,L5B19E74A1B61,P002,2025-03-04 17:53:26 UTC,lead_sale,81.31,confirmed
REV0B62C22CA2B6,L888B3D9E8DFB,P002,2025-05-02 21:28:28 UTC,lead_sale,85.6,confirmed
REVFDE9C180D6B8,L4515CCDFEED8,P002,2025-04-16 17:06:43 UTC,lead_sale,74.7,confirmed
REVD5C29D997F3E,L3C6625BCDF14,P002,2025-03-26 12:31:04 UTC,lead_sale,67.77,confirmed
REVA95E8B9A5E24,LBA6724DC8F0F,P010,2025-04-27 22:22:31 UTC,lead_sale,68.81,confirmed
REVB8DBB816AA2E,L451F04E10F1E,P009,2025-03-28 13:54:42 UTC,lead_sale,66.21,confirmed
REVB1AB8264FF8A,L5A4BE9459A55,P002,2025-01-04 20:30:16 UTC,lead_sale,77.87,confirmed
REVB1DECCFCD610,L07D80CCA5461,P003,2025-05-20 08:23:45 UTC,lead_sale,69.64,confirmed
REV38E92231717F,L7F104ED4CA7D,P007,2025-05-17 19:11:26 UTC,lead_sale,122.41,confirmed
REV50225FC057C7,LC01B116442EE,P005,2025-03-12 13:36:26 UTC,lead_sale,107.97,confirmed
REV6C886837D02A,LC072E9B02BB5,P002,2025-05-26 18:02:44 UTC,lead_sale,84.37,confirmed
REV2CF1C38AA2BD,LAD3502A92BE1,P001,2025-01-21 10:05:30 UTC,lead_sale,73.57,confirmed
REV8240F22D9214,L23FEF7C76EC1,P010,2025-06-23 07:40:54 UTC,lead_sale,76.33,confirmed
REVBE329699F1EA,L40B7A73BF007,P002,2025-01-08 23:48:47 UTC,lead_sale,81.45,confirmed
REV5CDE81C6A5DC,LCBD92DD34677,P010,2025-01-26 09:41:41 UTC,lead_sale,68.12,confirmed
REV8806F0729C5A,L8274D8D6ABA3,P003,2025-02-06 11:07:09 UTC,lead_sale,67.14,confirmed
REV6ABC3F78AE68,L36797BFDB78A,P002,2025-01-05 16:24:19 UTC,lead_sale,85.93,confirmed
REVB9F191F87663,LFFEB8D83073C,P009,2025-04-22 10:37:13 UTC,lead_sale,65.09,confirmed
REV3E2E7E94CDFD,L1C461F5D501B,P001,2025-01-29 18:54:38 UTC,lead_sale,60.49,confirmed
REV425B72E4B295,L7A0CCC051B79,P002,2025-06-24 23:59:46 UTC,lead_sale,77.45,confirmed
REV648DBD09FFEC,LEFA3C67D61DC,P007,2025-01-27 20:56:15 UTC,lead_sale,124.03,confirmed
REVF45567181451,L551571C99BA2,P001,2025-03-11 13:27:34 UTC,lead_sale,76.11,confirmed
REVA56828BE39A9,LC255001EAE4B,P009,2025-04-11 09:26:41 UTC,lead_sale,56.93,confirmed
REV90AF99502E4B,L3152E5D896E4,P001,2025-02-23 07:45:36 UTC,lead_sale,59.27,confirmed
REV5EDD1B84094D,LE3FA9EE978AC,P002,2025-01-17 08:53:43 UTC,lead_sale,68.85,confirmed
REV0D9ACC1E7B11,LB83B57B66FE3,P007,2025-05-31 15:43:01 UTC,lead_sale,118.12,confirmed
REV2F5E5B11FE87,L3288D99E5706,P001,2025-01-17 19:47:41 UTC,lead_sale,77.72,confirmed
REV92326C976180,LAE8609579326,P009,2025-04-29 20:43:41 UTC,lead_sale,54.05,confirmed
REV742BA8314374,L967EEF39D308,P003,2025-03-28 23:00:28 UTC,lead_sale,73.87,confirmed
REV5C1D7668197A,L7DE4BD6BA3FE,P003,2025-04-10 15:42:10 UTC,lead_sale,68.65,confirmed
REVFC515411ED81,L8CE3BE8BAE55,P009,2025-03-02 14:28:46 UTC,lead_sale,60.45,confirmed
REV99FFF25AE252,L72A49BD676E8,P003,2025-04-06 08:39:40 UTC,lead_sale,74.02,confirmed
REV1EEFC3600992,L7028542440EF,P010,2025-06-04 10:07:03 UTC,lead_sale,66.67,confirmed
REV392A9FCD788B,LED76DF1559CC,P009,2025-03-04 20:42:05 UTC,lead_sale,61.07,confirmed
REVF5B2C674EFD3,LB09DA2B2ED46,P001,2025-01-05 20:06:51 UTC,lead_sale,77.92,confirmed
REV413703594A38,LAA3A03C985A0,P003,2025-04-13 12:29:28 UTC,lead_sale,69.93,confirmed
REV175EF24A32B5,L6E39AB805742,P003,2025-06-15 07:55:09 UTC,lead_sale,64.04,confirmed
REVE9A1CCC37251,L77FDCABF8B94,P002,2025-04-05 12:53:34 UTC,lead_sale,87.91,confirmed
REVCB7CE4AC2943,L657C49B48994,P010,2025-01-30 07:57:10 UTC,lead_sale,80.85,confirmed
REV41ED3EC8CC88,L3362ACE23CC8,P006,2025-02-22 13:18:04 UTC,lead_sale,108.28,confirmed
REV730A483B42CA,L7AE6489C219C,P008,2025-01-12 17:49:47 UTC,lead_sale,84.89,confirmed
REV447390D5ABFA,L133A6D1CDBFF,P009,2025-05-31 13:24:46 UTC,lead_sale,65.51,confirmed
REV28C71A9EB574,L4A111EA3F8E3,P003,2025-01-06 11:09:12 UTC,lead_sale,76.09,confirmed
REVFA07FBC67A74,L7F892FC0CC7A,P002,2025-02-27 10:30:33 UTC,lead_sale,86.47,confirmed
REV691F20BA3042,LD416C5AFB4C7,P002,2025-04-01 21:22:32 UTC,lead_sale,89.77,confirmed
REVF43A1028596D,L8CACD3C7D042,P002,2025-05-21 14:45:22 UTC,lead_sale,78.12,confirmed
REV8B9D5F3983A5,L8F9E5BCCB03F,P005,2025-01-24 13:51:16 UTC,lead_sale,106.57,confirmed
REVBE8525C2309C,L9859159650F4,P009,2025-02-16 22:41:15 UTC,lead_sale,65.56,confirmed
REV34DE92D92677,LCC0060B7E6B9,P005,2025-05-05 08:50:06 UTC,lead_sale,125.14,confirmed
REV95ADED91DB73,L3EABC1D47C08,P010,2025-02-05 08:06:08 UTC,lead_sale,83.42,confirmed
REV6D517CF6DB92,L2E2BBD49B269,P010,2025-06-29 12:37:51 UTC,lead_sale,70.37,confirmed
REV7015A0FE0B27,L52D0FB17BF21,P001,2025-03-26 12:03:00 UTC,lead_sale,77.19,confirmed
REVF751AF6A6CDC,LAF9158662885,P002,2025-01-17 09:36:49 UTC,lead_sale,71.94,confirmed
REV11CB9511307F,LD4B506E0F919,P002,2025-01-31 17:40:46 UTC,lead_sale,67.87,confirmed
REVE49F6C6DE60C,L4BA66E4853EC,P002,2025-01-08 14:32:38 UTC,lead_sale,81.44,confirmed
REV19044408CBEA,L09DED767B282,P003,2025-05-18 14:58:54 UTC,lead_sale,71.57,confirmed
REV9F13DA6ADBE7,LEDB47EB0FCD8,P010,2025-02-14 13:02:52 UTC,lead_sale,69.16,confirmed
REVE825C33D6336,LB169AA4C482D,P008,2025-02-18 13:39:49 UTC,lead_sale,71.21,confirmed
REVDDF75E71AFD1,LCE582E62FE9E,P002,2025-06-27 22:49:59 UTC,lead_sale,75.62,confirmed
REV25A5E86D3FF7,L3881B60FFA9A,P010,2025-03-30 10:11:46 UTC,lead_sale,66.21,confirmed
REV40186886332A,L2ECC3A335F83,P002,2025-03-03 14:38:28 UTC,lead_sale,73.49,confirmed
REV565395B16E74,L78818EB491FE,P005,2025-06-24 10:16:39 UTC,lead_sale,107.78,confirmed
REV12F141D62FE6,L50C537CA16A5,P003,2025-04-26 10:51:01 UTC,lead_sale,81.55,confirmed
REV0E27B6A6BE8B,L0BBCAA4A3F1B,P010,2025-02-24 23:05:09 UTC,lead_sale,78.61,confirmed
REV185E2DCC9909,LF4B8F8CA8A6A,P007,2025-05-06 12:58:47 UTC,lead_sale,136.14,confirmed
REVCE5FD805503F,L390C9FE3FE09,P010,2025-05-21 17:42:52 UTC,lead_sale,71.53,confirmed
REVDF30B01FE08F,LA5B60223D309,P002,2025-03-01 14:13:24 UTC,lead_sale,75.74,confirmed
REVF0296C45F4FC,LDA2F820F2F16,P007,2025-01-03 16:44:09 UTC,lead_sale,115.22,confirmed
REVFAC5F03FFDF3,LCF3752B38C64,P007,2025-04-27 10:17:41 UTC,lead_sale,135.86,confirmed
REV450B1772BA46,LE85F351E29C4,P010,2025-04-27 15:40:13 UTC,lead_sale,70.66,confirmed
REV432A2EFC1661,LD241545ADD38,P010,2025-02-19 11:08:51 UTC,lead_sale,73.94,confirmed
REV2DFE862317C4,L3A19F5AF4198,P003,2025-01-11 09:28:21 UTC,lead_sale,79.77,confirmed
REV5834335DA4AA,L10FE5FF1E3BA,P010,2025-02-28 09:35:36 UTC,lead_sale,68.98,confirmed
REVD305E8FFC96F,L022F8973CDAB,P001,2025-06-15 13:30:35 UTC,lead_sale,68.61,confirmed
REVB121A16C357B,L76D56621A8A3,P002,2025-06-28 18:36:20 UTC,lead_sale,78.35,confirmed
REV532454929620,L311C3F75EF36,P009,2025-05-29 08:54:01 UTC,lead_sale,63.18,confirmed
REV3FE52D4205B6,LBC6F0FEAF06A,P010,2025-01-02 19:40:35 UTC,lead_sale,85.75,confirmed
REV741A91F16403,LDAC71D58DCF3,P003,2025-05-14 11:20:14 UTC,lead_sale,74.56,confirmed
REV4A61FD932B1D,LDADD41D099A3,P002,2025-02-13 17:35:32 UTC,lead_sale,77.77,confirmed
REV62A8FB47653D,L50FDBE57C4E4,P004,2025-01-02 14:07:04 UTC,lead_sale,96.71,confirmed
REVB88CE9B4681B,L28EAEA5C688E,P006,2025-02-14 21:23:33 UTC,lead_sale,120.06,confirmed
REV81D08598A75E,LA02814D90942,P007,2025-01-23 13:44:07 UTC,lead_sale,128.42,confirmed
REV2AB7621D3183,L0387EBCDEBEF,P007,2025-03-22 07:53:56 UTC,lead_sale,134.18,confirmed
REV350FCA1290A6,LAB0669A1396F,P003,2025-03-23 10:26:54 UTC,lead_sale,64.72,confirmed
REV33068162A24D,L305DBAF1A552,P002,2025-03-13 15:55:22 UTC,lead_sale,87.93,confirmed
REV866DA7D8E130,LB11C1D14AA78,P003,2025-01-05 14:43:11 UTC,lead_sale,74.41,confirmed
REVD67CFD67C48A,LF11E297DE395,P010,2025-01-23 15:42:02 UTC,lead_sale,85.7,confirmed
REVA603CA64D521,L97410DC69A75,P003,2025-04-18 11:34:00 UTC,lead_sale,68.21,confirmed
REVFA27655275C2,LACA4FC15906F,P002,2025-02-11 07:29:35 UTC,lead_sale,70.63,confirmed
REVA7B07E6FFDD6,L41775969A8C3,P003,2025-04-18 17:33:21 UTC,lead_sale,63.65,confirmed
REV2C3B2589EC4D,LF0231CC93CB9,P002,2025-01-26 17:47:49 UTC,lead_sale,79.39,confirmed
REVA6FA9AAE1901,L55D107DA3599,P001,2025-06-24 17:52:10 UTC,lead_sale,69.65,confirmed
REV5AEDC450CB31,L8F6473F4194D,P005,2025-04-04 17:18:13 UTC,lead_sale,123.63,confirmed
REV4985BAA77A83,L624C84D5AD57,P001,2025-03-19 18:37:08 UTC,lead_sale,61.87,confirmed
REV687222F82CD5,L9A6AE5CD3C9A,P005,2025-02-23 12:38:16 UTC,lead_sale,100.75,confirmed
REV20CA819B8690,LC863EE93931C,P005,2025-05-25 21:22:03 UTC,lead_sale,98.81,confirmed
REV7EBE03704049,L20C1DE530A9D,P003,2025-03-24 19:00:12 UTC,lead_sale,68.37,confirmed
REV6D1B17F4C389,L904C027A26EE,P002,2025-04-13 22:17:20 UTC,lead_sale,88.26,confirmed
REV51E7AEBE061A,LEC098B92BB8A,P002,2025-02-08 14:31:02 UTC,lead_sale,70.15,confirmed
REV831C995051C2,L79F1DB1D23FA,P009,2025-05-31 13:59:54 UTC,lead_sale,62.3,confirmed
