routing_attempt_id,lead_id,partner_id,routed_at,routing_priority,bid_amount,delivery_status,response_status,response_timestamp,rejection_reason
RA359EE9756434,L59B6D1BB23E9,P010,2025-03-16 21:55:38 UTC,1,68.9,delivered,no_response,2025-03-16 21:57:54 UTC,quality
RAC56F0E76F5DD,LF59E2D63A35B,P009,2025-06-25 17:47:47 UTC,1,50.15,delivered,capacity_exceeded,2025-06-25 17:51:20 UTC,capacity
RA04AC49D60B17,L963B6A6B93B7,P003,2025-05-19 18:39:26 UTC,1,71.31,delivered,no_response,2025-05-19 18:42:35 UTC,capacity
RA7B14E6FBDB01,LE5F1B346047B,P002,2025-03-09 22:31:50 UTC,1,69.51,delivered,accepted,2025-03-09 22:35:12 UTC,
RA79A0F3FD5644,L828F856B8E7D,P005,2025-03-13 07:25:49 UTC,1,118.06,delivered,accepted,2025-03-13 07:28:43 UTC,
RA16E4EFDCCEB2,LE2801816A349,P006,2025-02-14 07:38:58 UTC,1,105.88,delivered,accepted,2025-02-14 07:40:54 UTC,
RA8888C28AA3E7,L6FC05F7F9DBC,P010,2025-06-13 10:00:42 UTC,1,66.51,delivered,accepted,2025-06-13 10:05:24 UTC,
RA1C56600078D0,LBF49096C152C,P008,2025-04-30 07:24:58 UTC,1,77.21,delivered,accepted,2025-04-30 07:29:44 UTC,
RA6D633945A1C2,L535987ACD3BA,P005,2025-02-16 15:50:07 UTC,1,97.55,delivered,accepted,2025-02-16 15:52:50 UTC,
RAEFB06B6066DE,L623B2E2D6F5E,P007,2025-02-23 12:54:55 UTC,1,142.34,delivered,accepted,2025-02-23 12:56:38 UTC,
RA40DA1B4B94E7,LC8CB99AFCAF3,P002,2025-04-23 14:54:16 UTC,1,75.43,delivered,rejected,2025-04-23 14:58:38 UTC,price_too_low
RA538DC8DA3749,L14D6BE6BD2D1,P002,2025-06-16 18:13:14 UTC,1,71.94,delivered,capacity_exceeded,2025-06-16 18:16:13 UTC,price_too_low
RA566E39AC86FA,L041D27D9B739,P003,2025-05-19 07:19:58 UTC,1,66.76,delivered,capacity_exceeded,2025-05-19 07:21:33 UTC,state_not_covered
RAD119B720B387,L041D27D9B739,P001,2025-05-19 07:20:04 UTC,2,62.07,delivered,accepted,2025-05-19 07:20:49 UTC,
RAE0B7BA056C16,L916550FFEB73,P005,2025-06-18 23:10:21 UTC,1,105.69,delivered,accepted,2025-06-18 23:12:07 UTC,
RAA33DE1B03037,LED2C636B2EBE,P003,2025-02-25 21:39:17 UTC,1,76.2,delivered,accepted,2025-02-25 21:41:42 UTC,
RAB40D2D1D4B20,L05C334B6D5D0,P010,2025-03-31 09:24:45 UTC,1,79.13,delivered,accepted,2025-03-31 09:25:56 UTC,
RA6C10514DDDBC,L8A4DEAFBDFF5,P003,2025-02-26 10:47:43 UTC,1,71.09,delivered,accepted,2025-02-26 10:48:53 UTC,
RAA59E75F20D69,L56E2BF478C5E,P009,2025-01-22 21:41:30 UTC,1,64.81,delivered,accepted,2025-01-22 21:43:20 UTC,
RA7446E49C4458,L2AF49CBBADB8,P007,2025-06-21 07:40:23 UTC,1,133.32,delivered,rejected,2025-06-21 07:43:02 UTC,quality
RA4A8BA24F4EE3,L3CBDBC69CAA4,P010,2025-06-28 09:20:24 UTC,1,63.78,delivered,accepted,2025-06-28 09:25:09 UTC,
RADE397A4009C4,L5A6CA0386788,P006,2025-01-05 08:01:16 UTC,1,134.34,delivered,accepted,2025-01-05 08:02:10 UTC,
RAB0B28EB93062,LE38147C5495A,P008,2025-03-26 22:12:26 UTC,1,74.23,delivered,capacity_exceeded,2025-03-26 22:12:45 UTC,price_too_low
RAD0A98CFFAE3A,LA8795C4979E9,P005,2025-01-08 19:33:43 UTC,1,100.85,delivered,accepted,2025-01-08 19:38:17 UTC,
RA5CB120C98A16,L65BE3EA9DCF2,P002,2025-04-21 18:19:02 UTC,1,76.79,delivered,accepted,2025-04-21 18:20:49 UTC,
RA13A550FA8E82,L1BD96CB34CE9,P002,2025-02-06 08:30:07 UTC,1,69.96,delivered,accepted,2025-02-06 08:32:56 UTC,
RA1F12BAC732A7,L7A416BBAA325,P009,2025-05-29 19:24:12 UTC,1,61.75,delivered,accepted,2025-05-29 19:29:12 UTC,
RA409974352F21,L9C22A8FBFC6A,P003,2025-01-19 12:04:24 UTC,1,76.68,delivered,accepted,2025-01-19 12:06:39 UTC,
RAFDEB4463AEF0,L0F19C320F0D1,P005,2025-02-23 21:04:34 UTC,1,100.85,delivered,accepted,2025-02-23 21:08:06 UTC,
RA806B262A6920,LC87DD412C0F3,P003,2025-03-26 15:33:14 UTC,1,59.53,delivered,no_response,2025-03-26 15:35:55 UTC,price_too_low
RA49E04419ADFC,LC87DD412C0F3,P008,2025-03-26 15:33:37 UTC,2,66.64,delivered,accepted,2025-03-26 15:35:10 UTC,
RA37182AEC8D50,L13B0B251099F,P010,2025-03-04 21:29:28 UTC,1,74.82,delivered,accepted,2025-03-04 21:31:05 UTC,
RAB99E0FF857A6,L652F750138D2,P010,2025-05-31 17:13:00 UTC,1,70.11,delivered,accepted,2025-05-31 17:13:26 UTC,
RAE7003FC3694A,LE6812C22C529,P010,2025-03-19 15:14:57 UTC,1,71.7,delivered,rejected,2025-03-19 15:18:04 UTC,state_not_covered
RA5CC956CB8573,LE6812C22C529,P008,2025-03-19 15:14:50 UTC,2,72.12,delivered,accepted,2025-03-19 15:18:16 UTC,
RA470536B4C499,L349178FA1B82,P006,2025-05-27 07:17:34 UTC,1,109.54,delivered,no_response,2025-05-27 07:21:32 UTC,price_too_low
RA9256F2843AB5,L349178FA1B82,P007,2025-05-27 07:17:35 UTC,2,136.18,delivered,capacity_exceeded,2025-05-27 07:21:34 UTC,quality
RA646C82F1ECFA,L8A956CAC4A65,P006,2025-04-11 14:21:29 UTC,1,115.0,delivered,accepted,2025-04-11 14:24:03 UTC,
RA4D455259D117,L54714B1780E9,P009,2025-04-08 22:39:49 UTC,1,56.98,delivered,rejected,2025-04-08 22:40:50 UTC,quality
RA806ECD049A29,L54714B1780E9,P003,2025-04-08 22:39:31 UTC,2,76.83,delivered,accepted,2025-04-08 22:42:13 UTC,
RAA703C54F722C,L71094D2D7B95,P003,2025-06-28 11:52:01 UTC,1,63.59,delivered,rejected,2025-06-28 11:54:53 UTC,price_too_low
RA77BDE1B855F0,L4508291B2AD7,P002,2025-05-27 14:56:17 UTC,1,67.76,delivered,no_response,2025-05-27 15:00:44 UTC,capacity
RA4452F4607725,L118380D00F65,P003,2025-04-22 13:42:42 UTC,1,58.55,delivered,accepted,2025-04-22 13:46:32 UTC,
RA910F6ABAF858,L113956570485,P002,2025-06-23 21:25:52 UTC,1,67.07,delivered,rejected,2025-06-23 21:27:11 UTC,quality
RA66F6F3903977,L93F8A232BCAD,P001,2025-05-25 20:33:35 UTC,1,63.66,delivered,no_response,2025-05-25 20:34:39 UTC,state_not_covered
RA28C56DD74BEC,L93F8A232BCAD,P002,2025-05-25 20:33:49 UTC,2,86.12,delivered,accepted,2025-05-25 20:37:27 UTC,
RA4ECA963FC83B,L3200E8785237,P009,2025-05-15 14:11:51 UTC,1,61.29,delivered,no_response,2025-05-15 14:13:07 UTC,quality
RA4C68E2EEEE5E,L3200E8785237,P001,2025-05-15 14:11:17 UTC,2,69.81,delivered,accepted,2025-05-15 14:13:50 UTC,
RAFE9CECFE5D1C,LA68F22AFF0AA,P002,2025-06-15 08:07:41 UTC,1,81.95,delivered,capacity_exceeded,2025-06-15 08:10:28 UTC,price_too_low
RAD5946D656FFE,L2B162FA1244C,P001,2025-05-24 14:35:39 UTC,1,69.34,delivered,accepted,2025-05-24 14:36:43 UTC,
RA5464A2B37D89,LB7278C656BE6,P003,2025-05-05 07:45:07 UTC,1,63.4,delivered,rejected,2025-05-05 07:47:45 UTC,price_too_low
RA1642931ECDE0,LE296580D1249,P003,2025-01-04 14:32:40 UTC,1,76.04,delivered,no_response,2025-01-04 14:37:25 UTC,state_not_covered
RAEA03220C8C2C,LE6874F708669,P002,2025-03-29 13:06:28 UTC,1,76.7,delivered,capacity_exceeded,2025-03-29 13:07:53 UTC,quality
RA0219095B2D8A,LE6874F708669,P003,2025-03-29 13:06:35 UTC,2,73.38,delivered,capacity_exceeded,2025-03-29 13:08:27 UTC,price_too_low
RABB4A753A58F7,LE6874F708669,P010,2025-03-29 13:06:33 UTC,3,76.28,delivered,rejected,2025-03-29 13:09:11 UTC,quality
RAF89D3AEE246B,LD6847F7EA1B5,P001,2025-06-19 20:38:25 UTC,1,66.73,delivered,accepted,2025-06-19 20:41:59 UTC,
RA3DCF57DA5A88,L99335A4C6474,P010,2025-05-24 09:10:21 UTC,1,74.77,delivered,accepted,2025-05-24 09:13:02 UTC,
RAF6B4F37DE580,L92591290A11A,P003,2025-06-16 18:10:12 UTC,1,66.37,delivered,accepted,2025-06-16 18:15:07 UTC,
RADA28B6914569,LD69A45A4D3D7,P005,2025-01-31 11:26:40 UTC,1,104.63,delivered,accepted,2025-01-31 11:30:17 UTC,
RAC9CC638B0FA1,LC5167B8AFF88,P003,2025-05-30 10:38:26 UTC,1,77.64,delivered,accepted,2025-05-30 10:40:20 UTC,
RAC356303F6608,L8406DD7C7BFF,P003,2025-01-03 19:51:43 UTC,1,58.85,delivered,accepted,2025-01-03 19:54:06 UTC,
RA0B1D2DC7E453,L5B570FDD6F55,P003,2025-04-02 10:16:05 UTC,1,67.23,delivered,capacity_exceeded,2025-04-02 10:16:58 UTC,quality
RA793FB279F424,L8E711D55CC0F,P009,2025-05-29 22:58:41 UTC,1,60.99,delivered,accepted,2025-05-29 23:02:37 UTC,
RAA1C8B00D636C,LDECE37E0743A,P005,2025-02-27 23:10:33 UTC,1,94.83,delivered,accepted,2025-02-27 23:14:29 UTC,
RA92CE59D7D914,L885954AB7326,P010,2025-05-30 15:25:59 UTC,1,74.8,delivered,accepted,2025-05-30 15:27:24 UTC,
RA9F473A380C1F,L78FBA898F8C4,P002,2025-01-22 07:51:01 UTC,1,78.21,delivered,rejected,2025-01-22 07:54:51 UTC,quality
RA395D39902DD3,L0C4B1B843C0B,P006,2025-04-01 08:03:32 UTC,1,109.69,delivered,accepted,2025-04-01 08:07:07 UTC,
RA7E120BC44F87,L71A7D9748882,P002,2025-02-02 08:43:04 UTC,1,83.51,delivered,accepted,2025-02-02 08:46:38 UTC,
RA09EC25A44D5C,LC21616896DF8,P001,2025-06-13 20:13:30 UTC,1,70.05,delivered,accepted,2025-06-13 20:17:28 UTC,
RA7740B8CDF45A,L1AD4F197BD97,P002,2025-05-15 11:22:15 UTC,1,79.18,delivered,accepted,2025-05-15 11:26:49 UTC,
RAB325F00A09DA,L35D77E5180BC,P003,2025-03-11 22:03:08 UTC,1,66.92,delivered,accepted,2025-03-11 22:05:35 UTC,
RAEE5FC0811C42,L3861F21E2854,P001,2025-03-30 22:33:27 UTC,1,58.23,delivered,accepted,2025-03-30 22:35:43 UTC,
RAF4185F542BCD,L98C0EBB32FC3,P009,2025-06-20 17:11:40 UTC,1,57.91,delivered,accepted,2025-06-20 17:13:50 UTC,
RA341200B2819A,LA818D4CC07C5,P010,2025-03-30 19:43:16 UTC,1,80.88,delivered,accepted,2025-03-30 19:46:18 UTC,
RAD0C58A1568BD,L8BDB36928DF3,P003,2025-03-10 13:47:46 UTC,1,74.11,delivered,no_response,2025-03-10 13:52:39 UTC,capacity
RA9B8FC2E488E4,L31EC86AC232B,P001,2025-05-11 18:25:37 UTC,1,65.57,delivered,rejected,2025-05-11 18:26:25 UTC,quality
RAB4F66787C096,LE27192BC622B,P001,2025-06-02 19:27:29 UTC,1,57.2,delivered,accepted,2025-06-02 19:28:22 UTC,
RAA15F79C77A38,L36C905981A2A,P003,2025-03-04 10:37:29 UTC,1,74.13,delivered,accepted,2025-03-04 10:40:58 UTC,
RAAFD0DDAB772D,L91CBAE852869,P010,2025-05-05 21:53:32 UTC,1,68.49,delivered,rejected,2025-05-05 21:57:49 UTC,quality
RA54E71D8793E2,L25D93261FBC1,P010,2025-04-16 15:25:59 UTC,1,69.91,delivered,rejected,2025-04-16 15:27:24 UTC,quality
RA6FA222D49AD1,L013F0B7BC10F,P010,2025-05-11 09:02:32 UTC,1,65.77,delivered,accepted,2025-05-11 09:05:41 UTC,
RA8B42403A7995,L026027E6E92C,P001,2025-02-03 10:12:36 UTC,1,68.93,delivered,accepted,2025-02-03 10:15:50 UTC,
RA336CFD214533,LB793C023B487,P010,2025-03-11 10:29:10 UTC,1,63.28,delivered,rejected,2025-03-11 10:30:59 UTC,state_not_covered
RADCD9BB4C8A28,LB7336032A258,P010,2025-06-07 18:05:26 UTC,1,75.94,delivered,no_response,2025-06-07 18:06:45 UTC,state_not_covered
RADF213B7FB1F4,L621AF38ACE92,P010,2025-03-25 19:58:48 UTC,1,71.44,delivered,accepted,2025-03-25 20:03:44 UTC,
RAD9041CD39565,L1C05B51FE21B,P010,2025-05-27 17:47:37 UTC,1,64.57,delivered,capacity_exceeded,2025-05-27 17:50:32 UTC,capacity
RA9AAE8C306AA4,L1C05B51FE21B,P009,2025-05-27 17:47:30 UTC,2,53.78,delivered,accepted,2025-05-27 17:50:52 UTC,
RA07E4755ABAAD,LCD76673C9B5A,P003,2025-05-19 17:52:28 UTC,1,65.53,delivered,capacity_exceeded,2025-05-19 17:57:02 UTC,price_too_low
RA0BF68F786AA6,L8BB587BAC26D,P009,2025-05-29 07:34:28 UTC,1,55.76,delivered,capacity_exceeded,2025-05-29 07:36:01 UTC,state_not_covered
RACE1104106F31,L6C6E00EEB595,P003,2025-01-30 23:06:51 UTC,1,58.63,delivered,accepted,2025-01-30 23:08:45 UTC,
RA76D2907F9623,L4BB5CA985ED4,P003,2025-06-27 09:29:50 UTC,1,62.49,delivered,accepted,2025-06-27 09:32:13 UTC,
RAB817B0F18DEA,L18005CE57C66,P003,2025-01-05 19:34:52 UTC,1,77.93,delivered,no_response,2025-01-05 19:36:45 UTC,state_not_covered
RABA8D0DAD1183,L18005CE57C66,P002,2025-01-05 19:34:43 UTC,2,78.89,delivered,accepted,2025-01-05 19:37:20 UTC,
RAB4B6193E135E,L7EB9DCDEE425,P002,2025-01-25 10:24:38 UTC,1,69.23,delivered,accepted,2025-01-25 10:27:28 UTC,
RA91353B5ED0A2,L5C60CCF2E8D7,P003,2025-01-05 10:03:02 UTC,1,69.33,delivered,accepted,2025-01-05 10:07:16 UTC,
RA5ACF609A9BD7,L6CAA73B70C2A,P002,2025-04-07 09:11:16 UTC,1,78.56,delivered,accepted,2025-04-07 09:12:18 UTC,
RA70F045C5E1A6,L6FA1D1F31C61,P001,2025-02-13 12:55:26 UTC,1,70.45,delivered,accepted,2025-02-13 12:57:22 UTC,
RA961980BEC4FF,LBBF0EAA11395,P005,2025-01-29 18:23:52 UTC,1,89.86,delivered,rejected,2025-01-29 18:27:14 UTC,quality
RAF7A9FE1E7558,LE23235801E4F,P010,2025-04-26 21:14:22 UTC,1,62.25,delivered,accepted,2025-04-26 21:15:40 UTC,
RA965E566E3F5A,L4B5426318AB6,P002,2025-06-27 08:35:05 UTC,1,80.63,delivered,accepted,2025-06-27 08:38:03 UTC,
RA96F9F44A75E1,L3A5624FF9341,P006,2025-05-27 23:10:24 UTC,1,119.38,delivered,accepted,2025-05-27 23:11:33 UTC,
RA43F7CCFF4345,L101FBD87AA07,P002,2025-06-01 15:45:54 UTC,1,69.97,delivered,accepted,2025-06-01 15:46:12 UTC,
RA10EBD4E2ABF2,L120F8A3F8E92,P005,2025-05-28 21:13:31 UTC,1,97.24,delivered,accepted,2025-05-28 21:14:04 UTC,
RA7D71B22CBCB8,L34C614F93A8E,P003,2025-06-15 11:28:00 UTC,1,63.64,delivered,accepted,2025-06-15 11:31:41 UTC,
RA9BA9B6EE653D,L98742538A0A2,P010,2025-04-27 11:15:31 UTC,1,69.39,delivered,accepted,2025-04-27 11:19:40 UTC,
RA3CD0FF5414E7,LEC96F89A4356,P003,2025-03-26 11:07:07 UTC,1,66.53,delivered,no_response,2025-03-26 11:09:44 UTC,state_not_covered
RA7E720A0FE408,L8A4EBF85A3E7,P003,2025-06-25 08:51:46 UTC,1,71.44,delivered,capacity_exceeded,2025-06-25 08:51:58 UTC,state_not_covered
RA426CF5F7740C,L814625532E31,P010,2025-05-07 07:37:22 UTC,1,75.2,delivered,capacity_exceeded,2025-05-07 07:41:56 UTC,quality
RADAC533E804B1,L166272EC1A64,P010,2025-01-02 12:26:32 UTC,1,74.18,delivered,accepted,2025-01-02 12:30:07 UTC,
RA61A1949FD39A,LAECD2D1A8C68,P010,2025-06-09 20:04:16 UTC,1,78.99,delivered,accepted,2025-06-09 20:04:48 UTC,
RA0BD6BEB1A886,L659888609B90,P002,2025-03-19 20:23:36 UTC,1,70.07,delivered,no_response,2025-03-19 20:25:48 UTC,state_not_covered
RA47DCBC351ED3,L0404B128E77A,P002,2025-05-14 11:02:50 UTC,1,77.21,delivered,accepted,2025-05-14 11:04:14 UTC,
RA5D247F1DCAA5,L1FBE89D3EE46,P010,2025-01-07 10:17:54 UTC,1,81.38,delivered,accepted,2025-01-07 10:18:38 UTC,
RAF7DC28CC8D34,L8E04012F0438,P003,2025-03-10 22:18:00 UTC,1,69.77,delivered,rejected,2025-03-10 22:22:50 UTC,price_too_low
RA7BE698B1DF77,LF02E088CBEB8,P003,2025-02-12 19:37:48 UTC,1,73.34,delivered,accepted,2025-02-12 19:41:07 UTC,
RAD31BA6E05F64,LB82750B476AB,P002,2025-02-26 23:14:22 UTC,1,76.95,delivered,capacity_exceeded,2025-02-26 23:17:47 UTC,capacity
RAC5ED2F5DB303,L02E76B02FE2F,P002,2025-04-07 09:34:39 UTC,1,78.48,delivered,accepted,2025-04-07 09:38:02 UTC,
RAAC0184DAD187,L8FA86215A549,P003,2025-05-11 23:14:30 UTC,1,58.82,delivered,capacity_exceeded,2025-05-11 23:14:41 UTC,price_too_low
RA79A2A5CD9932,L8FA86215A549,P010,2025-05-11 23:14:07 UTC,2,66.19,delivered,capacity_exceeded,2025-05-11 23:16:50 UTC,quality
RAB70ABAAC58A1,L8FA86215A549,P002,2025-05-11 23:14:23 UTC,3,73.97,delivered,rejected,2025-05-11 23:18:47 UTC,quality
RA2A1EE59AE4FB,L724CC1B68B1E,P001,2025-02-23 19:27:43 UTC,1,63.62,delivered,accepted,2025-02-23 19:30:07 UTC,
RAB3A4828D52F0,L7089541C07FF,P005,2025-04-21 07:22:25 UTC,1,92.99,delivered,accepted,2025-04-21 07:25:08 UTC,
RA8C3311B506D9,L6508C09DD54F,P010,2025-04-29 21:05:53 UTC,1,61.7,delivered,accepted,2025-04-29 21:06:20 UTC,
RA0A571CD53B7F,L11C612595F7B,P002,2025-03-19 22:17:18 UTC,1,71.34,delivered,accepted,2025-03-19 22:21:26 UTC,
RAE0E88871DB31,L2B157DBEC740,P002,2025-04-25 18:15:24 UTC,1,79.23,delivered,accepted,2025-04-25 18:19:55 UTC,
RAC11852100A23,LD5C3CBEA4E52,P002,2025-05-18 21:03:08 UTC,1,65.89,delivered,accepted,2025-05-18 21:03:18 UTC,
RAF7D2A2A61B40,LE4B2908D8A3F,P010,2025-05-04 16:55:04 UTC,1,62.89,delivered,capacity_exceeded,2025-05-04 16:59:23 UTC,quality
RA87E565E1E62C,LAD1F1B490FEC,P005,2025-04-17 18:26:22 UTC,1,110.44,delivered,no_response,2025-04-17 18:28:53 UTC,quality
RA80FFB420AEF5,L97A13484E037,P010,2025-05-08 08:54:52 UTC,1,80.43,delivered,accepted,2025-05-08 08:56:47 UTC,
RA5C28509951C8,L900528E46A78,P003,2025-04-07 19:37:30 UTC,1,64.5,delivered,accepted,2025-04-07 19:38:22 UTC,
RAE169076F49EA,LEBC50237100F,P006,2025-06-28 12:45:58 UTC,1,127.17,delivered,accepted,2025-06-28 12:49:11 UTC,
RA1E8AD3DB1FEB,LF530FCEA5803,P005,2025-03-20 16:54:00 UTC,1,89.27,delivered,capacity_exceeded,2025-03-20 16:57:35 UTC,price_too_low
RA419EB10A3B8F,LBE3ED9962018,P010,2025-01-01 16:12:50 UTC,1,69.48,delivered,accepted,2025-01-01 16:16:34 UTC,
RA63231CCCBD8C,L629162DBE2F2,P007,2025-04-25 20:45:07 UTC,1,139.46,delivered,accepted,2025-04-25 20:48:55 UTC,
RA24F0B2A33160,L23A0373C6800,P010,2025-01-06 13:20:48 UTC,1,62.63,delivered,accepted,2025-01-06 13:23:03 UTC,
RAEE1663A98E13,LF2C1FEFD42BB,P003,2025-01-22 12:32:53 UTC,1,60.11,delivered,capacity_exceeded,2025-01-22 12:36:20 UTC,capacity
RA5552D5280001,L27F41DDE1BD0,P005,2025-01-29 11:34:11 UTC,1,115.04,delivered,accepted,2025-01-29 11:37:38 UTC,
RAC04D8094D6DE,L4F9BE6C9351A,P002,2025-04-19 12:12:35 UTC,1,82.06,delivered,accepted,2025-04-19 12:17:10 UTC,
RA2C2FB06434BD,LBD0E0536CD42,P005,2025-04-30 18:53:45 UTC,1,120.07,delivered,accepted,2025-04-30 18:57:26 UTC,
RAB054C0AFF806,LEF4B2036E339,P010,2025-06-16 20:49:23 UTC,1,81.32,delivered,no_response,2025-06-16 20:53:36 UTC,capacity
RA246AC22F4DE2,L70816713D381,P005,2025-03-06 18:40:47 UTC,1,113.04,delivered,capacity_exceeded,2025-03-06 18:41:51 UTC,state_not_covered
RAAB8D6B308866,LD5A67CE20B27,P010,2025-03-14 08:45:53 UTC,1,73.82,delivered,accepted,2025-03-14 08:50:32 UTC,
RAA5AF8A5E52D1,L47DC0B310896,P003,2025-05-30 21:00:37 UTC,1,77.99,delivered,capacity_exceeded,2025-05-30 21:03:29 UTC,quality
RA18753DD3F3FE,LEEEB7BAA11EC,P010,2025-04-21 17:21:08 UTC,1,68.91,delivered,accepted,2025-04-21 17:21:45 UTC,
RA264BA6AA020B,L3DC53A3C1F07,P010,2025-03-19 18:10:50 UTC,1,67.43,delivered,accepted,2025-03-19 18:13:20 UTC,
RA6D34A4B79D62,L8746C0771F5D,P009,2025-03-18 16:07:12 UTC,1,59.01,delivered,accepted,2025-03-18 16:07:22 UTC,
RA842912A5268A,LE358EDDAC635,P001,2025-04-30 12:39:35 UTC,1,64.13,delivered,accepted,2025-04-30 12:42:30 UTC,
RADBD024CA64B7,LD81B6EB67982,P001,2025-02-19 12:16:45 UTC,1,57.21,delivered,capacity_exceeded,2025-02-19 12:17:54 UTC,capacity
RA4C40150D4A0C,LCD51D4C240D9,P010,2025-05-03 22:45:18 UTC,1,64.94,delivered,rejected,2025-05-03 22:47:17 UTC,price_too_low
RA7D782FCF7841,LCD51D4C240D9,P002,2025-05-03 22:45:11 UTC,2,67.54,delivered,no_response,2025-05-03 22:46:21 UTC,capacity
RAE35C5B12AD95,LFEDD73AADB72,P005,2025-02-26 17:14:25 UTC,1,118.82,delivered,accepted,2025-02-26 17:16:57 UTC,
RA9DFFA925B31D,L2AE794005347,P002,2025-01-06 19:36:16 UTC,1,70.35,delivered,accepted,2025-01-06 19:36:53 UTC,
RA69F1B5D85F5B,L639CA2D2DCF4,P002,2025-01-15 21:44:11 UTC,1,77.0,delivered,accepted,2025-01-15 21:48:15 UTC,
RA3690F5B7A869,L4EF4BD803624,P010,2025-04-15 12:05:17 UTC,1,79.88,delivered,accepted,2025-04-15 12:06:50 UTC,
RAA189F48BF3C5,LEB09E8851DD4,P005,2025-01-10 08:58:28 UTC,1,96.78,delivered,accepted,2025-01-10 08:59:56 UTC,
RA52489A354F39,LE6672D150798,P002,2025-04-06 07:41:29 UTC,1,77.61,delivered,accepted,2025-04-06 07:46:19 UTC,
RAAA027AE78029,LD60756F3874E,P010,2025-04-19 12:50:56 UTC,1,71.32,delivered,accepted,2025-04-19 12:55:02 UTC,
RA1C7CA1939099,L66846C9F3737,P003,2025-02-04 12:21:25 UTC,1,73.59,delivered,capacity_exceeded,2025-02-04 12:23:48 UTC,capacity
RA2A1A3445C8CA,L66846C9F3737,P010,2025-02-04 12:21:37 UTC,2,67.09,delivered,accepted,2025-02-04 12:25:24 UTC,
RAB1AF5F136139,L37BA56605907,P003,2025-02-19 18:52:18 UTC,1,65.52,delivered,accepted,2025-02-19 18:56:12 UTC,
RAD49FF4901A9B,L701C1ADA26E6,P008,2025-01-24 07:39:52 UTC,1,81.58,delivered,no_response,2025-01-24 07:43:26 UTC,state_not_covered
RA0BA989899BD2,L40C7C218B079,P003,2025-01-03 16:32:16 UTC,1,63.27,delivered,capacity_exceeded,2025-01-03 16:34:22 UTC,price_too_low
RA4B385C75E793,L739150E53601,P002,2025-02-13 19:44:58 UTC,1,67.24,delivered,accepted,2025-02-13 19:47:28 UTC,
RA73B774E92BA5,L08F2D310BE73,P001,2025-04-28 14:02:53 UTC,1,58.25,delivered,accepted,2025-04-28 14:03:59 UTC,
RA2AB0D85350DE,LAADDE3209B1C,P003,2025-03-20 21:56:52 UTC,1,67.9,delivered,capacity_exceeded,2025-03-20 21:59:17 UTC,price_too_low
RAF74F5B078A27,LAADDE3209B1C,P009,2025-03-20 21:57:17 UTC,2,65.66,delivered,rejected,2025-03-20 21:57:30 UTC,capacity
RA69C9DBE8BF29,L06BE4812DFC4,P002,2025-01-14 21:39:29 UTC,1,75.36,delivered,capacity_exceeded,2025-01-14 21:41:49 UTC,capacity
RA2E9D1321DE02,L06BE4812DFC4,P008,2025-01-14 21:39:02 UTC,2,81.13,delivered,accepted,2025-01-14 21:42:45 UTC,
RA844719EE86DE,L22F777CAD3F4,P003,2025-04-05 20:14:34 UTC,1,62.33,delivered,accepted,2025-04-05 20:18:22 UTC,
RA4ECE5CF8A6FD,LF686AE74A5A8,P005,2025-04-28 17:08:32 UTC,1,102.79,delivered,accepted,2025-04-28 17:11:41 UTC,
RA44F1B416BB20,L64C765E99526,P004,2025-01-13 20:30:55 UTC,1,100.3,delivered,accepted,2025-01-13 20:32:16 UTC,
RA3BE5735C24BF,L4829DA236611,P002,2025-01-04 11:45:46 UTC,1,70.98,delivered,accepted,2025-01-04 11:48:29 UTC,
RA0E5D962B18B1,L73D45D7CB79F,P010,2025-06-25 19:30:41 UTC,1,71.22,delivered,no_response,2025-06-25 19:34:47 UTC,quality
RA01B5786BD5AF,LEFAB1BCEC619,P002,2025-04-18 09:55:29 UTC,1,85.81,delivered,accepted,2025-04-18 09:57:49 UTC,
RA525ECDA0373E,L188B71CF0CC5,P003,2025-03-08 15:51:17 UTC,1,67.6,delivered,accepted,2025-03-08 15:52:10 UTC,
RA9590620DD29C,LE54B5CE3FE21,P002,2025-01-14 21:22:25 UTC,1,69.02,delivered,accepted,2025-01-14 21:25:44 UTC,
RABA35A36C2B9C,L1F316DC58173,P010,2025-01-07 19:16:56 UTC,1,79.65,delivered,accepted,2025-01-07 19:19:09 UTC,
RA2E9E7D551944,LFA587DA9FFA7,P002,2025-04-22 09:56:25 UTC,1,70.68,delivered,accepted,2025-04-22 09:57:36 UTC,
RA3348F28ABB11,L593F1A96BF6E,P006,2025-04-09 09:13:54 UTC,1,132.05,delivered,accepted,2025-04-09 09:16:35 UTC,
RAB3E5AA29CC45,L39C880F7AE81,P010,2025-05-10 15:10:26 UTC,1,77.63,delivered,accepted,2025-05-10 15:15:24 UTC,
RA807452EA93CE,L49C39ABDEF41,P008,2025-02-11 13:11:31 UTC,1,88.34,delivered,accepted,2025-02-11 13:12:16 UTC,
RAC46E6C662D71,L1342C357BEA3,P002,2025-06-04 14:44:33 UTC,1,77.3,delivered,accepted,2025-06-04 14:48:45 UTC,
RADC6F6851B559,L1864DCDE639C,P007,2025-04-08 16:31:11 UTC,1,145.11,delivered,accepted,2025-04-08 16:35:10 UTC,
RAE96B3ED0867B,LBC7ADDDEC263,P003,2025-01-22 07:59:43 UTC,1,68.53,delivered,capacity_exceeded,2025-01-22 08:02:00 UTC,quality
RA71E2BE26170E,LBC7ADDDEC263,P009,2025-01-22 07:59:54 UTC,2,49.85,delivered,capacity_exceeded,2025-01-22 08:03:52 UTC,state_not_covered
RA790CF61A848B,L62DB66F99BFA,P005,2025-02-09 10:50:54 UTC,1,102.03,delivered,capacity_exceeded,2025-02-09 10:53:22 UTC,capacity
RAB959C41015F7,L015230B812F6,P006,2025-06-04 08:42:28 UTC,1,129.79,delivered,accepted,2025-06-04 08:43:36 UTC,
RAAFD64EF8A016,L6EED7A69ADE3,P003,2025-03-22 09:02:26 UTC,1,70.89,delivered,capacity_exceeded,2025-03-22 09:07:02 UTC,price_too_low
RA42FD76ECDF58,L6EED7A69ADE3,P001,2025-03-22 09:02:44 UTC,2,71.35,delivered,accepted,2025-03-22 09:05:07 UTC,
RAD8A1AF3B1987,LB6D2320DB00E,P005,2025-04-13 12:34:51 UTC,1,101.11,delivered,accepted,2025-04-13 12:35:15 UTC,
RA36198FA054FE,L06E89712DF73,P001,2025-03-24 14:42:58 UTC,1,68.11,delivered,accepted,2025-03-24 14:46:48 UTC,
RA266FB575D7A4,L4D12338FCBF7,P002,2025-04-27 11:38:37 UTC,1,65.83,delivered,accepted,2025-04-27 11:40:36 UTC,
RAD20423C4403A,L3F75C5BF869B,P003,2025-03-02 20:42:54 UTC,1,59.75,delivered,accepted,2025-03-02 20:43:46 UTC,
RA2FB8D904A93C,LEDBECDE2AB77,P009,2025-02-18 13:05:20 UTC,1,51.9,delivered,accepted,2025-02-18 13:09:14 UTC,
RA3C9776331CCF,L45423C42189F,P010,2025-04-25 10:02:10 UTC,1,76.27,delivered,accepted,2025-04-25 10:04:41 UTC,
RA2F8417726EDD,L59EF4C97B1CE,P002,2025-04-30 20:05:38 UTC,1,69.93,delivered,no_response,2025-04-30 20:05:50 UTC,capacity
RA42BD94CD6F43,L939AD67A240E,P010,2025-05-03 12:23:21 UTC,1,74.35,delivered,accepted,2025-05-03 12:25:09 UTC,
RA1923323D56E8,L964A7684A3E4,P005,2025-03-25 14:34:33 UTC,1,110.9,delivered,capacity_exceeded,2025-03-25 14:37:56 UTC,price_too_low
RA1E6C3D9392D0,LE44436CB9BFA,P002,2025-04-11 16:57:15 UTC,1,75.04,delivered,accepted,2025-04-11 17:01:35 UTC,
RA251BAA8B7DF2,L720CFB9181A6,P007,2025-01-04 22:19:02 UTC,1,113.07,delivered,no_response,2025-01-04 22:20:29 UTC,price_too_low
RAA4E095FB41E5,L115754E40C7F,P009,2025-02-28 19:34:51 UTC,1,56.64,delivered,rejected,2025-02-28 19:37:05 UTC,state_not_covered
RAF144C1AB6539,L115754E40C7F,P003,2025-02-28 19:34:10 UTC,2,65.01,delivered,accepted,2025-02-28 19:35:17 UTC,
RA77EB9A14266A,L2A34D20C4E78,P010,2025-05-31 18:34:35 UTC,1,62.4,delivered,no_response,2025-05-31 18:35:50 UTC,price_too_low
RA213734A27ED8,L660E267A58EB,P003,2025-04-10 11:21:53 UTC,1,76.95,delivered,accepted,2025-04-10 11:25:14 UTC,
RAD9A1F57B4496,LDD12F9AAA0EE,P010,2025-03-03 12:54:39 UTC,1,67.89,delivered,accepted,2025-03-03 12:55:08 UTC,
RA59F859C531EF,L9EE9A1A01DEF,P002,2025-06-01 13:44:06 UTC,1,79.73,delivered,accepted,2025-06-01 13:45:29 UTC,
RADEADFAB3FBD5,L9CB695DA70EA,P009,2025-03-28 08:07:11 UTC,1,53.64,delivered,no_response,2025-03-28 08:07:39 UTC,capacity
RAC982DD67C177,L954A33C99B8B,P005,2025-05-28 09:21:58 UTC,1,92.21,delivered,capacity_exceeded,2025-05-28 09:24:38 UTC,quality
RA9B4443A4FD76,L2332607D9BF2,P010,2025-01-02 22:46:15 UTC,1,61.62,delivered,no_response,2025-01-02 22:49:45 UTC,quality
RA2AA010AC49AD,L2332607D9BF2,P008,2025-01-02 22:46:56 UTC,2,81.73,delivered,accepted,2025-01-02 22:48:32 UTC,
RA5D8B561C0481,LD9A28B8A939E,P005,2025-06-11 08:28:21 UTC,1,90.97,delivered,no_response,2025-06-11 08:29:08 UTC,price_too_low
RA483BD34F5D7D,L011E4FD5A78A,P010,2025-02-01 09:19:42 UTC,1,64.04,delivered,accepted,2025-02-01 09:19:55 UTC,
RAE88E1CE3C08A,L91FA591987B9,P010,2025-05-02 07:57:03 UTC,1,72.83,delivered,accepted,2025-05-02 08:01:10 UTC,
RAA38B95D22C6E,LAE2304C47169,P009,2025-02-19 15:24:02 UTC,1,57.93,delivered,no_response,2025-02-19 15:26:51 UTC,capacity
RA52E7AEA87E9D,L2133D642059C,P001,2025-01-23 17:38:10 UTC,1,56.88,delivered,accepted,2025-01-23 17:42:36 UTC,
RA22DDE9F6FE67,L69263F261C4B,P003,2025-06-15 20:09:56 UTC,1,69.46,delivered,accepted,2025-06-15 20:13:37 UTC,
RA1E8EE2266972,L8BFE3120BED7,P003,2025-02-16 18:49:36 UTC,1,62.72,delivered,accepted,2025-02-16 18:52:05 UTC,
RABC1334B9917B,L9FDDACA83090,P002,2025-02-13 10:03:01 UTC,1,85.56,delivered,accepted,2025-02-13 10:03:30 UTC,
RA10D4A8956F4D,LEBAEB6C82DA2,P002,2025-05-07 07:54:25 UTC,1,67.18,delivered,accepted,2025-05-07 07:59:05 UTC,
RAF2FDEFCBD19E,L5A8F9AEFC357,P010,2025-01-24 13:16:41 UTC,1,73.61,delivered,accepted,2025-01-24 13:16:51 UTC,
RA2F669505320B,L137250DB9679,P008,2025-02-09 18:49:09 UTC,1,73.88,delivered,accepted,2025-02-09 18:49:59 UTC,
RA4F8034C7D764,L939EF49FFDAD,P010,2025-01-10 10:08:42 UTC,1,62.91,delivered,accepted,2025-01-10 10:12:31 UTC,
RA5FB9A2389DD2,L906FC151088B,P002,2025-04-19 14:32:16 UTC,1,77.48,delivered,accepted,2025-04-19 14:33:34 UTC,
RAD5C6B6A79C67,L5AE8BC0DDF03,P009,2025-06-06 20:19:22 UTC,1,59.89,delivered,accepted,2025-06-06 20:23:04 UTC,
RAD99733ADBE72,L7D9B8BEC70EC,P010,2025-02-02 08:14:14 UTC,1,69.65,delivered,accepted,2025-02-02 08:15:43 UTC,
RAA389CDFB3CA5,LCACA70F0094B,P001,2025-04-21 15:26:26 UTC,1,68.3,delivered,no_response,2025-04-21 15:30:58 UTC,price_too_low
RAA913C2D4FC75,LCACA70F0094B,P003,2025-04-21 15:26:43 UTC,2,64.22,delivered,accepted,2025-04-21 15:27:27 UTC,
RA3F401F52F2EA,L1038395EE6C3,P010,2025-03-28 17:55:51 UTC,1,62.61,delivered,rejected,2025-03-28 17:56:43 UTC,state_not_covered
RAC18E29052803,L1038395EE6C3,P007,2025-03-28 17:55:57 UTC,2,142.39,delivered,rejected,2025-03-28 17:58:29 UTC,price_too_low
RAF335FE6D6629,LB6CA158E65B8,P003,2025-04-03 14:09:44 UTC,1,59.58,delivered,accepted,2025-04-03 14:10:18 UTC,
RA8EDF76922D33,LE397384C3AA5,P001,2025-05-22 21:36:05 UTC,1,59.06,delivered,rejected,2025-05-22 21:40:19 UTC,quality
RA794F5088ACB8,LEA20345B5882,P010,2025-04-04 18:54:37 UTC,1,75.34,delivered,accepted,2025-04-04 18:58:31 UTC,
RA50A339CDA87C,L19F7503566E8,P005,2025-05-10 16:39:34 UTC,1,117.3,delivered,accepted,2025-05-10 16:41:43 UTC,
RA5341FEADCE3A,LD796F18AECAA,P005,2025-05-19 14:42:51 UTC,1,97.85,delivered,accepted,2025-05-19 14:45:18 UTC,
RADBBA664D174C,L7F1CCE239BEC,P002,2025-03-30 17:24:48 UTC,1,73.06,delivered,accepted,2025-03-30 17:28:49 UTC,
RA461C18C2D754,L2D10594F3260,P010,2025-01-03 12:07:00 UTC,1,65.34,delivered,no_response,2025-01-03 12:09:48 UTC,state_not_covered
RA2BB228FBF020,LA5BCA1330F89,P002,2025-06-25 10:53:27 UTC,1,73.13,delivered,no_response,2025-06-25 10:55:17 UTC,quality
RA669D3CCFA4D0,LA5BCA1330F89,P003,2025-06-25 10:54:06 UTC,2,64.13,delivered,rejected,2025-06-25 10:56:47 UTC,quality
RAF5925341B8AC,LD7E2511CE7E1,P002,2025-05-11 11:21:56 UTC,1,83.85,delivered,accepted,2025-05-11 11:26:33 UTC,
RAB73F2CB28C4D,L54B99628DACF,P002,2025-05-27 17:29:44 UTC,1,76.46,delivered,accepted,2025-05-27 17:33:21 UTC,
RA9C1FB7DA20F4,LF721E0F6ECF6,P003,2025-02-10 16:31:17 UTC,1,67.8,delivered,accepted,2025-02-10 16:34:51 UTC,
RABB9DE57AB90C,LE06EA94A3520,P010,2025-06-23 11:30:12 UTC,1,79.05,delivered,accepted,2025-06-23 11:30:59 UTC,
RA5FFB82C5F5DF,L83272B544B72,P010,2025-02-25 08:28:00 UTC,1,77.83,delivered,accepted,2025-02-25 08:29:37 UTC,
RA45A061790855,L6CCD607662DC,P004,2025-01-02 17:02:54 UTC,1,81.92,delivered,accepted,2025-01-02 17:05:21 UTC,
RA5F38E81D43C1,L762C06E3CFDF,P003,2025-06-18 15:20:44 UTC,1,63.49,delivered,accepted,2025-06-18 15:24:27 UTC,
RAF03E7200A1CA,L3CAA5BA4A47C,P005,2025-05-16 15:11:17 UTC,1,92.51,delivered,accepted,2025-05-16 15:14:43 UTC,
RAE48A27E89E5B,LC19BD1B5F916,P009,2025-05-25 11:12:55 UTC,1,63.84,delivered,no_response,2025-05-25 11:15:49 UTC,quality
RA4530EE609A21,LD7C6107DB75F,P003,2025-02-02 21:06:39 UTC,1,68.21,delivered,capacity_exceeded,2025-02-02 21:08:01 UTC,price_too_low
RA206E1D2AF109,L5F9E1AA5B836,P002,2025-03-17 11:18:21 UTC,1,79.05,delivered,accepted,2025-03-17 11:20:03 UTC,
RA86736F3651A6,L81ABF5DE2FEA,P010,2025-05-19 18:00:34 UTC,1,79.3,delivered,rejected,2025-05-19 18:04:31 UTC,quality
RA21A07C28CFB5,LDF6F0C0773AE,P009,2025-04-16 18:59:36 UTC,1,50.22,delivered,rejected,2025-04-16 19:02:46 UTC,state_not_covered
RA9B882C8D0C5E,L44B68ACB66A1,P010,2025-02-19 13:35:54 UTC,1,77.15,delivered,accepted,2025-02-19 13:39:53 UTC,
RAF9C8293A0F46,LDFF6D837AB38,P007,2025-01-19 21:46:53 UTC,1,145.7,delivered,accepted,2025-01-19 21:48:39 UTC,
RAE565930FF3B4,LF4AF9FA455B9,P001,2025-06-30 11:25:52 UTC,1,67.88,delivered,accepted,2025-06-30 11:28:02 UTC,
RA4C69E0DF824C,LEE48342E184D,P009,2025-05-26 21:28:43 UTC,1,50.49,delivered,accepted,2025-05-26 21:30:03 UTC,
RAF75BA21A2F97,L27956C6AC04B,P003,2025-02-21 14:37:21 UTC,1,60.13,delivered,no_response,2025-02-21 14:38:25 UTC,state_not_covered
RAF686AA4B6106,LABC2EEAF9204,P006,2025-02-08 19:52:04 UTC,1,105.26,delivered,accepted,2025-02-08 19:52:31 UTC,
RA64B96745D589,L8E4A17649D5A,P010,2025-05-12 11:14:18 UTC,1,82.58,delivered,capacity_exceeded,2025-05-12 11:14:44 UTC,state_not_covered
RA0C3792189785,L7C09A62D5F61,P008,2025-02-05 12:23:16 UTC,1,76.41,delivered,accepted,2025-02-05 12:26:34 UTC,
RA98C267E0A5B4,L3D4E4473BE2F,P001,2025-03-25 07:43:38 UTC,1,67.09,delivered,accepted,2025-03-25 07:43:55 UTC,
RA695C441FAD64,LB7543D75F94A,P008,2025-05-14 22:51:18 UTC,1,86.26,delivered,accepted,2025-05-14 22:53:54 UTC,
RA810A449CB301,L660986018CCB,P008,2025-02-27 16:13:06 UTC,1,83.34,delivered,accepted,2025-02-27 16:14:08 UTC,
RAD77E4BD905CD,LC7B50B284D3D,P003,2025-06-21 10:23:37 UTC,1,72.09,delivered,accepted,2025-06-21 10:28:27 UTC,
RA033A2E268AF9,L24EAAE1B8917,P007,2025-06-27 10:46:52 UTC,1,113.59,delivered,accepted,2025-06-27 10:47:58 UTC,
RA973B9A9ABF75,L17E2BAC39083,P003,2025-01-09 21:04:19 UTC,1,64.06,delivered,accepted,2025-01-09 21:08:26 UTC,
RA63E50F3BD285,L8E9DBEB1CEA2,P008,2025-05-24 20:17:26 UTC,1,68.13,delivered,accepted,2025-05-24 20:20:43 UTC,
RAB2C4D3346C8E,LB56899711F31,P001,2025-06-14 23:07:53 UTC,1,55.78,delivered,rejected,2025-06-14 23:11:37 UTC,quality
RA5F8005589168,LB56899711F31,P002,2025-06-14 23:08:25 UTC,2,76.83,delivered,accepted,2025-06-14 23:11:25 UTC,
RAD38AE1F12CBA,L2A8F8461BBE5,P003,2025-04-19 09:47:24 UTC,1,64.61,delivered,accepted,2025-04-19 09:48:34 UTC,
RA8542D80CFD80,LECBF065CCF67,P005,2025-03-25 07:37:38 UTC,1,118.57,delivered,rejected,2025-03-25 07:41:20 UTC,quality
RA2CF44854A90D,LE69F56CACD7A,P010,2025-03-03 22:26:04 UTC,1,65.78,delivered,rejected,2025-03-03 22:29:56 UTC,price_too_low
RA00FDB4C5727A,LBFFB3032ED1A,P009,2025-05-29 13:05:48 UTC,1,62.37,delivered,accepted,2025-05-29 13:09:13 UTC,
RA72C97C69D300,LBA354A2EB9C5,P001,2025-04-01 11:23:02 UTC,1,63.23,delivered,no_response,2025-04-01 11:26:21 UTC,capacity
RA74665B3B5305,LBA354A2EB9C5,P003,2025-04-01 11:22:43 UTC,2,76.22,delivered,capacity_exceeded,2025-04-01 11:26:36 UTC,state_not_covered
RA08FBAB99D2FB,LBA354A2EB9C5,P010,2025-04-01 11:22:22 UTC,3,73.41,delivered,rejected,2025-04-01 11:25:47 UTC,price_too_low
RAC7BB1C73919D,L2639BBB30CE3,P010,2025-03-12 19:11:04 UTC,1,63.49,delivered,accepted,2025-03-12 19:11:26 UTC,
RA748F54CB0BBC,LC906029A0549,P010,2025-06-15 15:21:34 UTC,1,71.29,delivered,rejected,2025-06-15 15:22:11 UTC,state_not_covered
RADBDEEC36CEEB,LC906029A0549,P002,2025-06-15 15:22:03 UTC,2,79.94,delivered,accepted,2025-06-15 15:23:02 UTC,
RA2CC916A97116,L624536D5C777,P010,2025-01-24 08:39:54 UTC,1,79.16,delivered,accepted,2025-01-24 08:42:14 UTC,
RAE85A23AF779E,LBC7535668E7D,P002,2025-05-25 12:39:15 UTC,1,79.08,delivered,accepted,2025-05-25 12:41:48 UTC,
RAD0836ACBFA69,L8CF0BC93A0FF,P010,2025-06-16 14:40:37 UTC,1,73.26,delivered,accepted,2025-06-16 14:43:45 UTC,
RAA264582F7B47,LDB8BCC7F9502,P002,2025-06-14 21:45:55 UTC,1,73.08,delivered,capacity_exceeded,2025-06-14 21:48:07 UTC,quality
RACEF4600B8813,LDB8BCC7F9502,P009,2025-06-14 21:45:15 UTC,2,54.98,delivered,accepted,2025-06-14 21:48:31 UTC,
RA05008C98DFCB,L67E92A3C020A,P006,2025-01-23 07:25:24 UTC,1,104.22,delivered,accepted,2025-01-23 07:30:17 UTC,
RAD379382BCB8C,LEF94C263FA85,P003,2025-02-09 12:54:49 UTC,1,75.14,delivered,capacity_exceeded,2025-02-09 12:55:39 UTC,capacity
RA142EE6ECAF99,LEF94C263FA85,P002,2025-02-09 12:54:57 UTC,2,83.72,delivered,accepted,2025-02-09 12:57:49 UTC,
RA721D74592054,LE29ADD49A053,P007,2025-05-25 09:51:19 UTC,1,123.88,delivered,accepted,2025-05-25 09:52:32 UTC,
RACA258FE7D17B,L41529809CE65,P003,2025-01-11 15:59:30 UTC,1,61.23,delivered,no_response,2025-01-11 16:00:46 UTC,state_not_covered
RA3E33344F553B,LAE1ADDA72433,P010,2025-01-21 10:41:28 UTC,1,68.16,delivered,accepted,2025-01-21 10:45:51 UTC,
RA44A67B0565B0,LAE0DCDAA4603,P002,2025-04-29 16:02:51 UTC,1,76.04,delivered,accepted,2025-04-29 16:07:02 UTC,
RAE370A0EA9426,L991319DE655B,P010,2025-04-14 09:30:46 UTC,1,67.86,delivered,accepted,2025-04-14 09:32:35 UTC,
RAC73E9D186392,LEDE56C08C002,P009,2025-03-26 17:22:29 UTC,1,49.62,delivered,capacity_exceeded,2025-03-26 17:22:55 UTC,capacity
RA42C197809027,LEDE56C08C002,P002,2025-03-26 17:22:41 UTC,2,78.5,delivered,capacity_exceeded,2025-03-26 17:25:29 UTC,state_not_covered
RA98C3D5A14CA8,L75D5CCA2D9A1,P002,2025-04-13 21:11:38 UTC,1,67.64,delivered,rejected,2025-04-13 21:13:11 UTC,state_not_covered
RAF148889897B1,LFCBE320E5CC5,P002,2025-04-24 08:54:07 UTC,1,77.3,delivered,accepted,2025-04-24 08:57:22 UTC,
RA261CA754C6CF,L67B02FF835EB,P010,2025-03-24 12:29:46 UTC,1,79.8,delivered,rejected,2025-03-24 12:32:01 UTC,state_not_covered
RA2851AADA18B7,L67B02FF835EB,P003,2025-03-24 12:29:44 UTC,2,60.14,delivered,accepted,2025-03-24 12:33:47 UTC,
RA5713171B310C,L1819C661574F,P006,2025-05-19 16:04:31 UTC,1,113.86,delivered,no_response,2025-05-19 16:04:48 UTC,capacity
RA2ECCBB0C1EAE,L1819C661574F,P010,2025-05-19 16:04:16 UTC,2,63.39,delivered,rejected,2025-05-19 16:06:52 UTC,capacity
RA808B9B552EE3,L33B4B7442369,P005,2025-01-04 08:14:30 UTC,1,110.55,delivered,accepted,2025-01-04 08:17:35 UTC,
RA79AA7E014500,L438ED1DA7F87,P003,2025-06-18 17:53:02 UTC,1,58.17,delivered,accepted,2025-06-18 17:58:02 UTC,
RA4078814A0527,L3DCF08EE834F,P005,2025-04-19 07:22:06 UTC,1,115.72,delivered,accepted,2025-04-19 07:25:09 UTC,
RAD93971201594,LAFF7312CE08E,P010,2025-04-15 13:28:56 UTC,1,77.46,delivered,accepted,2025-04-15 13:29:47 UTC,
RAE20DF99995B0,L2EF2DBFB6B3A,P010,2025-06-28 10:22:29 UTC,1,79.06,delivered,accepted,2025-06-28 10:26:08 UTC,
RAE9F5B155556E,L2E807406BF20,P010,2025-02-10 21:03:55 UTC,1,72.13,delivered,accepted,2025-02-10 21:07:06 UTC,
RA22B573D58707,LDF338B54D65F,P002,2025-05-30 23:00:26 UTC,1,64.56,delivered,accepted,2025-05-30 23:02:02 UTC,
RAC22608338F52,LF5F65C446E91,P009,2025-01-16 22:50:50 UTC,1,62.64,delivered,accepted,2025-01-16 22:52:20 UTC,
RAC1A8F90F6065,L93859D2D2F5E,P002,2025-01-20 18:46:28 UTC,1,68.52,delivered,accepted,2025-01-20 18:50:51 UTC,
RAA3F4C94A8D2C,L24DE31128B5C,P010,2025-06-15 22:05:37 UTC,1,65.63,delivered,accepted,2025-06-15 22:09:07 UTC,
RA0579D68D16DD,L76B9A862A413,P010,2025-06-04 11:53:50 UTC,1,71.61,delivered,accepted,2025-06-04 11:55:16 UTC,
RADD6570C3C3C0,LA83A3C179C01,P010,2025-03-24 12:31:58 UTC,1,69.38,delivered,accepted,2025-03-24 12:33:04 UTC,
RA73D9CFD70240,L274F6619639A,P005,2025-03-25 07:41:23 UTC,1,116.26,delivered,rejected,2025-03-25 07:42:33 UTC,quality
RAD87D48A8CCFE,L0707EBAD0480,P003,2025-01-09 08:30:54 UTC,1,70.72,delivered,no_response,2025-01-09 08:32:02 UTC,price_too_low
RA658A3AF63441,L0707EBAD0480,P002,2025-01-09 08:31:17 UTC,2,76.48,delivered,accepted,2025-01-09 08:33:31 UTC,
RA4B9CD04173C0,L3E9962EBD6C5,P009,2025-04-18 10:10:41 UTC,1,60.97,delivered,accepted,2025-04-18 10:11:39 UTC,
RA9943536E028F,L966251575740,P010,2025-04-11 15:12:04 UTC,1,67.97,delivered,capacity_exceeded,2025-04-11 15:16:23 UTC,price_too_low
RAC2B1E7B3FBE1,L3388069D8F1B,P002,2025-05-26 16:58:04 UTC,1,66.5,delivered,accepted,2025-05-26 17:00:02 UTC,
RA50252BC2C5EA,L8D2D519AECDE,P001,2025-01-13 11:49:26 UTC,1,72.78,delivered,accepted,2025-01-13 11:53:35 UTC,
RAE9795283DBAD,L7C0F2F22ED9C,P010,2025-01-24 07:22:18 UTC,1,62.04,delivered,accepted,2025-01-24 07:26:49 UTC,
RA44AF08F75AFC,L51B1DB1FAA93,P001,2025-03-29 10:33:08 UTC,1,74.22,delivered,accepted,2025-03-29 10:34:24 UTC,
RA0C37B0016810,L5706F439DA6F,P002,2025-01-29 13:56:09 UTC,1,68.47,delivered,accepted,2025-01-29 13:57:48 UTC,
RACE3B899AE790,L06762ED5AB30,P001,2025-04-20 13:15:21 UTC,1,74.65,delivered,accepted,2025-04-20 13:16:40 UTC,
RAEBB4C766A9AB,L59C1C4DFEC9D,P001,2025-01-25 22:25:10 UTC,1,60.47,delivered,capacity_exceeded,2025-01-25 22:27:44 UTC,price_too_low
RA4B98C532547E,L59C1C4DFEC9D,P003,2025-01-25 22:25:06 UTC,2,58.79,delivered,accepted,2025-01-25 22:28:09 UTC,
RA8A35CFF491D0,L203074AF48E7,P003,2025-04-09 15:09:30 UTC,1,75.8,delivered,no_response,2025-04-09 15:11:01 UTC,capacity
RA64291BC5A2C2,LDF66322D2AAC,P006,2025-05-08 08:58:23 UTC,1,118.2,delivered,accepted,2025-05-08 09:02:22 UTC,
RA3D6149895AE8,L28F4BC28993E,P009,2025-03-21 14:34:00 UTC,1,56.7,delivered,accepted,2025-03-21 14:38:50 UTC,
RACC670548C268,L19E8A4675E9E,P002,2025-05-27 08:10:47 UTC,1,80.72,delivered,accepted,2025-05-27 08:11:30 UTC,
RA67877F945392,LB5523178A206,P003,2025-06-10 07:16:31 UTC,1,63.67,delivered,capacity_exceeded,2025-06-10 07:17:26 UTC,capacity
RA25B7E43C745F,LB5523178A206,P002,2025-06-10 07:16:52 UTC,2,68.98,delivered,no_response,2025-06-10 07:18:15 UTC,price_too_low
RAA5A8B1AE8233,LB5523178A206,P001,2025-06-10 07:17:06 UTC,3,60.16,delivered,capacity_exceeded,2025-06-10 07:18:37 UTC,price_too_low
RA4C72C36CFAA1,LBA48CCC825B2,P002,2025-03-20 08:55:04 UTC,1,65.47,delivered,accepted,2025-03-20 08:59:25 UTC,
RADAE1EE0E1D5B,L96D0A7E9C25F,P003,2025-05-16 09:55:18 UTC,1,75.8,delivered,rejected,2025-05-16 10:00:15 UTC,price_too_low
RA0FADB4D5FF0B,LF264A929979A,P010,2025-04-30 16:49:34 UTC,1,62.76,delivered,accepted,2025-04-30 16:54:05 UTC,
RA89EF29C986CE,L9939BF265B61,P002,2025-04-10 14:11:14 UTC,1,82.59,delivered,accepted,2025-04-10 14:16:13 UTC,
RA8AC10255D5AE,LD15B1D1D6C01,P002,2025-06-20 17:25:40 UTC,1,72.16,delivered,accepted,2025-06-20 17:29:47 UTC,
RAE1523D6B8A3F,L8002239C0137,P003,2025-05-28 12:44:09 UTC,1,68.55,delivered,accepted,2025-05-28 12:46:52 UTC,
RA995579C072F3,LE1EC2B8885E3,P001,2025-04-17 11:15:52 UTC,1,57.5,delivered,capacity_exceeded,2025-04-17 11:18:41 UTC,price_too_low
RA3E0C32D3F023,L4148A8C0DE13,P002,2025-04-17 23:06:26 UTC,1,66.5,delivered,accepted,2025-04-17 23:10:56 UTC,
RAF5A5823665E9,L64E9007D2CC3,P002,2025-01-09 13:42:14 UTC,1,83.08,delivered,accepted,2025-01-09 13:43:47 UTC,
RAF5BFB661E410,L37782AAD337F,P002,2025-02-28 14:29:53 UTC,1,77.19,delivered,rejected,2025-02-28 14:34:39 UTC,price_too_low
RAAFB22731273A,LB3DC65116A0F,P010,2025-06-25 12:36:38 UTC,1,63.16,delivered,no_response,2025-06-25 12:39:01 UTC,quality
RA76FD855C0ADA,LB3DC65116A0F,P006,2025-06-25 12:36:28 UTC,2,120.88,delivered,capacity_exceeded,2025-06-25 12:39:57 UTC,price_too_low
RA071DC61815CD,L2DD9CBEEC9CB,P010,2025-02-19 16:21:39 UTC,1,65.51,delivered,accepted,2025-02-19 16:22:14 UTC,
RAD44C546C6DFA,L8F2327D5A3A0,P003,2025-03-08 23:11:05 UTC,1,60.2,delivered,no_response,2025-03-08 23:11:30 UTC,state_not_covered
RAB9D699A65BAE,L8F2327D5A3A0,P010,2025-03-08 23:11:27 UTC,2,72.53,delivered,no_response,2025-03-08 23:16:10 UTC,capacity
RAA8A7A8B23DE6,L2154AE667390,P006,2025-03-14 20:51:15 UTC,1,129.91,delivered,accepted,2025-03-14 20:52:29 UTC,
RA0EB20C736DC5,L0CD1E766ACA4,P010,2025-06-29 10:34:26 UTC,1,65.07,delivered,accepted,2025-06-29 10:35:13 UTC,
RA0B0880C53233,L949EDF514B76,P001,2025-06-29 12:45:45 UTC,1,63.63,delivered,accepted,2025-06-29 12:50:08 UTC,
RA6A7D24F43D46,LC9211A2C7420,P010,2025-01-14 17:24:12 UTC,1,70.4,delivered,accepted,2025-01-14 17:28:50 UTC,
RA0485DB40980F,LE776AA9BA61B,P003,2025-03-20 11:19:29 UTC,1,77.88,delivered,accepted,2025-03-20 11:20:14 UTC,
RAEBE6A8DD2027,L8979F911B182,P006,2025-04-09 11:15:40 UTC,1,128.28,delivered,rejected,2025-04-09 11:20:04 UTC,state_not_covered
RA5F8F34E84BD1,L8979F911B182,P007,2025-04-09 11:16:13 UTC,2,125.75,delivered,accepted,2025-04-09 11:17:36 UTC,
RA47F6BF1A167E,L1CC111C2A4D8,P002,2025-03-29 21:43:24 UTC,1,71.22,delivered,capacity_exceeded,2025-03-29 21:45:35 UTC,quality
RA4CF2DE5A56B6,L1CC111C2A4D8,P009,2025-03-29 21:43:25 UTC,2,66.22,delivered,capacity_exceeded,2025-03-29 21:48:03 UTC,quality
RAEDFC78E27839,L90DE0583D186,P003,2025-05-13 21:42:50 UTC,1,72.8,delivered,accepted,2025-05-13 21:46:39 UTC,
RA459755E32B67,L8272C6CA18FB,P010,2025-01-14 18:29:18 UTC,1,65.5,delivered,accepted,2025-01-14 18:30:55 UTC,
RAE9290FB0497D,L8CF124BA1239,P002,2025-06-18 18:50:25 UTC,1,71.18,delivered,accepted,2025-06-18 18:53:46 UTC,
RA97BFCEB55396,L635F6B1FBB9F,P003,2025-05-16 20:27:01 UTC,1,67.61,delivered,no_response,2025-05-16 20:27:48 UTC,capacity
RA870EB17AC366,L3631BB4B975D,P010,2025-03-16 08:50:10 UTC,1,67.28,delivered,accepted,2025-03-16 08:51:59 UTC,
RA972441D1310E,L9827C2903D11,P005,2025-04-09 21:01:51 UTC,1,90.06,delivered,accepted,2025-04-09 21:06:20 UTC,
RAC66920AE8C77,LB6FC3AEB431D,P003,2025-04-20 19:03:20 UTC,1,66.94,delivered,accepted,2025-04-20 19:06:51 UTC,
RA94151C1E345A,L973203F64AFF,P002,2025-02-20 12:38:39 UTC,1,67.92,delivered,accepted,2025-02-20 12:41:15 UTC,
RA44500D359886,L5EBAF9111B5D,P002,2025-04-12 07:48:08 UTC,1,80.72,delivered,accepted,2025-04-12 07:52:44 UTC,
RACF9B20776FC7,L1253C5513716,P002,2025-01-11 16:22:05 UTC,1,64.69,delivered,rejected,2025-01-11 16:25:55 UTC,state_not_covered
RAD29FB5B60233,L1253C5513716,P010,2025-01-11 16:22:26 UTC,2,76.74,delivered,rejected,2025-01-11 16:25:07 UTC,capacity
RA097D9C0836B0,LBD9D18A1F150,P004,2025-01-18 17:25:03 UTC,1,90.81,delivered,accepted,2025-01-18 17:29:09 UTC,
RA8AA4ABA1D3D0,L6703ACE42725,P005,2025-06-28 15:55:06 UTC,1,120.09,delivered,accepted,2025-06-28 15:57:04 UTC,
RA912BB756667D,L4EDDE6E9B9E0,P008,2025-04-03 11:42:39 UTC,1,77.53,delivered,no_response,2025-04-03 11:43:14 UTC,capacity
RA5D755B15B08C,L5E13BFE65590,P002,2025-04-24 14:34:04 UTC,1,76.58,delivered,accepted,2025-04-24 14:36:36 UTC,
RA8BAC6C4EF836,LD0F1CA396D3F,P002,2025-03-19 22:49:04 UTC,1,66.85,delivered,accepted,2025-03-19 22:52:42 UTC,
RAA17C8A9D8E70,L0AD621482313,P003,2025-06-09 21:16:41 UTC,1,58.62,delivered,accepted,2025-06-09 21:20:58 UTC,
RAE83324AA05BA,LFAF95BA0FFD7,P002,2025-03-27 22:23:50 UTC,1,65.55,delivered,accepted,2025-03-27 22:26:48 UTC,
RA61B90B92D38D,L46A2F1B9D821,P010,2025-04-30 09:01:16 UTC,1,73.16,delivered,accepted,2025-04-30 09:05:02 UTC,
RA0C76681B13C0,LC86C5943A035,P001,2025-03-21 23:13:55 UTC,1,55.62,delivered,rejected,2025-03-21 23:14:54 UTC,state_not_covered
RADEDBAB964798,L6FA1A8C4F474,P002,2025-04-21 07:49:14 UTC,1,79.04,delivered,accepted,2025-04-21 07:53:21 UTC,
RA8BE49E475243,L3177E46B04A4,P002,2025-02-04 13:35:13 UTC,1,74.44,delivered,no_response,2025-02-04 13:38:21 UTC,state_not_covered
RADF228C9E3770,LFA98E846C3CE,P009,2025-06-22 08:21:20 UTC,1,58.02,delivered,accepted,2025-06-22 08:23:52 UTC,
RACDC253E531FC,L62B55CE5DC8C,P007,2025-05-06 20:41:19 UTC,1,138.84,delivered,accepted,2025-05-06 20:43:46 UTC,
RA8ACB508F0FFA,L92C6E3AA6384,P010,2025-03-14 15:59:39 UTC,1,67.05,delivered,accepted,2025-03-14 16:01:06 UTC,
RA4DE849AB89A6,LD27F911E1FF9,P007,2025-06-29 19:30:48 UTC,1,138.79,delivered,accepted,2025-06-29 19:33:03 UTC,
RAE3DC8029DB67,L94E0502C5105,P001,2025-04-03 12:47:32 UTC,1,56.15,delivered,accepted,2025-04-03 12:52:18 UTC,
RA4A05380F2BE8,LB46942FACBB0,P003,2025-03-03 23:11:30 UTC,1,65.25,delivered,accepted,2025-03-03 23:15:00 UTC,
RA4262AA03B977,L1570841D0B32,P008,2025-02-09 20:47:57 UTC,1,77.99,delivered,rejected,2025-02-09 20:48:09 UTC,price_too_low
RAB993F2E60F29,LB029395E6FD2,P005,2025-06-11 10:26:49 UTC,1,101.68,delivered,capacity_exceeded,2025-06-11 10:29:19 UTC,quality
RA9DD10C77B964,LF46E93054B42,P010,2025-01-05 21:22:49 UTC,1,75.28,delivered,capacity_exceeded,2025-01-05 21:22:59 UTC,quality
RA6A0465739DAD,LF46E93054B42,P007,2025-01-05 21:22:33 UTC,2,146.16,delivered,no_response,2025-01-05 21:23:32 UTC,price_too_low
RAF3C9F7F19AAF,LF758F9D8FB0D,P001,2025-04-30 18:50:27 UTC,1,70.93,delivered,accepted,2025-04-30 18:54:52 UTC,
RAF380B5791E2E,LAF3025C66A52,P003,2025-01-18 21:02:32 UTC,1,76.88,delivered,accepted,2025-01-18 21:03:50 UTC,
RA8D0D0F43329A,L0F7482818312,P009,2025-03-20 16:16:44 UTC,1,52.82,delivered,rejected,2025-03-20 16:19:09 UTC,capacity
RADEF4D8B67704,L13C98B124786,P005,2025-02-06 11:30:23 UTC,1,114.67,delivered,accepted,2025-02-06 11:31:42 UTC,
RA26C35C26C070,LA6AD7441C168,P010,2025-02-04 13:47:10 UTC,1,66.24,delivered,rejected,2025-02-04 13:47:52 UTC,state_not_covered
RA1DE17B9A3B4A,LA6AD7441C168,P006,2025-02-04 13:47:33 UTC,2,103.57,delivered,accepted,2025-02-04 13:49:03 UTC,
RA62F41CFA3F4B,LDA7A5EBF0221,P003,2025-05-27 12:31:26 UTC,1,63.32,delivered,accepted,2025-05-27 12:33:34 UTC,
RAC75C0B8AA672,LCA61B073AE5E,P005,2025-02-07 16:06:22 UTC,1,109.11,delivered,accepted,2025-02-07 16:08:19 UTC,
RAAA154B7F4B6D,L3D90B9FEB049,P008,2025-05-26 15:34:40 UTC,1,78.33,delivered,rejected,2025-05-26 15:36:35 UTC,quality
RADE58D6B31BDB,L3D90B9FEB049,P002,2025-05-26 15:35:10 UTC,2,66.17,delivered,capacity_exceeded,2025-05-26 15:36:32 UTC,capacity
RAD919954570E1,L75A6FCC6BBA0,P004,2025-04-30 13:34:14 UTC,1,81.4,delivered,accepted,2025-04-30 13:38:52 UTC,
RA03D87644BC7C,L058BA086CCE0,P002,2025-05-28 14:14:27 UTC,1,67.39,delivered,accepted,2025-05-28 14:17:11 UTC,
RA763BD78E20EC,L8512CF231339,P008,2025-03-25 07:15:01 UTC,1,75.89,delivered,accepted,2025-03-25 07:15:46 UTC,
RA04D4BDFEA5DC,L02511D1F9F50,P002,2025-01-09 22:46:36 UTC,1,73.03,delivered,rejected,2025-01-09 22:49:10 UTC,state_not_covered
RA702D748B0211,L02511D1F9F50,P010,2025-01-09 22:46:50 UTC,2,67.1,delivered,accepted,2025-01-09 22:47:13 UTC,
RA7EAB13624175,LC15E0A2A5D97,P001,2025-03-28 18:43:17 UTC,1,74.27,delivered,accepted,2025-03-28 18:43:51 UTC,
RA6D9CBAF895D8,LD860C8E2FAD5,P005,2025-01-27 12:22:53 UTC,1,91.49,delivered,rejected,2025-01-27 12:26:08 UTC,capacity
RACBFCE6D45233,L72B4094410C0,P003,2025-05-19 18:04:48 UTC,1,72.36,delivered,no_response,2025-05-19 18:05:43 UTC,capacity
RA4284BE7AED3E,L72B4094410C0,P001,2025-05-19 18:05:13 UTC,2,67.77,delivered,accepted,2025-05-19 18:07:10 UTC,
RA6C2826F8AFD1,LB43CF50F5E0F,P005,2025-01-18 21:29:41 UTC,1,120.12,delivered,capacity_exceeded,2025-01-18 21:31:26 UTC,price_too_low
RAAD35E87DFFD7,LB3F4252BCAF2,P001,2025-01-13 10:35:48 UTC,1,63.95,delivered,no_response,2025-01-13 10:37:56 UTC,state_not_covered
RAE50DC0AAC209,L94A0A5802073,P001,2025-06-21 17:17:55 UTC,1,63.08,delivered,accepted,2025-06-21 17:19:22 UTC,
RA5BDD2C940B7D,LEECFEA6A4C4D,P010,2025-03-14 12:46:38 UTC,1,66.01,delivered,accepted,2025-03-14 12:47:47 UTC,
RAFB2118557325,LB2647F7E580C,P005,2025-04-29 14:31:35 UTC,1,107.21,delivered,accepted,2025-04-29 14:32:10 UTC,
RA9344CD56674B,L0D8AAA324E47,P001,2025-05-23 20:28:39 UTC,1,73.94,delivered,accepted,2025-05-23 20:31:03 UTC,
RA5A0733E3759C,L4A34CED81C0F,P010,2025-01-06 16:01:12 UTC,1,73.63,delivered,accepted,2025-01-06 16:04:47 UTC,
RA2C0351A734D2,L1DC66860CDB9,P003,2025-03-10 11:23:45 UTC,1,67.15,delivered,accepted,2025-03-10 11:25:27 UTC,
RA4093AD7FB56B,LDDABE74C8336,P005,2025-06-28 17:24:45 UTC,1,111.65,delivered,accepted,2025-06-28 17:25:01 UTC,
RA67E7A5B8D854,L8F15A5DF746C,P010,2025-05-19 23:05:51 UTC,1,80.96,delivered,accepted,2025-05-19 23:10:28 UTC,
RA55BBEA02374A,LACA918591486,P003,2025-03-30 16:11:28 UTC,1,71.29,delivered,rejected,2025-03-30 16:15:21 UTC,state_not_covered
RAF2039CFB915C,LACA918591486,P010,2025-03-30 16:11:05 UTC,2,73.51,delivered,accepted,2025-03-30 16:12:27 UTC,
RA0028ECD82E44,L4748E336AFD3,P009,2025-01-04 19:06:47 UTC,1,59.92,delivered,capacity_exceeded,2025-01-04 19:08:01 UTC,quality
RA1C037D19B082,LB7B4C4F21E99,P007,2025-04-29 17:34:51 UTC,1,132.72,delivered,accepted,2025-04-29 17:38:36 UTC,
RACB3ACB202986,L2C5E6BA6560E,P002,2025-04-03 19:47:39 UTC,1,79.22,delivered,capacity_exceeded,2025-04-03 19:50:10 UTC,quality
RAB0D095DEF5AA,L5B5C98CE0FB2,P010,2025-06-26 09:02:49 UTC,1,67.31,delivered,accepted,2025-06-26 09:03:53 UTC,
RACBA5E8F9F560,L984B90F208EE,P003,2025-06-13 14:31:06 UTC,1,58.72,delivered,capacity_exceeded,2025-06-13 14:31:54 UTC,quality
RA0BB39AE19995,L0F38B9F267FA,P002,2025-01-24 09:53:19 UTC,1,82.94,delivered,accepted,2025-01-24 09:58:02 UTC,
RAB63A0EEED144,LAA03861E8B77,P002,2025-04-04 11:49:03 UTC,1,75.97,delivered,no_response,2025-04-04 11:53:04 UTC,price_too_low
RAD8DFBBAEFB8A,L1E856FBA3C2A,P010,2025-05-19 14:36:27 UTC,1,72.56,delivered,accepted,2025-05-19 14:40:22 UTC,
RA25C32516B7F7,L092C6788BB94,P003,2025-05-18 14:03:55 UTC,1,71.67,delivered,accepted,2025-05-18 14:05:43 UTC,
RA8CFCCE842B8E,L071335BEE0F6,P003,2025-06-23 08:37:05 UTC,1,75.99,delivered,accepted,2025-06-23 08:39:40 UTC,
RAA865726902F6,L09D88AAF1CBE,P003,2025-03-18 11:16:22 UTC,1,65.9,delivered,accepted,2025-03-18 11:20:18 UTC,
RA8C69B9B5027E,L379378CE7CCB,P002,2025-05-15 21:44:56 UTC,1,82.79,delivered,accepted,2025-05-15 21:49:37 UTC,
RA44D2814F1264,L8353A51C6A70,P005,2025-04-06 14:53:02 UTC,1,105.74,delivered,no_response,2025-04-06 14:55:12 UTC,price_too_low
RA0D8822376C7D,L8353A51C6A70,P004,2025-04-06 14:53:39 UTC,2,97.79,delivered,accepted,2025-04-06 14:56:33 UTC,
RA27A0C741F7AB,L7628B558ADFD,P004,2025-05-04 14:04:57 UTC,1,86.73,delivered,no_response,2025-05-04 14:06:14 UTC,price_too_low
RA8E88F6E8EDEA,L7628B558ADFD,P005,2025-05-04 14:04:57 UTC,2,105.62,delivered,no_response,2025-05-04 14:08:01 UTC,capacity
RA57255017FCFC,L2D576D7B60A1,P007,2025-05-05 11:30:50 UTC,1,124.02,delivered,accepted,2025-05-05 11:33:32 UTC,
RA409C086A548D,L1472879E58F5,P006,2025-03-25 16:18:51 UTC,1,115.55,delivered,accepted,2025-03-25 16:21:30 UTC,
RA526010E62166,L6CBCCE4B5157,P010,2025-06-19 21:56:32 UTC,1,73.12,delivered,accepted,2025-06-19 21:59:03 UTC,
RAC9E67032B7E2,L16EC40B495B9,P001,2025-04-16 14:13:56 UTC,1,72.05,delivered,accepted,2025-04-16 14:18:01 UTC,
RABF4A0B9E642E,LFBC535C20056,P006,2025-04-25 14:06:54 UTC,1,127.82,delivered,accepted,2025-04-25 14:10:46 UTC,
RA56ECBEB2A5AA,LC5455325A29E,P003,2025-05-23 19:39:57 UTC,1,70.74,delivered,accepted,2025-05-23 19:42:50 UTC,
RA5876511DD461,L585A70B7849C,P002,2025-02-05 14:06:14 UTC,1,84.32,delivered,accepted,2025-02-05 14:09:21 UTC,
RA97D9E0A24AE5,L32769C5199D0,P003,2025-04-18 13:30:13 UTC,1,63.07,delivered,capacity_exceeded,2025-04-18 13:31:11 UTC,quality
RAE6534B0DBD12,L3DE03D5F9F60,P003,2025-02-19 16:23:59 UTC,1,64.81,delivered,capacity_exceeded,2025-02-19 16:26:19 UTC,price_too_low
RAFBCC6B4B2309,L3DE03D5F9F60,P002,2025-02-19 16:24:09 UTC,2,70.55,delivered,accepted,2025-02-19 16:27:00 UTC,
RABA74F4B03EC8,L33340FF753F8,P003,2025-05-22 22:26:06 UTC,1,66.89,delivered,accepted,2025-05-22 22:28:32 UTC,
RAB6D77DF44668,LB61367EDABB7,P005,2025-04-05 12:45:36 UTC,1,105.73,delivered,accepted,2025-04-05 12:46:27 UTC,
RA169BBCA5CBE1,LFFB1FAA39C8D,P002,2025-05-06 12:37:44 UTC,1,66.58,delivered,rejected,2025-05-06 12:38:19 UTC,price_too_low
RA028C4FD6765A,L8BA2CB3753F3,P009,2025-03-08 15:08:09 UTC,1,62.74,delivered,accepted,2025-03-08 15:09:07 UTC,
RA6A5C0CD43F52,L2F1EDD991987,P008,2025-01-08 17:09:12 UTC,1,72.57,delivered,accepted,2025-01-08 17:11:46 UTC,
RAB3186617F0C9,LB9F3FDD6B563,P009,2025-03-22 08:14:38 UTC,1,52.34,delivered,no_response,2025-03-22 08:19:17 UTC,state_not_covered
RA8C14DAEBC4AD,LB9F3FDD6B563,P010,2025-03-22 08:15:14 UTC,2,64.31,delivered,accepted,2025-03-22 08:17:09 UTC,
RA2236E2E624B4,L3B3177756EF9,P002,2025-04-25 14:05:33 UTC,1,76.78,delivered,capacity_exceeded,2025-04-25 14:09:32 UTC,state_not_covered
RA9CDB5D2289A9,L27E8325B56A1,P003,2025-06-17 16:52:49 UTC,1,76.25,delivered,accepted,2025-06-17 16:56:18 UTC,
RAAD1D044DBA14,LA1BC01B7A702,P009,2025-06-23 11:41:15 UTC,1,66.35,delivered,accepted,2025-06-23 11:46:06 UTC,
RAA39E78F248C7,L688B3E85D629,P010,2025-03-17 16:23:18 UTC,1,75.65,delivered,accepted,2025-03-17 16:24:30 UTC,
RA05AEE5CBB5CF,L985582479D2E,P005,2025-04-27 09:26:19 UTC,1,106.7,delivered,no_response,2025-04-27 09:29:11 UTC,capacity
RA17B0E4F87C9B,L2ED0998F2D37,P003,2025-03-23 09:55:40 UTC,1,58.79,delivered,accepted,2025-03-23 09:57:23 UTC,
RA9BC598961DB4,L7E0B2931F2C5,P001,2025-02-27 17:08:54 UTC,1,57.0,delivered,no_response,2025-02-27 17:12:10 UTC,state_not_covered
RA64D9500DE695,LD2FF7B574F14,P005,2025-01-08 19:57:32 UTC,1,92.92,delivered,accepted,2025-01-08 19:58:21 UTC,
RA9F7E651506BE,LE7F7106849A7,P003,2025-06-21 20:22:45 UTC,1,58.37,delivered,no_response,2025-06-21 20:23:26 UTC,price_too_low
RAC1DD90B017D3,L0A7E24A3A2BD,P002,2025-04-02 15:35:02 UTC,1,80.92,delivered,accepted,2025-04-02 15:36:20 UTC,
RAC78DEAB44B3C,LEF0CCA8174AC,P002,2025-06-27 15:35:41 UTC,1,82.4,delivered,accepted,2025-06-27 15:40:06 UTC,
RAD8DA2EDA8B11,LF76CFDD9B2C2,P002,2025-05-13 18:50:41 UTC,1,84.6,delivered,accepted,2025-05-13 18:54:08 UTC,
RA07AB5E6947D2,L84C6271637CF,P010,2025-03-13 20:47:04 UTC,1,66.24,delivered,accepted,2025-03-13 20:47:40 UTC,
RAD7825BA060EC,L7C1100738D3B,P003,2025-02-07 16:57:25 UTC,1,71.1,delivered,accepted,2025-02-07 17:01:08 UTC,
RA6F4A2D73205C,L252C4F4AE316,P002,2025-03-20 14:54:52 UTC,1,67.48,delivered,accepted,2025-03-20 14:58:04 UTC,
RAEAEC2F5726B1,L14338F1E2200,P003,2025-03-08 22:24:41 UTC,1,69.21,delivered,accepted,2025-03-08 22:28:01 UTC,
RA27CCE95F860A,LAA2227C74F9B,P009,2025-03-29 18:14:51 UTC,1,56.5,delivered,accepted,2025-03-29 18:17:16 UTC,
RA5E6CE544E565,LC65129E587F4,P010,2025-01-28 15:52:15 UTC,1,81.97,delivered,rejected,2025-01-28 15:53:01 UTC,price_too_low
RABBAEDAE9A596,L2E22E586B146,P003,2025-04-25 13:23:53 UTC,1,73.6,delivered,accepted,2025-04-25 13:28:46 UTC,
RA14D51E023B09,L6B1238F5B3B1,P002,2025-04-15 15:01:20 UTC,1,80.16,delivered,accepted,2025-04-15 15:02:52 UTC,
RAA05F9487724B,L9ABC69D771DA,P002,2025-03-20 08:47:23 UTC,1,84.32,delivered,accepted,2025-03-20 08:50:00 UTC,
RAE2B43D39B2B5,LC05CF08D3D58,P005,2025-01-05 20:24:14 UTC,1,116.55,delivered,no_response,2025-01-05 20:29:08 UTC,price_too_low
RA4D2615F96ABA,L5A66665B19E3,P002,2025-06-15 14:48:58 UTC,1,82.35,delivered,accepted,2025-06-15 14:52:33 UTC,
RA4D847E979166,LD93E5894DC8F,P010,2025-02-25 19:54:46 UTC,1,80.79,delivered,accepted,2025-02-25 19:55:07 UTC,
RA560A5423D48D,L46484CB08E11,P003,2025-02-21 12:19:39 UTC,1,77.17,delivered,no_response,2025-02-21 12:20:08 UTC,capacity
RAD27D438BE951,L46484CB08E11,P002,2025-02-21 12:20:27 UTC,2,81.0,delivered,no_response,2025-02-21 12:22:40 UTC,capacity
RAEE7DF64E11C3,L7157152B2016,P010,2025-02-11 19:02:42 UTC,1,75.0,delivered,rejected,2025-02-11 19:06:07 UTC,capacity
RA1338161D2FEB,L3ADA5C1A0E6B,P009,2025-04-21 16:17:13 UTC,1,53.11,delivered,no_response,2025-04-21 16:17:25 UTC,state_not_covered
RA991EF6C6FA6D,L3ADA5C1A0E6B,P002,2025-04-21 16:17:41 UTC,2,69.92,delivered,accepted,2025-04-21 16:22:32 UTC,
RA0182AA0B7973,LA21D5E2B230D,P002,2025-03-11 21:22:55 UTC,1,81.47,delivered,accepted,2025-03-11 21:23:59 UTC,
RA30C68DA98126,LA9CFD275ED64,P002,2025-06-06 17:10:47 UTC,1,79.1,delivered,accepted,2025-06-06 17:11:30 UTC,
RA46A14A91CC69,L57FC28137F03,P009,2025-02-26 14:22:19 UTC,1,49.74,delivered,accepted,2025-02-26 14:25:29 UTC,
RAA0C332CB2318,LB821B03446CC,P002,2025-06-13 09:40:06 UTC,1,82.06,delivered,accepted,2025-06-13 09:44:41 UTC,
RAD0066144F56F,LFA87C58115AA,P001,2025-02-13 12:54:52 UTC,1,65.04,delivered,accepted,2025-02-13 12:59:46 UTC,
RABD5F6F785A86,L9D85BA58DBC5,P003,2025-01-23 20:56:52 UTC,1,69.46,delivered,accepted,2025-01-23 20:59:18 UTC,
RAC05B6F85FCEC,LBF9F7A6D4263,P010,2025-06-04 08:31:54 UTC,1,70.95,delivered,no_response,2025-06-04 08:32:20 UTC,state_not_covered
RAF048A921B9C6,LD4C5F2549122,P002,2025-01-19 12:23:13 UTC,1,81.67,delivered,rejected,2025-01-19 12:26:17 UTC,price_too_low
RA350F0F8C1ED2,L2DC5016A8491,P010,2025-04-15 14:14:15 UTC,1,63.52,delivered,capacity_exceeded,2025-04-15 14:18:15 UTC,price_too_low
RA2AA88E57FCCD,LD13BD8E72D2A,P003,2025-02-14 22:33:01 UTC,1,69.92,delivered,accepted,2025-02-14 22:36:18 UTC,
RA2F570F30BA7E,L92075373BCE6,P001,2025-02-10 17:11:10 UTC,1,62.17,delivered,accepted,2025-02-10 17:12:41 UTC,
RA5D87E3A974FE,LCCD753DBC261,P003,2025-05-19 20:16:56 UTC,1,67.82,delivered,accepted,2025-05-19 20:21:42 UTC,
RA60F89B6FCEDF,LF7C1A86C671E,P002,2025-04-11 09:57:47 UTC,1,74.2,delivered,accepted,2025-04-11 09:59:35 UTC,
RAB71EF0E963C5,LBE30DFECB66E,P002,2025-04-25 10:56:34 UTC,1,65.6,delivered,accepted,2025-04-25 11:01:06 UTC,
RAD2EB1A164D9A,LBDD7BB11D9A1,P003,2025-05-09 13:11:30 UTC,1,70.41,delivered,accepted,2025-05-09 13:16:14 UTC,
RA779CF7B7C04D,LF3C741C0EB3F,P005,2025-03-23 15:15:18 UTC,1,117.17,delivered,rejected,2025-03-23 15:16:50 UTC,capacity
RA02E850F1D8B0,LA343A6956D59,P002,2025-06-01 16:19:51 UTC,1,65.97,delivered,accepted,2025-06-01 16:20:09 UTC,
RA644380E74EB9,LEB2316BB84F0,P003,2025-01-08 10:21:56 UTC,1,73.19,delivered,accepted,2025-01-08 10:25:55 UTC,
RA7283B5EB7692,L5793C4FE5C73,P002,2025-06-17 10:17:06 UTC,1,67.08,delivered,no_response,2025-06-17 10:18:48 UTC,quality
RA4ACBD7D6EC6B,LCDD730B9EACB,P003,2025-03-21 22:51:32 UTC,1,67.09,delivered,rejected,2025-03-21 22:55:54 UTC,price_too_low
RA229085CBF9B3,LCDD730B9EACB,P010,2025-03-21 22:51:14 UTC,2,67.08,delivered,accepted,2025-03-21 22:53:08 UTC,
RA07B02C48B0FE,LE70CCA40437F,P003,2025-06-05 11:48:39 UTC,1,72.7,delivered,accepted,2025-06-05 11:50:19 UTC,
RA86084FECEA4E,L8567A34C5AE7,P003,2025-04-03 12:33:39 UTC,1,71.49,delivered,accepted,2025-04-03 12:37:36 UTC,
RA162376113AB3,LE30595C9EE07,P009,2025-03-20 22:00:20 UTC,1,56.41,delivered,rejected,2025-03-20 22:05:13 UTC,price_too_low
RA62853A3DBA15,LE30595C9EE07,P001,2025-03-20 22:00:09 UTC,2,68.94,delivered,no_response,2025-03-20 22:04:02 UTC,price_too_low
RA2CF47464A5F9,LB090A0B230C4,P009,2025-05-11 17:18:47 UTC,1,62.06,delivered,accepted,2025-05-11 17:22:26 UTC,
RA52B29EC8F53B,L03A1716C5F0F,P003,2025-04-14 19:04:22 UTC,1,59.46,delivered,rejected,2025-04-14 19:07:23 UTC,capacity
RA96C11183F5F9,L68005D67BC12,P001,2025-06-09 10:31:20 UTC,1,67.11,delivered,accepted,2025-06-09 10:34:13 UTC,
RA8C82A5A9CDA2,L736F0D26993C,P001,2025-06-27 13:55:08 UTC,1,66.54,delivered,accepted,2025-06-27 13:57:52 UTC,
RA8FA55CAC306D,LBC05D4EE65F3,P004,2025-04-30 12:16:00 UTC,1,86.3,delivered,no_response,2025-04-30 12:17:33 UTC,state_not_covered
RACC17D3375C47,LBC05D4EE65F3,P005,2025-04-30 12:15:46 UTC,2,97.21,delivered,no_response,2025-04-30 12:19:58 UTC,capacity
RAE919839AFB23,LB269040B5A36,P009,2025-03-13 21:12:58 UTC,1,65.43,delivered,accepted,2025-03-13 21:16:59 UTC,
RA3C570A151F38,L219E68A33844,P008,2025-03-29 17:55:07 UTC,1,76.28,delivered,no_response,2025-03-29 17:57:15 UTC,capacity
RAE174F4C9B2B6,LC4E40D26F5AA,P010,2025-01-20 21:02:47 UTC,1,70.34,delivered,accepted,2025-01-20 21:06:58 UTC,
RAAA84DB2EAF53,L5564BB27F467,P005,2025-01-10 16:12:47 UTC,1,91.66,delivered,rejected,2025-01-10 16:15:53 UTC,capacity
RA3E3B59072B83,LC664FF1AF831,P010,2025-06-12 12:12:21 UTC,1,73.02,delivered,accepted,2025-06-12 12:16:33 UTC,
RA8B6F245B5CB6,L3E34FB7D7843,P002,2025-05-15 16:53:21 UTC,1,74.49,delivered,accepted,2025-05-15 16:54:24 UTC,
RA38E160618E08,L5027FC930AE0,P003,2025-04-29 16:43:06 UTC,1,67.85,delivered,accepted,2025-04-29 16:45:16 UTC,
RABFAD1BF61AC9,LC2CA872B8E85,P010,2025-04-01 22:50:10 UTC,1,72.2,delivered,accepted,2025-04-01 22:53:01 UTC,
RA2488EF469F8E,L87B88A164013,P003,2025-01-22 16:06:32 UTC,1,74.45,delivered,accepted,2025-01-22 16:08:20 UTC,
RA28A75395D4C4,L883BF4E27FE6,P002,2025-06-21 21:33:18 UTC,1,67.57,delivered,accepted,2025-06-21 21:36:00 UTC,
RA13522F8E688D,LE815E87BDDD9,P010,2025-05-21 14:41:13 UTC,1,73.07,delivered,rejected,2025-05-21 14:41:52 UTC,capacity
RA23231B594DFA,LE815E87BDDD9,P003,2025-05-21 14:40:54 UTC,2,74.33,delivered,accepted,2025-05-21 14:45:26 UTC,
RAE10377546AB0,L05ED6C2136CD,P009,2025-01-20 13:48:00 UTC,1,64.67,delivered,capacity_exceeded,2025-01-20 13:50:46 UTC,price_too_low
RAC1193452C129,L05ED6C2136CD,P003,2025-01-20 13:47:49 UTC,2,67.25,delivered,accepted,2025-01-20 13:50:28 UTC,
RA9E9CBADD4E7E,L5196C6EAD699,P002,2025-03-23 23:10:22 UTC,1,73.3,delivered,no_response,2025-03-23 23:10:39 UTC,state_not_covered
RAF4D06FD48173,L72D8D036593B,P010,2025-01-29 19:22:54 UTC,1,65.38,delivered,accepted,2025-01-29 19:23:15 UTC,
RAD98BA0F2BBE4,L6E7878BECA6D,P003,2025-01-05 11:40:38 UTC,1,77.48,delivered,accepted,2025-01-05 11:43:07 UTC,
RA090B2DF878C9,L5DC847A219F5,P007,2025-05-01 16:18:36 UTC,1,125.85,delivered,no_response,2025-05-01 16:18:46 UTC,price_too_low
RA0F9A47686C8A,L298AF042333D,P003,2025-01-25 17:08:04 UTC,1,75.52,delivered,accepted,2025-01-25 17:09:42 UTC,
RAF840187096B4,LD10223CB775D,P001,2025-04-26 18:06:04 UTC,1,63.19,delivered,accepted,2025-04-26 18:10:22 UTC,
RABDD66590012A,LBA4A817275C1,P003,2025-04-24 17:13:53 UTC,1,73.51,delivered,accepted,2025-04-24 17:17:54 UTC,
RA7885524FE4E2,LE20CB0A844DA,P002,2025-01-13 19:49:19 UTC,1,74.85,delivered,rejected,2025-01-13 19:50:51 UTC,price_too_low
RA43B15E73D434,L54C6AF35FFC3,P009,2025-02-09 21:57:26 UTC,1,54.3,delivered,accepted,2025-02-09 22:01:32 UTC,
RA3603761766A2,L684A98E2AE27,P002,2025-04-16 20:26:34 UTC,1,73.22,delivered,rejected,2025-04-16 20:30:04 UTC,capacity
RA1EEE12532569,LAA5701FF0660,P008,2025-01-24 19:20:04 UTC,1,72.62,delivered,no_response,2025-01-24 19:23:19 UTC,state_not_covered
RABD77908445D4,LB3540432793C,P005,2025-05-18 08:27:41 UTC,1,101.06,delivered,capacity_exceeded,2025-05-18 08:29:43 UTC,price_too_low
RACED83C1FDB5E,L5870D089FBF6,P009,2025-05-24 10:35:32 UTC,1,65.37,delivered,accepted,2025-05-24 10:37:29 UTC,
RA51A153F3E859,LD1A196855394,P010,2025-04-05 15:13:58 UTC,1,81.52,delivered,capacity_exceeded,2025-04-05 15:16:28 UTC,price_too_low
RADA138F4B893B,LD1A196855394,P008,2025-04-05 15:13:51 UTC,2,66.62,delivered,accepted,2025-04-05 15:14:48 UTC,
RABECFD3D6B521,LF299B0E64A8B,P008,2025-04-02 07:21:52 UTC,1,80.86,delivered,accepted,2025-04-02 07:22:55 UTC,
RA5E1C1227E4AC,L85C467BEB9DC,P008,2025-05-28 16:42:19 UTC,1,84.26,delivered,accepted,2025-05-28 16:44:28 UTC,
RA90A42ADDFB88,L00FA5FA266A4,P005,2025-02-25 18:06:07 UTC,1,94.45,delivered,no_response,2025-02-25 18:06:43 UTC,state_not_covered
RAF52C60A1D48F,LC4A9ABD51B2E,P003,2025-06-06 16:39:32 UTC,1,72.83,delivered,accepted,2025-06-06 16:42:25 UTC,
RA2CCF49C45189,L18812E521591,P010,2025-04-25 14:09:44 UTC,1,77.56,delivered,capacity_exceeded,2025-04-25 14:14:33 UTC,price_too_low
RAD92A2ECC7857,L3FAA736C8765,P005,2025-04-22 20:15:46 UTC,1,104.94,delivered,capacity_exceeded,2025-04-22 20:18:47 UTC,capacity
RAE9179C03F604,L207A7CB7C078,P003,2025-01-05 07:43:11 UTC,1,71.44,delivered,accepted,2025-01-05 07:43:23 UTC,
RA2DAD2ADFA7A5,L0DFB8C2EDE47,P010,2025-03-01 13:30:44 UTC,1,78.48,delivered,accepted,2025-03-01 13:33:38 UTC,
RA631218A12396,LA12ABE64B81D,P009,2025-04-24 10:30:51 UTC,1,59.91,delivered,capacity_exceeded,2025-04-24 10:34:52 UTC,state_not_covered
RA91A9084484FD,LA12ABE64B81D,P003,2025-04-24 10:31:12 UTC,2,72.58,delivered,rejected,2025-04-24 10:34:43 UTC,state_not_covered
RA9CBCD9464D79,L1C3B2193AE7D,P010,2025-03-22 07:20:24 UTC,1,66.79,delivered,accepted,2025-03-22 07:24:07 UTC,
RADB5359D120D7,LD81A8A1B00AF,P003,2025-02-15 18:35:57 UTC,1,68.54,delivered,rejected,2025-02-15 18:37:29 UTC,quality
RA84DDDB6FAA1E,LD81A8A1B00AF,P002,2025-02-15 18:36:51 UTC,2,78.78,delivered,no_response,2025-02-15 18:40:13 UTC,price_too_low
RA60645BF94977,LEC9F5B720C7C,P003,2025-05-15 08:58:30 UTC,1,61.42,delivered,rejected,2025-05-15 08:59:28 UTC,capacity
RA27FE5FD9E542,LEC9F5B720C7C,P002,2025-05-15 08:58:44 UTC,2,83.93,delivered,accepted,2025-05-15 09:00:53 UTC,
RA079817370BC3,LCB09A8DF2157,P007,2025-04-28 13:32:01 UTC,1,116.74,delivered,accepted,2025-04-28 13:32:57 UTC,
RABB39EA5B619B,LD2429BF867FC,P003,2025-02-03 22:25:18 UTC,1,59.21,delivered,accepted,2025-02-03 22:26:35 UTC,
RAE23475AB3AAB,L04DCD3DC9895,P010,2025-02-21 22:59:40 UTC,1,64.94,delivered,accepted,2025-02-21 23:02:50 UTC,
RA6C9170157F41,LFCBB9AFFFA97,P001,2025-02-12 19:04:05 UTC,1,64.84,delivered,accepted,2025-02-12 19:05:03 UTC,
RA15AF9357BE9E,LC8B3539790CD,P009,2025-06-06 13:09:04 UTC,1,51.55,delivered,accepted,2025-06-06 13:13:39 UTC,
RA526F33884F01,L6C3AE766A7F1,P002,2025-01-12 16:24:08 UTC,1,75.4,delivered,accepted,2025-01-12 16:27:31 UTC,
RAC568BF5C10DF,LB1BA2A53D09E,P005,2025-06-28 09:36:42 UTC,1,119.74,delivered,capacity_exceeded,2025-06-28 09:37:09 UTC,quality
RA8B1DA4BBABD3,L31311D7E0E2A,P008,2025-06-18 16:09:59 UTC,1,70.22,delivered,no_response,2025-06-18 16:12:00 UTC,quality
RA657E56D1BA9E,LFC9920E24EC0,P005,2025-05-01 19:47:20 UTC,1,120.11,delivered,accepted,2025-05-01 19:50:02 UTC,
RAE0A9A6FB037C,L9CFF52E83F7A,P010,2025-01-27 21:27:13 UTC,1,66.64,delivered,accepted,2025-01-27 21:28:36 UTC,
RA231E15804D9B,L5F1EF8474FB8,P010,2025-05-22 12:19:20 UTC,1,77.42,delivered,accepted,2025-05-22 12:23:37 UTC,
RADF1A3525086D,L0470F565855F,P009,2025-01-22 21:47:57 UTC,1,52.72,delivered,capacity_exceeded,2025-01-22 21:48:15 UTC,quality
RA2517CCF552D9,LA840C23E0A6A,P007,2025-04-03 11:13:06 UTC,1,130.45,delivered,accepted,2025-04-03 11:14:30 UTC,
RA9321AF9BC40B,LA093820EC4C6,P003,2025-04-09 14:56:18 UTC,1,60.97,delivered,accepted,2025-04-09 14:59:43 UTC,
RAFE25301ADC1A,LCEC4FCEDDBBB,P002,2025-06-01 07:58:22 UTC,1,75.91,delivered,accepted,2025-06-01 08:00:53 UTC,
RA5824C568052B,LAAA1CF840860,P005,2025-05-25 22:22:46 UTC,1,96.19,delivered,accepted,2025-05-25 22:27:44 UTC,
RA50AC2B32A3C7,LC6C378D7B26C,P010,2025-02-18 14:31:30 UTC,1,61.26,delivered,accepted,2025-02-18 14:35:00 UTC,
RA63F34A9D34A9,LF5630015E6AC,P010,2025-04-20 13:42:56 UTC,1,65.44,delivered,rejected,2025-04-20 13:46:33 UTC,quality
RA4F72EBC4A359,LE48DDFE5D007,P001,2025-01-21 13:38:12 UTC,1,67.94,delivered,rejected,2025-01-21 13:39:47 UTC,capacity
RAE084AB22A47D,LCDE563BD9304,P003,2025-04-16 07:42:32 UTC,1,66.46,delivered,rejected,2025-04-16 07:44:37 UTC,capacity
RA07127D443164,LC484FB73EE54,P008,2025-05-31 19:38:22 UTC,1,79.68,delivered,no_response,2025-05-31 19:39:57 UTC,quality
RA0E4106AE0622,LC484FB73EE54,P003,2025-05-31 19:38:17 UTC,2,66.02,delivered,accepted,2025-05-31 19:41:30 UTC,
RA21F158E28839,L9D86F83603CF,P009,2025-01-30 09:45:45 UTC,1,61.48,delivered,accepted,2025-01-30 09:47:26 UTC,
RA76187E72F0B1,LA3C711E88A66,P002,2025-04-03 16:13:28 UTC,1,71.07,delivered,rejected,2025-04-03 16:17:42 UTC,quality
RA77CE78D3C27C,L71E482639B43,P010,2025-03-18 16:56:36 UTC,1,65.3,delivered,accepted,2025-03-18 16:59:07 UTC,
RA18CB053A9521,L08622D833218,P009,2025-03-06 12:53:25 UTC,1,55.23,delivered,accepted,2025-03-06 12:57:24 UTC,
RA790247BEE6AD,LCB46C300FB61,P010,2025-02-01 15:59:18 UTC,1,74.27,delivered,accepted,2025-02-01 16:00:52 UTC,
RA6D5DC4472470,L009F7265730D,P007,2025-02-05 18:05:06 UTC,1,113.74,delivered,capacity_exceeded,2025-02-05 18:06:36 UTC,quality
RA55EE84A043D7,L6A7324FF0341,P008,2025-03-01 15:30:04 UTC,1,75.43,delivered,rejected,2025-03-01 15:32:01 UTC,price_too_low
RAD990A5E3D19C,LAA6528C7273E,P009,2025-05-21 08:02:26 UTC,1,53.59,delivered,accepted,2025-05-21 08:06:07 UTC,
RA94E65341BD40,L509576B4E06C,P005,2025-05-17 16:24:13 UTC,1,96.62,delivered,accepted,2025-05-17 16:26:21 UTC,
RA4F73518659AF,L8A11957044D9,P003,2025-02-25 13:46:20 UTC,1,78.05,delivered,accepted,2025-02-25 13:47:26 UTC,
RA3F7EA0843DD8,LAC91BC37F253,P010,2025-03-16 11:52:35 UTC,1,71.44,delivered,accepted,2025-03-16 11:53:17 UTC,
RA47D33D84CC0F,LBC8816DB878E,P009,2025-04-19 19:46:37 UTC,1,53.47,delivered,accepted,2025-04-19 19:48:16 UTC,
RA20F619591976,L76751C24C486,P002,2025-03-08 16:19:09 UTC,1,75.45,delivered,capacity_exceeded,2025-03-08 16:24:08 UTC,price_too_low
RA043733ACE664,L0248E0255AEF,P002,2025-05-11 12:41:03 UTC,1,74.14,delivered,accepted,2025-05-11 12:41:33 UTC,
RA587F3DFF4076,L574462820AAA,P006,2025-06-26 19:28:17 UTC,1,128.34,delivered,accepted,2025-06-26 19:31:03 UTC,
RA7E343D13D23B,L4E2148782277,P002,2025-02-16 11:05:43 UTC,1,85.83,delivered,accepted,2025-02-16 11:08:37 UTC,
RACDE9E1F955C5,LC97F5BA5C61F,P010,2025-02-28 13:58:52 UTC,1,73.21,delivered,no_response,2025-02-28 14:00:57 UTC,capacity
RA4D95F9F1237C,L429503461DDD,P009,2025-01-24 11:49:10 UTC,1,57.99,delivered,capacity_exceeded,2025-01-24 11:52:50 UTC,capacity
RA85FD871D8EDE,L429503461DDD,P003,2025-01-24 11:49:39 UTC,2,73.08,delivered,accepted,2025-01-24 11:51:51 UTC,
RAC7C463A1F7E6,L4CFED7622E2D,P002,2025-01-06 10:26:57 UTC,1,75.12,delivered,accepted,2025-01-06 10:30:16 UTC,
RA565378A8A38A,L541F39846302,P002,2025-06-02 13:32:52 UTC,1,64.73,delivered,accepted,2025-06-02 13:34:34 UTC,
RA11B6059E2E2D,L95B5F9FC64F8,P009,2025-05-30 15:06:13 UTC,1,61.32,delivered,rejected,2025-05-30 15:08:31 UTC,quality
RA2B7E1F9C49E8,L8A37FAB9B7F6,P001,2025-06-12 13:42:49 UTC,1,59.21,delivered,accepted,2025-06-12 13:44:03 UTC,
RA72E1F1295885,L4D35E159C32C,P003,2025-02-11 21:28:42 UTC,1,68.55,delivered,accepted,2025-02-11 21:30:48 UTC,
RAA93A7F3EEA05,L781BF1C0161A,P003,2025-02-04 18:36:23 UTC,1,73.84,delivered,no_response,2025-02-04 18:37:12 UTC,state_not_covered
RA62F2ED13D005,L8768E6D68BCD,P002,2025-05-26 13:13:46 UTC,1,83.86,delivered,no_response,2025-05-26 13:16:56 UTC,state_not_covered
RA0333AB2E5A89,LA1899B0AF28A,P003,2025-05-21 12:59:01 UTC,1,59.6,delivered,accepted,2025-05-21 13:00:26 UTC,
RA41F88B9CAC98,L78ABE46B1114,P008,2025-02-22 19:52:53 UTC,1,84.73,delivered,accepted,2025-02-22 19:53:27 UTC,
RA2487863D5C5F,L287C19DF9BF5,P008,2025-02-02 18:19:20 UTC,1,88.93,delivered,no_response,2025-02-02 18:22:13 UTC,quality
RAF5799DA279C1,L287C19DF9BF5,P002,2025-02-02 18:19:36 UTC,2,70.12,delivered,no_response,2025-02-02 18:20:22 UTC,quality
RA5709451F4893,L3CC1964B6B8A,P002,2025-05-01 17:27:52 UTC,1,69.46,delivered,capacity_exceeded,2025-05-01 17:29:01 UTC,price_too_low
RA05ADE9858AE2,LD3A7698FD100,P009,2025-01-01 14:36:23 UTC,1,59.61,delivered,accepted,2025-01-01 14:40:57 UTC,
RAB7527AE56488,LDBAC8AF6D29B,P010,2025-04-22 21:55:38 UTC,1,78.14,delivered,capacity_exceeded,2025-04-22 22:00:14 UTC,state_not_covered
RA59C8471AE198,LDBAC8AF6D29B,P002,2025-04-22 21:56:00 UTC,2,83.88,delivered,accepted,2025-04-22 21:58:51 UTC,
RAFCAF2C302236,L50D4A3E72A92,P005,2025-06-21 09:54:26 UTC,1,118.03,delivered,accepted,2025-06-21 09:58:08 UTC,
RA58A11F6E54B0,L7018EAAEDCE4,P002,2025-06-08 17:26:59 UTC,1,66.55,delivered,accepted,2025-06-08 17:30:23 UTC,
RA97A59FA1EB80,L067B14EAAD02,P005,2025-02-14 10:32:41 UTC,1,102.06,delivered,accepted,2025-02-14 10:34:32 UTC,
RABBDBE2991B15,L5283EDF2CCD6,P003,2025-02-20 10:46:25 UTC,1,58.55,delivered,accepted,2025-02-20 10:48:06 UTC,
RA1D8BF3EB3FD6,L83E31CC9A2E5,P010,2025-03-21 20:01:49 UTC,1,68.05,delivered,accepted,2025-03-21 20:02:37 UTC,
RA7DAA6711A01F,LF7961891E655,P002,2025-05-07 10:19:04 UTC,1,75.21,delivered,accepted,2025-05-07 10:20:34 UTC,
RAACB231A62184,LADE6AE7502DB,P003,2025-06-22 13:37:13 UTC,1,60.21,delivered,accepted,2025-06-22 13:38:27 UTC,
RA78DB8CBE0782,L2EEEE21ED677,P001,2025-03-20 12:25:33 UTC,1,74.13,delivered,accepted,2025-03-20 12:26:28 UTC,
RABFF71E5AE9C2,LF27A58FF89B0,P005,2025-04-06 09:42:59 UTC,1,99.47,delivered,no_response,2025-04-06 09:44:56 UTC,price_too_low
RAB78D35065FAB,L5CE72B4F7808,P005,2025-06-26 21:23:41 UTC,1,114.49,delivered,accepted,2025-06-26 21:25:35 UTC,
RA008728A1ABA6,L5138486AE476,P010,2025-05-29 22:50:09 UTC,1,74.06,delivered,accepted,2025-05-29 22:52:09 UTC,
RA726E397D771A,L58C20197ACD1,P002,2025-04-28 13:10:22 UTC,1,74.92,delivered,accepted,2025-04-28 13:10:35 UTC,
RAA11560361AED,L2FFB1C99EF33,P005,2025-01-16 18:35:05 UTC,1,92.37,delivered,accepted,2025-01-16 18:36:51 UTC,
RA75BB0F39EACD,LF242778A4980,P010,2025-04-14 09:12:40 UTC,1,66.44,delivered,accepted,2025-04-14 09:13:23 UTC,
RADACC100BD038,LE8DBF85586C9,P003,2025-06-23 08:37:34 UTC,1,72.41,delivered,accepted,2025-06-23 08:37:55 UTC,
RA0050640CF4C6,L909B6B82A06E,P010,2025-03-09 20:47:13 UTC,1,65.3,delivered,accepted,2025-03-09 20:48:17 UTC,
RA6DF4138A6FFC,LE6596BA2860D,P002,2025-02-15 10:18:42 UTC,1,76.69,delivered,accepted,2025-02-15 10:20:43 UTC,
RAD82F61B5621E,LFC2F55D0BA5A,P001,2025-04-04 22:49:21 UTC,1,62.34,delivered,accepted,2025-04-04 22:49:52 UTC,
RA4E702D5E95E7,L765E7D4157F3,P001,2025-01-07 20:30:07 UTC,1,59.01,delivered,accepted,2025-01-07 20:32:33 UTC,
RA414FD05EBEB6,L022F006DFD7B,P009,2025-04-26 14:09:46 UTC,1,61.17,delivered,accepted,2025-04-26 14:12:48 UTC,
RA163B51597CCA,L69B012D18657,P005,2025-06-14 22:17:21 UTC,1,109.08,delivered,accepted,2025-06-14 22:22:05 UTC,
RA8904CF0D2290,L23167DB4CA87,P005,2025-06-02 09:02:30 UTC,1,118.58,delivered,accepted,2025-06-02 09:03:13 UTC,
RAD40AE6ABC5B2,L713AB9748103,P010,2025-03-07 09:00:46 UTC,1,73.36,delivered,rejected,2025-03-07 09:01:47 UTC,capacity
RA638363A81DF2,L713AB9748103,P009,2025-03-07 09:00:51 UTC,2,59.82,delivered,accepted,2025-03-07 09:05:33 UTC,
RA88CBDCF92269,LB1BB8BD75DAE,P002,2025-06-11 19:17:22 UTC,1,80.61,delivered,accepted,2025-06-11 19:20:51 UTC,
RABA8BDF7951A2,LF6040CB1EF7C,P010,2025-01-24 09:05:59 UTC,1,75.63,delivered,accepted,2025-01-24 09:07:58 UTC,
RA8D728E3BFF37,LC10846025E93,P001,2025-02-23 17:07:37 UTC,1,64.9,delivered,accepted,2025-02-23 17:07:48 UTC,
RA38BCE9AEB7E7,LFB608AEDDBAA,P002,2025-05-23 08:05:09 UTC,1,67.8,delivered,accepted,2025-05-23 08:05:42 UTC,
RAAE28D2C1CAB1,LF1C6D5819A16,P001,2025-04-20 12:28:40 UTC,1,73.07,delivered,accepted,2025-04-20 12:29:21 UTC,
RA907748EB8E13,LE9055CBC9D23,P009,2025-02-04 11:15:53 UTC,1,53.53,delivered,capacity_exceeded,2025-02-04 11:16:21 UTC,state_not_covered
RAD1B0A2629297,LE9055CBC9D23,P003,2025-02-04 11:15:22 UTC,2,75.03,delivered,accepted,2025-02-04 11:17:51 UTC,
RA92B0B3F2EF3F,L1AF8B1C78146,P002,2025-01-23 20:33:31 UTC,1,72.51,delivered,accepted,2025-01-23 20:33:49 UTC,
RA871228A43C2D,LB2022AEA8E1C,P003,2025-01-07 19:59:07 UTC,1,63.93,delivered,accepted,2025-01-07 20:00:37 UTC,
RA2712F055B87C,L70C44C24AE34,P010,2025-05-19 09:52:54 UTC,1,77.3,delivered,rejected,2025-05-19 09:56:51 UTC,state_not_covered
RA6E10D2F950DA,L70C44C24AE34,P007,2025-05-19 09:53:17 UTC,2,145.85,delivered,accepted,2025-05-19 09:54:54 UTC,
RA5381E8EEC6D3,LF4209EC38A78,P003,2025-06-23 15:57:29 UTC,1,65.57,delivered,no_response,2025-06-23 15:59:25 UTC,state_not_covered
RA77A315F704C1,LD2FA1043C0A8,P005,2025-05-11 08:09:16 UTC,1,109.35,delivered,accepted,2025-05-11 08:13:38 UTC,
RA21E1AF5B03D4,L8C2FFA29DB14,P009,2025-05-24 13:30:25 UTC,1,59.89,delivered,capacity_exceeded,2025-05-24 13:34:31 UTC,state_not_covered
RA77770FF8FBFB,L70F8C90C3FBB,P010,2025-03-26 09:06:58 UTC,1,78.12,delivered,accepted,2025-03-26 09:10:47 UTC,
RA9638ED91068A,L9D2C302DA243,P007,2025-05-11 08:21:03 UTC,1,117.83,delivered,accepted,2025-05-11 08:22:31 UTC,
RAEDDE68F712E5,L15B851DAAE83,P002,2025-01-11 07:21:47 UTC,1,72.24,delivered,accepted,2025-01-11 07:23:10 UTC,
RAC6CA1B8BD32A,L66A81526AFD6,P010,2025-05-27 22:37:45 UTC,1,68.23,delivered,accepted,2025-05-27 22:40:43 UTC,
RA3B07C7ED2075,LC761B773337D,P002,2025-02-15 21:42:36 UTC,1,75.82,delivered,accepted,2025-02-15 21:43:22 UTC,
RA2E6F88788E0A,LACB0FEE9B5B7,P001,2025-05-09 16:08:45 UTC,1,64.03,delivered,rejected,2025-05-09 16:09:04 UTC,quality
RAC48663D847A1,LACB0FEE9B5B7,P002,2025-05-09 16:08:54 UTC,2,77.69,delivered,no_response,2025-05-09 16:10:40 UTC,quality
RAC4BE59D725E5,L3CBB5796BFC7,P009,2025-04-15 18:09:59 UTC,1,63.58,delivered,accepted,2025-04-15 18:14:45 UTC,
RAEB89A6F1708A,L4AAE04CC3F68,P010,2025-03-28 12:44:32 UTC,1,66.31,delivered,accepted,2025-03-28 12:49:15 UTC,
RA8998BB72E489,L4D9A08217294,P002,2025-01-19 22:22:24 UTC,1,83.17,delivered,accepted,2025-01-19 22:25:08 UTC,
RA4176B5BF9DCF,L8A18174E22C9,P010,2025-06-19 10:03:26 UTC,1,62.11,delivered,accepted,2025-06-19 10:04:47 UTC,
RAC1BE7948EC5F,L36D5A0F541CD,P005,2025-03-15 09:59:45 UTC,1,111.83,delivered,accepted,2025-03-15 10:04:20 UTC,
RA3246B6753EC3,LFEBFEAFC0FC9,P009,2025-06-06 14:01:21 UTC,1,60.37,delivered,accepted,2025-06-06 14:02:41 UTC,
RA3387E777D2E0,L3F604AB384BE,P005,2025-01-12 14:30:23 UTC,1,116.93,delivered,accepted,2025-01-12 14:30:53 UTC,
RA95FEBD31DBC6,L10D392039D11,P010,2025-05-14 17:08:40 UTC,1,75.28,delivered,accepted,2025-05-14 17:12:15 UTC,
RA48D6B665FEDA,LB59FF5FE3D5A,P005,2025-06-06 09:11:57 UTC,1,102.66,delivered,accepted,2025-06-06 09:15:57 UTC,
RA3A13C6C03D9D,LED117EDA8026,P002,2025-03-21 18:52:07 UTC,1,70.35,delivered,accepted,2025-03-21 18:54:37 UTC,
RA819A7305F679,L40388EBAB971,P002,2025-05-28 15:34:39 UTC,1,79.0,delivered,accepted,2025-05-28 15:38:22 UTC,
RA65DA147618DA,L36914DC4F94A,P010,2025-01-22 07:22:28 UTC,1,65.83,delivered,capacity_exceeded,2025-01-22 07:26:24 UTC,state_not_covered
RAF327B33300A6,L8831AD20C204,P001,2025-04-24 22:26:18 UTC,1,68.29,delivered,accepted,2025-04-24 22:29:38 UTC,
RAD8CC47C813A2,LD38390242AB4,P010,2025-03-11 18:06:31 UTC,1,73.22,delivered,no_response,2025-03-11 18:09:08 UTC,state_not_covered
RAB1B84EDB72AB,L60D04A49EEB3,P001,2025-05-05 15:06:13 UTC,1,55.35,delivered,capacity_exceeded,2025-05-05 15:11:03 UTC,price_too_low
RA483C0729F9BD,L60D04A49EEB3,P010,2025-05-05 15:06:06 UTC,2,63.41,delivered,capacity_exceeded,2025-05-05 15:09:40 UTC,price_too_low
RAD8548707DA10,L60D04A49EEB3,P009,2025-05-05 15:05:51 UTC,3,64.22,delivered,accepted,2025-05-05 15:06:46 UTC,
RAEAE9867F0DA6,L0F3B306C1B60,P003,2025-03-31 15:16:53 UTC,1,59.38,delivered,accepted,2025-03-31 15:17:13 UTC,
RA4789AAEC5C96,LAAD67CF0E829,P010,2025-02-13 22:13:53 UTC,1,64.04,delivered,accepted,2025-02-13 22:17:51 UTC,
RA1D1D90E7ECF5,L1B75B7712390,P003,2025-01-21 22:43:22 UTC,1,72.36,delivered,no_response,2025-01-21 22:44:12 UTC,capacity
RA532FDD129356,LE4D37F25ECDF,P002,2025-04-18 11:58:57 UTC,1,65.43,delivered,accepted,2025-04-18 12:00:14 UTC,
RAE1D714771A0D,LA38EE054F1E4,P010,2025-04-22 13:15:08 UTC,1,69.06,delivered,accepted,2025-04-22 13:16:36 UTC,
RAB44F7B16E89C,LC0BE14D2DA46,P010,2025-06-20 11:09:52 UTC,1,79.39,delivered,rejected,2025-06-20 11:10:48 UTC,state_not_covered
RAA50D3D14FAD7,LC0BE14D2DA46,P009,2025-06-20 11:09:51 UTC,2,64.6,delivered,capacity_exceeded,2025-06-20 11:10:58 UTC,quality
RA722A0DED3EDC,LC0BE14D2DA46,P001,2025-06-20 11:09:51 UTC,3,71.84,delivered,accepted,2025-06-20 11:11:53 UTC,
RA25FC4B323EEB,LDE745D25A88B,P002,2025-06-14 09:38:44 UTC,1,76.08,delivered,accepted,2025-06-14 09:43:25 UTC,
RA2FADBD2B86D5,LD50928CE85EC,P009,2025-02-12 19:37:10 UTC,1,61.7,delivered,accepted,2025-02-12 19:38:44 UTC,
RA391A68A3CC4D,LE59113CF1AF1,P007,2025-01-23 12:11:18 UTC,1,140.03,delivered,accepted,2025-01-23 12:12:03 UTC,
RAD32692A29B81,LFFE5670DCBC6,P010,2025-04-27 09:07:44 UTC,1,79.86,delivered,accepted,2025-04-27 09:08:40 UTC,
RA18EF7B5A69C8,L37C53EBE3026,P002,2025-06-25 18:11:47 UTC,1,82.97,delivered,accepted,2025-06-25 18:14:55 UTC,
RAD946E6B75089,L4365EB4689FB,P001,2025-01-13 15:11:35 UTC,1,64.3,delivered,capacity_exceeded,2025-01-13 15:16:06 UTC,state_not_covered
RA6DED7943E09B,L4365EB4689FB,P009,2025-01-13 15:11:17 UTC,2,66.66,delivered,capacity_exceeded,2025-01-13 15:14:27 UTC,state_not_covered
RAD5A49A72753F,L490C056E20B5,P010,2025-03-19 16:38:10 UTC,1,74.25,delivered,accepted,2025-03-19 16:43:01 UTC,
RA4D1119527F95,LBE919775FA64,P005,2025-01-19 11:34:29 UTC,1,111.13,delivered,accepted,2025-01-19 11:36:38 UTC,
RA0DBBAE6B70D6,L4CD72E552A35,P010,2025-05-26 17:30:56 UTC,1,74.79,delivered,accepted,2025-05-26 17:31:27 UTC,
RA93A0CE6AF3ED,LAB7796FB00AA,P001,2025-02-18 11:26:46 UTC,1,66.44,delivered,accepted,2025-02-18 11:27:51 UTC,
RA661A1CF3635C,L96A2D0F53B6D,P005,2025-04-23 12:38:20 UTC,1,107.7,delivered,no_response,2025-04-23 12:39:06 UTC,quality
RA8E469AA5DEC1,LA2095521F5DA,P010,2025-04-14 20:08:32 UTC,1,82.77,delivered,accepted,2025-04-14 20:13:24 UTC,
RA49B994FB6AA2,LA1A478A7A3B1,P001,2025-06-01 16:38:26 UTC,1,59.24,delivered,accepted,2025-06-01 16:42:55 UTC,
RA76EA3FC2052B,L9B5C4F4D76B5,P002,2025-05-27 14:03:03 UTC,1,82.11,delivered,accepted,2025-05-27 14:05:16 UTC,
RA874F054BA5D4,L5061BD8FFD41,P010,2025-05-13 21:16:09 UTC,1,73.31,delivered,rejected,2025-05-13 21:18:10 UTC,capacity
RACFDFF5E1F1ED,L5061BD8FFD41,P003,2025-05-13 21:16:04 UTC,2,60.06,delivered,rejected,2025-05-13 21:18:44 UTC,price_too_low
RA7BE2C4C0C3BC,L5061BD8FFD41,P002,2025-05-13 21:15:53 UTC,3,81.57,delivered,rejected,2025-05-13 21:17:02 UTC,capacity
RA2FD08ECDEE38,L7A83AB653D08,P008,2025-04-25 20:44:56 UTC,1,76.04,delivered,accepted,2025-04-25 20:47:42 UTC,
RAFA2690836AB9,L786DBBBE0FF5,P001,2025-02-27 10:52:11 UTC,1,67.07,delivered,accepted,2025-02-27 10:54:14 UTC,
RAE833DD322F6E,LA84A23E322BE,P005,2025-04-26 21:51:09 UTC,1,92.98,delivered,accepted,2025-04-26 21:53:21 UTC,
RAA751F907CFE8,L178CCF8F088D,P003,2025-06-23 22:35:42 UTC,1,68.19,delivered,no_response,2025-06-23 22:39:38 UTC,state_not_covered
RA4AA690E62059,L178CCF8F088D,P002,2025-06-23 22:34:59 UTC,2,71.3,delivered,accepted,2025-06-23 22:35:37 UTC,
RA306ED97AEA2A,L881B46BD2573,P002,2025-06-27 19:20:24 UTC,1,74.97,delivered,accepted,2025-06-27 19:22:06 UTC,
RAB89733E8500E,L8F6D905CFFCD,P010,2025-02-22 21:07:51 UTC,1,74.58,delivered,accepted,2025-02-22 21:11:52 UTC,
RA009A6C0A8A4C,L0DD494EA64FD,P003,2025-03-09 07:23:34 UTC,1,73.85,delivered,accepted,2025-03-09 07:26:46 UTC,
RA1FF5A899F12E,L1A98BCCA08AD,P009,2025-01-29 20:47:16 UTC,1,51.61,delivered,accepted,2025-01-29 20:51:33 UTC,
RACBC11020CC7E,L41368301F967,P008,2025-06-12 10:43:46 UTC,1,69.89,delivered,accepted,2025-06-12 10:47:15 UTC,
RAF7386E7D51A7,L575FD850BDA8,P003,2025-05-19 15:44:18 UTC,1,74.95,delivered,accepted,2025-05-19 15:48:05 UTC,
RA567B8863F354,LE7C800C0763E,P005,2025-06-21 07:24:03 UTC,1,100.31,delivered,accepted,2025-06-21 07:26:01 UTC,
RA6AB08EA7B685,LC7223993A02D,P009,2025-05-24 07:48:39 UTC,1,63.34,delivered,capacity_exceeded,2025-05-24 07:53:36 UTC,state_not_covered
RAD884EDCF9161,LC7223993A02D,P002,2025-05-24 07:48:09 UTC,2,68.75,delivered,accepted,2025-05-24 07:51:38 UTC,
RA4411CEC5A9F2,L927061ACFDB3,P009,2025-02-24 11:51:12 UTC,1,61.06,delivered,accepted,2025-02-24 11:56:09 UTC,
RA03716BD59E13,L9244C9E4A22B,P003,2025-04-25 08:01:24 UTC,1,65.09,delivered,accepted,2025-04-25 08:02:55 UTC,
RAF3BF7BAE9BA1,L4B09B63712F4,P002,2025-03-26 19:01:46 UTC,1,66.37,delivered,no_response,2025-03-26 19:06:44 UTC,capacity
RA1D235193C655,L0B3982570988,P002,2025-05-13 20:05:00 UTC,1,63.98,delivered,rejected,2025-05-13 20:06:05 UTC,state_not_covered
RA7D365073EBDA,LEA205C2BB8FC,P002,2025-01-18 07:39:10 UTC,1,71.48,delivered,accepted,2025-01-18 07:44:06 UTC,
RA83744B4A55EE,L724C144EE117,P003,2025-04-28 12:10:19 UTC,1,58.52,delivered,accepted,2025-04-28 12:11:42 UTC,
RAAE9B19DAEF0D,LC3C2332D360A,P006,2025-06-05 07:27:52 UTC,1,111.65,delivered,accepted,2025-06-05 07:32:05 UTC,
RA5CFD85F03384,LBB14A9B5FF3E,P001,2025-01-02 11:58:47 UTC,1,65.46,delivered,rejected,2025-01-02 12:02:37 UTC,state_not_covered
RA48A34A8BB268,LBB14A9B5FF3E,P003,2025-01-02 11:59:23 UTC,2,64.59,delivered,accepted,2025-01-02 11:59:43 UTC,
RA384CB9732539,LCF978A821412,P010,2025-03-08 11:23:33 UTC,1,70.41,delivered,accepted,2025-03-08 11:25:10 UTC,
RA33889EEEE63F,L14FDAE16242D,P003,2025-02-08 10:48:16 UTC,1,75.55,delivered,accepted,2025-02-08 10:48:50 UTC,
RA96878E371091,L798BD860BC13,P003,2025-01-23 12:25:36 UTC,1,66.82,delivered,capacity_exceeded,2025-01-23 12:27:01 UTC,quality
RAB0D2E525A742,LDAD8BCFCFFCF,P002,2025-06-20 13:29:30 UTC,1,65.81,delivered,no_response,2025-06-20 13:34:19 UTC,price_too_low
RAFBC9A38582AE,L2499EA666389,P002,2025-02-23 16:47:22 UTC,1,68.96,delivered,rejected,2025-02-23 16:51:59 UTC,quality
RAC54466EE2D32,L9459C9843854,P010,2025-03-20 18:20:14 UTC,1,68.78,delivered,accepted,2025-03-20 18:24:10 UTC,
RAA33F1EE89E64,LA882B54C7D2D,P003,2025-01-14 13:46:25 UTC,1,78.02,delivered,accepted,2025-01-14 13:47:04 UTC,
RACB85DD40DEDD,L10FBA4DB45DF,P002,2025-03-13 20:33:03 UTC,1,74.24,delivered,accepted,2025-03-13 20:37:49 UTC,
RAC4ECDD26CD88,LEA42539EE6FC,P010,2025-06-19 12:13:59 UTC,1,63.55,delivered,accepted,2025-06-19 12:16:25 UTC,
RA45C08700AA30,L305278775F5A,P010,2025-03-17 15:37:25 UTC,1,68.85,delivered,accepted,2025-03-17 15:42:05 UTC,
RAC50972ACDDB6,L78A21A4AA9EB,P010,2025-05-22 17:29:23 UTC,1,69.27,delivered,accepted,2025-05-22 17:30:22 UTC,
RA7150076314B4,LE84E88947FAB,P001,2025-04-25 07:23:54 UTC,1,61.87,delivered,accepted,2025-04-25 07:26:55 UTC,
RAC8E80FCE2FEC,L6B50BF5DA1BD,P010,2025-05-24 10:15:17 UTC,1,67.88,delivered,accepted,2025-05-24 10:18:36 UTC,
RAD9EFA98C97C5,L1D038A7D9303,P003,2025-05-02 18:23:24 UTC,1,57.87,delivered,no_response,2025-05-02 18:28:09 UTC,state_not_covered
RA8D6A3041C831,L1D038A7D9303,P010,2025-05-02 18:23:09 UTC,2,82.05,delivered,accepted,2025-05-02 18:23:51 UTC,
RA3D2CC349D4E0,L933830CFB3A4,P002,2025-02-14 09:48:20 UTC,1,72.55,delivered,accepted,2025-02-14 09:50:50 UTC,
RA14C3D1963B15,L9D174A84536E,P001,2025-05-07 09:31:40 UTC,1,68.15,delivered,accepted,2025-05-07 09:33:02 UTC,
RA44BAF158242D,L9007DC3057C8,P010,2025-02-13 07:25:48 UTC,1,62.35,delivered,accepted,2025-02-13 07:28:57 UTC,
RA2B04C9D3B1FE,L22116676C4A5,P005,2025-01-09 10:05:46 UTC,1,117.95,delivered,accepted,2025-01-09 10:06:33 UTC,
RAEA2C678D82FB,L9D02BA3BE546,P008,2025-05-18 08:58:58 UTC,1,79.04,delivered,accepted,2025-05-18 08:59:57 UTC,
RA17A25F7E25E2,LA3521C08836C,P010,2025-06-14 09:50:12 UTC,1,61.47,delivered,no_response,2025-06-14 09:51:09 UTC,capacity
RA6A41DE309A1B,LA3521C08836C,P002,2025-06-14 09:49:35 UTC,2,80.21,delivered,no_response,2025-06-14 09:53:17 UTC,state_not_covered
RA21BA98CDCF7D,LC8B76060EA16,P001,2025-05-02 16:36:46 UTC,1,70.98,delivered,rejected,2025-05-02 16:38:52 UTC,state_not_covered
RAC274A93B0ADA,LC8B76060EA16,P003,2025-05-02 16:36:13 UTC,2,58.65,delivered,no_response,2025-05-02 16:37:07 UTC,price_too_low
RA109EFEBF2FAD,LC8B76060EA16,P009,2025-05-02 16:36:26 UTC,3,50.51,delivered,accepted,2025-05-02 16:38:19 UTC,
RA110600403C7E,L877E9C3A2FD4,P007,2025-05-16 22:04:14 UTC,1,139.17,delivered,accepted,2025-05-16 22:09:07 UTC,
RA3041A84CDB7C,L8CD7023CCC14,P005,2025-04-14 16:30:17 UTC,1,108.76,delivered,accepted,2025-04-14 16:30:38 UTC,
RA6760BF0A85BC,L38F26EC57DBE,P010,2025-05-16 11:48:37 UTC,1,78.05,delivered,accepted,2025-05-16 11:53:30 UTC,
RA53A6B8E09D5F,L805ED2C731EB,P002,2025-04-23 13:12:32 UTC,1,81.0,delivered,rejected,2025-04-23 13:17:22 UTC,capacity
RA13FE472EBBDA,L5BC7F05560D2,P003,2025-02-23 18:01:57 UTC,1,60.9,delivered,capacity_exceeded,2025-02-23 18:05:24 UTC,price_too_low
RAE7785CBBD2E6,L46611282AC6C,P005,2025-05-12 21:47:54 UTC,1,110.03,delivered,accepted,2025-05-12 21:50:29 UTC,
RA3CCEF30A76AC,L3C81B67917A8,P003,2025-06-21 17:31:14 UTC,1,66.54,delivered,accepted,2025-06-21 17:34:08 UTC,
RA3C47A22B012F,LC0D341D4B145,P005,2025-02-08 22:10:04 UTC,1,92.72,delivered,accepted,2025-02-08 22:12:43 UTC,
RA3E3924DA115C,L7422A80B100D,P002,2025-03-02 14:03:42 UTC,1,77.22,delivered,accepted,2025-03-02 14:07:03 UTC,
RA5DE8058A68C0,L2F26CED3DB76,P003,2025-05-01 15:43:52 UTC,1,66.57,delivered,accepted,2025-05-01 15:45:20 UTC,
RA93DBFD22033B,L3212B0DD842E,P002,2025-05-26 18:51:08 UTC,1,71.36,delivered,accepted,2025-05-26 18:54:02 UTC,
RA7D836368C64E,L3BC4929DFF0E,P002,2025-01-02 11:59:32 UTC,1,64.89,delivered,accepted,2025-01-02 12:03:56 UTC,
RAB60EBDD1D6B4,LEE247EDD9D8A,P010,2025-03-28 16:18:10 UTC,1,69.33,delivered,no_response,2025-03-28 16:22:50 UTC,price_too_low
RA7DC6F0338DCC,L8FE57CCA8AED,P001,2025-03-17 09:08:34 UTC,1,66.03,delivered,accepted,2025-03-17 09:11:50 UTC,
RA7ABC9734D711,L06B6A9181D14,P003,2025-01-10 18:11:07 UTC,1,77.87,delivered,accepted,2025-01-10 18:15:05 UTC,
RA479D41C14057,LEE2EB09CABF2,P010,2025-05-15 16:55:07 UTC,1,82.03,delivered,no_response,2025-05-15 16:58:18 UTC,quality
RA7BA2E191925E,LEE2EB09CABF2,P002,2025-05-15 16:54:54 UTC,2,78.04,delivered,accepted,2025-05-15 16:57:03 UTC,
RA4E8C029AABCF,L7B83C276CCF6,P003,2025-01-05 14:41:54 UTC,1,62.21,delivered,accepted,2025-01-05 14:44:40 UTC,
RAEE45F6C039CD,LDA5BAB9797CE,P003,2025-05-08 19:39:40 UTC,1,71.93,delivered,accepted,2025-05-08 19:39:57 UTC,
RA666275EA8EA8,L2168D7B36432,P009,2025-01-12 22:37:07 UTC,1,65.81,delivered,rejected,2025-01-12 22:39:47 UTC,price_too_low
RAA02EB5B8D372,L2168D7B36432,P002,2025-01-12 22:37:37 UTC,2,82.41,delivered,rejected,2025-01-12 22:37:48 UTC,capacity
RA9257DFD70AAF,L2168D7B36432,P001,2025-01-12 22:37:30 UTC,3,57.49,delivered,accepted,2025-01-12 22:42:11 UTC,
RA1C6B290FBBD9,LC7124B53C228,P005,2025-05-16 07:42:25 UTC,1,120.68,delivered,no_response,2025-05-16 07:46:36 UTC,capacity
RACD6B0039EBE3,L34012B18C901,P001,2025-05-07 09:31:16 UTC,1,66.77,delivered,accepted,2025-05-07 09:32:25 UTC,
RA3EA4984FAF63,LB13905A5CA2E,P003,2025-05-08 11:46:04 UTC,1,74.07,delivered,accepted,2025-05-08 11:50:38 UTC,
RA1379B2EBA02C,LD61EA27A8443,P002,2025-02-10 17:30:43 UTC,1,67.88,delivered,accepted,2025-02-10 17:31:35 UTC,
RA924DFCA3C29C,L2541C2329556,P002,2025-06-25 13:55:36 UTC,1,69.15,delivered,accepted,2025-06-25 13:59:39 UTC,
RAF88A7C650283,L6E6C5954E0D2,P001,2025-06-15 20:25:04 UTC,1,62.23,delivered,no_response,2025-06-15 20:29:22 UTC,price_too_low
RAB76BEFBD6C9D,L00601976E2C4,P009,2025-06-04 12:38:23 UTC,1,53.39,delivered,accepted,2025-06-04 12:39:58 UTC,
RA84EA1973BF8E,L7F325D4AF1C3,P002,2025-02-10 16:58:05 UTC,1,66.23,delivered,rejected,2025-02-10 17:01:42 UTC,quality
RA8EAE204096E3,LAD365D73FA93,P002,2025-01-19 20:00:14 UTC,1,76.25,delivered,no_response,2025-01-19 20:02:04 UTC,state_not_covered
RAD9B30446B313,LAEAEFF10CB5A,P003,2025-01-17 10:16:43 UTC,1,75.71,delivered,capacity_exceeded,2025-01-17 10:19:53 UTC,price_too_low
RA8EF90AA7E4EB,LAEAEFF10CB5A,P002,2025-01-17 10:16:05 UTC,2,76.04,delivered,accepted,2025-01-17 10:17:24 UTC,
RAA08399F34E0D,L83994C5BBA4D,P005,2025-06-21 10:22:43 UTC,1,103.82,delivered,accepted,2025-06-21 10:25:37 UTC,
RA60F682EF4F49,L63831054748B,P001,2025-03-21 19:42:37 UTC,1,71.28,delivered,capacity_exceeded,2025-03-21 19:43:16 UTC,price_too_low
RA4C9C57C086C6,LD43E31303A2D,P003,2025-03-20 12:18:04 UTC,1,63.73,delivered,accepted,2025-03-20 12:20:19 UTC,
RA074963A90D80,LAB906EC95866,P002,2025-02-06 21:00:39 UTC,1,66.22,delivered,capacity_exceeded,2025-02-06 21:01:29 UTC,state_not_covered
RA4C1E167972AE,LAB906EC95866,P003,2025-02-06 21:00:31 UTC,2,72.01,delivered,accepted,2025-02-06 21:01:50 UTC,
RAB5F9AEB146C4,LAEC642FCD489,P005,2025-03-02 14:26:04 UTC,1,114.42,delivered,capacity_exceeded,2025-03-02 14:27:40 UTC,price_too_low
RA26BAE96865C6,LAEC642FCD489,P004,2025-03-02 14:26:21 UTC,2,82.88,delivered,rejected,2025-03-02 14:30:18 UTC,state_not_covered
RAF6D1B4DF45A1,LF2851C1FE37C,P007,2025-04-03 13:36:43 UTC,1,144.62,delivered,capacity_exceeded,2025-04-03 13:37:52 UTC,capacity
RA69F297EA39BA,L00E9A7B5F21F,P010,2025-06-10 15:17:56 UTC,1,81.76,delivered,accepted,2025-06-10 15:20:41 UTC,
RA4ED317F929BC,LC4D22F9BF652,P010,2025-03-31 16:45:32 UTC,1,62.94,delivered,no_response,2025-03-31 16:47:13 UTC,capacity
RA963980E3D0FB,L60AFE2871160,P010,2025-03-25 09:33:20 UTC,1,61.44,delivered,accepted,2025-03-25 09:37:41 UTC,
RA110353865000,L9FB1590D4BD6,P003,2025-02-11 17:58:14 UTC,1,64.73,delivered,capacity_exceeded,2025-02-11 18:02:20 UTC,state_not_covered
RA858DF232AD4A,L9FB1590D4BD6,P010,2025-02-11 17:58:26 UTC,2,80.93,delivered,accepted,2025-02-11 17:59:20 UTC,
RAC5134F9A2CE0,L3F563672800B,P003,2025-02-01 09:00:24 UTC,1,70.95,delivered,accepted,2025-02-01 09:01:29 UTC,
RAE53DDFBF095B,L486AB0E76064,P003,2025-02-15 18:00:43 UTC,1,71.32,delivered,accepted,2025-02-15 18:02:23 UTC,
RA36B823BCEED1,L4B5F73FFBFB8,P002,2025-01-18 18:35:59 UTC,1,85.37,delivered,accepted,2025-01-18 18:37:12 UTC,
RA289F6FE299C0,LF7F2D6628AB3,P003,2025-03-01 17:57:21 UTC,1,59.16,delivered,no_response,2025-03-01 18:00:17 UTC,capacity
RA268CDD27A1D1,LF7F2D6628AB3,P002,2025-03-01 17:57:13 UTC,2,65.44,delivered,rejected,2025-03-01 17:59:35 UTC,price_too_low
RA05F9B4A3449F,L8D8AE173CE2D,P007,2025-04-12 20:36:42 UTC,1,141.75,delivered,accepted,2025-04-12 20:39:08 UTC,
RA443425AFA076,LCBF616036C8B,P003,2025-04-11 20:13:56 UTC,1,64.45,delivered,accepted,2025-04-11 20:17:57 UTC,
RAE024293495E0,L05390CE5CDFC,P001,2025-04-23 18:34:37 UTC,1,56.27,delivered,accepted,2025-04-23 18:35:29 UTC,
RACA005541F0BF,LA3106A8FF04C,P003,2025-02-10 10:22:22 UTC,1,63.29,delivered,rejected,2025-02-10 10:24:58 UTC,price_too_low
RAC3BB28D6C4BC,LA3106A8FF04C,P009,2025-02-10 10:22:26 UTC,2,57.14,delivered,accepted,2025-02-10 10:23:04 UTC,
RA2AA356978624,L8CCCBDC65792,P003,2025-05-06 12:04:43 UTC,1,74.03,delivered,rejected,2025-05-06 12:08:36 UTC,quality
RABF29A9082F19,LB312FCC1B649,P001,2025-03-27 13:41:37 UTC,1,64.42,delivered,accepted,2025-03-27 13:44:57 UTC,
RA3C42954CF926,L364B610A5756,P001,2025-01-31 13:22:32 UTC,1,65.42,delivered,accepted,2025-01-31 13:26:17 UTC,
RA0D221405DFE1,LCF3A921D6ED7,P002,2025-06-27 16:13:15 UTC,1,65.69,delivered,accepted,2025-06-27 16:15:32 UTC,
RA16C092120D1A,L5A21A6F9C214,P003,2025-03-04 18:27:07 UTC,1,77.56,delivered,accepted,2025-03-04 18:32:06 UTC,
RA3CE30A08C588,L5195181C2261,P003,2025-01-30 16:33:42 UTC,1,74.83,delivered,no_response,2025-01-30 16:37:21 UTC,quality
RA1E777C4A3203,L5195181C2261,P010,2025-01-30 16:33:31 UTC,2,63.87,delivered,accepted,2025-01-30 16:38:07 UTC,
RAF82E08EFF459,L7DC3AF908688,P010,2025-05-29 11:08:15 UTC,1,82.59,delivered,accepted,2025-05-29 11:09:04 UTC,
RA81C8F70CA9A0,L3276A21A782C,P002,2025-06-13 14:45:47 UTC,1,78.7,delivered,accepted,2025-06-13 14:46:04 UTC,
RAD86C6C61B9F8,LD4D584A34EF9,P002,2025-03-14 22:17:52 UTC,1,84.88,delivered,no_response,2025-03-14 22:22:03 UTC,price_too_low
RA7A15F257D7C3,LD4D584A34EF9,P009,2025-03-14 22:17:36 UTC,2,64.59,delivered,capacity_exceeded,2025-03-14 22:22:10 UTC,quality
RA10DDF4E7BC21,L6CA3AA4F8DC0,P004,2025-01-31 19:04:28 UTC,1,99.85,delivered,accepted,2025-01-31 19:05:59 UTC,
RA382272E49950,L79366F39FB67,P005,2025-02-02 18:17:40 UTC,1,95.44,delivered,accepted,2025-02-02 18:19:27 UTC,
RABDA944CC97F5,LECF7EC92B389,P003,2025-06-16 20:52:02 UTC,1,68.78,delivered,accepted,2025-06-16 20:54:18 UTC,
RA741353453F37,LDDBCE1FF4053,P001,2025-05-05 07:52:21 UTC,1,70.55,delivered,accepted,2025-05-05 07:52:44 UTC,
RA7885C70D659E,LC6D8401B93D8,P010,2025-04-02 15:23:44 UTC,1,82.28,delivered,accepted,2025-04-02 15:26:01 UTC,
RA9ABEAF75F615,L56F93AF53233,P009,2025-01-18 11:02:37 UTC,1,62.13,delivered,accepted,2025-01-18 11:05:48 UTC,
RACD7426DDC095,L15B1849E3B03,P001,2025-04-20 15:52:10 UTC,1,74.03,delivered,accepted,2025-04-20 15:56:30 UTC,
RA639D15856004,LF82F3F2801F2,P005,2025-02-23 11:24:09 UTC,1,103.71,delivered,accepted,2025-02-23 11:29:04 UTC,
RA635D4146EA73,L92CA80334755,P002,2025-03-02 20:19:29 UTC,1,63.97,delivered,accepted,2025-03-02 20:21:03 UTC,
RABEDA504B85BC,L7F6D7E9AABF2,P010,2025-06-14 15:19:13 UTC,1,69.73,delivered,accepted,2025-06-14 15:24:07 UTC,
RADB97AE783D3D,L0E2CCADBE4F6,P003,2025-02-15 20:21:39 UTC,1,68.85,delivered,accepted,2025-02-15 20:24:48 UTC,
RA0E927F4EDEE1,L711113773F1B,P003,2025-02-04 20:12:37 UTC,1,68.36,delivered,no_response,2025-02-04 20:13:51 UTC,quality
RABD62394403B6,L711113773F1B,P001,2025-02-04 20:12:40 UTC,2,69.88,delivered,accepted,2025-02-04 20:15:26 UTC,
RA0EE2164B852D,L9F877366D0A6,P002,2025-04-29 10:53:27 UTC,1,66.75,delivered,accepted,2025-04-29 10:54:58 UTC,
RA650280DA7A71,LE0C65612FFCC,P002,2025-04-25 13:24:58 UTC,1,83.98,delivered,accepted,2025-04-25 13:26:04 UTC,
RA40CD3D7C1BA0,L91B704513681,P001,2025-06-11 14:55:33 UTC,1,55.82,delivered,accepted,2025-06-11 14:58:31 UTC,
RAF1AAA96C79F0,L6A8BA4039DB6,P009,2025-02-08 09:30:27 UTC,1,57.45,delivered,accepted,2025-02-08 09:32:56 UTC,
RA9877B842E710,L8A4FF09A980A,P010,2025-01-10 22:01:40 UTC,1,61.77,delivered,accepted,2025-01-10 22:06:07 UTC,
RA0897DE5ACDE1,LF30755AF1861,P006,2025-05-17 20:26:21 UTC,1,108.66,delivered,accepted,2025-05-17 20:26:42 UTC,
RAC4FF9330B383,L83CE7F5A531C,P002,2025-02-09 12:53:29 UTC,1,66.01,delivered,accepted,2025-02-09 12:55:48 UTC,
RAE836B7B546CE,L3601CA5551A2,P009,2025-04-11 13:56:32 UTC,1,50.54,delivered,no_response,2025-04-11 13:58:13 UTC,quality
RACCA1B1E789B4,L3601CA5551A2,P001,2025-04-11 13:56:15 UTC,2,60.78,delivered,capacity_exceeded,2025-04-11 13:59:22 UTC,state_not_covered
RA1D33EA36CD94,L3601CA5551A2,P002,2025-04-11 13:56:13 UTC,3,78.26,delivered,accepted,2025-04-11 14:01:09 UTC,
RA8942CA1DD1B2,L1EB9EF3A4134,P010,2025-04-07 23:04:24 UTC,1,61.94,delivered,no_response,2025-04-07 23:04:58 UTC,quality
RA9A18565EA45A,L2F151BD04E4E,P006,2025-06-18 16:08:12 UTC,1,101.46,delivered,rejected,2025-06-18 16:11:50 UTC,price_too_low
RA6510A9348403,L1DBDC6191ABE,P005,2025-03-31 14:11:24 UTC,1,115.04,delivered,accepted,2025-03-31 14:12:36 UTC,
RA0952CC6F8922,LF2A4E083A46F,P002,2025-01-15 09:38:04 UTC,1,64.73,delivered,accepted,2025-01-15 09:40:31 UTC,
RAD5CA8BEBED32,LE6FFF83A6520,P003,2025-06-22 12:29:24 UTC,1,59.4,delivered,accepted,2025-06-22 12:29:39 UTC,
RABEBD86FCB141,L8D594B1B7ED8,P003,2025-02-02 18:05:55 UTC,1,72.63,delivered,rejected,2025-02-02 18:06:20 UTC,state_not_covered
RABA9E6B2039D9,L589B6F2E8433,P005,2025-06-12 14:06:54 UTC,1,95.72,delivered,no_response,2025-06-12 14:09:41 UTC,capacity
RA8921873085EB,L5AE41603315C,P010,2025-04-04 10:21:10 UTC,1,79.7,delivered,accepted,2025-04-04 10:25:04 UTC,
RACBF3A225342F,LE8FAF935BEFA,P002,2025-03-12 18:20:45 UTC,1,85.58,delivered,capacity_exceeded,2025-03-12 18:21:49 UTC,quality
RAB0353F5B7C52,LE8FAF935BEFA,P003,2025-03-12 18:20:10 UTC,2,60.94,delivered,no_response,2025-03-12 18:20:43 UTC,quality
RAA8EED775984C,L27F5199AAC9C,P003,2025-05-17 14:52:30 UTC,1,73.85,delivered,accepted,2025-05-17 14:56:16 UTC,
RA1C8E95AD35D0,LE82E40091200,P003,2025-05-09 21:49:05 UTC,1,60.88,delivered,capacity_exceeded,2025-05-09 21:53:13 UTC,capacity
RACCDD2D32F101,LB2851264BFC4,P005,2025-05-10 12:49:44 UTC,1,96.99,delivered,accepted,2025-05-10 12:52:55 UTC,
RA399D5F4DCE32,LE8E6C13D8910,P004,2025-04-04 11:39:31 UTC,1,90.81,delivered,accepted,2025-04-04 11:44:13 UTC,
RA3408EF7624F8,LA30F4A4A2CC9,P003,2025-05-20 09:41:09 UTC,1,71.84,delivered,no_response,2025-05-20 09:43:16 UTC,capacity
RA22D0E7EEC5F1,L5D4E01001C41,P002,2025-01-20 10:50:17 UTC,1,69.41,delivered,no_response,2025-01-20 10:52:13 UTC,price_too_low
RADB12D33A5379,L95B4239BCC85,P002,2025-05-22 23:03:38 UTC,1,76.93,delivered,accepted,2025-05-22 23:07:17 UTC,
RAE9089C3660D4,L71F444EF873D,P008,2025-02-12 20:57:27 UTC,1,88.97,delivered,capacity_exceeded,2025-02-12 21:00:29 UTC,capacity
RA6E58228767EE,L71F444EF873D,P010,2025-02-12 20:56:47 UTC,2,66.59,delivered,no_response,2025-02-12 20:58:52 UTC,capacity
RA540FB65C1378,LF126E064027A,P001,2025-02-15 09:43:34 UTC,1,71.39,delivered,accepted,2025-02-15 09:46:39 UTC,
RAC9C3B69A0FB5,L51AF903316D9,P009,2025-04-27 12:37:29 UTC,1,61.17,delivered,accepted,2025-04-27 12:41:24 UTC,
RA39FA495D7911,LACB5A04DEEC2,P010,2025-02-01 20:21:24 UTC,1,69.62,delivered,accepted,2025-02-01 20:26:00 UTC,
RA493679F1F520,LAB9C95015473,P009,2025-04-24 21:15:08 UTC,1,49.35,delivered,accepted,2025-04-24 21:17:34 UTC,
RAEEB2D8B8C672,L6BFC78EF9498,P002,2025-03-18 16:32:23 UTC,1,76.46,delivered,accepted,2025-03-18 16:35:34 UTC,
RA666C8A2FA7FA,L6BAD6AE32A33,P010,2025-01-17 19:46:40 UTC,1,63.93,delivered,accepted,2025-01-17 19:47:23 UTC,
RA5A5554F2093D,L2FF2353C63BD,P001,2025-01-08 17:08:54 UTC,1,74.39,delivered,accepted,2025-01-08 17:11:42 UTC,
RA218C99893B6C,LEE8A79BAE7C1,P002,2025-02-12 09:41:05 UTC,1,70.47,delivered,no_response,2025-02-12 09:41:25 UTC,state_not_covered
RA1EB083EA0868,LEE8A79BAE7C1,P010,2025-02-12 09:40:44 UTC,2,73.31,delivered,accepted,2025-02-12 09:42:33 UTC,
RAFABA18E98C4B,L4374664A8E9D,P001,2025-06-07 13:07:16 UTC,1,66.62,delivered,no_response,2025-06-07 13:08:31 UTC,quality
RA01701485B8A8,L3E0763439612,P002,2025-02-26 11:35:05 UTC,1,78.54,delivered,accepted,2025-02-26 11:37:23 UTC,
RAE1587A851460,L1D86DD338A37,P010,2025-03-09 12:58:03 UTC,1,75.32,delivered,accepted,2025-03-09 13:01:46 UTC,
RA17DC1082036F,LE0BBE77A297E,P005,2025-02-26 14:16:52 UTC,1,115.58,delivered,accepted,2025-02-26 14:18:37 UTC,
RA3052AA1557C8,LF1CD6EE9D45B,P010,2025-05-20 21:33:19 UTC,1,78.57,delivered,no_response,2025-05-20 21:35:09 UTC,price_too_low
RACD1D5DF1B043,L253249791499,P006,2025-03-27 19:09:14 UTC,1,123.55,delivered,rejected,2025-03-27 19:12:36 UTC,quality
RA5EC5D8B7146D,L5E4E14A7EFE1,P010,2025-02-24 07:33:59 UTC,1,63.93,delivered,accepted,2025-02-24 07:36:29 UTC,
RACD7243B4F7AD,LEB5D852F212C,P003,2025-04-14 08:19:36 UTC,1,59.34,delivered,accepted,2025-04-14 08:23:25 UTC,
RA4CBE588BB9E1,L3E7629CD1CF3,P003,2025-04-23 11:36:01 UTC,1,72.85,delivered,accepted,2025-04-23 11:38:53 UTC,
RA97A3B3A440B5,LFF5E67F95904,P002,2025-04-10 20:02:40 UTC,1,80.93,delivered,accepted,2025-04-10 20:06:34 UTC,
RABAB36D950C86,LBD7230C035F3,P002,2025-03-25 20:52:47 UTC,1,77.45,delivered,accepted,2025-03-25 20:54:13 UTC,
RA80B41FACDDAA,LD6208023F7FD,P002,2025-06-06 21:14:31 UTC,1,74.57,delivered,accepted,2025-06-06 21:15:14 UTC,
RA9811801471FA,L056BA3EAE5F0,P004,2025-02-20 10:05:27 UTC,1,85.38,delivered,rejected,2025-02-20 10:08:35 UTC,state_not_covered
RA078EA7CDD18B,L8F5915A7EB6F,P010,2025-01-21 21:53:20 UTC,1,63.73,delivered,rejected,2025-01-21 21:55:21 UTC,quality
RA16524C6A8036,L8F5915A7EB6F,P002,2025-01-21 21:53:21 UTC,2,64.78,delivered,accepted,2025-01-21 21:55:11 UTC,
RA4BBA72B3C83C,LAE2257067AD5,P009,2025-05-12 13:51:42 UTC,1,55.93,delivered,no_response,2025-05-12 13:52:35 UTC,capacity
RA2813EAC370EC,L14B4B2DE8700,P002,2025-04-29 22:10:56 UTC,1,72.09,delivered,accepted,2025-04-29 22:14:04 UTC,
RA59AF26D179EB,L2D9A40327646,P001,2025-01-13 09:48:26 UTC,1,65.13,delivered,no_response,2025-01-13 09:52:11 UTC,price_too_low
RA712206B62B94,L2D9A40327646,P009,2025-01-13 09:47:55 UTC,2,50.54,delivered,accepted,2025-01-13 09:49:15 UTC,
RA06042132CF35,L84EFF764C4ED,P003,2025-04-03 11:33:54 UTC,1,60.98,delivered,no_response,2025-04-03 11:38:12 UTC,state_not_covered
RA76A577657220,LB04AE892E466,P007,2025-01-01 23:09:35 UTC,1,129.64,delivered,capacity_exceeded,2025-01-01 23:13:38 UTC,quality
RA40D7A7146A07,LEDB423C1E819,P010,2025-04-10 21:28:15 UTC,1,79.51,delivered,accepted,2025-04-10 21:29:08 UTC,
RABB8961ABC82F,L03C6B2C9ED9F,P008,2025-03-10 12:03:19 UTC,1,67.95,delivered,accepted,2025-03-10 12:04:55 UTC,
RA53F4D3258139,L3A8817B02FEB,P001,2025-06-01 20:02:28 UTC,1,62.71,delivered,accepted,2025-06-01 20:03:27 UTC,
RAEAA9AE11E24B,L84006B05973D,P009,2025-05-26 09:09:17 UTC,1,58.82,delivered,accepted,2025-05-26 09:13:55 UTC,
RA49BCD4208857,LE7649D4DEE39,P002,2025-05-20 08:51:03 UTC,1,63.96,delivered,accepted,2025-05-20 08:52:52 UTC,
RA8CA55E0143E5,LB353CF887F83,P003,2025-04-29 10:18:39 UTC,1,64.79,delivered,no_response,2025-04-29 10:21:36 UTC,capacity
RA360603CB5826,LF5D443FE88BF,P010,2025-05-05 13:28:14 UTC,1,77.55,delivered,accepted,2025-05-05 13:31:09 UTC,
RADC36FC2D28B4,L5A6CF84E6627,P003,2025-04-19 09:18:47 UTC,1,67.8,delivered,no_response,2025-04-19 09:23:07 UTC,state_not_covered
RACD5A05DA2C24,LDC3A1D9889D8,P010,2025-06-03 22:24:23 UTC,1,67.88,delivered,accepted,2025-06-03 22:28:16 UTC,
RA7E63A4A994CE,L672A725FBB03,P006,2025-01-03 21:37:30 UTC,1,110.28,delivered,accepted,2025-01-03 21:39:13 UTC,
RA20F137739F1F,L10808BAEBC73,P010,2025-03-18 16:36:46 UTC,1,81.51,delivered,rejected,2025-03-18 16:38:38 UTC,price_too_low
RADFFD745F3B0F,LC5C5DE3DE209,P010,2025-02-10 15:31:40 UTC,1,78.89,delivered,no_response,2025-02-10 15:35:02 UTC,quality
RA58D02157BFD6,LC5C5DE3DE209,P007,2025-02-10 15:31:17 UTC,2,144.73,delivered,rejected,2025-02-10 15:35:22 UTC,quality
RAFCCA9A593FBF,L5A371132EE18,P010,2025-04-12 23:10:38 UTC,1,66.21,delivered,accepted,2025-04-12 23:14:10 UTC,
RA629DE57FAA7E,L51AB7ADA0A1C,P010,2025-03-23 09:36:40 UTC,1,68.96,delivered,no_response,2025-03-23 09:37:54 UTC,price_too_low
RA943DDBFD0E14,L97F9929B5445,P005,2025-01-19 13:05:15 UTC,1,111.79,delivered,capacity_exceeded,2025-01-19 13:08:19 UTC,quality
RA6E2B7DD2FA72,LD4FA70D1B6C9,P005,2025-04-10 07:27:59 UTC,1,108.25,delivered,accepted,2025-04-10 07:31:50 UTC,
RA130CF56535C7,LF4051CA88F9D,P002,2025-01-26 13:58:19 UTC,1,66.61,delivered,accepted,2025-01-26 13:58:48 UTC,
RA3010DF59FCE4,LB0D8701713B3,P001,2025-02-23 21:32:01 UTC,1,70.77,delivered,accepted,2025-02-23 21:35:09 UTC,
RABA4464FC4176,LF788C564B5F5,P009,2025-04-26 13:23:54 UTC,1,53.54,delivered,accepted,2025-04-26 13:27:03 UTC,
RAEEA4098A342D,L37CC5D237CE1,P002,2025-03-28 07:36:19 UTC,1,64.89,delivered,accepted,2025-03-28 07:39:52 UTC,
RAB3554AB7CCC6,L156D460D1A37,P010,2025-01-11 21:09:48 UTC,1,76.59,delivered,accepted,2025-01-11 21:13:18 UTC,
RA9982B23DB4C3,L805FA342A6FA,P008,2025-02-28 18:44:11 UTC,1,74.65,delivered,accepted,2025-02-28 18:48:20 UTC,
RA9D8DB30D8DB0,L551E2873955B,P003,2025-02-21 19:26:01 UTC,1,62.48,delivered,accepted,2025-02-21 19:28:12 UTC,
RA6B642A16DC8D,L6396EEB366C8,P002,2025-03-08 08:19:35 UTC,1,76.99,delivered,rejected,2025-03-08 08:22:22 UTC,state_not_covered
RA1D5131CF728D,L6396EEB366C8,P010,2025-03-08 08:19:27 UTC,2,66.98,delivered,no_response,2025-03-08 08:20:09 UTC,state_not_covered
RA596E5C35D5CC,L6396EEB366C8,P003,2025-03-08 08:19:32 UTC,3,71.84,delivered,accepted,2025-03-08 08:22:45 UTC,
RA2CE54ED59612,L923D8C4BF531,P003,2025-04-09 21:40:16 UTC,1,73.27,delivered,accepted,2025-04-09 21:41:22 UTC,
RACB0644F91683,L6A6B6EFA8C58,P006,2025-02-17 09:56:15 UTC,1,118.01,delivered,capacity_exceeded,2025-02-17 10:00:37 UTC,state_not_covered
RAA2D6C4209ECA,L7EAD9DD9DFAE,P010,2025-02-14 19:31:10 UTC,1,67.52,delivered,accepted,2025-02-14 19:34:49 UTC,
RAFB24D14F5466,LE7DFEDCD9C81,P010,2025-05-02 13:32:45 UTC,1,80.5,delivered,accepted,2025-05-02 13:37:12 UTC,
RAC7ED3210458A,L7991B8FE4AEB,P010,2025-05-06 07:40:41 UTC,1,65.51,delivered,accepted,2025-05-06 07:42:35 UTC,
RAB78571489C42,L985149F38785,P001,2025-04-21 18:03:29 UTC,1,62.93,delivered,rejected,2025-04-21 18:07:30 UTC,capacity
RA7908B0AFDF35,L81442C7247F8,P003,2025-05-13 11:08:03 UTC,1,63.34,delivered,accepted,2025-05-13 11:12:17 UTC,
RA981C276D9C3D,L8AB628FFAFE2,P009,2025-03-25 14:08:19 UTC,1,54.63,delivered,accepted,2025-03-25 14:10:50 UTC,
RAA8A6188AE32A,L182B1D8B4E08,P009,2025-03-05 17:50:50 UTC,1,51.95,delivered,capacity_exceeded,2025-03-05 17:51:06 UTC,capacity
RA6384ED4CC530,L182B1D8B4E08,P001,2025-03-05 17:50:07 UTC,2,56.57,delivered,rejected,2025-03-05 17:52:46 UTC,state_not_covered
RA8D965232EB0F,LF2DA6392044B,P010,2025-06-13 20:03:52 UTC,1,63.57,delivered,accepted,2025-06-13 20:08:50 UTC,
RAE0F89A70D103,L742ECA873B8E,P010,2025-02-27 16:18:13 UTC,1,78.09,delivered,capacity_exceeded,2025-02-27 16:20:58 UTC,quality
RA3BFF50C9FDBC,L8F220324BD18,P003,2025-01-07 20:13:24 UTC,1,75.92,delivered,no_response,2025-01-07 20:18:16 UTC,quality
RA9ED8D2D2C4D9,LF1D0FCF21593,P009,2025-03-21 09:38:28 UTC,1,63.83,delivered,accepted,2025-03-21 09:41:07 UTC,
RAEFE3BA9030BA,LB06BE72B153D,P010,2025-05-28 16:25:10 UTC,1,80.78,delivered,accepted,2025-05-28 16:27:13 UTC,
RA6F750688ADF1,L856906A362F1,P001,2025-01-06 07:26:43 UTC,1,58.1,delivered,accepted,2025-01-06 07:29:39 UTC,
RAE1BB2FA08FAF,L2C32117EB0E3,P007,2025-02-08 17:55:57 UTC,1,140.18,delivered,capacity_exceeded,2025-02-08 17:56:32 UTC,price_too_low
RA690205DCE338,L2C32117EB0E3,P006,2025-02-08 17:56:11 UTC,2,104.48,delivered,rejected,2025-02-08 17:59:10 UTC,quality
RA43DC0AE87E0D,L5D53B492A7B1,P009,2025-03-22 18:55:41 UTC,1,65.87,delivered,accepted,2025-03-22 18:59:05 UTC,
RA49A3BAAC71CB,L2478CE7F262E,P010,2025-06-01 12:03:35 UTC,1,66.78,delivered,accepted,2025-06-01 12:06:56 UTC,
RA3490287712E3,L7DE374173CDD,P004,2025-04-14 08:39:39 UTC,1,108.32,delivered,accepted,2025-04-14 08:44:18 UTC,
RA8AFD8B408C36,LEAFF77E130BA,P010,2025-04-29 15:28:50 UTC,1,81.38,delivered,accepted,2025-04-29 15:33:00 UTC,
RAC4A8BB5A2DD7,L549A1C2BD0B2,P003,2025-02-24 15:54:50 UTC,1,77.45,delivered,accepted,2025-02-24 15:58:46 UTC,
RA40BD57673AA7,LCF4DF8DB014F,P009,2025-01-23 10:57:06 UTC,1,58.09,delivered,accepted,2025-01-23 10:59:51 UTC,
RA57E598B1B383,LC0B95F2B764E,P005,2025-06-11 14:20:00 UTC,1,89.52,delivered,accepted,2025-06-11 14:20:39 UTC,
RA1ECFD1E148A8,L0A9C2675B7C7,P007,2025-03-14 16:36:00 UTC,1,114.89,delivered,accepted,2025-03-14 16:38:12 UTC,
RA78B63AC90034,LE00F56C361DB,P005,2025-03-18 18:22:38 UTC,1,103.05,delivered,accepted,2025-03-18 18:25:48 UTC,
RA924FEC9E004B,L8BF4680C776A,P003,2025-03-03 10:38:17 UTC,1,68.52,delivered,no_response,2025-03-03 10:40:31 UTC,price_too_low
RABB8DCEF03A01,L377959F7FF46,P001,2025-01-14 09:30:43 UTC,1,65.52,delivered,no_response,2025-01-14 09:34:28 UTC,capacity
RA4640277AED94,L4B26186B672B,P001,2025-05-04 11:14:15 UTC,1,72.83,delivered,accepted,2025-05-04 11:18:50 UTC,
RAB806BEDE2B54,L0495543A7831,P003,2025-04-12 10:49:51 UTC,1,73.29,delivered,accepted,2025-04-12 10:52:57 UTC,
RA1347299D9F68,L07B3B6BF5CD3,P002,2025-06-04 14:42:34 UTC,1,66.55,delivered,capacity_exceeded,2025-06-04 14:44:40 UTC,quality
RA5EB4124E6291,L714594861262,P002,2025-01-01 20:14:39 UTC,1,74.19,delivered,accepted,2025-01-01 20:19:02 UTC,
RAC12194A0EAF0,LABF3B2ECF672,P003,2025-02-28 12:50:27 UTC,1,60.09,delivered,capacity_exceeded,2025-02-28 12:54:50 UTC,price_too_low
RAF266C7347041,LABF3B2ECF672,P010,2025-02-28 12:49:42 UTC,2,71.44,delivered,capacity_exceeded,2025-02-28 12:52:44 UTC,price_too_low
RAF5B998E20427,LABF3B2ECF672,P002,2025-02-28 12:50:28 UTC,3,69.24,delivered,accepted,2025-02-28 12:52:33 UTC,
RA47AC4F659768,L4F720AA6DDCE,P002,2025-06-12 22:10:51 UTC,1,80.62,delivered,no_response,2025-06-12 22:11:44 UTC,quality
RA7DED5CAD3C7B,L4F720AA6DDCE,P010,2025-06-12 22:10:29 UTC,2,81.32,delivered,accepted,2025-06-12 22:10:41 UTC,
RA183FAB6BDE1F,L701107E5EA11,P003,2025-05-13 09:01:13 UTC,1,65.01,delivered,accepted,2025-05-13 09:01:34 UTC,
RAB31A2AEC9706,LA61526D47203,P003,2025-06-26 11:37:08 UTC,1,63.29,delivered,accepted,2025-06-26 11:38:21 UTC,
RA4F051F4B18AA,LC1F283329977,P010,2025-06-08 16:26:15 UTC,1,69.92,delivered,accepted,2025-06-08 16:29:40 UTC,
RA475ABACB643E,LDB999B81DA41,P004,2025-04-30 07:54:33 UTC,1,83.58,delivered,accepted,2025-04-30 07:56:09 UTC,
RA99733CDA436A,LD88B9C9B8047,P001,2025-04-13 23:14:19 UTC,1,60.1,delivered,no_response,2025-04-13 23:16:16 UTC,state_not_covered
RA83D19F74C701,L0850527C49C6,P010,2025-01-05 19:14:44 UTC,1,67.92,delivered,accepted,2025-01-05 19:17:06 UTC,
RACAF281590BA1,L9703075ECC62,P005,2025-02-16 09:19:01 UTC,1,96.53,delivered,accepted,2025-02-16 09:21:14 UTC,
RA4A3FA38B7905,L2EFEF4EC429C,P003,2025-04-11 18:10:44 UTC,1,64.49,delivered,accepted,2025-04-11 18:11:19 UTC,
RA1F27930AF3CE,LC8B6F81B90A2,P002,2025-05-18 12:05:02 UTC,1,79.2,delivered,accepted,2025-05-18 12:07:48 UTC,
RAC0C49C9257E0,LDEA046CB761E,P002,2025-06-05 22:59:58 UTC,1,79.45,delivered,no_response,2025-06-05 23:00:34 UTC,state_not_covered
RA918AEFCD52A9,L403D908F3122,P004,2025-05-05 07:33:41 UTC,1,97.55,delivered,accepted,2025-05-05 07:35:15 UTC,
RA08E3A75559F6,LBB26F0445CDD,P010,2025-02-04 22:56:25 UTC,1,72.71,delivered,accepted,2025-02-04 23:00:40 UTC,
RAFC1A6218685C,L275481249786,P002,2025-02-18 15:27:42 UTC,1,76.64,delivered,accepted,2025-02-18 15:28:53 UTC,
RA411B619CF4E9,LFDEA469D9C6D,P002,2025-01-20 10:30:24 UTC,1,84.28,delivered,capacity_exceeded,2025-01-20 10:31:56 UTC,capacity
RA67DDCA46E17F,L123A9044FE14,P008,2025-01-11 08:58:04 UTC,1,74.89,delivered,capacity_exceeded,2025-01-11 08:59:35 UTC,state_not_covered
RA3B889DD34909,LD02AAE47F21B,P010,2025-06-05 11:49:55 UTC,1,82.29,delivered,no_response,2025-06-05 11:50:08 UTC,state_not_covered
RA809F8AD51D3E,LD02AAE47F21B,P009,2025-06-05 11:50:11 UTC,2,55.29,delivered,accepted,2025-06-05 11:50:29 UTC,
RAAAA9E4F594A3,L6D533264BA3F,P003,2025-04-11 21:09:01 UTC,1,63.87,delivered,rejected,2025-04-11 21:11:44 UTC,quality
RABDF9E09625B2,L33170564799C,P002,2025-06-25 22:56:58 UTC,1,64.84,delivered,accepted,2025-06-25 22:57:34 UTC,
RAD4D3B1865EBF,LC0D1C2D61BB2,P010,2025-05-27 09:08:10 UTC,1,61.81,delivered,no_response,2025-05-27 09:11:53 UTC,capacity
RAB44E52D1357B,LC0D1C2D61BB2,P003,2025-05-27 09:08:53 UTC,2,66.52,delivered,accepted,2025-05-27 09:13:34 UTC,
RA2FA902096B67,L5A61C4CA586F,P003,2025-02-09 14:55:16 UTC,1,73.05,delivered,accepted,2025-02-09 14:55:30 UTC,
RA229EB4A9B5AA,L5C3E44F759F4,P002,2025-03-02 09:37:28 UTC,1,80.9,delivered,accepted,2025-03-02 09:39:54 UTC,
RAEB293C479487,L6334AC99E203,P010,2025-06-12 11:00:09 UTC,1,72.01,delivered,capacity_exceeded,2025-06-12 11:01:20 UTC,price_too_low
RA4119D8AA2A43,L6334AC99E203,P002,2025-06-12 10:59:44 UTC,2,82.75,delivered,accepted,2025-06-12 11:00:46 UTC,
RA6664849A231F,L1BC9AB4034A0,P002,2025-03-28 22:52:37 UTC,1,84.25,delivered,accepted,2025-03-28 22:55:42 UTC,
RA8154190B5345,L187850045194,P003,2025-06-29 08:11:42 UTC,1,74.04,delivered,accepted,2025-06-29 08:14:06 UTC,
RABC2FC4DF8902,LE2EED8137E0E,P010,2025-05-10 16:36:33 UTC,1,62.87,delivered,rejected,2025-05-10 16:39:52 UTC,price_too_low
RA7002905D1A12,L71DDF1773A6B,P002,2025-05-14 09:23:25 UTC,1,82.05,delivered,accepted,2025-05-14 09:25:05 UTC,
RA685DBC1182A9,L85E41C8CF59F,P010,2025-02-04 16:46:22 UTC,1,74.98,delivered,no_response,2025-02-04 16:47:06 UTC,price_too_low
RA2085020121D8,LE678CFAB56F5,P003,2025-01-05 07:50:39 UTC,1,76.85,delivered,accepted,2025-01-05 07:52:33 UTC,
RA2E87B1761096,L948BAED7492B,P009,2025-06-11 12:33:42 UTC,1,57.2,delivered,no_response,2025-06-11 12:38:13 UTC,quality
RA93AADF734967,L948BAED7492B,P002,2025-06-11 12:32:58 UTC,2,77.25,delivered,rejected,2025-06-11 12:36:24 UTC,price_too_low
RADCC5D65206E3,LF27156C5D278,P010,2025-01-17 12:50:39 UTC,1,74.33,delivered,rejected,2025-01-17 12:54:41 UTC,price_too_low
RAD598935793FB,L4F7278C9EA6F,P002,2025-01-17 10:55:17 UTC,1,81.13,delivered,accepted,2025-01-17 10:57:56 UTC,
RA4718D151BEF0,LD39BCF8ADADF,P004,2025-03-06 18:20:25 UTC,1,83.05,delivered,rejected,2025-03-06 18:21:26 UTC,quality
RA926478E7A111,L5DF586B4D7D8,P010,2025-06-14 14:55:41 UTC,1,74.18,delivered,no_response,2025-06-14 14:56:49 UTC,quality
RAD210EB1BF104,L63DD2A03DC61,P001,2025-02-03 14:43:09 UTC,1,59.51,delivered,no_response,2025-02-03 14:47:20 UTC,capacity
RAC6D825971E30,L63DD2A03DC61,P009,2025-02-03 14:42:47 UTC,2,64.58,delivered,accepted,2025-02-03 14:46:04 UTC,
RABA3FE2A12352,L3F2FEA9726A6,P010,2025-03-15 18:15:55 UTC,1,70.64,delivered,rejected,2025-03-15 18:18:08 UTC,state_not_covered
RAE1B5BF35060D,L70ADC5A9A06D,P009,2025-04-24 14:14:39 UTC,1,58.65,delivered,accepted,2025-04-24 14:16:21 UTC,
RAB876A9A5486C,L794C72B62BE6,P009,2025-05-11 07:48:21 UTC,1,60.2,delivered,accepted,2025-05-11 07:52:50 UTC,
RA7ABC130A469A,L9C0C54F565DD,P006,2025-06-14 20:02:11 UTC,1,123.22,delivered,accepted,2025-06-14 20:05:28 UTC,
RAC4E9DF181DAE,L3F8F323449FD,P002,2025-06-09 10:12:13 UTC,1,64.14,delivered,capacity_exceeded,2025-06-09 10:16:21 UTC,capacity
RA45EC108BF741,L3F8F323449FD,P010,2025-06-09 10:12:32 UTC,2,66.39,delivered,capacity_exceeded,2025-06-09 10:15:04 UTC,state_not_covered
RA708FC643D746,L5C7D3F4EE066,P010,2025-03-04 07:19:02 UTC,1,66.99,delivered,rejected,2025-03-04 07:21:24 UTC,state_not_covered
RAB87238BBF1E7,L5C7D3F4EE066,P002,2025-03-04 07:19:32 UTC,2,71.52,delivered,accepted,2025-03-04 07:22:05 UTC,
RA6379F28ACA3C,LA494066A2F9B,P002,2025-05-25 22:02:35 UTC,1,85.39,delivered,no_response,2025-05-25 22:03:08 UTC,state_not_covered
RAB3CBAE19BF73,L57FE111EC243,P005,2025-05-30 09:40:29 UTC,1,98.13,delivered,accepted,2025-05-30 09:43:07 UTC,
RA9E30A14FD913,LFAB50E3AF23F,P003,2025-05-26 16:26:03 UTC,1,73.81,delivered,accepted,2025-05-26 16:30:19 UTC,
RAE86FE6386AFE,L1B9F43869C84,P002,2025-01-02 09:58:29 UTC,1,77.01,delivered,accepted,2025-01-02 09:59:40 UTC,
RACDAE16690782,L24B5D5320F34,P002,2025-06-08 13:13:11 UTC,1,70.22,delivered,rejected,2025-06-08 13:17:20 UTC,capacity
RA5771515DB634,L317FC8F5DE9A,P003,2025-03-18 08:39:56 UTC,1,61.28,delivered,accepted,2025-03-18 08:42:36 UTC,
RA88AC2B0F241B,L210FA0FF9EB3,P002,2025-06-05 11:46:00 UTC,1,78.62,delivered,accepted,2025-06-05 11:47:46 UTC,
RAA31A0B3E86B6,L7C04208F8DE6,P003,2025-04-19 16:55:46 UTC,1,69.56,delivered,no_response,2025-04-19 16:58:04 UTC,quality
RA2C83D7FA40CF,L5232083BFC15,P007,2025-03-08 09:55:16 UTC,1,135.1,delivered,accepted,2025-03-08 09:59:27 UTC,
RA623203C9BEDD,L1B449880DAEC,P010,2025-02-09 17:55:24 UTC,1,82.47,delivered,accepted,2025-02-09 17:58:13 UTC,
RA665A1D7486D7,L698B3B915D45,P003,2025-02-28 09:20:56 UTC,1,75.79,delivered,capacity_exceeded,2025-02-28 09:24:50 UTC,capacity
RA9D500911450B,LAA3F27F16E24,P010,2025-04-07 09:20:13 UTC,1,62.61,delivered,accepted,2025-04-07 09:23:11 UTC,
RAF9164500A608,LF73652F33085,P007,2025-01-05 08:32:54 UTC,1,137.59,delivered,capacity_exceeded,2025-01-05 08:34:28 UTC,state_not_covered
RA9FE1EFCAE86B,L59C8477F05E2,P010,2025-06-17 15:50:05 UTC,1,64.78,delivered,rejected,2025-06-17 15:53:13 UTC,state_not_covered
RAFF659D4FEF73,L59C8477F05E2,P001,2025-06-17 15:49:49 UTC,2,61.61,delivered,accepted,2025-06-17 15:52:35 UTC,
RA3EEDA3DFF394,L326B4E306B0D,P010,2025-02-21 20:48:17 UTC,1,62.37,delivered,capacity_exceeded,2025-02-21 20:49:52 UTC,capacity
RA1A5EA72DAFF6,L1BE6CC0BA34B,P009,2025-06-25 11:32:18 UTC,1,66.25,delivered,accepted,2025-06-25 11:32:40 UTC,
RA686145A8C592,L734AD59BAB18,P001,2025-01-04 10:43:14 UTC,1,73.96,delivered,accepted,2025-01-04 10:43:29 UTC,
RACAE8E7EA9C38,L8E1C575F3974,P010,2025-02-14 07:59:13 UTC,1,75.87,delivered,accepted,2025-02-14 08:02:39 UTC,
RA54BDE79107B8,L665ADB226D99,P010,2025-05-09 15:10:46 UTC,1,69.47,delivered,accepted,2025-05-09 15:13:52 UTC,
RAE12B112BF1CB,L217039CD56E1,P001,2025-01-05 11:49:56 UTC,1,72.87,delivered,capacity_exceeded,2025-01-05 11:52:36 UTC,capacity
RA8C42700FB670,L3D2CBF3E5B1F,P003,2025-02-15 18:05:56 UTC,1,76.08,delivered,accepted,2025-02-15 18:06:31 UTC,
RA8E10AD2A8325,L189BB11B29FA,P010,2025-03-27 11:32:41 UTC,1,76.86,delivered,no_response,2025-03-27 11:32:51 UTC,capacity
RAF93A2D49E89B,L189BB11B29FA,P009,2025-03-27 11:32:42 UTC,2,57.76,delivered,accepted,2025-03-27 11:34:51 UTC,
RAFA1B371E4314,LD7DFEF23D93C,P002,2025-01-21 11:50:46 UTC,1,77.05,delivered,accepted,2025-01-21 11:53:51 UTC,
RA0637F2890EF4,L567A1227A454,P010,2025-06-25 20:03:56 UTC,1,70.01,delivered,accepted,2025-06-25 20:08:14 UTC,
RA076CAEF7D54A,LBECA513DA871,P010,2025-06-27 19:52:55 UTC,1,79.69,delivered,no_response,2025-06-27 19:53:44 UTC,quality
RA9B788E875E61,LBECA513DA871,P002,2025-06-27 19:52:57 UTC,2,67.87,delivered,accepted,2025-06-27 19:53:31 UTC,
RA1CD7C776B4A2,LCC76A99FAD0B,P002,2025-01-02 08:55:22 UTC,1,83.51,delivered,capacity_exceeded,2025-01-02 08:56:54 UTC,quality
RA35BF810BCA2B,LA0DB392C2EB5,P005,2025-04-15 11:22:27 UTC,1,100.15,delivered,rejected,2025-04-15 11:26:05 UTC,state_not_covered
RABCD74DAC5303,L07FFD705312C,P010,2025-05-27 20:38:42 UTC,1,63.64,delivered,accepted,2025-05-27 20:43:32 UTC,
RAB477CFF88E8C,L15368338BA0F,P002,2025-03-01 07:55:28 UTC,1,80.26,delivered,no_response,2025-03-01 07:59:22 UTC,state_not_covered
RAC63B8B4351B4,LBC28C53E16E9,P002,2025-06-02 20:02:42 UTC,1,73.29,delivered,no_response,2025-06-02 20:06:39 UTC,state_not_covered
RA78C2C82346BB,L7A6FA78D49DC,P010,2025-01-18 18:17:36 UTC,1,70.99,delivered,accepted,2025-01-18 18:21:02 UTC,
RABEE141B6B6A5,L120E42872171,P009,2025-05-18 07:30:48 UTC,1,54.33,delivered,accepted,2025-05-18 07:32:36 UTC,
RA1B26555ED1C1,LE74BDBB3BC1F,P002,2025-02-01 13:34:10 UTC,1,68.0,delivered,accepted,2025-02-01 13:36:03 UTC,
RA4BA59A6767D3,LD5EA9AD487D8,P005,2025-05-02 11:37:05 UTC,1,99.35,delivered,accepted,2025-05-02 11:41:11 UTC,
RA3FC163EB0E26,LB7DF5A6D23AC,P002,2025-04-05 13:41:35 UTC,1,81.39,delivered,no_response,2025-04-05 13:44:32 UTC,quality
RA567E35142561,LD97775256459,P002,2025-02-07 09:33:34 UTC,1,81.92,delivered,accepted,2025-02-07 09:34:13 UTC,
RA864A0B6D47D2,L946BD9D961AD,P010,2025-06-14 15:19:23 UTC,1,82.7,delivered,accepted,2025-06-14 15:23:53 UTC,
RA01018B99A058,LB0F168964585,P009,2025-04-28 15:03:05 UTC,1,61.84,delivered,no_response,2025-04-28 15:04:52 UTC,price_too_low
RA1B2646713665,LBFFE22619509,P002,2025-03-19 18:22:35 UTC,1,84.31,delivered,accepted,2025-03-19 18:23:28 UTC,
RAEB98EF05109C,LCDB5FAE08548,P001,2025-01-26 18:10:29 UTC,1,65.36,delivered,capacity_exceeded,2025-01-26 18:11:39 UTC,capacity
RA44C4B8E1D888,L4DD5818B5B68,P003,2025-01-01 12:31:02 UTC,1,75.19,delivered,accepted,2025-01-01 12:31:38 UTC,
RA631C8EC79096,LC61D12919A55,P001,2025-02-01 09:24:58 UTC,1,73.55,delivered,no_response,2025-02-01 09:27:39 UTC,price_too_low
RA568CB27EF08E,L6BDE6CC2E935,P002,2025-02-01 09:27:08 UTC,1,70.83,delivered,accepted,2025-02-01 09:28:30 UTC,
RA46CCC5A328DC,L6A6DC803440B,P003,2025-01-14 10:45:15 UTC,1,71.06,delivered,rejected,2025-01-14 10:48:37 UTC,capacity
RA08BB8C0855F3,L6A6DC803440B,P002,2025-01-14 10:45:17 UTC,2,74.5,delivered,accepted,2025-01-14 10:49:09 UTC,
RA1DC1D53F2371,L30779F8ECEC3,P004,2025-06-29 16:58:53 UTC,1,87.42,delivered,accepted,2025-06-29 17:03:22 UTC,
RA4EF5AEFE8D53,L64452D37E83D,P003,2025-03-25 18:13:24 UTC,1,77.36,delivered,accepted,2025-03-25 18:13:34 UTC,
RA5EB057C5BF08,LD4620C4CA22B,P009,2025-02-28 09:58:36 UTC,1,51.54,delivered,accepted,2025-02-28 09:59:47 UTC,
RA93CF36545C83,L1848A920F643,P010,2025-06-07 09:06:17 UTC,1,75.94,delivered,accepted,2025-06-07 09:08:18 UTC,
RAC0206F246E6C,LD846F5AB1EB5,P002,2025-05-02 11:45:46 UTC,1,74.81,delivered,accepted,2025-05-02 11:49:21 UTC,
RA25423A0A97D2,LD31DE2317D03,P010,2025-05-08 11:49:45 UTC,1,82.53,delivered,no_response,2025-05-08 11:53:51 UTC,quality
RA7B6E398FC11F,LD31DE2317D03,P003,2025-05-08 11:49:28 UTC,2,59.81,delivered,rejected,2025-05-08 11:51:25 UTC,state_not_covered
RA8214F6D37704,LD31DE2317D03,P002,2025-05-08 11:49:15 UTC,3,72.86,delivered,capacity_exceeded,2025-05-08 11:49:50 UTC,price_too_low
RA3038879ADF4F,LF7616F20494D,P010,2025-03-18 18:00:17 UTC,1,71.3,delivered,accepted,2025-03-18 18:00:30 UTC,
RAFB6E4DA34DEB,LF2B96D92707E,P010,2025-02-10 19:03:02 UTC,1,82.19,delivered,capacity_exceeded,2025-02-10 19:03:52 UTC,state_not_covered
RA6E685CDCFE1D,L881A680E5142,P003,2025-05-09 15:28:47 UTC,1,70.56,delivered,accepted,2025-05-09 15:32:14 UTC,
RA67A828FC6315,L14CE8D8CFEE0,P009,2025-05-22 22:40:19 UTC,1,55.5,delivered,accepted,2025-05-22 22:44:16 UTC,
RAF604C1DF0F71,L0EDD40EC1DEF,P002,2025-04-22 21:51:22 UTC,1,85.64,delivered,no_response,2025-04-22 21:56:00 UTC,state_not_covered
RAFDC5E88BA10F,L0EDD40EC1DEF,P003,2025-04-22 21:51:00 UTC,2,72.84,delivered,accepted,2025-04-22 21:55:36 UTC,
RAE0D636CF1E3B,L40F4A118639B,P010,2025-03-17 08:08:37 UTC,1,65.36,delivered,accepted,2025-03-17 08:10:27 UTC,
RA48C8975ECBD5,L2E74D0762D07,P006,2025-05-02 20:22:28 UTC,1,132.79,delivered,capacity_exceeded,2025-05-02 20:26:12 UTC,price_too_low
RAC5E7EA473FC7,L97460AF55D57,P001,2025-06-10 13:27:37 UTC,1,60.06,delivered,accepted,2025-06-10 13:30:52 UTC,
RA40F8AFFA1129,L3E187F374E2A,P003,2025-05-26 10:23:05 UTC,1,76.93,delivered,accepted,2025-05-26 10:27:55 UTC,
RA2893E6F8D5B5,LDE509C540D72,P005,2025-01-16 19:33:18 UTC,1,119.5,delivered,accepted,2025-01-16 19:34:19 UTC,
RAC1D100A2A9A4,L9D01CFB623BB,P010,2025-06-03 14:34:54 UTC,1,81.97,delivered,capacity_exceeded,2025-06-03 14:37:29 UTC,price_too_low
RA0F73EEB1BBCB,L9D01CFB623BB,P003,2025-06-03 14:34:46 UTC,2,62.4,delivered,rejected,2025-06-03 14:36:51 UTC,quality
RA6B03AFF48EB1,L532AD3B79F6A,P002,2025-02-17 22:20:18 UTC,1,67.2,delivered,accepted,2025-02-17 22:23:19 UTC,
RA3D869188CE23,L45698583B71B,P002,2025-05-30 22:56:26 UTC,1,85.44,delivered,accepted,2025-05-30 22:57:33 UTC,
RAE585B962993C,LCBAF23700975,P010,2025-02-01 12:34:50 UTC,1,77.95,delivered,capacity_exceeded,2025-02-01 12:38:08 UTC,state_not_covered
RA772776A4648B,LF6B7D5BFA885,P009,2025-01-30 22:08:01 UTC,1,53.03,delivered,accepted,2025-01-30 22:10:02 UTC,
RA8580BE6E1534,L8EAD95861E60,P010,2025-06-19 13:18:37 UTC,1,68.01,delivered,capacity_exceeded,2025-06-19 13:22:32 UTC,quality
RAB1569A124726,L5E0CAD4F7D53,P010,2025-05-19 21:46:51 UTC,1,65.28,delivered,no_response,2025-05-19 21:51:38 UTC,state_not_covered
RA6986A29071B9,L5E0CAD4F7D53,P001,2025-05-19 21:47:25 UTC,2,59.94,delivered,accepted,2025-05-19 21:51:45 UTC,
RA00607D909176,LA2C4EDA1CC73,P003,2025-02-08 11:13:04 UTC,1,65.08,delivered,accepted,2025-02-08 11:13:49 UTC,
RAAB8C0B5AFC78,L391B5698448B,P010,2025-05-30 14:24:44 UTC,1,78.55,delivered,capacity_exceeded,2025-05-30 14:27:41 UTC,capacity
RAE4B1DB42671C,L2D46BD0E6BBA,P010,2025-06-27 16:28:03 UTC,1,67.57,delivered,rejected,2025-06-27 16:31:44 UTC,quality
RA3CFD483BDC47,LA100C331139A,P010,2025-04-29 11:00:50 UTC,1,72.49,delivered,accepted,2025-04-29 11:04:08 UTC,
RAC173966B80E1,L4BEFA461ED51,P002,2025-03-04 09:52:34 UTC,1,68.91,delivered,accepted,2025-03-04 09:57:27 UTC,
RA63AEE2895DF9,L9AD04D41B439,P009,2025-05-28 12:18:29 UTC,1,61.52,delivered,capacity_exceeded,2025-05-28 12:19:36 UTC,quality
RAF0C665F22217,L9AD04D41B439,P002,2025-05-28 12:18:33 UTC,2,66.02,delivered,no_response,2025-05-28 12:19:10 UTC,capacity
RA53BEEA6782D0,LE0FED474EE81,P003,2025-04-18 14:47:00 UTC,1,73.66,delivered,accepted,2025-04-18 14:50:41 UTC,
RA437E6A0049FB,LE562FA08B1E9,P003,2025-01-26 16:40:15 UTC,1,75.66,delivered,rejected,2025-01-26 16:43:07 UTC,price_too_low
RA873C4BCC9D06,L65DB90CEBD21,P001,2025-03-23 23:08:23 UTC,1,72.57,delivered,accepted,2025-03-23 23:11:51 UTC,
RA8529F3D1502B,L5F499FF04825,P005,2025-05-26 13:12:15 UTC,1,103.56,delivered,capacity_exceeded,2025-05-26 13:12:38 UTC,capacity
RA08A68C600ACC,LA493859D5E74,P002,2025-02-01 20:12:08 UTC,1,80.57,delivered,capacity_exceeded,2025-02-01 20:13:07 UTC,quality
RA5F2650A657AF,L2F1AD4D44034,P001,2025-06-10 18:49:52 UTC,1,61.32,delivered,accepted,2025-06-10 18:54:44 UTC,
RAD8760D24F861,L90C5DFDFF265,P006,2025-04-03 07:48:34 UTC,1,120.62,delivered,accepted,2025-04-03 07:51:25 UTC,
RADBA6FCB71BA0,LB14B80978E1C,P010,2025-06-27 07:20:44 UTC,1,78.55,delivered,accepted,2025-06-27 07:22:32 UTC,
RA6D0B4417AEFD,L1C0B2FC99D19,P010,2025-05-21 18:33:14 UTC,1,72.89,delivered,accepted,2025-05-21 18:35:21 UTC,
RA3530A0476306,LC5DF44AFB18C,P004,2025-03-07 16:48:29 UTC,1,89.36,delivered,capacity_exceeded,2025-03-07 16:53:12 UTC,state_not_covered
RAD446332FE4D4,LB4D373C6E6EC,P002,2025-05-30 20:58:16 UTC,1,85.34,delivered,accepted,2025-05-30 21:00:46 UTC,
RA90498420CFB9,L8E4FAFB7ABDE,P003,2025-03-19 20:16:46 UTC,1,68.47,delivered,accepted,2025-03-19 20:17:37 UTC,
RA4B659873F010,L1F365CC62AA3,P010,2025-06-29 09:35:41 UTC,1,68.4,delivered,accepted,2025-06-29 09:37:06 UTC,
RA91F8F237CDF1,L5E22ADC314F9,P007,2025-03-19 18:52:16 UTC,1,111.78,delivered,accepted,2025-03-19 18:55:27 UTC,
RA61ABBFF3CD44,L5B83EFCF0CBF,P006,2025-02-18 12:52:11 UTC,1,106.64,delivered,accepted,2025-02-18 12:57:08 UTC,
RAE6F4FC2D4025,L4764720E04C6,P009,2025-01-10 19:53:45 UTC,1,54.85,delivered,no_response,2025-01-10 19:55:37 UTC,capacity
RAC0464BB89767,L455AFBE894BE,P005,2025-03-17 13:54:35 UTC,1,114.92,delivered,capacity_exceeded,2025-03-17 13:55:14 UTC,price_too_low
RA1680330760E6,L338BAA3615AC,P010,2025-02-19 16:43:52 UTC,1,81.72,delivered,accepted,2025-02-19 16:45:46 UTC,
RAB11662E047C7,L70674E322EAA,P009,2025-02-03 12:00:07 UTC,1,55.69,delivered,accepted,2025-02-03 12:02:23 UTC,
RA41678CEAF514,L95CD174C70B6,P005,2025-04-01 07:15:02 UTC,1,119.85,delivered,accepted,2025-04-01 07:15:16 UTC,
RAAC9FC0992275,L6269BF9046AC,P010,2025-04-26 15:16:42 UTC,1,79.6,delivered,accepted,2025-04-26 15:21:04 UTC,
RAB500A19F5B6A,LC6C2FBCFA747,P002,2025-02-26 21:02:56 UTC,1,65.76,delivered,accepted,2025-02-26 21:03:42 UTC,
RAFC7B9673A229,L4F1B19A91598,P005,2025-02-22 08:36:13 UTC,1,95.49,delivered,accepted,2025-02-22 08:37:58 UTC,
RA02F2AB936652,L82E66F277084,P008,2025-05-02 14:17:08 UTC,1,74.23,delivered,rejected,2025-05-02 14:17:31 UTC,state_not_covered
RAC1EC8D8213C7,LB7A1EA0628D3,P006,2025-04-03 15:27:34 UTC,1,105.4,delivered,accepted,2025-04-03 15:31:58 UTC,
RA74B4060DBDF6,L81EDA7F00BB1,P010,2025-04-27 14:06:09 UTC,1,69.42,delivered,accepted,2025-04-27 14:08:51 UTC,
RA2C6CCCE80E0F,L88F53B04FDD5,P001,2025-05-04 10:48:35 UTC,1,64.83,delivered,accepted,2025-05-04 10:49:04 UTC,
RA3DB6166C33B5,L3686995499B7,P010,2025-03-29 16:45:31 UTC,1,82.64,delivered,capacity_exceeded,2025-03-29 16:49:12 UTC,capacity
RA64E21AB048C4,L031DE2F49618,P001,2025-06-30 09:38:50 UTC,1,59.1,delivered,accepted,2025-06-30 09:43:44 UTC,
RA95BCCBD02098,LD82DADB81EFA,P010,2025-05-01 10:44:20 UTC,1,77.18,delivered,accepted,2025-05-01 10:46:23 UTC,
RAD8FE933EB71A,L5209A383A318,P003,2025-02-18 07:49:16 UTC,1,70.69,delivered,accepted,2025-02-18 07:53:02 UTC,
RA2BE748F1E251,L3D26F23BC944,P003,2025-01-29 09:00:28 UTC,1,75.39,delivered,accepted,2025-01-29 09:03:49 UTC,
RA15CB299F7F53,L3E5AEF8EA1A5,P002,2025-03-07 09:01:56 UTC,1,80.95,delivered,accepted,2025-03-07 09:05:43 UTC,
RA1E8033BC0142,L3BB61374128A,P008,2025-01-22 16:49:10 UTC,1,86.33,delivered,accepted,2025-01-22 16:50:02 UTC,
RA8AF8127A063B,L164E41A19AF3,P006,2025-01-26 12:31:37 UTC,1,129.58,delivered,accepted,2025-01-26 12:36:34 UTC,
RA6CFDF40F8F7D,LB6F34179CE82,P010,2025-06-04 22:44:40 UTC,1,66.46,delivered,capacity_exceeded,2025-06-04 22:45:38 UTC,state_not_covered
RA3EBF3195BA4D,LE30A7613619B,P003,2025-06-05 07:53:18 UTC,1,65.12,delivered,accepted,2025-06-05 07:56:10 UTC,
RA664A0B292CE9,LF3776575090B,P002,2025-04-18 20:41:43 UTC,1,64.24,delivered,accepted,2025-04-18 20:45:16 UTC,
RAC4E211CBD88D,L36733CA5CA56,P001,2025-04-26 17:07:27 UTC,1,69.78,delivered,accepted,2025-04-26 17:12:05 UTC,
RA3F7421EE5A85,L2E8257D3F3F6,P002,2025-04-04 18:39:54 UTC,1,85.13,delivered,accepted,2025-04-04 18:40:08 UTC,
RA01927042D348,L0CF6E3B054A3,P005,2025-06-02 14:27:41 UTC,1,110.62,delivered,capacity_exceeded,2025-06-02 14:30:20 UTC,price_too_low
RA960BD21F8B59,L7554A47B8F08,P001,2025-04-20 09:49:22 UTC,1,65.08,delivered,accepted,2025-04-20 09:52:19 UTC,
RA6029708E3E6C,L6FA61FFDFEFA,P003,2025-06-10 11:56:35 UTC,1,74.61,delivered,capacity_exceeded,2025-06-10 11:59:34 UTC,capacity
RA5D0A56A243E3,L1ECB66BAD933,P002,2025-02-23 14:40:17 UTC,1,74.97,delivered,accepted,2025-02-23 14:43:07 UTC,
RAA84BBA35B415,L9DC3F5A9E36A,P001,2025-02-19 21:48:57 UTC,1,71.83,delivered,accepted,2025-02-19 21:50:18 UTC,
RAE465655E6973,L4C199F7F7858,P001,2025-04-10 21:26:30 UTC,1,58.19,delivered,accepted,2025-04-10 21:28:16 UTC,
RAC41A2220B20A,LB4F75D4FC78A,P005,2025-06-28 17:24:30 UTC,1,89.78,delivered,accepted,2025-06-28 17:25:01 UTC,
RA561619A82890,LE0A6704F6CDD,P005,2025-01-22 20:35:45 UTC,1,118.41,delivered,accepted,2025-01-22 20:39:11 UTC,
RA3E25AA507EAB,LB93FCBDA185A,P005,2025-06-18 14:04:54 UTC,1,110.47,delivered,no_response,2025-06-18 14:06:17 UTC,state_not_covered
RA6EA8403E704F,LF08A5463404A,P002,2025-06-01 14:56:19 UTC,1,74.87,delivered,accepted,2025-06-01 14:56:55 UTC,
RA0C9B6E92CAA5,LF9557B6E0DAA,P003,2025-02-20 17:46:04 UTC,1,74.37,delivered,accepted,2025-02-20 17:48:21 UTC,
RAA72404318638,L95F7923BFAD0,P003,2025-01-16 17:13:54 UTC,1,58.86,delivered,accepted,2025-01-16 17:17:02 UTC,
RA3B61C70690AF,L29C2CF9C4213,P007,2025-06-01 19:24:44 UTC,1,125.85,delivered,rejected,2025-06-01 19:26:39 UTC,state_not_covered
RAB69C2DF98A0B,L9961A506AF54,P005,2025-03-23 12:45:57 UTC,1,106.75,delivered,accepted,2025-03-23 12:46:43 UTC,
RAE4CA7DE08B54,L8C730FFA16EA,P009,2025-04-25 22:02:17 UTC,1,52.83,delivered,capacity_exceeded,2025-04-25 22:05:50 UTC,state_not_covered
RA3366A427FD14,L1EC59CBAE4E8,P002,2025-03-10 19:51:45 UTC,1,67.71,delivered,accepted,2025-03-10 19:52:56 UTC,
RA4FFC38C21ABD,LE1287E6D2335,P003,2025-01-04 07:36:34 UTC,1,62.18,delivered,rejected,2025-01-04 07:40:01 UTC,state_not_covered
RA28B4DFF29739,LE1287E6D2335,P002,2025-01-04 07:37:20 UTC,2,76.48,delivered,capacity_exceeded,2025-01-04 07:37:30 UTC,price_too_low
RA67B183BD2115,LE1287E6D2335,P010,2025-01-04 07:36:34 UTC,3,67.07,delivered,rejected,2025-01-04 07:38:36 UTC,price_too_low
RA782E0967D06F,L73787031E5DF,P003,2025-02-11 08:53:15 UTC,1,61.15,delivered,accepted,2025-02-11 08:57:21 UTC,
RA9288D1A1E9C4,L993C2F53B389,P003,2025-03-10 10:03:15 UTC,1,58.76,delivered,rejected,2025-03-10 10:04:29 UTC,state_not_covered
RA8F234CE6A335,LA8213E0977E4,P002,2025-04-17 10:50:23 UTC,1,68.95,delivered,no_response,2025-04-17 10:52:23 UTC,quality
RA9DC639C4574E,LEFF177FF63A9,P005,2025-01-03 18:46:16 UTC,1,102.6,delivered,accepted,2025-01-03 18:50:19 UTC,
RA54CF71FF83D4,LFC1F7CE35A66,P005,2025-04-04 17:08:15 UTC,1,114.47,delivered,rejected,2025-04-04 17:09:26 UTC,price_too_low
RA2B5259DA56D3,L1C6359B58512,P003,2025-02-09 11:18:08 UTC,1,66.29,delivered,no_response,2025-02-09 11:20:03 UTC,quality
RA55195884015E,LC6F30A2AAADE,P010,2025-03-16 12:23:30 UTC,1,76.93,delivered,accepted,2025-03-16 12:28:15 UTC,
RA2A457D3CBD3A,LC02D94AC2B10,P010,2025-03-11 10:35:09 UTC,1,66.22,delivered,capacity_exceeded,2025-03-11 10:39:15 UTC,price_too_low
RA1FE9722F8C69,L76A976218B4B,P002,2025-06-22 12:11:04 UTC,1,64.9,delivered,accepted,2025-06-22 12:11:40 UTC,
RA7F3F3762F180,LC836759C7820,P003,2025-02-16 15:54:41 UTC,1,61.17,delivered,accepted,2025-02-16 15:57:01 UTC,
RAF6AB79072F94,LA63C92564290,P003,2025-03-07 09:34:05 UTC,1,69.02,delivered,accepted,2025-03-07 09:35:53 UTC,
RA904E77501272,LE36A30B5A94E,P002,2025-03-03 13:59:40 UTC,1,86.14,delivered,capacity_exceeded,2025-03-03 14:01:22 UTC,state_not_covered
RA385B0F8A957C,L98464F208415,P001,2025-03-22 22:04:01 UTC,1,67.92,delivered,accepted,2025-03-22 22:06:14 UTC,
RABC84E2C36DFC,LD6BA1F83A161,P003,2025-06-02 17:17:26 UTC,1,64.07,delivered,capacity_exceeded,2025-06-02 17:19:21 UTC,state_not_covered
RA08B6240B3D27,LD6BA1F83A161,P009,2025-06-02 17:17:06 UTC,2,65.6,delivered,accepted,2025-06-02 17:19:45 UTC,
RA389D638B6D44,LBBB02CDAE6D5,P005,2025-06-21 21:35:01 UTC,1,113.96,delivered,accepted,2025-06-21 21:35:37 UTC,
RA94679A5EA3D5,LE0F95A867DB8,P002,2025-05-31 13:01:22 UTC,1,68.32,delivered,accepted,2025-05-31 13:02:12 UTC,
RAA82D08527637,LDC2CB9FBBBC5,P003,2025-01-16 08:25:23 UTC,1,68.49,delivered,no_response,2025-01-16 08:26:43 UTC,capacity
RAA323571C3B41,L37DBBA223E61,P007,2025-06-02 15:42:48 UTC,1,124.44,delivered,accepted,2025-06-02 15:44:31 UTC,
RA4CA59C663109,LB77C16E13ABB,P009,2025-05-01 18:38:37 UTC,1,50.35,delivered,accepted,2025-05-01 18:43:10 UTC,
RAE2ABE36F6402,LB87957841FDC,P009,2025-05-28 09:48:52 UTC,1,54.45,delivered,capacity_exceeded,2025-05-28 09:49:40 UTC,quality
RABE029883052D,LB87957841FDC,P010,2025-05-28 09:48:20 UTC,2,70.59,delivered,accepted,2025-05-28 09:50:04 UTC,
RAD4C3C83A7EED,L3A13D7A2C0C8,P003,2025-01-10 11:15:24 UTC,1,58.3,delivered,accepted,2025-01-10 11:18:12 UTC,
RAB4E55CC092FC,L5CD993D1ABA6,P010,2025-01-12 20:55:39 UTC,1,81.61,delivered,accepted,2025-01-12 20:57:19 UTC,
RAE9AF0DAC34FA,LDE415E61E6A7,P001,2025-04-09 21:04:27 UTC,1,57.64,delivered,accepted,2025-04-09 21:09:00 UTC,
RAF0DE026ABEB3,LEC2D9C28F405,P003,2025-05-27 16:25:49 UTC,1,66.66,delivered,accepted,2025-05-27 16:27:39 UTC,
RA6869B5218E03,L744D5E81C4E5,P003,2025-03-03 20:22:29 UTC,1,71.26,delivered,accepted,2025-03-03 20:25:23 UTC,
RAA1CAB77045BB,L42059C0C528F,P009,2025-03-25 09:31:21 UTC,1,53.59,delivered,capacity_exceeded,2025-03-25 09:35:22 UTC,state_not_covered
RAE45CC60302F5,L31210A666C09,P010,2025-04-23 18:19:53 UTC,1,78.1,delivered,capacity_exceeded,2025-04-23 18:21:08 UTC,state_not_covered
RA821B1BA01B2B,LFB31D84C3173,P006,2025-02-07 09:45:03 UTC,1,111.6,delivered,accepted,2025-02-07 09:46:23 UTC,
RA3217828C1F65,LD8085BC5A885,P002,2025-06-25 22:56:31 UTC,1,72.68,delivered,accepted,2025-06-25 23:01:29 UTC,
RA4A5C441CD644,L5795B335CC79,P002,2025-01-03 08:21:14 UTC,1,85.0,delivered,rejected,2025-01-03 08:21:36 UTC,quality
RAC8DC5657E1A7,L5795B335CC79,P010,2025-01-03 08:20:33 UTC,2,72.93,delivered,accepted,2025-01-03 08:23:04 UTC,
RA8B11ECD6D8CB,L8D7B2D4867BD,P001,2025-06-16 10:57:14 UTC,1,62.27,delivered,rejected,2025-06-16 11:01:10 UTC,price_too_low
RAF1BB15406FE2,L0F37570917CA,P002,2025-04-03 16:01:56 UTC,1,69.89,delivered,accepted,2025-04-03 16:04:39 UTC,
RA18941CE12314,LBC2C8C6ED98F,P002,2025-03-07 11:54:45 UTC,1,74.19,delivered,accepted,2025-03-07 11:59:38 UTC,
RA55A9DC35FC8D,L77547D8AE035,P008,2025-05-23 21:39:47 UTC,1,67.04,delivered,rejected,2025-05-23 21:43:54 UTC,state_not_covered
RAB868FEBEEA5C,L77547D8AE035,P010,2025-05-23 21:39:52 UTC,2,74.38,delivered,no_response,2025-05-23 21:42:36 UTC,capacity
RA2BAEDCAE0D00,L77547D8AE035,P002,2025-05-23 21:39:18 UTC,3,65.1,delivered,accepted,2025-05-23 21:41:11 UTC,
RA45E4C70E155B,L83B2938326EF,P005,2025-06-03 14:55:06 UTC,1,104.37,delivered,accepted,2025-06-03 14:59:39 UTC,
RAD58FC8353D19,L0078628D03B9,P001,2025-02-11 09:47:16 UTC,1,69.02,delivered,accepted,2025-02-11 09:49:08 UTC,
RA477117D7B21E,L08847291CE93,P003,2025-02-28 07:22:52 UTC,1,76.52,delivered,capacity_exceeded,2025-02-28 07:24:31 UTC,price_too_low
RA5AC5DBDCD2F1,L2ED8D5738DDE,P001,2025-04-21 12:48:50 UTC,1,57.83,delivered,accepted,2025-04-21 12:53:06 UTC,
RABA536EEF5D41,L475504CA15C3,P009,2025-01-14 13:25:59 UTC,1,65.23,delivered,rejected,2025-01-14 13:30:06 UTC,capacity
RA97D5197FFC60,L475504CA15C3,P001,2025-01-14 13:25:35 UTC,2,74.39,delivered,accepted,2025-01-14 13:28:54 UTC,
RA1D358EE7DB68,L81FE6F7A08BE,P003,2025-05-23 13:01:51 UTC,1,58.38,delivered,no_response,2025-05-23 13:06:02 UTC,capacity
RAFE8792EB1D84,L69F0C63E72C2,P002,2025-02-26 11:35:07 UTC,1,74.88,delivered,accepted,2025-02-26 11:37:55 UTC,
RA355E3DF53FD8,L9F46099422A9,P003,2025-02-16 17:31:06 UTC,1,76.99,delivered,accepted,2025-02-16 17:35:31 UTC,
RAD08D75A21983,LCB8B58BEFD7A,P003,2025-04-21 18:02:19 UTC,1,64.89,delivered,no_response,2025-04-21 18:04:14 UTC,state_not_covered
RAC061660124A7,LC127B5434197,P009,2025-05-27 07:57:30 UTC,1,65.81,delivered,accepted,2025-05-27 08:01:55 UTC,
RA4E95611FA81D,L77C114CE37CF,P010,2025-04-29 07:43:22 UTC,1,67.95,delivered,rejected,2025-04-29 07:48:04 UTC,quality
RA68354A0F311D,L77C114CE37CF,P007,2025-04-29 07:42:55 UTC,2,114.44,delivered,accepted,2025-04-29 07:45:18 UTC,
RA95898CC5402C,LCF403B11AFF2,P003,2025-06-01 19:52:26 UTC,1,66.62,delivered,accepted,2025-06-01 19:53:01 UTC,
RABDF2769A643F,L2699665EA10F,P001,2025-04-06 09:15:53 UTC,1,58.62,delivered,accepted,2025-04-06 09:19:32 UTC,
RA53B8C863F036,L05CDB49CF554,P003,2025-05-10 09:38:52 UTC,1,73.62,delivered,accepted,2025-05-10 09:40:46 UTC,
RA4D471F35E4DF,L3C9A5F8F521B,P003,2025-04-30 10:24:11 UTC,1,59.06,delivered,rejected,2025-04-30 10:24:26 UTC,state_not_covered
RA9B1DBE6DAF1A,L5CFC2F6B2086,P005,2025-03-12 10:57:42 UTC,1,92.27,delivered,rejected,2025-03-12 11:00:43 UTC,price_too_low
RA303C337CA987,LEF12CC2818CE,P010,2025-05-18 14:14:33 UTC,1,63.08,delivered,accepted,2025-05-18 14:15:52 UTC,
RA3FCC1F9E7AF0,L5B83AA5E1A1D,P003,2025-04-28 11:48:25 UTC,1,58.13,delivered,no_response,2025-04-28 11:52:30 UTC,quality
RA72A67B10FF2E,L5B83AA5E1A1D,P009,2025-04-28 11:47:48 UTC,2,56.38,delivered,accepted,2025-04-28 11:49:20 UTC,
RA72CDD8E37AC8,L10DA324D7382,P008,2025-02-22 07:18:50 UTC,1,77.49,delivered,accepted,2025-02-22 07:20:37 UTC,
RA12F2A47F838F,L855BC4C2B58D,P001,2025-03-21 13:21:14 UTC,1,62.72,delivered,rejected,2025-03-21 13:24:09 UTC,capacity
RA51E78FEE2833,L855BC4C2B58D,P010,2025-03-21 13:20:41 UTC,2,68.6,delivered,no_response,2025-03-21 13:22:28 UTC,quality
RAFEE40B06D0D7,LDB4BDDE4EB27,P002,2025-01-27 14:45:46 UTC,1,75.24,delivered,accepted,2025-01-27 14:50:32 UTC,
RA728E1B98C5F0,L5F0CF9182073,P002,2025-06-23 16:08:41 UTC,1,72.32,delivered,accepted,2025-06-23 16:12:56 UTC,
RAD84DBF84A075,L998A6FEBE11F,P005,2025-05-09 19:04:39 UTC,1,114.15,delivered,accepted,2025-05-09 19:07:11 UTC,
RAD00C317E3D27,LB5B381C73721,P003,2025-01-12 19:06:03 UTC,1,69.39,delivered,accepted,2025-01-12 19:10:45 UTC,
RA64AB18D908EE,L3A38C8D413F1,P010,2025-04-27 20:49:09 UTC,1,68.8,delivered,accepted,2025-04-27 20:51:53 UTC,
RA412A4AB67F78,L7A0116390021,P003,2025-02-15 20:49:42 UTC,1,61.67,delivered,accepted,2025-02-15 20:52:16 UTC,
RA97ECFCE7E6F5,L6238C6328DEA,P002,2025-02-24 10:21:03 UTC,1,70.27,delivered,accepted,2025-02-24 10:25:56 UTC,
RAE24D3BD340F9,L731790CB9384,P010,2025-01-01 20:46:03 UTC,1,67.78,delivered,accepted,2025-01-01 20:48:58 UTC,
RAA7FEBDDF994E,L7C4B0BB86484,P010,2025-05-08 19:57:47 UTC,1,64.23,delivered,accepted,2025-05-08 19:59:03 UTC,
RADD119484A469,L10E2CD823D29,P010,2025-03-27 08:44:01 UTC,1,74.72,delivered,capacity_exceeded,2025-03-27 08:47:42 UTC,capacity
RA784485C8CAFB,L603CD185E807,P010,2025-05-04 08:54:19 UTC,1,68.43,delivered,rejected,2025-05-04 08:58:22 UTC,state_not_covered
RADECD53B38195,L603CD185E807,P003,2025-05-04 08:54:55 UTC,2,59.65,delivered,accepted,2025-05-04 08:55:24 UTC,
RA3E17F87C6B9B,L376D37F669FC,P003,2025-01-18 11:07:59 UTC,1,64.08,delivered,accepted,2025-01-18 11:10:15 UTC,
RA9C0426E75E74,LE5E82AEDA29E,P009,2025-02-19 19:40:06 UTC,1,62.1,delivered,rejected,2025-02-19 19:41:23 UTC,state_not_covered
RAB145C80670C2,LD3F8BBD1B96F,P002,2025-04-22 17:45:11 UTC,1,64.65,delivered,rejected,2025-04-22 17:47:33 UTC,quality
RA26202ECE0CFA,LD3F8BBD1B96F,P010,2025-04-22 17:45:08 UTC,2,79.82,delivered,capacity_exceeded,2025-04-22 17:47:39 UTC,capacity
RAD889613E99BE,L1AFDD38E7105,P002,2025-02-03 07:42:51 UTC,1,69.56,delivered,accepted,2025-02-03 07:45:02 UTC,
RA0875CEEDBD57,L6F8DB496A6AF,P002,2025-06-14 09:59:20 UTC,1,79.81,delivered,accepted,2025-06-14 10:00:19 UTC,
RA1BAECDC812F0,LB38510195034,P010,2025-03-04 16:14:24 UTC,1,68.23,delivered,accepted,2025-03-04 16:15:09 UTC,
RAD6BAF44A4FF7,L5B25208A189D,P005,2025-05-23 18:57:14 UTC,1,102.99,delivered,capacity_exceeded,2025-05-23 19:02:13 UTC,price_too_low
RA108F002A53E1,LDFE91E46CBDF,P002,2025-04-17 17:18:20 UTC,1,72.53,delivered,accepted,2025-04-17 17:23:13 UTC,
RAD00ED9A402B7,LD09BB4A90547,P001,2025-04-15 21:27:01 UTC,1,63.59,delivered,no_response,2025-04-15 21:29:11 UTC,capacity
RA45A45D5613AE,LD09BB4A90547,P003,2025-04-15 21:26:40 UTC,2,61.78,delivered,no_response,2025-04-15 21:27:48 UTC,state_not_covered
RA60EFFA8E52A3,L563B0C0971D0,P010,2025-04-09 18:11:56 UTC,1,63.58,delivered,no_response,2025-04-09 18:12:46 UTC,price_too_low
RA41E3DF0DA9AD,L5F6FD7E4B262,P010,2025-06-16 22:46:17 UTC,1,66.53,delivered,accepted,2025-06-16 22:48:14 UTC,
RA4EFBC18F4BAE,L1CAE51B91B32,P003,2025-06-19 08:14:03 UTC,1,73.05,delivered,accepted,2025-06-19 08:18:39 UTC,
RA10C41E4BF971,L9DBC376F80D2,P002,2025-04-21 18:24:17 UTC,1,70.18,delivered,no_response,2025-04-21 18:28:58 UTC,quality
RA826EB3DFAACC,LB72ECF9B0014,P003,2025-06-09 19:39:18 UTC,1,59.9,delivered,accepted,2025-06-09 19:42:14 UTC,
RA0407DC155754,L417CE1BAE473,P003,2025-05-09 13:23:53 UTC,1,60.98,delivered,accepted,2025-05-09 13:25:15 UTC,
RA2F98C8A67575,L852C53C8D9FC,P005,2025-06-10 13:23:43 UTC,1,119.82,delivered,accepted,2025-06-10 13:25:34 UTC,
RA0D0261BAF704,L9CA192802E0D,P005,2025-03-04 08:04:00 UTC,1,101.07,delivered,no_response,2025-03-04 08:06:41 UTC,state_not_covered
RABFC165E7FDC9,LCD0E03B16DB2,P005,2025-05-15 20:58:23 UTC,1,104.29,delivered,capacity_exceeded,2025-05-15 21:03:18 UTC,state_not_covered
RA47E039C122A3,LB2E4E292B4D3,P005,2025-05-13 11:05:08 UTC,1,118.23,delivered,rejected,2025-05-13 11:07:23 UTC,quality
RADE7A931C070C,LF11512ACCC5E,P001,2025-03-24 17:20:41 UTC,1,70.04,delivered,rejected,2025-03-24 17:22:46 UTC,state_not_covered
RABAB530EF663E,L7C9D0CD58CA4,P002,2025-05-17 18:33:47 UTC,1,74.42,delivered,accepted,2025-05-17 18:34:44 UTC,
RA46265089B092,LFF24D5FDBF19,P010,2025-04-06 23:13:44 UTC,1,79.89,delivered,capacity_exceeded,2025-04-06 23:17:46 UTC,quality
RA5B631556E20D,LAE1DC3DA75CF,P002,2025-01-23 20:28:06 UTC,1,79.62,delivered,accepted,2025-01-23 20:29:22 UTC,
RAEF8CFDAB9DC4,L653B73252C2A,P003,2025-04-20 15:22:47 UTC,1,72.67,delivered,no_response,2025-04-20 15:25:12 UTC,price_too_low
RADC89779AC274,L95468EEB6865,P008,2025-03-12 09:27:33 UTC,1,77.13,delivered,no_response,2025-03-12 09:27:55 UTC,price_too_low
RA9E5A21EA31F2,L52C03C64BF22,P001,2025-05-09 11:20:39 UTC,1,61.63,delivered,accepted,2025-05-09 11:22:50 UTC,
RAD82E40601207,L43A442128882,P010,2025-02-01 17:06:28 UTC,1,62.93,delivered,capacity_exceeded,2025-02-01 17:10:49 UTC,state_not_covered
RAEE8CD92AE382,L43A442128882,P009,2025-02-01 17:07:19 UTC,2,61.38,delivered,no_response,2025-02-01 17:08:48 UTC,state_not_covered
RA7DB0251BABCD,L8BE93EDBF6BC,P008,2025-01-19 17:01:10 UTC,1,72.66,delivered,capacity_exceeded,2025-01-19 17:05:58 UTC,state_not_covered
RAE7657F65F7C0,L8BE93EDBF6BC,P003,2025-01-19 17:01:25 UTC,2,66.56,delivered,capacity_exceeded,2025-01-19 17:04:08 UTC,quality
RAB1B75D8A1920,L8BE93EDBF6BC,P010,2025-01-19 17:01:21 UTC,3,68.23,delivered,accepted,2025-01-19 17:05:52 UTC,
RAB51EC7010D61,LE40E95E47862,P007,2025-01-02 14:05:01 UTC,1,109.47,delivered,capacity_exceeded,2025-01-02 14:08:20 UTC,quality
RA8D10051A25B6,L2A534BEBA260,P005,2025-03-17 17:16:17 UTC,1,118.58,delivered,accepted,2025-03-17 17:18:29 UTC,
RAE54270C3A509,L2BECC63D67B5,P005,2025-05-21 11:45:11 UTC,1,92.2,delivered,accepted,2025-05-21 11:49:55 UTC,
RA1D54A91DD9CE,LE511F3ACC887,P003,2025-01-13 08:47:16 UTC,1,60.63,delivered,accepted,2025-01-13 08:51:01 UTC,
RA00F313002893,L5228BD483617,P001,2025-01-11 17:50:38 UTC,1,72.62,delivered,accepted,2025-01-11 17:52:40 UTC,
RA91DDB35752F0,L72F42FF6AA12,P005,2025-01-06 09:55:00 UTC,1,91.78,delivered,no_response,2025-01-06 09:58:23 UTC,state_not_covered
RA0833A7509D0E,L85EFE52D9D65,P002,2025-02-10 07:44:58 UTC,1,67.04,delivered,accepted,2025-02-10 07:45:13 UTC,
RAAAB01C4F3826,LBC15264B33D7,P010,2025-03-23 11:55:56 UTC,1,69.06,delivered,accepted,2025-03-23 11:57:35 UTC,
RAE556116E5399,LF5EDCE0585EE,P010,2025-05-06 11:45:17 UTC,1,62.11,delivered,no_response,2025-05-06 11:45:42 UTC,state_not_covered
RAAE4EED14A755,L4F22B953A611,P002,2025-05-31 20:25:34 UTC,1,68.23,delivered,capacity_exceeded,2025-05-31 20:29:31 UTC,quality
RA9EA4164C14A0,LF433AA4888FA,P002,2025-04-06 16:01:50 UTC,1,81.09,delivered,accepted,2025-04-06 16:03:40 UTC,
RAE46E9DE4FE12,L095A43DE7DE0,P003,2025-04-24 18:46:05 UTC,1,77.52,delivered,accepted,2025-04-24 18:47:21 UTC,
RADEA115F5F166,LFCC811A6537D,P002,2025-04-15 12:44:28 UTC,1,85.66,delivered,accepted,2025-04-15 12:48:10 UTC,
RA9D51BF3647A5,L983FC0F2374D,P002,2025-03-29 09:05:02 UTC,1,78.99,delivered,accepted,2025-03-29 09:07:15 UTC,
RA0DECC55D846A,L696720FC0029,P007,2025-05-04 10:11:37 UTC,1,112.22,delivered,accepted,2025-05-04 10:12:07 UTC,
RAAD603CAF0FFF,LFF61A2EE9854,P002,2025-01-23 11:37:36 UTC,1,82.73,delivered,accepted,2025-01-23 11:41:45 UTC,
RA337A45428250,L79159BC79BF3,P010,2025-01-29 16:44:27 UTC,1,78.7,delivered,accepted,2025-01-29 16:46:48 UTC,
RA41A3A1B4392F,L23172C8F607A,P003,2025-03-15 21:19:41 UTC,1,72.82,delivered,accepted,2025-03-15 21:23:44 UTC,
RA792C052D0476,LBB7408786A0A,P010,2025-05-08 08:40:27 UTC,1,72.57,delivered,accepted,2025-05-08 08:41:45 UTC,
RA2F705008E3C3,L34F9D48ACF52,P003,2025-01-17 10:33:02 UTC,1,66.77,delivered,no_response,2025-01-17 10:37:39 UTC,quality
RAEF8D656BCD2E,L2AE32221A514,P003,2025-04-29 13:58:56 UTC,1,63.75,delivered,accepted,2025-04-29 13:59:14 UTC,
RACF2334848239,L5A456FA87C9F,P001,2025-03-21 18:24:25 UTC,1,72.3,delivered,accepted,2025-03-21 18:26:08 UTC,
RA5C66600D0B0B,L27BC78C6969E,P003,2025-06-28 11:24:15 UTC,1,66.47,delivered,accepted,2025-06-28 11:28:57 UTC,
RAB6BF03F9CE4C,L5258FEA620BD,P002,2025-01-10 13:31:40 UTC,1,65.0,delivered,accepted,2025-01-10 13:35:16 UTC,
RA5AB69496DC74,L8E30077491CA,P003,2025-05-12 18:07:13 UTC,1,58.09,delivered,rejected,2025-05-12 18:08:42 UTC,capacity
RACF9261020CC0,L10992E2CE8D6,P010,2025-06-26 10:41:31 UTC,1,73.47,delivered,accepted,2025-06-26 10:45:25 UTC,
RA01357250659C,L7A11194E9D18,P002,2025-02-19 13:10:57 UTC,1,81.58,delivered,accepted,2025-02-19 13:14:42 UTC,
RA55BAC50E9ED3,L9BE6DD9D1B86,P003,2025-05-12 15:28:17 UTC,1,73.6,delivered,accepted,2025-05-12 15:30:59 UTC,
RAAF9821C2F8A9,L6BFD2C9158E4,P010,2025-01-02 23:01:49 UTC,1,74.19,delivered,no_response,2025-01-02 23:06:05 UTC,capacity
RA50EEDF5C401A,L6BFD2C9158E4,P009,2025-01-02 23:01:42 UTC,2,59.83,delivered,no_response,2025-01-02 23:05:08 UTC,state_not_covered
RA9DD994C26F67,L8EDDCEDE3BB9,P005,2025-04-10 18:42:21 UTC,1,99.73,delivered,accepted,2025-04-10 18:42:40 UTC,
RA04B9C66D7385,LE00784B1FB75,P003,2025-02-19 14:34:52 UTC,1,64.88,delivered,accepted,2025-02-19 14:38:12 UTC,
RAAF116BF73FE6,L142AF18E6FE8,P005,2025-06-05 15:50:07 UTC,1,107.47,delivered,rejected,2025-06-05 15:52:47 UTC,capacity
RA7AA3C1F94A81,L8B5B6F4C4AC9,P008,2025-01-01 23:05:18 UTC,1,76.45,delivered,no_response,2025-01-01 23:09:42 UTC,price_too_low
RA7D2FAEA817CD,L8B5B6F4C4AC9,P003,2025-01-01 23:05:15 UTC,2,63.21,delivered,accepted,2025-01-01 23:06:22 UTC,
RAF604DAD2ADD6,L31C989E6996B,P003,2025-05-11 10:50:59 UTC,1,73.97,delivered,accepted,2025-05-11 10:52:36 UTC,
RA9C0D15A545E8,LC647FD10D62E,P009,2025-04-11 13:41:40 UTC,1,52.69,delivered,accepted,2025-04-11 13:46:40 UTC,
RADCF4085DB126,LA1942AE5466C,P007,2025-05-25 18:54:58 UTC,1,142.2,delivered,accepted,2025-05-25 18:59:04 UTC,
RAAD0D4A81D0E7,LDF2C3D9FA4D9,P009,2025-04-15 20:35:31 UTC,1,50.27,delivered,no_response,2025-04-15 20:39:22 UTC,state_not_covered
RAC371A6B2039A,L99520AED6E16,P009,2025-06-02 18:52:56 UTC,1,65.33,delivered,accepted,2025-06-02 18:56:18 UTC,
RA1737348A3D13,LDA1E789342F7,P005,2025-05-15 21:23:38 UTC,1,109.74,delivered,no_response,2025-05-15 21:24:31 UTC,capacity
RA5859FD8E37B7,LA5CB7D9271A2,P010,2025-02-02 11:28:22 UTC,1,73.25,delivered,accepted,2025-02-02 11:33:19 UTC,
RA34F405BE7595,L0BCAF1F0820B,P010,2025-03-22 13:19:16 UTC,1,77.31,delivered,rejected,2025-03-22 13:22:29 UTC,state_not_covered
RAE3DC9F2832BB,L60B06141B3BA,P002,2025-03-19 10:24:46 UTC,1,65.66,delivered,accepted,2025-03-19 10:28:45 UTC,
RAE0B525D9E128,L178A440875F0,P010,2025-02-18 07:50:56 UTC,1,80.71,delivered,accepted,2025-02-18 07:53:23 UTC,
RAA6C1BDEA4747,L9358B04DEFB2,P007,2025-05-09 16:09:04 UTC,1,139.89,delivered,capacity_exceeded,2025-05-09 16:13:02 UTC,state_not_covered
RAC5C49606BA87,L9358B04DEFB2,P006,2025-05-09 16:08:54 UTC,2,112.95,delivered,capacity_exceeded,2025-05-09 16:11:09 UTC,capacity
RA81C90B232A8D,L9358B04DEFB2,P010,2025-05-09 16:08:31 UTC,3,66.54,delivered,rejected,2025-05-09 16:11:54 UTC,price_too_low
RA9F2FF43D2162,L974A92B265A0,P009,2025-04-11 10:38:34 UTC,1,50.59,delivered,accepted,2025-04-11 10:39:52 UTC,
RA723ECACB50C4,L55FF11F3601B,P001,2025-03-29 10:40:45 UTC,1,61.44,delivered,accepted,2025-03-29 10:43:26 UTC,
RAB5CA352916BE,L8D507E4519AF,P010,2025-02-11 10:25:39 UTC,1,66.59,delivered,rejected,2025-02-11 10:29:57 UTC,price_too_low
RA9D8CB4BCF770,LCC52C98306DF,P005,2025-06-13 13:24:33 UTC,1,92.37,delivered,accepted,2025-06-13 13:27:59 UTC,
RACE36D865851B,L8A7F185CEF86,P010,2025-03-08 20:26:26 UTC,1,62.97,delivered,accepted,2025-03-08 20:30:42 UTC,
RA271455535AA6,LA195EB6716D5,P010,2025-04-25 18:11:21 UTC,1,62.94,delivered,accepted,2025-04-25 18:13:04 UTC,
RA6B8B7CC28CF2,LC2DFF0085DFE,P010,2025-04-23 23:08:09 UTC,1,80.16,delivered,capacity_exceeded,2025-04-23 23:11:12 UTC,price_too_low
RA8B25D59BC9BA,LB546D6BA2A08,P003,2025-03-04 15:39:44 UTC,1,61.28,delivered,accepted,2025-03-04 15:43:34 UTC,
RA4CA1CCA22EC9,L5DC2F0D409A3,P007,2025-03-01 12:47:43 UTC,1,147.18,delivered,accepted,2025-03-01 12:47:54 UTC,
RA2637423A4EF2,L52CDF0DA46FD,P002,2025-03-15 14:32:56 UTC,1,85.82,delivered,accepted,2025-03-15 14:35:07 UTC,
RA641A214FB392,LE48BF50B42C2,P010,2025-02-10 22:59:51 UTC,1,80.66,delivered,capacity_exceeded,2025-02-10 23:01:31 UTC,quality
RA0315E3012649,LB1CEEBD4A59B,P006,2025-01-13 10:17:31 UTC,1,110.63,delivered,accepted,2025-01-13 10:21:08 UTC,
RA0FECEF1CDF18,L0BFE1D96A3FC,P001,2025-03-13 10:27:38 UTC,1,65.33,delivered,accepted,2025-03-13 10:32:24 UTC,
RAB325C026B231,L60DFD4686E11,P010,2025-04-05 18:58:39 UTC,1,77.13,delivered,accepted,2025-04-05 19:02:49 UTC,
RA84DD93E615AC,L445FB809B55B,P009,2025-02-01 12:40:38 UTC,1,53.86,delivered,accepted,2025-02-01 12:45:26 UTC,
RA3757A579E58D,L1FD4E0319FC1,P003,2025-06-07 11:18:06 UTC,1,73.36,delivered,accepted,2025-06-07 11:21:48 UTC,
RA6B78EFE85B77,L3852BBB35E45,P009,2025-02-03 17:54:45 UTC,1,63.59,delivered,accepted,2025-02-03 17:57:22 UTC,
RA236C6C3988F0,L24BDF586EDC1,P003,2025-03-05 14:16:50 UTC,1,64.54,delivered,rejected,2025-03-05 14:20:36 UTC,quality
RA572852D7EBFB,L24BDF586EDC1,P009,2025-03-05 14:16:37 UTC,2,59.87,delivered,accepted,2025-03-05 14:17:40 UTC,
RAD0CDCC01B96A,L34BE638306A3,P009,2025-05-18 11:40:15 UTC,1,55.78,delivered,accepted,2025-05-18 11:41:31 UTC,
RA7115186D8373,L1E0E93233CC7,P004,2025-06-02 19:16:31 UTC,1,81.18,delivered,accepted,2025-06-02 19:16:47 UTC,
RAB4BE61D96C82,L9BC3F5D7CCB4,P003,2025-02-18 14:58:46 UTC,1,74.38,delivered,accepted,2025-02-18 15:03:19 UTC,
RA8D5BCF2BFA83,LDD8B5C1D7AAB,P002,2025-03-07 11:20:05 UTC,1,77.67,delivered,rejected,2025-03-07 11:21:52 UTC,capacity
RA5D116810F3B1,LDD8B5C1D7AAB,P008,2025-03-07 11:20:09 UTC,2,67.6,delivered,accepted,2025-03-07 11:24:39 UTC,
RAC26C9F58C272,L4EE42E89780C,P009,2025-06-21 12:57:54 UTC,1,59.38,delivered,accepted,2025-06-21 12:58:59 UTC,
RA0AF268BB5D1A,LBA10A8812AF4,P002,2025-06-30 15:58:37 UTC,1,71.04,delivered,accepted,2025-06-30 15:59:39 UTC,
RAC4599FE620F0,L5DFFF938EA88,P002,2025-03-22 15:20:30 UTC,1,71.54,delivered,accepted,2025-03-22 15:22:03 UTC,
RAC219A6E5746D,L10742F9B58F6,P005,2025-06-29 12:55:59 UTC,1,111.26,delivered,accepted,2025-06-29 12:59:52 UTC,
RA1EC5FDA27684,L01A7478C3535,P010,2025-04-25 07:49:55 UTC,1,80.78,delivered,accepted,2025-04-25 07:50:22 UTC,
RA032684910BFE,LCAB51EB1FB4D,P006,2025-01-01 10:50:32 UTC,1,124.71,delivered,accepted,2025-01-01 10:54:12 UTC,
RA9AD2C34D20E2,L291FCD310F74,P003,2025-05-14 09:03:18 UTC,1,71.09,delivered,accepted,2025-05-14 09:04:35 UTC,
RA5BCA77D57220,L5250E80380F6,P002,2025-01-18 09:05:06 UTC,1,78.58,delivered,accepted,2025-01-18 09:08:37 UTC,
RACA8545A47E05,L5219D7334391,P002,2025-01-30 09:19:36 UTC,1,85.74,delivered,no_response,2025-01-30 09:20:23 UTC,state_not_covered
RA46AF4C7154F4,L93B3C55E7FDA,P009,2025-01-11 07:55:28 UTC,1,66.45,delivered,accepted,2025-01-11 07:58:54 UTC,
RACD3F581786C8,L32C7C5D76A62,P010,2025-06-29 12:55:22 UTC,1,73.82,delivered,accepted,2025-06-29 13:00:08 UTC,
RA36935FEDA323,LE86E1EAA23EA,P010,2025-03-21 11:03:04 UTC,1,70.07,delivered,accepted,2025-03-21 11:08:01 UTC,
RABA8223E148C3,LBD99925F96C1,P010,2025-06-04 11:56:21 UTC,1,64.19,delivered,accepted,2025-06-04 12:00:39 UTC,
RAEF4B5FEF8EF5,L34AE0BD835E5,P010,2025-03-23 09:25:59 UTC,1,78.58,delivered,rejected,2025-03-23 09:28:00 UTC,quality
RA2F21EC19DAC7,L8EB4CF64F821,P002,2025-06-26 19:30:00 UTC,1,82.26,delivered,accepted,2025-06-26 19:32:04 UTC,
RA06D01897C5F7,L7B4EE638B514,P002,2025-04-28 19:25:27 UTC,1,67.99,delivered,capacity_exceeded,2025-04-28 19:27:38 UTC,price_too_low
RABD92A2DC528A,L7B4EE638B514,P003,2025-04-28 19:25:42 UTC,2,72.62,delivered,accepted,2025-04-28 19:30:30 UTC,
RA3A9B4EEB320C,LF7540A64E4E0,P010,2025-04-14 17:02:16 UTC,1,70.46,delivered,accepted,2025-04-14 17:05:55 UTC,
RA4523268E7C32,L10128ED35613,P002,2025-03-28 10:15:05 UTC,1,78.63,delivered,accepted,2025-03-28 10:17:09 UTC,
RA039EF42C5276,LBA61215D27AE,P009,2025-01-13 15:20:10 UTC,1,66.21,delivered,accepted,2025-01-13 15:22:43 UTC,
RA42DF98C894B5,L23AB4325FDD7,P002,2025-04-01 17:56:16 UTC,1,84.19,delivered,accepted,2025-04-01 17:59:44 UTC,
RA03DBB76782E6,L0BD8CD6D8617,P005,2025-05-16 18:10:36 UTC,1,108.74,delivered,capacity_exceeded,2025-05-16 18:12:04 UTC,quality
RAAAFCBFCA13E1,L0DDBA875B599,P005,2025-01-02 08:33:49 UTC,1,111.37,delivered,accepted,2025-01-02 08:38:36 UTC,
RA409BD8384ACC,L26037D5F0ED4,P010,2025-04-20 09:32:33 UTC,1,71.6,delivered,no_response,2025-04-20 09:34:47 UTC,capacity
RA6CCCEEE36D87,L8B44A6743217,P001,2025-05-11 20:27:02 UTC,1,58.94,delivered,accepted,2025-05-11 20:31:52 UTC,
RA06B7FBCF8570,LAB7BAE9F60DB,P006,2025-05-16 22:47:20 UTC,1,102.35,delivered,accepted,2025-05-16 22:49:16 UTC,
RA4C1FC41E4DC1,L4DF44DE0882A,P003,2025-01-14 14:36:02 UTC,1,68.03,delivered,accepted,2025-01-14 14:37:32 UTC,
RACF0E72B16CCE,L4D490F6B92D3,P010,2025-04-14 17:07:29 UTC,1,80.87,delivered,capacity_exceeded,2025-04-14 17:08:34 UTC,quality
RAEF7575A6ACC6,L4D490F6B92D3,P001,2025-04-14 17:07:35 UTC,2,74.43,delivered,accepted,2025-04-14 17:10:11 UTC,
RA0342A665C214,L96165422D275,P003,2025-06-01 20:34:45 UTC,1,72.7,delivered,accepted,2025-06-01 20:39:16 UTC,
RAD8E3C1DA3A92,L273C8E364809,P002,2025-01-28 11:56:02 UTC,1,70.44,delivered,no_response,2025-01-28 11:56:15 UTC,quality
RA2FEC1C32478B,LA8F994B1E236,P004,2025-03-05 13:40:10 UTC,1,108.94,delivered,accepted,2025-03-05 13:40:38 UTC,
RADE659E9746E5,L5C5D48004937,P010,2025-03-10 19:20:43 UTC,1,75.35,delivered,accepted,2025-03-10 19:23:24 UTC,
RAF0CD90CB1C8E,LF816DAF24C3D,P007,2025-04-30 18:28:18 UTC,1,142.01,delivered,rejected,2025-04-30 18:29:11 UTC,state_not_covered
RA111FC15FAFD8,LF816DAF24C3D,P010,2025-04-30 18:28:12 UTC,2,69.12,delivered,accepted,2025-04-30 18:30:45 UTC,
RAF57B1D1EC9A1,LE31379B32C94,P010,2025-06-15 17:00:21 UTC,1,73.28,delivered,accepted,2025-06-15 17:04:24 UTC,
RADAB42BA61A23,L257652C8A7A8,P002,2025-01-14 08:19:55 UTC,1,81.58,delivered,accepted,2025-01-14 08:20:07 UTC,
RA2C1747BC321D,L48E006AD1B9D,P005,2025-03-13 19:41:07 UTC,1,98.92,delivered,capacity_exceeded,2025-03-13 19:44:39 UTC,state_not_covered
RA556CBBFC87A8,L0ECA6FAC0771,P002,2025-04-15 19:16:31 UTC,1,82.93,delivered,accepted,2025-04-15 19:17:47 UTC,
RA3912C458FCEF,LAD892DA05DDA,P010,2025-01-29 13:10:55 UTC,1,66.32,delivered,accepted,2025-01-29 13:14:00 UTC,
RA82D2B1E4CE72,L6612A4F261E0,P002,2025-06-07 12:49:26 UTC,1,65.64,delivered,accepted,2025-06-07 12:53:49 UTC,
RA2F02277517F6,L8E613493B4A7,P008,2025-03-07 16:22:20 UTC,1,84.75,delivered,accepted,2025-03-07 16:23:51 UTC,
RAB4C57E5A2B19,L13A5ED8A5B50,P010,2025-05-28 15:09:45 UTC,1,77.99,delivered,no_response,2025-05-28 15:11:02 UTC,capacity
RA916E87CF21E9,L27AEC6265308,P008,2025-02-14 18:40:41 UTC,1,82.77,delivered,accepted,2025-02-14 18:42:06 UTC,
RA4BEABAA13A1A,LD66380A5A627,P010,2025-04-27 15:09:14 UTC,1,67.84,delivered,accepted,2025-04-27 15:12:35 UTC,
RA6374AA00D83E,L42864725A3FA,P002,2025-03-04 16:50:29 UTC,1,84.99,delivered,accepted,2025-03-04 16:52:27 UTC,
RAEDF2792ED078,L6C873D891F93,P010,2025-04-30 15:11:17 UTC,1,72.71,delivered,no_response,2025-04-30 15:14:26 UTC,quality
RA1B64D5E58FC0,L6C873D891F93,P001,2025-04-30 15:11:20 UTC,2,64.09,delivered,accepted,2025-04-30 15:12:58 UTC,
RA28FB70DBAAF8,L03622ACDB9A8,P002,2025-05-04 12:14:48 UTC,1,66.37,delivered,accepted,2025-05-04 12:18:03 UTC,
RAB650F5EFAA89,L3A3FE9B8B498,P002,2025-03-12 11:28:22 UTC,1,70.45,delivered,accepted,2025-03-12 11:30:37 UTC,
RA83A44E44426E,LD3A5450EB423,P001,2025-03-24 18:06:26 UTC,1,62.47,delivered,accepted,2025-03-24 18:06:58 UTC,
RAC4FB6477BE44,L929FC0145F84,P010,2025-01-10 20:09:14 UTC,1,68.67,delivered,accepted,2025-01-10 20:12:34 UTC,
RA0AF1BA6788DB,L4BB9FBFD51CE,P003,2025-05-21 13:53:26 UTC,1,73.42,delivered,rejected,2025-05-21 13:56:33 UTC,capacity
RAE4CBA32A22CB,L554B23B2E9BF,P008,2025-01-21 09:07:01 UTC,1,83.75,delivered,accepted,2025-01-21 09:11:44 UTC,
RA76E1AE5C43A8,L03C45006F7ED,P003,2025-02-04 18:12:22 UTC,1,58.1,delivered,accepted,2025-02-04 18:16:56 UTC,
RA7C169837B1E8,L0B499C455366,P003,2025-03-26 11:35:01 UTC,1,63.81,delivered,accepted,2025-03-26 11:35:51 UTC,
RA422014689626,LC6BFFF87723A,P003,2025-06-28 18:06:42 UTC,1,76.07,delivered,capacity_exceeded,2025-06-28 18:10:51 UTC,state_not_covered
RA18A39A3EB320,LEDC321DA8027,P004,2025-05-22 11:02:05 UTC,1,95.11,delivered,accepted,2025-05-22 11:07:00 UTC,
RA19B0EDE0362A,L9C4EDA61CF25,P002,2025-02-07 20:02:58 UTC,1,69.79,delivered,capacity_exceeded,2025-02-07 20:04:54 UTC,capacity
RA6B49A3551263,L9C4EDA61CF25,P003,2025-02-07 20:02:53 UTC,2,78.06,delivered,rejected,2025-02-07 20:06:47 UTC,state_not_covered
RA29DAFA1A1A40,L70DF6521003E,P008,2025-05-07 12:06:20 UTC,1,73.52,delivered,accepted,2025-05-07 12:10:00 UTC,
RAE73A169E22BE,L491DFF0D6919,P002,2025-06-01 11:59:03 UTC,1,68.79,delivered,accepted,2025-06-01 12:02:18 UTC,
RAF9ED52101061,LF768028E8E3C,P002,2025-01-23 17:58:17 UTC,1,83.95,delivered,accepted,2025-01-23 17:58:52 UTC,
RA492860394E3A,L2AE904586D46,P009,2025-01-23 13:30:34 UTC,1,64.5,delivered,capacity_exceeded,2025-01-23 13:31:28 UTC,quality
RA6A27E14EEF75,LAF3D06D693B9,P001,2025-01-01 09:08:42 UTC,1,69.86,delivered,accepted,2025-01-01 09:09:03 UTC,
RA5A1020DC82FE,L78CDFEFB118A,P005,2025-05-01 08:00:59 UTC,1,107.38,delivered,accepted,2025-05-01 08:04:15 UTC,
RA4A48964CE408,L8054773D266A,P001,2025-02-20 20:27:21 UTC,1,59.25,delivered,accepted,2025-02-20 20:30:44 UTC,
RABB55A72DA7D5,L3C041FFC7FA5,P007,2025-04-28 09:26:26 UTC,1,124.31,delivered,accepted,2025-04-28 09:28:07 UTC,
RAE948583395D5,L73B2AE91EB01,P008,2025-04-12 20:50:51 UTC,1,80.67,delivered,accepted,2025-04-12 20:53:59 UTC,
RA4DAAC0925D9B,LA738B4147E70,P009,2025-06-05 13:28:07 UTC,1,50.09,delivered,accepted,2025-06-05 13:30:43 UTC,
RA1514790CE071,L7FE437CBA77C,P008,2025-01-19 22:27:39 UTC,1,66.57,delivered,accepted,2025-01-19 22:29:02 UTC,
RA258D19FA61EA,LE155E9969DE9,P003,2025-01-22 20:13:27 UTC,1,70.65,delivered,accepted,2025-01-22 20:16:57 UTC,
RA4E6F257978CD,LBB1F45E70EBB,P006,2025-02-11 15:10:21 UTC,1,101.23,delivered,accepted,2025-02-11 15:12:41 UTC,
RA90A048BDB8C8,LCE91CFEAE7F2,P003,2025-06-02 12:00:27 UTC,1,77.97,delivered,accepted,2025-06-02 12:02:40 UTC,
RA194ED3ADAF73,L80041A697AC7,P003,2025-05-07 14:25:08 UTC,1,68.45,delivered,accepted,2025-05-07 14:27:03 UTC,
RAF9E75C0F6375,L374381784EDB,P010,2025-06-03 12:30:13 UTC,1,64.32,delivered,accepted,2025-06-03 12:34:30 UTC,
RA1ED04548212B,LE19912D4F8E8,P002,2025-02-25 09:06:25 UTC,1,78.55,delivered,accepted,2025-02-25 09:11:14 UTC,
RAB1726EAF7181,LCFC572D8D6E8,P010,2025-03-06 08:41:00 UTC,1,70.05,delivered,no_response,2025-03-06 08:43:53 UTC,state_not_covered
RAB25B0D648967,LCFC572D8D6E8,P003,2025-03-06 08:40:58 UTC,2,66.28,delivered,accepted,2025-03-06 08:43:45 UTC,
RA16CC7E051276,L32A9DAC62BA4,P010,2025-06-11 08:51:39 UTC,1,73.77,delivered,accepted,2025-06-11 08:55:36 UTC,
RAB1121D4199E6,L964F8F879EB7,P003,2025-02-16 12:11:17 UTC,1,71.81,delivered,rejected,2025-02-16 12:14:41 UTC,capacity
RA77BD87FDBA21,L964F8F879EB7,P008,2025-02-16 12:12:09 UTC,2,89.51,delivered,accepted,2025-02-16 12:12:58 UTC,
RA6F2252BC39DF,L0ED8BD57FC71,P009,2025-02-16 13:28:58 UTC,1,52.96,delivered,capacity_exceeded,2025-02-16 13:33:39 UTC,capacity
RA6FB5D037DDAC,LF9050C727085,P003,2025-01-24 14:43:57 UTC,1,71.89,delivered,accepted,2025-01-24 14:45:00 UTC,
RAE2F9C338CE10,L5C29B9880746,P010,2025-03-06 12:12:36 UTC,1,76.61,delivered,accepted,2025-03-06 12:14:52 UTC,
RA5C778B80029F,L4E9F911A100B,P010,2025-01-21 16:27:38 UTC,1,62.67,delivered,accepted,2025-01-21 16:31:43 UTC,
RAA1A68734D027,LED73159FCCE0,P010,2025-04-22 20:44:01 UTC,1,68.71,delivered,accepted,2025-04-22 20:48:28 UTC,
RA34086055C37D,L0BC391DE9379,P009,2025-06-16 14:25:39 UTC,1,61.63,delivered,accepted,2025-06-16 14:27:58 UTC,
RAC2E97B791ED0,L6D3B445A2AE9,P003,2025-04-20 19:35:45 UTC,1,76.65,delivered,accepted,2025-04-20 19:37:18 UTC,
RAA5E291D15CB8,L964641FA3C65,P010,2025-05-29 13:22:19 UTC,1,70.12,delivered,accepted,2025-05-29 13:24:42 UTC,
RADEA0E7FE3279,LBD092DAD16E1,P003,2025-01-24 16:27:13 UTC,1,64.2,delivered,no_response,2025-01-24 16:28:44 UTC,price_too_low
RAF1C295842B18,L4A6A206050F3,P001,2025-06-13 17:54:27 UTC,1,58.32,delivered,accepted,2025-06-13 17:56:01 UTC,
RA86B5CC6981CE,LE9FC7267D815,P010,2025-04-23 07:59:20 UTC,1,65.83,delivered,capacity_exceeded,2025-04-23 08:00:31 UTC,price_too_low
RABDB9699965A4,L148CA12F7DEF,P003,2025-03-10 16:44:55 UTC,1,60.38,delivered,accepted,2025-03-10 16:48:19 UTC,
RA90A8E50BA530,LC206EDEF000C,P010,2025-06-21 09:54:17 UTC,1,82.54,delivered,rejected,2025-06-21 09:56:01 UTC,capacity
RA9F735AE2BEEF,LC206EDEF000C,P002,2025-06-21 09:54:23 UTC,2,81.43,delivered,accepted,2025-06-21 09:59:02 UTC,
RAFBC50C3D3D36,LE3286E2FE757,P009,2025-04-28 07:49:36 UTC,1,59.43,delivered,accepted,2025-04-28 07:52:43 UTC,
RAB0DE2638146C,L35DAC7BAB853,P003,2025-04-09 19:53:57 UTC,1,61.91,delivered,accepted,2025-04-09 19:58:21 UTC,
RA2F17B4E1B534,L91F526FA1DDE,P006,2025-01-08 08:51:00 UTC,1,131.07,delivered,capacity_exceeded,2025-01-08 08:52:52 UTC,price_too_low
RA4B30FEAE6661,L3EF6ADD869E7,P010,2025-04-02 14:20:40 UTC,1,74.76,delivered,no_response,2025-04-02 14:24:32 UTC,capacity
RAD04FEF56C960,L80C8DB1B83CF,P010,2025-05-18 20:12:58 UTC,1,73.91,delivered,no_response,2025-05-18 20:17:13 UTC,price_too_low
RAC4F8F01EDF84,L80C8DB1B83CF,P001,2025-05-18 20:13:17 UTC,2,68.33,delivered,accepted,2025-05-18 20:16:05 UTC,
RAE1EFD00E7149,L0D8CAC48EF93,P010,2025-04-11 20:58:05 UTC,1,62.71,delivered,no_response,2025-04-11 21:01:20 UTC,capacity
RA200011223076,L0D8CAC48EF93,P002,2025-04-11 20:58:07 UTC,2,81.42,delivered,accepted,2025-04-11 20:59:23 UTC,
RAE2DED68F1E5B,L73AB894A1E9F,P009,2025-06-21 11:10:42 UTC,1,52.43,delivered,rejected,2025-06-21 11:11:17 UTC,price_too_low
RAFBAB25363262,L98C29BA9EA9D,P001,2025-04-08 19:28:06 UTC,1,72.64,delivered,accepted,2025-04-08 19:28:43 UTC,
RAC3EFB70FD624,L4C0CAFFF8712,P001,2025-05-23 11:54:46 UTC,1,66.4,delivered,accepted,2025-05-23 11:56:36 UTC,
RA61E48B4FAB17,LE96A96F8DE22,P010,2025-03-14 09:30:04 UTC,1,70.03,delivered,accepted,2025-03-14 09:33:31 UTC,
RA9113BD1D7AC2,L17BFD609D59A,P010,2025-02-07 14:26:35 UTC,1,70.4,delivered,accepted,2025-02-07 14:30:10 UTC,
RACAE681401C78,LA206908979E5,P009,2025-05-25 22:10:07 UTC,1,49.89,delivered,accepted,2025-05-25 22:11:31 UTC,
RAF5984E1572D4,LE2700E8216D0,P001,2025-03-27 07:17:31 UTC,1,72.21,delivered,rejected,2025-03-27 07:18:30 UTC,capacity
RAEF2DAFC6F94E,LE2700E8216D0,P010,2025-03-27 07:17:24 UTC,2,66.78,delivered,accepted,2025-03-27 07:18:20 UTC,
RA6635E9BD18D3,LF4C135C1907E,P006,2025-04-19 11:10:26 UTC,1,120.53,delivered,accepted,2025-04-19 11:14:47 UTC,
RA855CE8A9EA38,L29B61B6D1DAE,P010,2025-02-03 22:59:56 UTC,1,67.1,delivered,capacity_exceeded,2025-02-03 23:02:57 UTC,quality
RADAADC1F1C89B,L30772340AA30,P001,2025-03-29 14:53:34 UTC,1,61.13,delivered,accepted,2025-03-29 14:58:03 UTC,
RAD1A42A319EBF,L532B5393F0E9,P002,2025-03-26 07:24:15 UTC,1,77.07,delivered,accepted,2025-03-26 07:28:48 UTC,
RAE73A8C217D74,L36C2BE4192AA,P002,2025-05-15 14:32:29 UTC,1,75.59,delivered,accepted,2025-05-15 14:34:39 UTC,
RAC63822113070,L17249F23F3DC,P002,2025-03-21 08:24:05 UTC,1,66.3,delivered,accepted,2025-03-21 08:26:06 UTC,
RA48733E615C89,L78915B77E7A2,P002,2025-06-06 10:12:29 UTC,1,68.03,delivered,accepted,2025-06-06 10:15:16 UTC,
RAA70A66DDEA8F,L570FEEA56760,P009,2025-04-12 14:03:11 UTC,1,58.45,delivered,accepted,2025-04-12 14:07:16 UTC,
RAE63C5B64E8B0,LC5E12D25F06A,P010,2025-05-10 18:30:53 UTC,1,79.81,delivered,rejected,2025-05-10 18:32:19 UTC,capacity
RA378FA8585C3E,LAA092916E62E,P010,2025-05-16 09:39:35 UTC,1,68.59,delivered,no_response,2025-05-16 09:43:30 UTC,capacity
RAC353BC930074,L2AC5814771D6,P002,2025-01-29 10:35:42 UTC,1,63.77,delivered,accepted,2025-01-29 10:36:47 UTC,
RA7910C0FC36D2,L03D14D590974,P003,2025-01-29 08:00:46 UTC,1,68.75,delivered,no_response,2025-01-29 08:01:07 UTC,price_too_low
RAA21E0220EDB4,L3A9BB4BEAB17,P003,2025-04-07 14:26:40 UTC,1,75.83,delivered,accepted,2025-04-07 14:30:40 UTC,
RA093E03A7D7E9,L1C5EFD392E7A,P003,2025-02-23 12:30:29 UTC,1,60.96,delivered,accepted,2025-02-23 12:34:37 UTC,
RA75667D17968A,L544783A734A1,P003,2025-04-23 10:46:18 UTC,1,74.89,delivered,accepted,2025-04-23 10:47:42 UTC,
RA9749A80DDDDE,LF0E429429BDB,P010,2025-04-27 10:13:56 UTC,1,66.63,delivered,accepted,2025-04-27 10:18:23 UTC,
RA0B69A30FD4AB,L3F479EDBF7E7,P006,2025-03-03 14:04:01 UTC,1,128.55,delivered,accepted,2025-03-03 14:08:39 UTC,
RACA696F8A706E,L0F229EF9D2E9,P003,2025-03-18 21:34:53 UTC,1,77.42,delivered,no_response,2025-03-18 21:37:02 UTC,state_not_covered
RAFE3149E990AF,L0F229EF9D2E9,P010,2025-03-18 21:35:35 UTC,2,70.75,delivered,no_response,2025-03-18 21:37:18 UTC,capacity
RACAFD65855FEA,L0F229EF9D2E9,P002,2025-03-18 21:35:02 UTC,3,74.74,delivered,accepted,2025-03-18 21:38:27 UTC,
RA96BAF0D26B5E,L8A82DEDAB70C,P010,2025-04-22 14:40:50 UTC,1,74.3,delivered,capacity_exceeded,2025-04-22 14:45:46 UTC,price_too_low
RAE3BD20C64353,L05DCACDAA454,P005,2025-05-19 23:06:24 UTC,1,118.85,delivered,accepted,2025-05-19 23:08:17 UTC,
RA230985175320,LEB753EFBF517,P005,2025-03-14 14:11:51 UTC,1,118.31,delivered,accepted,2025-03-14 14:12:48 UTC,
RA6A17097628E8,L99A568AA9FAC,P010,2025-05-27 16:30:01 UTC,1,67.14,delivered,rejected,2025-05-27 16:32:38 UTC,capacity
RAA3FDE3227DC0,L99A568AA9FAC,P001,2025-05-27 16:30:05 UTC,2,60.66,delivered,accepted,2025-05-27 16:33:19 UTC,
RA6B30CB5709CF,L743D71DE6741,P002,2025-01-19 10:33:17 UTC,1,69.65,delivered,accepted,2025-01-19 10:37:58 UTC,
RAD1BCC4D6DDDA,L068EF955C159,P010,2025-02-02 17:29:41 UTC,1,65.07,delivered,accepted,2025-02-02 17:31:47 UTC,
RA4701ED878A7A,L7532562CEA4F,P001,2025-05-16 12:59:48 UTC,1,55.45,delivered,capacity_exceeded,2025-05-16 13:02:02 UTC,state_not_covered
RA205498310FA0,L1408505994BD,P005,2025-06-26 09:09:10 UTC,1,93.79,delivered,no_response,2025-06-26 09:12:46 UTC,state_not_covered
RAE5CD6E115ED0,L2ACDA8CB5DD6,P009,2025-01-23 12:23:37 UTC,1,57.7,delivered,accepted,2025-01-23 12:27:29 UTC,
RA9095A953B6AD,L3A550DD2D8B5,P004,2025-06-05 20:14:47 UTC,1,91.94,delivered,accepted,2025-06-05 20:18:03 UTC,
RACEF80F290783,L85D455575520,P008,2025-02-09 22:03:18 UTC,1,76.87,delivered,accepted,2025-02-09 22:05:17 UTC,
RAE51272DC4748,LC99284D366A8,P001,2025-02-14 15:37:40 UTC,1,57.14,delivered,rejected,2025-02-14 15:39:18 UTC,quality
RAFBA6F0472BC0,LCB4421144F3A,P010,2025-05-30 10:09:21 UTC,1,62.55,delivered,accepted,2025-05-30 10:09:38 UTC,
RAFE9150658E83,LCEAFD953E195,P003,2025-03-05 13:36:31 UTC,1,58.02,delivered,accepted,2025-03-05 13:36:57 UTC,
RAF46C7CAD031E,LA55323ED8AC9,P009,2025-03-26 15:04:26 UTC,1,59.34,delivered,accepted,2025-03-26 15:04:58 UTC,
RA97FF85C8A3BC,L857A3D91B6A7,P009,2025-05-18 08:52:53 UTC,1,65.52,delivered,accepted,2025-05-18 08:55:10 UTC,
RAA0D76559A5DD,L87A7D96CF9CB,P003,2025-05-29 15:46:28 UTC,1,72.48,delivered,rejected,2025-05-29 15:47:48 UTC,capacity
RA94C70D394083,LC40733F20720,P010,2025-03-25 07:36:38 UTC,1,70.08,delivered,rejected,2025-03-25 07:38:05 UTC,price_too_low
RA6BA8064713E3,LC19CACE830FD,P010,2025-06-27 19:47:30 UTC,1,61.64,delivered,accepted,2025-06-27 19:49:20 UTC,
RA4808B2D71E00,LCB800C2FE616,P005,2025-03-21 07:46:06 UTC,1,98.97,delivered,accepted,2025-03-21 07:47:52 UTC,
RAD3351C8514A7,L8243ADC70DAB,P010,2025-02-11 19:35:26 UTC,1,69.67,delivered,capacity_exceeded,2025-02-11 19:37:48 UTC,state_not_covered
RA9C31370FFEC7,L8243ADC70DAB,P002,2025-02-11 19:35:50 UTC,2,68.23,delivered,rejected,2025-02-11 19:38:10 UTC,price_too_low
RA9192D68EE76F,L3F53399C0EAE,P005,2025-04-10 09:48:10 UTC,1,99.66,delivered,accepted,2025-04-10 09:50:48 UTC,
RA98C725FBFCD7,L8BE38A33661E,P010,2025-06-06 10:17:53 UTC,1,81.93,delivered,accepted,2025-06-06 10:22:35 UTC,
RAA3149749C81B,L506B70E3BD6D,P010,2025-03-04 15:36:59 UTC,1,78.31,delivered,no_response,2025-03-04 15:40:34 UTC,capacity
RA61A6B68467A8,LFA2C6102FB52,P007,2025-01-27 21:20:01 UTC,1,119.25,delivered,no_response,2025-01-27 21:24:26 UTC,price_too_low
RAB6145D73E52C,LFA2C6102FB52,P010,2025-01-27 21:20:00 UTC,2,79.92,delivered,accepted,2025-01-27 21:24:55 UTC,
RAC15CB0CE9D42,LE5D24EBA71C5,P005,2025-03-27 18:36:58 UTC,1,95.8,delivered,accepted,2025-03-27 18:39:38 UTC,
RA32503843A786,LE98146247BF4,P010,2025-06-20 16:01:56 UTC,1,81.08,delivered,accepted,2025-06-20 16:03:18 UTC,
RA616067EE5C10,LDF12602A66D3,P010,2025-05-25 08:02:06 UTC,1,63.83,delivered,accepted,2025-05-25 08:02:45 UTC,
RAF41CCEB94082,L0A28D82692B1,P004,2025-05-06 21:52:06 UTC,1,99.37,delivered,no_response,2025-05-06 21:53:57 UTC,capacity
RAECE313BFBD57,L9DA8CF5CBD2D,P002,2025-05-15 14:13:45 UTC,1,85.68,delivered,accepted,2025-05-15 14:14:23 UTC,
RA0C874246C472,L916DFEF8BF37,P001,2025-04-20 08:14:20 UTC,1,69.54,delivered,no_response,2025-04-20 08:14:57 UTC,price_too_low
RA8BC123741CEA,L55D35EB0E3D6,P008,2025-06-01 19:51:03 UTC,1,74.36,delivered,no_response,2025-06-01 19:54:24 UTC,quality
RA8538B54781BA,LC18340CFB596,P003,2025-04-22 19:20:57 UTC,1,60.07,delivered,capacity_exceeded,2025-04-22 19:22:21 UTC,capacity
RAF8CD91D4D177,L0C57B808B394,P005,2025-04-09 15:36:53 UTC,1,97.75,delivered,accepted,2025-04-09 15:38:14 UTC,
RA6ED9B4DE0A3E,L15DA62921262,P001,2025-03-04 22:25:23 UTC,1,73.27,delivered,accepted,2025-03-04 22:29:54 UTC,
RA575D31C63FEE,L56AB03D0B880,P001,2025-05-30 18:19:58 UTC,1,71.31,delivered,capacity_exceeded,2025-05-30 18:21:39 UTC,state_not_covered
RA2A36B35FBCCA,L1B4D7A1205B3,P006,2025-01-07 17:25:46 UTC,1,119.03,delivered,accepted,2025-01-07 17:26:36 UTC,
RA54E9D70863CA,L936B00A7A486,P007,2025-02-16 12:33:25 UTC,1,137.64,delivered,accepted,2025-02-16 12:35:52 UTC,
RA55999632AE4B,LE45331CC1ADF,P006,2025-01-28 20:10:24 UTC,1,135.32,delivered,accepted,2025-01-28 20:12:17 UTC,
RA871AABB8CD36,L015B5D0B00EE,P010,2025-03-06 09:35:28 UTC,1,72.41,delivered,accepted,2025-03-06 09:37:56 UTC,
RA2F71F0E03480,L236AF695C099,P003,2025-03-11 22:05:11 UTC,1,77.48,delivered,accepted,2025-03-11 22:06:59 UTC,
RA98A0428EDF2C,LC1519F656522,P002,2025-05-25 07:31:58 UTC,1,65.24,delivered,accepted,2025-05-25 07:32:34 UTC,
RA8CE7FB2D5FFF,LD1D48C1C5B90,P010,2025-02-15 14:36:01 UTC,1,64.63,delivered,accepted,2025-02-15 14:36:43 UTC,
RAE876F8ECCB20,L6B1D95D99E9C,P010,2025-06-09 16:46:05 UTC,1,69.87,delivered,accepted,2025-06-09 16:46:17 UTC,
RA6EDCEEAA31E7,L6C2AEEE0AF34,P010,2025-06-27 16:05:03 UTC,1,74.15,delivered,accepted,2025-06-27 16:07:36 UTC,
RAA40FCC6A8AA2,L1FB9477C8158,P005,2025-03-25 18:10:29 UTC,1,112.08,delivered,capacity_exceeded,2025-03-25 18:13:35 UTC,capacity
RAAB8F819E7F3E,LFD40A0ACDB9A,P002,2025-04-05 11:15:32 UTC,1,78.89,delivered,accepted,2025-04-05 11:15:56 UTC,
RA4859FC39439D,LF7CC7DD88A50,P003,2025-05-30 20:40:49 UTC,1,76.92,delivered,no_response,2025-05-30 20:43:19 UTC,price_too_low
RA42C22BBA8974,LD5D07F0FE53B,P003,2025-06-03 19:29:24 UTC,1,65.27,delivered,accepted,2025-06-03 19:31:51 UTC,
RAF3907C703457,LD862A4C11B8B,P010,2025-04-11 15:33:25 UTC,1,68.77,delivered,accepted,2025-04-11 15:37:41 UTC,
RA6866717571CF,L7841AAAE229C,P003,2025-02-28 09:10:53 UTC,1,75.94,delivered,accepted,2025-02-28 09:12:07 UTC,
RAF9B437D5BE09,L92900A36D4A9,P010,2025-01-23 20:13:15 UTC,1,80.08,delivered,rejected,2025-01-23 20:16:39 UTC,capacity
RA10BCA195EEC7,L92900A36D4A9,P006,2025-01-23 20:12:36 UTC,2,109.52,delivered,accepted,2025-01-23 20:16:29 UTC,
RAAEFBFCE66B45,L2D6081A62647,P009,2025-05-07 10:38:48 UTC,1,65.06,delivered,accepted,2025-05-07 10:41:41 UTC,
RA0450C3559413,L264FA63ED556,P010,2025-01-12 22:34:38 UTC,1,80.95,delivered,accepted,2025-01-12 22:35:06 UTC,
RAAE11F604A6DE,L4C6891CF06F8,P002,2025-03-19 14:14:57 UTC,1,75.0,delivered,no_response,2025-03-19 14:18:53 UTC,capacity
RA1915CAAA8E81,LD0DEF83162A9,P003,2025-01-28 10:11:58 UTC,1,77.27,delivered,capacity_exceeded,2025-01-28 10:15:09 UTC,capacity
RA75194E9B0465,LC7281B56890B,P005,2025-01-30 15:24:22 UTC,1,116.42,delivered,rejected,2025-01-30 15:27:10 UTC,state_not_covered
RAA3B110966F47,LD8F20C9148C4,P005,2025-05-15 19:20:42 UTC,1,111.36,delivered,accepted,2025-05-15 19:23:32 UTC,
RA9CE843967814,L4AD68E7735AA,P002,2025-03-13 18:11:05 UTC,1,69.32,delivered,accepted,2025-03-13 18:12:42 UTC,
RA5BB425E2C151,LCA820DD6A08C,P001,2025-02-06 16:55:05 UTC,1,58.51,delivered,accepted,2025-02-06 16:58:11 UTC,
RA00FC96E66FF8,L825E50EC42C2,P002,2025-03-16 08:07:34 UTC,1,73.02,delivered,accepted,2025-03-16 08:09:11 UTC,
RA0851064FF353,LB601BD00F717,P002,2025-03-08 16:33:17 UTC,1,81.2,delivered,accepted,2025-03-08 16:35:18 UTC,
RACDBEF465A8C5,L60CF22AD7121,P001,2025-02-26 16:29:20 UTC,1,70.02,delivered,accepted,2025-02-26 16:31:47 UTC,
RAFE55B6634287,L30946E4549FF,P003,2025-02-05 18:36:21 UTC,1,74.89,delivered,accepted,2025-02-05 18:36:31 UTC,
RA6ABE2277A0CA,L612C26FFCB80,P007,2025-02-15 17:52:48 UTC,1,125.98,delivered,rejected,2025-02-15 17:57:11 UTC,price_too_low
RADC2741D1B7CC,L98ECFCA5C6C5,P005,2025-02-01 18:53:38 UTC,1,93.64,delivered,accepted,2025-02-01 18:56:04 UTC,
RA772754D8EECB,L9A33B670ED12,P010,2025-03-13 18:42:07 UTC,1,79.56,delivered,accepted,2025-03-13 18:46:32 UTC,
RA5AC85F0AAF74,L49A14BFB8107,P003,2025-06-24 18:32:11 UTC,1,69.86,delivered,no_response,2025-06-24 18:35:29 UTC,capacity
RA79ED211A2BD2,LC078221FC725,P001,2025-05-09 19:07:51 UTC,1,58.7,delivered,accepted,2025-05-09 19:10:26 UTC,
RA84249F139539,L8FF43C869771,P007,2025-06-11 07:15:46 UTC,1,112.21,delivered,rejected,2025-06-11 07:17:43 UTC,quality
RA780E8D7BA247,L363C25333FBB,P010,2025-06-05 19:32:39 UTC,1,75.15,delivered,accepted,2025-06-05 19:35:10 UTC,
RA9893C37406F3,LC23B0FB40BCF,P010,2025-04-10 18:03:42 UTC,1,71.09,delivered,accepted,2025-04-10 18:07:34 UTC,
RAC14CF5E77E04,L052CFDFD4418,P010,2025-03-17 15:03:26 UTC,1,62.12,delivered,accepted,2025-03-17 15:08:19 UTC,
RAA09AF98BDCAF,L5104586D0361,P003,2025-02-13 15:16:24 UTC,1,66.51,delivered,accepted,2025-02-13 15:20:07 UTC,
RABE5E37BDFBF7,L54BDE59C6933,P010,2025-05-07 21:01:21 UTC,1,81.51,delivered,rejected,2025-05-07 21:02:45 UTC,state_not_covered
RAD562A0496A7F,LC38A0664E831,P006,2025-06-09 10:36:17 UTC,1,106.36,delivered,accepted,2025-06-09 10:37:43 UTC,
RA09CC4FC41538,L623473517B3E,P010,2025-06-18 21:57:49 UTC,1,70.28,delivered,accepted,2025-06-18 22:02:13 UTC,
RAC0368E0F42FF,LC0A84464A1AA,P002,2025-01-16 21:14:36 UTC,1,69.87,delivered,accepted,2025-01-16 21:15:12 UTC,
RA77212261327F,L9C2974FFD4C3,P007,2025-05-11 15:19:44 UTC,1,120.63,delivered,accepted,2025-05-11 15:22:18 UTC,
RA40EAB9E17050,L2C224B196A33,P001,2025-04-06 14:39:54 UTC,1,59.29,delivered,capacity_exceeded,2025-04-06 14:43:33 UTC,quality
RAB727F06B26CA,L2920CBF29208,P010,2025-02-12 09:53:19 UTC,1,72.85,delivered,capacity_exceeded,2025-02-12 09:55:25 UTC,state_not_covered
RA8ADC82B15F31,LDC04D3D8ED92,P003,2025-01-21 17:20:07 UTC,1,69.61,delivered,no_response,2025-01-21 17:21:13 UTC,capacity
RAF0788E418E43,L14FEA7C50B5E,P002,2025-04-18 11:11:07 UTC,1,71.41,delivered,accepted,2025-04-18 11:15:12 UTC,
RAF17AB18D7C7F,LEB6DFA2F1145,P009,2025-05-08 09:10:23 UTC,1,52.8,delivered,accepted,2025-05-08 09:10:41 UTC,
RACF53BBC0195A,L49C7F722B4D7,P003,2025-05-06 10:10:07 UTC,1,77.53,delivered,capacity_exceeded,2025-05-06 10:12:57 UTC,quality
RA397BD0046D55,LA85BC761D735,P010,2025-02-14 22:07:17 UTC,1,68.6,delivered,capacity_exceeded,2025-02-14 22:09:12 UTC,state_not_covered
RAB3565762D450,LF76A46F4DBD7,P003,2025-01-20 14:07:45 UTC,1,67.39,delivered,rejected,2025-01-20 14:10:27 UTC,state_not_covered
RAA4BA523E7B0A,LCCF2BEE5CFEA,P010,2025-06-15 15:08:09 UTC,1,72.75,delivered,accepted,2025-06-15 15:08:32 UTC,
RA77477FC2B97D,LA5298E9C376E,P007,2025-03-18 15:59:32 UTC,1,129.47,delivered,accepted,2025-03-18 16:03:36 UTC,
RADD45A902F4F8,L329241F85E0A,P010,2025-03-16 18:04:24 UTC,1,68.92,delivered,accepted,2025-03-16 18:08:03 UTC,
RA4A076F5F9964,LCD9B6BA4A38B,P002,2025-06-09 07:24:43 UTC,1,65.71,delivered,accepted,2025-06-09 07:28:46 UTC,
RAB7B39CFB6296,LF0C69F555C9E,P003,2025-06-26 20:20:30 UTC,1,73.47,delivered,accepted,2025-06-26 20:25:29 UTC,
RA76AA5E88B9CE,LDD45C9255AAE,P003,2025-05-16 15:05:51 UTC,1,76.53,delivered,rejected,2025-05-16 15:10:02 UTC,state_not_covered
RAC8EEF08EDC81,LDD45C9255AAE,P010,2025-05-16 15:06:20 UTC,2,71.76,delivered,capacity_exceeded,2025-05-16 15:09:48 UTC,price_too_low
RA2C91F0C467B1,LDD45C9255AAE,P002,2025-05-16 15:05:51 UTC,3,65.65,delivered,accepted,2025-05-16 15:06:11 UTC,
RAFF89FA183539,L2725B460D380,P010,2025-01-16 13:16:02 UTC,1,68.25,delivered,no_response,2025-01-16 13:19:10 UTC,price_too_low
RA18F76B8FF51C,L2725B460D380,P007,2025-01-16 13:15:34 UTC,2,129.26,delivered,accepted,2025-01-16 13:20:26 UTC,
RAD48A34C76212,LBE5702FB07CF,P009,2025-05-17 23:20:31 UTC,1,49.38,delivered,accepted,2025-05-17 23:22:31 UTC,
RA4DEC401048E8,LA030FA703B62,P003,2025-02-21 15:55:12 UTC,1,66.88,delivered,accepted,2025-02-21 15:58:02 UTC,
RA814D6E4F7A84,L9F531307C305,P010,2025-04-01 19:18:27 UTC,1,64.66,delivered,no_response,2025-04-01 19:21:18 UTC,quality
RADDE35EED79D1,L9F531307C305,P009,2025-04-01 19:18:00 UTC,2,50.22,delivered,accepted,2025-04-01 19:22:49 UTC,
RA181AC1610D24,L8F11F2A67094,P009,2025-05-30 11:22:11 UTC,1,56.73,delivered,accepted,2025-05-30 11:25:55 UTC,
RA8F6FE6CF57CB,LE51003FD6A5A,P003,2025-02-08 12:58:58 UTC,1,69.4,delivered,capacity_exceeded,2025-02-08 13:01:21 UTC,quality
RA9C50351AA24B,L737DF661E6C6,P002,2025-03-30 22:08:16 UTC,1,84.08,delivered,accepted,2025-03-30 22:13:06 UTC,
RAC1B4E16AFA5C,LF3C2A07019A7,P006,2025-05-05 10:23:16 UTC,1,108.02,delivered,capacity_exceeded,2025-05-05 10:27:33 UTC,state_not_covered
RA6435F0E5BF79,L47BE25118164,P001,2025-01-14 23:05:06 UTC,1,59.36,delivered,capacity_exceeded,2025-01-14 23:08:55 UTC,quality
RA480C241851A7,L47BE25118164,P010,2025-01-14 23:04:55 UTC,2,68.28,delivered,rejected,2025-01-14 23:08:01 UTC,quality
RA41A17142ECAF,L8B90A78EE4F3,P005,2025-04-01 10:08:58 UTC,1,107.62,delivered,no_response,2025-04-01 10:09:16 UTC,state_not_covered
RA85A4D25F324B,L740D56549AC1,P001,2025-04-03 21:06:27 UTC,1,67.62,delivered,accepted,2025-04-03 21:10:07 UTC,
RA66D89FE3D156,LF403FCCABCC6,P002,2025-01-31 08:09:19 UTC,1,64.72,delivered,rejected,2025-01-31 08:12:34 UTC,state_not_covered
RA6E4C7EDAC29E,L81D438A3B0B0,P003,2025-06-13 21:30:06 UTC,1,71.76,delivered,accepted,2025-06-13 21:32:27 UTC,
RA17C81FDBAEA5,LF8129D869562,P002,2025-06-20 09:31:19 UTC,1,72.74,delivered,accepted,2025-06-20 09:34:38 UTC,
RA90A6D995902E,L14A2CB515C82,P008,2025-02-20 08:27:18 UTC,1,84.72,delivered,accepted,2025-02-20 08:28:24 UTC,
RA4B245B5C8CD3,L76DB0461AEE8,P007,2025-04-26 20:22:43 UTC,1,143.27,delivered,no_response,2025-04-26 20:27:39 UTC,quality
RAA9541710DB42,L76DB0461AEE8,P010,2025-04-26 20:23:04 UTC,2,61.65,delivered,no_response,2025-04-26 20:26:49 UTC,price_too_low
RA30F2C77FDDFB,L76DB0461AEE8,P006,2025-04-26 20:23:08 UTC,3,116.61,delivered,capacity_exceeded,2025-04-26 20:24:28 UTC,state_not_covered
RA149895D5CAC9,L62262A807D95,P002,2025-06-25 21:29:28 UTC,1,82.61,delivered,no_response,2025-06-25 21:30:12 UTC,capacity
RA56A507E80317,L8F7E9B39CE50,P003,2025-06-29 16:04:52 UTC,1,75.36,delivered,accepted,2025-06-29 16:09:37 UTC,
RAEF9927F0A223,L0AEBDFB6821D,P007,2025-05-19 11:22:25 UTC,1,131.1,delivered,accepted,2025-05-19 11:25:32 UTC,
RA883BC64BE72D,LF2F8E32C7BD7,P002,2025-02-04 17:45:48 UTC,1,63.82,delivered,accepted,2025-02-04 17:48:58 UTC,
RAA2FCAAF52A38,LFA371FD40104,P010,2025-02-27 11:26:35 UTC,1,73.94,delivered,rejected,2025-02-27 11:30:21 UTC,capacity
RAC613889D2D34,LFA371FD40104,P003,2025-02-27 11:26:47 UTC,2,63.28,delivered,accepted,2025-02-27 11:30:33 UTC,
RA69E98928625C,L1504C815B6D9,P002,2025-01-02 20:13:13 UTC,1,79.18,delivered,accepted,2025-01-02 20:14:02 UTC,
RA7D3A26793A0A,L000608655E26,P010,2025-05-20 18:24:37 UTC,1,66.32,delivered,accepted,2025-05-20 18:29:36 UTC,
RAFE712B5CC601,LAB803514E15F,P004,2025-01-10 20:17:23 UTC,1,105.57,delivered,accepted,2025-01-10 20:17:33 UTC,
RA6291A0BFA09C,LBC69BDC4B259,P005,2025-03-09 19:34:05 UTC,1,105.1,delivered,accepted,2025-03-09 19:34:50 UTC,
RAE1B74EADC353,LAB3B4A416F8B,P009,2025-02-15 09:32:06 UTC,1,51.78,delivered,accepted,2025-02-15 09:32:23 UTC,
RACFDD38464EEF,L50FC69D92353,P003,2025-03-29 07:23:11 UTC,1,76.64,delivered,accepted,2025-03-29 07:27:23 UTC,
RA9458C5DADCD1,LCBC041134681,P002,2025-04-13 07:17:44 UTC,1,75.95,delivered,accepted,2025-04-13 07:22:41 UTC,
RA8C571D0E415A,LF51A8B920259,P003,2025-02-26 19:14:42 UTC,1,62.19,delivered,accepted,2025-02-26 19:19:34 UTC,
RAA6B336E7C42C,L5C4FDD5EA0D4,P009,2025-03-30 13:58:31 UTC,1,64.01,delivered,accepted,2025-03-30 14:02:45 UTC,
RA1760550950FF,L2817B71BD293,P005,2025-03-13 14:46:32 UTC,1,118.96,delivered,rejected,2025-03-13 14:49:19 UTC,capacity
RA0CE4B7BC44D4,L0C2760F6533B,P002,2025-01-06 19:13:59 UTC,1,64.7,delivered,accepted,2025-01-06 19:17:23 UTC,
RA838944B6E8B0,LDF519081B443,P005,2025-01-05 12:39:00 UTC,1,91.35,delivered,accepted,2025-01-05 12:41:40 UTC,
RACBFBDC1AEF3C,L2123A95CE920,P002,2025-06-10 20:39:13 UTC,1,76.22,delivered,accepted,2025-06-10 20:39:34 UTC,
RACA9B3E953737,L57FADFFDC6A0,P010,2025-06-08 17:37:56 UTC,1,78.41,delivered,capacity_exceeded,2025-06-08 17:41:24 UTC,capacity
RA2C09E7239ABB,L42787406B816,P010,2025-02-24 18:57:00 UTC,1,73.2,delivered,accepted,2025-02-24 19:01:00 UTC,
RA05E48C2D65A7,L83787F64018C,P010,2025-06-24 16:49:24 UTC,1,67.95,delivered,accepted,2025-06-24 16:53:30 UTC,
RA90940543DE6F,L0899C31273E6,P010,2025-03-15 20:19:16 UTC,1,81.31,delivered,no_response,2025-03-15 20:19:44 UTC,quality
RA8BE85A2304FD,L83DBEC14DA58,P003,2025-01-23 18:04:09 UTC,1,61.7,delivered,no_response,2025-01-23 18:05:47 UTC,capacity
RA3D2A4EB58680,L0E36AED9351D,P010,2025-01-12 09:20:41 UTC,1,68.57,delivered,accepted,2025-01-12 09:23:41 UTC,
RA348C02382B91,LE2370BDBA2AE,P003,2025-01-25 23:02:20 UTC,1,62.68,delivered,no_response,2025-01-25 23:04:29 UTC,quality
RAA5961EFC5756,L8EBDB60B17DB,P010,2025-01-01 12:19:26 UTC,1,75.9,delivered,rejected,2025-01-01 12:20:38 UTC,capacity
RA67061869B85E,L8EBDB60B17DB,P009,2025-01-01 12:19:14 UTC,2,65.64,delivered,accepted,2025-01-01 12:24:12 UTC,
RA4FFC2129DFB1,L1A79473C9AB0,P007,2025-02-24 23:14:38 UTC,1,124.47,delivered,capacity_exceeded,2025-02-24 23:19:38 UTC,capacity
RAFD309C3ED15D,L1A79473C9AB0,P006,2025-02-24 23:14:33 UTC,2,110.54,delivered,accepted,2025-02-24 23:17:14 UTC,
RA8C5605D7E36F,LFE0C37FDE0CF,P002,2025-01-17 17:18:04 UTC,1,73.71,delivered,capacity_exceeded,2025-01-17 17:20:12 UTC,capacity
RA1C0707DD3A0D,LFE0C37FDE0CF,P010,2025-01-17 17:17:52 UTC,2,78.22,delivered,accepted,2025-01-17 17:19:14 UTC,
RA813AA4A388DA,L39E2CEDF6E7C,P003,2025-03-03 12:48:27 UTC,1,75.74,delivered,rejected,2025-03-03 12:53:19 UTC,capacity
RAE699981F98CD,L74FEE0713B55,P010,2025-04-22 10:22:48 UTC,1,69.48,delivered,capacity_exceeded,2025-04-22 10:26:46 UTC,price_too_low
RA73D4A9D894B2,L74FEE0713B55,P002,2025-04-22 10:22:23 UTC,2,82.84,delivered,accepted,2025-04-22 10:22:55 UTC,
RAF880A7823820,L31C62AC87BF9,P008,2025-06-23 11:15:28 UTC,1,89.16,delivered,accepted,2025-06-23 11:17:51 UTC,
RA9EEB7502C806,L481E8D42BB14,P005,2025-03-23 18:05:24 UTC,1,106.67,delivered,rejected,2025-03-23 18:10:11 UTC,capacity
RAAAE1241A435C,LAA2CE9CD1F2F,P003,2025-02-21 12:40:24 UTC,1,69.51,delivered,accepted,2025-02-21 12:45:22 UTC,
RA49D9579D8740,L802BA4EEEC14,P005,2025-02-09 11:34:40 UTC,1,107.29,delivered,accepted,2025-02-09 11:36:10 UTC,
RA7EACB9CF689F,L065C2E64AC53,P001,2025-06-16 19:27:13 UTC,1,56.95,delivered,capacity_exceeded,2025-06-16 19:30:23 UTC,price_too_low
RA4EEB4785E690,L065C2E64AC53,P009,2025-06-16 19:26:54 UTC,2,51.98,delivered,accepted,2025-06-16 19:31:23 UTC,
RABCD44A7428A0,LE07BC4E5B116,P009,2025-02-04 19:29:06 UTC,1,52.16,delivered,capacity_exceeded,2025-02-04 19:32:52 UTC,state_not_covered
RAB2EE8E81F8EE,L7C40ED1FA16D,P002,2025-03-30 16:15:43 UTC,1,83.1,delivered,capacity_exceeded,2025-03-30 16:17:17 UTC,capacity
RAE44D155ABDB3,L7C40ED1FA16D,P003,2025-03-30 16:15:41 UTC,2,66.39,delivered,accepted,2025-03-30 16:16:05 UTC,
RA833BCBB76D78,LE8946A45064F,P010,2025-03-10 11:06:28 UTC,1,65.6,delivered,accepted,2025-03-10 11:06:50 UTC,
RAB0555066BAA2,L4E1F2D42663D,P010,2025-01-16 19:57:10 UTC,1,80.37,delivered,capacity_exceeded,2025-01-16 19:58:57 UTC,capacity
RA2E95C68891AC,L150BC86D42B2,P010,2025-06-04 08:52:40 UTC,1,70.87,delivered,no_response,2025-06-04 08:53:23 UTC,state_not_covered
RAEDA9435B99F8,L7407B4D74F55,P010,2025-04-26 21:16:03 UTC,1,64.02,delivered,rejected,2025-04-26 21:19:06 UTC,capacity
RAC05E2F9994C1,L88DBA6B0EE30,P010,2025-05-10 10:33:06 UTC,1,82.62,delivered,accepted,2025-05-10 10:34:04 UTC,
RAE7EC4EF7642C,L5C8C7BC9BBFB,P002,2025-02-24 19:51:11 UTC,1,65.73,delivered,rejected,2025-02-24 19:52:05 UTC,price_too_low
RA40A548B0208A,L5C8C7BC9BBFB,P003,2025-02-24 19:50:40 UTC,2,61.24,delivered,accepted,2025-02-24 19:53:01 UTC,
RA1651377F79A6,L2CD4D2DB55B0,P003,2025-05-11 09:42:04 UTC,1,66.27,delivered,accepted,2025-05-11 09:42:49 UTC,
RA67AB2E6881CF,L030A3152D125,P008,2025-04-11 07:45:31 UTC,1,89.47,delivered,no_response,2025-04-11 07:47:38 UTC,capacity
RA1BFAEA69690D,L49DACC07C99C,P002,2025-01-02 12:32:14 UTC,1,66.33,delivered,accepted,2025-01-02 12:35:40 UTC,
RA2F457CD2EAA6,LC307F5F61FC5,P010,2025-06-16 22:34:40 UTC,1,70.29,delivered,accepted,2025-06-16 22:37:55 UTC,
RA9F9E27A65108,LB94609F203B7,P008,2025-01-09 21:50:29 UTC,1,88.92,delivered,accepted,2025-01-09 21:52:32 UTC,
RABBB8BEB5D7DA,LE47F17E54E06,P001,2025-06-24 09:48:34 UTC,1,74.22,delivered,accepted,2025-06-24 09:50:23 UTC,
RABF37F9948F6A,L385B9A601686,P010,2025-01-04 20:45:34 UTC,1,78.58,delivered,capacity_exceeded,2025-01-04 20:49:21 UTC,quality
RADFB96474DFDC,LABC7B7765296,P006,2025-01-04 14:32:33 UTC,1,125.73,delivered,accepted,2025-01-04 14:36:03 UTC,
RA07BBB988952C,L23F2ED8DD27E,P001,2025-01-11 21:33:11 UTC,1,71.15,delivered,capacity_exceeded,2025-01-11 21:38:04 UTC,state_not_covered
RAB69CC72C383C,LC2B792FF9823,P001,2025-04-19 10:17:44 UTC,1,71.55,delivered,rejected,2025-04-19 10:19:44 UTC,price_too_low
RA98121AEE7127,L35C7549C6F6F,P002,2025-01-21 10:41:59 UTC,1,64.62,delivered,accepted,2025-01-21 10:45:52 UTC,
RA697B67FDD470,L2BCEDBB32982,P009,2025-02-04 07:56:13 UTC,1,51.87,delivered,accepted,2025-02-04 07:56:42 UTC,
RAFCE7CBF51281,L4D8C52F6D64F,P010,2025-02-02 21:17:47 UTC,1,79.18,delivered,accepted,2025-02-02 21:20:03 UTC,
RA92CBD1B7849D,L20E5113EB9CF,P005,2025-04-19 09:41:13 UTC,1,108.27,delivered,accepted,2025-04-19 09:45:43 UTC,
RA3964092176ED,L512A135D9560,P002,2025-05-24 14:22:11 UTC,1,64.6,delivered,accepted,2025-05-24 14:22:54 UTC,
RA9B4F2CB92D3F,L3B3F84DE1612,P001,2025-05-24 07:37:00 UTC,1,67.6,delivered,accepted,2025-05-24 07:40:46 UTC,
RA441DD56AE8CC,LAEEE883D6AE2,P002,2025-05-20 19:19:14 UTC,1,80.78,delivered,accepted,2025-05-20 19:21:06 UTC,
RAEA436FFE41DF,L7CFC019DB177,P003,2025-01-10 11:43:42 UTC,1,67.28,delivered,accepted,2025-01-10 11:48:42 UTC,
RA7885AB321E2D,L4B369CA4957A,P008,2025-03-09 14:17:38 UTC,1,71.55,delivered,no_response,2025-03-09 14:19:19 UTC,price_too_low
RA624F6A09BF2C,L5FF4734586E5,P010,2025-01-31 21:18:47 UTC,1,82.05,delivered,accepted,2025-01-31 21:23:15 UTC,
RAF9525DC49CAF,LF25CF29BE195,P005,2025-04-16 14:55:42 UTC,1,100.7,delivered,accepted,2025-04-16 14:56:14 UTC,
RADE16DF063514,L0FEE003AB981,P010,2025-01-04 15:40:30 UTC,1,62.95,delivered,accepted,2025-01-04 15:41:00 UTC,
RA89B062A78AFE,LAD7CAEB5855E,P010,2025-05-10 20:51:32 UTC,1,73.44,delivered,rejected,2025-05-10 20:54:45 UTC,capacity
RAAFD4C6249E11,LAD7CAEB5855E,P002,2025-05-10 20:51:10 UTC,2,83.65,delivered,accepted,2025-05-10 20:52:10 UTC,
RA78FFC940412B,L55C5D2FB78E5,P001,2025-06-24 21:41:47 UTC,1,66.32,delivered,rejected,2025-06-24 21:43:00 UTC,quality
RAB50BAF0E0F05,L55C5D2FB78E5,P002,2025-06-24 21:42:18 UTC,2,67.22,delivered,accepted,2025-06-24 21:46:33 UTC,
RAEAD35B95012A,L968ED4C925F0,P010,2025-05-17 17:08:13 UTC,1,62.91,delivered,accepted,2025-05-17 17:08:37 UTC,
RA7AAD2630EB54,L0B9917DFC352,P007,2025-05-09 09:13:16 UTC,1,123.39,delivered,capacity_exceeded,2025-05-09 09:17:07 UTC,state_not_covered
RA61E49116D1FA,LFB0DEA1D7936,P010,2025-04-12 14:24:03 UTC,1,62.61,delivered,accepted,2025-04-12 14:27:16 UTC,
RAFDBB58C5739F,L9B27B11A7227,P002,2025-02-11 16:38:03 UTC,1,66.42,delivered,accepted,2025-02-11 16:39:31 UTC,
RA75F557734312,L655CDFDDDE08,P005,2025-02-19 11:30:28 UTC,1,101.61,delivered,accepted,2025-02-19 11:33:02 UTC,
RA9DE2E12B18F1,LE57C3CAF3499,P005,2025-05-15 18:06:24 UTC,1,99.23,delivered,accepted,2025-05-15 18:08:05 UTC,
RA9436AB43F873,LB7A0CB5E31A8,P007,2025-05-11 12:15:54 UTC,1,110.89,delivered,accepted,2025-05-11 12:19:15 UTC,
RAD1FA9698597F,L3DEB0D146A6F,P010,2025-06-04 16:06:26 UTC,1,80.5,delivered,capacity_exceeded,2025-06-04 16:09:33 UTC,capacity
RAFBAA7DC46B59,L3DEB0D146A6F,P001,2025-06-04 16:06:35 UTC,2,59.53,delivered,accepted,2025-06-04 16:10:48 UTC,
RA88BF9D1FB66F,L089804A2BAFC,P001,2025-02-01 10:52:04 UTC,1,64.03,delivered,accepted,2025-02-01 10:53:49 UTC,
RA6D76004FD62D,L11A75E5B1C1B,P006,2025-02-15 18:09:44 UTC,1,134.78,delivered,no_response,2025-02-15 18:10:18 UTC,price_too_low
RAE37E41F2968C,L91232C7E736E,P010,2025-02-17 08:02:24 UTC,1,78.48,delivered,no_response,2025-02-17 08:03:02 UTC,state_not_covered
RA178992716D47,L46BA1E04A8F5,P001,2025-01-28 07:39:50 UTC,1,56.84,delivered,accepted,2025-01-28 07:42:01 UTC,
RA2165C86CF16A,L9F52D29B6794,P010,2025-02-21 19:46:02 UTC,1,73.58,delivered,accepted,2025-02-21 19:50:02 UTC,
RA190FFEA93175,L29EF71184E5E,P003,2025-02-28 22:41:32 UTC,1,58.32,delivered,no_response,2025-02-28 22:45:30 UTC,price_too_low
RA361EA947391A,L29EF71184E5E,P002,2025-02-28 22:41:41 UTC,2,74.12,delivered,accepted,2025-02-28 22:46:15 UTC,
RA4A8F01E25A98,LD6D6FFF18E18,P010,2025-03-03 12:07:05 UTC,1,66.41,delivered,no_response,2025-03-03 12:11:26 UTC,capacity
RAEAC01FB5F507,LD6D6FFF18E18,P009,2025-03-03 12:06:13 UTC,2,59.08,delivered,rejected,2025-03-03 12:10:30 UTC,price_too_low
RA38B4B40E0434,L016C9643D206,P003,2025-01-28 13:16:47 UTC,1,62.24,delivered,no_response,2025-01-28 13:18:54 UTC,price_too_low
RA7EBBE12AFED8,LF460348DE134,P010,2025-04-20 12:42:22 UTC,1,78.33,delivered,accepted,2025-04-20 12:45:37 UTC,
RA8E89F91B1BBE,L8D5AF6306423,P002,2025-05-01 07:40:51 UTC,1,78.91,delivered,accepted,2025-05-01 07:41:16 UTC,
RA1CD951D5B760,L2262C2253820,P007,2025-03-06 13:22:46 UTC,1,113.54,delivered,capacity_exceeded,2025-03-06 13:26:36 UTC,state_not_covered
RAB6779ADF1037,LDB7E973905BB,P010,2025-06-05 11:56:18 UTC,1,65.02,delivered,accepted,2025-06-05 11:56:54 UTC,
RAEBD9F2E6851B,L1D4D28C40A13,P002,2025-06-26 13:44:24 UTC,1,82.6,delivered,accepted,2025-06-26 13:45:41 UTC,
RA53BD579F8842,L6314438232B7,P002,2025-01-27 21:57:03 UTC,1,75.88,delivered,accepted,2025-01-27 21:57:39 UTC,
RACF695B935ABF,LBF63B853CE45,P009,2025-04-28 11:10:47 UTC,1,55.86,delivered,accepted,2025-04-28 11:12:56 UTC,
RA6E725890CE5C,L4048DA2D1ACE,P010,2025-05-11 15:50:59 UTC,1,74.66,delivered,accepted,2025-05-11 15:53:58 UTC,
RA6CD06C29704D,L2B9BE1043D17,P007,2025-02-14 12:47:19 UTC,1,140.97,delivered,accepted,2025-02-14 12:50:04 UTC,
RAC3F6FCFCD5A0,LD3A814B0D40C,P001,2025-05-04 14:58:11 UTC,1,64.3,delivered,accepted,2025-05-04 15:01:29 UTC,
RA2F4AF0E25C35,LA6BD1E4DAC4C,P003,2025-02-01 12:55:17 UTC,1,67.03,delivered,accepted,2025-02-01 12:58:12 UTC,
RA3250D894780F,LFF3F40389D83,P002,2025-04-15 11:42:57 UTC,1,84.25,delivered,capacity_exceeded,2025-04-15 11:43:14 UTC,state_not_covered
RAA6B786E8551B,LFF3F40389D83,P008,2025-04-15 11:43:20 UTC,2,72.07,delivered,accepted,2025-04-15 11:46:13 UTC,
RA223DEEB692A9,L1CA3A1026DAF,P007,2025-05-07 14:42:57 UTC,1,114.6,delivered,no_response,2025-05-07 14:47:54 UTC,capacity
RA13E7C390A33B,L019B82E330FD,P001,2025-04-26 10:42:47 UTC,1,58.75,delivered,accepted,2025-04-26 10:46:56 UTC,
RAEC1647585CE1,L8C7FD8E22CB8,P003,2025-01-21 20:50:41 UTC,1,72.57,delivered,accepted,2025-01-21 20:52:59 UTC,
RAA730E65AC2E7,LAEDF66C16613,P004,2025-01-04 19:21:46 UTC,1,88.14,delivered,accepted,2025-01-04 19:26:29 UTC,
RA8467BBE42A54,L4A526520CEFC,P010,2025-04-13 22:48:50 UTC,1,82.12,delivered,capacity_exceeded,2025-04-13 22:53:05 UTC,state_not_covered
RA135194D5B958,L4A526520CEFC,P002,2025-04-13 22:48:18 UTC,2,70.26,delivered,accepted,2025-04-13 22:52:17 UTC,
RA012036E6060C,L9980F5DB62F5,P007,2025-03-27 11:18:14 UTC,1,131.94,delivered,accepted,2025-03-27 11:22:55 UTC,
RA4CE336D7486B,L15DD4D9C4BF1,P007,2025-03-24 16:26:46 UTC,1,117.43,delivered,capacity_exceeded,2025-03-24 16:29:11 UTC,price_too_low
RA09EC89BCA1F4,LCD60F9FE0D20,P009,2025-02-27 19:29:10 UTC,1,61.37,delivered,accepted,2025-02-27 19:34:07 UTC,
RA3739C6834A82,LA5080AC805F5,P007,2025-05-04 20:48:01 UTC,1,122.78,delivered,accepted,2025-05-04 20:50:10 UTC,
RA2EF5045E8FB7,LA5254E04A35B,P001,2025-03-30 21:55:31 UTC,1,59.34,delivered,accepted,2025-03-30 21:56:15 UTC,
RA2A1F65CFA220,LF38476EACD69,P005,2025-06-08 13:23:20 UTC,1,104.75,delivered,accepted,2025-06-08 13:26:16 UTC,
RAD5DC25D4F245,LCB45A6AC7F14,P010,2025-01-27 11:10:48 UTC,1,69.56,delivered,no_response,2025-01-27 11:14:50 UTC,price_too_low
RAAFF5C2EB6272,L06CD36A161C3,P005,2025-01-28 14:09:23 UTC,1,112.25,delivered,accepted,2025-01-28 14:14:08 UTC,
RAFD3F80DCC438,L6D257AFC84DA,P010,2025-06-06 09:04:05 UTC,1,82.03,delivered,no_response,2025-06-06 09:07:47 UTC,state_not_covered
RA84B52F5ECBD9,LDB9339911D11,P009,2025-03-29 14:05:38 UTC,1,58.95,delivered,capacity_exceeded,2025-03-29 14:09:16 UTC,capacity
RA7BA7911567A1,LDB9339911D11,P010,2025-03-29 14:05:46 UTC,2,70.18,delivered,accepted,2025-03-29 14:09:29 UTC,
RAD2317485AB86,LDEFCA80BB765,P002,2025-01-18 21:43:36 UTC,1,71.94,delivered,no_response,2025-01-18 21:46:52 UTC,quality
RAACD0BC8ED58C,LDEFCA80BB765,P010,2025-01-18 21:43:35 UTC,2,72.02,delivered,accepted,2025-01-18 21:48:31 UTC,
RA10A7EAFF23B4,LD9BD914A2BF4,P009,2025-04-29 22:28:53 UTC,1,57.54,delivered,accepted,2025-04-29 22:29:54 UTC,
RA2A4B05FE7A7B,L47047D5686B8,P010,2025-05-24 18:25:34 UTC,1,74.05,delivered,accepted,2025-05-24 18:26:42 UTC,
RA873DFEBA1888,L8A4F8FEC6A88,P002,2025-04-02 18:20:08 UTC,1,73.83,delivered,accepted,2025-04-02 18:22:48 UTC,
RA40E401401F33,L02B638E33898,P009,2025-01-06 16:14:48 UTC,1,61.26,delivered,capacity_exceeded,2025-01-06 16:15:35 UTC,quality
RA8BA2C730DCD8,L02B638E33898,P010,2025-01-06 16:14:08 UTC,2,68.18,delivered,accepted,2025-01-06 16:17:22 UTC,
RA5962BBC0CBCD,L6BCF6115262D,P010,2025-03-18 07:38:30 UTC,1,81.76,delivered,accepted,2025-03-18 07:39:43 UTC,
RA5AB8F95F4897,LD19EEA7D4C94,P001,2025-01-17 10:40:06 UTC,1,71.6,delivered,accepted,2025-01-17 10:43:30 UTC,
RA3896EBA36A2D,LBFB276CDC4FD,P006,2025-05-23 07:25:38 UTC,1,135.2,delivered,accepted,2025-05-23 07:28:35 UTC,
RA20F2907AD138,L9DB09B163583,P010,2025-06-24 22:06:31 UTC,1,68.67,delivered,accepted,2025-06-24 22:10:41 UTC,
RAC403055C1F35,LDFACDAF17278,P005,2025-01-07 07:12:08 UTC,1,94.08,delivered,no_response,2025-01-07 07:14:54 UTC,quality
RAD9B9BB07FA59,L3B0884CCAB63,P002,2025-01-27 15:08:46 UTC,1,79.92,delivered,accepted,2025-01-27 15:12:08 UTC,
RAD62A7ABDF79F,LDBC23ACCDCEF,P010,2025-03-20 11:55:47 UTC,1,64.23,delivered,no_response,2025-03-20 11:59:41 UTC,price_too_low
RA21CBA811E358,L42BF47D87C44,P002,2025-05-12 10:05:09 UTC,1,64.76,delivered,accepted,2025-05-12 10:08:49 UTC,
RA96991A09EBDF,L42E402690182,P008,2025-06-11 10:17:31 UTC,1,79.98,delivered,accepted,2025-06-11 10:20:18 UTC,
RACFF42521F878,LCE34AECCDF72,P007,2025-04-01 19:32:40 UTC,1,142.21,delivered,accepted,2025-04-01 19:36:32 UTC,
RABA8D2877A2FF,L8523BCA9A183,P002,2025-05-29 07:38:57 UTC,1,82.11,delivered,accepted,2025-05-29 07:39:52 UTC,
RAC549F9452CC4,L5944A4C18372,P003,2025-03-11 14:40:24 UTC,1,70.29,delivered,capacity_exceeded,2025-03-11 14:42:14 UTC,state_not_covered
RA951FEB5B221A,L5944A4C18372,P001,2025-03-11 14:40:58 UTC,2,69.4,delivered,accepted,2025-03-11 14:44:19 UTC,
RA88C3AAA6D1F7,L77236DC373F2,P010,2025-03-10 18:57:41 UTC,1,70.45,delivered,capacity_exceeded,2025-03-10 19:00:42 UTC,capacity
RA9F0A548241C9,LCC24E9BED6FB,P003,2025-04-18 17:38:48 UTC,1,63.29,delivered,rejected,2025-04-18 17:40:22 UTC,price_too_low
RAD5DD60E4787C,L9EF3C0C52BFE,P002,2025-06-30 21:04:55 UTC,1,66.77,delivered,accepted,2025-06-30 21:09:48 UTC,
RA5F1BD08DE3B4,LB7E547C394EE,P005,2025-01-19 18:08:33 UTC,1,100.04,delivered,accepted,2025-01-19 18:10:01 UTC,
RAE27B3E98CE5D,LA65A38A469CF,P005,2025-06-15 22:25:03 UTC,1,95.85,delivered,accepted,2025-06-15 22:27:36 UTC,
RAA84C51350B33,L88DFB7B822A8,P010,2025-03-11 15:53:32 UTC,1,72.53,delivered,accepted,2025-03-11 15:55:29 UTC,
RAF6E009F39FF4,L768E75FB61D0,P010,2025-05-29 14:19:26 UTC,1,62.39,delivered,rejected,2025-05-29 14:22:50 UTC,state_not_covered
RA99ADF9ECE5A6,L47ECF4244EDD,P010,2025-04-22 08:57:14 UTC,1,69.16,delivered,accepted,2025-04-22 08:58:42 UTC,
RACA29E5BEAA32,LA67501133ACD,P002,2025-06-02 12:08:21 UTC,1,64.4,delivered,accepted,2025-06-02 12:10:17 UTC,
RA2ABD45711E25,LCA47046097B2,P003,2025-04-08 13:40:11 UTC,1,67.38,delivered,accepted,2025-04-08 13:43:19 UTC,
RA2DFF0978E014,L607F9DBB9C87,P002,2025-06-14 20:22:53 UTC,1,77.36,delivered,accepted,2025-06-14 20:25:50 UTC,
RADA52DE31DBBB,L99FA7A80B45E,P009,2025-01-12 15:38:07 UTC,1,51.27,delivered,accepted,2025-01-12 15:38:34 UTC,
RA87D399C0C8E3,LDEAA7373190A,P002,2025-04-14 09:37:17 UTC,1,81.47,delivered,accepted,2025-04-14 09:40:31 UTC,
RA97094A8E9D2B,LFFC62D2263E9,P006,2025-06-10 16:40:12 UTC,1,115.42,delivered,no_response,2025-06-10 16:42:22 UTC,quality
RABA9501A1BA40,LFFC62D2263E9,P010,2025-06-10 16:40:21 UTC,2,66.67,delivered,accepted,2025-06-10 16:44:38 UTC,
RABA1308272A3C,LCC16B6CD8298,P010,2025-06-14 10:16:59 UTC,1,69.64,delivered,accepted,2025-06-14 10:20:03 UTC,
RA23534EFCAFDC,L959543C565F0,P003,2025-02-06 20:55:07 UTC,1,64.46,delivered,accepted,2025-02-06 20:59:30 UTC,
RA45B0A2A9139A,L0FE4E000014B,P003,2025-04-16 19:23:23 UTC,1,62.54,delivered,accepted,2025-04-16 19:26:11 UTC,
RAB2CA0DF67F6E,LE5554799833F,P005,2025-06-18 10:45:43 UTC,1,101.65,delivered,accepted,2025-06-18 10:49:12 UTC,
RAF94801D113D9,LD3B0CA8B97D9,P005,2025-04-12 10:22:52 UTC,1,104.2,delivered,accepted,2025-04-12 10:27:23 UTC,
RAC7465736433F,L38E7998FE7B8,P009,2025-06-11 09:42:06 UTC,1,53.34,delivered,no_response,2025-06-11 09:44:07 UTC,state_not_covered
RA18A61C23E1F2,LD59534A0DA22,P004,2025-03-09 19:57:42 UTC,1,99.45,delivered,capacity_exceeded,2025-03-09 20:01:14 UTC,state_not_covered
RA41BEE6B93515,LD59534A0DA22,P005,2025-03-09 19:57:56 UTC,2,97.14,delivered,rejected,2025-03-09 20:01:39 UTC,capacity
RA098BA763A475,L27A14B419EF8,P003,2025-03-28 23:02:18 UTC,1,60.77,delivered,accepted,2025-03-28 23:06:25 UTC,
RA2481F21A2BAE,LB366FB648C8A,P002,2025-01-26 12:15:13 UTC,1,71.95,delivered,accepted,2025-01-26 12:17:11 UTC,
RAEBAF9AED594B,LCAEC6C773756,P003,2025-01-07 10:11:53 UTC,1,74.57,delivered,accepted,2025-01-07 10:12:37 UTC,
RA43A3D31D733D,L9D8696ACD1ED,P005,2025-06-10 11:20:20 UTC,1,96.5,delivered,accepted,2025-06-10 11:22:21 UTC,
RADE31AB179C45,L077C8AB8CB98,P007,2025-04-01 07:53:44 UTC,1,137.42,delivered,no_response,2025-04-01 07:54:04 UTC,quality
RAE356C50F9673,L077C8AB8CB98,P006,2025-04-01 07:53:11 UTC,2,100.56,delivered,accepted,2025-04-01 07:53:56 UTC,
RAFD463E1A96FB,L086E074956FD,P010,2025-01-29 12:36:49 UTC,1,80.34,delivered,no_response,2025-01-29 12:38:39 UTC,capacity
RA5C2DAD5F94E3,L6336BCA0F188,P002,2025-03-05 20:17:58 UTC,1,72.92,delivered,accepted,2025-03-05 20:18:16 UTC,
RA9F818895464C,L3B92828019FD,P010,2025-02-26 20:06:02 UTC,1,68.89,delivered,capacity_exceeded,2025-02-26 20:06:26 UTC,capacity
RA00D5FACB0248,L983CB4444BBA,P006,2025-05-17 07:32:46 UTC,1,115.35,delivered,accepted,2025-05-17 07:35:21 UTC,
RA3969CE90B099,L45174F1ECEA6,P002,2025-05-29 12:12:00 UTC,1,66.2,delivered,accepted,2025-05-29 12:12:48 UTC,
RAD45F5082DE95,LE281E3CD89E7,P007,2025-05-17 15:06:29 UTC,1,117.79,delivered,accepted,2025-05-17 15:07:50 UTC,
RAFEAD46CB43D3,LE43A1D60D088,P006,2025-06-05 09:41:15 UTC,1,104.38,delivered,no_response,2025-06-05 09:42:58 UTC,quality
RAAC9A82F51632,L03FDCF7E96CC,P007,2025-04-24 14:26:07 UTC,1,128.87,delivered,no_response,2025-04-24 14:29:42 UTC,capacity
RA784020E4D2B9,L9768FCBE8960,P003,2025-04-12 17:19:07 UTC,1,68.35,delivered,accepted,2025-04-12 17:24:05 UTC,
RAC068E44DDD0B,LBE19BCEE9C18,P002,2025-03-23 12:35:34 UTC,1,75.62,delivered,accepted,2025-03-23 12:36:26 UTC,
RA6526AF37654F,L72EEEFBA5FB6,P002,2025-01-08 13:03:28 UTC,1,71.7,delivered,rejected,2025-01-08 13:08:09 UTC,quality
RACD73EDBE2D6C,L379A51BA2C8A,P003,2025-02-01 15:17:17 UTC,1,73.95,delivered,accepted,2025-02-01 15:21:58 UTC,
RA851CBF4738BF,LA8FD4369B596,P003,2025-06-11 12:30:42 UTC,1,65.34,delivered,accepted,2025-06-11 12:34:52 UTC,
RA8757870656AC,LD33FC8E88C91,P002,2025-03-17 09:10:22 UTC,1,79.93,delivered,accepted,2025-03-17 09:13:24 UTC,
RAE026FC1DCBCC,LC4B1C0305254,P010,2025-05-10 14:24:17 UTC,1,70.57,delivered,accepted,2025-05-10 14:25:04 UTC,
RADF2188A374FC,LB275DD0B5D2F,P010,2025-03-12 17:33:05 UTC,1,72.5,delivered,no_response,2025-03-12 17:36:52 UTC,quality
RA4164D898CE8C,LC56B409A91D6,P002,2025-01-02 17:50:13 UTC,1,63.86,delivered,accepted,2025-01-02 17:51:05 UTC,
RADAC329286DB4,LF4500F7DCF9B,P010,2025-04-22 16:42:01 UTC,1,76.06,delivered,rejected,2025-04-22 16:46:35 UTC,price_too_low
RAE4FC7D0E28D7,L98019F8FD30A,P009,2025-05-09 15:04:33 UTC,1,64.41,delivered,no_response,2025-05-09 15:09:16 UTC,capacity
RA300C656F920D,L98019F8FD30A,P002,2025-05-09 15:05:02 UTC,2,67.03,delivered,accepted,2025-05-09 15:08:39 UTC,
RAEE322228F5BF,LBE117215ACDA,P004,2025-06-15 09:54:07 UTC,1,88.54,delivered,accepted,2025-06-15 09:55:32 UTC,
RA90B07C6CE510,LCC9BA9E38C43,P009,2025-01-16 20:21:22 UTC,1,54.01,delivered,accepted,2025-01-16 20:25:09 UTC,
RA3434B6114FE2,L1F83C5BBC42E,P010,2025-06-18 11:19:14 UTC,1,64.87,delivered,rejected,2025-06-18 11:19:28 UTC,quality
RA263B0D44F83F,L103C4F6F028B,P002,2025-01-12 19:59:50 UTC,1,70.07,delivered,accepted,2025-01-12 20:03:51 UTC,
RA1E335257A337,L91B3942B2ED9,P003,2025-01-09 16:08:32 UTC,1,77.79,delivered,accepted,2025-01-09 16:12:20 UTC,
RA24A5A15969B9,L54FE8088FF57,P010,2025-03-25 09:33:31 UTC,1,70.41,delivered,no_response,2025-03-25 09:34:22 UTC,capacity
RAF9C33864C55C,L8D9501480624,P010,2025-03-12 08:27:55 UTC,1,72.69,delivered,no_response,2025-03-12 08:29:48 UTC,capacity
RA293C5357D742,L8D9501480624,P003,2025-03-12 08:27:55 UTC,2,72.76,delivered,accepted,2025-03-12 08:32:32 UTC,
RA4C8E0ED318FA,LD648A71E2734,P003,2025-01-27 16:04:49 UTC,1,59.65,delivered,accepted,2025-01-27 16:05:18 UTC,
RAE626663FD088,LDDAB8213A9FA,P002,2025-04-09 12:29:42 UTC,1,77.54,delivered,accepted,2025-04-09 12:34:35 UTC,
RA9684CC67D8B6,L8B217DC5FAAD,P009,2025-02-09 20:29:56 UTC,1,51.07,delivered,accepted,2025-02-09 20:33:19 UTC,
RA4D78C0A4BF62,LAC5420EBFDAF,P010,2025-03-22 22:50:28 UTC,1,70.16,delivered,accepted,2025-03-22 22:53:50 UTC,
RA539697662E9C,L8B6AD61DBA15,P001,2025-06-05 09:59:48 UTC,1,67.15,delivered,accepted,2025-06-05 10:02:28 UTC,
RADDDCFBC5B4EA,L92249AA252EB,P004,2025-05-07 16:31:31 UTC,1,102.26,delivered,rejected,2025-05-07 16:35:09 UTC,capacity
RA415B8134FF40,L92249AA252EB,P005,2025-05-07 16:31:41 UTC,2,92.33,delivered,accepted,2025-05-07 16:31:57 UTC,
RA5D395C7564CC,L73ED4580D436,P009,2025-05-19 19:47:05 UTC,1,49.31,delivered,rejected,2025-05-19 19:49:23 UTC,state_not_covered
RA5ADEBE4DBBFB,L5FE30C9597FA,P002,2025-02-01 17:54:10 UTC,1,71.41,delivered,accepted,2025-02-01 17:58:06 UTC,
RA9A172B8F2E02,L905837AB989C,P009,2025-06-10 11:30:51 UTC,1,52.72,delivered,accepted,2025-06-10 11:33:07 UTC,
RA37FB50F384D7,L17E94D01450C,P010,2025-05-16 09:17:27 UTC,1,80.71,delivered,accepted,2025-05-16 09:20:39 UTC,
RAC2E2DE10DFA5,LFFB91BE00B62,P002,2025-06-24 22:37:02 UTC,1,86.24,delivered,accepted,2025-06-24 22:40:34 UTC,
RA44222668931A,L45FCED306244,P010,2025-04-25 17:23:37 UTC,1,66.7,delivered,accepted,2025-04-25 17:27:27 UTC,
RAA59AECC7F7D3,L0D3E4DF935EC,P005,2025-06-01 11:58:33 UTC,1,90.28,delivered,capacity_exceeded,2025-06-01 12:01:18 UTC,state_not_covered
RA568F8F6EEECD,LF14AED7F7BF7,P005,2025-05-12 09:48:40 UTC,1,111.32,delivered,accepted,2025-05-12 09:51:00 UTC,
RA5B3B9C2F6BFD,L54E83A569F8B,P003,2025-04-15 19:09:56 UTC,1,68.01,delivered,accepted,2025-04-15 19:10:46 UTC,
RA5AA4E0678079,LD06DD52D6B75,P003,2025-02-15 10:25:55 UTC,1,63.58,delivered,rejected,2025-02-15 10:29:17 UTC,capacity
RA3D17AF115512,LD06DD52D6B75,P009,2025-02-15 10:25:51 UTC,2,55.93,delivered,accepted,2025-02-15 10:27:50 UTC,
RA1D0AB8DC05E8,L47451A8691CD,P002,2025-06-03 22:39:34 UTC,1,81.61,delivered,accepted,2025-06-03 22:44:34 UTC,
RAD3FF9AC622DF,L869E8207E779,P010,2025-04-07 18:40:51 UTC,1,76.25,delivered,accepted,2025-04-07 18:41:17 UTC,
RA8C6560153395,L5CF80CF7221D,P003,2025-03-25 15:16:34 UTC,1,62.51,delivered,accepted,2025-03-25 15:19:03 UTC,
RA5F4676D943B5,L3120DB511070,P007,2025-05-01 21:48:23 UTC,1,115.27,delivered,capacity_exceeded,2025-05-01 21:53:22 UTC,capacity
RA430A0BB0D572,L3120DB511070,P010,2025-05-01 21:48:13 UTC,2,70.89,delivered,accepted,2025-05-01 21:50:10 UTC,
RA4D276A22C0EE,L6767B421FAAE,P006,2025-01-13 16:34:51 UTC,1,106.92,delivered,accepted,2025-01-13 16:35:03 UTC,
RA13F6B63393B9,LC691547627FD,P003,2025-01-12 20:14:44 UTC,1,62.32,delivered,accepted,2025-01-12 20:18:27 UTC,
RA7807B59A4137,L12C4A2BE4869,P002,2025-06-29 12:06:17 UTC,1,78.23,delivered,accepted,2025-06-29 12:07:19 UTC,
RA5C856BA0B97C,L69DD8A1FB2F2,P002,2025-03-12 16:34:50 UTC,1,70.91,delivered,rejected,2025-03-12 16:37:57 UTC,price_too_low
RA781C529A2978,L69DD8A1FB2F2,P010,2025-03-12 16:35:34 UTC,2,77.73,delivered,accepted,2025-03-12 16:40:08 UTC,
RA85E9F0A29E33,L8547939AB2AF,P010,2025-05-20 17:20:53 UTC,1,63.33,delivered,accepted,2025-05-20 17:22:11 UTC,
RAA5AD6C815DEB,L493CAE4FC3F0,P010,2025-06-16 14:24:57 UTC,1,82.75,delivered,no_response,2025-06-16 14:27:25 UTC,price_too_low
RA3D6043F1ED47,L493CAE4FC3F0,P003,2025-06-16 14:24:34 UTC,2,65.56,delivered,no_response,2025-06-16 14:24:46 UTC,quality
RA4A4F22EAA6C6,L493CAE4FC3F0,P009,2025-06-16 14:24:42 UTC,3,62.0,delivered,accepted,2025-06-16 14:28:23 UTC,
RAAF6B9E8E0EC2,L3DB4DC989F96,P001,2025-04-11 21:33:36 UTC,1,58.71,delivered,capacity_exceeded,2025-04-11 21:36:40 UTC,capacity
RA4972907D2E8F,L723EEF486510,P002,2025-05-20 16:09:20 UTC,1,66.2,delivered,accepted,2025-05-20 16:11:41 UTC,
RAA10581B5E986,LC75C157D3F23,P010,2025-01-23 10:51:22 UTC,1,64.83,delivered,rejected,2025-01-23 10:51:55 UTC,quality
RA41C7DFBA939B,LC75C157D3F23,P001,2025-01-23 10:50:58 UTC,2,60.37,delivered,accepted,2025-01-23 10:55:22 UTC,
RA9504C3B88B07,L16531AE09F14,P002,2025-02-10 08:18:15 UTC,1,74.88,delivered,accepted,2025-02-10 08:22:52 UTC,
RA5D0F83A80CCA,L83CEFE84A175,P005,2025-05-27 17:39:01 UTC,1,90.53,delivered,accepted,2025-05-27 17:41:20 UTC,
RAB9F78DC72F4E,L38ABBDD47E8E,P010,2025-02-15 22:42:21 UTC,1,65.33,delivered,accepted,2025-02-15 22:44:41 UTC,
RA2CB21E010677,LFB6A71AA46D3,P009,2025-01-07 07:19:54 UTC,1,55.4,delivered,accepted,2025-01-07 07:24:14 UTC,
RADA1420047728,L970F7A9B7A21,P001,2025-02-26 20:16:07 UTC,1,59.76,delivered,no_response,2025-02-26 20:19:27 UTC,quality
RA4565BD8ADDF1,L970F7A9B7A21,P002,2025-02-26 20:16:37 UTC,2,75.02,delivered,capacity_exceeded,2025-02-26 20:20:20 UTC,quality
RAC3C0E5534433,L9EDC88B9CF06,P010,2025-06-26 22:13:15 UTC,1,72.07,delivered,accepted,2025-06-26 22:17:19 UTC,
RA7E21CFFD2128,L73E499E56320,P004,2025-03-26 14:46:53 UTC,1,85.31,delivered,accepted,2025-03-26 14:50:32 UTC,
RA7FDC0DC7ADE4,L1C308C3CF628,P009,2025-06-04 18:40:58 UTC,1,50.56,delivered,accepted,2025-06-04 18:45:12 UTC,
RA605F4095AD5D,LDC067E909DA0,P009,2025-06-08 16:56:46 UTC,1,57.05,delivered,no_response,2025-06-08 16:58:36 UTC,state_not_covered
RAE171ED01E146,L6CEB6F45034C,P009,2025-02-07 10:58:36 UTC,1,51.16,delivered,accepted,2025-02-07 10:59:25 UTC,
RA294780BE94F5,L0A01F02B3B7B,P001,2025-02-03 11:23:34 UTC,1,58.66,delivered,accepted,2025-02-03 11:25:12 UTC,
RAD34E381D5A71,L9CA3E64912E5,P002,2025-06-22 19:59:45 UTC,1,80.5,delivered,accepted,2025-06-22 20:00:12 UTC,
RA8240B428E7DC,L85F54DA37E48,P009,2025-06-29 14:02:35 UTC,1,64.05,delivered,capacity_exceeded,2025-06-29 14:04:13 UTC,capacity
RAE220451FC18F,L85F54DA37E48,P010,2025-06-29 14:02:02 UTC,2,75.48,delivered,accepted,2025-06-29 14:05:39 UTC,
RA11FDB13DEE75,LD2CF0DCFD754,P002,2025-05-31 14:40:32 UTC,1,79.32,delivered,accepted,2025-05-31 14:44:03 UTC,
RA5BF3A35EA791,L95270EDDE2E7,P003,2025-06-09 15:33:37 UTC,1,65.49,delivered,no_response,2025-06-09 15:34:44 UTC,state_not_covered
RA7303445A98FB,L5106A850E37D,P010,2025-04-26 10:22:12 UTC,1,73.19,delivered,accepted,2025-04-26 10:24:32 UTC,
RA58AC0EFFEB3F,LE263A95C56C3,P007,2025-01-17 12:18:09 UTC,1,135.02,delivered,accepted,2025-01-17 12:19:11 UTC,
RA1BA0AE2D0AA1,LB1B66135962F,P002,2025-06-25 11:00:03 UTC,1,69.29,delivered,accepted,2025-06-25 11:05:02 UTC,
RAFE9FAC74D20C,L1EC3B0B9F40C,P007,2025-05-23 10:13:12 UTC,1,109.24,delivered,no_response,2025-05-23 10:17:19 UTC,quality
RA7DA03757FD50,L1EC3B0B9F40C,P006,2025-05-23 10:13:05 UTC,2,116.77,delivered,accepted,2025-05-23 10:14:42 UTC,
RAF8E58DC97E4F,L29699C57D664,P001,2025-01-05 20:11:24 UTC,1,68.14,delivered,accepted,2025-01-05 20:12:26 UTC,
RAE25C82B4649D,L0AC8D7003C4C,P009,2025-03-02 17:10:13 UTC,1,56.98,delivered,no_response,2025-03-02 17:15:10 UTC,state_not_covered
RA8DF918A97A13,L47E1716BDD93,P002,2025-01-28 16:11:47 UTC,1,84.97,delivered,accepted,2025-01-28 16:13:25 UTC,
RAC094BF6D8F8E,LB57D60504C3F,P005,2025-03-21 21:32:47 UTC,1,114.66,delivered,rejected,2025-03-21 21:33:15 UTC,state_not_covered
RADAAFB43B777A,L04644925C534,P009,2025-06-25 20:27:34 UTC,1,58.82,delivered,accepted,2025-06-25 20:29:43 UTC,
RAE9B90DAD1AB3,L5A8509817688,P005,2025-04-30 20:22:19 UTC,1,110.72,delivered,accepted,2025-04-30 20:22:38 UTC,
RABAECE458510F,L784F12E32E20,P007,2025-04-01 11:39:46 UTC,1,114.92,delivered,accepted,2025-04-01 11:43:05 UTC,
RAEEFC95B9C382,LDAF2762EE89B,P010,2025-02-27 20:07:44 UTC,1,61.89,delivered,accepted,2025-02-27 20:08:23 UTC,
RAEB8BBBAA1EB8,LD7E6D3EDA77B,P003,2025-02-02 21:56:04 UTC,1,64.21,delivered,capacity_exceeded,2025-02-02 22:00:05 UTC,quality
RA67C6B7F58540,LD7E6D3EDA77B,P008,2025-02-02 21:56:15 UTC,2,79.39,delivered,accepted,2025-02-02 21:56:28 UTC,
RA9D35D657C4BA,L1D149235EB34,P009,2025-02-10 22:27:51 UTC,1,50.19,delivered,accepted,2025-02-10 22:31:21 UTC,
RA217E0F501414,L0C3F2EBE2ACF,P003,2025-04-04 12:54:22 UTC,1,67.25,delivered,capacity_exceeded,2025-04-04 12:56:40 UTC,price_too_low
RA834F29F869CC,L67E16E5FC3D9,P005,2025-06-09 14:46:50 UTC,1,90.42,delivered,accepted,2025-06-09 14:50:44 UTC,
RA93AB8D38EF13,L1F676466C6BC,P001,2025-06-17 14:02:51 UTC,1,59.33,delivered,no_response,2025-06-17 14:03:46 UTC,price_too_low
RAD4781A4B0C1E,L2177EFD2FA00,P008,2025-06-13 12:32:16 UTC,1,75.95,delivered,accepted,2025-06-13 12:35:34 UTC,
RA0A123051FB6B,LABB81BA9AE2E,P002,2025-05-26 08:04:14 UTC,1,77.45,delivered,rejected,2025-05-26 08:08:48 UTC,price_too_low
RAE7A2A4920231,LABB81BA9AE2E,P010,2025-05-26 08:03:24 UTC,2,75.44,delivered,capacity_exceeded,2025-05-26 08:06:45 UTC,price_too_low
RA7FCCEA6DD595,LC832ED0EE785,P001,2025-01-14 11:33:56 UTC,1,60.93,delivered,accepted,2025-01-14 11:37:03 UTC,
RA191AD108667C,LFBD3788E0B7F,P010,2025-04-06 20:26:33 UTC,1,77.57,delivered,accepted,2025-04-06 20:27:52 UTC,
RA2A2760E8D637,L8DAE91151460,P002,2025-03-07 16:12:29 UTC,1,77.31,delivered,accepted,2025-03-07 16:13:15 UTC,
RA5A610D21F1DF,L8AE04700DC3B,P001,2025-04-22 22:26:37 UTC,1,60.35,delivered,accepted,2025-04-22 22:29:05 UTC,
RA9A52A53481A3,L0F82CD96EB15,P006,2025-02-01 19:25:09 UTC,1,104.88,delivered,accepted,2025-02-01 19:26:39 UTC,
RA36A39E6EA653,LA986A23A1247,P010,2025-01-06 20:26:32 UTC,1,73.64,delivered,accepted,2025-01-06 20:31:29 UTC,
RA2AB2565CA8A3,L745F9AA2D904,P002,2025-03-20 21:10:44 UTC,1,79.21,delivered,accepted,2025-03-20 21:10:56 UTC,
RAE6E44E3564B6,L9407D71AE8A9,P010,2025-04-30 08:42:28 UTC,1,71.43,delivered,accepted,2025-04-30 08:45:25 UTC,
RA09606C3CBAF4,LE0E79509D0FF,P003,2025-02-07 19:25:39 UTC,1,63.06,delivered,accepted,2025-02-07 19:30:13 UTC,
RADD1A3DD62675,LC6A353DAE614,P002,2025-02-14 19:04:01 UTC,1,73.84,delivered,accepted,2025-02-14 19:04:47 UTC,
RAB3ED6BC40775,L9147444E4DBD,P003,2025-06-07 14:25:20 UTC,1,68.82,delivered,capacity_exceeded,2025-06-07 14:26:47 UTC,state_not_covered
RA9074A023F51D,L9147444E4DBD,P001,2025-06-07 14:25:08 UTC,2,60.53,delivered,accepted,2025-06-07 14:29:21 UTC,
RA01F30CE4FC5E,L24297EA2A393,P009,2025-06-22 14:00:29 UTC,1,55.56,delivered,accepted,2025-06-22 14:02:41 UTC,
RABF931A1C069E,L9D389EF300D1,P002,2025-03-06 19:27:41 UTC,1,68.86,delivered,accepted,2025-03-06 19:31:16 UTC,
RA22EB181530EF,L84A92F1B98C0,P002,2025-01-07 16:51:02 UTC,1,74.77,delivered,capacity_exceeded,2025-01-07 16:53:43 UTC,state_not_covered
RADD5B1877FE19,LF6DE3301DDE9,P010,2025-06-07 12:03:24 UTC,1,70.98,delivered,rejected,2025-06-07 12:04:49 UTC,price_too_low
RACB800F7529F5,LF6DE3301DDE9,P001,2025-06-07 12:03:36 UTC,2,68.16,delivered,accepted,2025-06-07 12:04:36 UTC,
RA678910023270,L597F10DF4563,P010,2025-04-10 08:12:42 UTC,1,64.78,delivered,rejected,2025-04-10 08:15:42 UTC,state_not_covered
RA063377CF36B8,L597F10DF4563,P009,2025-04-10 08:12:40 UTC,2,55.07,delivered,capacity_exceeded,2025-04-10 08:17:34 UTC,price_too_low
RA3AC0A32CD2EB,L77BD011738E5,P010,2025-02-19 16:12:11 UTC,1,62.4,delivered,accepted,2025-02-19 16:15:39 UTC,
RAD22DD8397A6D,L9FC79466DE1F,P001,2025-04-22 12:41:03 UTC,1,69.53,delivered,accepted,2025-04-22 12:45:41 UTC,
RAC3AD7A2ADD9E,L12FC0028F4F9,P002,2025-06-20 08:42:01 UTC,1,79.01,delivered,accepted,2025-06-20 08:46:49 UTC,
RA73301A1BD3CA,L0246E906518B,P001,2025-01-13 15:52:42 UTC,1,71.88,delivered,accepted,2025-01-13 15:55:46 UTC,
RAF33785CE9AD4,LBECB1468C374,P006,2025-01-05 19:25:52 UTC,1,114.73,delivered,accepted,2025-01-05 19:28:35 UTC,
RA155E6076977D,LD2628FA70308,P003,2025-01-12 08:32:08 UTC,1,69.88,delivered,accepted,2025-01-12 08:32:55 UTC,
RAAA1E097C73AA,LF8941EE0B65C,P003,2025-01-27 18:15:26 UTC,1,64.04,delivered,accepted,2025-01-27 18:16:31 UTC,
RA08623392FAEA,LE7A6838AB016,P010,2025-04-14 21:41:11 UTC,1,61.91,delivered,no_response,2025-04-14 21:44:26 UTC,capacity
RAA409DB6B9B22,LD8DB3D885ECD,P010,2025-01-18 15:03:37 UTC,1,66.83,delivered,rejected,2025-01-18 15:05:09 UTC,quality
RA353835B762FD,L19E4ABA94461,P010,2025-01-06 10:36:06 UTC,1,80.79,delivered,accepted,2025-01-06 10:39:39 UTC,
RAAF6BC0678275,L84B3C9B2BA43,P010,2025-02-24 13:11:51 UTC,1,62.04,delivered,rejected,2025-02-24 13:16:47 UTC,quality
RA07BF116E8D0E,LC20003ED7659,P008,2025-05-09 18:28:58 UTC,1,88.71,delivered,capacity_exceeded,2025-05-09 18:29:51 UTC,price_too_low
RACBE829200394,LC20003ED7659,P003,2025-05-09 18:28:58 UTC,2,76.79,delivered,rejected,2025-05-09 18:31:19 UTC,price_too_low
RACC8A8C59E999,LC20003ED7659,P002,2025-05-09 18:28:25 UTC,3,80.83,delivered,accepted,2025-05-09 18:31:09 UTC,
RA20B484A6211C,L3E119F15A19E,P002,2025-02-17 14:28:59 UTC,1,67.86,delivered,accepted,2025-02-17 14:31:56 UTC,
RA0B3B1DB3089F,L37C768E2431B,P010,2025-04-04 15:19:34 UTC,1,70.06,delivered,accepted,2025-04-04 15:23:19 UTC,
RA1672CF31C7A4,L02F2A2F574D9,P002,2025-02-13 13:48:00 UTC,1,76.58,delivered,accepted,2025-02-13 13:48:26 UTC,
RADA7F21CD886B,LC97607A8BDA3,P008,2025-05-01 14:17:26 UTC,1,74.57,delivered,accepted,2025-05-01 14:18:52 UTC,
RAB7A6714DBDD3,L0DD5E26B46DD,P010,2025-06-02 21:36:02 UTC,1,80.84,delivered,rejected,2025-06-02 21:39:48 UTC,quality
RAF34AC186F40F,L6F6D3AF1964D,P002,2025-04-13 09:15:06 UTC,1,80.99,delivered,accepted,2025-04-13 09:15:37 UTC,
RA354A4363591C,L1A458A88CADD,P005,2025-01-01 21:14:57 UTC,1,119.01,delivered,accepted,2025-01-01 21:19:37 UTC,
RA0DF931603664,L46D6A055A436,P001,2025-01-07 13:09:08 UTC,1,63.94,delivered,accepted,2025-01-07 13:12:50 UTC,
RA0BF307FCC8F0,L1C1E6867899A,P002,2025-04-15 12:49:55 UTC,1,75.2,delivered,accepted,2025-04-15 12:53:07 UTC,
RAA02D3CB5DB00,LC72AA9FAC43B,P003,2025-04-30 11:54:12 UTC,1,74.35,delivered,accepted,2025-04-30 11:56:21 UTC,
RA5A6C7EE5ECB0,LB891754EE8D4,P002,2025-05-08 16:43:12 UTC,1,67.46,delivered,accepted,2025-05-08 16:47:19 UTC,
RABBDB8F1B007E,L481D483EBEE7,P003,2025-05-30 17:18:25 UTC,1,71.54,delivered,no_response,2025-05-30 17:19:44 UTC,capacity
RAB37758B963BC,L481D483EBEE7,P010,2025-05-30 17:18:42 UTC,2,68.82,delivered,rejected,2025-05-30 17:22:01 UTC,price_too_low
RA1834855FCC7A,LC45661D2EDCD,P010,2025-01-01 09:12:29 UTC,1,69.07,delivered,accepted,2025-01-01 09:16:30 UTC,
RA208EEF30EA64,L6D967982E2CC,P006,2025-05-20 10:28:32 UTC,1,108.13,delivered,no_response,2025-05-20 10:29:39 UTC,state_not_covered
RAE1BE5ADFC732,LED86BA43E07F,P010,2025-04-19 12:00:28 UTC,1,78.67,delivered,accepted,2025-04-19 12:04:02 UTC,
RA863D1BCAF42B,L8480DF62E6BF,P010,2025-03-31 11:19:30 UTC,1,82.67,delivered,accepted,2025-03-31 11:20:58 UTC,
RA9B5C19001354,LBC7B19711A0D,P001,2025-05-21 10:14:31 UTC,1,63.93,delivered,no_response,2025-05-21 10:18:49 UTC,price_too_low
RA01AE096392C8,L73DB965C0ADC,P005,2025-03-29 08:17:25 UTC,1,94.38,delivered,accepted,2025-03-29 08:18:19 UTC,
RA1983EE1B943F,L40BEF9A0BBE4,P010,2025-02-16 17:35:26 UTC,1,63.99,delivered,accepted,2025-02-16 17:37:46 UTC,
RA4F52672E1781,L9C9CD5FFC4AA,P001,2025-03-17 07:53:05 UTC,1,60.94,delivered,accepted,2025-03-17 07:55:27 UTC,
RA9FC91E7E364B,LE9F8CCAA3B4E,P002,2025-04-27 14:06:57 UTC,1,78.91,delivered,accepted,2025-04-27 14:10:48 UTC,
RAAF9ED01B33A2,LC19CD52C8A7B,P010,2025-04-23 13:10:00 UTC,1,72.93,delivered,accepted,2025-04-23 13:12:35 UTC,
RA1A055E1D4BAD,L852A7572F624,P001,2025-06-03 17:04:34 UTC,1,61.81,delivered,no_response,2025-06-03 17:07:00 UTC,quality
RA197554C798D7,L0C51DE55A131,P010,2025-02-22 09:38:27 UTC,1,69.54,delivered,accepted,2025-02-22 09:39:41 UTC,
RAA75C96CD5AD7,LBA108A20FD81,P003,2025-01-01 21:12:35 UTC,1,73.01,delivered,accepted,2025-01-01 21:14:16 UTC,
RA837C70617720,L62D816FAF82C,P007,2025-01-09 13:55:28 UTC,1,119.99,delivered,rejected,2025-01-09 13:56:48 UTC,price_too_low
RA5768AF4920FF,L8C4558811A06,P005,2025-03-14 11:22:45 UTC,1,92.18,delivered,accepted,2025-03-14 11:24:49 UTC,
RA8DC7F5C0D51A,LF2C808AB1C2B,P002,2025-03-07 18:48:39 UTC,1,85.23,delivered,no_response,2025-03-07 18:53:06 UTC,price_too_low
RA4222D4FF6F72,LF2C808AB1C2B,P010,2025-03-07 18:48:57 UTC,2,82.09,delivered,capacity_exceeded,2025-03-07 18:50:54 UTC,price_too_low
RA89AE482E09D6,LB8BC36958E8E,P009,2025-03-21 19:34:42 UTC,1,51.65,delivered,capacity_exceeded,2025-03-21 19:38:36 UTC,price_too_low
RA3BB0362E8F28,LEBC2889A7826,P006,2025-01-24 11:57:46 UTC,1,108.37,delivered,accepted,2025-01-24 12:02:25 UTC,
RA1967388BBC5C,LC129C960D746,P003,2025-05-16 18:23:18 UTC,1,64.81,delivered,rejected,2025-05-16 18:23:53 UTC,price_too_low
RAA373F3E32526,LC129C960D746,P010,2025-05-16 18:22:34 UTC,2,70.63,delivered,accepted,2025-05-16 18:26:42 UTC,
RA015DB60AE08F,L6B5E564E5FB2,P002,2025-03-03 20:27:50 UTC,1,70.61,delivered,no_response,2025-03-03 20:28:39 UTC,state_not_covered
RA5BE2E08795EB,L61481B7B0C97,P002,2025-03-16 11:20:40 UTC,1,81.49,delivered,accepted,2025-03-16 11:25:39 UTC,
RAA3E7F64EF9C6,LEF6F66ED1512,P010,2025-04-22 11:54:00 UTC,1,77.92,delivered,no_response,2025-04-22 11:54:26 UTC,quality
RAE421F8F254D6,L0E906E6AFE64,P009,2025-03-09 10:16:36 UTC,1,62.43,delivered,accepted,2025-03-09 10:17:42 UTC,
RA7733F4E5257E,LB66D1752AC61,P006,2025-01-24 08:48:14 UTC,1,106.11,delivered,accepted,2025-01-24 08:52:47 UTC,
RA8DFDA18DECE0,L71F2C9EFAE5F,P010,2025-06-21 11:15:40 UTC,1,66.11,delivered,accepted,2025-06-21 11:18:06 UTC,
RAF4ED5B731506,LF5F4D5AF57E2,P009,2025-01-20 23:04:35 UTC,1,50.97,delivered,accepted,2025-01-20 23:08:37 UTC,
RA2AC14BBA8812,L88046C069C64,P010,2025-02-18 09:34:50 UTC,1,73.96,delivered,accepted,2025-02-18 09:35:28 UTC,
RA28C0424AAAA8,L29D7DD556C39,P003,2025-04-05 22:25:35 UTC,1,62.41,delivered,accepted,2025-04-05 22:27:20 UTC,
RA0D59B80C7B1C,L03363F6786AE,P003,2025-03-10 09:53:39 UTC,1,65.37,delivered,accepted,2025-03-10 09:55:39 UTC,
RAE8F3A7291D83,LE9510FE06D22,P002,2025-05-30 18:30:11 UTC,1,68.23,delivered,no_response,2025-05-30 18:32:26 UTC,state_not_covered
RAB8DA9D59BC15,L22EA0DA0B22B,P002,2025-06-23 13:44:16 UTC,1,83.68,delivered,accepted,2025-06-23 13:47:36 UTC,
RA9A0F99A3975F,LAC2BA967EA3C,P010,2025-05-03 11:10:25 UTC,1,64.19,delivered,accepted,2025-05-03 11:13:51 UTC,
RA294A69E06671,LC6AE8977ADF1,P010,2025-05-24 11:19:13 UTC,1,67.17,delivered,accepted,2025-05-24 11:20:59 UTC,
RA818C20BCFD47,L37D40C06BBD8,P001,2025-06-28 23:15:17 UTC,1,71.72,delivered,accepted,2025-06-28 23:19:34 UTC,
RAE69E3271D01D,L5C8261828C3F,P002,2025-02-04 17:07:02 UTC,1,72.83,delivered,no_response,2025-02-04 17:11:13 UTC,quality
RAB6BDB4D3134E,L54AF441AF090,P010,2025-02-17 11:51:53 UTC,1,81.92,delivered,accepted,2025-02-17 11:53:26 UTC,
RA66AADF92B318,L64163C511401,P009,2025-02-05 17:34:55 UTC,1,65.39,delivered,accepted,2025-02-05 17:39:42 UTC,
RAFD3B65A44C54,L7293F852AA43,P001,2025-01-10 17:21:06 UTC,1,59.96,delivered,accepted,2025-01-10 17:21:54 UTC,
RA52A0292CC86C,L8432620303FE,P009,2025-06-18 12:31:55 UTC,1,59.76,delivered,accepted,2025-06-18 12:32:10 UTC,
RA47ED4B4E1C77,LAAF1AC10BB2F,P007,2025-04-15 18:05:02 UTC,1,132.04,delivered,accepted,2025-04-15 18:06:17 UTC,
RA9D5FF21BBD67,LB7E2C2FD78B9,P009,2025-06-04 23:00:12 UTC,1,54.76,delivered,accepted,2025-06-04 23:02:27 UTC,
RA130EEB1CD15B,L32A77F4153AD,P002,2025-02-01 22:03:48 UTC,1,80.1,delivered,accepted,2025-02-01 22:06:22 UTC,
RA293BCA832BE1,L69C13114FE24,P009,2025-05-14 13:53:21 UTC,1,54.36,delivered,capacity_exceeded,2025-05-14 13:54:01 UTC,price_too_low
RA6C76DE46C66F,LB1E5156E4EEB,P003,2025-05-13 17:53:16 UTC,1,57.84,delivered,accepted,2025-05-13 17:54:46 UTC,
RA8F64362BFCAC,LB2618DFEB873,P002,2025-01-25 20:17:39 UTC,1,74.51,delivered,no_response,2025-01-25 20:20:55 UTC,state_not_covered
RACA360E17EAF4,L7043090C9A34,P006,2025-06-19 23:01:31 UTC,1,125.47,delivered,capacity_exceeded,2025-06-19 23:05:58 UTC,state_not_covered
RA1F22F65C115D,L8468DADEE2AB,P006,2025-01-28 21:48:35 UTC,1,129.48,delivered,rejected,2025-01-28 21:51:22 UTC,quality
RA7479EBD348B5,L8468DADEE2AB,P007,2025-01-28 21:48:11 UTC,2,121.04,delivered,accepted,2025-01-28 21:50:12 UTC,
RA5F11B2D0158D,LB59C9244A4E6,P002,2025-05-28 21:40:08 UTC,1,67.49,delivered,accepted,2025-05-28 21:43:41 UTC,
RAE796F5F9C469,LDB121956F20C,P003,2025-06-01 22:50:36 UTC,1,66.55,delivered,no_response,2025-06-01 22:55:19 UTC,capacity
RA100022CAAD4A,LD6896E861861,P004,2025-04-26 13:02:22 UTC,1,87.74,delivered,accepted,2025-04-26 13:03:30 UTC,
RA9C5C031D3A40,LCA82ABBCDE1C,P008,2025-03-20 11:58:34 UTC,1,88.09,delivered,capacity_exceeded,2025-03-20 12:02:02 UTC,quality
RA7C70AA237D5C,LCA82ABBCDE1C,P003,2025-03-20 11:58:21 UTC,2,75.45,delivered,no_response,2025-03-20 11:59:40 UTC,price_too_low
RAB61DE4C3B3F0,LC46CD7A80D6D,P010,2025-04-16 11:25:48 UTC,1,78.98,delivered,accepted,2025-04-16 11:27:14 UTC,
RA7EA2967B71A4,L4BE55FABC974,P009,2025-03-21 19:08:19 UTC,1,59.84,delivered,capacity_exceeded,2025-03-21 19:11:56 UTC,capacity
RAC1E702E79938,LF846180E39ED,P010,2025-04-06 11:41:30 UTC,1,76.13,delivered,capacity_exceeded,2025-04-06 11:42:05 UTC,state_not_covered
RA922E003AA71D,LF846180E39ED,P001,2025-04-06 11:41:57 UTC,2,71.25,delivered,accepted,2025-04-06 11:46:21 UTC,
RA713B4F3AB2E5,L73D4450FD971,P004,2025-02-15 23:14:21 UTC,1,103.99,delivered,accepted,2025-02-15 23:17:49 UTC,
RAEF824F531DEF,LB2D1F4DA55F1,P003,2025-01-01 09:20:20 UTC,1,58.78,delivered,accepted,2025-01-01 09:24:59 UTC,
RADC4CB3D2100E,LF8648773DBA9,P010,2025-06-30 19:08:06 UTC,1,62.98,delivered,accepted,2025-06-30 19:12:03 UTC,
RA064EABF5E359,LB940D144DDAA,P003,2025-06-04 15:33:08 UTC,1,74.6,delivered,no_response,2025-06-04 15:36:51 UTC,state_not_covered
RA5E5736A5107A,L2D74B99D4E2F,P010,2025-01-08 19:36:27 UTC,1,79.14,delivered,accepted,2025-01-08 19:41:26 UTC,
RA93FC9B24E8D4,LA1EDB72D9CB3,P008,2025-04-13 09:59:01 UTC,1,82.02,delivered,accepted,2025-04-13 10:03:36 UTC,
RA883AB285F102,LDF6CA27A6155,P010,2025-01-23 10:17:27 UTC,1,81.98,delivered,capacity_exceeded,2025-01-23 10:22:23 UTC,price_too_low
RA3E9E0D053F42,LCD62FA200E9C,P010,2025-04-09 12:27:18 UTC,1,62.02,delivered,capacity_exceeded,2025-04-09 12:27:52 UTC,state_not_covered
RA9F17C2B002DB,LB138F158C512,P009,2025-05-10 10:22:49 UTC,1,59.88,delivered,capacity_exceeded,2025-05-10 10:24:30 UTC,price_too_low
RAE6202750011B,L7E4BD5B6C084,P010,2025-06-01 10:26:03 UTC,1,77.19,delivered,capacity_exceeded,2025-06-01 10:30:30 UTC,price_too_low
RA23EC3D0AA53F,LDD9CAA974FBE,P002,2025-04-18 17:24:22 UTC,1,64.06,delivered,accepted,2025-04-18 17:28:00 UTC,
RAB1C88F3697FE,L1E775D13CA3E,P005,2025-01-25 16:18:35 UTC,1,114.08,delivered,accepted,2025-01-25 16:21:59 UTC,
RA724FFF691CFA,L930662686AC6,P003,2025-04-24 15:56:05 UTC,1,73.82,delivered,accepted,2025-04-24 15:59:09 UTC,
RA27C30DA49F53,L26CB1A953B92,P002,2025-02-09 21:48:45 UTC,1,78.22,delivered,accepted,2025-02-09 21:53:17 UTC,
RAEA76FA55CFAD,L4FA998AB881E,P001,2025-05-20 15:02:43 UTC,1,63.13,delivered,capacity_exceeded,2025-05-20 15:06:32 UTC,price_too_low
RAF2397FD73B43,L855C3AF8A427,P005,2025-03-23 12:18:03 UTC,1,120.43,delivered,accepted,2025-03-23 12:20:21 UTC,
RAD95A13D1493D,LAC487B6CFE83,P002,2025-03-04 19:41:05 UTC,1,69.63,delivered,accepted,2025-03-04 19:42:03 UTC,
RAFDB0D2291B77,LAD8DB4E2AC9C,P002,2025-03-17 13:18:16 UTC,1,80.25,delivered,capacity_exceeded,2025-03-17 13:18:51 UTC,price_too_low
RA8CA5F7576D5C,L4C969A5A3D75,P003,2025-01-04 08:52:53 UTC,1,59.2,delivered,no_response,2025-01-04 08:56:18 UTC,capacity
RABEB9C1FDD79B,L4C969A5A3D75,P010,2025-01-04 08:52:58 UTC,2,61.7,delivered,capacity_exceeded,2025-01-04 08:54:55 UTC,quality
RA712652EDC2BE,L90BFB5F68C52,P003,2025-02-16 12:01:56 UTC,1,76.23,delivered,accepted,2025-02-16 12:05:34 UTC,
RA6F3A0DAEFDF7,L551E4C9C8A7A,P001,2025-01-13 19:52:07 UTC,1,62.31,delivered,accepted,2025-01-13 19:55:57 UTC,
RA627A7F71D647,LF015708741A2,P003,2025-03-04 20:36:51 UTC,1,67.66,delivered,rejected,2025-03-04 20:38:05 UTC,state_not_covered
RAF806D638E936,LF42F148105FB,P010,2025-05-25 15:49:38 UTC,1,73.65,delivered,rejected,2025-05-25 15:53:00 UTC,capacity
RAB145F45D3D91,LF42F148105FB,P002,2025-05-25 15:49:50 UTC,2,72.51,delivered,accepted,2025-05-25 15:53:51 UTC,
RA56CE8F63CD7D,L3CA628060D17,P001,2025-06-09 11:35:18 UTC,1,62.07,delivered,accepted,2025-06-09 11:35:36 UTC,
RAB182CE3BBA99,LE4EB41553CEF,P003,2025-02-13 10:06:17 UTC,1,70.92,delivered,capacity_exceeded,2025-02-13 10:06:27 UTC,capacity
RAE66FCBD5CC25,L14F8A46D2D9B,P009,2025-06-24 22:09:59 UTC,1,49.48,delivered,accepted,2025-06-24 22:10:11 UTC,
RAAFE106FAB7CE,L8F67A5A1CC8C,P003,2025-01-29 13:49:21 UTC,1,70.38,delivered,accepted,2025-01-29 13:50:38 UTC,
RAF54F0E78979C,L3E6AFD925976,P010,2025-01-28 17:49:15 UTC,1,69.57,delivered,accepted,2025-01-28 17:49:56 UTC,
RABC3E3803FB4E,L9BBCCA1E9386,P003,2025-05-22 20:00:01 UTC,1,58.62,delivered,accepted,2025-05-22 20:01:28 UTC,
RAA3914A4B417F,L3C8E0CB672ED,P008,2025-03-16 22:02:35 UTC,1,75.88,delivered,capacity_exceeded,2025-03-16 22:04:15 UTC,capacity
RA02512B868978,L3C8E0CB672ED,P002,2025-03-16 22:02:57 UTC,2,84.52,delivered,no_response,2025-03-16 22:05:38 UTC,price_too_low
RA7C4DCB3F670E,LE4BFF7C2C5D1,P010,2025-03-23 18:30:46 UTC,1,77.37,delivered,capacity_exceeded,2025-03-23 18:35:37 UTC,quality
RA19CDA4FC718B,LE4BFF7C2C5D1,P009,2025-03-23 18:30:30 UTC,2,49.83,delivered,accepted,2025-03-23 18:34:27 UTC,
RA3BB9DA065A22,L416F3242316C,P009,2025-04-06 17:02:45 UTC,1,56.43,delivered,accepted,2025-04-06 17:04:14 UTC,
RAA953DFE07C18,L9F95FD8AE071,P005,2025-04-11 12:08:46 UTC,1,89.29,delivered,accepted,2025-04-11 12:11:47 UTC,
RACFB5B3AD3D10,LFEAC0DB67D7B,P010,2025-04-25 14:24:24 UTC,1,80.19,delivered,accepted,2025-04-25 14:27:24 UTC,
RA7A4D66CFA77A,L213A1C19BDB8,P007,2025-06-24 18:42:35 UTC,1,141.44,delivered,accepted,2025-06-24 18:47:35 UTC,
RAF6E5D15CC511,LC9139A712D39,P010,2025-03-12 11:37:28 UTC,1,63.74,delivered,accepted,2025-03-12 11:41:29 UTC,
RA04A22673474A,L604B0081BDC8,P003,2025-04-22 14:33:30 UTC,1,58.59,delivered,accepted,2025-04-22 14:36:14 UTC,
RA63694977C6E9,L3DD81990A8F6,P010,2025-01-25 13:02:08 UTC,1,73.22,delivered,accepted,2025-01-25 13:06:44 UTC,
RA06F9F0F1612C,LEDFB12E86D0D,P005,2025-04-26 18:05:37 UTC,1,119.36,delivered,accepted,2025-04-26 18:06:07 UTC,
RA02B519A8E53E,LB9295105B066,P007,2025-01-02 16:35:55 UTC,1,123.38,delivered,accepted,2025-01-02 16:38:57 UTC,
RAC9500E6C4926,L7486CCD62E9B,P002,2025-05-25 07:25:06 UTC,1,68.05,delivered,accepted,2025-05-25 07:26:26 UTC,
RA42B807FC2953,L137032B925A7,P010,2025-06-05 09:33:32 UTC,1,64.12,delivered,accepted,2025-06-05 09:33:42 UTC,
RAE1BB1B3AC89B,L1E75F1A69DFE,P001,2025-03-01 11:32:53 UTC,1,68.49,delivered,no_response,2025-03-01 11:35:45 UTC,capacity
RACEB097A54212,L0DC4D20DE052,P010,2025-01-20 14:38:59 UTC,1,67.58,delivered,accepted,2025-01-20 14:42:24 UTC,
RA0E1374DCA160,LCDD7493D7214,P010,2025-05-01 20:23:32 UTC,1,74.9,delivered,accepted,2025-05-01 20:28:10 UTC,
RAFE0717F931C0,L3417A33BA0FF,P010,2025-01-02 19:33:36 UTC,1,80.6,delivered,accepted,2025-01-02 19:34:13 UTC,
RA4E11C64F437B,LC73B7ABEB4CB,P002,2025-04-01 08:00:26 UTC,1,73.78,delivered,accepted,2025-04-01 08:05:07 UTC,
RAD349C8D4A24E,L83B1C2B62A10,P010,2025-01-29 19:29:07 UTC,1,74.01,delivered,no_response,2025-01-29 19:31:23 UTC,quality
RAB94E5A9E3598,L83B1C2B62A10,P003,2025-01-29 19:28:57 UTC,2,67.33,delivered,rejected,2025-01-29 19:33:03 UTC,capacity
RAEA40D3250E49,LE3240F6AA440,P010,2025-04-17 16:08:41 UTC,1,70.4,delivered,no_response,2025-04-17 16:10:45 UTC,quality
RAF9E41A3A390F,LE3240F6AA440,P001,2025-04-17 16:07:54 UTC,2,56.99,delivered,capacity_exceeded,2025-04-17 16:11:49 UTC,capacity
RA6145FD268744,LB700FEE56647,P010,2025-01-23 18:02:57 UTC,1,65.86,delivered,accepted,2025-01-23 18:03:53 UTC,
RAD700F3B3EE6F,L5AD63C47C7F7,P002,2025-01-09 14:06:43 UTC,1,73.38,delivered,accepted,2025-01-09 14:10:57 UTC,
RA2C7967BE85C0,LFD8D105C5C15,P007,2025-05-01 07:21:52 UTC,1,131.02,delivered,no_response,2025-05-01 07:25:53 UTC,price_too_low
RAB836DE49380E,LFD8D105C5C15,P006,2025-05-01 07:22:13 UTC,2,101.33,delivered,no_response,2025-05-01 07:24:15 UTC,capacity
RAFA57377E5023,L8751030D3F56,P003,2025-01-16 11:48:03 UTC,1,73.0,delivered,accepted,2025-01-16 11:50:20 UTC,
RAE28B1A66B777,L58B2C95BD493,P002,2025-03-13 10:34:20 UTC,1,66.64,delivered,accepted,2025-03-13 10:37:49 UTC,
RA4875E4A08A12,L1E37B2B6B311,P002,2025-05-14 15:46:08 UTC,1,86.08,delivered,accepted,2025-05-14 15:51:01 UTC,
RA281000C6666D,L8EDBC0C106F7,P005,2025-05-09 12:38:54 UTC,1,116.94,delivered,accepted,2025-05-09 12:39:29 UTC,
RA8E3D0C7B2B8F,L95FA0D5516E1,P005,2025-03-20 16:40:49 UTC,1,118.27,delivered,capacity_exceeded,2025-03-20 16:44:48 UTC,state_not_covered
RA3FB9AA84E843,L3FBF06EC824B,P010,2025-01-16 07:28:12 UTC,1,74.59,delivered,rejected,2025-01-16 07:30:33 UTC,state_not_covered
RA0C74046E44E9,L6D0C1B08DDD4,P002,2025-01-03 09:42:27 UTC,1,66.55,delivered,accepted,2025-01-03 09:46:26 UTC,
RA5E72F3CF2C47,L310BA42E5054,P005,2025-03-11 11:29:14 UTC,1,112.64,delivered,rejected,2025-03-11 11:30:49 UTC,state_not_covered
RADA006CF8FB30,L7867048EF905,P001,2025-03-25 20:00:44 UTC,1,66.15,delivered,capacity_exceeded,2025-03-25 20:01:03 UTC,state_not_covered
RA0F98C53F849B,L7867048EF905,P010,2025-03-25 20:00:14 UTC,2,77.68,delivered,accepted,2025-03-25 20:04:23 UTC,
RA6F90B217AE0C,LD72195391D60,P010,2025-06-12 19:49:52 UTC,1,74.17,delivered,accepted,2025-06-12 19:52:58 UTC,
RAEF8F5EBB9A10,L14A9695636D9,P010,2025-06-18 17:53:15 UTC,1,75.43,delivered,accepted,2025-06-18 17:57:46 UTC,
RAB3A91DB7E4B1,LA624E4BC9614,P005,2025-02-23 15:14:38 UTC,1,110.17,delivered,accepted,2025-02-23 15:19:00 UTC,
RAF7D9BDA69F6B,L072194FC2C20,P002,2025-06-19 11:28:49 UTC,1,72.23,delivered,accepted,2025-06-19 11:31:48 UTC,
RAAA97CBE4C0BF,LBA7D5F1D9CCA,P010,2025-01-02 21:18:32 UTC,1,70.08,delivered,rejected,2025-01-02 21:20:53 UTC,capacity
RA82A27F74FE99,LBA7D5F1D9CCA,P008,2025-01-02 21:18:44 UTC,2,72.86,delivered,rejected,2025-01-02 21:20:50 UTC,capacity
RAEB242C54A9F8,LB6C917A5DACD,P009,2025-03-30 11:21:30 UTC,1,60.68,delivered,accepted,2025-03-30 11:23:00 UTC,
RAE677BD2231DA,L03956178A2FB,P003,2025-06-22 10:27:45 UTC,1,66.18,delivered,accepted,2025-06-22 10:28:37 UTC,
RA7635DAF15B32,L6AF0266B1B9F,P002,2025-03-29 07:32:57 UTC,1,82.75,delivered,accepted,2025-03-29 07:36:43 UTC,
RA2C9547ACCCA4,L8A978E48E35E,P010,2025-03-08 23:17:02 UTC,1,76.6,delivered,no_response,2025-03-08 23:17:42 UTC,capacity
RACA4910805841,L5AE53FE58D47,P009,2025-03-22 10:47:30 UTC,1,50.94,delivered,accepted,2025-03-22 10:48:20 UTC,
RA6F5E1EDED276,LD8C29D331073,P009,2025-03-02 16:17:33 UTC,1,63.61,delivered,no_response,2025-03-02 16:21:55 UTC,quality
RAF991A1F39CEE,L89D30E1EDB1E,P007,2025-04-03 14:00:34 UTC,1,139.66,delivered,accepted,2025-04-03 14:00:58 UTC,
RA6D33EA719435,L69F5318A92C5,P002,2025-04-09 07:27:18 UTC,1,70.21,delivered,accepted,2025-04-09 07:28:48 UTC,
RAF7AEA143CB8E,L15CFC659C6AA,P003,2025-05-27 12:48:49 UTC,1,74.47,delivered,accepted,2025-05-27 12:53:01 UTC,
RA4B829BD5CB7B,L30884CE81EA6,P003,2025-01-30 11:06:05 UTC,1,67.78,delivered,accepted,2025-01-30 11:09:12 UTC,
RAB712C309C6C6,L291FFCE4D977,P006,2025-03-30 15:53:58 UTC,1,111.67,delivered,accepted,2025-03-30 15:54:08 UTC,
RA752C4FAE5FDC,L99731E62282A,P010,2025-05-11 09:13:50 UTC,1,81.76,delivered,accepted,2025-05-11 09:17:36 UTC,
RAE5E9AAABEDCF,L1D7B9C6EF55D,P010,2025-04-14 19:10:29 UTC,1,64.33,delivered,accepted,2025-04-14 19:11:31 UTC,
RAD947762D2080,L54AC7D787A38,P002,2025-05-15 14:39:46 UTC,1,65.31,delivered,rejected,2025-05-15 14:43:30 UTC,capacity
RA63351EAA02FC,L54AC7D787A38,P003,2025-05-15 14:40:07 UTC,2,64.12,delivered,accepted,2025-05-15 14:43:34 UTC,
RA6533C1D604FE,L7B577F3337F4,P003,2025-02-08 12:50:22 UTC,1,63.2,delivered,accepted,2025-02-08 12:53:34 UTC,
RA99D022DE1701,LE19DE9C53758,P010,2025-05-27 08:46:15 UTC,1,64.73,delivered,accepted,2025-05-27 08:49:23 UTC,
RA276FD0D35E53,L935D2CF5A2B5,P004,2025-02-18 07:28:53 UTC,1,93.56,delivered,accepted,2025-02-18 07:33:48 UTC,
RAD84911B4FD4A,LD0E02BE38FA8,P003,2025-02-04 20:48:11 UTC,1,57.83,delivered,accepted,2025-02-04 20:52:51 UTC,
RABE94E526A9E4,L39611B74D583,P006,2025-04-24 07:54:56 UTC,1,125.19,delivered,accepted,2025-04-24 07:57:40 UTC,
RA76AA26B9AF89,LC0821610A9C2,P010,2025-01-12 14:50:21 UTC,1,65.09,delivered,accepted,2025-01-12 14:54:52 UTC,
RA7B52C3061D3C,L45B304DE06FC,P010,2025-06-01 22:03:28 UTC,1,64.42,delivered,accepted,2025-06-01 22:07:27 UTC,
RA8CFD09219D3D,LA8B8801B74AD,P002,2025-06-30 18:30:43 UTC,1,70.01,delivered,accepted,2025-06-30 18:32:34 UTC,
RA1C6CB41F9CAA,LA432FB222CAF,P009,2025-02-26 17:30:56 UTC,1,59.62,delivered,rejected,2025-02-26 17:34:51 UTC,price_too_low
RACFFF1503BDFE,LA432FB222CAF,P002,2025-02-26 17:31:22 UTC,2,65.28,delivered,accepted,2025-02-26 17:33:21 UTC,
RA410FA2588740,L6878CDA66B0D,P002,2025-04-22 10:01:09 UTC,1,73.54,delivered,accepted,2025-04-22 10:03:59 UTC,
RA91D9B4BFAED1,L7A10CE2142D2,P010,2025-05-18 20:22:24 UTC,1,68.19,delivered,accepted,2025-05-18 20:25:15 UTC,
RA524D44E5F1F7,L41AB6B93AFAE,P001,2025-05-27 08:02:36 UTC,1,62.78,delivered,accepted,2025-05-27 08:04:25 UTC,
RA591CEA5A5E77,L3605DEC05831,P010,2025-03-10 20:26:04 UTC,1,74.32,delivered,no_response,2025-03-10 20:30:22 UTC,quality
RA2E028E8BA953,LDA52DE46A14A,P008,2025-02-16 07:45:53 UTC,1,87.47,delivered,accepted,2025-02-16 07:47:12 UTC,
RAB8515CDCF696,L4FFA0D233D5A,P003,2025-03-07 09:47:25 UTC,1,70.33,delivered,capacity_exceeded,2025-03-07 09:51:42 UTC,quality
RA12CAC6C24E45,LC60F07E07511,P003,2025-06-14 22:25:04 UTC,1,64.8,delivered,rejected,2025-06-14 22:25:38 UTC,capacity
RAF72FAD7403B1,LC60F07E07511,P010,2025-06-14 22:25:10 UTC,2,65.57,delivered,capacity_exceeded,2025-06-14 22:26:05 UTC,capacity
RA6221CB5BE556,LC60F07E07511,P001,2025-06-14 22:25:44 UTC,3,65.41,delivered,accepted,2025-06-14 22:27:53 UTC,
RA62DFA7BB11BE,LB8CA1694F8B1,P003,2025-01-02 12:08:47 UTC,1,58.46,delivered,accepted,2025-01-02 12:11:48 UTC,
RABA71DA5D634C,L3259CB1851A0,P002,2025-02-27 22:05:15 UTC,1,72.04,delivered,accepted,2025-02-27 22:08:06 UTC,
RAC9819CDCFCB9,LDDB401C8965F,P005,2025-06-19 21:54:29 UTC,1,102.52,delivered,accepted,2025-06-19 21:57:03 UTC,
RAC842790E06A8,L54944D3038A8,P002,2025-05-01 16:35:42 UTC,1,78.36,delivered,accepted,2025-05-01 16:38:06 UTC,
RAAD7274E68BB5,L96D645E5C36D,P009,2025-03-05 16:31:14 UTC,1,63.46,delivered,capacity_exceeded,2025-03-05 16:35:05 UTC,quality
RAF35E053248EB,L81D593ECA253,P004,2025-03-28 09:50:36 UTC,1,92.17,delivered,accepted,2025-03-28 09:54:53 UTC,
RA0C195C569288,L44812C07C716,P001,2025-04-28 15:08:03 UTC,1,72.11,delivered,accepted,2025-04-28 15:12:42 UTC,
RAB1111FD8C7C8,L1996C64B8E1F,P008,2025-01-07 23:05:26 UTC,1,67.91,delivered,no_response,2025-01-07 23:09:43 UTC,price_too_low
RA78D3B064BD01,LAF3939C7ACA5,P010,2025-02-16 21:32:04 UTC,1,69.44,delivered,rejected,2025-02-16 21:33:37 UTC,state_not_covered
RA3BBAD0164DFE,LBBBF83DE5B81,P010,2025-06-23 08:06:50 UTC,1,68.02,delivered,no_response,2025-06-23 08:11:32 UTC,quality
RACE940FF689E6,LBB8EF1D2DA80,P010,2025-02-15 22:07:44 UTC,1,79.29,delivered,rejected,2025-02-15 22:11:51 UTC,state_not_covered
RADCA13E8B5A60,LBB8EF1D2DA80,P002,2025-02-15 22:07:50 UTC,2,78.07,delivered,accepted,2025-02-15 22:08:08 UTC,
RABA35A38FC19E,LFC130568E773,P006,2025-03-01 17:30:57 UTC,1,126.79,delivered,accepted,2025-03-01 17:35:43 UTC,
RABB24E5690509,L2AC4ED7F96C2,P002,2025-01-08 21:39:20 UTC,1,84.6,delivered,no_response,2025-01-08 21:40:46 UTC,quality
RA8B63E17A3074,L2AC4ED7F96C2,P009,2025-01-08 21:39:32 UTC,2,54.08,delivered,no_response,2025-01-08 21:44:23 UTC,price_too_low
RAD694802AC860,L9513CB364763,P004,2025-01-25 17:03:49 UTC,1,82.97,delivered,accepted,2025-01-25 17:06:44 UTC,
RAF7DC94212B48,L638F70CCA3BC,P002,2025-06-19 18:03:08 UTC,1,84.5,delivered,accepted,2025-06-19 18:04:32 UTC,
RA2FA5172B4F39,LB5D9F479707E,P010,2025-04-21 20:32:33 UTC,1,67.51,delivered,accepted,2025-04-21 20:34:34 UTC,
RA2B93F06B2A8E,L648D427B8067,P009,2025-02-22 10:17:26 UTC,1,60.93,delivered,accepted,2025-02-22 10:20:49 UTC,
RA948486EC9238,LF7957346A7C3,P002,2025-06-05 15:00:03 UTC,1,81.06,delivered,no_response,2025-06-05 15:03:38 UTC,quality
RA5F2D4A332094,LF7957346A7C3,P003,2025-06-05 14:59:55 UTC,2,65.81,delivered,rejected,2025-06-05 15:00:19 UTC,price_too_low
RA713CEA9C9AC3,LF42DAA870DC4,P010,2025-02-11 10:26:54 UTC,1,73.68,delivered,no_response,2025-02-11 10:31:16 UTC,quality
RA68C55672EF96,LF42DAA870DC4,P003,2025-02-11 10:27:14 UTC,2,66.98,delivered,accepted,2025-02-11 10:30:14 UTC,
RA7F1705242125,L0F6EC33C3B20,P002,2025-05-18 19:21:06 UTC,1,66.31,delivered,accepted,2025-05-18 19:24:26 UTC,
RA85CC159FC616,L914662936FEA,P003,2025-02-21 12:29:53 UTC,1,58.44,delivered,accepted,2025-02-21 12:32:06 UTC,
RA455C7BAEBC97,L56264ECDCAAC,P010,2025-05-22 08:02:46 UTC,1,70.56,delivered,accepted,2025-05-22 08:04:30 UTC,
RA487D0672C125,L0AC87623DD73,P002,2025-02-07 20:47:25 UTC,1,82.81,delivered,accepted,2025-02-07 20:48:53 UTC,
RA38300A3BA9E6,L5A74BA870718,P003,2025-06-02 21:38:53 UTC,1,62.59,delivered,accepted,2025-06-02 21:39:56 UTC,
RA96C834B58152,LEE13966716E2,P001,2025-03-24 20:50:31 UTC,1,56.97,delivered,rejected,2025-03-24 20:51:57 UTC,capacity
RA742E63C53D5D,LB11A2B275358,P006,2025-04-06 16:45:47 UTC,1,102.95,delivered,accepted,2025-04-06 16:47:50 UTC,
RA7562B6DA42AE,LC2F032E1DA44,P001,2025-04-11 17:57:59 UTC,1,71.9,delivered,accepted,2025-04-11 18:00:43 UTC,
RAFECB5C171BFB,L7470B65CD2CE,P003,2025-05-19 10:44:05 UTC,1,69.05,delivered,accepted,2025-05-19 10:46:19 UTC,
RA1D0BF18DAB3D,L042724F28400,P010,2025-04-05 19:36:55 UTC,1,74.1,delivered,rejected,2025-04-05 19:37:47 UTC,capacity
RA129CC724E2D4,L042724F28400,P003,2025-04-05 19:36:25 UTC,2,75.13,delivered,rejected,2025-04-05 19:39:18 UTC,state_not_covered
RA7428077C36E5,L042724F28400,P002,2025-04-05 19:36:58 UTC,3,85.51,delivered,accepted,2025-04-05 19:37:14 UTC,
RA59059D49BC4A,LCB526E6FDE7B,P005,2025-04-02 11:17:33 UTC,1,115.29,delivered,accepted,2025-04-02 11:18:58 UTC,
RA2E5658466706,LF658A111776D,P003,2025-04-28 09:46:49 UTC,1,71.19,delivered,rejected,2025-04-28 09:47:02 UTC,state_not_covered
RA6530315231E9,L334997E3B0BD,P006,2025-06-06 22:03:01 UTC,1,129.57,delivered,capacity_exceeded,2025-06-06 22:06:39 UTC,capacity
RA7EF4EF412455,L0CC4F079BE55,P005,2025-01-15 08:20:50 UTC,1,93.52,delivered,capacity_exceeded,2025-01-15 08:21:46 UTC,capacity
RA39B0DDEE3FC3,LDDE03EBF2C1C,P003,2025-01-06 11:45:04 UTC,1,72.79,delivered,rejected,2025-01-06 11:46:20 UTC,capacity
RAD255ED24155C,LDDE03EBF2C1C,P002,2025-01-06 11:45:20 UTC,2,84.83,delivered,accepted,2025-01-06 11:46:07 UTC,
RA0F0119F1C44C,L5AD05D033054,P008,2025-02-05 11:06:23 UTC,1,74.38,delivered,accepted,2025-02-05 11:10:55 UTC,
RAF1396AACFEF1,L1BDAA64135EF,P003,2025-01-04 09:25:23 UTC,1,72.53,delivered,capacity_exceeded,2025-01-04 09:25:40 UTC,state_not_covered
RA8B14F281FE40,LC4624E2696BC,P004,2025-02-12 17:55:07 UTC,1,94.18,delivered,accepted,2025-02-12 17:56:33 UTC,
RA8289700E4F42,L19F7EAFDC8D3,P002,2025-03-22 12:31:01 UTC,1,72.45,delivered,accepted,2025-03-22 12:33:20 UTC,
RA022E2D6DE943,L87DEAE83DA31,P002,2025-02-22 07:22:28 UTC,1,85.48,delivered,rejected,2025-02-22 07:24:11 UTC,price_too_low
RA1E5B30A21509,L478D7D70D2C7,P005,2025-04-11 22:05:50 UTC,1,103.59,delivered,accepted,2025-04-11 22:09:05 UTC,
RA440B5FD61862,L6F3C68CDF950,P005,2025-05-13 16:24:32 UTC,1,116.36,delivered,accepted,2025-05-13 16:24:59 UTC,
RA8C5C363A3802,L0C7C242459DA,P008,2025-03-28 16:41:04 UTC,1,88.13,delivered,accepted,2025-03-28 16:41:37 UTC,
RAF19A51B8CD91,L7933A07017C2,P005,2025-01-27 14:54:58 UTC,1,118.02,delivered,accepted,2025-01-27 14:57:42 UTC,
RA96DC0C530E1D,L9AF953D55529,P003,2025-02-14 22:23:12 UTC,1,77.76,delivered,rejected,2025-02-14 22:27:13 UTC,capacity
RA5A6D387D4717,L9AF953D55529,P002,2025-02-14 22:23:04 UTC,2,63.91,delivered,capacity_exceeded,2025-02-14 22:26:02 UTC,quality
RAE78510546F0C,LEE406676EEBE,P010,2025-04-20 12:45:05 UTC,1,71.97,delivered,accepted,2025-04-20 12:46:07 UTC,
RACF444B21A160,LE29B9ECC3B8D,P001,2025-02-19 16:03:51 UTC,1,56.17,delivered,accepted,2025-02-19 16:08:44 UTC,
RA37BF90221464,L1705935D9628,P009,2025-04-13 19:24:48 UTC,1,55.74,delivered,accepted,2025-04-13 19:29:39 UTC,
RAA36A46E63DC5,L46E6E7110DFF,P002,2025-02-01 14:22:37 UTC,1,71.9,delivered,accepted,2025-02-01 14:23:17 UTC,
RAAFD3565465CC,L00AC6692D0F0,P002,2025-01-04 17:48:47 UTC,1,78.15,delivered,accepted,2025-01-04 17:51:04 UTC,
RA94531F2760C1,L41072A66C84D,P003,2025-01-30 15:04:43 UTC,1,57.84,delivered,accepted,2025-01-30 15:08:03 UTC,
RAEB36D794F08B,L562F422EAB78,P001,2025-05-06 07:55:18 UTC,1,68.25,delivered,accepted,2025-05-06 07:59:10 UTC,
RA8702E351C67B,L90B16B15748A,P002,2025-05-31 19:30:51 UTC,1,65.39,delivered,accepted,2025-05-31 19:34:05 UTC,
RACB4E99B253D3,L0A4A9F79FC43,P009,2025-03-20 22:32:55 UTC,1,59.31,delivered,rejected,2025-03-20 22:33:10 UTC,price_too_low
RAEA08C4782E58,L0A4A9F79FC43,P002,2025-03-20 22:33:22 UTC,2,83.23,delivered,accepted,2025-03-20 22:36:41 UTC,
RAE9ED1C2A34CC,LD3958EA7DA2F,P002,2025-01-28 13:59:17 UTC,1,70.72,delivered,accepted,2025-01-28 14:03:39 UTC,
RAAD7EBEFDD1AC,LBBD422AC4331,P001,2025-06-07 15:51:16 UTC,1,61.03,delivered,rejected,2025-06-07 15:52:42 UTC,capacity
RACB886555B270,L74036DD26F02,P001,2025-03-18 19:33:55 UTC,1,66.93,delivered,accepted,2025-03-18 19:34:05 UTC,
RA926B49469C4A,L3F3B23B412AB,P001,2025-01-25 09:26:48 UTC,1,56.22,delivered,accepted,2025-01-25 09:30:34 UTC,
RA23665432F2D9,LABFA3AB1E6E6,P010,2025-06-18 20:44:02 UTC,1,76.83,delivered,accepted,2025-06-18 20:46:38 UTC,
RAAC7FB73D0A94,L5CB0FED8BC06,P003,2025-02-23 23:06:19 UTC,1,69.39,delivered,accepted,2025-02-23 23:06:56 UTC,
RA8CAECDD4E952,LB219E5D0056B,P005,2025-01-06 12:08:36 UTC,1,95.81,delivered,accepted,2025-01-06 12:09:21 UTC,
RABBF40892EA6B,LE124E52E49B9,P002,2025-01-08 19:52:41 UTC,1,71.06,delivered,no_response,2025-01-08 19:53:19 UTC,state_not_covered
RA4652A2F78362,L4ED9719857EA,P007,2025-05-21 10:44:12 UTC,1,123.23,delivered,capacity_exceeded,2025-05-21 10:47:52 UTC,quality
RAE73B55C3C226,L4ED9719857EA,P006,2025-05-21 10:43:38 UTC,2,120.45,delivered,accepted,2025-05-21 10:47:43 UTC,
RAB8779741836D,LB8A89FEC844D,P001,2025-06-05 08:04:58 UTC,1,57.69,delivered,accepted,2025-06-05 08:09:27 UTC,
RAD28B837288C3,L4302A4B1CED7,P003,2025-05-07 16:51:12 UTC,1,65.43,delivered,accepted,2025-05-07 16:51:36 UTC,
RAE697FBD17B99,L474A6893D0B7,P010,2025-02-28 16:16:30 UTC,1,71.21,delivered,accepted,2025-02-28 16:18:13 UTC,
RA27E957FF789A,L8AAD382E6358,P003,2025-05-28 08:10:12 UTC,1,67.38,delivered,accepted,2025-05-28 08:11:51 UTC,
RADAA64AECEE40,LF6C431648F96,P003,2025-05-23 21:34:17 UTC,1,75.25,delivered,accepted,2025-05-23 21:37:20 UTC,
RA3910C6DF7B5E,L25FADD389766,P002,2025-06-25 10:30:43 UTC,1,66.3,delivered,accepted,2025-06-25 10:35:04 UTC,
RAED5BD7D12204,L89C44E5D6E5E,P010,2025-01-20 18:55:19 UTC,1,65.32,delivered,accepted,2025-01-20 18:59:17 UTC,
RAB35CB46CAC62,LC06DF285BC1E,P010,2025-02-16 21:02:56 UTC,1,72.29,delivered,no_response,2025-02-16 21:04:55 UTC,capacity
RA9E59A4078002,LA8354109EF7B,P002,2025-04-15 20:13:49 UTC,1,67.72,delivered,accepted,2025-04-15 20:14:04 UTC,
RACD79CB98DDF4,L43096254B378,P003,2025-01-20 18:06:23 UTC,1,68.54,delivered,rejected,2025-01-20 18:07:00 UTC,state_not_covered
RA088427E228D3,L43096254B378,P002,2025-01-20 18:06:51 UTC,2,65.52,delivered,rejected,2025-01-20 18:10:25 UTC,capacity
RA2F78F9CA84C1,LED6D01AD0CC2,P009,2025-01-28 15:44:28 UTC,1,66.62,delivered,no_response,2025-01-28 15:44:56 UTC,quality
RA4CAE6B13D7D6,LED6D01AD0CC2,P002,2025-01-28 15:44:19 UTC,2,76.04,delivered,accepted,2025-01-28 15:48:40 UTC,
RA35C29632E939,LD0997028C2FD,P002,2025-01-07 19:04:47 UTC,1,81.15,delivered,accepted,2025-01-07 19:06:46 UTC,
RA5FB69D38BF8B,LB046C85B2507,P004,2025-02-19 22:44:49 UTC,1,91.76,delivered,rejected,2025-02-19 22:48:14 UTC,quality
RA85F2C80672D6,LDBBEBFC91B7E,P010,2025-05-24 23:00:23 UTC,1,65.94,delivered,accepted,2025-05-24 23:04:24 UTC,
RAD70C411CA45C,LCCB6CD118C87,P001,2025-06-28 11:25:03 UTC,1,60.25,delivered,capacity_exceeded,2025-06-28 11:27:53 UTC,capacity
RA034FC399B679,L73BF8106ED9C,P010,2025-01-14 14:51:44 UTC,1,74.39,delivered,accepted,2025-01-14 14:53:12 UTC,
RA7BBFDB7D02A9,L3F28377AF7AD,P009,2025-03-10 07:51:21 UTC,1,64.18,delivered,capacity_exceeded,2025-03-10 07:53:58 UTC,capacity
RA862F8CA4FB4D,L3F28377AF7AD,P001,2025-03-10 07:50:51 UTC,2,58.4,delivered,accepted,2025-03-10 07:52:42 UTC,
RA85AE6CC09E5C,L309C35701532,P010,2025-06-03 09:19:47 UTC,1,79.73,delivered,accepted,2025-06-03 09:23:03 UTC,
RA2B0AD65D8E8A,L9E6B4D15FD25,P002,2025-03-25 13:55:52 UTC,1,70.14,delivered,no_response,2025-03-25 13:58:38 UTC,state_not_covered
RA52EAF7ED995C,L22564E664F32,P003,2025-02-26 11:51:14 UTC,1,61.08,delivered,accepted,2025-02-26 11:56:04 UTC,
RA118FB7D4FD20,L851A0DBC0D37,P006,2025-05-02 09:12:13 UTC,1,106.27,delivered,accepted,2025-05-02 09:15:51 UTC,
RA920B1CF3EB67,L7A8C2AD2CDDA,P002,2025-01-13 13:41:38 UTC,1,67.24,delivered,capacity_exceeded,2025-01-13 13:45:44 UTC,state_not_covered
RAC0EBDFCDA459,L7A8C2AD2CDDA,P010,2025-01-13 13:42:11 UTC,2,67.65,delivered,accepted,2025-01-13 13:43:22 UTC,
RABED2E3C2C186,L9056BFA9E638,P001,2025-05-06 10:15:22 UTC,1,70.59,delivered,rejected,2025-05-06 10:18:24 UTC,state_not_covered
RAE793735E58D0,LCA3F81CB71AF,P009,2025-04-28 11:11:25 UTC,1,64.75,delivered,accepted,2025-04-28 11:15:02 UTC,
RA1061D0FA942F,L01EB2E5D39F9,P005,2025-02-04 17:36:33 UTC,1,118.86,delivered,accepted,2025-02-04 17:40:48 UTC,
RA46724F83E974,LA867EA140BE5,P008,2025-05-27 14:33:52 UTC,1,78.28,delivered,accepted,2025-05-27 14:37:14 UTC,
RA9CEF271735B2,LDFBCC6AF063F,P010,2025-01-03 19:54:45 UTC,1,71.86,delivered,accepted,2025-01-03 19:55:51 UTC,
RA792E2D697DAA,L66BB30CB10A8,P002,2025-03-26 07:37:44 UTC,1,78.61,delivered,accepted,2025-03-26 07:38:19 UTC,
RA7B8FD7F70678,L4D430A816F28,P010,2025-05-28 15:58:07 UTC,1,78.88,delivered,accepted,2025-05-28 16:00:50 UTC,
RA6C29DEB130F4,L55EBEB62E79D,P009,2025-06-01 19:14:35 UTC,1,53.89,delivered,accepted,2025-06-01 19:16:59 UTC,
RADB68DB37DCAD,L747E820CD3CE,P001,2025-05-25 15:45:09 UTC,1,66.86,delivered,accepted,2025-05-25 15:49:32 UTC,
RA4CE1465AE04A,LC382081D0D2A,P010,2025-01-18 12:20:26 UTC,1,62.73,delivered,capacity_exceeded,2025-01-18 12:20:38 UTC,state_not_covered
RA38C1E998E0C0,LA4C2D1B02EE4,P001,2025-02-03 17:34:50 UTC,1,74.0,delivered,capacity_exceeded,2025-02-03 17:36:15 UTC,state_not_covered
RA66AACAE0513E,LA4C2D1B02EE4,P002,2025-02-03 17:35:05 UTC,2,72.98,delivered,accepted,2025-02-03 17:38:30 UTC,
RAA047698419E3,L50A7FEAAC704,P003,2025-06-18 15:19:40 UTC,1,68.91,delivered,accepted,2025-06-18 15:21:50 UTC,
RAD4FB68E7DA10,LA16A6FBF009A,P007,2025-05-15 11:15:42 UTC,1,133.32,delivered,accepted,2025-05-15 11:18:51 UTC,
RADB3FAE0586C4,LF8C0867E839D,P010,2025-04-25 21:06:04 UTC,1,66.09,delivered,accepted,2025-04-25 21:09:00 UTC,
RAD44C9D0963DF,L8A12107C2582,P001,2025-04-02 13:45:17 UTC,1,55.27,delivered,capacity_exceeded,2025-04-02 13:46:45 UTC,quality
RA40E4CBE6C270,L8A12107C2582,P002,2025-04-02 13:45:01 UTC,2,70.71,delivered,accepted,2025-04-02 13:49:12 UTC,
RA5A08F87ADF44,LC63EB0E99E54,P003,2025-04-06 08:19:36 UTC,1,64.61,delivered,accepted,2025-04-06 08:23:53 UTC,
RA85EFF5FB2CE6,LE3A52499BCBA,P005,2025-03-08 21:17:06 UTC,1,101.96,delivered,accepted,2025-03-08 21:18:30 UTC,
RAD7F19B5206A8,LA7E41B6CB3FD,P002,2025-05-27 22:07:05 UTC,1,78.15,delivered,accepted,2025-05-27 22:07:54 UTC,
RADD88ED47C563,L9842118AD7CB,P006,2025-04-22 20:57:19 UTC,1,115.8,delivered,accepted,2025-04-22 20:58:17 UTC,
RA944746EFE4B9,L50D33600B125,P010,2025-05-28 11:10:41 UTC,1,62.03,delivered,rejected,2025-05-28 11:11:07 UTC,state_not_covered
RADFDAE59568E6,LB4EBF77926DD,P010,2025-06-03 23:02:28 UTC,1,65.25,delivered,accepted,2025-06-03 23:05:03 UTC,
RA3211AA40B08C,L65DF1E0F7315,P010,2025-02-08 21:53:14 UTC,1,67.48,delivered,accepted,2025-02-08 21:55:09 UTC,
RA3B7CEB851528,L9F66A1E05626,P009,2025-02-15 22:16:31 UTC,1,56.12,delivered,rejected,2025-02-15 22:18:04 UTC,capacity
RA7EAF38BB06AE,L01B37F7E2A8B,P010,2025-03-15 17:49:55 UTC,1,69.07,delivered,capacity_exceeded,2025-03-15 17:50:21 UTC,capacity
RA2D5E4992A726,L01B37F7E2A8B,P003,2025-03-15 17:49:34 UTC,2,61.44,delivered,rejected,2025-03-15 17:51:04 UTC,state_not_covered
RA608622A313DD,LE842E4D2CE9E,P004,2025-04-11 07:43:25 UTC,1,103.82,delivered,no_response,2025-04-11 07:43:57 UTC,capacity
RA5D84DC6CBD21,L6CB2CDEA6711,P003,2025-05-24 18:16:18 UTC,1,61.81,delivered,capacity_exceeded,2025-05-24 18:20:14 UTC,price_too_low
RAACFAEE03C21C,LDBA1ECAE5631,P010,2025-03-01 13:13:05 UTC,1,70.38,delivered,accepted,2025-03-01 13:16:17 UTC,
RA6705F940862C,L92294E5D491A,P001,2025-01-11 20:37:33 UTC,1,64.6,delivered,capacity_exceeded,2025-01-11 20:41:25 UTC,price_too_low
RA8AE3905B5D90,L92294E5D491A,P010,2025-01-11 20:37:12 UTC,2,68.98,delivered,accepted,2025-01-11 20:40:05 UTC,
RA6AF76702D14C,LA56BAC2F3E58,P009,2025-04-03 09:08:40 UTC,1,62.85,delivered,rejected,2025-04-03 09:09:31 UTC,quality
RADF60D1FD7723,L5FF4FD52A28D,P005,2025-02-14 14:34:36 UTC,1,95.54,delivered,accepted,2025-02-14 14:37:31 UTC,
RA711E5B87121B,LD9532452F5BF,P005,2025-06-03 11:24:17 UTC,1,91.91,delivered,accepted,2025-06-03 11:28:20 UTC,
RA2A5AB833D8FA,LD2BF8029D252,P002,2025-06-25 10:02:24 UTC,1,70.2,delivered,accepted,2025-06-25 10:06:20 UTC,
RAAA56A261086A,LAC4B0A5FB05A,P001,2025-02-19 17:45:21 UTC,1,57.35,delivered,accepted,2025-02-19 17:50:14 UTC,
RA9614F50F6D8B,LFAB2A59423EC,P002,2025-03-16 17:04:45 UTC,1,85.47,delivered,rejected,2025-03-16 17:09:42 UTC,quality
RA97FBED9B9214,L7A32BA943A71,P010,2025-03-15 07:45:31 UTC,1,71.45,delivered,capacity_exceeded,2025-03-15 07:50:28 UTC,state_not_covered
RA3336F649A994,L4AB944A9D136,P003,2025-03-14 19:57:13 UTC,1,63.51,delivered,accepted,2025-03-14 19:58:59 UTC,
RA365DE2A5B39E,L6B0816C1A147,P002,2025-05-07 19:13:21 UTC,1,81.27,delivered,rejected,2025-05-07 19:17:37 UTC,capacity
RA0D87D5459A44,L539CC0132CE0,P003,2025-01-04 16:30:36 UTC,1,70.66,delivered,accepted,2025-01-04 16:35:16 UTC,
RAAF7F53016C23,LC308C0DD738E,P003,2025-06-08 13:59:14 UTC,1,58.57,delivered,no_response,2025-06-08 14:00:29 UTC,quality
RA685EC21B9443,LC843CE40FBBF,P010,2025-03-09 18:03:08 UTC,1,63.04,delivered,rejected,2025-03-09 18:03:39 UTC,quality
RA7252D3EBE233,L0804C46CE0B2,P002,2025-03-02 08:12:18 UTC,1,71.89,delivered,accepted,2025-03-02 08:12:38 UTC,
RA2BFA760751CC,LFEFC24BC2531,P002,2025-01-04 18:26:30 UTC,1,84.54,delivered,capacity_exceeded,2025-01-04 18:27:38 UTC,quality
RA6A828B326395,LFDFAEFA44EFC,P010,2025-01-20 20:17:58 UTC,1,66.07,delivered,accepted,2025-01-20 20:20:07 UTC,
RA87E44CC1911A,L69148183C400,P005,2025-02-24 22:17:25 UTC,1,113.44,delivered,accepted,2025-02-24 22:18:47 UTC,
RAA1B71FE96B55,L94EA08A68BBA,P002,2025-01-16 09:55:06 UTC,1,77.85,delivered,accepted,2025-01-16 09:56:48 UTC,
RACC6BEA04F065,L25C98409B77E,P009,2025-06-05 11:32:12 UTC,1,62.43,delivered,capacity_exceeded,2025-06-05 11:35:44 UTC,quality
RA81D22E39271B,L1AE31BCD420F,P010,2025-04-08 14:54:31 UTC,1,82.79,delivered,no_response,2025-04-08 14:55:53 UTC,quality
RA8ADB065418D5,L1AE31BCD420F,P002,2025-04-08 14:54:38 UTC,2,68.22,delivered,accepted,2025-04-08 14:55:12 UTC,
RAC223C14AB4CF,L9F25653D66B7,P005,2025-06-21 19:09:41 UTC,1,109.17,delivered,accepted,2025-06-21 19:10:11 UTC,
RA25044B8465D2,LBB646F01CC57,P002,2025-02-17 16:58:35 UTC,1,67.13,delivered,no_response,2025-02-17 17:00:55 UTC,quality
RA07D33AC59C93,LCD4686C082E1,P001,2025-06-14 17:53:40 UTC,1,57.19,delivered,accepted,2025-06-14 17:57:38 UTC,
RAD16B203BD916,L699773BADF07,P002,2025-05-15 21:31:38 UTC,1,81.26,delivered,accepted,2025-05-15 21:33:36 UTC,
RA60CA8E44FAB2,LB08EB63AEDF3,P002,2025-02-28 07:48:09 UTC,1,82.39,delivered,accepted,2025-02-28 07:52:25 UTC,
RA7EABB18957C4,LBF26149F7EAD,P001,2025-05-18 19:03:06 UTC,1,62.41,delivered,accepted,2025-05-18 19:04:08 UTC,
RA44406FC472A6,L2CF90E10D260,P004,2025-04-28 13:10:28 UTC,1,101.93,delivered,accepted,2025-04-28 13:13:22 UTC,
RA6F9C20011611,L643291927859,P002,2025-01-04 11:32:15 UTC,1,79.73,delivered,accepted,2025-01-04 11:33:09 UTC,
RA3DCE0719DD3A,L47E136F9E4D8,P007,2025-02-26 20:07:50 UTC,1,130.83,delivered,accepted,2025-02-26 20:09:46 UTC,
RA15D498196D68,L60A4B27F9CE9,P003,2025-03-14 09:10:36 UTC,1,58.65,delivered,accepted,2025-03-14 09:14:17 UTC,
RA15E3943F819F,L6A403BDCCF9E,P005,2025-06-24 15:40:18 UTC,1,97.96,delivered,accepted,2025-06-24 15:41:40 UTC,
RA3FFDC5E2B3D5,L5889AF534C54,P001,2025-03-25 12:58:33 UTC,1,58.85,delivered,accepted,2025-03-25 13:01:00 UTC,
RA9BA79739DE4F,LB442F3E80B91,P001,2025-06-26 09:37:30 UTC,1,61.4,delivered,accepted,2025-06-26 09:40:02 UTC,
RA98EB196C3228,L7DB541D7141E,P003,2025-05-20 14:33:42 UTC,1,76.64,delivered,accepted,2025-05-20 14:35:37 UTC,
RA6CFC8A043721,L5ACB1CEA266F,P010,2025-01-27 08:47:43 UTC,1,62.79,delivered,accepted,2025-01-27 08:51:34 UTC,
RA68E2F6FDD1C8,L0E325DBDDA43,P010,2025-03-28 09:39:05 UTC,1,75.63,delivered,accepted,2025-03-28 09:41:21 UTC,
RAC6DDCB2C9497,LA58743F73B75,P010,2025-02-07 20:32:12 UTC,1,68.64,delivered,accepted,2025-02-07 20:33:38 UTC,
RAE98D92F99E3F,L3CBF2CBA766F,P005,2025-05-02 10:55:15 UTC,1,102.14,delivered,capacity_exceeded,2025-05-02 10:58:30 UTC,price_too_low
RAF7E24B1D144B,L648099AFA720,P003,2025-01-09 19:54:12 UTC,1,62.75,delivered,accepted,2025-01-09 19:54:30 UTC,
RA6074C098E879,L7EC9F70F2EA9,P010,2025-04-22 10:33:15 UTC,1,79.97,delivered,no_response,2025-04-22 10:37:22 UTC,state_not_covered
RA0169C720B083,L31D11421524E,P001,2025-04-16 22:54:19 UTC,1,65.46,delivered,accepted,2025-04-16 22:57:22 UTC,
RA56B7042A0E43,L68C1C03C93FA,P008,2025-03-19 18:54:22 UTC,1,89.68,delivered,rejected,2025-03-19 18:55:15 UTC,state_not_covered
RAC50B94D98BE4,L68C1C03C93FA,P010,2025-03-19 18:53:43 UTC,2,77.25,delivered,rejected,2025-03-19 18:54:42 UTC,state_not_covered
RA607107230922,L8A1C5C9522EE,P008,2025-06-21 19:07:55 UTC,1,72.89,delivered,accepted,2025-06-21 19:10:22 UTC,
RA338D7E8465CC,L65FDF76F8A5E,P010,2025-06-01 23:16:47 UTC,1,66.58,delivered,accepted,2025-06-01 23:19:14 UTC,
RA9610B7C3A62F,L158EFECEC7C9,P003,2025-02-28 19:33:35 UTC,1,64.65,delivered,capacity_exceeded,2025-02-28 19:36:39 UTC,state_not_covered
RA3243356FDE9B,L158EFECEC7C9,P002,2025-02-28 19:33:04 UTC,2,73.29,delivered,accepted,2025-02-28 19:35:55 UTC,
RA45CD61E0282C,L08DE96365BDB,P001,2025-06-01 19:54:02 UTC,1,58.14,delivered,capacity_exceeded,2025-06-01 19:56:24 UTC,quality
RABDAC9D9C323E,L32FE39F0B521,P002,2025-05-13 18:43:42 UTC,1,83.24,delivered,accepted,2025-05-13 18:45:05 UTC,
RA450783FE4EA9,LF529F47A9D5D,P002,2025-01-06 19:22:58 UTC,1,66.71,delivered,accepted,2025-01-06 19:27:32 UTC,
RA108299C050DB,LEEA3F8AE032A,P010,2025-05-26 16:55:29 UTC,1,76.46,delivered,rejected,2025-05-26 17:00:10 UTC,capacity
RAF1974D1EE00F,LD503AB611AA2,P005,2025-06-24 11:50:51 UTC,1,89.31,delivered,accepted,2025-06-24 11:55:19 UTC,
RA363DB1244645,L12E04E39EC8F,P002,2025-06-22 22:38:33 UTC,1,83.89,delivered,accepted,2025-06-22 22:43:18 UTC,
RAE163FD002DA2,L4BC340B5E0FC,P007,2025-05-14 11:20:27 UTC,1,111.05,delivered,accepted,2025-05-14 11:25:26 UTC,
RA3EC960E67BD2,LDF8D74B0C689,P002,2025-06-26 08:49:58 UTC,1,77.97,delivered,accepted,2025-06-26 08:54:18 UTC,
RAF12CD4E40CC7,L5586A3BC3A10,P003,2025-03-12 21:32:31 UTC,1,77.78,delivered,accepted,2025-03-12 21:34:22 UTC,
RAA18A8C1409AF,L7CB17DFE5996,P003,2025-04-28 16:35:51 UTC,1,65.84,delivered,accepted,2025-04-28 16:38:31 UTC,
RAD5D46AC6D49B,L5E3E0B2DBE0C,P001,2025-03-11 13:16:47 UTC,1,63.08,delivered,rejected,2025-03-11 13:20:46 UTC,state_not_covered
RA0F0BB9D5D05C,LD694FD42B491,P010,2025-01-13 10:33:41 UTC,1,74.26,delivered,accepted,2025-01-13 10:37:23 UTC,
RAF1B102E5F67E,LB163DB0A04F7,P003,2025-04-17 21:51:58 UTC,1,59.41,delivered,accepted,2025-04-17 21:53:03 UTC,
RA5D43161C9B0B,L5A1041148531,P010,2025-05-30 09:21:11 UTC,1,73.59,delivered,accepted,2025-05-30 09:22:29 UTC,
RAFBF890FE90B1,LDE3675ECD120,P003,2025-04-15 08:40:42 UTC,1,75.09,delivered,accepted,2025-04-15 08:43:33 UTC,
RADEFA711ECC1A,L917836B977FE,P009,2025-06-08 14:43:06 UTC,1,52.23,delivered,accepted,2025-06-08 14:46:44 UTC,
RAEE8DC42F6364,L53C65BD5EFE3,P010,2025-01-14 20:15:39 UTC,1,66.21,delivered,accepted,2025-01-14 20:18:28 UTC,
RA45FB51894E5E,LF567CDD1543A,P010,2025-04-02 12:56:54 UTC,1,61.74,delivered,accepted,2025-04-02 12:58:13 UTC,
RA07843CE60504,L54A51DFE0DCE,P001,2025-01-17 16:02:21 UTC,1,72.1,delivered,accepted,2025-01-17 16:07:06 UTC,
RA3D82932E5997,L83EECCC4E1A8,P004,2025-03-08 18:17:20 UTC,1,99.85,delivered,accepted,2025-03-08 18:19:51 UTC,
RA91490D0166B0,L009C0A0F4E10,P010,2025-06-18 19:35:41 UTC,1,70.35,delivered,capacity_exceeded,2025-06-18 19:40:28 UTC,capacity
RAB8924AD2B929,L21D05106206E,P001,2025-01-02 14:26:16 UTC,1,67.68,delivered,no_response,2025-01-02 14:30:30 UTC,state_not_covered
RA27F3A74A5D3B,L85B46FFA7089,P005,2025-05-24 17:52:45 UTC,1,91.49,delivered,accepted,2025-05-24 17:57:18 UTC,
RACE50C8079FE2,L51D47675CDA5,P007,2025-06-26 08:52:39 UTC,1,140.91,delivered,accepted,2025-06-26 08:55:04 UTC,
RA3AF82AA9E20E,L8D73607C2E91,P010,2025-05-10 12:33:29 UTC,1,63.95,delivered,accepted,2025-05-10 12:34:11 UTC,
RAEA6F8A112AD2,L42D9FC1B49B3,P005,2025-06-15 07:57:23 UTC,1,92.09,delivered,capacity_exceeded,2025-06-15 07:58:39 UTC,state_not_covered
RA2318B041A1BC,L6A418972D399,P010,2025-04-04 20:21:31 UTC,1,78.4,delivered,rejected,2025-04-04 20:22:21 UTC,quality
RAB33DAA15EF92,L6A418972D399,P003,2025-04-04 20:21:52 UTC,2,70.28,delivered,capacity_exceeded,2025-04-04 20:22:55 UTC,state_not_covered
RAEC48A82A3F41,LA1038AB1E6EC,P002,2025-01-07 10:55:09 UTC,1,71.79,delivered,rejected,2025-01-07 10:56:12 UTC,price_too_low
RA5B502B982D4A,LAE63B9A5363F,P006,2025-06-03 13:03:33 UTC,1,103.8,delivered,accepted,2025-06-03 13:04:04 UTC,
RA54844570A1AA,L0CB34ABA8DA2,P002,2025-01-26 15:54:01 UTC,1,73.55,delivered,rejected,2025-01-26 15:58:38 UTC,state_not_covered
RA087A3D7C012D,L3DE67FE3664D,P007,2025-05-18 13:25:26 UTC,1,112.77,delivered,accepted,2025-05-18 13:26:02 UTC,
RA51455575C955,L52180E8F5AEE,P002,2025-03-15 15:15:03 UTC,1,78.31,delivered,no_response,2025-03-15 15:18:43 UTC,price_too_low
RA62E19EA6C496,L52180E8F5AEE,P010,2025-03-15 15:15:50 UTC,2,67.86,delivered,accepted,2025-03-15 15:20:16 UTC,
RA3B3F6DD98C7A,LD43F2D8669F3,P010,2025-01-31 10:24:40 UTC,1,64.56,delivered,accepted,2025-01-31 10:25:44 UTC,
RA0FD5D4B2F601,L61FF92A24B9E,P002,2025-05-14 16:10:34 UTC,1,64.79,delivered,accepted,2025-05-14 16:13:13 UTC,
RABD6F91CEB315,L5D2344D96326,P004,2025-05-05 08:26:39 UTC,1,87.95,delivered,accepted,2025-05-05 08:29:26 UTC,
RAB74A56824079,LF13EC05D81FA,P002,2025-03-29 20:16:17 UTC,1,66.72,delivered,accepted,2025-03-29 20:20:16 UTC,
RA0BFA59BA08EB,LBA9513AB0A5B,P001,2025-05-15 09:22:40 UTC,1,58.41,delivered,accepted,2025-05-15 09:27:12 UTC,
RA946B3770BF5F,LF0259388617F,P010,2025-02-28 08:15:13 UTC,1,63.33,delivered,rejected,2025-02-28 08:16:25 UTC,state_not_covered
RAA028085CFA79,LF0259388617F,P003,2025-02-28 08:15:27 UTC,2,60.78,delivered,accepted,2025-02-28 08:19:34 UTC,
RAE01ABB5EF20A,L72599ABA0830,P008,2025-04-17 09:05:19 UTC,1,73.87,delivered,accepted,2025-04-17 09:08:07 UTC,
RAE5D4A4CB2578,L54E86809BF58,P010,2025-03-11 08:53:11 UTC,1,67.26,delivered,accepted,2025-03-11 08:55:43 UTC,
RA25C47180F026,LBAAC104A1A0E,P007,2025-01-21 08:56:28 UTC,1,129.54,delivered,rejected,2025-01-21 08:57:46 UTC,state_not_covered
RA225092ACAD9A,L50561AD85D39,P003,2025-05-21 11:47:41 UTC,1,76.01,delivered,capacity_exceeded,2025-05-21 11:49:59 UTC,price_too_low
RA0046DA71CB66,LF7278A280458,P004,2025-02-10 19:36:04 UTC,1,98.87,delivered,accepted,2025-02-10 19:40:18 UTC,
RAC8712A08E4EF,LE25924619696,P003,2025-05-30 13:29:45 UTC,1,69.98,delivered,no_response,2025-05-30 13:30:28 UTC,quality
RA521227448BF8,LE25924619696,P010,2025-05-30 13:29:24 UTC,2,65.12,delivered,accepted,2025-05-30 13:32:57 UTC,
RA0C9DD2944A16,L5CC345B7F9DA,P001,2025-06-21 13:27:54 UTC,1,60.74,delivered,rejected,2025-06-21 13:28:19 UTC,state_not_covered
RABAB638208A55,L5CC345B7F9DA,P010,2025-06-21 13:28:12 UTC,2,69.04,delivered,accepted,2025-06-21 13:32:51 UTC,
RAA14D4B5548F0,L52EEA941535A,P010,2025-05-21 09:19:00 UTC,1,74.18,delivered,accepted,2025-05-21 09:21:35 UTC,
RA738CA6F65A2B,L55C67472E31F,P009,2025-02-19 15:58:13 UTC,1,59.96,delivered,accepted,2025-02-19 15:59:27 UTC,
RA6888503ACF7F,LAA3E278172CA,P003,2025-06-06 21:58:47 UTC,1,74.4,delivered,accepted,2025-06-06 22:00:51 UTC,
RAA1FA30752645,LBC2EDF4CBED0,P002,2025-02-14 17:06:58 UTC,1,77.84,delivered,rejected,2025-02-14 17:11:47 UTC,price_too_low
RA4018AC9623BF,L952BB2E16666,P010,2025-06-16 22:53:43 UTC,1,64.8,delivered,accepted,2025-06-16 22:58:24 UTC,
RAB46110064ABB,L3C2A416FB3BE,P005,2025-03-18 17:47:08 UTC,1,92.72,delivered,accepted,2025-03-18 17:50:49 UTC,
RA51DD6B3AAACD,L84E98B407D49,P002,2025-03-05 22:44:05 UTC,1,77.62,delivered,rejected,2025-03-05 22:44:23 UTC,price_too_low
RA8B9DE128ECC2,L84E98B407D49,P008,2025-03-05 22:44:28 UTC,2,67.77,delivered,capacity_exceeded,2025-03-05 22:46:49 UTC,state_not_covered
RABC0E1AC6A1D1,LDF74EF8BE120,P003,2025-06-29 10:18:38 UTC,1,68.25,delivered,no_response,2025-06-29 10:23:15 UTC,quality
RA48AD1F54226C,L7358E90309D4,P001,2025-01-14 15:04:30 UTC,1,57.13,delivered,capacity_exceeded,2025-01-14 15:07:05 UTC,quality
RA6B24E35A7D34,L7358E90309D4,P003,2025-01-14 15:04:22 UTC,2,71.75,delivered,accepted,2025-01-14 15:07:28 UTC,
RA5C5C83F8BEEF,LA7C477B9366F,P002,2025-05-14 22:42:18 UTC,1,70.29,delivered,rejected,2025-05-14 22:46:46 UTC,state_not_covered
RA69400E49BF86,L7A273DB12D60,P003,2025-01-27 19:14:24 UTC,1,60.72,delivered,rejected,2025-01-27 19:16:06 UTC,quality
RA603069CBDE0D,L7A273DB12D60,P010,2025-01-27 19:15:04 UTC,2,71.83,delivered,accepted,2025-01-27 19:16:53 UTC,
RAA6CBBBB0277A,LD81C99F595A2,P003,2025-05-22 07:21:27 UTC,1,69.63,delivered,capacity_exceeded,2025-05-22 07:24:07 UTC,state_not_covered
RA2D3BB840C3E7,LC468F53E18DB,P002,2025-03-18 10:07:48 UTC,1,81.3,delivered,accepted,2025-03-18 10:10:46 UTC,
RA5129C8EA0F5D,L5D0AD6288146,P010,2025-04-01 09:40:13 UTC,1,62.93,delivered,capacity_exceeded,2025-04-01 09:43:54 UTC,price_too_low
RAD1373038BB1A,LED2B50FFBD62,P007,2025-03-07 16:36:44 UTC,1,117.76,delivered,accepted,2025-03-07 16:38:01 UTC,
RAD222F5130980,LE32092BD5381,P010,2025-05-17 11:20:46 UTC,1,66.45,delivered,accepted,2025-05-17 11:21:17 UTC,
RA95D2E146910C,L6F8445D239A4,P010,2025-05-25 20:22:13 UTC,1,81.3,delivered,rejected,2025-05-25 20:24:28 UTC,capacity
RAAE71624F223A,LFFE3C9FDEB41,P001,2025-02-17 07:19:55 UTC,1,65.77,delivered,accepted,2025-02-17 07:22:20 UTC,
RA09455166CB66,L9C9AA5DE09D9,P002,2025-04-22 09:04:20 UTC,1,80.72,delivered,accepted,2025-04-22 09:09:08 UTC,
RAD55A97CDC148,L5AEDDC31CDBC,P002,2025-05-23 12:54:24 UTC,1,84.56,delivered,accepted,2025-05-23 12:56:55 UTC,
RAA0BFE8160BBB,L9AE8FE55A1DE,P008,2025-06-19 12:32:36 UTC,1,77.46,delivered,capacity_exceeded,2025-06-19 12:34:44 UTC,price_too_low
RA1EF5079DD5CA,LCDB3982F325C,P003,2025-05-04 10:05:44 UTC,1,68.19,delivered,accepted,2025-05-04 10:06:32 UTC,
RA368BFB9E3C6C,L3A19E5617BF4,P002,2025-01-05 08:33:01 UTC,1,77.41,delivered,capacity_exceeded,2025-01-05 08:37:36 UTC,quality
RAF5AD025162DD,LD81BF831D630,P005,2025-06-14 10:11:52 UTC,1,92.38,delivered,no_response,2025-06-14 10:12:05 UTC,price_too_low
RA61A9381791A7,L0FE2707D8CFC,P002,2025-04-22 10:27:32 UTC,1,66.34,delivered,capacity_exceeded,2025-04-22 10:31:34 UTC,price_too_low
RA868458C395A2,L2F4C27B75362,P008,2025-03-26 22:29:12 UTC,1,85.17,delivered,capacity_exceeded,2025-03-26 22:29:56 UTC,capacity
RA20C3FA7F3D1C,L5A493CF30021,P003,2025-03-17 17:24:21 UTC,1,76.76,delivered,accepted,2025-03-17 17:28:29 UTC,
RA28C7C70C4FFA,L84B9CCE92782,P009,2025-02-14 19:52:07 UTC,1,54.37,delivered,capacity_exceeded,2025-02-14 19:54:25 UTC,price_too_low
RA5295F46C7B38,L9B2A9927A019,P010,2025-03-19 21:46:45 UTC,1,75.58,delivered,no_response,2025-03-19 21:47:49 UTC,quality
RAE3DE28FFEA3A,L0A8F1A47ADAA,P001,2025-01-17 21:26:53 UTC,1,58.06,delivered,accepted,2025-01-17 21:28:59 UTC,
RA21C6206E83E6,LB8F57F17BA62,P002,2025-03-08 09:46:04 UTC,1,69.47,delivered,accepted,2025-03-08 09:49:00 UTC,
RAECDFDA82B198,LD144B88F30B4,P007,2025-02-07 21:43:21 UTC,1,119.88,delivered,accepted,2025-02-07 21:47:43 UTC,
RA8B52EFA5329B,L3B285084F5C2,P003,2025-04-21 22:16:17 UTC,1,68.62,delivered,accepted,2025-04-21 22:17:23 UTC,
RA5BAFD3D2474D,LC034ED887229,P009,2025-05-05 09:16:10 UTC,1,49.93,delivered,accepted,2025-05-05 09:16:31 UTC,
RAAB4016AC2729,LB02B3D54910A,P002,2025-06-28 20:45:05 UTC,1,79.91,delivered,accepted,2025-06-28 20:49:13 UTC,
RA61910DBA2B33,L020F44065484,P010,2025-01-13 08:16:54 UTC,1,77.4,delivered,accepted,2025-01-13 08:18:41 UTC,
RA961D5546A31A,LEDB87575069D,P002,2025-05-16 07:51:12 UTC,1,65.09,delivered,accepted,2025-05-16 07:54:57 UTC,
RAD500EF89C4DD,LFF8201DE9671,P010,2025-01-30 10:20:43 UTC,1,75.51,delivered,accepted,2025-01-30 10:22:52 UTC,
RA2862389DB76A,L603FF0BA99E0,P005,2025-02-04 19:40:14 UTC,1,103.68,delivered,accepted,2025-02-04 19:42:58 UTC,
RAA382590D7CD7,LA5A9719698A5,P010,2025-04-07 11:36:52 UTC,1,79.64,delivered,accepted,2025-04-07 11:40:21 UTC,
RAA3165D9E6BD0,L03BED900E9F5,P009,2025-04-02 10:35:58 UTC,1,54.85,delivered,rejected,2025-04-02 10:38:33 UTC,capacity
RA85BE14880FB9,LFCB838BD91CE,P010,2025-03-24 10:53:07 UTC,1,71.09,delivered,accepted,2025-03-24 10:54:19 UTC,
RA4C02BEA42732,L366DEB8A74A0,P002,2025-01-26 20:18:55 UTC,1,74.99,delivered,accepted,2025-01-26 20:21:23 UTC,
RA0E769A9560FD,L0E24C83E8FDE,P002,2025-04-13 20:58:09 UTC,1,69.08,delivered,no_response,2025-04-13 21:00:50 UTC,state_not_covered
RA7D86CD6FA77F,L0E24C83E8FDE,P010,2025-04-13 20:58:41 UTC,2,69.92,delivered,accepted,2025-04-13 21:03:09 UTC,
RA98D66CD03CAF,L7F3DC55C0ED5,P009,2025-03-28 13:43:30 UTC,1,59.93,delivered,accepted,2025-03-28 13:44:40 UTC,
RAB35A38AF1324,L0693FF559E97,P003,2025-06-19 21:46:50 UTC,1,70.08,delivered,rejected,2025-06-19 21:47:30 UTC,capacity
RA09FE833F3105,L0693FF559E97,P010,2025-06-19 21:47:13 UTC,2,67.78,delivered,accepted,2025-06-19 21:52:09 UTC,
RA841EA1BD7E93,L3290E0A35866,P010,2025-01-31 23:04:49 UTC,1,77.51,delivered,accepted,2025-01-31 23:08:47 UTC,
RAFA92D5928C73,L188C780A6515,P005,2025-03-20 08:52:22 UTC,1,100.43,delivered,accepted,2025-03-20 08:54:19 UTC,
RA51CE861CBDB8,LFDDEB8F8A2B1,P010,2025-06-03 08:10:37 UTC,1,64.77,delivered,accepted,2025-06-03 08:12:42 UTC,
RAA5E9C264FA76,LCD10C337724B,P009,2025-04-14 19:33:15 UTC,1,54.35,delivered,capacity_exceeded,2025-04-14 19:33:34 UTC,state_not_covered
RADDE19157507D,LC5EFF9216776,P003,2025-04-14 18:14:51 UTC,1,57.85,delivered,accepted,2025-04-14 18:15:57 UTC,
RAB4583ACAF520,L47ECD55B3B70,P010,2025-05-03 21:48:39 UTC,1,64.31,delivered,accepted,2025-05-03 21:52:42 UTC,
RA98D95BA56F2C,L701E2916395F,P001,2025-04-28 07:24:50 UTC,1,60.91,delivered,accepted,2025-04-28 07:25:51 UTC,
RA787BFBCF3A12,LFB289421ED5A,P001,2025-06-16 09:28:57 UTC,1,63.46,delivered,accepted,2025-06-16 09:33:05 UTC,
RACA69C90184B9,LA20B085762EB,P003,2025-03-11 17:57:03 UTC,1,58.04,delivered,rejected,2025-03-11 18:00:47 UTC,state_not_covered
RA1465031A6A18,L2CFEFCEC5650,P003,2025-03-07 19:12:50 UTC,1,70.85,delivered,no_response,2025-03-07 19:15:06 UTC,capacity
RA5A845C6991F4,L9334189A979B,P001,2025-04-24 19:26:01 UTC,1,66.56,delivered,accepted,2025-04-24 19:27:15 UTC,
RAE17821140633,L0E18EBF4CC1E,P009,2025-02-21 09:12:46 UTC,1,63.44,delivered,accepted,2025-02-21 09:13:58 UTC,
RA46E6F7EA59EB,L66160946A2E6,P005,2025-01-07 08:12:09 UTC,1,99.43,delivered,capacity_exceeded,2025-01-07 08:15:09 UTC,state_not_covered
RAA8AF9929A7C4,LD3E344529C11,P010,2025-01-16 16:37:25 UTC,1,75.89,delivered,accepted,2025-01-16 16:40:05 UTC,
RA01D3DA8FEBD6,L59E492886FFD,P008,2025-05-10 14:05:25 UTC,1,88.13,delivered,accepted,2025-05-10 14:08:10 UTC,
RA58381985CE68,L9D2F944C4515,P003,2025-05-14 21:33:06 UTC,1,66.29,delivered,capacity_exceeded,2025-05-14 21:36:00 UTC,state_not_covered
RAB0A195D53A1E,L25244FCBB3D6,P005,2025-02-04 10:08:44 UTC,1,111.67,delivered,accepted,2025-02-04 10:09:12 UTC,
RA23F278657CFC,LFE3B971B7A9C,P010,2025-06-24 14:07:06 UTC,1,64.6,delivered,accepted,2025-06-24 14:11:36 UTC,
RA37D881D44844,L7EADA2547B6B,P001,2025-06-12 22:19:26 UTC,1,63.35,delivered,accepted,2025-06-12 22:23:42 UTC,
RA9F9EBDF49FA3,L9E041C8B83C8,P008,2025-03-13 18:28:57 UTC,1,82.12,delivered,accepted,2025-03-13 18:33:48 UTC,
RA28E53B61B0D8,L916AB6ED409C,P010,2025-05-27 08:19:04 UTC,1,79.82,delivered,accepted,2025-05-27 08:20:46 UTC,
RA4F8F7409B8C3,L5A623CC42799,P002,2025-03-18 18:24:30 UTC,1,76.93,delivered,accepted,2025-03-18 18:24:51 UTC,
RA8F109161E18E,LFFE4BEF03DBD,P010,2025-06-28 10:19:58 UTC,1,61.85,delivered,no_response,2025-06-28 10:23:06 UTC,state_not_covered
RAAE1950C5574E,LFFE4BEF03DBD,P001,2025-06-28 10:20:04 UTC,2,73.31,delivered,accepted,2025-06-28 10:22:31 UTC,
RA31820A85C63A,L0C8A0FEBE05D,P002,2025-03-16 09:20:44 UTC,1,83.99,delivered,accepted,2025-03-16 09:21:13 UTC,
RAA76C15B0ACCE,L4C0EAABEC3E9,P003,2025-05-04 12:17:17 UTC,1,68.29,delivered,no_response,2025-05-04 12:18:42 UTC,state_not_covered
RA10EF414DE9BC,LB11538E06778,P002,2025-03-31 13:50:30 UTC,1,68.41,delivered,accepted,2025-03-31 13:51:03 UTC,
RA58756A001629,L7FE533958318,P002,2025-04-07 15:13:20 UTC,1,70.19,delivered,capacity_exceeded,2025-04-07 15:16:24 UTC,state_not_covered
RA45B69995DB3D,L7FE533958318,P003,2025-04-07 15:13:26 UTC,2,77.74,delivered,accepted,2025-04-07 15:15:04 UTC,
RAEE81A62DF5D6,LDA6A1E49EDE3,P004,2025-05-17 13:42:49 UTC,1,91.32,delivered,accepted,2025-05-17 13:47:21 UTC,
RA67EB8BEED971,LF4DFA164BE24,P005,2025-05-05 07:39:39 UTC,1,98.62,delivered,accepted,2025-05-05 07:44:26 UTC,
RAFD7C77EA22CD,L717A305AEC86,P002,2025-02-23 07:35:10 UTC,1,64.83,delivered,accepted,2025-02-23 07:39:06 UTC,
RABCCC18E9F005,L0658ED008459,P010,2025-06-22 09:53:09 UTC,1,69.98,delivered,accepted,2025-06-22 09:56:54 UTC,
RAAED74F1BB965,L81B30733FC17,P001,2025-01-09 20:19:11 UTC,1,68.0,delivered,accepted,2025-01-09 20:21:09 UTC,
RA28035B58E842,L55DF25CA5020,P003,2025-05-13 14:27:40 UTC,1,64.58,delivered,rejected,2025-05-13 14:27:57 UTC,price_too_low
RA506A14638229,L83596A583581,P001,2025-01-24 13:07:03 UTC,1,69.77,delivered,accepted,2025-01-24 13:12:02 UTC,
RA245D2D956470,L9FE17409DB7F,P001,2025-04-25 08:04:33 UTC,1,70.21,delivered,rejected,2025-04-25 08:06:49 UTC,quality
RA18F0EB51BCEF,L287CE2B9D7B1,P007,2025-06-30 09:41:15 UTC,1,110.91,delivered,accepted,2025-06-30 09:41:30 UTC,
RA37809F3815EC,LFEB953BB4F54,P001,2025-06-11 08:49:11 UTC,1,71.68,delivered,capacity_exceeded,2025-06-11 08:50:01 UTC,price_too_low
RA32A832FE6035,L0DCF23F81C09,P005,2025-06-26 09:54:30 UTC,1,96.43,delivered,accepted,2025-06-26 09:57:24 UTC,
RAC82CC58321F1,LEB059B6F2555,P004,2025-06-15 18:53:06 UTC,1,94.27,delivered,accepted,2025-06-15 18:56:29 UTC,
RA6F593E02E520,L4A30AD9AE664,P002,2025-04-16 12:16:24 UTC,1,64.1,delivered,no_response,2025-04-16 12:21:22 UTC,price_too_low
RAAA4DC0025CC6,L4A30AD9AE664,P003,2025-04-16 12:16:45 UTC,2,57.85,delivered,accepted,2025-04-16 12:20:20 UTC,
RA41E4F438F8BA,L2CF9D0C5FA5E,P010,2025-05-12 19:05:43 UTC,1,64.74,delivered,accepted,2025-05-12 19:10:27 UTC,
RA242907C0D436,L34232FEE5892,P009,2025-06-11 12:05:02 UTC,1,65.44,delivered,accepted,2025-06-11 12:09:59 UTC,
RAD20F915CE08F,L5F01C072F33C,P009,2025-01-15 14:31:19 UTC,1,65.62,delivered,accepted,2025-01-15 14:31:44 UTC,
RAB4BF1E1BA8DE,L46179747B4D9,P008,2025-06-09 16:53:00 UTC,1,70.45,delivered,rejected,2025-06-09 16:56:33 UTC,capacity
RA03B0A71DB904,L034C7CE2AC22,P010,2025-01-24 13:49:22 UTC,1,76.58,delivered,accepted,2025-01-24 13:52:55 UTC,
RA80F89F66A757,LEE81B0AD19BC,P009,2025-02-12 18:06:51 UTC,1,55.94,delivered,accepted,2025-02-12 18:11:29 UTC,
RA5290680A2358,L59EB104DF79E,P001,2025-05-22 15:38:32 UTC,1,61.14,delivered,accepted,2025-05-22 15:42:33 UTC,
RA8245F26EC02E,L83268453A96D,P010,2025-05-01 19:24:51 UTC,1,72.0,delivered,accepted,2025-05-01 19:25:48 UTC,
RAF6062E0D4DCE,LFB98159B2013,P002,2025-03-16 07:23:24 UTC,1,76.24,delivered,accepted,2025-03-16 07:27:57 UTC,
RAB9C85898EABC,L9FA4F0A998A8,P003,2025-06-01 18:59:01 UTC,1,62.65,delivered,accepted,2025-06-01 19:01:04 UTC,
RA3545E4C1F4F6,L9B39CCFAF921,P002,2025-03-03 11:02:41 UTC,1,82.22,delivered,accepted,2025-03-03 11:07:10 UTC,
RAF98E1FF50067,L8A2D3D76EBBE,P006,2025-04-10 14:14:19 UTC,1,125.88,delivered,accepted,2025-04-10 14:14:49 UTC,
RA9FEDD73C98C5,LCBD28CD9A33E,P003,2025-03-11 14:51:50 UTC,1,67.76,delivered,accepted,2025-03-11 14:52:52 UTC,
RAEAD588E90BFA,L6640AFD872DE,P002,2025-06-22 22:35:01 UTC,1,71.29,delivered,rejected,2025-06-22 22:35:19 UTC,state_not_covered
RA8BA506BD2E4A,LADCB3BEF7C37,P002,2025-06-08 08:14:34 UTC,1,75.9,delivered,capacity_exceeded,2025-06-08 08:15:35 UTC,price_too_low
RA2DA3A8DCA9EF,L234F32B37212,P010,2025-06-04 16:03:21 UTC,1,69.38,delivered,accepted,2025-06-04 16:06:48 UTC,
RA870DDE1BF90C,LC7E302B9FD49,P007,2025-04-26 14:51:55 UTC,1,114.65,delivered,accepted,2025-04-26 14:52:58 UTC,
RA5B82A3719C1C,LBC1DF92B2488,P010,2025-02-25 19:07:11 UTC,1,74.39,delivered,no_response,2025-02-25 19:07:59 UTC,capacity
RAD733C0FEC0AA,LBC1DF92B2488,P009,2025-02-25 19:06:39 UTC,2,65.13,delivered,accepted,2025-02-25 19:07:32 UTC,
RAFB5A3E09D840,L4186B2F90ED6,P010,2025-01-06 13:00:45 UTC,1,81.6,delivered,accepted,2025-01-06 13:05:15 UTC,
RA1575979DE477,LB9FE18A6DC51,P005,2025-01-17 10:09:30 UTC,1,113.92,delivered,rejected,2025-01-17 10:11:22 UTC,quality
RA0B14566DD86B,L288D9F97044C,P009,2025-05-12 12:09:09 UTC,1,64.78,delivered,accepted,2025-05-12 12:13:24 UTC,
RA11B35396F992,L3011469929BA,P003,2025-05-27 18:14:58 UTC,1,66.48,delivered,rejected,2025-05-27 18:15:17 UTC,capacity
RA9B306339D534,L3011469929BA,P001,2025-05-27 18:14:28 UTC,2,61.4,delivered,accepted,2025-05-27 18:16:27 UTC,
RA8D0187B63C43,L6A3FB430C020,P010,2025-02-09 22:19:08 UTC,1,79.3,delivered,accepted,2025-02-09 22:21:04 UTC,
RA5300BF15CFB1,L8D554F535AF4,P003,2025-03-29 17:24:48 UTC,1,63.45,delivered,accepted,2025-03-29 17:29:13 UTC,
RADD85AFE23363,LAD90C1D62FE3,P003,2025-03-10 07:54:57 UTC,1,77.52,delivered,accepted,2025-03-10 07:57:36 UTC,
RA74F2D1D7D23F,L2CCD6B495EB0,P002,2025-01-21 08:00:24 UTC,1,84.09,delivered,accepted,2025-01-21 08:03:32 UTC,
RA4A767CDBA8AD,L0E55D382D373,P005,2025-05-05 16:44:02 UTC,1,114.27,delivered,capacity_exceeded,2025-05-05 16:44:40 UTC,price_too_low
RA9D7F5B604FDE,L236BC7C3DC33,P009,2025-02-05 12:41:01 UTC,1,54.01,delivered,accepted,2025-02-05 12:44:00 UTC,
RA55B642B42EB0,LFCFC3334F8DC,P010,2025-04-26 14:33:04 UTC,1,65.59,delivered,accepted,2025-04-26 14:35:54 UTC,
RAD5A9531FE0B7,L713E7F6BBDE6,P008,2025-04-04 11:43:42 UTC,1,68.41,delivered,accepted,2025-04-04 11:48:11 UTC,
RA894E5A77C3AF,L90EF318FD223,P002,2025-06-21 08:11:51 UTC,1,82.77,delivered,accepted,2025-06-21 08:14:15 UTC,
RAC3B8FFD1797B,LD8459C53D0FA,P004,2025-06-22 17:35:16 UTC,1,93.39,delivered,rejected,2025-06-22 17:38:15 UTC,capacity
RA98312AD788C8,L46F1C2557C28,P003,2025-06-09 22:14:25 UTC,1,71.48,delivered,capacity_exceeded,2025-06-09 22:18:46 UTC,price_too_low
RAFFC6E856D01E,LB889F8A2A265,P002,2025-06-25 17:48:54 UTC,1,76.74,delivered,accepted,2025-06-25 17:50:03 UTC,
RA10AB7F7BD9F6,LB738805C6C71,P001,2025-05-07 18:54:07 UTC,1,69.47,delivered,capacity_exceeded,2025-05-07 18:54:43 UTC,capacity
RA974203508F82,L4A1F8A98E88E,P003,2025-06-15 13:20:22 UTC,1,62.94,delivered,capacity_exceeded,2025-06-15 13:25:22 UTC,quality
RAC485CD5FF55B,L0EFEFBAA8515,P010,2025-05-29 13:34:43 UTC,1,73.9,delivered,capacity_exceeded,2025-05-29 13:39:30 UTC,capacity
RAF1C548DE01E7,L0EFEFBAA8515,P006,2025-05-29 13:33:54 UTC,2,105.01,delivered,no_response,2025-05-29 13:38:20 UTC,state_not_covered
RAC872700FAE6B,LBC0CFB911338,P005,2025-02-25 15:55:55 UTC,1,105.06,delivered,accepted,2025-02-25 15:56:11 UTC,
RA9D13F364C8B8,L6D9E04FE9B6E,P002,2025-05-06 09:19:07 UTC,1,76.06,delivered,accepted,2025-05-06 09:20:02 UTC,
RAA063DE505A6A,LA563000CBC9F,P009,2025-01-14 09:21:40 UTC,1,62.24,delivered,accepted,2025-01-14 09:23:16 UTC,
RAB1712D19DE31,L11413F2DD22F,P008,2025-02-20 16:12:17 UTC,1,71.76,delivered,accepted,2025-02-20 16:15:33 UTC,
RAE2F11EBFDF2B,LC842DD4ECC80,P003,2025-02-17 08:47:29 UTC,1,59.1,delivered,accepted,2025-02-17 08:47:57 UTC,
RA845644403E70,LF83163CCD42A,P010,2025-06-22 14:19:12 UTC,1,75.88,delivered,accepted,2025-06-22 14:20:12 UTC,
RAF8DB0FD384D7,L0DC531CC0C3F,P002,2025-01-29 20:53:35 UTC,1,72.71,delivered,accepted,2025-01-29 20:54:19 UTC,
RAA4FE7AB92A42,L0E6DFD34C1F2,P003,2025-05-20 17:01:00 UTC,1,69.81,delivered,accepted,2025-05-20 17:03:19 UTC,
RA74DF922C1CBB,L5B6BD81CAAC1,P009,2025-02-02 08:57:18 UTC,1,56.27,delivered,accepted,2025-02-02 08:59:36 UTC,
RAC6E5D13730A7,L476BF7F0D131,P005,2025-05-15 13:17:04 UTC,1,95.43,delivered,rejected,2025-05-15 13:20:55 UTC,price_too_low
RA44F85143AF78,LFF1545EE5C22,P010,2025-04-18 11:30:29 UTC,1,74.52,delivered,accepted,2025-04-18 11:33:34 UTC,
RAD372C32DCD45,L4E5B5E58EE58,P006,2025-06-24 10:29:08 UTC,1,115.21,delivered,no_response,2025-06-24 10:33:10 UTC,quality
RA7644D9D0C805,L4E5B5E58EE58,P010,2025-06-24 10:29:08 UTC,2,67.14,delivered,accepted,2025-06-24 10:30:03 UTC,
RA1DC202C8E815,LF5A932393A2D,P008,2025-03-08 20:00:50 UTC,1,74.46,delivered,accepted,2025-03-08 20:01:53 UTC,
RA94A6289FDC99,LE0110A258685,P009,2025-02-13 14:04:39 UTC,1,54.54,delivered,accepted,2025-02-13 14:07:54 UTC,
RA44A4CFE1FF0A,L43AD3771A12F,P005,2025-05-08 15:14:43 UTC,1,104.39,delivered,accepted,2025-05-08 15:16:58 UTC,
RADEC7B3AF7435,LF9B2F8041F8D,P002,2025-06-23 19:06:49 UTC,1,76.11,delivered,accepted,2025-06-23 19:11:37 UTC,
RAAF75ACC582A2,LB0364ED9F393,P003,2025-05-18 19:49:01 UTC,1,62.01,delivered,accepted,2025-05-18 19:49:24 UTC,
RAD37B8C046042,L3EA273EA3E2C,P003,2025-03-08 19:28:28 UTC,1,63.8,delivered,rejected,2025-03-08 19:29:58 UTC,capacity
RA7C135EB25BCE,L238634D44952,P001,2025-03-19 19:59:51 UTC,1,65.89,delivered,accepted,2025-03-19 20:00:58 UTC,
RA687911B2B532,L5DEDE1FCEEB6,P006,2025-02-05 14:23:00 UTC,1,102.58,delivered,rejected,2025-02-05 14:24:15 UTC,capacity
RA7C8CCE60A081,L806A6A07A886,P010,2025-04-01 19:03:59 UTC,1,72.87,delivered,accepted,2025-04-01 19:07:53 UTC,
RAA17DD8F8165E,LCA3D61665688,P002,2025-04-17 21:04:03 UTC,1,75.74,delivered,accepted,2025-04-17 21:07:07 UTC,
RA4AC718956694,L00BEFA50D6E1,P003,2025-03-24 16:39:46 UTC,1,57.8,delivered,no_response,2025-03-24 16:42:57 UTC,capacity
RADB1FB0C25D0C,LF9DD7955D09B,P003,2025-01-10 12:37:46 UTC,1,60.02,delivered,accepted,2025-01-10 12:38:22 UTC,
RA4380AAFF9BF2,LDC821D5E8936,P005,2025-04-23 17:15:47 UTC,1,92.98,delivered,accepted,2025-04-23 17:18:55 UTC,
RA6072B972C4A6,LF15985E1D424,P010,2025-05-20 18:16:08 UTC,1,77.35,delivered,rejected,2025-05-20 18:17:36 UTC,price_too_low
RAFCAEB5D6A45B,LD981279B3ED7,P008,2025-04-17 17:36:20 UTC,1,68.35,delivered,accepted,2025-04-17 17:40:53 UTC,
RA91EDA1E8B95D,LC5739AB3875A,P002,2025-03-24 21:31:52 UTC,1,77.77,delivered,accepted,2025-03-24 21:36:14 UTC,
RADB5B9622D015,L3B0E9AB971DF,P002,2025-03-09 08:52:22 UTC,1,71.78,delivered,accepted,2025-03-09 08:56:54 UTC,
RA939DE1D50880,L3CAFFA2E27A8,P003,2025-03-09 19:08:56 UTC,1,69.58,delivered,rejected,2025-03-09 19:09:14 UTC,capacity
RAFA242D85552B,L3CAFFA2E27A8,P002,2025-03-09 19:09:29 UTC,2,84.57,delivered,accepted,2025-03-09 19:14:18 UTC,
RA96812C568218,L3D00CA995BBC,P009,2025-02-02 19:45:17 UTC,1,53.21,delivered,accepted,2025-02-02 19:48:06 UTC,
RAA0ED6F68BDBE,LC02ED1673A01,P001,2025-03-15 14:40:47 UTC,1,63.41,delivered,accepted,2025-03-15 14:44:58 UTC,
RABA757711CCD6,LD5B0A304AB0E,P005,2025-02-07 08:57:36 UTC,1,106.48,delivered,no_response,2025-02-07 09:00:22 UTC,quality
RA9418141CCC1B,L237CE1D793FA,P010,2025-03-10 14:19:48 UTC,1,61.63,delivered,rejected,2025-03-10 14:22:39 UTC,price_too_low
RABF9077E828CC,L237CE1D793FA,P009,2025-03-10 14:19:32 UTC,2,63.34,delivered,accepted,2025-03-10 14:23:58 UTC,
RA5E1CA11E27B7,L0A6820C6EA96,P010,2025-01-03 08:18:18 UTC,1,82.23,delivered,accepted,2025-01-03 08:23:05 UTC,
RA493FB63EE7A6,LB39B1FD62801,P002,2025-05-30 13:38:45 UTC,1,64.14,delivered,accepted,2025-05-30 13:39:20 UTC,
RA4A6AF425F4FB,LBE27AFF2A860,P002,2025-02-13 16:45:21 UTC,1,68.6,delivered,no_response,2025-02-13 16:48:11 UTC,state_not_covered
RAD9F2FC7B5763,LBE27AFF2A860,P010,2025-02-13 16:45:43 UTC,2,69.96,delivered,rejected,2025-02-13 16:47:59 UTC,capacity
RAF2A5077A4CB6,L7DE5D619DB86,P008,2025-05-09 12:13:50 UTC,1,68.91,delivered,capacity_exceeded,2025-05-09 12:18:13 UTC,state_not_covered
RA2232C2C1FF7C,LCA2BC8B4906D,P001,2025-05-11 09:13:58 UTC,1,68.83,delivered,accepted,2025-05-11 09:18:24 UTC,
RA76D0C1B81FAF,LC458D9A21DB9,P010,2025-03-12 14:57:41 UTC,1,78.28,delivered,capacity_exceeded,2025-03-12 14:58:20 UTC,quality
RAB1A1CB463A3B,L29D92472DAAF,P002,2025-01-21 11:58:04 UTC,1,73.08,delivered,accepted,2025-01-21 12:00:07 UTC,
RAEC476C1EC3A8,L55EAD9231B69,P002,2025-04-17 14:42:49 UTC,1,68.25,delivered,accepted,2025-04-17 14:43:27 UTC,
RA1BA33FC96EB0,LA0BA64E725F5,P010,2025-06-22 13:25:59 UTC,1,76.44,delivered,accepted,2025-06-22 13:28:44 UTC,
RA404CE424DDAB,L2DA68F813F24,P003,2025-03-14 16:48:15 UTC,1,61.3,delivered,accepted,2025-03-14 16:50:52 UTC,
RA8DEA686C28D5,L95FCBB5DAA91,P003,2025-01-16 09:11:06 UTC,1,75.6,delivered,capacity_exceeded,2025-01-16 09:13:46 UTC,quality
RA46E9D2F0ED1D,L465ECFE7230E,P005,2025-02-28 15:33:26 UTC,1,97.72,delivered,accepted,2025-02-28 15:36:04 UTC,
RA8C2B1A59965C,L75A8377DEA9A,P003,2025-03-11 11:06:41 UTC,1,68.53,delivered,accepted,2025-03-11 11:08:24 UTC,
RA14E4E2396C67,LBD080AC51807,P002,2025-01-17 09:45:47 UTC,1,86.21,delivered,accepted,2025-01-17 09:47:22 UTC,
RA663EB88B8492,L8A93199DA288,P010,2025-03-29 18:26:13 UTC,1,63.44,delivered,accepted,2025-03-29 18:28:32 UTC,
RAAF88E2089D92,L818FAA82BFEA,P005,2025-02-01 23:02:58 UTC,1,96.85,delivered,rejected,2025-02-01 23:04:36 UTC,state_not_covered
RA1152B19BA4FB,L070DA4561F41,P010,2025-04-18 19:10:20 UTC,1,77.65,delivered,accepted,2025-04-18 19:11:29 UTC,
RAAFE6F457A5A0,L8070EB0A9C8C,P003,2025-01-08 21:01:50 UTC,1,67.45,delivered,capacity_exceeded,2025-01-08 21:04:25 UTC,quality
RA18AD9853C24A,LFECFF7EDE473,P009,2025-04-18 21:08:31 UTC,1,57.59,delivered,capacity_exceeded,2025-04-18 21:11:11 UTC,capacity
RABDF6E4F5B482,LFECFF7EDE473,P010,2025-04-18 21:08:26 UTC,2,66.81,delivered,accepted,2025-04-18 21:13:22 UTC,
RA7CC0BC318160,LCA844F25BA8A,P005,2025-02-16 13:51:58 UTC,1,99.42,delivered,accepted,2025-02-16 13:52:27 UTC,
RAE811D7995C77,L86167F8EB9CC,P002,2025-05-22 17:53:59 UTC,1,71.09,delivered,accepted,2025-05-22 17:56:50 UTC,
RA308475F275F8,L7B7697E2DD8A,P009,2025-03-03 13:46:32 UTC,1,56.08,delivered,no_response,2025-03-03 13:49:47 UTC,quality
RA4E725AB75EFC,L7B7697E2DD8A,P010,2025-03-03 13:47:08 UTC,2,79.48,delivered,rejected,2025-03-03 13:48:32 UTC,price_too_low
RAB9122793C0CA,L7B7697E2DD8A,P002,2025-03-03 13:46:30 UTC,3,69.71,delivered,accepted,2025-03-03 13:49:55 UTC,
RA73E0737532B6,L4EC7BF2F7F92,P010,2025-04-22 10:40:58 UTC,1,81.45,delivered,rejected,2025-04-22 10:43:25 UTC,price_too_low
RA8998529B0E4C,L4EC7BF2F7F92,P009,2025-04-22 10:40:55 UTC,2,54.29,delivered,accepted,2025-04-22 10:42:09 UTC,
RADB243C9C9E21,LDA1334C40955,P010,2025-03-29 11:25:11 UTC,1,75.19,delivered,no_response,2025-03-29 11:26:14 UTC,quality
RA67F012D70B8F,LDA1334C40955,P001,2025-03-29 11:25:24 UTC,2,72.51,delivered,accepted,2025-03-29 11:28:32 UTC,
RA656257E31FC4,L15675102AF02,P005,2025-05-17 16:05:28 UTC,1,89.91,delivered,accepted,2025-05-17 16:09:00 UTC,
RA48D5C99C17EC,L9EDD83130B55,P002,2025-06-27 18:39:42 UTC,1,74.96,delivered,accepted,2025-06-27 18:41:40 UTC,
RA20E5DC961EF9,L9D04DBEA6551,P002,2025-04-18 09:40:17 UTC,1,84.37,delivered,capacity_exceeded,2025-04-18 09:40:51 UTC,state_not_covered
RA7E3384643807,LA9B50D7BF081,P010,2025-03-21 22:11:22 UTC,1,75.55,delivered,rejected,2025-03-21 22:12:42 UTC,state_not_covered
RA16CB9E672407,LA9B50D7BF081,P001,2025-03-21 22:10:50 UTC,2,61.34,delivered,capacity_exceeded,2025-03-21 22:14:43 UTC,quality
RAAD662F9F7A5E,LE2E994480836,P005,2025-02-20 22:15:50 UTC,1,99.43,delivered,rejected,2025-02-20 22:19:26 UTC,state_not_covered
RA1E380BF43C3D,LD101A82F10BF,P010,2025-06-16 09:14:45 UTC,1,64.08,delivered,capacity_exceeded,2025-06-16 09:17:04 UTC,state_not_covered
RAEF75C3944FF6,LF037816D8877,P009,2025-03-22 13:38:55 UTC,1,49.76,delivered,accepted,2025-03-22 13:40:54 UTC,
RA884CCDCAF92B,L18BB203757D3,P006,2025-03-10 15:24:35 UTC,1,102.11,delivered,accepted,2025-03-10 15:27:00 UTC,
RA2F4E0C140405,L9C6DAD15C8E5,P004,2025-02-13 14:28:52 UTC,1,103.26,delivered,accepted,2025-02-13 14:31:02 UTC,
RA676FCF7019AB,LFF69D56E4645,P005,2025-01-19 20:03:57 UTC,1,94.36,delivered,accepted,2025-01-19 20:07:36 UTC,
RA530793C7274D,LDF30D6B89215,P010,2025-03-04 15:06:41 UTC,1,62.7,delivered,no_response,2025-03-04 15:08:34 UTC,state_not_covered
RA550E317A222E,LA50025576CE1,P003,2025-01-08 20:27:24 UTC,1,74.79,delivered,rejected,2025-01-08 20:28:53 UTC,quality
RA65CC3B59271C,LA50025576CE1,P010,2025-01-08 20:26:56 UTC,2,67.76,delivered,accepted,2025-01-08 20:27:47 UTC,
RA9A0A1BE4A2B1,L70C07813D18D,P002,2025-01-26 14:26:07 UTC,1,75.59,delivered,accepted,2025-01-26 14:27:39 UTC,
RAD8B90238CD4D,LC3B260D59F4F,P001,2025-04-20 14:52:58 UTC,1,60.56,delivered,rejected,2025-04-20 14:53:42 UTC,state_not_covered
RA39C2C71CF903,LDF21D420F425,P001,2025-02-19 12:33:26 UTC,1,64.05,delivered,accepted,2025-02-19 12:35:46 UTC,
RA83C587135CA0,LA8FBB76E6D74,P010,2025-02-28 08:08:04 UTC,1,74.22,delivered,accepted,2025-02-28 08:12:13 UTC,
RA9551ACE3C5E8,L11E736FB1812,P003,2025-02-07 22:48:15 UTC,1,72.75,delivered,accepted,2025-02-07 22:51:44 UTC,
RA6B25A3D48966,L58118AD239D7,P003,2025-05-09 13:11:10 UTC,1,67.63,delivered,accepted,2025-05-09 13:12:33 UTC,
RACBF7B467C984,L5A86EFE5A4D3,P002,2025-01-21 13:16:22 UTC,1,70.84,delivered,accepted,2025-01-21 13:20:33 UTC,
RABFFF95EFB5ED,L0D466B4C1C14,P010,2025-01-11 13:40:26 UTC,1,63.64,delivered,accepted,2025-01-11 13:45:13 UTC,
RA9F825F26D92C,LE9DB256A086B,P002,2025-01-11 22:23:03 UTC,1,85.4,delivered,rejected,2025-01-11 22:27:52 UTC,state_not_covered
RABBCEFF415188,LDDDD342129BB,P009,2025-04-11 08:17:20 UTC,1,61.73,delivered,accepted,2025-04-11 08:18:57 UTC,
RAFF4E705DA1DF,LDEE7DDA94068,P008,2025-01-17 10:37:50 UTC,1,78.6,delivered,accepted,2025-01-17 10:42:11 UTC,
RAF6B6D72FCFAE,L342E9C71E143,P010,2025-06-13 16:07:02 UTC,1,64.11,delivered,rejected,2025-06-13 16:09:51 UTC,price_too_low
RA5042E4BFA203,L342E9C71E143,P008,2025-06-13 16:07:18 UTC,2,66.93,delivered,accepted,2025-06-13 16:11:23 UTC,
RA85E652BCA9D8,L5730FBDBDD31,P003,2025-02-19 21:28:41 UTC,1,59.22,delivered,accepted,2025-02-19 21:31:15 UTC,
RAF95601AD734D,L855FBE08CC67,P004,2025-04-09 09:50:59 UTC,1,93.1,delivered,accepted,2025-04-09 09:55:15 UTC,
RA274702AB672A,L1C8B4455CCED,P010,2025-02-03 15:23:48 UTC,1,70.77,delivered,accepted,2025-02-03 15:25:47 UTC,
RAA9F2B42C68DB,L1465A1B7A83E,P003,2025-04-16 21:17:23 UTC,1,73.24,delivered,accepted,2025-04-16 21:20:03 UTC,
RA8C0542840BD9,L271D3C4D6D85,P010,2025-01-27 16:11:14 UTC,1,66.02,delivered,accepted,2025-01-27 16:15:49 UTC,
RAE5A7F8AAD437,L79328B2E5EE8,P010,2025-03-17 17:32:59 UTC,1,81.6,delivered,rejected,2025-03-17 17:33:20 UTC,price_too_low
RA39F99C52FB58,L79328B2E5EE8,P002,2025-03-17 17:33:25 UTC,2,70.2,delivered,accepted,2025-03-17 17:36:07 UTC,
RAB9C0DD1C7F05,L27C39B1F6668,P003,2025-01-25 10:02:30 UTC,1,69.22,delivered,rejected,2025-01-25 10:06:10 UTC,quality
RACA31AD80E6C6,L92F7431D0BCB,P002,2025-02-04 16:04:13 UTC,1,80.78,delivered,accepted,2025-02-04 16:04:28 UTC,
RAE7939A8816FB,LC63B26DF4D3C,P006,2025-04-04 11:14:45 UTC,1,124.38,delivered,accepted,2025-04-04 11:19:26 UTC,
RA8B90BFCF751B,L1B4EC72D6EB1,P009,2025-05-01 20:12:25 UTC,1,50.97,delivered,rejected,2025-05-01 20:13:56 UTC,capacity
RA3CC4E2E2C135,L4BC779B8D16D,P010,2025-02-27 13:04:19 UTC,1,63.3,delivered,accepted,2025-02-27 13:09:01 UTC,
RAD74D55124756,LB14A06020971,P005,2025-02-23 22:08:59 UTC,1,104.53,delivered,accepted,2025-02-23 22:13:52 UTC,
RA62449B56D3DC,LFCD3C2B2987C,P008,2025-06-15 18:40:12 UTC,1,73.8,delivered,rejected,2025-06-15 18:41:08 UTC,capacity
RA3FDBFD136F31,L5DCE767C5C91,P001,2025-03-10 22:46:41 UTC,1,67.01,delivered,rejected,2025-03-10 22:50:58 UTC,price_too_low
RAB442EF26506A,LCC3F69998250,P010,2025-03-04 14:08:47 UTC,1,73.84,delivered,accepted,2025-03-04 14:13:39 UTC,
RA1BD31359D901,LC68AD07AF08E,P008,2025-05-06 07:40:52 UTC,1,85.37,delivered,accepted,2025-05-06 07:44:47 UTC,
RA915CDD239904,L18305E1BF2E6,P008,2025-03-11 07:31:04 UTC,1,80.21,delivered,accepted,2025-03-11 07:34:00 UTC,
RA8A61347D9B5B,L7F5084FF12DF,P004,2025-03-10 13:44:09 UTC,1,90.21,delivered,accepted,2025-03-10 13:48:58 UTC,
RAB0D396147AC4,L789F7341093F,P003,2025-04-14 11:48:43 UTC,1,63.97,delivered,no_response,2025-04-14 11:53:40 UTC,state_not_covered
RA07E7D58CCA68,L2E9189444C8D,P004,2025-01-09 13:29:53 UTC,1,92.04,delivered,accepted,2025-01-09 13:30:20 UTC,
RA9B156F9124D2,LECF7B0CE4719,P002,2025-04-01 15:52:56 UTC,1,69.12,delivered,accepted,2025-04-01 15:53:48 UTC,
RA6F4036115BE2,LEAA3F83493E3,P002,2025-01-23 11:32:26 UTC,1,77.2,delivered,no_response,2025-01-23 11:36:51 UTC,price_too_low
RA86750E07F808,LDFA76A6BFD20,P003,2025-04-15 22:48:25 UTC,1,63.49,delivered,accepted,2025-04-15 22:50:57 UTC,
RA20D796EABAC2,L514601870169,P010,2025-03-21 15:32:32 UTC,1,76.29,delivered,rejected,2025-03-21 15:35:51 UTC,price_too_low
RA36892BE18213,L514601870169,P002,2025-03-21 15:32:07 UTC,2,75.79,delivered,capacity_exceeded,2025-03-21 15:36:14 UTC,state_not_covered
RA30CA14A04958,LFD35CA8CFE66,P002,2025-01-04 20:38:00 UTC,1,82.12,delivered,accepted,2025-01-04 20:42:47 UTC,
RA580EFEDA3415,LF6271C8A2D5F,P006,2025-03-10 13:42:19 UTC,1,104.6,delivered,accepted,2025-03-10 13:46:57 UTC,
RA56DA9DC5E76D,L0668C1EEAD64,P002,2025-03-28 18:57:13 UTC,1,66.71,delivered,rejected,2025-03-28 18:59:03 UTC,state_not_covered
RA56A240F5080A,LE20F51ABDD00,P009,2025-05-06 12:27:59 UTC,1,65.16,delivered,accepted,2025-05-06 12:28:29 UTC,
RA756E3DF6DB83,LC78EACC6412F,P010,2025-02-07 21:49:07 UTC,1,69.59,delivered,accepted,2025-02-07 21:52:51 UTC,
RA1238F8E2D64D,LDFF64D0757FE,P002,2025-01-28 08:23:52 UTC,1,71.48,delivered,accepted,2025-01-28 08:24:31 UTC,
RA544FFB383AE5,LB67C85B39603,P003,2025-06-15 13:35:29 UTC,1,71.47,delivered,accepted,2025-06-15 13:36:46 UTC,
RA17E2AEF5AA5D,L4DE6703B541E,P001,2025-03-02 23:12:00 UTC,1,62.53,delivered,rejected,2025-03-02 23:15:13 UTC,price_too_low
RA49B949A205AF,LB30085119BB6,P010,2025-02-20 10:05:29 UTC,1,81.43,delivered,accepted,2025-02-20 10:10:16 UTC,
RA16152E2EF153,L16A414414F84,P006,2025-01-03 13:13:07 UTC,1,117.88,delivered,rejected,2025-01-03 13:13:45 UTC,state_not_covered
RA0609CA97711B,L16A414414F84,P010,2025-01-03 13:12:55 UTC,2,72.45,delivered,accepted,2025-01-03 13:17:48 UTC,
RAB7AA9B8E9168,L9451D0185B9B,P003,2025-03-29 11:36:38 UTC,1,62.04,delivered,rejected,2025-03-29 11:38:48 UTC,state_not_covered
RAEFFBC1CCDA76,L9451D0185B9B,P002,2025-03-29 11:36:39 UTC,2,85.6,delivered,no_response,2025-03-29 11:40:43 UTC,quality
RAFF40ECFC3C78,L0A24ED781AAE,P010,2025-02-20 22:40:10 UTC,1,79.19,delivered,no_response,2025-02-20 22:41:52 UTC,state_not_covered
RA79F4CDE11975,L0A24ED781AAE,P009,2025-02-20 22:40:15 UTC,2,61.92,delivered,capacity_exceeded,2025-02-20 22:42:52 UTC,state_not_covered
RA65F5D888083C,L0A24ED781AAE,P003,2025-02-20 22:40:05 UTC,3,70.53,delivered,accepted,2025-02-20 22:41:34 UTC,
RA2A3FFE0C2465,L137DAB96D54D,P004,2025-01-18 11:49:26 UTC,1,97.29,delivered,accepted,2025-01-18 11:51:00 UTC,
RA8C61CF81CEFA,L003584A700C4,P001,2025-05-14 18:38:45 UTC,1,72.42,delivered,rejected,2025-05-14 18:41:54 UTC,capacity
RA46632182711D,L07DDA716671A,P002,2025-01-30 15:17:27 UTC,1,79.62,delivered,capacity_exceeded,2025-01-30 15:20:07 UTC,state_not_covered
RA0F24231B4FC2,L3781B19756EC,P002,2025-06-04 09:35:00 UTC,1,82.12,delivered,accepted,2025-06-04 09:36:36 UTC,
RA3B8CA925D7A0,LB686636D032B,P005,2025-05-16 13:31:49 UTC,1,89.67,delivered,accepted,2025-05-16 13:34:37 UTC,
RA4042DBC401AC,L3A2E8A0659C3,P001,2025-05-11 17:12:10 UTC,1,71.3,delivered,rejected,2025-05-11 17:16:06 UTC,capacity
RADA338EA82EC2,L5229756BB24E,P005,2025-06-19 14:57:32 UTC,1,112.05,delivered,accepted,2025-06-19 14:59:28 UTC,
RA7D3058DBB7E4,L3698B0458A42,P010,2025-01-19 13:56:04 UTC,1,78.27,delivered,accepted,2025-01-19 13:59:43 UTC,
RAA5545968B9FC,L58835E18ECB9,P010,2025-06-02 16:50:43 UTC,1,78.82,delivered,capacity_exceeded,2025-06-02 16:52:09 UTC,price_too_low
RA710BF33C1724,L216358964D63,P002,2025-04-04 08:21:57 UTC,1,85.23,delivered,no_response,2025-04-04 08:24:32 UTC,capacity
RA95726B32FD83,L216358964D63,P003,2025-04-04 08:21:21 UTC,2,76.1,delivered,accepted,2025-04-04 08:22:29 UTC,
RA40F19A7F8E6C,L19E913C6D572,P001,2025-02-13 08:40:32 UTC,1,72.54,delivered,accepted,2025-02-13 08:42:06 UTC,
RA70CA58E94D29,LD0444377E5F6,P009,2025-03-17 18:55:53 UTC,1,60.2,delivered,accepted,2025-03-17 18:58:46 UTC,
RA2B6814905DB6,LBEBEC4C8AE6E,P002,2025-03-03 12:27:55 UTC,1,76.61,delivered,accepted,2025-03-03 12:29:05 UTC,
RAFB88B7ED0473,L08A3AD942F6D,P010,2025-05-12 14:32:45 UTC,1,76.01,delivered,no_response,2025-05-12 14:36:27 UTC,quality
RA26E281FFBF56,L7CF59893D740,P010,2025-01-29 15:54:02 UTC,1,78.52,delivered,accepted,2025-01-29 15:54:54 UTC,
RA03F1D306E122,L81C5621F15F6,P005,2025-06-22 19:34:04 UTC,1,115.52,delivered,capacity_exceeded,2025-06-22 19:38:47 UTC,quality
RA6B69EA52D2B9,L4F267D48235D,P007,2025-04-17 16:01:49 UTC,1,127.2,delivered,accepted,2025-04-17 16:04:11 UTC,
RAC7E5DB851B79,L14EE1A4C1533,P003,2025-03-06 15:50:37 UTC,1,70.35,delivered,no_response,2025-03-06 15:54:57 UTC,capacity
RA3932AC4F9582,L14EE1A4C1533,P010,2025-03-06 15:50:24 UTC,2,63.35,delivered,accepted,2025-03-06 15:53:05 UTC,
RAF09E0B689268,L7879CFA4D9D8,P007,2025-04-25 14:25:58 UTC,1,130.55,delivered,accepted,2025-04-25 14:30:09 UTC,
RA8FC1924D4EA1,L036D01456F7D,P002,2025-02-01 09:03:15 UTC,1,67.34,delivered,no_response,2025-02-01 09:05:58 UTC,state_not_covered
RAF7A1816F2ECC,L036D01456F7D,P010,2025-02-01 09:03:27 UTC,2,65.5,delivered,accepted,2025-02-01 09:05:45 UTC,
RA50B0592E3AF8,LFE9D4864DE92,P010,2025-02-10 18:12:43 UTC,1,73.85,delivered,no_response,2025-02-10 18:16:13 UTC,state_not_covered
RAC6AFEEC3F48D,L6C0C6FD3339A,P009,2025-05-18 10:28:18 UTC,1,61.36,delivered,accepted,2025-05-18 10:30:50 UTC,
RAF2DDA2DC0672,LC95B26250877,P002,2025-06-22 13:12:45 UTC,1,70.36,delivered,accepted,2025-06-22 13:16:49 UTC,
RA49F444703FF6,L18301170CD0F,P005,2025-06-28 20:50:46 UTC,1,107.56,delivered,accepted,2025-06-28 20:53:15 UTC,
RA503C12DCF9F7,L602B0E45C7E0,P010,2025-01-28 08:54:19 UTC,1,70.52,delivered,accepted,2025-01-28 08:58:43 UTC,
RA2D4BD83278BF,L4B649C6D4D16,P006,2025-03-28 23:17:23 UTC,1,113.59,delivered,accepted,2025-03-28 23:21:23 UTC,
RA0FF408AB296B,L69767BE8DA48,P003,2025-03-20 15:08:48 UTC,1,62.0,delivered,capacity_exceeded,2025-03-20 15:13:29 UTC,quality
RA2AA65A2E2FE0,L69767BE8DA48,P002,2025-03-20 15:08:57 UTC,2,68.07,delivered,rejected,2025-03-20 15:12:00 UTC,capacity
RA43ACCBECAC80,L48F6210EFF23,P002,2025-03-31 17:03:49 UTC,1,75.79,delivered,capacity_exceeded,2025-03-31 17:06:07 UTC,capacity
RAAF7F40539AA9,LFA0837DC84E9,P001,2025-01-07 18:36:22 UTC,1,67.85,delivered,capacity_exceeded,2025-01-07 18:41:08 UTC,price_too_low
RA0B35D95E01CB,L330F41BD6F18,P002,2025-01-06 10:54:20 UTC,1,75.66,delivered,capacity_exceeded,2025-01-06 10:59:17 UTC,price_too_low
RA9ECBFF5BFDFF,L330F41BD6F18,P010,2025-01-06 10:54:15 UTC,2,78.27,delivered,accepted,2025-01-06 10:56:12 UTC,
RA56068CAA7CF4,L8BC54E55E782,P003,2025-02-11 10:27:18 UTC,1,64.1,delivered,accepted,2025-02-11 10:31:32 UTC,
RAFCFB367C614B,LB33AFAA34D4B,P003,2025-01-23 09:48:08 UTC,1,63.21,delivered,accepted,2025-01-23 09:52:26 UTC,
RA77F6444B0FA0,LFD95D8378AB6,P002,2025-05-24 18:20:47 UTC,1,82.61,delivered,accepted,2025-05-24 18:25:44 UTC,
RA1C537F302964,LA0F547B6B291,P003,2025-03-16 19:29:40 UTC,1,69.06,delivered,capacity_exceeded,2025-03-16 19:33:40 UTC,quality
RAF11D60F75804,LA0F547B6B291,P001,2025-03-16 19:29:44 UTC,2,60.06,delivered,accepted,2025-03-16 19:31:03 UTC,
RA4545140A950E,L530537EA5A70,P010,2025-03-15 15:38:09 UTC,1,64.62,delivered,accepted,2025-03-15 15:41:02 UTC,
RAC37052345C74,L1EA441221B0A,P009,2025-01-29 21:49:22 UTC,1,60.46,delivered,accepted,2025-01-29 21:52:21 UTC,
RAC28A8D511819,L1D1A70875D98,P001,2025-05-24 10:08:51 UTC,1,63.62,delivered,accepted,2025-05-24 10:09:42 UTC,
RA11CFCAAEEA70,L97F14FCBEC9A,P008,2025-04-26 12:03:01 UTC,1,76.58,delivered,capacity_exceeded,2025-04-26 12:03:25 UTC,price_too_low
RA6A28E2B6DB02,L97F14FCBEC9A,P010,2025-04-26 12:02:53 UTC,2,69.03,delivered,accepted,2025-04-26 12:06:45 UTC,
RAB16EE92AB575,L981EF550DFB5,P003,2025-03-12 09:24:39 UTC,1,67.89,delivered,no_response,2025-03-12 09:25:33 UTC,capacity
RA05F411CE4A7D,L981EF550DFB5,P002,2025-03-12 09:24:54 UTC,2,73.19,delivered,accepted,2025-03-12 09:28:37 UTC,
RA705CD0598C33,L291761FEC3D9,P001,2025-05-21 12:30:58 UTC,1,57.59,delivered,accepted,2025-05-21 12:32:38 UTC,
RA6CE6ACCA0703,L8F7D00714320,P010,2025-05-17 22:25:07 UTC,1,66.13,delivered,accepted,2025-05-17 22:25:43 UTC,
RA8CF641FAD763,L2E25179EFECF,P005,2025-02-12 12:42:28 UTC,1,110.14,delivered,capacity_exceeded,2025-02-12 12:46:04 UTC,capacity
RA18580660ADD2,LF6C6A3C00826,P003,2025-01-15 22:55:47 UTC,1,71.1,delivered,capacity_exceeded,2025-01-15 22:59:54 UTC,quality
RAAC9CFA9A91E9,LFC0CC1D8E8D4,P008,2025-02-12 07:27:00 UTC,1,75.08,delivered,accepted,2025-02-12 07:28:13 UTC,
RACBF28E9B0748,LCFECE5E5324D,P003,2025-03-20 10:15:08 UTC,1,77.12,delivered,accepted,2025-03-20 10:18:28 UTC,
RA8A242218EA53,LF384EB424AAA,P002,2025-03-08 18:52:06 UTC,1,77.03,delivered,accepted,2025-03-08 18:56:30 UTC,
RA2E52B4D68E79,L11F63C9F7D7A,P005,2025-04-23 08:38:13 UTC,1,93.09,delivered,capacity_exceeded,2025-04-23 08:41:21 UTC,price_too_low
RAFBC0A57D5089,L0A0163A63784,P001,2025-03-04 10:28:01 UTC,1,74.11,delivered,accepted,2025-03-04 10:28:53 UTC,
RAA1C1B6D700FA,LF4D7B9BA9137,P002,2025-06-23 17:00:30 UTC,1,79.35,delivered,accepted,2025-06-23 17:04:06 UTC,
RA37BC890EE2F1,LEEE0863F4AD6,P002,2025-06-03 14:20:18 UTC,1,77.41,delivered,accepted,2025-06-03 14:22:14 UTC,
RA336E3EE378FF,L43AEB2542FC9,P002,2025-01-13 20:51:22 UTC,1,67.45,delivered,accepted,2025-01-13 20:56:22 UTC,
RAAAFA4BB2AEFC,L06EAB9A26A29,P010,2025-05-20 10:56:01 UTC,1,78.02,delivered,accepted,2025-05-20 10:59:12 UTC,
RA181B5411C617,LE361F157EAA9,P010,2025-01-28 10:17:50 UTC,1,72.8,delivered,accepted,2025-01-28 10:20:14 UTC,
RA9F94F001C43C,L67630A256355,P001,2025-01-21 22:44:15 UTC,1,71.85,delivered,accepted,2025-01-21 22:47:08 UTC,
RA886B1DAB0ECB,L24F228CBE9F9,P009,2025-03-19 19:00:30 UTC,1,61.27,delivered,accepted,2025-03-19 19:01:28 UTC,
RADB58E98C56DB,LE97A7DA8C4B9,P002,2025-01-22 13:11:45 UTC,1,68.07,delivered,accepted,2025-01-22 13:12:57 UTC,
RA0C81578A1029,LF2496BDBBA88,P009,2025-04-07 15:49:20 UTC,1,66.58,delivered,accepted,2025-04-07 15:51:32 UTC,
RAB2ABAEE5C02D,L10EDA611F25C,P003,2025-02-16 13:37:23 UTC,1,66.81,delivered,accepted,2025-02-16 13:40:13 UTC,
RA260F4B00F653,LD66B392A27D2,P003,2025-05-25 19:41:42 UTC,1,60.1,delivered,accepted,2025-05-25 19:42:21 UTC,
RA7235B87E456A,L4427CB966208,P010,2025-06-30 17:45:29 UTC,1,82.42,delivered,rejected,2025-06-30 17:48:51 UTC,state_not_covered
RA24FCEE47CE05,LACF3C95EC073,P002,2025-03-14 16:50:40 UTC,1,85.48,delivered,capacity_exceeded,2025-03-14 16:52:28 UTC,quality
RAE0DBC81ACCDA,LACF3C95EC073,P003,2025-03-14 16:50:50 UTC,2,60.14,delivered,accepted,2025-03-14 16:55:47 UTC,
RAD9FD31E33A7F,L8D43F875455D,P007,2025-02-18 19:07:06 UTC,1,131.08,delivered,accepted,2025-02-18 19:07:40 UTC,
RA193C7016DFF0,L7A11391E4831,P002,2025-03-19 16:32:09 UTC,1,85.43,delivered,accepted,2025-03-19 16:32:20 UTC,
RA6E4C12DC4E40,LB20C014C910C,P010,2025-01-23 20:43:56 UTC,1,82.34,delivered,accepted,2025-01-23 20:46:13 UTC,
RA6E5808E7031E,L10923C48EA38,P010,2025-05-18 23:07:51 UTC,1,71.96,delivered,accepted,2025-05-18 23:11:31 UTC,
RADCAD21D7AF7C,LA38C20B12B24,P002,2025-01-26 09:53:24 UTC,1,75.76,delivered,rejected,2025-01-26 09:57:39 UTC,state_not_covered
RA9AEC149FDCF2,L9EE2760FF8AF,P005,2025-01-06 08:55:57 UTC,1,93.72,delivered,accepted,2025-01-06 08:58:54 UTC,
RAB552FE3432DB,L36456DFDCB6A,P006,2025-01-16 08:52:47 UTC,1,109.01,delivered,accepted,2025-01-16 08:56:01 UTC,
RA69FC92ADFBDF,L773F8F6D6140,P001,2025-01-30 08:20:30 UTC,1,56.82,delivered,rejected,2025-01-30 08:25:25 UTC,capacity
RA801E5B3A6DB9,LE23E61030481,P009,2025-01-16 07:45:53 UTC,1,50.59,delivered,rejected,2025-01-16 07:49:24 UTC,state_not_covered
RA81A8F839BA01,LE23E61030481,P003,2025-01-16 07:45:43 UTC,2,57.85,delivered,accepted,2025-01-16 07:50:20 UTC,
RACE4E10F0DE60,L39F3DCF2D798,P002,2025-01-18 12:58:16 UTC,1,69.06,delivered,accepted,2025-01-18 13:02:54 UTC,
RA0AAFECC79C6D,L202EA4BD2F9A,P002,2025-01-21 22:02:57 UTC,1,75.53,delivered,rejected,2025-01-21 22:05:52 UTC,quality
RABDAA1676FB41,L202EA4BD2F9A,P001,2025-01-21 22:02:39 UTC,2,56.8,delivered,rejected,2025-01-21 22:05:55 UTC,capacity
RA440933CA1BD8,L202EA4BD2F9A,P003,2025-01-21 22:02:29 UTC,3,60.88,delivered,capacity_exceeded,2025-01-21 22:06:53 UTC,price_too_low
RAD9965001B9B2,L66E4D090C14D,P003,2025-06-03 08:12:50 UTC,1,58.15,delivered,accepted,2025-06-03 08:16:06 UTC,
RAAC6E27EA0ABB,L8A68561D3B68,P005,2025-02-19 13:56:01 UTC,1,89.62,delivered,accepted,2025-02-19 13:58:24 UTC,
RAD013476EBA66,LE6BDCEDBB76D,P008,2025-03-15 10:52:28 UTC,1,81.75,delivered,capacity_exceeded,2025-03-15 10:55:52 UTC,capacity
RA7E533588871E,LF8E9D3A94C58,P009,2025-06-02 19:00:50 UTC,1,57.11,delivered,accepted,2025-06-02 19:02:02 UTC,
RA91CC9BB3FDAE,L8C6402287B89,P007,2025-04-27 14:38:54 UTC,1,113.66,delivered,accepted,2025-04-27 14:41:41 UTC,
RA0D9138C22800,L0CB2C2F03B04,P001,2025-06-13 09:37:01 UTC,1,71.32,delivered,accepted,2025-06-13 09:38:39 UTC,
RAB4EAA2B2D342,L93F8972CBA2A,P003,2025-05-15 10:10:55 UTC,1,58.72,delivered,accepted,2025-05-15 10:11:20 UTC,
RA991B803E1473,LD02FA87B6B67,P002,2025-05-05 22:22:34 UTC,1,78.62,delivered,accepted,2025-05-05 22:27:12 UTC,
RA1CA89E0B6B1D,LD9B45FC444E2,P010,2025-05-28 22:50:17 UTC,1,76.48,delivered,accepted,2025-05-28 22:54:02 UTC,
RA7EFA37CD610A,LE79CC4143D4C,P005,2025-01-12 09:37:17 UTC,1,114.07,delivered,accepted,2025-01-12 09:39:07 UTC,
RAE51480C42872,LD4A4641852FB,P002,2025-05-27 20:03:21 UTC,1,80.18,delivered,accepted,2025-05-27 20:07:15 UTC,
RA7853E1C0CBE5,L7E577E9DFFFC,P003,2025-03-04 18:20:58 UTC,1,65.91,delivered,rejected,2025-03-04 18:21:17 UTC,price_too_low
RADBFD6B186FA6,L6F841B476693,P009,2025-06-17 19:02:39 UTC,1,62.31,delivered,accepted,2025-06-17 19:04:15 UTC,
RA66640AF2340F,L69C29E9474C2,P003,2025-04-02 08:02:01 UTC,1,67.23,delivered,accepted,2025-04-02 08:04:39 UTC,
RA4E818DAED77E,L9A1F2D6E9C95,P005,2025-03-05 16:53:04 UTC,1,115.12,delivered,accepted,2025-03-05 16:54:11 UTC,
RA5DA7D854A768,L0263D8D3233D,P003,2025-02-11 14:43:09 UTC,1,64.85,delivered,accepted,2025-02-11 14:45:53 UTC,
RA5E3626B4F1F6,L395629195805,P005,2025-05-03 15:56:15 UTC,1,114.48,delivered,accepted,2025-05-03 15:57:15 UTC,
RA5A753196ECB1,L8E4D44CA3441,P005,2025-06-05 20:03:35 UTC,1,106.43,delivered,no_response,2025-06-05 20:06:53 UTC,state_not_covered
RAF9BFA335610D,LDB0AF02FB68A,P001,2025-03-07 20:42:48 UTC,1,57.25,delivered,capacity_exceeded,2025-03-07 20:45:57 UTC,capacity
RA59D49AFD94F6,LE2BFB7F10AFE,P001,2025-05-16 20:32:58 UTC,1,73.11,delivered,accepted,2025-05-16 20:33:41 UTC,
RAE6F0A502B31F,LECB2B023CE69,P010,2025-04-02 16:00:02 UTC,1,65.01,delivered,rejected,2025-04-02 16:00:18 UTC,quality
RA4C4B2D7EAD17,L4B6BE1A41195,P003,2025-02-17 08:21:11 UTC,1,65.83,delivered,accepted,2025-02-17 08:23:47 UTC,
RAAAB139F4D25F,LAF6B58DD58CF,P003,2025-06-06 14:04:03 UTC,1,67.98,delivered,accepted,2025-06-06 14:07:34 UTC,
RAC6D68D8E1C8A,L2037194B1265,P010,2025-05-25 08:19:51 UTC,1,67.51,delivered,rejected,2025-05-25 08:24:49 UTC,price_too_low
RAB48A9616092F,L2037194B1265,P002,2025-05-25 08:20:15 UTC,2,82.1,delivered,accepted,2025-05-25 08:24:33 UTC,
RAA6C360B9D4E7,LF745FB530BCE,P003,2025-05-25 13:53:24 UTC,1,61.96,delivered,accepted,2025-05-25 13:55:03 UTC,
RA502A6B011730,L93E0C1283930,P002,2025-06-27 18:57:44 UTC,1,84.62,delivered,accepted,2025-06-27 18:58:39 UTC,
RA382451BE84FD,L13484E71F2D1,P001,2025-01-28 22:51:05 UTC,1,62.68,delivered,accepted,2025-01-28 22:55:57 UTC,
RA27C48CFB2160,L1562B5C33B88,P006,2025-04-23 09:13:20 UTC,1,117.29,delivered,accepted,2025-04-23 09:17:23 UTC,
RAC3813CA7DA8F,LCAA7CA6A5BBE,P003,2025-03-29 18:30:04 UTC,1,77.32,delivered,accepted,2025-03-29 18:33:27 UTC,
RADBFB887B9C6A,LB1A981E84434,P004,2025-06-18 20:43:43 UTC,1,89.19,delivered,accepted,2025-06-18 20:44:58 UTC,
RA4DF3DB43E5EB,LEDF325EEE73A,P005,2025-05-07 20:00:46 UTC,1,97.25,delivered,accepted,2025-05-07 20:02:17 UTC,
RA289211803926,LE01F570EB0D4,P010,2025-06-25 12:25:06 UTC,1,67.92,delivered,capacity_exceeded,2025-06-25 12:28:26 UTC,quality
RA7303893A106C,L0114677804AC,P006,2025-01-11 21:16:17 UTC,1,119.3,delivered,accepted,2025-01-11 21:18:31 UTC,
RA7B78A40871DD,LE4087EE8460F,P010,2025-04-10 19:43:21 UTC,1,78.86,delivered,accepted,2025-04-10 19:45:24 UTC,
RA323D1EEE13D9,L8864D76032CF,P009,2025-01-06 13:03:02 UTC,1,57.43,delivered,accepted,2025-01-06 13:05:08 UTC,
RAFCB28AAC8B2D,LF4631DEDA50A,P009,2025-03-21 10:00:27 UTC,1,66.63,delivered,accepted,2025-03-21 10:01:43 UTC,
RAA026E76BADEB,LF4B8EAAA73BA,P003,2025-04-15 22:02:18 UTC,1,59.35,delivered,accepted,2025-04-15 22:03:51 UTC,
RA39AFE2F57256,LA37ADA5D097C,P007,2025-03-07 18:41:18 UTC,1,109.37,delivered,capacity_exceeded,2025-03-07 18:42:25 UTC,quality
RA46EAE13BDA4D,LBE4418CCA517,P005,2025-01-22 21:23:26 UTC,1,91.8,delivered,rejected,2025-01-22 21:26:47 UTC,price_too_low
RA149DB9F1C256,LBE4418CCA517,P004,2025-01-22 21:23:08 UTC,2,90.58,delivered,accepted,2025-01-22 21:23:26 UTC,
RAF09FC12D8A54,L0557899C9178,P009,2025-06-16 22:27:55 UTC,1,53.7,delivered,accepted,2025-06-16 22:30:37 UTC,
RA34F8ADA3616D,L260CC07DDAF1,P009,2025-05-16 17:45:28 UTC,1,60.01,delivered,accepted,2025-05-16 17:50:05 UTC,
RAC1D2B8356E81,LC6168D8CA85D,P007,2025-01-20 08:13:21 UTC,1,145.37,delivered,capacity_exceeded,2025-01-20 08:17:01 UTC,price_too_low
RABCE8CC39F088,L113E3179CBD3,P002,2025-04-21 10:57:06 UTC,1,81.58,delivered,accepted,2025-04-21 11:01:10 UTC,
RAE56E3C1A1B51,L5D255670B21F,P003,2025-06-21 17:25:28 UTC,1,58.79,delivered,accepted,2025-06-21 17:27:11 UTC,
RA9710E6543BEF,LD33EAB03EF41,P002,2025-05-02 21:25:17 UTC,1,66.26,delivered,accepted,2025-05-02 21:27:33 UTC,
RA3CBD11F8F8AD,LE68903F76D6F,P002,2025-04-22 22:24:12 UTC,1,85.89,delivered,no_response,2025-04-22 22:24:49 UTC,price_too_low
RA2280F637C9AC,LE68903F76D6F,P003,2025-04-22 22:23:32 UTC,2,67.63,delivered,accepted,2025-04-22 22:23:45 UTC,
RA6656E6BD4C41,LF3F173BEC08A,P007,2025-03-05 14:20:14 UTC,1,133.27,delivered,accepted,2025-03-05 14:21:09 UTC,
RAA63A483078A6,LF03C5D5EE5FA,P010,2025-01-17 22:58:15 UTC,1,70.19,delivered,capacity_exceeded,2025-01-17 23:01:20 UTC,quality
RAD880818C07BB,L292941E364D2,P009,2025-01-20 20:58:48 UTC,1,51.09,delivered,no_response,2025-01-20 21:03:22 UTC,capacity
RAF9853F40F6E3,L7C3919921F12,P006,2025-01-06 09:12:09 UTC,1,130.2,delivered,accepted,2025-01-06 09:15:26 UTC,
RA9C6154BFD6BE,L2AB351565AF4,P006,2025-03-24 22:25:43 UTC,1,121.45,delivered,accepted,2025-03-24 22:29:53 UTC,
RA246D62A87327,L322638F3CAF3,P002,2025-06-10 17:15:35 UTC,1,70.24,delivered,accepted,2025-06-10 17:15:55 UTC,
RAEDA51E96BEF5,L8800F44A55B7,P010,2025-06-06 23:06:55 UTC,1,74.66,delivered,accepted,2025-06-06 23:10:43 UTC,
RADF83ED6AAB80,L2C39E5C8A0CF,P002,2025-04-13 19:53:09 UTC,1,66.28,delivered,accepted,2025-04-13 19:55:59 UTC,
RA92B1A32A0F19,LE7B9EB19A0FE,P003,2025-05-30 17:12:09 UTC,1,63.15,delivered,accepted,2025-05-30 17:16:25 UTC,
RA3C20412D2E5B,L948D4571A955,P002,2025-01-25 10:28:39 UTC,1,65.16,delivered,accepted,2025-01-25 10:31:00 UTC,
RAEF53B273139A,L0E74802ADB22,P004,2025-01-12 13:19:47 UTC,1,101.07,delivered,accepted,2025-01-12 13:21:30 UTC,
RAF4B6EEC0CC96,L813F94DD25A7,P002,2025-05-17 08:04:23 UTC,1,65.35,delivered,accepted,2025-05-17 08:06:36 UTC,
RA8945F4B3C892,LA4EF93CAEB09,P010,2025-01-08 09:58:52 UTC,1,63.93,delivered,accepted,2025-01-08 10:03:07 UTC,
RAD85908CDA1B2,L0DBF808471AE,P005,2025-05-05 12:59:14 UTC,1,107.94,delivered,no_response,2025-05-05 13:03:49 UTC,price_too_low
RA6BF9D89A38CE,L167C946AD40F,P001,2025-04-22 09:50:54 UTC,1,69.83,delivered,no_response,2025-04-22 09:53:38 UTC,state_not_covered
RA8243CFE1B82F,L1FF589CFA556,P010,2025-03-31 09:08:36 UTC,1,77.93,delivered,accepted,2025-03-31 09:10:22 UTC,
RAA73ECB01C983,L004A2A76BF2A,P002,2025-06-20 08:47:24 UTC,1,67.6,delivered,accepted,2025-06-20 08:49:36 UTC,
RA116AE9786775,L45A913E849B1,P010,2025-05-22 10:04:38 UTC,1,74.49,delivered,accepted,2025-05-22 10:08:22 UTC,
RAB27A76586A74,L514AA46F0C61,P006,2025-02-01 13:24:52 UTC,1,105.99,delivered,accepted,2025-02-01 13:26:57 UTC,
RAE4BB52766C8F,L318957E31F5D,P002,2025-04-27 22:56:14 UTC,1,75.76,delivered,accepted,2025-04-27 22:57:52 UTC,
RA6C5DA2EACE03,LEF3D0DB19445,P006,2025-06-22 16:43:13 UTC,1,130.16,delivered,accepted,2025-06-22 16:46:29 UTC,
RA470D0827B8A8,L9D9DBD5C50E4,P003,2025-03-02 16:41:12 UTC,1,74.0,delivered,accepted,2025-03-02 16:44:40 UTC,
RA80E079B4E3C6,L94C81B1ADA3A,P010,2025-04-22 15:25:11 UTC,1,68.6,delivered,rejected,2025-04-22 15:28:09 UTC,capacity
RA676CEFBC0012,L9A3492453BC2,P001,2025-01-12 17:13:20 UTC,1,70.77,delivered,rejected,2025-01-12 17:14:13 UTC,quality
RA4B7A8A3344C9,L9A3492453BC2,P003,2025-01-12 17:13:27 UTC,2,63.24,delivered,rejected,2025-01-12 17:18:12 UTC,state_not_covered
RADC990CF75A4A,LEAB4236FFB16,P001,2025-02-28 08:51:26 UTC,1,67.24,delivered,capacity_exceeded,2025-02-28 08:55:33 UTC,price_too_low
RAD3107C604F3D,L318BFF4C64D5,P010,2025-01-29 11:43:24 UTC,1,77.11,delivered,no_response,2025-01-29 11:45:20 UTC,capacity
RA31297D3618B2,L38911A8508FA,P006,2025-03-02 15:46:38 UTC,1,102.49,delivered,no_response,2025-03-02 15:49:24 UTC,price_too_low
RA7CF29F63BD3F,L242F397739EB,P003,2025-05-06 20:33:17 UTC,1,60.27,delivered,accepted,2025-05-06 20:36:53 UTC,
RA9BC8E9C137A1,LFD68D42343DA,P010,2025-03-05 18:41:17 UTC,1,64.48,delivered,accepted,2025-03-05 18:45:42 UTC,
RAA33DB8F86F0A,LA585A0633C47,P002,2025-06-06 19:07:59 UTC,1,84.89,delivered,accepted,2025-06-06 19:12:52 UTC,
RABA06CE0663D6,L833C68A54A9F,P002,2025-05-03 15:00:54 UTC,1,68.74,delivered,accepted,2025-05-03 15:03:10 UTC,
RA9D8B3A824D0D,L94F1B9AB44D6,P003,2025-06-27 14:01:33 UTC,1,63.84,delivered,no_response,2025-06-27 14:04:47 UTC,quality
RA57680C07DE53,L94F1B9AB44D6,P010,2025-06-27 14:01:37 UTC,2,72.55,delivered,capacity_exceeded,2025-06-27 14:04:26 UTC,price_too_low
RA233F42DF5CF8,LB6FFA5BF7323,P009,2025-02-20 11:42:35 UTC,1,64.94,delivered,accepted,2025-02-20 11:44:30 UTC,
RAF75A0427292F,L3E8B7CBE4E97,P003,2025-03-05 10:38:12 UTC,1,75.92,delivered,capacity_exceeded,2025-03-05 10:41:43 UTC,capacity
RAF794DF8D38AB,L3E8B7CBE4E97,P001,2025-03-05 10:37:55 UTC,2,65.31,delivered,rejected,2025-03-05 10:39:12 UTC,quality
RAF59ECDAD660E,L3E8B7CBE4E97,P010,2025-03-05 10:37:53 UTC,3,67.1,delivered,accepted,2025-03-05 10:38:16 UTC,
RAA05311571427,L34C87C13C6B2,P003,2025-06-13 12:52:21 UTC,1,70.79,delivered,rejected,2025-06-13 12:52:53 UTC,capacity
RADFA1F60CDF55,L88D174F1E8E3,P001,2025-03-09 22:36:42 UTC,1,66.47,delivered,accepted,2025-03-09 22:37:43 UTC,
RA4869F1442486,L38F649FDFC09,P001,2025-04-16 19:37:29 UTC,1,64.05,delivered,accepted,2025-04-16 19:42:20 UTC,
RAB9F2FC05F5B2,L1E9D0C4B0AEC,P003,2025-04-16 20:04:06 UTC,1,75.97,delivered,accepted,2025-04-16 20:08:52 UTC,
RAB417C9207CC1,LD9A555680F56,P010,2025-05-27 14:09:12 UTC,1,70.18,delivered,accepted,2025-05-27 14:09:49 UTC,
RAEEA44068D7A8,L454F470307EE,P002,2025-01-13 15:12:08 UTC,1,68.15,delivered,accepted,2025-01-13 15:14:15 UTC,
RA1BA363475684,L57EA587744F9,P002,2025-05-11 12:48:26 UTC,1,71.53,delivered,accepted,2025-05-11 12:52:49 UTC,
RA8017D916BD32,L5482F9C84964,P003,2025-03-26 16:34:06 UTC,1,72.7,delivered,accepted,2025-03-26 16:38:28 UTC,
RA83C6B9D391B2,L3A952449674B,P003,2025-03-20 21:35:03 UTC,1,69.71,delivered,capacity_exceeded,2025-03-20 21:37:03 UTC,quality
RAA2F6BBFA76C4,L3A952449674B,P008,2025-03-20 21:34:25 UTC,2,84.77,delivered,accepted,2025-03-20 21:38:30 UTC,
RA336431739D4F,L41225ADD2C05,P003,2025-01-24 21:46:29 UTC,1,62.08,delivered,rejected,2025-01-24 21:49:55 UTC,quality
RA698855A81049,L41225ADD2C05,P010,2025-01-24 21:45:51 UTC,2,77.15,delivered,accepted,2025-01-24 21:48:05 UTC,
RA294E2D67AFEA,LB06E46F8143A,P010,2025-01-01 13:08:44 UTC,1,78.45,delivered,accepted,2025-01-01 13:12:40 UTC,
RA3E43CF970C3F,LAA35DECE411C,P009,2025-06-10 18:29:31 UTC,1,64.76,delivered,no_response,2025-06-10 18:30:00 UTC,state_not_covered
RABC3363F85B63,LAA35DECE411C,P010,2025-06-10 18:29:37 UTC,2,66.55,delivered,accepted,2025-06-10 18:30:54 UTC,
RAE3FC2C3350FA,L5F22B886AA37,P010,2025-05-25 07:44:20 UTC,1,74.73,delivered,rejected,2025-05-25 07:47:09 UTC,state_not_covered
RA6E488B3E1A8D,LC93C9B12EF4E,P002,2025-01-26 22:37:18 UTC,1,63.96,delivered,accepted,2025-01-26 22:39:44 UTC,
RA171ADCDC9EB2,LFB552DF621EA,P004,2025-03-20 11:24:26 UTC,1,98.86,delivered,accepted,2025-03-20 11:27:51 UTC,
RA53C948BA99DE,L4CBE50A0A86B,P003,2025-06-10 17:38:32 UTC,1,70.48,delivered,no_response,2025-06-10 17:38:54 UTC,quality
RA1054FF74A159,L443F589D2CA2,P002,2025-04-15 21:46:23 UTC,1,73.02,delivered,capacity_exceeded,2025-04-15 21:50:42 UTC,state_not_covered
RAF5ED8B207CFA,L443F589D2CA2,P003,2025-04-15 21:47:02 UTC,2,64.68,delivered,accepted,2025-04-15 21:49:01 UTC,
RAFC79AB79D3A9,LAD4161F2FCD4,P005,2025-03-13 14:22:48 UTC,1,103.45,delivered,accepted,2025-03-13 14:25:42 UTC,
RAAE34304A265B,LD1C89EAD132C,P010,2025-04-02 08:38:22 UTC,1,61.56,delivered,accepted,2025-04-02 08:42:49 UTC,
RA595C71AD63A8,L114C3587B8E0,P003,2025-02-10 13:50:23 UTC,1,66.61,delivered,no_response,2025-02-10 13:51:08 UTC,capacity
RA7E5B1013D99B,L114C3587B8E0,P002,2025-02-10 13:49:40 UTC,2,73.89,delivered,capacity_exceeded,2025-02-10 13:52:26 UTC,capacity
RA246733E60C3F,L5EE8FFB21D08,P010,2025-03-21 13:58:40 UTC,1,77.76,delivered,no_response,2025-03-21 14:01:30 UTC,state_not_covered
RAF4586DA2646A,L73E19E7F1F0F,P010,2025-01-22 08:28:42 UTC,1,65.35,delivered,accepted,2025-01-22 08:31:59 UTC,
RA33033EAD12B3,L55A888394FE3,P010,2025-05-22 18:01:49 UTC,1,67.29,delivered,no_response,2025-05-22 18:02:28 UTC,capacity
RAB652E34D7751,L345ADEC9F30F,P004,2025-04-17 07:47:21 UTC,1,89.91,delivered,capacity_exceeded,2025-04-17 07:48:21 UTC,quality
RAE5CCAC89C95C,L345ADEC9F30F,P005,2025-04-17 07:47:06 UTC,2,90.45,delivered,capacity_exceeded,2025-04-17 07:49:34 UTC,quality
RACE49FBADC941,LBC0B7DCEEC39,P006,2025-02-11 17:42:21 UTC,1,109.34,delivered,accepted,2025-02-11 17:46:08 UTC,
RA482D1D587F8B,L06AFF15D2500,P010,2025-06-12 08:45:25 UTC,1,72.25,delivered,capacity_exceeded,2025-06-12 08:47:40 UTC,state_not_covered
RAD63016849D40,L06AFF15D2500,P009,2025-06-12 08:46:13 UTC,2,61.04,delivered,accepted,2025-06-12 08:47:39 UTC,
RADA81C2563525,LF8B5456D5481,P002,2025-02-15 22:28:57 UTC,1,70.2,delivered,rejected,2025-02-15 22:30:24 UTC,capacity
RA0836D2D89D2B,LF8B5456D5481,P003,2025-02-15 22:28:30 UTC,2,73.51,delivered,accepted,2025-02-15 22:29:39 UTC,
RA0238D46C61F9,L923A050F7C50,P008,2025-01-28 14:27:48 UTC,1,66.8,delivered,rejected,2025-01-28 14:31:47 UTC,quality
RAB4E84FCE72B4,LCD1F31B64496,P010,2025-05-24 12:04:45 UTC,1,65.7,delivered,capacity_exceeded,2025-05-24 12:08:16 UTC,state_not_covered
RAD7C79757A508,L591DF8C410FE,P002,2025-06-02 08:45:39 UTC,1,66.76,delivered,capacity_exceeded,2025-06-02 08:49:54 UTC,price_too_low
RA1DA1C82A81D4,L3D043AEFC73B,P007,2025-02-25 22:19:50 UTC,1,133.76,delivered,accepted,2025-02-25 22:20:18 UTC,
RAAE374D712FAE,L97B327CA08EB,P009,2025-04-11 13:58:17 UTC,1,63.88,delivered,accepted,2025-04-11 14:02:11 UTC,
RA3724CEA704F1,L437088DFEA7D,P002,2025-06-10 22:19:52 UTC,1,67.03,delivered,accepted,2025-06-10 22:21:56 UTC,
RA2EAE8822C483,L85EA462CCA9F,P002,2025-03-06 21:39:22 UTC,1,82.11,delivered,accepted,2025-03-06 21:43:03 UTC,
RA543CD2CE83FF,L4B7273C292C8,P006,2025-02-21 19:33:09 UTC,1,104.94,delivered,capacity_exceeded,2025-02-21 19:37:39 UTC,price_too_low
RAAD655F35DEFB,L4B7273C292C8,P007,2025-02-21 19:33:20 UTC,2,117.48,delivered,accepted,2025-02-21 19:37:04 UTC,
RA5135F6AA5CC6,L376B54FECAEF,P010,2025-03-13 12:17:16 UTC,1,62.55,delivered,accepted,2025-03-13 12:18:50 UTC,
RA375C9204A777,L300D6BA80A23,P004,2025-03-29 09:16:40 UTC,1,108.99,delivered,rejected,2025-03-29 09:20:26 UTC,quality
RA17A126411295,L300D6BA80A23,P005,2025-03-29 09:16:07 UTC,2,100.8,delivered,accepted,2025-03-29 09:19:25 UTC,
RAE777D1566544,LC362079D5372,P001,2025-03-27 10:26:41 UTC,1,65.14,delivered,accepted,2025-03-27 10:28:11 UTC,
RAC549FB1B1A9C,LC74E9CF10C6F,P010,2025-01-21 21:53:35 UTC,1,75.62,delivered,capacity_exceeded,2025-01-21 21:57:10 UTC,quality
RA5482680ED7F0,LC74E9CF10C6F,P002,2025-01-21 21:53:00 UTC,2,77.99,delivered,accepted,2025-01-21 21:56:24 UTC,
RA9F91A519E2B6,L9677D49199BD,P001,2025-05-17 20:31:40 UTC,1,66.16,delivered,capacity_exceeded,2025-05-17 20:35:59 UTC,quality
RA788E2B6E78B1,LE04C81E22871,P003,2025-05-31 11:14:04 UTC,1,59.23,delivered,capacity_exceeded,2025-05-31 11:15:20 UTC,price_too_low
RAE992E147D58B,L9B1C83A9DF72,P005,2025-03-05 20:19:51 UTC,1,113.39,delivered,accepted,2025-03-05 20:22:12 UTC,
RA8D74F7BAE8F0,L54C3A2A86E60,P001,2025-04-15 15:16:45 UTC,1,62.33,delivered,accepted,2025-04-15 15:19:58 UTC,
RAE26F07C88C68,LCF0C37363D18,P005,2025-05-09 21:10:17 UTC,1,97.75,delivered,accepted,2025-05-09 21:12:18 UTC,
RA538DBF6978DE,LE330244E3453,P003,2025-04-05 10:33:43 UTC,1,62.89,delivered,no_response,2025-04-05 10:35:00 UTC,state_not_covered
RAF2F3AF0110B0,LED23EC34B5EF,P002,2025-04-20 22:43:05 UTC,1,66.18,delivered,accepted,2025-04-20 22:46:34 UTC,
RA9C1E848B6222,L25616D5C29FB,P001,2025-03-10 07:54:56 UTC,1,70.77,delivered,accepted,2025-03-10 07:55:35 UTC,
RA57A51249B37F,L999800B04EAC,P010,2025-04-11 07:55:08 UTC,1,69.07,delivered,accepted,2025-04-11 07:59:32 UTC,
RA575382C3B3DF,L0222EE6AFBDE,P005,2025-03-30 08:40:46 UTC,1,91.28,delivered,accepted,2025-03-30 08:43:59 UTC,
RA2DE1CA1C7D5C,L4894C342BBEE,P010,2025-04-02 16:59:00 UTC,1,80.65,delivered,rejected,2025-04-02 16:59:39 UTC,state_not_covered
RA74C81D479FE2,LA1318F99A842,P009,2025-03-21 11:21:44 UTC,1,59.06,delivered,accepted,2025-03-21 11:23:04 UTC,
RAC367BD12540E,L1187D8260B48,P002,2025-01-07 13:15:26 UTC,1,73.72,delivered,accepted,2025-01-07 13:18:31 UTC,
RA776B7822D385,L501DD0D3282E,P005,2025-06-17 19:52:54 UTC,1,92.37,delivered,accepted,2025-06-17 19:54:36 UTC,
RA404EA6ACED95,L3331083218D1,P002,2025-03-28 20:20:34 UTC,1,71.12,delivered,accepted,2025-03-28 20:25:27 UTC,
RA7469F89D318E,LE188548EE806,P002,2025-03-30 14:20:35 UTC,1,82.23,delivered,capacity_exceeded,2025-03-30 14:21:22 UTC,capacity
RA3126EB9E7981,L4A299AFC8DB4,P005,2025-05-17 21:56:45 UTC,1,102.67,delivered,rejected,2025-05-17 21:57:14 UTC,price_too_low
RA17C8F498B3E7,L7707F6076141,P009,2025-05-17 08:54:35 UTC,1,54.42,delivered,no_response,2025-05-17 08:54:59 UTC,state_not_covered
RA38F786E19DDD,L7707F6076141,P002,2025-05-17 08:54:01 UTC,2,77.99,delivered,accepted,2025-05-17 08:56:38 UTC,
RA35E896E36FB8,LBBCBCA467D3C,P009,2025-02-01 17:13:39 UTC,1,56.94,delivered,accepted,2025-02-01 17:15:05 UTC,
RA53B3838928E8,L845BDCF8B115,P010,2025-06-18 20:33:23 UTC,1,74.28,delivered,rejected,2025-06-18 20:33:39 UTC,state_not_covered
RA7DF2BFE9BCB1,L845BDCF8B115,P002,2025-06-18 20:33:33 UTC,2,66.29,delivered,accepted,2025-06-18 20:37:12 UTC,
RA6793A14E4F42,LB1801C700F78,P001,2025-06-29 15:49:41 UTC,1,55.62,delivered,accepted,2025-06-29 15:53:28 UTC,
RA3D1D052311D7,L663B6E821542,P010,2025-01-20 20:03:01 UTC,1,76.7,delivered,no_response,2025-01-20 20:05:20 UTC,capacity
RA0BD2E2CB6CB5,L663B6E821542,P007,2025-01-20 20:03:28 UTC,2,139.2,delivered,accepted,2025-01-20 20:06:35 UTC,
RAEFC0495DE3F5,L7DBA0780E954,P003,2025-05-29 20:02:02 UTC,1,68.8,delivered,accepted,2025-05-29 20:06:34 UTC,
RAA87BBD530D79,L4AC005139D96,P007,2025-03-24 13:36:24 UTC,1,122.86,delivered,accepted,2025-03-24 13:36:50 UTC,
RA86C55F7A2A86,L1D957D3DCABB,P008,2025-05-11 18:43:38 UTC,1,84.86,delivered,accepted,2025-05-11 18:45:47 UTC,
RA12891180647A,L54DE117F83A2,P003,2025-06-19 20:13:54 UTC,1,69.34,delivered,accepted,2025-06-19 20:14:51 UTC,
RA62CFA063E4C0,L79CE9461B0B7,P001,2025-06-17 18:34:57 UTC,1,61.61,delivered,capacity_exceeded,2025-06-17 18:37:06 UTC,price_too_low
RAE0F4521A8BFF,L79CE9461B0B7,P002,2025-06-17 18:34:39 UTC,2,80.18,delivered,accepted,2025-06-17 18:35:46 UTC,
RADB0B695C329B,L138220321AF6,P009,2025-04-01 21:20:49 UTC,1,58.57,delivered,rejected,2025-04-01 21:24:58 UTC,state_not_covered
RAE622A4E20848,L843EB5B43846,P010,2025-04-14 14:51:34 UTC,1,64.35,delivered,accepted,2025-04-14 14:52:18 UTC,
RA20A8A2A38A1D,LC1935B4F0B77,P002,2025-01-23 15:13:24 UTC,1,84.77,delivered,accepted,2025-01-23 15:17:04 UTC,
RAB916FADD9ECF,L6FF292F4434F,P010,2025-05-07 16:24:02 UTC,1,75.17,delivered,accepted,2025-05-07 16:24:36 UTC,
RA7BACBE163B7B,LC3F0AA5632E5,P002,2025-05-02 23:06:52 UTC,1,82.01,delivered,accepted,2025-05-02 23:10:56 UTC,
RA438F173F695B,LD6DC5950FA50,P002,2025-06-25 19:09:37 UTC,1,85.03,delivered,accepted,2025-06-25 19:14:19 UTC,
RA8A8F53050463,L779913DC48FC,P002,2025-06-04 15:54:15 UTC,1,83.05,delivered,no_response,2025-06-04 15:56:14 UTC,state_not_covered
RA819B7638BBEF,L779913DC48FC,P008,2025-06-04 15:54:26 UTC,2,88.21,delivered,accepted,2025-06-04 15:56:09 UTC,
RAB2E0376A021C,L909D4220F453,P003,2025-01-26 07:16:05 UTC,1,59.41,delivered,no_response,2025-01-26 07:18:58 UTC,price_too_low
RA7E39ACD43CC3,L909D4220F453,P002,2025-01-26 07:15:36 UTC,2,71.82,delivered,no_response,2025-01-26 07:19:50 UTC,price_too_low
RAE0DC1E7A5633,L9E5126D311EE,P004,2025-06-13 12:47:42 UTC,1,99.36,delivered,accepted,2025-06-13 12:51:22 UTC,
RA99B5AABBBA07,LCC79C7F823EC,P003,2025-03-22 20:12:40 UTC,1,70.57,delivered,accepted,2025-03-22 20:15:36 UTC,
RA13453300419C,L53C4F3BC2FBF,P003,2025-01-09 11:58:58 UTC,1,58.96,delivered,rejected,2025-01-09 12:03:24 UTC,capacity
RA9C81F3AE280C,L53C4F3BC2FBF,P001,2025-01-09 11:59:06 UTC,2,67.0,delivered,accepted,2025-01-09 12:03:27 UTC,
RA8EA9B0ABC0AD,L72E5F16AAE85,P002,2025-03-06 09:39:30 UTC,1,71.82,delivered,accepted,2025-03-06 09:41:19 UTC,
RA4756E15ABF93,LE4646B023D94,P003,2025-03-31 17:04:56 UTC,1,73.64,delivered,rejected,2025-03-31 17:09:11 UTC,state_not_covered
RAA29F6BD839F7,LC44561C06BA5,P010,2025-06-03 10:01:43 UTC,1,80.14,delivered,accepted,2025-06-03 10:01:56 UTC,
RADAAE74111A92,L2069D0C1DADB,P003,2025-05-21 12:56:33 UTC,1,61.25,delivered,accepted,2025-05-21 13:01:24 UTC,
RA539A7849821F,LA0EC66030005,P004,2025-01-02 20:23:27 UTC,1,102.85,delivered,accepted,2025-01-02 20:26:24 UTC,
RABEE4B4280F6C,L36C556F168AC,P010,2025-05-09 23:06:45 UTC,1,76.47,delivered,accepted,2025-05-09 23:10:08 UTC,
RA7626DEF74657,L8A19C666F002,P001,2025-05-10 18:15:17 UTC,1,72.29,delivered,accepted,2025-05-10 18:19:46 UTC,
RA75FF481ABDCD,L9F37D7EB1345,P009,2025-01-09 17:49:01 UTC,1,54.96,delivered,capacity_exceeded,2025-01-09 17:49:55 UTC,state_not_covered
RA10B67B36BA5A,L41FB4F594CC8,P008,2025-05-13 17:37:33 UTC,1,78.03,delivered,accepted,2025-05-13 17:39:05 UTC,
RA7B52D003496F,L834B1A1AF1F3,P002,2025-01-05 21:34:19 UTC,1,86.18,delivered,rejected,2025-01-05 21:36:08 UTC,price_too_low
RABF22E1E3698D,L7D324AB5240A,P008,2025-05-05 11:59:05 UTC,1,70.42,delivered,accepted,2025-05-05 12:02:47 UTC,
RA404F1299D849,L7446BFA329AE,P010,2025-06-23 22:04:37 UTC,1,74.31,delivered,accepted,2025-06-23 22:05:49 UTC,
RA088A3C3D7A3C,L03254C60C52B,P009,2025-03-17 14:10:27 UTC,1,54.83,delivered,accepted,2025-03-17 14:12:11 UTC,
RA8D4D21D7BD49,LAC41DD6DD7BF,P003,2025-06-28 17:31:18 UTC,1,66.96,delivered,accepted,2025-06-28 17:35:47 UTC,
RACD33B59CC7A3,LC9D9A724C8A3,P010,2025-04-28 12:38:29 UTC,1,68.68,delivered,accepted,2025-04-28 12:41:22 UTC,
RAE9C496D14837,L44C4DE5ED034,P008,2025-04-23 20:13:06 UTC,1,76.78,delivered,accepted,2025-04-23 20:14:45 UTC,
RA07CD6690D120,LA9D4CA764F0D,P001,2025-06-24 17:28:17 UTC,1,57.94,delivered,accepted,2025-06-24 17:32:47 UTC,
RAFD3951603EC0,LFE9634C8A4AA,P007,2025-01-28 19:25:17 UTC,1,138.97,delivered,accepted,2025-01-28 19:30:10 UTC,
RAF0A78E6E8632,LD7AC3E0A5AB1,P010,2025-01-24 10:42:53 UTC,1,64.1,delivered,accepted,2025-01-24 10:46:58 UTC,
RA7B587AA9EA11,LE717C13B1628,P002,2025-06-17 17:30:57 UTC,1,64.74,delivered,accepted,2025-06-17 17:33:14 UTC,
RAF7F6004A17ED,LCB28F64B24C1,P001,2025-02-09 22:02:53 UTC,1,62.32,delivered,no_response,2025-02-09 22:05:01 UTC,quality
RAC04FF419C88B,LCB28F64B24C1,P003,2025-02-09 22:02:57 UTC,2,58.85,delivered,accepted,2025-02-09 22:07:28 UTC,
RA5C075012E9CD,L4A1EECDEDA12,P010,2025-01-02 11:07:00 UTC,1,66.93,delivered,rejected,2025-01-02 11:08:01 UTC,quality
RAAFEC0AFF1D4F,L4A1EECDEDA12,P003,2025-01-02 11:06:50 UTC,2,69.64,delivered,rejected,2025-01-02 11:07:49 UTC,price_too_low
RAF748D3DFA6A0,LD49372A90054,P009,2025-04-14 11:59:01 UTC,1,59.03,delivered,rejected,2025-04-14 12:01:37 UTC,quality
RACA573181BB80,LD49372A90054,P001,2025-04-14 11:59:05 UTC,2,68.11,delivered,accepted,2025-04-14 12:00:18 UTC,
RA3F4CA685FD7D,LC4970F05C62E,P003,2025-03-10 18:37:47 UTC,1,77.99,delivered,accepted,2025-03-10 18:38:21 UTC,
RAA7A14C00085F,L1E40DD24D9B2,P010,2025-06-09 09:10:39 UTC,1,67.22,delivered,accepted,2025-06-09 09:11:59 UTC,
RA049BA7AC2AAE,LB1A35FD33E47,P010,2025-04-03 08:33:14 UTC,1,68.08,delivered,rejected,2025-04-03 08:35:09 UTC,quality
RA3E75BA2F8705,L6450A930FF20,P005,2025-02-10 22:21:34 UTC,1,91.47,delivered,accepted,2025-02-10 22:22:36 UTC,
RA024310B0A260,L8E82858D3552,P006,2025-03-08 13:21:30 UTC,1,105.36,delivered,rejected,2025-03-08 13:25:44 UTC,state_not_covered
RA1C737F4D0CEB,L8E82858D3552,P010,2025-03-08 13:20:59 UTC,2,67.74,delivered,accepted,2025-03-08 13:24:50 UTC,
RA638C972C35D8,L2E2C14196A30,P003,2025-01-12 11:30:59 UTC,1,59.86,delivered,no_response,2025-01-12 11:34:50 UTC,price_too_low
RA148802F341B9,L7F7441ED6D5F,P010,2025-02-12 21:40:25 UTC,1,74.23,delivered,rejected,2025-02-12 21:44:39 UTC,price_too_low
RAD222E77122AD,LAA755BDB43B0,P001,2025-01-03 20:16:28 UTC,1,70.73,delivered,accepted,2025-01-03 20:21:15 UTC,
RA0B5B8893C1BC,LFEDC7F37C5FA,P010,2025-02-26 08:57:08 UTC,1,66.4,delivered,accepted,2025-02-26 09:00:19 UTC,
RAB3B2DE2E2B4F,L87D5FDDEC617,P004,2025-04-28 21:42:07 UTC,1,87.9,delivered,accepted,2025-04-28 21:43:58 UTC,
RA9AAEEE951487,L01CD8A4CB438,P005,2025-06-24 13:10:20 UTC,1,91.75,delivered,rejected,2025-06-24 13:11:49 UTC,capacity
RAA11D68397A6C,L99845C30F455,P010,2025-04-24 21:06:03 UTC,1,76.79,delivered,no_response,2025-04-24 21:10:48 UTC,state_not_covered
RA1F9F2D979301,L8C2628877C7E,P003,2025-03-26 12:28:59 UTC,1,66.93,delivered,no_response,2025-03-26 12:31:49 UTC,capacity
RADC21C132D5D6,LEB5608105E5C,P002,2025-05-05 10:18:45 UTC,1,81.39,delivered,accepted,2025-05-05 10:21:54 UTC,
RA08D3E082514F,LBD3A3F29720F,P005,2025-05-18 13:29:23 UTC,1,112.8,delivered,accepted,2025-05-18 13:32:37 UTC,
RACE03AC2CA494,L88E939A07531,P005,2025-02-14 17:56:04 UTC,1,114.5,delivered,accepted,2025-02-14 17:58:57 UTC,
RAD5927AE34454,L2A0940F2D2E7,P005,2025-01-08 16:45:28 UTC,1,94.85,delivered,accepted,2025-01-08 16:50:28 UTC,
RA85F5909A28B9,LF1122B5CA3C2,P005,2025-05-18 12:49:47 UTC,1,113.23,delivered,accepted,2025-05-18 12:52:19 UTC,
RAFBF9322998EB,L839C8A6DF5E1,P002,2025-04-25 15:02:37 UTC,1,70.28,delivered,accepted,2025-04-25 15:06:03 UTC,
RAC7AD7757EFB5,L763D823B7B77,P002,2025-03-27 07:57:26 UTC,1,74.94,delivered,accepted,2025-03-27 07:58:59 UTC,
RAC89128166AF4,LEE4D9321F7EF,P001,2025-06-23 17:02:02 UTC,1,68.98,delivered,accepted,2025-06-23 17:03:38 UTC,
RABFE46232DEAB,L3503A5E1F998,P010,2025-01-30 11:21:10 UTC,1,64.4,delivered,accepted,2025-01-30 11:22:00 UTC,
RADE5A32F93097,LAC22E46D7A56,P010,2025-04-13 13:03:23 UTC,1,73.37,delivered,accepted,2025-04-13 13:07:34 UTC,
RA4783BC4A9D0C,L411024417E66,P002,2025-05-11 18:45:04 UTC,1,71.03,delivered,no_response,2025-05-11 18:47:33 UTC,capacity
RA135A4A65654F,LADC1C4A6C597,P002,2025-05-25 09:17:50 UTC,1,72.44,delivered,no_response,2025-05-25 09:20:35 UTC,price_too_low
RAEBD595C83822,LADC1C4A6C597,P010,2025-05-25 09:17:47 UTC,2,81.85,delivered,accepted,2025-05-25 09:18:01 UTC,
RAAB8C9A747638,LB019CD5A3607,P007,2025-03-14 22:11:47 UTC,1,112.21,delivered,rejected,2025-03-14 22:13:18 UTC,state_not_covered
RAAAE92B9BCF93,L99B994982965,P010,2025-05-03 19:53:17 UTC,1,68.13,delivered,no_response,2025-05-03 19:55:24 UTC,quality
RA17D5C49B0FEE,LD04319F1842F,P003,2025-06-27 13:44:08 UTC,1,74.67,delivered,accepted,2025-06-27 13:48:16 UTC,
RA7B826B420063,LAE8D702015F7,P002,2025-05-15 14:31:22 UTC,1,78.44,delivered,capacity_exceeded,2025-05-15 14:36:09 UTC,state_not_covered
RA00688D5A13F2,LAE8D702015F7,P003,2025-05-15 14:31:33 UTC,2,72.38,delivered,accepted,2025-05-15 14:34:47 UTC,
RA17CD5D68F537,LDA09EF11CF31,P002,2025-05-07 20:17:41 UTC,1,68.46,delivered,capacity_exceeded,2025-05-07 20:19:52 UTC,quality
RA4CA378102118,LDA09EF11CF31,P003,2025-05-07 20:17:40 UTC,2,75.38,delivered,accepted,2025-05-07 20:21:10 UTC,
RAC5F42883BEBC,L6D8FCBA04047,P010,2025-02-12 14:26:01 UTC,1,75.2,delivered,accepted,2025-02-12 14:30:24 UTC,
RA38F414AB6CA4,L20F419B97270,P001,2025-02-08 09:42:30 UTC,1,71.75,delivered,capacity_exceeded,2025-02-08 09:44:42 UTC,quality
RA8A42BC151613,L20F419B97270,P009,2025-02-08 09:42:32 UTC,2,61.29,delivered,rejected,2025-02-08 09:46:23 UTC,price_too_low
RA1BF1388EB29A,L82796EFD5118,P010,2025-02-23 13:23:05 UTC,1,75.61,delivered,no_response,2025-02-23 13:27:55 UTC,price_too_low
RA5B93BEDD41B5,L8AF8486D9433,P010,2025-04-23 18:20:36 UTC,1,77.38,delivered,accepted,2025-04-23 18:22:31 UTC,
RAA378FBD4DF38,L56466BFDCD30,P002,2025-02-20 17:59:59 UTC,1,78.32,delivered,accepted,2025-02-20 18:01:44 UTC,
RA4A2727C503DA,L4D42706FE510,P002,2025-03-20 18:14:55 UTC,1,68.0,delivered,accepted,2025-03-20 18:18:47 UTC,
RAECAD9472C8C1,LFB134241B034,P001,2025-03-29 11:36:10 UTC,1,56.23,delivered,accepted,2025-03-29 11:36:46 UTC,
RA0DDE6754924D,LA8C7B45DFD8D,P010,2025-04-09 12:23:56 UTC,1,82.33,delivered,accepted,2025-04-09 12:24:57 UTC,
RAE2FC5BA8CC4E,L6FA1D6FDAFBC,P001,2025-01-29 14:48:43 UTC,1,70.24,delivered,accepted,2025-01-29 14:51:49 UTC,
RAC5623C0ACDA9,L2268CE374C45,P010,2025-01-21 13:21:54 UTC,1,73.05,delivered,accepted,2025-01-21 13:22:32 UTC,
RA89B866DED8AA,L493E42AB7241,P008,2025-04-30 16:27:22 UTC,1,75.15,delivered,accepted,2025-04-30 16:28:58 UTC,
RAFD8F4F883A78,L16FFF60AB105,P010,2025-02-03 07:57:10 UTC,1,80.15,delivered,accepted,2025-02-03 07:58:50 UTC,
RAFA280FCB20FC,L1A9270BFD1A3,P002,2025-06-14 15:28:39 UTC,1,68.14,delivered,accepted,2025-06-14 15:30:10 UTC,
RAB9376355B057,L62FDB9B89776,P002,2025-03-10 09:39:24 UTC,1,76.82,delivered,accepted,2025-03-10 09:41:42 UTC,
RAE6A70BC8306D,LE7F41A94226B,P010,2025-06-25 19:32:52 UTC,1,80.82,delivered,capacity_exceeded,2025-06-25 19:35:28 UTC,capacity
RA1E9436489276,LAC2F7CDF7519,P002,2025-03-26 11:50:56 UTC,1,64.5,delivered,accepted,2025-03-26 11:53:04 UTC,
RAF92D315B5744,LA18FD0854E35,P005,2025-01-02 19:08:08 UTC,1,91.22,delivered,accepted,2025-01-02 19:12:31 UTC,
RAC33E0069245A,L9D61A6BF61A1,P007,2025-01-22 09:23:29 UTC,1,135.42,delivered,rejected,2025-01-22 09:26:12 UTC,state_not_covered
RAD6C2F08DC45A,L6CA44E6271E8,P002,2025-05-03 20:43:07 UTC,1,72.85,delivered,no_response,2025-05-03 20:44:58 UTC,price_too_low
RA71F02A6D8B6B,LF7A49CDC0A42,P003,2025-01-27 11:21:03 UTC,1,67.18,delivered,rejected,2025-01-27 11:24:54 UTC,state_not_covered
RA983F714BCF2C,L0C9DE633CED7,P010,2025-04-01 20:47:10 UTC,1,69.9,delivered,accepted,2025-04-01 20:49:30 UTC,
RA94DD255BAEC6,L9786743B9608,P003,2025-05-26 09:59:29 UTC,1,59.69,delivered,accepted,2025-05-26 10:03:50 UTC,
RA1B9502169C42,L155C991C68C5,P007,2025-06-20 16:48:00 UTC,1,137.29,delivered,no_response,2025-06-20 16:49:03 UTC,price_too_low
RA7EA0D62A58E7,L710D3F63E572,P010,2025-02-26 20:27:47 UTC,1,81.65,delivered,accepted,2025-02-26 20:29:37 UTC,
RAB08A4A7FDE7C,L2A35C632ECE2,P001,2025-04-26 09:14:29 UTC,1,72.14,delivered,accepted,2025-04-26 09:18:38 UTC,
RAC73A2DA6FB52,L70FE19B7B808,P004,2025-02-17 09:45:01 UTC,1,90.83,delivered,accepted,2025-02-17 09:49:37 UTC,
RA52C25EC6CE9E,L2100FD172B34,P006,2025-03-17 09:31:19 UTC,1,135.07,delivered,accepted,2025-03-17 09:35:06 UTC,
RA8A5EA1501A27,LBB84935607F3,P003,2025-04-14 21:03:20 UTC,1,61.81,delivered,accepted,2025-04-14 21:04:13 UTC,
RA4EF21F697F90,LF5502F99DAB1,P003,2025-04-21 12:43:20 UTC,1,64.95,delivered,capacity_exceeded,2025-04-21 12:47:35 UTC,quality
RAD71E912E4312,L87A8E5F9A485,P001,2025-02-16 15:43:00 UTC,1,56.81,delivered,accepted,2025-02-16 15:47:05 UTC,
RAA8B53958234E,L327327A7DAE6,P002,2025-06-05 11:16:14 UTC,1,76.43,delivered,accepted,2025-06-05 11:18:05 UTC,
RACE60B92BDE3C,L98490A6035D2,P005,2025-03-05 08:11:08 UTC,1,116.69,delivered,no_response,2025-03-05 08:13:22 UTC,price_too_low
RA8A46B15B6E4D,L0427E19B6470,P003,2025-04-18 19:40:03 UTC,1,65.66,delivered,accepted,2025-04-18 19:40:28 UTC,
RAF87C93056CCB,LBAB173740B4B,P010,2025-03-21 14:11:50 UTC,1,77.81,delivered,accepted,2025-03-21 14:12:17 UTC,
RA9A0227D55009,L32221780F001,P003,2025-01-24 07:22:09 UTC,1,69.39,delivered,accepted,2025-01-24 07:22:56 UTC,
RA7A1512FAA4D3,LF1D6B9F4C7F2,P001,2025-02-25 08:50:42 UTC,1,63.61,delivered,capacity_exceeded,2025-02-25 08:54:57 UTC,quality
RAF584E111524C,LF1D6B9F4C7F2,P003,2025-02-25 08:50:27 UTC,2,75.73,delivered,rejected,2025-02-25 08:52:54 UTC,price_too_low
RA7E4298E05B20,LF1D6B9F4C7F2,P002,2025-02-25 08:50:21 UTC,3,69.24,delivered,rejected,2025-02-25 08:54:32 UTC,capacity
RA7F693EDF4678,L1C60349FE275,P010,2025-01-10 22:07:48 UTC,1,78.2,delivered,accepted,2025-01-10 22:11:42 UTC,
RA71F7128963C4,L09B7CB509C53,P002,2025-01-02 15:39:46 UTC,1,69.95,delivered,accepted,2025-01-02 15:44:02 UTC,
RA4281770471FD,L184AE410FF01,P010,2025-06-19 07:36:03 UTC,1,65.69,delivered,no_response,2025-06-19 07:40:39 UTC,state_not_covered
RA63234D98C0B5,LF4B0BF4ACFD8,P009,2025-05-31 14:14:55 UTC,1,60.94,delivered,capacity_exceeded,2025-05-31 14:17:35 UTC,quality
RA7853731C5402,L96C866C6557C,P010,2025-05-07 15:51:19 UTC,1,79.64,delivered,accepted,2025-05-07 15:54:30 UTC,
RA8FF02FA4CB8D,LAF2A3460CF26,P010,2025-01-02 19:55:50 UTC,1,64.77,delivered,accepted,2025-01-02 19:57:15 UTC,
RA20E7500BD735,L742819A0300B,P002,2025-03-17 12:12:33 UTC,1,81.48,delivered,rejected,2025-03-17 12:15:49 UTC,price_too_low
RAF0C2D597DCF9,L50AE9436299E,P003,2025-06-21 14:11:40 UTC,1,58.76,delivered,accepted,2025-06-21 14:12:21 UTC,
RAA845A8BC0838,LED9251A1F09F,P004,2025-02-28 09:35:29 UTC,1,88.94,delivered,accepted,2025-02-28 09:40:29 UTC,
RACAF6B96D0607,L84459488749F,P006,2025-04-26 10:24:17 UTC,1,106.28,delivered,accepted,2025-04-26 10:28:42 UTC,
RA6D5E7BF92A01,L3A451FD9323D,P003,2025-03-10 19:15:09 UTC,1,75.59,delivered,accepted,2025-03-10 19:16:27 UTC,
RA0690AAB3FAF4,L3889DC409C18,P010,2025-03-09 09:16:38 UTC,1,66.12,delivered,accepted,2025-03-09 09:20:44 UTC,
RAB6B8F252A889,LF4AC5049179A,P010,2025-04-15 11:54:46 UTC,1,70.23,delivered,accepted,2025-04-15 11:59:20 UTC,
RADEACB1C979D9,L330C54EB862E,P005,2025-03-06 17:39:08 UTC,1,97.1,delivered,accepted,2025-03-06 17:43:51 UTC,
RA5D26621270D6,L2316139A19DC,P003,2025-05-26 10:50:30 UTC,1,62.15,delivered,accepted,2025-05-26 10:51:50 UTC,
RAD8F8A40EF839,L92AAF27A275C,P002,2025-01-21 19:04:23 UTC,1,74.66,delivered,no_response,2025-01-21 19:07:38 UTC,capacity
RAE6759F71276D,LAC17EF090688,P005,2025-06-27 17:01:37 UTC,1,107.64,delivered,accepted,2025-06-27 17:05:59 UTC,
RAF7797E9768E4,L18D1057689E5,P009,2025-01-11 11:00:11 UTC,1,60.78,delivered,capacity_exceeded,2025-01-11 11:04:58 UTC,quality
RABB07D24EA6FA,LB216381A5E28,P003,2025-01-25 20:34:37 UTC,1,58.32,delivered,accepted,2025-01-25 20:37:06 UTC,
RAC872055B09FE,L15D8B9C3DEBD,P002,2025-06-08 20:25:16 UTC,1,76.72,delivered,rejected,2025-06-08 20:29:16 UTC,price_too_low
RAC621A114911B,LE91A8C869192,P003,2025-03-26 10:12:43 UTC,1,68.79,delivered,no_response,2025-03-26 10:15:26 UTC,capacity
RA9678302AFC1A,LE91A8C869192,P010,2025-03-26 10:12:34 UTC,2,71.88,delivered,accepted,2025-03-26 10:16:35 UTC,
RA6CCDFF57183C,LF42C6AEF7F7C,P010,2025-05-11 16:33:44 UTC,1,80.62,delivered,no_response,2025-05-11 16:37:51 UTC,quality
RA6238DE51AED9,LF42C6AEF7F7C,P002,2025-05-11 16:33:56 UTC,2,72.11,delivered,accepted,2025-05-11 16:35:54 UTC,
RA219EF03F5748,L8538C0E97522,P002,2025-04-02 23:07:57 UTC,1,69.35,delivered,rejected,2025-04-02 23:09:37 UTC,state_not_covered
RAC0194E8C1FDD,L8538C0E97522,P008,2025-04-02 23:08:06 UTC,2,77.64,delivered,accepted,2025-04-02 23:10:18 UTC,
RA97B2784B3BED,L4FF1649806F6,P002,2025-05-01 22:29:48 UTC,1,66.09,delivered,rejected,2025-05-01 22:34:10 UTC,price_too_low
RA2E59C82BA877,L2EB341965E96,P007,2025-05-31 19:22:30 UTC,1,133.84,delivered,accepted,2025-05-31 19:24:42 UTC,
RAD59CFBDE04F1,L0636FE33800B,P003,2025-04-07 19:25:42 UTC,1,58.25,delivered,rejected,2025-04-07 19:26:46 UTC,state_not_covered
RAFF1964F4CE84,L4C3ABE959E49,P010,2025-02-18 18:43:45 UTC,1,75.33,delivered,capacity_exceeded,2025-02-18 18:44:07 UTC,price_too_low
RAB8A0F9A00365,L4C3ABE959E49,P003,2025-02-18 18:43:40 UTC,2,70.28,delivered,accepted,2025-02-18 18:48:01 UTC,
RA007A8AD3D581,L089358B338E8,P010,2025-04-12 19:30:09 UTC,1,61.3,delivered,accepted,2025-04-12 19:34:14 UTC,
RA4AAB4209428C,L1796FD75D7F7,P009,2025-02-04 18:52:37 UTC,1,63.14,delivered,no_response,2025-02-04 18:56:55 UTC,capacity
RA4B7465539F5D,L1796FD75D7F7,P002,2025-02-04 18:52:39 UTC,2,79.62,delivered,capacity_exceeded,2025-02-04 18:56:41 UTC,quality
RA9E9FEFC28783,L995E1AE0DDE3,P010,2025-03-24 11:37:13 UTC,1,73.37,delivered,accepted,2025-03-24 11:37:29 UTC,
RACAB3E92D65E8,LB9F3F454675E,P001,2025-04-16 10:00:22 UTC,1,56.8,delivered,capacity_exceeded,2025-04-16 10:02:41 UTC,price_too_low
RAEF54BAFEC1EE,LB9F3F454675E,P003,2025-04-16 10:00:31 UTC,2,59.54,delivered,capacity_exceeded,2025-04-16 10:04:46 UTC,price_too_low
RA99ACBC95ED8F,LA076A955A5F2,P010,2025-01-14 14:42:25 UTC,1,62.19,delivered,no_response,2025-01-14 14:43:46 UTC,quality
RA9632331A3F17,L8C38341EBD36,P006,2025-05-14 20:00:31 UTC,1,120.47,delivered,accepted,2025-05-14 20:01:33 UTC,
RA76ED7D4FC403,LCD78D9A38F5E,P005,2025-03-31 18:12:17 UTC,1,92.09,delivered,accepted,2025-03-31 18:13:05 UTC,
RAF167BA2C7F1E,L39FACD90B72E,P003,2025-06-30 16:38:13 UTC,1,73.52,delivered,accepted,2025-06-30 16:42:23 UTC,
RAC078145957D7,LAC1EA80A9A9C,P009,2025-01-20 10:18:44 UTC,1,54.54,delivered,accepted,2025-01-20 10:19:16 UTC,
RA14373C28CEA3,L020DADBCE8C8,P002,2025-01-20 17:42:13 UTC,1,75.06,delivered,accepted,2025-01-20 17:44:52 UTC,
RA148CB24215E6,LC07404CF778F,P003,2025-06-07 10:56:09 UTC,1,72.13,delivered,no_response,2025-06-07 10:58:47 UTC,state_not_covered
RA8C49C80642A2,L124BD9F0AA18,P010,2025-03-17 17:51:47 UTC,1,64.2,delivered,rejected,2025-03-17 17:56:23 UTC,price_too_low
RAD099DBEC116F,L3369B98F7BBC,P008,2025-05-23 11:30:40 UTC,1,81.57,delivered,no_response,2025-05-23 11:32:23 UTC,price_too_low
RA03227F3021FE,LB1D84DB6DAED,P010,2025-01-31 21:51:19 UTC,1,65.36,delivered,no_response,2025-01-31 21:54:50 UTC,state_not_covered
RAE6F543FA4507,LD54FB27B94EF,P007,2025-03-08 22:55:15 UTC,1,132.71,delivered,accepted,2025-03-08 22:58:18 UTC,
RA2626927C9480,LA691D6314DAE,P008,2025-03-18 11:46:08 UTC,1,73.94,delivered,accepted,2025-03-18 11:48:05 UTC,
RAEDC6641BE254,L0CF24FCDE24F,P003,2025-06-12 08:49:20 UTC,1,77.84,delivered,rejected,2025-06-12 08:53:33 UTC,price_too_low
RA5971FB97EC49,LF1A9F0B462F7,P009,2025-03-13 11:16:03 UTC,1,56.39,delivered,accepted,2025-03-13 11:18:22 UTC,
RA9C8CA54D11BB,L13EE3B43D556,P005,2025-06-16 17:23:03 UTC,1,107.51,delivered,accepted,2025-06-16 17:25:17 UTC,
RA79C235CA2C0C,LA8511E80CADC,P005,2025-01-10 12:33:07 UTC,1,97.44,delivered,accepted,2025-01-10 12:35:44 UTC,
RAC2C5A932AB08,L7864BC406FB5,P003,2025-03-27 08:01:13 UTC,1,68.52,delivered,accepted,2025-03-27 08:03:07 UTC,
RA400CEC9BA50C,L41CD63B9C98D,P010,2025-03-20 20:51:16 UTC,1,73.07,delivered,capacity_exceeded,2025-03-20 20:55:36 UTC,quality
RAA94256EF4627,L7672F227FB8A,P010,2025-06-18 09:43:43 UTC,1,61.81,delivered,accepted,2025-06-18 09:45:49 UTC,
RA1E8ACDBB7ED3,L8FC59C268C84,P003,2025-03-09 09:35:12 UTC,1,65.11,delivered,accepted,2025-03-09 09:38:11 UTC,
RAA892B05FA558,LCDFB0D3CEFAA,P002,2025-02-21 19:52:29 UTC,1,82.91,delivered,accepted,2025-02-21 19:52:42 UTC,
RA3F7B9D17C9B8,L6212817645CF,P010,2025-06-15 13:06:12 UTC,1,76.78,delivered,accepted,2025-06-15 13:07:46 UTC,
RA7792ED836B5B,LDD6D6315672E,P003,2025-02-09 19:41:15 UTC,1,75.43,delivered,no_response,2025-02-09 19:41:57 UTC,state_not_covered
RA75A6B2D84FAD,LDD6D6315672E,P010,2025-02-09 19:41:11 UTC,2,69.4,delivered,accepted,2025-02-09 19:45:16 UTC,
RA3699DFC84CCF,L63CC1EA897CC,P010,2025-06-25 13:28:27 UTC,1,70.74,delivered,no_response,2025-06-25 13:32:55 UTC,capacity
RA3F41079EC77A,L63CC1EA897CC,P007,2025-06-25 13:29:00 UTC,2,136.7,delivered,rejected,2025-06-25 13:33:39 UTC,price_too_low
RA5077A5AF22B2,LD7CB6E96CD33,P002,2025-05-11 17:11:01 UTC,1,67.08,delivered,accepted,2025-05-11 17:13:06 UTC,
RAE1F182D1FFA3,LD60D32374A80,P010,2025-01-10 19:27:30 UTC,1,64.92,delivered,accepted,2025-01-10 19:28:04 UTC,
RA087C0236C8E2,L46A2D4B78223,P003,2025-05-10 17:19:25 UTC,1,67.73,delivered,accepted,2025-05-10 17:20:41 UTC,
RABA26A67FA02D,L9BB9743C8D69,P003,2025-05-04 18:19:51 UTC,1,71.85,delivered,accepted,2025-05-04 18:24:00 UTC,
RA73A750460791,L4F8F809ADB83,P009,2025-04-21 10:58:03 UTC,1,50.69,delivered,no_response,2025-04-21 10:58:41 UTC,capacity
RABC4501BF7B05,L4F8F809ADB83,P002,2025-04-21 10:57:45 UTC,2,77.13,delivered,accepted,2025-04-21 10:59:41 UTC,
RA07219D07DEFB,LCC8660EDB133,P003,2025-04-21 11:59:50 UTC,1,61.73,delivered,accepted,2025-04-21 12:00:54 UTC,
RAB08535989139,L8972369206FE,P002,2025-06-06 17:59:09 UTC,1,66.91,delivered,accepted,2025-06-06 18:01:58 UTC,
RA6585A8388BCD,L6D7A634CF9B4,P002,2025-06-29 22:52:56 UTC,1,83.54,delivered,accepted,2025-06-29 22:54:37 UTC,
RA689EB0C690D4,LC05285B92E90,P007,2025-05-06 09:14:08 UTC,1,147.15,delivered,accepted,2025-05-06 09:17:20 UTC,
RA61F51B9EEE1C,L8DD5BD4FF4F8,P002,2025-02-07 21:05:12 UTC,1,73.28,delivered,accepted,2025-02-07 21:10:04 UTC,
RA9C19A60578E7,L2F86FAE83E58,P002,2025-04-09 16:27:56 UTC,1,84.67,delivered,rejected,2025-04-09 16:28:29 UTC,capacity
RA33755D88EA4E,L2F86FAE83E58,P010,2025-04-09 16:27:32 UTC,2,64.79,delivered,accepted,2025-04-09 16:28:49 UTC,
RAE304718A3CA7,LA136560C1046,P009,2025-01-22 16:33:06 UTC,1,60.95,delivered,accepted,2025-01-22 16:35:44 UTC,
RA4FBA4FE4B074,L3FE9A1DA2646,P002,2025-02-21 16:00:36 UTC,1,75.17,delivered,accepted,2025-02-21 16:01:48 UTC,
RA0ABFBF318D49,L55B7394761E6,P002,2025-03-25 16:29:46 UTC,1,73.37,delivered,no_response,2025-03-25 16:33:45 UTC,quality
RA4FA2E4E96E76,L2DAEA00B218D,P003,2025-03-18 21:48:20 UTC,1,63.5,delivered,accepted,2025-03-18 21:51:43 UTC,
RAC68C5BF9CA66,LAB9508D5FC51,P007,2025-03-09 09:39:04 UTC,1,140.71,delivered,accepted,2025-03-09 09:40:00 UTC,
RADF20AD70EFD8,LFAE337EE1946,P006,2025-03-25 11:47:59 UTC,1,124.21,delivered,accepted,2025-03-25 11:48:17 UTC,
RA7A30DE9BE044,L3671894532E2,P010,2025-06-02 17:05:24 UTC,1,68.99,delivered,accepted,2025-06-02 17:06:47 UTC,
RA536ED13670EE,L3472498970E5,P003,2025-05-17 08:53:29 UTC,1,60.23,delivered,accepted,2025-05-17 08:54:40 UTC,
RADD99E11B2179,L003D94FB231F,P004,2025-01-24 16:35:53 UTC,1,89.61,delivered,accepted,2025-01-24 16:37:33 UTC,
RA968E760A9CA0,L76D3DE5C980B,P002,2025-03-13 08:51:59 UTC,1,81.97,delivered,accepted,2025-03-13 08:54:47 UTC,
RA9A4FD938E08F,L1967BCE66B7F,P003,2025-02-08 23:09:12 UTC,1,59.76,delivered,accepted,2025-02-08 23:09:52 UTC,
RA8E3B05E19F40,L24CB26E14A59,P003,2025-04-13 14:33:16 UTC,1,64.72,delivered,accepted,2025-04-13 14:35:07 UTC,
RACE79C01B4DDE,LCB05675D186F,P010,2025-05-25 22:19:48 UTC,1,71.58,delivered,accepted,2025-05-25 22:20:17 UTC,
RA427FE585C717,LF0DC4E908AE7,P010,2025-03-04 21:01:16 UTC,1,66.88,delivered,accepted,2025-03-04 21:05:35 UTC,
RAD834D32FD892,L46A3D611F34D,P003,2025-02-28 22:08:09 UTC,1,61.19,delivered,capacity_exceeded,2025-02-28 22:11:31 UTC,state_not_covered
RA67C6494E3995,L46A3D611F34D,P009,2025-02-28 22:07:39 UTC,2,55.42,delivered,accepted,2025-02-28 22:10:18 UTC,
RAE956431BB167,L6ADC08A03A47,P008,2025-01-04 21:03:44 UTC,1,75.01,delivered,accepted,2025-01-04 21:05:20 UTC,
RA622C104BF654,L073085647DFC,P001,2025-06-18 22:13:17 UTC,1,63.55,delivered,capacity_exceeded,2025-06-18 22:14:19 UTC,capacity
RAE23CBB64390D,L073085647DFC,P003,2025-06-18 22:13:44 UTC,2,76.5,delivered,accepted,2025-06-18 22:18:19 UTC,
RAC48519A17BD8,L8031AE19D2DA,P005,2025-06-23 09:07:35 UTC,1,103.64,delivered,accepted,2025-06-23 09:09:00 UTC,
RAED0372F3D2C3,LDD482A62EB4E,P010,2025-05-21 21:08:06 UTC,1,72.25,delivered,accepted,2025-05-21 21:11:59 UTC,
RA291F310F90BE,L3EA39D478E0C,P008,2025-06-29 11:47:47 UTC,1,83.67,delivered,accepted,2025-06-29 11:52:32 UTC,
RADAFC2E62789F,L9EB43E8836CD,P003,2025-01-15 08:03:04 UTC,1,70.87,delivered,capacity_exceeded,2025-01-15 08:06:59 UTC,quality
RA10F62FF28098,LBAD9D68DA5A8,P010,2025-03-26 18:26:03 UTC,1,74.97,delivered,capacity_exceeded,2025-03-26 18:27:24 UTC,capacity
RA8B68F987CF51,LBAD9D68DA5A8,P003,2025-03-26 18:25:55 UTC,2,60.14,delivered,accepted,2025-03-26 18:30:53 UTC,
RAC7171DEC65D2,L8E1ADCFAC211,P002,2025-05-13 20:40:08 UTC,1,80.91,delivered,rejected,2025-05-13 20:40:27 UTC,state_not_covered
RA68DEF5277AAE,L5F18075C5527,P003,2025-01-10 17:45:08 UTC,1,60.78,delivered,accepted,2025-01-10 17:49:11 UTC,
RA41FFDF88AD86,L8FD10CC2391B,P003,2025-03-29 21:24:48 UTC,1,73.44,delivered,accepted,2025-03-29 21:28:55 UTC,
RAE22278570334,L9FA7DB29D1EA,P001,2025-04-20 12:35:10 UTC,1,68.65,delivered,accepted,2025-04-20 12:38:27 UTC,
RAA58C027C499E,LBE51D32296DB,P003,2025-02-11 10:48:18 UTC,1,73.58,delivered,accepted,2025-02-11 10:52:27 UTC,
RA6F91CEFEDF96,L172F86DF1455,P003,2025-06-05 18:17:24 UTC,1,59.52,delivered,capacity_exceeded,2025-06-05 18:20:02 UTC,quality
RA6196EA92A5CA,LF0FB8155F213,P009,2025-06-24 12:30:43 UTC,1,54.55,delivered,capacity_exceeded,2025-06-24 12:33:03 UTC,capacity
RA6BA65663F6D4,L167088B0339C,P003,2025-02-21 10:47:33 UTC,1,60.38,delivered,capacity_exceeded,2025-02-21 10:50:48 UTC,state_not_covered
RAFCE3D9F616E4,L167088B0339C,P001,2025-02-21 10:46:58 UTC,2,62.48,delivered,rejected,2025-02-21 10:51:46 UTC,state_not_covered
RA5268BD025704,L0655BD16F263,P003,2025-02-15 17:24:37 UTC,1,64.08,delivered,capacity_exceeded,2025-02-15 17:25:46 UTC,quality
RA24A643653E58,L417D715672EA,P002,2025-02-21 21:33:42 UTC,1,69.44,delivered,accepted,2025-02-21 21:34:19 UTC,
RA6F88BC59E5AA,LDD4BAFB81200,P003,2025-02-26 23:12:21 UTC,1,58.69,delivered,rejected,2025-02-26 23:12:56 UTC,price_too_low
RA860F3573CAE3,LC7A293D96782,P009,2025-06-09 10:26:21 UTC,1,56.37,delivered,accepted,2025-06-09 10:28:53 UTC,
RAD08C7D6B0C23,LE31E6DDC9595,P010,2025-02-18 20:58:05 UTC,1,61.3,delivered,rejected,2025-02-18 21:02:34 UTC,quality
RABC1C64EBB971,LD70D13C80D71,P002,2025-04-09 17:55:12 UTC,1,70.41,delivered,accepted,2025-04-09 17:58:51 UTC,
RA20DAFCF0B1D4,L55507431612E,P005,2025-03-16 17:54:18 UTC,1,91.16,delivered,rejected,2025-03-16 17:55:26 UTC,quality
RA9CE30E2E74CC,L249BFCE68A14,P001,2025-03-05 22:28:59 UTC,1,57.52,delivered,accepted,2025-03-05 22:32:13 UTC,
RA1670BC939BE4,L283FE1A35BCC,P005,2025-05-24 22:52:30 UTC,1,118.47,delivered,accepted,2025-05-24 22:56:28 UTC,
RA75814B09D179,L329C21542266,P010,2025-04-01 17:53:48 UTC,1,70.45,delivered,accepted,2025-04-01 17:56:05 UTC,
RA36428A2E45E3,LDBFC0549CB52,P003,2025-03-30 20:09:39 UTC,1,61.15,delivered,accepted,2025-03-30 20:10:19 UTC,
RAA1E04FC440FE,L7F4467E4C06B,P008,2025-03-28 10:34:44 UTC,1,72.23,delivered,accepted,2025-03-28 10:39:21 UTC,
RA6686508A5E7C,L330B6B135040,P010,2025-04-12 11:48:02 UTC,1,80.12,delivered,capacity_exceeded,2025-04-12 11:48:15 UTC,state_not_covered
RABDBF2EDDF579,L24025EA6F360,P002,2025-05-11 22:37:19 UTC,1,73.73,delivered,accepted,2025-05-11 22:40:27 UTC,
RA176709862194,LF3C289F39197,P007,2025-01-22 07:25:48 UTC,1,133.12,delivered,accepted,2025-01-22 07:29:23 UTC,
RA122975D8BBFF,LA9A3F04A48C2,P002,2025-03-06 10:55:34 UTC,1,65.65,delivered,accepted,2025-03-06 10:57:48 UTC,
RA16CF92152817,L57833CA93CB9,P005,2025-02-06 13:54:46 UTC,1,102.95,delivered,accepted,2025-02-06 13:57:37 UTC,
RA482C5001701A,L8C3DA5CC55C4,P001,2025-02-21 08:20:34 UTC,1,73.88,delivered,accepted,2025-02-21 08:22:43 UTC,
RA39438ACB8EDA,LD7D975620F01,P010,2025-03-27 07:34:14 UTC,1,77.43,delivered,no_response,2025-03-27 07:38:25 UTC,price_too_low
RABD45582A55B1,L7AA277E9EC88,P002,2025-04-04 13:54:14 UTC,1,70.74,delivered,accepted,2025-04-04 13:58:38 UTC,
RAB63D1302DADD,L0C4DD0837498,P007,2025-04-23 09:27:17 UTC,1,110.14,delivered,accepted,2025-04-23 09:30:56 UTC,
RA395A78AD2D38,L24C246DD49CC,P009,2025-04-04 15:36:45 UTC,1,54.98,delivered,capacity_exceeded,2025-04-04 15:38:10 UTC,state_not_covered
RA2E99DCD054DF,L24C246DD49CC,P003,2025-04-04 15:36:40 UTC,2,64.85,delivered,rejected,2025-04-04 15:37:17 UTC,quality
RA5B7A012B3768,L1D555DC07F9C,P010,2025-04-23 09:20:24 UTC,1,76.12,delivered,accepted,2025-04-23 09:21:26 UTC,
RAF2AE8663EF91,LD644ACB1BA58,P003,2025-06-30 22:06:28 UTC,1,64.52,delivered,no_response,2025-06-30 22:09:10 UTC,price_too_low
RA60555C7EC288,LD644ACB1BA58,P001,2025-06-30 22:06:32 UTC,2,59.47,delivered,accepted,2025-06-30 22:08:33 UTC,
RAC693E37F6F43,L347D6C94E239,P005,2025-06-14 20:51:56 UTC,1,90.99,delivered,accepted,2025-06-14 20:55:13 UTC,
RAA1D7414ABE9B,L25DCE393303D,P007,2025-05-11 08:45:03 UTC,1,128.44,delivered,accepted,2025-05-11 08:48:53 UTC,
RAB4CE395BC10B,LEFBB1423FE8F,P002,2025-01-01 15:25:23 UTC,1,64.56,delivered,no_response,2025-01-01 15:28:36 UTC,quality
RAB786A776267A,LA690571E9088,P002,2025-03-13 11:49:37 UTC,1,72.92,delivered,accepted,2025-03-13 11:50:57 UTC,
RAE1A0CDB2A0A5,L88A6A446F523,P001,2025-06-19 10:29:00 UTC,1,72.84,delivered,no_response,2025-06-19 10:29:14 UTC,state_not_covered
RA5C040D89E2D3,L37BA5B972A1D,P009,2025-01-14 13:49:44 UTC,1,64.47,delivered,accepted,2025-01-14 13:50:47 UTC,
RAB10302D157E2,L4662851D0A28,P005,2025-04-13 19:41:15 UTC,1,90.59,delivered,no_response,2025-04-13 19:42:50 UTC,price_too_low
RA41400DB57471,L1E674BBA1998,P003,2025-04-01 17:51:52 UTC,1,68.84,delivered,accepted,2025-04-01 17:55:04 UTC,
RA9EF87B73EEE7,LB06CB56380A0,P005,2025-01-31 09:19:09 UTC,1,90.24,delivered,rejected,2025-01-31 09:23:23 UTC,capacity
RA43A4E227144E,LC31120353E4D,P001,2025-01-09 13:30:07 UTC,1,61.03,delivered,accepted,2025-01-09 13:30:45 UTC,
RAF456350016D5,L7CBE332C7D49,P003,2025-06-07 20:17:51 UTC,1,63.43,delivered,rejected,2025-06-07 20:18:51 UTC,price_too_low
RAFCAD637C43CE,LB4EC8F0D3C6E,P008,2025-05-18 17:42:04 UTC,1,74.09,delivered,accepted,2025-05-18 17:43:25 UTC,
RAB5349D0EB03E,LF9FB37B26237,P009,2025-01-21 14:04:03 UTC,1,57.99,delivered,accepted,2025-01-21 14:04:28 UTC,
RA68506580DFD4,L691230D78F45,P002,2025-03-07 19:27:30 UTC,1,85.89,delivered,accepted,2025-03-07 19:29:03 UTC,
RA1DEBDDAD30FD,L31F76CEEB098,P003,2025-05-08 21:27:07 UTC,1,62.12,delivered,rejected,2025-05-08 21:29:12 UTC,capacity
RA1BBC9F761F24,L31F76CEEB098,P009,2025-05-08 21:27:28 UTC,2,52.39,delivered,accepted,2025-05-08 21:32:26 UTC,
RA05CEFE6BBFDA,L6C9B373DD233,P005,2025-03-06 14:57:48 UTC,1,100.65,delivered,capacity_exceeded,2025-03-06 15:00:53 UTC,capacity
RAAFE78E0AF46B,LB9DFA968EE80,P009,2025-04-27 19:59:51 UTC,1,50.3,delivered,accepted,2025-04-27 20:04:30 UTC,
RACC014CD4DE38,L7F8FE7D03F70,P005,2025-06-16 18:24:56 UTC,1,113.1,delivered,accepted,2025-06-16 18:28:27 UTC,
RAA97B932ED718,L3C9ED1260F6B,P005,2025-05-10 18:21:21 UTC,1,113.08,delivered,accepted,2025-05-10 18:22:57 UTC,
RA4BE19C7F3869,LB9ABE6DC3566,P010,2025-03-27 16:24:41 UTC,1,68.33,delivered,no_response,2025-03-27 16:27:25 UTC,capacity
RAEEF2D7CBB3E4,L6E1694CB72C7,P003,2025-05-31 19:09:50 UTC,1,64.14,delivered,accepted,2025-05-31 19:13:31 UTC,
RA92D1F3B9D11B,LC846401B3DFA,P003,2025-01-17 11:20:24 UTC,1,73.94,delivered,accepted,2025-01-17 11:24:18 UTC,
RACC06E1C757B0,L1A69874392EF,P007,2025-04-30 21:58:43 UTC,1,133.96,delivered,accepted,2025-04-30 22:00:03 UTC,
RAD6D155A3A22C,L9864BC620B4F,P003,2025-03-14 08:49:30 UTC,1,71.19,delivered,capacity_exceeded,2025-03-14 08:50:43 UTC,quality
RA7783244C50D6,L9864BC620B4F,P002,2025-03-14 08:49:16 UTC,2,70.0,delivered,accepted,2025-03-14 08:50:27 UTC,
RA9EEF5E8AB55D,L07D6E1B79D15,P002,2025-01-05 07:29:34 UTC,1,79.86,delivered,no_response,2025-01-05 07:33:57 UTC,quality
RAD2C1D5F1188F,L87CE73C54A31,P003,2025-05-27 20:06:09 UTC,1,62.26,delivered,capacity_exceeded,2025-05-27 20:07:56 UTC,price_too_low
RAED24F3B209CE,L3D07C89805E9,P003,2025-06-08 15:21:20 UTC,1,66.41,delivered,accepted,2025-06-08 15:25:55 UTC,
RAD1404A984C8C,LB6BEB9B34E26,P010,2025-04-05 08:18:36 UTC,1,75.72,delivered,accepted,2025-04-05 08:20:08 UTC,
RAAB69E542DBF6,L6D312B99F15E,P003,2025-01-22 17:56:32 UTC,1,71.51,delivered,accepted,2025-01-22 17:58:36 UTC,
RA13E62AF33896,L1C1E9095ACDF,P010,2025-01-18 11:50:18 UTC,1,71.45,delivered,accepted,2025-01-18 11:51:45 UTC,
RAD9FFC371000D,L4157166B2C80,P002,2025-05-09 19:02:04 UTC,1,83.96,delivered,accepted,2025-05-09 19:05:57 UTC,
RAA46B18AA2AF4,L09B9567F369F,P003,2025-05-26 21:20:29 UTC,1,75.36,delivered,no_response,2025-05-26 21:23:56 UTC,quality
RAB8519167C143,L60196228E29C,P009,2025-05-30 08:51:44 UTC,1,51.98,delivered,no_response,2025-05-30 08:56:00 UTC,capacity
RA5FBB353CAE45,L60196228E29C,P003,2025-05-30 08:51:39 UTC,2,60.75,delivered,accepted,2025-05-30 08:54:28 UTC,
RAF4EB51425DB7,L62E92F9C2CB4,P004,2025-05-14 16:26:08 UTC,1,102.92,delivered,accepted,2025-05-14 16:28:21 UTC,
RA47151B3768AB,L36617226F5B6,P010,2025-06-05 16:14:00 UTC,1,66.62,delivered,accepted,2025-06-05 16:14:31 UTC,
RA32BDA4DC0A7C,L9C0E05B5F74C,P008,2025-03-23 15:59:44 UTC,1,87.17,delivered,accepted,2025-03-23 16:01:20 UTC,
RADCCA59BE59E4,LCA011BD62626,P001,2025-02-26 20:31:29 UTC,1,73.01,delivered,accepted,2025-02-26 20:33:32 UTC,
RA43BD0C242C1A,L91FB3BEE0062,P005,2025-06-27 08:04:34 UTC,1,106.13,delivered,accepted,2025-06-27 08:07:08 UTC,
RA47851C8E5970,L1345583288A2,P003,2025-02-05 08:03:22 UTC,1,76.25,delivered,accepted,2025-02-05 08:07:33 UTC,
RA3158755F8291,L77F1CF6E2B05,P002,2025-05-06 19:16:42 UTC,1,84.65,delivered,accepted,2025-05-06 19:16:59 UTC,
RA8F39A0C7A134,LDA3E1471CA3E,P010,2025-04-20 14:21:17 UTC,1,82.4,delivered,accepted,2025-04-20 14:26:17 UTC,
RA0EB9C11C7E5A,LC64534F5030F,P010,2025-06-08 14:45:07 UTC,1,64.68,delivered,rejected,2025-06-08 14:45:50 UTC,state_not_covered
RAAEF44D4D4597,LA58225D12A2B,P005,2025-01-18 18:36:16 UTC,1,99.16,delivered,capacity_exceeded,2025-01-18 18:38:19 UTC,price_too_low
RA9A40205F90DB,L5B2AF328EAF5,P010,2025-01-15 16:20:29 UTC,1,61.29,delivered,rejected,2025-01-15 16:21:39 UTC,state_not_covered
RA1BED38020096,L244BC0103F38,P003,2025-04-12 12:14:25 UTC,1,77.46,delivered,accepted,2025-04-12 12:16:49 UTC,
RAFC0F36FD31E1,L03EC60C65BD4,P001,2025-04-16 19:57:58 UTC,1,71.25,delivered,accepted,2025-04-16 20:01:19 UTC,
RA01FE0780BE89,L92427CB45EFF,P001,2025-05-04 13:05:09 UTC,1,64.53,delivered,accepted,2025-05-04 13:08:20 UTC,
RABBC13BF25290,L54E04593A5E8,P001,2025-04-07 19:42:49 UTC,1,55.71,delivered,rejected,2025-04-07 19:44:44 UTC,capacity
RAB74C6D0D2049,L515AE8478454,P010,2025-06-10 21:38:52 UTC,1,76.14,delivered,rejected,2025-06-10 21:43:18 UTC,capacity
RA8BA17E5EB30C,L515AE8478454,P006,2025-06-10 21:39:08 UTC,2,133.83,delivered,accepted,2025-06-10 21:42:04 UTC,
RA757D61D9AD8B,L46CCE6714F56,P004,2025-01-11 10:40:38 UTC,1,101.73,delivered,accepted,2025-01-11 10:41:11 UTC,
RA4E07F2B1542B,L7C9B44941F0A,P003,2025-03-17 21:37:35 UTC,1,66.47,delivered,rejected,2025-03-17 21:39:34 UTC,price_too_low
RA759188375B94,L7C9B44941F0A,P008,2025-03-17 21:37:17 UTC,2,86.54,delivered,accepted,2025-03-17 21:39:03 UTC,
RAC9FA6327AF01,LCE7FBD838E52,P002,2025-04-15 11:12:34 UTC,1,75.22,delivered,rejected,2025-04-15 11:12:55 UTC,price_too_low
RA9A3E5C77A65B,LFD30B3046EB8,P007,2025-03-23 08:57:59 UTC,1,109.52,delivered,accepted,2025-03-23 09:00:51 UTC,
RA5FF826A3ACD9,L6B5846080CE7,P010,2025-02-15 14:15:49 UTC,1,74.37,delivered,accepted,2025-02-15 14:18:39 UTC,
RA004B2DE96681,L5833E9B310D3,P009,2025-01-09 11:38:51 UTC,1,58.37,delivered,capacity_exceeded,2025-01-09 11:40:16 UTC,quality
RAAAA37A4EAEA1,L5833E9B310D3,P010,2025-01-09 11:38:12 UTC,2,82.79,delivered,capacity_exceeded,2025-01-09 11:40:49 UTC,capacity
RA352874263548,L5833E9B310D3,P003,2025-01-09 11:39:00 UTC,3,68.64,delivered,no_response,2025-01-09 11:40:59 UTC,quality
RA82AD4B360236,L1B93B7559B99,P005,2025-04-05 15:31:14 UTC,1,91.11,delivered,capacity_exceeded,2025-04-05 15:33:03 UTC,quality
RAED8600196411,L8A14558350BA,P001,2025-01-06 11:44:51 UTC,1,64.43,delivered,rejected,2025-01-06 11:47:43 UTC,quality
RAAB903F9C405A,LCF48E76810AD,P004,2025-02-07 21:17:24 UTC,1,93.56,delivered,no_response,2025-02-07 21:19:33 UTC,capacity
RAF7F644EE2823,LCF48E76810AD,P005,2025-02-07 21:17:08 UTC,2,100.22,delivered,rejected,2025-02-07 21:21:37 UTC,quality
RA4CB17ADE7892,L7AFE1850946C,P003,2025-01-12 14:52:45 UTC,1,64.71,delivered,accepted,2025-01-12 14:55:21 UTC,
RA6553B7F1DD96,LB5F885497DEF,P002,2025-03-12 18:15:51 UTC,1,72.27,delivered,accepted,2025-03-12 18:16:45 UTC,
RA8DB4EF7EE68D,LA7F2FC35770A,P003,2025-05-24 11:52:05 UTC,1,64.43,delivered,accepted,2025-05-24 11:55:13 UTC,
RAFEAECDE4BD35,L601F2214A15A,P010,2025-02-01 11:46:29 UTC,1,78.65,delivered,rejected,2025-02-01 11:49:52 UTC,price_too_low
RA50E4541FE82F,L601F2214A15A,P001,2025-02-01 11:46:16 UTC,2,73.97,delivered,accepted,2025-02-01 11:46:54 UTC,
RA0348BFA14D7B,L9801DED0F3F9,P003,2025-06-16 12:12:50 UTC,1,57.91,delivered,accepted,2025-06-16 12:14:40 UTC,
RAFA42B2391DA3,L5AB708D7374F,P007,2025-02-14 15:17:42 UTC,1,136.4,delivered,accepted,2025-02-14 15:22:40 UTC,
RA69202074A4EA,L0FD10A7705AF,P010,2025-05-19 08:11:21 UTC,1,63.59,delivered,no_response,2025-05-19 08:14:28 UTC,state_not_covered
RAB592BD1C5E4E,LD98F454AB64C,P002,2025-02-13 16:03:32 UTC,1,70.54,delivered,capacity_exceeded,2025-02-13 16:07:44 UTC,capacity
RA703A68D65C6B,LD98F454AB64C,P010,2025-02-13 16:03:36 UTC,2,80.66,delivered,capacity_exceeded,2025-02-13 16:04:30 UTC,capacity
RA032AB445FD02,L23F399499467,P010,2025-01-10 13:09:48 UTC,1,72.36,delivered,accepted,2025-01-10 13:14:45 UTC,
RAF63D90E0A6FF,L0774CD2B1A2E,P003,2025-01-20 15:05:12 UTC,1,72.49,delivered,accepted,2025-01-20 15:07:12 UTC,
RA667C10648F55,L6A43326F6577,P005,2025-03-21 16:12:51 UTC,1,105.75,delivered,no_response,2025-03-21 16:17:21 UTC,price_too_low
RA15C7BC298F30,L473871A6D4A5,P003,2025-05-09 13:24:30 UTC,1,59.31,delivered,capacity_exceeded,2025-05-09 13:27:04 UTC,capacity
RAC9B24BAFE16A,L9A04DF7F2614,P005,2025-02-05 20:46:23 UTC,1,111.69,delivered,accepted,2025-02-05 20:47:55 UTC,
RA2B5868CBF9F3,LF01B396418FB,P004,2025-04-14 12:16:09 UTC,1,92.39,delivered,accepted,2025-04-14 12:19:24 UTC,
RA9E8ED866ACB5,L14A204E92087,P010,2025-04-02 17:11:35 UTC,1,66.88,delivered,capacity_exceeded,2025-04-02 17:13:58 UTC,state_not_covered
RAE28FBE7A9BDB,LA11BA2CE49DE,P010,2025-04-21 11:47:08 UTC,1,82.03,delivered,capacity_exceeded,2025-04-21 11:51:07 UTC,capacity
RA45C050ECD2B0,LB19942626984,P009,2025-06-22 09:32:22 UTC,1,60.65,delivered,accepted,2025-06-22 09:34:54 UTC,
RA0C11021357EC,L4D5D29008F9F,P002,2025-06-01 10:01:29 UTC,1,78.72,delivered,accepted,2025-06-01 10:05:31 UTC,
RAAD6F96C9EDF9,L3F8A10DE3825,P002,2025-02-07 07:32:33 UTC,1,79.93,delivered,accepted,2025-02-07 07:33:07 UTC,
RAFE6059BC9FF0,L94769E62C2D6,P003,2025-01-23 11:24:54 UTC,1,74.97,delivered,capacity_exceeded,2025-01-23 11:27:09 UTC,capacity
RA332FA19AD58E,L1E95E3B35F62,P010,2025-03-04 11:59:26 UTC,1,82.51,delivered,rejected,2025-03-04 12:03:39 UTC,state_not_covered
RA62D72969A6B6,LD457E4B9E2DB,P010,2025-06-20 08:06:57 UTC,1,62.22,delivered,no_response,2025-06-20 08:09:51 UTC,state_not_covered
RA24FBF90F60E0,LB7B5270DFF59,P009,2025-03-22 12:25:54 UTC,1,52.76,delivered,rejected,2025-03-22 12:27:08 UTC,capacity
RAF9C7AC410A71,L801FB839C74C,P010,2025-01-11 08:08:37 UTC,1,67.09,delivered,accepted,2025-01-11 08:13:05 UTC,
RAA30C48D3E628,LA6AB43E34CCA,P009,2025-06-18 21:24:45 UTC,1,64.17,delivered,accepted,2025-06-18 21:29:08 UTC,
RAB89668E1B031,L3E05A8F7A36B,P006,2025-02-15 14:27:04 UTC,1,119.56,delivered,accepted,2025-02-15 14:27:55 UTC,
RA141CD8236548,LCEAF0D99032A,P010,2025-01-08 20:07:51 UTC,1,80.38,delivered,accepted,2025-01-08 20:12:24 UTC,
RAD0F7B9C553EE,L6F0F1EBD23C6,P007,2025-02-06 08:35:29 UTC,1,146.25,delivered,no_response,2025-02-06 08:35:53 UTC,quality
RA3B2318E505A6,L4A9FCC633264,P010,2025-05-17 10:02:00 UTC,1,81.2,delivered,capacity_exceeded,2025-05-17 10:04:47 UTC,state_not_covered
RABABE3BDA2C1E,L4A9FCC633264,P003,2025-05-17 10:01:59 UTC,2,67.63,delivered,rejected,2025-05-17 10:06:26 UTC,price_too_low
RA120115638CA3,L17A180263D7F,P010,2025-05-02 19:40:33 UTC,1,78.44,delivered,accepted,2025-05-02 19:40:44 UTC,
RA717F485DE9CA,L1A0F023799AE,P005,2025-03-18 19:31:56 UTC,1,106.35,delivered,accepted,2025-03-18 19:36:16 UTC,
RA512EBB18AFBF,LE8A03CA91D42,P010,2025-03-20 18:46:38 UTC,1,71.44,delivered,accepted,2025-03-20 18:49:51 UTC,
RA3816B6C16DA6,L537C85C06E75,P009,2025-04-07 11:55:48 UTC,1,53.79,delivered,accepted,2025-04-07 11:58:21 UTC,
RA8A5733C006B4,L15262171C31E,P003,2025-04-23 10:17:55 UTC,1,73.72,delivered,accepted,2025-04-23 10:19:29 UTC,
RADE90210D074B,L644F29BFCB78,P002,2025-05-16 17:48:03 UTC,1,79.43,delivered,capacity_exceeded,2025-05-16 17:51:27 UTC,state_not_covered
RA908CD22325FE,L644F29BFCB78,P009,2025-05-16 17:48:31 UTC,2,52.81,delivered,no_response,2025-05-16 17:52:07 UTC,quality
RA1341FF625893,L644F29BFCB78,P010,2025-05-16 17:48:10 UTC,3,74.91,delivered,accepted,2025-05-16 17:48:39 UTC,
RAA115A7F8EF79,L110F64EDC53A,P008,2025-05-18 17:40:10 UTC,1,67.87,delivered,capacity_exceeded,2025-05-18 17:41:25 UTC,price_too_low
RAC5915C16E0F8,L4246F3134128,P001,2025-06-05 14:36:22 UTC,1,60.47,delivered,accepted,2025-06-05 14:39:55 UTC,
RA4056DC367E5F,L8198A8573195,P009,2025-03-11 17:13:17 UTC,1,57.26,delivered,accepted,2025-03-11 17:15:23 UTC,
RA44FBD61BAA6A,L3B6A762C61EE,P003,2025-04-03 12:05:04 UTC,1,64.31,delivered,no_response,2025-04-03 12:07:23 UTC,capacity
RA7303710D8627,L5198ADC32390,P003,2025-03-15 09:44:51 UTC,1,77.67,delivered,capacity_exceeded,2025-03-15 09:45:34 UTC,quality
RAC1B413E6B908,L588B9AA4BC08,P009,2025-06-11 07:14:48 UTC,1,57.48,delivered,accepted,2025-06-11 07:16:53 UTC,
RA079A74BFC172,L2273C6A53E2D,P001,2025-02-12 09:06:07 UTC,1,58.26,delivered,capacity_exceeded,2025-02-12 09:10:38 UTC,quality
RA3745DDC59909,LBBAAC9D6249C,P005,2025-06-21 21:58:52 UTC,1,118.29,delivered,capacity_exceeded,2025-06-21 22:03:23 UTC,price_too_low
RA3201CEF65A48,L4379466EE0A6,P002,2025-04-21 16:31:35 UTC,1,73.75,delivered,accepted,2025-04-21 16:35:40 UTC,
RAFFCE7DFFF2FC,LB70C1BF9AE45,P009,2025-04-24 22:14:26 UTC,1,55.63,delivered,accepted,2025-04-24 22:19:16 UTC,
RA62805479EA13,LBDD4A56A24F7,P002,2025-03-13 08:33:31 UTC,1,85.48,delivered,accepted,2025-03-13 08:36:19 UTC,
RA5A3E43927EE6,L672FE83AC4C0,P001,2025-06-11 14:49:45 UTC,1,73.33,delivered,accepted,2025-06-11 14:50:05 UTC,
RA9CC81ED6DAF5,LF644E8F238D9,P010,2025-04-07 10:41:06 UTC,1,69.65,delivered,accepted,2025-04-07 10:42:25 UTC,
RAA05D5F180C18,L876C3EE7D922,P004,2025-05-28 16:56:42 UTC,1,83.01,delivered,accepted,2025-05-28 16:57:59 UTC,
RA9FA6831023D6,LFCD3ADE55827,P010,2025-03-19 20:42:17 UTC,1,75.32,delivered,accepted,2025-03-19 20:44:41 UTC,
RA631B2587BC88,L82E642EC988E,P003,2025-02-06 10:38:49 UTC,1,58.11,delivered,rejected,2025-02-06 10:41:35 UTC,capacity
RA2C621C2A1438,L82E642EC988E,P002,2025-02-06 10:39:14 UTC,2,71.54,delivered,accepted,2025-02-06 10:43:26 UTC,
RA686880C959BC,L91C6F51A9E60,P010,2025-01-01 12:44:14 UTC,1,80.72,delivered,no_response,2025-01-01 12:48:03 UTC,state_not_covered
RA0D7E2DE4156A,L59787BEB13A1,P010,2025-05-29 17:43:46 UTC,1,77.25,delivered,accepted,2025-05-29 17:47:42 UTC,
RA1FB8EA8B4D53,L5A4EA910490D,P009,2025-06-07 16:26:46 UTC,1,50.93,delivered,no_response,2025-06-07 16:31:06 UTC,state_not_covered
RAF3279409F52C,L8FEDE26ED63C,P010,2025-05-07 13:47:41 UTC,1,71.01,delivered,accepted,2025-05-07 13:50:27 UTC,
RABFC594680F40,L618B3CE44A39,P010,2025-02-10 18:13:50 UTC,1,71.86,delivered,accepted,2025-02-10 18:17:22 UTC,
RA9A4BB7A18115,LD374A697DB05,P010,2025-01-08 18:33:28 UTC,1,74.19,delivered,accepted,2025-01-08 18:36:53 UTC,
RA5020FE5A9E9C,L1EC6A6FBDF20,P005,2025-05-11 22:36:21 UTC,1,99.69,delivered,accepted,2025-05-11 22:38:25 UTC,
RA8CC60506B5DA,L606ED20F7757,P005,2025-02-24 21:37:05 UTC,1,115.82,delivered,accepted,2025-02-24 21:41:28 UTC,
RADC20CBE24FA2,L61736D4D4F55,P002,2025-02-02 11:59:44 UTC,1,65.42,delivered,accepted,2025-02-02 12:02:45 UTC,
RAC1A31AB4BAAC,L264C6E3B519F,P003,2025-06-22 20:40:08 UTC,1,74.48,delivered,capacity_exceeded,2025-06-22 20:40:46 UTC,price_too_low
RAF651485ECE47,L131E0CFFDD27,P002,2025-05-05 10:48:30 UTC,1,67.48,delivered,accepted,2025-05-05 10:52:07 UTC,
RA8A39B55DCE36,LE16A4BFD1E07,P009,2025-04-21 21:21:27 UTC,1,65.7,delivered,no_response,2025-04-21 21:23:28 UTC,price_too_low
RA9C808BC6AA88,LE16A4BFD1E07,P003,2025-04-21 21:21:30 UTC,2,67.43,delivered,accepted,2025-04-21 21:24:45 UTC,
RA1913F3BCB333,L88B423FFE8C9,P010,2025-03-25 11:18:41 UTC,1,65.47,delivered,no_response,2025-03-25 11:19:54 UTC,capacity
RA3D0178AA723A,L8BD981ABA5DE,P007,2025-02-13 10:15:36 UTC,1,141.8,delivered,no_response,2025-02-13 10:18:00 UTC,price_too_low
RA9A63D34E61B9,L1EF3325EB1C8,P007,2025-03-06 21:19:20 UTC,1,126.93,delivered,rejected,2025-03-06 21:24:15 UTC,quality
RA8B349F791241,LF1CC22EB9D02,P010,2025-01-31 15:49:54 UTC,1,69.09,delivered,capacity_exceeded,2025-01-31 15:54:01 UTC,state_not_covered
RAC2C42C8B6F00,LB0315DDBE658,P007,2025-03-09 14:21:57 UTC,1,116.52,delivered,accepted,2025-03-09 14:26:03 UTC,
RAD8ABEA3CE204,L8CCD2EFAB9EA,P010,2025-04-03 21:35:09 UTC,1,74.42,delivered,accepted,2025-04-03 21:36:43 UTC,
RA9B7DA6134349,L3A480EA03BBF,P003,2025-02-09 20:15:30 UTC,1,63.3,delivered,rejected,2025-02-09 20:19:30 UTC,quality
RA410D3CFF2AED,L5587E63CB161,P005,2025-04-26 20:55:59 UTC,1,101.84,delivered,accepted,2025-04-26 20:57:10 UTC,
RA9B8184968120,L0682F32F7C9A,P010,2025-02-04 13:51:04 UTC,1,76.19,delivered,accepted,2025-02-04 13:53:32 UTC,
RA7D97726A0B20,LB096B334F784,P002,2025-05-26 07:25:00 UTC,1,82.89,delivered,accepted,2025-05-26 07:26:06 UTC,
RA8D94CE880AD6,L594EB7A8191D,P003,2025-02-25 19:58:34 UTC,1,72.82,delivered,accepted,2025-02-25 20:02:39 UTC,
RA872C74081DD8,L273F3B4E0E08,P005,2025-04-03 14:45:07 UTC,1,113.3,delivered,rejected,2025-04-03 14:48:19 UTC,state_not_covered
RAD7BD56322271,L49B608DBD1E5,P002,2025-01-20 09:28:00 UTC,1,76.2,delivered,accepted,2025-01-20 09:30:48 UTC,
RA19C2628CB990,LB89C029EC525,P002,2025-03-24 14:39:19 UTC,1,68.87,delivered,accepted,2025-03-24 14:40:18 UTC,
RA94775BCAC488,L60D1F8CAAD0C,P001,2025-01-26 21:24:12 UTC,1,59.52,delivered,accepted,2025-01-26 21:26:04 UTC,
RA496917CAE71D,L5CA4CD70716F,P001,2025-04-16 11:09:14 UTC,1,57.74,delivered,accepted,2025-04-16 11:13:36 UTC,
RA3CB5DE797848,L3322C5CCF268,P001,2025-01-04 17:53:25 UTC,1,59.47,delivered,accepted,2025-01-04 17:56:35 UTC,
RA643971116A83,LAE9386326A4B,P002,2025-02-17 20:28:49 UTC,1,71.68,delivered,accepted,2025-02-17 20:31:52 UTC,
RA2B676EA7643D,LA26D0050117C,P002,2025-06-16 19:42:56 UTC,1,85.86,delivered,accepted,2025-06-16 19:47:53 UTC,
RAAB98C18D5899,LEC517BB9B93D,P005,2025-05-30 14:31:24 UTC,1,112.08,delivered,accepted,2025-05-30 14:34:14 UTC,
RA273A3F24B5B1,LBD54ED5532B4,P002,2025-06-27 23:09:28 UTC,1,67.71,delivered,accepted,2025-06-27 23:10:56 UTC,
RA3305244399F1,L1A0551FDCBBE,P010,2025-05-19 10:52:01 UTC,1,74.23,delivered,accepted,2025-05-19 10:52:23 UTC,
RA11F3BF9221EB,LC989E4011A47,P009,2025-02-12 20:41:05 UTC,1,51.57,delivered,accepted,2025-02-12 20:41:23 UTC,
RA9DCFBD179D38,L73CED90DFFFA,P009,2025-03-11 22:41:09 UTC,1,55.95,delivered,accepted,2025-03-11 22:44:43 UTC,
RA33AD0CFDE65F,L06480CF70F14,P007,2025-02-24 18:21:59 UTC,1,139.99,delivered,accepted,2025-02-24 18:22:33 UTC,
RAC4188ACBD26E,L55DA5F4C5254,P010,2025-03-31 17:03:01 UTC,1,82.34,delivered,rejected,2025-03-31 17:04:46 UTC,quality
RA85988BBC2700,L55DA5F4C5254,P008,2025-03-31 17:03:19 UTC,2,75.35,delivered,accepted,2025-03-31 17:04:29 UTC,
RAEB341D252FAE,L6873219D55A3,P003,2025-02-23 20:30:50 UTC,1,58.08,delivered,accepted,2025-02-23 20:32:46 UTC,
RA50CFFE396A9E,L2EE12A1DB82C,P003,2025-05-23 13:32:25 UTC,1,71.93,delivered,accepted,2025-05-23 13:34:56 UTC,
RAD0CCC81FFD7B,L3B55390D2B59,P008,2025-06-05 16:06:33 UTC,1,80.6,delivered,no_response,2025-06-05 16:08:23 UTC,state_not_covered
RAB90A5019A47D,LCA9AEE355D9B,P003,2025-04-02 08:29:17 UTC,1,66.18,delivered,accepted,2025-04-02 08:32:57 UTC,
RA56F1A06EEA95,L0FD78C2E6D0B,P002,2025-04-29 20:43:25 UTC,1,68.1,delivered,accepted,2025-04-29 20:47:58 UTC,
RAED4D33D6437B,L34F21F37DD75,P010,2025-06-02 21:20:30 UTC,1,78.05,delivered,accepted,2025-06-02 21:21:59 UTC,
RA186E7190CDC8,LDF30026E4B78,P003,2025-01-22 08:50:52 UTC,1,64.05,delivered,no_response,2025-01-22 08:55:51 UTC,state_not_covered
RAD7F50B110357,L05370CD6F1EA,P010,2025-04-03 08:27:27 UTC,1,69.36,delivered,capacity_exceeded,2025-04-03 08:28:11 UTC,quality
RA1EDD068CE8F0,L2F686EC715CE,P010,2025-02-10 14:12:28 UTC,1,70.39,delivered,accepted,2025-02-10 14:14:40 UTC,
RAFBAFCC122B63,L7AF86E6D2E9A,P006,2025-01-06 16:07:25 UTC,1,119.3,delivered,no_response,2025-01-06 16:10:09 UTC,state_not_covered
RA0DAD218F7055,L30F9F684C4D9,P003,2025-02-08 07:54:46 UTC,1,75.63,delivered,rejected,2025-02-08 07:56:21 UTC,quality
RAF9DBD171DD4F,L9612029B371E,P008,2025-06-21 12:03:26 UTC,1,78.73,delivered,accepted,2025-06-21 12:05:50 UTC,
RA9D1045B06C50,L74B8415C6EF7,P001,2025-05-31 14:18:49 UTC,1,68.64,delivered,accepted,2025-05-31 14:19:28 UTC,
RA6E9C4F8B4F7E,LFACF60BA65C2,P006,2025-06-26 23:01:30 UTC,1,107.73,delivered,no_response,2025-06-26 23:03:31 UTC,state_not_covered
RA6907E9BE1660,LFACF60BA65C2,P007,2025-06-26 23:02:04 UTC,2,116.27,delivered,accepted,2025-06-26 23:02:46 UTC,
RA9402F391FADE,L61535EBE3F5F,P009,2025-04-20 13:22:39 UTC,1,51.61,delivered,accepted,2025-04-20 13:25:53 UTC,
RA8B103AEBD0EF,L00D37B47F2A5,P001,2025-02-06 09:27:33 UTC,1,73.74,delivered,no_response,2025-02-06 09:29:35 UTC,quality
RAF19FCF911D16,L00D37B47F2A5,P010,2025-02-06 09:27:38 UTC,2,66.43,delivered,rejected,2025-02-06 09:28:29 UTC,quality
RA1CEECEF0D3C7,LF9A901642059,P009,2025-03-09 18:28:43 UTC,1,57.41,delivered,accepted,2025-03-09 18:28:53 UTC,
RACFEEC3F58DE6,L69F610399F4B,P002,2025-01-03 19:18:15 UTC,1,70.99,delivered,accepted,2025-01-03 19:21:29 UTC,
RA3B5018036F64,L1933AA01D0EB,P006,2025-05-30 22:31:00 UTC,1,130.97,delivered,accepted,2025-05-30 22:34:30 UTC,
RAC136A7682968,L387867E2FC0E,P010,2025-03-08 15:16:47 UTC,1,69.9,delivered,rejected,2025-03-08 15:21:24 UTC,quality
RAC1391A167E3B,L387867E2FC0E,P003,2025-03-08 15:17:29 UTC,2,62.46,delivered,accepted,2025-03-08 15:18:40 UTC,
RA8F6020C09454,LA41DC123C8A2,P003,2025-01-23 18:13:27 UTC,1,72.22,delivered,no_response,2025-01-23 18:14:29 UTC,price_too_low
RA897F05548BF9,L7F07D2518BF7,P002,2025-04-09 10:31:12 UTC,1,67.91,delivered,accepted,2025-04-09 10:34:05 UTC,
RA512A95340B4D,L6D89158E842D,P002,2025-03-27 11:03:40 UTC,1,77.83,delivered,accepted,2025-03-27 11:06:13 UTC,
RAD3587F1C76DB,L1A76B7A1C8A2,P009,2025-01-12 13:57:18 UTC,1,56.76,delivered,accepted,2025-01-12 14:01:46 UTC,
RA47553C4B9CA2,L2613D54D8F45,P001,2025-05-24 08:49:19 UTC,1,67.88,delivered,accepted,2025-05-24 08:50:44 UTC,
RA73D989E299FA,LCA343E89E0BD,P003,2025-04-30 12:44:20 UTC,1,61.96,delivered,capacity_exceeded,2025-04-30 12:47:59 UTC,quality
RAC2C16DB38466,L074887966D52,P002,2025-05-01 14:14:36 UTC,1,68.47,delivered,accepted,2025-05-01 14:17:49 UTC,
RAFDAF6B4FEB9D,L6EAEB2C9FABE,P010,2025-01-07 13:07:54 UTC,1,81.52,delivered,accepted,2025-01-07 13:12:07 UTC,
RA17CDCF794C4D,L2B5CB2A097F7,P006,2025-01-10 08:21:01 UTC,1,119.03,delivered,no_response,2025-01-10 08:21:12 UTC,capacity
RAB0AB0D74E80E,LA507CD60BB64,P001,2025-06-02 21:05:37 UTC,1,56.64,delivered,accepted,2025-06-02 21:07:19 UTC,
RA877963EE6152,LD49819FF6C5F,P010,2025-02-28 20:20:23 UTC,1,76.19,delivered,no_response,2025-02-28 20:21:22 UTC,quality
RA98F06FFAC6A9,L8F0BED3B56BB,P010,2025-03-20 15:27:34 UTC,1,61.84,delivered,no_response,2025-03-20 15:31:16 UTC,quality
RAD859266EE752,L431DCCF6466E,P010,2025-02-27 09:58:28 UTC,1,71.32,delivered,accepted,2025-02-27 10:01:47 UTC,
RAD1D9720EC159,L944E3F602096,P009,2025-06-25 15:13:18 UTC,1,59.38,delivered,accepted,2025-06-25 15:15:26 UTC,
RA75BDE5FA48E7,L0805B0E7A2DD,P010,2025-05-24 19:12:31 UTC,1,78.05,delivered,accepted,2025-05-24 19:15:56 UTC,
RA09A0AEF77B59,LDC3CC4BB7E59,P005,2025-04-12 19:49:55 UTC,1,99.82,delivered,rejected,2025-04-12 19:53:25 UTC,quality
RAF148EF87DD34,L998A0EF1D620,P002,2025-02-19 15:35:29 UTC,1,70.02,delivered,accepted,2025-02-19 15:39:25 UTC,
RAD8989B94334F,L380DACA9367D,P005,2025-06-13 17:38:45 UTC,1,103.58,delivered,accepted,2025-06-13 17:39:02 UTC,
RABDEEAB29581C,L428F17CD8F67,P001,2025-03-25 13:45:35 UTC,1,60.34,delivered,accepted,2025-03-25 13:48:51 UTC,
RA55BC3E16AE90,L7E8999C715B9,P001,2025-04-12 16:40:50 UTC,1,57.54,delivered,accepted,2025-04-12 16:41:10 UTC,
RA78D4E8822B8B,L86A9B9DAD474,P006,2025-03-23 15:55:13 UTC,1,133.66,delivered,accepted,2025-03-23 15:59:42 UTC,
RAF82EE3C67082,LD1455330557B,P002,2025-06-08 21:57:34 UTC,1,73.35,delivered,accepted,2025-06-08 21:58:39 UTC,
RA5DD347B13DFF,L25E2ABDFD6A0,P005,2025-03-05 17:33:31 UTC,1,117.78,delivered,no_response,2025-03-05 17:34:28 UTC,price_too_low
RAD01827F8FA50,LF97B10AF1344,P005,2025-05-15 21:45:42 UTC,1,114.67,delivered,rejected,2025-05-15 21:49:41 UTC,capacity
RAFA976FFC0AAE,LEB8C1BA1E2F4,P010,2025-04-26 15:05:14 UTC,1,75.41,delivered,accepted,2025-04-26 15:09:14 UTC,
RA2BD938ECF035,LFD359DD57206,P001,2025-01-11 18:14:41 UTC,1,58.42,delivered,no_response,2025-01-11 18:18:32 UTC,state_not_covered
RAD8E1F1C2C511,LFD359DD57206,P003,2025-01-11 18:14:31 UTC,2,65.53,delivered,accepted,2025-01-11 18:18:58 UTC,
RAA6AB25B2132D,L75E1B34574DF,P003,2025-05-14 08:15:04 UTC,1,62.1,delivered,accepted,2025-05-14 08:18:26 UTC,
RAA814EA0EA556,L217D9C6C5A2D,P005,2025-03-08 08:23:50 UTC,1,89.68,delivered,accepted,2025-03-08 08:26:27 UTC,
RA12ADC4DD7E93,L8375CD8B61C1,P001,2025-05-21 23:01:30 UTC,1,62.06,delivered,accepted,2025-05-21 23:04:24 UTC,
RAE52F5599A523,LE6ACF98AE2A3,P010,2025-03-22 14:06:14 UTC,1,78.81,delivered,accepted,2025-03-22 14:06:28 UTC,
RA052D673814EF,L1341CB639E28,P009,2025-02-01 14:20:10 UTC,1,58.42,delivered,accepted,2025-02-01 14:24:44 UTC,
RAA2B2AF9FE0DE,L845B968BB1C5,P007,2025-02-10 21:54:10 UTC,1,136.82,delivered,accepted,2025-02-10 21:54:54 UTC,
RA0D48C3188386,L753DAAC519CD,P010,2025-01-21 09:11:24 UTC,1,76.37,delivered,rejected,2025-01-21 09:12:09 UTC,quality
RA71ADFD7B03FD,L753DAAC519CD,P002,2025-01-21 09:10:45 UTC,2,77.33,delivered,accepted,2025-01-21 09:15:06 UTC,
RAA1DAAFA641CF,L08D165D9C84D,P003,2025-05-14 19:03:53 UTC,1,58.66,delivered,accepted,2025-05-14 19:04:15 UTC,
RA5D2E66691BC7,L31B0960B7E86,P001,2025-03-06 17:55:11 UTC,1,65.84,delivered,accepted,2025-03-06 17:57:03 UTC,
RAB0874175D3BC,L151A62EE6794,P002,2025-06-15 15:14:09 UTC,1,71.2,delivered,accepted,2025-06-15 15:16:24 UTC,
RA0259AA775CB6,L50DCB78EC0B7,P009,2025-04-27 12:49:13 UTC,1,58.67,delivered,accepted,2025-04-27 12:53:39 UTC,
RA31062E25E7C6,LA2CED2FE2F2E,P002,2025-06-01 16:55:40 UTC,1,78.89,delivered,no_response,2025-06-01 16:58:13 UTC,capacity
RA5535D2F38CAB,LA2CED2FE2F2E,P009,2025-06-01 16:55:57 UTC,2,61.03,delivered,accepted,2025-06-01 17:00:18 UTC,
RA5232FB0D132C,L9ED38671A809,P002,2025-05-25 13:36:10 UTC,1,75.34,delivered,accepted,2025-05-25 13:39:26 UTC,
RAF8923EF94F15,L757E51BD10FF,P008,2025-01-23 14:39:51 UTC,1,74.16,delivered,rejected,2025-01-23 14:40:11 UTC,state_not_covered
RA6B85208E5570,L757E51BD10FF,P002,2025-01-23 14:40:09 UTC,2,82.15,delivered,accepted,2025-01-23 14:45:08 UTC,
RA63B3E5379875,LC91AADDF9766,P010,2025-01-23 12:29:55 UTC,1,66.25,delivered,capacity_exceeded,2025-01-23 12:31:48 UTC,quality
RAADA82D61BC2D,LC91AADDF9766,P003,2025-01-23 12:29:51 UTC,2,63.02,delivered,accepted,2025-01-23 12:32:40 UTC,
RA2956A2BDABAF,LBE058990B5F0,P002,2025-06-11 17:45:18 UTC,1,79.79,delivered,rejected,2025-06-11 17:50:09 UTC,price_too_low
RAB6E441E8A942,LBE058990B5F0,P003,2025-06-11 17:45:14 UTC,2,77.54,delivered,no_response,2025-06-11 17:47:47 UTC,state_not_covered
RA84A0E7AC7635,LCD765D1D7A3E,P002,2025-01-09 16:01:09 UTC,1,76.07,delivered,accepted,2025-01-09 16:02:14 UTC,
RACCFFAF969068,L8C561A7D5E46,P003,2025-02-13 08:16:29 UTC,1,77.41,delivered,capacity_exceeded,2025-02-13 08:17:37 UTC,price_too_low
RA8513D48CA1BE,L8C561A7D5E46,P001,2025-02-13 08:16:30 UTC,2,72.05,delivered,accepted,2025-02-13 08:17:17 UTC,
RA1C70204F4FF6,L8CA3354F18B2,P001,2025-01-17 16:21:01 UTC,1,73.03,delivered,accepted,2025-01-17 16:21:23 UTC,
RAFAAD9419BBF3,L25F0E78D348F,P009,2025-05-13 15:06:58 UTC,1,63.78,delivered,no_response,2025-05-13 15:09:25 UTC,capacity
RADFB31C260203,L25F0E78D348F,P010,2025-05-13 15:07:30 UTC,2,79.36,delivered,accepted,2025-05-13 15:08:47 UTC,
RA73B5CC0A7219,L07F23236A98A,P004,2025-06-19 21:28:48 UTC,1,94.75,delivered,accepted,2025-06-19 21:30:22 UTC,
RAE3FD7E9F4C0E,L691BBC5F7E14,P005,2025-03-10 17:55:16 UTC,1,105.32,delivered,no_response,2025-03-10 17:57:55 UTC,capacity
RA4544E993EEA2,L8212C1D54927,P005,2025-06-25 13:57:52 UTC,1,119.92,delivered,accepted,2025-06-25 13:58:57 UTC,
RA63339C23189C,L5C4595084BFE,P002,2025-01-13 17:41:23 UTC,1,81.97,delivered,accepted,2025-01-13 17:44:26 UTC,
RA6651CA4551C3,LE2D1BBEBC18F,P010,2025-01-20 13:59:34 UTC,1,77.28,delivered,accepted,2025-01-20 14:03:39 UTC,
RA7FD1C53FE40E,L3C2EBE60F3BB,P010,2025-03-04 13:41:55 UTC,1,78.57,delivered,accepted,2025-03-04 13:43:13 UTC,
RA0D5ECFDE26F6,LA646F24CA9B0,P005,2025-06-22 20:09:59 UTC,1,102.62,delivered,accepted,2025-06-22 20:14:18 UTC,
RAD32429290887,LA24C178FDAE8,P010,2025-04-03 21:53:08 UTC,1,74.96,delivered,accepted,2025-04-03 21:56:52 UTC,
RAFCFE112FF614,L2C5ACA51F3DC,P009,2025-06-29 13:47:13 UTC,1,49.89,delivered,accepted,2025-06-29 13:49:39 UTC,
RAD8688EE88336,L99FCC92E48FB,P005,2025-02-28 14:03:19 UTC,1,94.92,delivered,rejected,2025-02-28 14:05:44 UTC,quality
RAC1BCFB6E68A9,LB09FED2F5CA2,P002,2025-02-22 15:22:02 UTC,1,77.54,delivered,rejected,2025-02-22 15:23:23 UTC,quality
RAFD4106A196A7,LB09FED2F5CA2,P010,2025-02-22 15:21:57 UTC,2,75.38,delivered,accepted,2025-02-22 15:24:24 UTC,
RA5C44E6C6E83E,LADEDF1B2DAE2,P010,2025-06-12 16:56:31 UTC,1,64.27,delivered,accepted,2025-06-12 16:59:00 UTC,
RACD981194F6DE,L78799A226989,P003,2025-02-22 22:32:46 UTC,1,63.95,delivered,accepted,2025-02-22 22:34:42 UTC,
RA34B246D43BA9,LCEFA92DED973,P002,2025-03-10 14:42:11 UTC,1,82.46,delivered,accepted,2025-03-10 14:44:32 UTC,
RA91051B371101,LF28D077AC931,P010,2025-01-14 11:19:22 UTC,1,78.65,delivered,accepted,2025-01-14 11:24:22 UTC,
RA86E7E90D0C57,LD6C9882C5FED,P003,2025-01-06 08:39:09 UTC,1,74.37,delivered,accepted,2025-01-06 08:41:48 UTC,
RA01A284D36770,LC4D41A354303,P010,2025-04-06 11:43:54 UTC,1,74.77,delivered,no_response,2025-04-06 11:46:57 UTC,state_not_covered
RAC50B97BAAEF0,LC4D41A354303,P001,2025-04-06 11:44:05 UTC,2,59.46,delivered,rejected,2025-04-06 11:45:35 UTC,price_too_low
RACFA90A685238,L62C98A2AF7B6,P002,2025-02-14 09:28:57 UTC,1,85.22,delivered,accepted,2025-02-14 09:32:30 UTC,
RAA790DAF2B6A3,L9AFF55F44F5F,P009,2025-01-07 07:39:32 UTC,1,52.21,delivered,accepted,2025-01-07 07:44:25 UTC,
RA401874423900,LBAF44823CA70,P009,2025-03-09 13:11:48 UTC,1,60.8,delivered,no_response,2025-03-09 13:16:29 UTC,state_not_covered
RAE237B3A3C48C,L20C739420CF3,P006,2025-01-08 10:51:20 UTC,1,106.84,delivered,rejected,2025-01-08 10:51:36 UTC,price_too_low
RA322133691800,LA0469A8E75B4,P003,2025-06-12 07:54:32 UTC,1,62.0,delivered,capacity_exceeded,2025-06-12 07:55:53 UTC,capacity
RA19D8958C9E8B,L4F6063046D2E,P010,2025-03-15 13:05:19 UTC,1,68.8,delivered,accepted,2025-03-15 13:06:32 UTC,
RA4105BEB582AF,LDCF48C27676D,P002,2025-06-23 22:00:58 UTC,1,84.34,delivered,accepted,2025-06-23 22:04:48 UTC,
RA0751D1200987,L325ACC98CBE7,P010,2025-02-05 20:31:03 UTC,1,70.0,delivered,capacity_exceeded,2025-02-05 20:35:14 UTC,capacity
RAFEFFE1F54B75,L5371A9CC56CF,P008,2025-01-20 19:26:43 UTC,1,72.66,delivered,accepted,2025-01-20 19:30:21 UTC,
RA405CEFF556B5,L4A672D9FC23C,P002,2025-06-20 08:56:07 UTC,1,83.6,delivered,accepted,2025-06-20 08:57:55 UTC,
RA4600776AA3E5,L30FF9732532C,P005,2025-05-03 09:09:45 UTC,1,108.33,delivered,accepted,2025-05-03 09:11:34 UTC,
RA6AE227EEF94D,LD0252720E71F,P005,2025-04-29 13:46:10 UTC,1,113.26,delivered,rejected,2025-04-29 13:48:26 UTC,state_not_covered
RA356912DC1AB8,L713E09B49A12,P007,2025-02-05 12:15:16 UTC,1,146.79,delivered,accepted,2025-02-05 12:17:18 UTC,
RA9BAFA1E1E67B,L3D340B7E027F,P003,2025-03-10 14:28:02 UTC,1,76.46,delivered,rejected,2025-03-10 14:29:16 UTC,quality
RA7A60B55622CE,L8874D453E202,P007,2025-03-06 17:12:43 UTC,1,119.69,delivered,rejected,2025-03-06 17:14:52 UTC,price_too_low
RA3232131E9045,L23123CFF7AFC,P006,2025-03-31 08:31:06 UTC,1,127.62,delivered,accepted,2025-03-31 08:35:08 UTC,
RA3F054523B3BA,L9027738901A4,P005,2025-04-06 16:17:12 UTC,1,109.37,delivered,accepted,2025-04-06 16:20:28 UTC,
RA240A81D1AFD3,L8DCECA5DD2E3,P003,2025-01-02 15:15:30 UTC,1,71.36,delivered,no_response,2025-01-02 15:15:45 UTC,capacity
RA8BF8CD2A0CE1,LD0361F212F9B,P007,2025-01-31 09:23:52 UTC,1,143.74,delivered,accepted,2025-01-31 09:28:21 UTC,
RA2F3975FCC8E2,LEE03230D2FA5,P005,2025-03-26 14:46:18 UTC,1,89.89,delivered,capacity_exceeded,2025-03-26 14:50:32 UTC,capacity
RA53A65555FC5D,L46C88631FF1C,P003,2025-06-24 16:02:03 UTC,1,74.6,delivered,capacity_exceeded,2025-06-24 16:04:11 UTC,state_not_covered
RACB9CF2CB8AED,L46C88631FF1C,P002,2025-06-24 16:01:40 UTC,2,66.65,delivered,rejected,2025-06-24 16:02:46 UTC,state_not_covered
RAD96686ABF02A,LDD70E7D71203,P003,2025-01-08 14:20:46 UTC,1,70.67,delivered,accepted,2025-01-08 14:24:43 UTC,
RA6FC1B959E052,L7C87FD933AC0,P010,2025-01-15 14:05:10 UTC,1,78.94,delivered,capacity_exceeded,2025-01-15 14:05:29 UTC,price_too_low
RA4AA152EC9D75,L7C87FD933AC0,P002,2025-01-15 14:05:24 UTC,2,83.83,delivered,accepted,2025-01-15 14:06:00 UTC,
RA612B50EA756A,L54D83D7EDF9F,P002,2025-05-29 19:56:00 UTC,1,79.36,delivered,accepted,2025-05-29 19:57:18 UTC,
RA95E7BFD4643E,L12117701B801,P002,2025-04-01 11:14:54 UTC,1,79.12,delivered,accepted,2025-04-01 11:17:47 UTC,
RA6D43F5EC1368,L33BAFA1E6493,P010,2025-06-16 23:01:19 UTC,1,64.56,delivered,accepted,2025-06-16 23:03:11 UTC,
RA14E582946622,LE040F059C088,P001,2025-05-12 21:59:34 UTC,1,58.84,delivered,accepted,2025-05-12 22:02:58 UTC,
RA8ADD31878EBA,L36A78068C121,P010,2025-05-27 09:52:00 UTC,1,67.89,delivered,accepted,2025-05-27 09:53:13 UTC,
RAF80A10484068,LE52FC46DE8CC,P001,2025-01-04 17:19:53 UTC,1,69.51,delivered,rejected,2025-01-04 17:21:06 UTC,quality
RA836EBC8EC000,LD9147BC38DD9,P001,2025-06-24 13:54:26 UTC,1,71.41,delivered,accepted,2025-06-24 13:59:23 UTC,
RA4294009F8386,L72A71BC2EAB1,P010,2025-03-29 22:50:23 UTC,1,79.99,delivered,no_response,2025-03-29 22:50:48 UTC,quality
RAF1620F9F0643,L72A71BC2EAB1,P002,2025-03-29 22:50:03 UTC,2,66.08,delivered,accepted,2025-03-29 22:53:11 UTC,
RADFD8C4189F63,LA7011D475D58,P010,2025-04-26 08:58:27 UTC,1,70.28,delivered,capacity_exceeded,2025-04-26 09:00:19 UTC,capacity
RA8F938A59722E,LA47F2851B2EB,P010,2025-05-06 20:24:04 UTC,1,68.33,delivered,no_response,2025-05-06 20:27:24 UTC,quality
RA87B68638CCFC,LA47F2851B2EB,P009,2025-05-06 20:24:05 UTC,2,55.01,delivered,accepted,2025-05-06 20:25:55 UTC,
RA597AA04B3025,LB796A0DA4088,P005,2025-06-10 16:09:24 UTC,1,116.76,delivered,accepted,2025-06-10 16:12:58 UTC,
RAA619E6E2A7DD,LB6AFDD04E804,P010,2025-04-04 12:04:17 UTC,1,82.7,delivered,accepted,2025-04-04 12:07:43 UTC,
RA0981BA1ECA7F,L8CF47E157604,P002,2025-03-27 07:23:29 UTC,1,67.48,delivered,no_response,2025-03-27 07:23:57 UTC,state_not_covered
RAB048B27F849A,LC6473B83D700,P003,2025-02-11 15:11:36 UTC,1,62.94,delivered,accepted,2025-02-11 15:12:11 UTC,
RAE199CD90CB0B,L594DEDBD0F11,P008,2025-03-09 11:12:53 UTC,1,87.45,delivered,capacity_exceeded,2025-03-09 11:14:52 UTC,price_too_low
RA48E8AE6ABD67,L594DEDBD0F11,P002,2025-03-09 11:12:25 UTC,2,64.29,delivered,accepted,2025-03-09 11:12:43 UTC,
RAB79438643B6B,LEC3A0FB3D9A8,P010,2025-02-07 15:39:57 UTC,1,69.12,delivered,accepted,2025-02-07 15:44:05 UTC,
RAA285DFD1E02C,LA79BDFEED74E,P006,2025-03-16 22:53:43 UTC,1,121.7,delivered,capacity_exceeded,2025-03-16 22:57:50 UTC,capacity
RA0DA707A82554,LA79BDFEED74E,P010,2025-03-16 22:53:02 UTC,2,70.38,delivered,no_response,2025-03-16 22:53:38 UTC,capacity
RAF896FEC28229,L324BDF093401,P010,2025-04-09 10:30:16 UTC,1,70.52,delivered,capacity_exceeded,2025-04-09 10:34:12 UTC,capacity
RAFC02198E5A59,L324BDF093401,P009,2025-04-09 10:29:42 UTC,2,62.46,delivered,accepted,2025-04-09 10:30:43 UTC,
RAD8FFF6984A93,L765BFD322B5A,P006,2025-02-19 09:36:15 UTC,1,107.88,delivered,no_response,2025-02-19 09:37:29 UTC,price_too_low
RA69897ABC7CA6,L091A0CDD285E,P009,2025-03-08 08:55:21 UTC,1,52.25,delivered,accepted,2025-03-08 08:56:38 UTC,
RA2D5FE8AB2CCC,LB60DAC5E3A59,P002,2025-02-18 19:59:49 UTC,1,72.44,delivered,accepted,2025-02-18 20:02:40 UTC,
RA61330C2D4757,L12EA4EE7EDC9,P002,2025-04-18 19:08:43 UTC,1,69.35,delivered,accepted,2025-04-18 19:12:25 UTC,
RAEAA6FD067F9E,L1E93525C9BB5,P002,2025-03-13 15:22:57 UTC,1,69.92,delivered,accepted,2025-03-13 15:26:03 UTC,
RAC42EDD2D7A56,L849C887CB089,P003,2025-03-21 12:42:19 UTC,1,58.48,delivered,accepted,2025-03-21 12:44:42 UTC,
RA0E5013852187,LEDB77E8034A1,P010,2025-03-18 14:27:18 UTC,1,66.17,delivered,accepted,2025-03-18 14:29:54 UTC,
RABFE8F2B3158B,LDD3FEBE3BFDB,P009,2025-05-15 09:51:07 UTC,1,51.28,delivered,no_response,2025-05-15 09:54:48 UTC,state_not_covered
RAEC48DD38343D,L8C3AF097106D,P009,2025-03-08 16:23:06 UTC,1,62.14,delivered,capacity_exceeded,2025-03-08 16:27:24 UTC,quality
RA026CA96F2C9D,L8C3AF097106D,P010,2025-03-08 16:22:54 UTC,2,64.26,delivered,rejected,2025-03-08 16:26:07 UTC,capacity
RA3433EAD2A43C,LF821F1FFA7CA,P006,2025-01-02 10:13:13 UTC,1,108.31,delivered,no_response,2025-01-02 10:17:43 UTC,state_not_covered
RA224916FD12D3,L42AA130E6F97,P005,2025-05-17 12:56:01 UTC,1,112.36,delivered,accepted,2025-05-17 13:00:21 UTC,
RA9746926CFFAE,LDA90A47B2082,P003,2025-04-07 14:31:55 UTC,1,72.84,delivered,capacity_exceeded,2025-04-07 14:35:43 UTC,price_too_low
RAFDC347663283,LDA90A47B2082,P010,2025-04-07 14:32:00 UTC,2,68.09,delivered,accepted,2025-04-07 14:32:42 UTC,
RAEDD1207627EF,L41791FB8CB68,P008,2025-04-12 12:46:06 UTC,1,71.0,delivered,accepted,2025-04-12 12:50:16 UTC,
RA7B91EB481347,L0F9627036478,P005,2025-04-18 08:22:09 UTC,1,106.63,delivered,accepted,2025-04-18 08:24:06 UTC,
RAA091DC4F7518,L1CAAA307E922,P001,2025-02-08 17:26:06 UTC,1,67.36,delivered,accepted,2025-02-08 17:30:15 UTC,
RA921ECB3E3BDD,L8AAAD85ECDD0,P001,2025-02-11 20:49:03 UTC,1,69.55,delivered,accepted,2025-02-11 20:50:21 UTC,
RAC779AA318415,L2DE433754A21,P003,2025-05-26 15:40:08 UTC,1,65.92,delivered,accepted,2025-05-26 15:40:22 UTC,
RA0FE746B571C0,L1DC8FF3C2D93,P005,2025-01-27 23:11:22 UTC,1,119.01,delivered,accepted,2025-01-27 23:15:03 UTC,
RA049D9F62A1DA,L7E98AE1444AA,P006,2025-05-16 21:38:57 UTC,1,114.29,delivered,accepted,2025-05-16 21:42:55 UTC,
RA7774EF1AD3BF,LC6EC8F41F532,P010,2025-06-06 18:13:44 UTC,1,63.77,delivered,rejected,2025-06-06 18:14:59 UTC,price_too_low
RA5C34E8927A92,LC6EC8F41F532,P002,2025-06-06 18:13:50 UTC,2,76.84,delivered,accepted,2025-06-06 18:14:11 UTC,
RAAF3681FDBE68,L7A8583EAA4BF,P001,2025-04-07 11:27:23 UTC,1,56.72,delivered,accepted,2025-04-07 11:30:38 UTC,
RA5F5812BABB86,LE88EB5F43093,P005,2025-06-05 16:53:11 UTC,1,97.16,delivered,accepted,2025-06-05 16:54:39 UTC,
RAB92751122F10,L46DEA2169B40,P003,2025-03-22 17:05:29 UTC,1,77.85,delivered,accepted,2025-03-22 17:05:59 UTC,
RA19B8B902C4CD,LCFBFC2D214A5,P002,2025-06-25 09:02:27 UTC,1,73.1,delivered,accepted,2025-06-25 09:06:15 UTC,
RAC710F556C425,L529EB0C7DFD6,P010,2025-06-15 20:06:22 UTC,1,61.54,delivered,accepted,2025-06-15 20:07:08 UTC,
RACDD6569A426B,LA7888D655155,P001,2025-03-03 13:49:12 UTC,1,67.17,delivered,accepted,2025-03-03 13:50:08 UTC,
RADA296F1416A1,L545399120627,P002,2025-03-15 09:51:15 UTC,1,78.23,delivered,accepted,2025-03-15 09:54:46 UTC,
RACDC3217FE089,LF0853ABA8A45,P010,2025-01-16 11:07:14 UTC,1,75.05,delivered,no_response,2025-01-16 11:11:09 UTC,price_too_low
RA3CF2A7CAB0A9,L45833B6C9AC3,P002,2025-05-07 11:08:02 UTC,1,71.28,delivered,accepted,2025-05-07 11:08:51 UTC,
RA399FBA413312,LE194EDA022F0,P009,2025-03-12 19:30:25 UTC,1,58.27,delivered,capacity_exceeded,2025-03-12 19:33:56 UTC,quality
RA26630434132B,L4E4DA5B457EC,P002,2025-03-14 20:30:19 UTC,1,70.75,delivered,accepted,2025-03-14 20:33:28 UTC,
RA4BA9C7E71C1F,L4B8871098183,P010,2025-05-19 18:23:33 UTC,1,81.07,delivered,rejected,2025-05-19 18:27:06 UTC,price_too_low
RA31D7E7A71795,L4B8871098183,P002,2025-05-19 18:23:27 UTC,2,77.44,delivered,accepted,2025-05-19 18:25:44 UTC,
RAE5E3F5E6BA26,LD0D36258C09B,P002,2025-05-03 11:46:34 UTC,1,75.96,delivered,capacity_exceeded,2025-05-03 11:49:55 UTC,quality
RA2BFB2F430207,L62F50D2490FE,P003,2025-02-27 15:34:19 UTC,1,65.69,delivered,accepted,2025-02-27 15:35:07 UTC,
RADEC4B1B4B4CE,LF999316A3A9D,P002,2025-06-15 21:02:06 UTC,1,70.78,delivered,rejected,2025-06-15 21:05:16 UTC,price_too_low
RA3F3E19628CEA,LF999316A3A9D,P003,2025-06-15 21:02:29 UTC,2,65.14,delivered,accepted,2025-06-15 21:06:23 UTC,
RA7421926AA3BE,L7746C6E145BC,P003,2025-01-24 11:05:19 UTC,1,58.81,delivered,accepted,2025-01-24 11:08:15 UTC,
RA2827C3DCF9D4,L02996B768C97,P010,2025-02-07 20:58:37 UTC,1,79.71,delivered,rejected,2025-02-07 21:03:16 UTC,quality
RAF00CC8487D08,L02996B768C97,P002,2025-02-07 20:58:46 UTC,2,66.23,delivered,capacity_exceeded,2025-02-07 21:02:12 UTC,quality
RA2B0ECB150344,L02996B768C97,P001,2025-02-07 20:59:12 UTC,3,68.54,delivered,accepted,2025-02-07 21:00:17 UTC,
RA1DFDF1B8B17D,LD4E7F92988E8,P009,2025-05-26 09:02:00 UTC,1,61.65,delivered,accepted,2025-05-26 09:02:17 UTC,
RA2FE0E2BFEF0E,LF219FFE53AF7,P003,2025-06-29 09:28:20 UTC,1,58.09,delivered,accepted,2025-06-29 09:32:40 UTC,
RABDBC06BBCA65,L2B5A6DE9F689,P005,2025-02-23 10:54:25 UTC,1,118.37,delivered,accepted,2025-02-23 10:56:13 UTC,
RA5AD4C6BFB709,LD737FB2195A6,P003,2025-05-30 07:40:23 UTC,1,76.96,delivered,accepted,2025-05-30 07:43:42 UTC,
RAF3CD13A868BD,L68A81FECB0AF,P002,2025-06-25 09:26:26 UTC,1,76.62,delivered,accepted,2025-06-25 09:30:35 UTC,
RAB3FD6E496C5F,L197805CC1199,P010,2025-03-07 16:52:46 UTC,1,61.78,delivered,accepted,2025-03-07 16:54:24 UTC,
RA5C0BBB92AD3F,L5461B131EFF6,P003,2025-03-27 13:39:12 UTC,1,59.61,delivered,accepted,2025-03-27 13:42:23 UTC,
RAF1C3973EF9AD,LFCD5FA53DACA,P010,2025-03-03 22:22:50 UTC,1,72.16,delivered,rejected,2025-03-03 22:25:14 UTC,capacity
RABDAE20D7B1F0,L48810AE13F24,P002,2025-01-25 19:58:20 UTC,1,64.33,delivered,accepted,2025-01-25 19:59:13 UTC,
RAE5F054733E4D,L4088E702F334,P001,2025-06-09 14:55:52 UTC,1,72.49,delivered,no_response,2025-06-09 14:58:28 UTC,quality
RAB43F04D5D507,L116A050381A6,P003,2025-03-19 22:32:08 UTC,1,75.69,delivered,no_response,2025-03-19 22:35:41 UTC,quality
RAA35D401C7929,LB6FC75DAA777,P003,2025-03-11 20:58:33 UTC,1,67.86,delivered,accepted,2025-03-11 21:00:48 UTC,
RA7E0223C1E5E1,L763F59B63EB3,P010,2025-02-16 15:12:09 UTC,1,73.91,delivered,no_response,2025-02-16 15:16:09 UTC,quality
RA2AAC4B9B3197,L763F59B63EB3,P002,2025-02-16 15:12:16 UTC,2,73.25,delivered,accepted,2025-02-16 15:15:39 UTC,
RA30268A4B7EF2,L60F9E911F090,P010,2025-04-22 17:07:28 UTC,1,63.08,delivered,accepted,2025-04-22 17:10:50 UTC,
RAD9C4A3937385,LB6B29A8F41A4,P008,2025-02-06 21:32:39 UTC,1,77.73,delivered,accepted,2025-02-06 21:35:32 UTC,
RA5AF4F7661B8E,LE6EA08299C06,P002,2025-04-04 19:10:54 UTC,1,75.14,delivered,accepted,2025-04-04 19:14:17 UTC,
RAAE2EAB237366,L63DDECDE0F3B,P005,2025-02-04 15:52:52 UTC,1,113.95,delivered,capacity_exceeded,2025-02-04 15:55:00 UTC,quality
RA0346F2DF02EA,L63DDECDE0F3B,P004,2025-02-04 15:52:59 UTC,2,82.97,delivered,accepted,2025-02-04 15:53:49 UTC,
RABBC5710B3FFE,L6E104B32D78E,P010,2025-04-08 13:09:35 UTC,1,74.85,delivered,accepted,2025-04-08 13:13:35 UTC,
RA6BD5015F0988,L3D58855960F4,P003,2025-05-13 21:55:25 UTC,1,60.5,delivered,accepted,2025-05-13 21:59:29 UTC,
RAF02FF40F1225,L9B03EB97DD92,P010,2025-04-24 17:36:56 UTC,1,74.15,delivered,accepted,2025-04-24 17:37:31 UTC,
RAD5ADA0214AC6,L921E32535729,P002,2025-04-11 13:49:02 UTC,1,77.77,delivered,accepted,2025-04-11 13:53:57 UTC,
RA9F5421561354,LE711302F9465,P003,2025-05-08 15:05:01 UTC,1,77.22,delivered,accepted,2025-05-08 15:06:28 UTC,
RA8FBEAE450010,LC50A9FF7FE69,P005,2025-05-10 19:52:22 UTC,1,96.81,delivered,capacity_exceeded,2025-05-10 19:53:51 UTC,quality
RA82F4534BC494,L55741A19BFFD,P006,2025-01-10 15:19:59 UTC,1,118.41,delivered,accepted,2025-01-10 15:23:11 UTC,
RA672EDDAC8A48,L70F5DC126D89,P010,2025-06-30 18:56:44 UTC,1,73.85,delivered,accepted,2025-06-30 18:59:45 UTC,
RAE6A96AE0A645,L72CD424A7A5A,P002,2025-02-28 18:49:17 UTC,1,72.22,delivered,accepted,2025-02-28 18:52:28 UTC,
RAB3A9982143F2,L1E9D2FF8560A,P010,2025-04-04 10:26:49 UTC,1,82.28,delivered,accepted,2025-04-04 10:27:00 UTC,
RAE970CCCB8F4C,LE401D2959C5D,P002,2025-04-04 21:17:37 UTC,1,72.64,delivered,accepted,2025-04-04 21:18:05 UTC,
RAB8B1145DC2A0,LCA4BE2D15EA3,P005,2025-03-18 14:43:45 UTC,1,91.7,delivered,accepted,2025-03-18 14:44:24 UTC,
RA3FFD9046C7D1,L75E5A4B828E6,P010,2025-06-20 10:46:53 UTC,1,77.12,delivered,accepted,2025-06-20 10:50:39 UTC,
RA6A32D5CBEA69,LBEB3351BBFD7,P002,2025-01-29 18:56:12 UTC,1,72.42,delivered,rejected,2025-01-29 19:00:48 UTC,state_not_covered
RACF2343094FFE,LBEB3351BBFD7,P003,2025-01-29 18:56:06 UTC,2,64.26,delivered,rejected,2025-01-29 18:58:19 UTC,quality
RACCCD66B94593,LEE533BD0A308,P003,2025-04-30 22:28:10 UTC,1,61.01,delivered,rejected,2025-04-30 22:30:46 UTC,capacity
RA55E513AE706C,LEE533BD0A308,P002,2025-04-30 22:28:10 UTC,2,71.2,delivered,accepted,2025-04-30 22:32:10 UTC,
RA7E75529900B8,L8183905B8D16,P003,2025-05-18 21:37:11 UTC,1,61.7,delivered,accepted,2025-05-18 21:39:11 UTC,
RA8BCE5D0441D7,LAC8008009849,P001,2025-04-13 11:43:33 UTC,1,67.32,delivered,accepted,2025-04-13 11:46:28 UTC,
RABE45D390C2F4,L07AB9FBB574E,P002,2025-03-22 14:22:51 UTC,1,79.53,delivered,accepted,2025-03-22 14:23:19 UTC,
RA330C4B19AD27,LC9049E3B4B2C,P005,2025-05-08 21:27:36 UTC,1,104.02,delivered,accepted,2025-05-08 21:29:32 UTC,
RA94512ED4A60E,LC3464E7C04DF,P003,2025-01-29 20:12:52 UTC,1,69.33,delivered,accepted,2025-01-29 20:17:48 UTC,
RA9FB210BCBE3D,L4AA563AEDCF8,P005,2025-02-06 17:02:45 UTC,1,94.09,delivered,rejected,2025-02-06 17:03:39 UTC,capacity
RA79786B3CB323,LCAA2BF651692,P010,2025-06-16 14:06:52 UTC,1,81.66,delivered,rejected,2025-06-16 14:08:15 UTC,price_too_low
RA0DBD5E78189F,L43226DB289D8,P001,2025-04-17 20:40:27 UTC,1,56.39,delivered,accepted,2025-04-17 20:44:36 UTC,
RA4A77937E2EF1,L07C2A38243B8,P002,2025-04-22 19:37:06 UTC,1,75.69,delivered,accepted,2025-04-22 19:38:02 UTC,
RA047FFAE3FC70,L479660E9A781,P010,2025-02-10 22:27:27 UTC,1,61.52,delivered,accepted,2025-02-10 22:28:52 UTC,
RAF3A4A8D60820,LFBC2FEED18A4,P002,2025-01-20 23:08:57 UTC,1,70.74,delivered,accepted,2025-01-20 23:13:13 UTC,
RA49BBEE72260B,LF4705639DC0F,P006,2025-02-13 18:09:53 UTC,1,113.75,delivered,capacity_exceeded,2025-02-13 18:11:28 UTC,capacity
RACF401424E5F5,L3422ACFB9C09,P005,2025-05-10 17:39:29 UTC,1,105.05,delivered,capacity_exceeded,2025-05-10 17:42:43 UTC,quality
RA2B914E1F6666,L6AD38E699A9D,P010,2025-06-30 08:05:21 UTC,1,71.2,delivered,accepted,2025-06-30 08:08:33 UTC,
RAB268F536EC2D,L4689F922A979,P002,2025-03-18 18:43:31 UTC,1,65.01,delivered,accepted,2025-03-18 18:46:00 UTC,
RA1F6C178B1403,LAFB81D99D812,P002,2025-05-28 17:06:15 UTC,1,80.05,delivered,capacity_exceeded,2025-05-28 17:08:27 UTC,capacity
RAFA1796B45210,L5749B7D7040E,P001,2025-02-10 13:55:59 UTC,1,71.76,delivered,accepted,2025-02-10 13:57:56 UTC,
RA7F92B57DB49B,LD61A9DC336BF,P003,2025-06-03 15:38:56 UTC,1,70.14,delivered,capacity_exceeded,2025-06-03 15:40:43 UTC,state_not_covered
RAC92727C115B2,LB86BE18A1975,P003,2025-06-12 16:17:17 UTC,1,57.91,delivered,accepted,2025-06-12 16:18:52 UTC,
RA607C440ECF21,L6D10960978FB,P010,2025-05-21 19:10:27 UTC,1,82.12,delivered,capacity_exceeded,2025-05-21 19:13:58 UTC,state_not_covered
RAAE9C187C1ECF,L6D10960978FB,P002,2025-05-21 19:10:06 UTC,2,85.58,delivered,accepted,2025-05-21 19:13:33 UTC,
RA5038F3C80042,LF97D4AE05BEA,P003,2025-01-24 16:08:52 UTC,1,73.04,delivered,rejected,2025-01-24 16:11:41 UTC,price_too_low
RAEFAD23AE90E4,LF97D4AE05BEA,P010,2025-01-24 16:08:36 UTC,2,78.27,delivered,no_response,2025-01-24 16:10:23 UTC,state_not_covered
RADD0896EE15FD,LF97D4AE05BEA,P009,2025-01-24 16:08:12 UTC,3,55.18,delivered,accepted,2025-01-24 16:08:54 UTC,
RA68079136A2D5,L53629DF3A182,P006,2025-05-29 14:35:32 UTC,1,121.79,delivered,accepted,2025-05-29 14:40:05 UTC,
RA3B434A16C0D9,LF7FA1C16D11D,P002,2025-03-06 08:04:13 UTC,1,66.03,delivered,no_response,2025-03-06 08:05:17 UTC,quality
RA825F794D29BD,L2D9DEAAEBD8F,P004,2025-06-11 09:23:12 UTC,1,84.08,delivered,rejected,2025-06-11 09:25:39 UTC,capacity
RA87D78FBC070F,LFF0153BC66ED,P010,2025-01-05 08:47:06 UTC,1,67.22,delivered,no_response,2025-01-05 08:51:50 UTC,price_too_low
RAD6A79FB9908B,LFF0153BC66ED,P003,2025-01-05 08:47:19 UTC,2,61.52,delivered,rejected,2025-01-05 08:51:32 UTC,capacity
RAF66EA9B078AE,L608B950309EE,P005,2025-02-24 18:12:37 UTC,1,105.82,delivered,accepted,2025-02-24 18:17:36 UTC,
RAD5781D510BAB,LD3B55F43B5A2,P010,2025-04-01 14:46:45 UTC,1,82.57,delivered,rejected,2025-04-01 14:51:27 UTC,state_not_covered
RA2394EE168F78,LD3B55F43B5A2,P002,2025-04-01 14:46:41 UTC,2,85.7,delivered,accepted,2025-04-01 14:50:27 UTC,
RAC681622E6632,L7823EEEDDEBF,P003,2025-02-02 17:59:45 UTC,1,57.89,delivered,capacity_exceeded,2025-02-02 18:01:58 UTC,price_too_low
RAE60AD8559051,L7823EEEDDEBF,P002,2025-02-02 17:59:44 UTC,2,71.82,delivered,accepted,2025-02-02 18:02:19 UTC,
RA2BDD7B5AB3A3,LB98D02BB6A9F,P010,2025-03-17 16:33:48 UTC,1,74.35,delivered,rejected,2025-03-17 16:35:14 UTC,capacity
RA90A1130746D7,LB98D02BB6A9F,P002,2025-03-17 16:34:02 UTC,2,73.92,delivered,accepted,2025-03-17 16:38:02 UTC,
RA5E1BA1C98608,L1D6FA1703FB5,P010,2025-02-11 15:52:02 UTC,1,78.4,delivered,accepted,2025-02-11 15:53:10 UTC,
RA83B1ABC736C1,LFCBC07AD381E,P003,2025-03-07 19:42:08 UTC,1,71.52,delivered,accepted,2025-03-07 19:42:33 UTC,
RA93A78694053A,L773E1EA78896,P001,2025-04-22 15:02:34 UTC,1,74.0,delivered,accepted,2025-04-22 15:04:07 UTC,
RA7D7D66DC4B1E,L6FD2654F4500,P001,2025-06-30 22:47:08 UTC,1,61.22,delivered,rejected,2025-06-30 22:48:32 UTC,capacity
RA2DD9724B3D26,L6FD2654F4500,P002,2025-06-30 22:47:17 UTC,2,72.26,delivered,accepted,2025-06-30 22:48:03 UTC,
RA682E08F8E977,L6B408103B409,P010,2025-04-01 15:40:24 UTC,1,66.62,delivered,rejected,2025-04-01 15:40:43 UTC,price_too_low
RAD990EF315060,L6B408103B409,P003,2025-04-01 15:40:11 UTC,2,68.42,delivered,rejected,2025-04-01 15:43:53 UTC,capacity
RA5B788D2DF232,L0BB1B63FAD73,P002,2025-03-19 13:04:27 UTC,1,67.53,delivered,accepted,2025-03-19 13:09:10 UTC,
RA2FA941D3DAC5,L8BC16CD9F066,P005,2025-01-05 16:38:38 UTC,1,98.99,delivered,accepted,2025-01-05 16:41:46 UTC,
RAD737C2019189,L3183883BBB67,P005,2025-05-09 12:39:08 UTC,1,117.83,delivered,accepted,2025-05-09 12:39:32 UTC,
RAB9A3B6D91C9D,LDC112BC07A95,P003,2025-05-05 21:40:46 UTC,1,59.59,delivered,no_response,2025-05-05 21:44:02 UTC,price_too_low
RA11868BE8E6AB,LDC112BC07A95,P002,2025-05-05 21:40:32 UTC,2,68.64,delivered,accepted,2025-05-05 21:42:43 UTC,
RA57C2007DB560,L9CBADCB9D42D,P003,2025-06-16 22:50:05 UTC,1,61.76,delivered,rejected,2025-06-16 22:54:31 UTC,state_not_covered
RA1F435D0EDD0D,L9CBADCB9D42D,P002,2025-06-16 22:50:34 UTC,2,68.78,delivered,accepted,2025-06-16 22:51:22 UTC,
RA63A8E6B3D722,LDDFB4405A815,P003,2025-01-22 14:26:01 UTC,1,62.71,delivered,accepted,2025-01-22 14:27:05 UTC,
RAD1CBA7D2E82D,LCB3CFD2DB214,P003,2025-05-28 22:07:07 UTC,1,63.12,delivered,accepted,2025-05-28 22:10:53 UTC,
RA818FA6F58558,L74D8A7900F1C,P004,2025-05-08 22:22:04 UTC,1,87.55,delivered,accepted,2025-05-08 22:24:22 UTC,
RABFCD237EBF2D,LBE3157DA7C1B,P003,2025-02-02 09:52:28 UTC,1,63.17,delivered,rejected,2025-02-02 09:55:35 UTC,price_too_low
RA0C5DB978E0E3,L579F9776469E,P001,2025-02-18 22:25:53 UTC,1,56.62,delivered,accepted,2025-02-18 22:30:20 UTC,
RAE66C1E8DF170,LB4E3E2D73A33,P008,2025-04-08 21:20:56 UTC,1,83.82,delivered,accepted,2025-04-08 21:25:51 UTC,
RA17937ABD3566,L45AE80649673,P002,2025-02-16 23:11:50 UTC,1,68.03,delivered,accepted,2025-02-16 23:14:57 UTC,
RA0C6C8BDBF2AC,LA70F0F3D7D04,P009,2025-04-18 19:58:09 UTC,1,55.04,delivered,accepted,2025-04-18 19:59:57 UTC,
RAB26EC9721E02,L5C1840E4D559,P002,2025-04-23 20:46:38 UTC,1,64.5,delivered,accepted,2025-04-23 20:47:22 UTC,
RA8A41B4ABC146,L86177E6DC9B1,P009,2025-04-20 12:16:17 UTC,1,56.48,delivered,accepted,2025-04-20 12:18:16 UTC,
RA8EB099C0363F,L40E8CD101973,P010,2025-02-12 09:32:05 UTC,1,61.39,delivered,accepted,2025-02-12 09:35:07 UTC,
RA5C34F62E182D,LA2A6AAC6F872,P002,2025-02-14 17:55:48 UTC,1,81.39,delivered,accepted,2025-02-14 17:59:33 UTC,
RAF9C7D635CF64,LF71741D9E4D8,P005,2025-01-26 21:27:45 UTC,1,113.35,delivered,accepted,2025-01-26 21:27:58 UTC,
RA24FD52758EDC,L573166635936,P010,2025-03-14 10:34:12 UTC,1,64.3,delivered,accepted,2025-03-14 10:37:57 UTC,
RA51DF0E0FDACC,LB558260D0626,P007,2025-04-08 18:27:04 UTC,1,124.99,delivered,rejected,2025-04-08 18:30:26 UTC,quality
RA82DA987CAD69,LCFD48B8D6712,P007,2025-02-26 10:20:40 UTC,1,122.66,delivered,accepted,2025-02-26 10:23:03 UTC,
RA4932A02C464B,LF24D022CB732,P005,2025-04-06 22:34:51 UTC,1,93.22,delivered,accepted,2025-04-06 22:36:41 UTC,
RA5900263CB133,LE9757BCB9351,P004,2025-03-16 13:52:28 UTC,1,92.75,delivered,capacity_exceeded,2025-03-16 13:54:21 UTC,price_too_low
RA1DEC4AE69976,L9470F25E3E74,P002,2025-02-05 22:46:36 UTC,1,70.14,delivered,accepted,2025-02-05 22:51:14 UTC,
RA56D87F699546,LDEADD949A90F,P002,2025-06-15 17:22:53 UTC,1,78.29,delivered,accepted,2025-06-15 17:23:16 UTC,
RADC0500CA766D,L06F775AE0599,P001,2025-05-10 18:17:30 UTC,1,57.04,delivered,accepted,2025-05-10 18:17:57 UTC,
RA31D5B60F587A,L4950625B35BC,P002,2025-01-13 21:36:52 UTC,1,72.9,delivered,capacity_exceeded,2025-01-13 21:38:57 UTC,quality
RA5B63E291EAC4,L4950625B35BC,P001,2025-01-13 21:37:20 UTC,2,66.39,delivered,rejected,2025-01-13 21:39:42 UTC,state_not_covered
RA22390BE13EB1,L7C6E37C5F4E6,P003,2025-05-10 09:16:45 UTC,1,59.13,delivered,accepted,2025-05-10 09:19:53 UTC,
RA2B0C430D90F9,L957B30BE24C6,P009,2025-03-06 10:27:50 UTC,1,50.78,delivered,accepted,2025-03-06 10:30:07 UTC,
RA622EC74DECA5,LDD348C54ABA2,P010,2025-06-15 08:22:37 UTC,1,76.8,delivered,accepted,2025-06-15 08:26:49 UTC,
RA76209C389075,LD1320D10E4B8,P001,2025-05-24 11:43:09 UTC,1,67.41,delivered,accepted,2025-05-24 11:46:10 UTC,
RABEEFB51F4D70,L66A54BE33D4D,P002,2025-01-24 15:30:37 UTC,1,72.43,delivered,no_response,2025-01-24 15:32:06 UTC,price_too_low
RA1DBC4850383E,L9D4813B42EE8,P001,2025-03-22 18:11:19 UTC,1,67.37,delivered,accepted,2025-03-22 18:12:35 UTC,
RAC268B0D9DED0,LA80514C2E304,P002,2025-02-05 07:25:07 UTC,1,73.02,delivered,capacity_exceeded,2025-02-05 07:26:52 UTC,capacity
RAD71E87340CAC,LA80514C2E304,P003,2025-02-05 07:25:36 UTC,2,60.46,delivered,rejected,2025-02-05 07:27:04 UTC,price_too_low
RA3B5766D75E76,L93F444EC56CD,P010,2025-02-04 14:25:23 UTC,1,71.42,delivered,accepted,2025-02-04 14:26:02 UTC,
RABE82610780C4,LB231276898BB,P008,2025-04-20 12:40:30 UTC,1,84.01,delivered,accepted,2025-04-20 12:43:36 UTC,
RA3D6FBF612AD3,L948959E2D31E,P003,2025-03-08 22:54:32 UTC,1,68.91,delivered,no_response,2025-03-08 22:59:11 UTC,state_not_covered
RA17A63B6EBBCC,L3891AAC5079E,P009,2025-06-06 17:25:53 UTC,1,62.3,delivered,accepted,2025-06-06 17:28:55 UTC,
RA4C992C358266,L70E4A4B1BCD0,P004,2025-04-29 22:15:20 UTC,1,93.27,delivered,accepted,2025-04-29 22:18:58 UTC,
RA3F62002DF19F,L73EBE9FC568C,P002,2025-04-20 18:41:16 UTC,1,77.86,delivered,capacity_exceeded,2025-04-20 18:44:24 UTC,price_too_low
RAB3D4D5BDA59B,L73EBE9FC568C,P010,2025-04-20 18:41:09 UTC,2,74.92,delivered,accepted,2025-04-20 18:42:24 UTC,
RAEAC76275E2D9,L17AF89D32FE8,P010,2025-05-19 12:38:54 UTC,1,66.14,delivered,accepted,2025-05-19 12:43:22 UTC,
RA092B008D9C8B,LDE05F4AE4AB3,P010,2025-02-19 19:45:48 UTC,1,81.32,delivered,rejected,2025-02-19 19:49:02 UTC,capacity
RAD75391B066EA,LDE05F4AE4AB3,P003,2025-02-19 19:45:05 UTC,2,72.39,delivered,accepted,2025-02-19 19:50:05 UTC,
RA32CB9C1C76A6,L2D07E0654506,P003,2025-02-09 14:34:25 UTC,1,60.07,delivered,accepted,2025-02-09 14:35:15 UTC,
RA8DD30C0B9FAF,LEAB8371BF7C3,P003,2025-04-13 12:29:53 UTC,1,67.77,delivered,accepted,2025-04-13 12:34:26 UTC,
RAD2810D03DA63,LED8ECED0C196,P010,2025-02-03 10:06:59 UTC,1,73.5,delivered,accepted,2025-02-03 10:11:05 UTC,
RA51020D649772,LC91BE05C5609,P010,2025-05-05 16:34:13 UTC,1,63.39,delivered,accepted,2025-05-05 16:37:12 UTC,
RA8429884176EB,L27EBCFDC7921,P002,2025-01-29 07:22:19 UTC,1,84.82,delivered,accepted,2025-01-29 07:23:36 UTC,
RAF5D840CEF3CB,LC5F729C73684,P002,2025-06-06 19:42:28 UTC,1,71.31,delivered,rejected,2025-06-06 19:44:31 UTC,state_not_covered
RAF44973DF89FA,LC5F729C73684,P003,2025-06-06 19:42:17 UTC,2,73.1,delivered,no_response,2025-06-06 19:46:07 UTC,state_not_covered
RAD4F5EFCC5F24,LBF4A93786821,P004,2025-06-30 19:29:35 UTC,1,96.82,delivered,accepted,2025-06-30 19:30:21 UTC,
RA8626E07B3F14,L5E615BA976C1,P005,2025-06-04 08:38:34 UTC,1,104.77,delivered,capacity_exceeded,2025-06-04 08:40:18 UTC,price_too_low
RA37DD88B20BB9,L338D285ACD09,P008,2025-06-03 09:13:36 UTC,1,72.94,delivered,accepted,2025-06-03 09:18:00 UTC,
RA98C5E88635AF,LC6410287C32A,P005,2025-06-21 18:12:45 UTC,1,99.02,delivered,capacity_exceeded,2025-06-21 18:14:39 UTC,capacity
RADBCDB71A0879,L9674C62105CD,P010,2025-04-05 08:58:55 UTC,1,72.51,delivered,accepted,2025-04-05 09:03:45 UTC,
RA40ADEE0BEE30,L5659279B427D,P001,2025-02-02 09:04:41 UTC,1,71.04,delivered,accepted,2025-02-02 09:05:10 UTC,
RA7623A21794A5,L890E9088DE6F,P005,2025-04-23 13:55:07 UTC,1,117.79,delivered,accepted,2025-04-23 13:58:33 UTC,
RAF03258CE106D,L1605475B0BCE,P001,2025-01-14 21:04:26 UTC,1,72.27,delivered,accepted,2025-01-14 21:07:34 UTC,
RAA79BC4D25059,LCDF33DBAF81C,P007,2025-06-23 21:00:55 UTC,1,128.56,delivered,accepted,2025-06-23 21:03:04 UTC,
RAC75E6E33B975,L92CDB32F855A,P005,2025-01-10 21:56:53 UTC,1,118.84,delivered,accepted,2025-01-10 22:01:15 UTC,
RAF7340C2F7B87,LE1C0E9C61C0B,P002,2025-04-02 10:33:10 UTC,1,76.64,delivered,accepted,2025-04-02 10:38:01 UTC,
RAA073AE206E8E,L3697832A06D5,P010,2025-01-02 08:25:53 UTC,1,67.49,delivered,accepted,2025-01-02 08:28:36 UTC,
RAF46FD3FBC882,L1C0FDFCE58CD,P002,2025-06-25 07:40:14 UTC,1,70.07,delivered,accepted,2025-06-25 07:44:36 UTC,
RA12B97621FC02,LB6F75B36298D,P005,2025-05-08 17:25:32 UTC,1,89.34,delivered,accepted,2025-05-08 17:30:23 UTC,
RA0FC5579FEE13,L9445AB683365,P002,2025-01-25 20:58:14 UTC,1,77.08,delivered,accepted,2025-01-25 21:02:55 UTC,
RA799275CDC31E,LEDEEE69A6091,P010,2025-05-15 09:43:49 UTC,1,71.13,delivered,accepted,2025-05-15 09:46:32 UTC,
RA8E6A0C31A2C0,LC3F8F08AA3F1,P010,2025-02-26 11:16:22 UTC,1,63.1,delivered,accepted,2025-02-26 11:18:27 UTC,
RA7960A1B8B2E1,L21BB5208E898,P010,2025-04-04 09:48:52 UTC,1,73.28,delivered,accepted,2025-04-04 09:53:02 UTC,
RA88279588524A,L545D3B509DF7,P009,2025-02-26 10:33:59 UTC,1,61.83,delivered,accepted,2025-02-26 10:35:29 UTC,
RA0D65C12B6F8F,L63144B360036,P010,2025-06-01 22:51:01 UTC,1,68.93,delivered,accepted,2025-06-01 22:53:20 UTC,
RA8A3EA5EF2C48,L17D2C8884817,P007,2025-02-11 18:10:50 UTC,1,116.15,delivered,accepted,2025-02-11 18:15:23 UTC,
RAAB5DE30540D3,LD6E43FF19C0C,P003,2025-03-15 10:24:20 UTC,1,64.83,delivered,accepted,2025-03-15 10:25:14 UTC,
RA81551B8D1FFB,L003A975BCCE0,P003,2025-01-30 21:53:47 UTC,1,59.82,delivered,accepted,2025-01-30 21:56:23 UTC,
RAB7185185710E,LC93559693D63,P009,2025-03-19 20:11:25 UTC,1,53.87,delivered,no_response,2025-03-19 20:12:55 UTC,price_too_low
RA23C8DEA79410,LC93559693D63,P003,2025-03-19 20:11:03 UTC,2,61.26,delivered,no_response,2025-03-19 20:13:15 UTC,quality
RA273A27CB65B3,L546B488F4D81,P010,2025-04-23 10:51:09 UTC,1,64.76,delivered,accepted,2025-04-23 10:55:47 UTC,
RA4524F26A9252,L6EF90A0B8327,P010,2025-05-28 09:35:29 UTC,1,65.52,delivered,accepted,2025-05-28 09:35:59 UTC,
RAD113131753B4,L54FDEFC0E4E0,P009,2025-05-14 15:49:57 UTC,1,56.78,delivered,rejected,2025-05-14 15:51:42 UTC,state_not_covered
RA1A68B1EE7CF5,LDB2A9E75897B,P009,2025-03-05 20:31:20 UTC,1,53.4,delivered,accepted,2025-03-05 20:35:21 UTC,
RA3EC8140E3625,L7C33877C66BE,P010,2025-04-08 17:19:54 UTC,1,66.39,delivered,accepted,2025-04-08 17:20:18 UTC,
RA2EB6E451A727,LCCE4A7F0AB61,P010,2025-05-11 13:24:01 UTC,1,78.88,delivered,accepted,2025-05-11 13:26:47 UTC,
RA50EB1676AF8E,LBC8F0B44709D,P009,2025-01-11 17:19:56 UTC,1,54.45,delivered,rejected,2025-01-11 17:23:58 UTC,capacity
RAE6FBC7185BCC,LBC8F0B44709D,P001,2025-01-11 17:19:53 UTC,2,58.28,delivered,capacity_exceeded,2025-01-11 17:22:29 UTC,quality
RA1168F624D23D,LEA80A131F506,P005,2025-03-03 19:39:23 UTC,1,105.33,delivered,accepted,2025-03-03 19:41:59 UTC,
RA0E59C7593033,L9E65FF497CB7,P002,2025-05-10 11:59:15 UTC,1,80.81,delivered,accepted,2025-05-10 11:59:29 UTC,
RA5480723C8744,L7C724ACEFFCF,P010,2025-01-18 10:57:32 UTC,1,66.68,delivered,accepted,2025-01-18 10:57:42 UTC,
RAB7F884051F3D,LBC9D4AFAD849,P010,2025-05-26 07:31:18 UTC,1,72.32,delivered,accepted,2025-05-26 07:31:55 UTC,
RAF1BF748306CA,L7A3688AF703B,P005,2025-03-29 12:17:35 UTC,1,116.98,delivered,accepted,2025-03-29 12:21:32 UTC,
RAB5DC8085B315,LC56C1A0FE9F7,P005,2025-06-04 10:14:04 UTC,1,103.12,delivered,no_response,2025-06-04 10:16:31 UTC,price_too_low
RA21BC71AE604C,L3F1F87C725D9,P010,2025-06-17 11:11:33 UTC,1,73.27,delivered,accepted,2025-06-17 11:12:44 UTC,
RA08CD25577634,L96CED0F74CAF,P004,2025-01-13 15:43:58 UTC,1,93.6,delivered,rejected,2025-01-13 15:44:26 UTC,capacity
RAE0D99E1F50B7,L616AC3C6AA1D,P002,2025-02-06 14:00:25 UTC,1,64.35,delivered,accepted,2025-02-06 14:03:51 UTC,
RAAE055F4E6126,L6B423FFFD650,P002,2025-04-27 10:56:28 UTC,1,65.89,delivered,no_response,2025-04-27 10:57:42 UTC,capacity
RA4C3782F1C366,LBA629A38E98A,P010,2025-03-06 12:01:54 UTC,1,80.75,delivered,accepted,2025-03-06 12:02:46 UTC,
RA7664694EF4BE,LB4D1803048C5,P004,2025-03-03 07:23:40 UTC,1,106.02,delivered,accepted,2025-03-03 07:26:40 UTC,
RAC12D3AA72FF4,L34F2BE261064,P010,2025-01-20 12:11:41 UTC,1,78.34,delivered,accepted,2025-01-20 12:14:02 UTC,
RA39B151E6CCCB,LE388A038D0D1,P008,2025-06-05 19:17:26 UTC,1,85.28,delivered,accepted,2025-06-05 19:19:06 UTC,
RA9620DC240612,L4C78D447A003,P008,2025-03-22 23:15:11 UTC,1,74.5,delivered,accepted,2025-03-22 23:15:58 UTC,
RA3C8D4641B1E2,L18F8472DCA48,P003,2025-02-10 15:33:53 UTC,1,63.18,delivered,no_response,2025-02-10 15:38:17 UTC,capacity
RAE7A8D07FC00D,L4292B57170D2,P003,2025-01-30 15:19:28 UTC,1,75.61,delivered,accepted,2025-01-30 15:21:56 UTC,
RA3C3BAC962041,LE0F1191C313C,P003,2025-06-30 19:05:12 UTC,1,68.41,delivered,accepted,2025-06-30 19:09:35 UTC,
RA4CF9C9F66FA8,LAFF51B511D01,P002,2025-05-23 14:49:00 UTC,1,84.52,delivered,capacity_exceeded,2025-05-23 14:51:19 UTC,quality
RA601486709A12,LA20C1867CCFA,P010,2025-02-06 09:59:02 UTC,1,78.19,delivered,accepted,2025-02-06 10:01:51 UTC,
RA71075A9BCB12,L177F82864681,P002,2025-01-22 12:59:40 UTC,1,64.9,delivered,accepted,2025-01-22 13:00:50 UTC,
RA1DB99FB8C8CF,L9BFF005E1368,P003,2025-05-25 16:15:22 UTC,1,68.95,delivered,accepted,2025-05-25 16:15:54 UTC,
RAD12F160E8705,LDE48439CD177,P010,2025-05-25 09:21:30 UTC,1,74.79,delivered,accepted,2025-05-25 09:25:25 UTC,
RA896BF7620238,LA51486E6DFDE,P008,2025-06-16 22:49:02 UTC,1,82.11,delivered,accepted,2025-06-16 22:52:03 UTC,
RA5B7FC06DAA46,LE649D56C3311,P003,2025-02-09 18:28:38 UTC,1,73.78,delivered,rejected,2025-02-09 18:29:55 UTC,capacity
RA6E18CE837CB4,L737884CE3DB5,P010,2025-01-20 18:24:51 UTC,1,73.02,delivered,accepted,2025-01-20 18:25:24 UTC,
RAB292D70D89CD,L7D0C5748C9D3,P001,2025-04-30 10:47:46 UTC,1,66.78,delivered,accepted,2025-04-30 10:52:07 UTC,
RA0F0B7E33DD56,L8D7DD7A59896,P003,2025-03-28 18:03:11 UTC,1,62.79,delivered,accepted,2025-03-28 18:07:26 UTC,
RAD5B6E4929D24,LC5191054D06A,P003,2025-01-02 21:25:46 UTC,1,57.89,delivered,rejected,2025-01-02 21:26:53 UTC,price_too_low
RAEF7BBDD7D71D,L6F138D06D24B,P003,2025-01-06 16:23:09 UTC,1,74.29,delivered,accepted,2025-01-06 16:26:29 UTC,
RAEA015D0E2861,LBFC61B7867CE,P010,2025-02-14 12:41:05 UTC,1,64.55,delivered,accepted,2025-02-14 12:42:22 UTC,
RA73360AB1E309,L96C251C92DF6,P002,2025-01-13 11:28:47 UTC,1,86.24,delivered,accepted,2025-01-13 11:31:09 UTC,
RA94F3C6F434B5,L6CD1B3D0A708,P003,2025-03-30 20:58:40 UTC,1,60.94,delivered,no_response,2025-03-30 20:59:39 UTC,capacity
RA56F0249CDD51,L6CD1B3D0A708,P002,2025-03-30 20:58:47 UTC,2,79.61,delivered,accepted,2025-03-30 21:03:00 UTC,
RAC9AC342A601D,LCC0D40DDA491,P005,2025-04-09 21:59:23 UTC,1,105.1,delivered,accepted,2025-04-09 22:02:20 UTC,
RA06495A04FE3D,L25DDED23583C,P009,2025-03-12 23:06:55 UTC,1,54.86,delivered,accepted,2025-03-12 23:11:23 UTC,
RAA6F041679671,L01CFEACADD80,P009,2025-06-18 21:57:49 UTC,1,54.41,delivered,rejected,2025-06-18 22:00:19 UTC,state_not_covered
RA50386A63E761,L01CFEACADD80,P002,2025-06-18 21:57:37 UTC,2,79.35,delivered,accepted,2025-06-18 21:58:12 UTC,
RA1CD68FA3B936,L5C2ACF2BEE3E,P003,2025-02-15 17:30:44 UTC,1,76.8,delivered,no_response,2025-02-15 17:33:12 UTC,capacity
RA97D507657F94,L5C2ACF2BEE3E,P009,2025-02-15 17:30:58 UTC,2,53.96,delivered,no_response,2025-02-15 17:31:13 UTC,price_too_low
RAD44DAAD6B57A,LAC5DAA4DA5DB,P005,2025-02-23 12:14:39 UTC,1,115.49,delivered,rejected,2025-02-23 12:17:31 UTC,price_too_low
RA2D312110C789,LBF6B18F13B85,P001,2025-06-17 10:57:43 UTC,1,59.35,delivered,accepted,2025-06-17 10:58:10 UTC,
RA112CA9F52968,LF32C36DEDB39,P010,2025-02-02 15:47:09 UTC,1,72.87,delivered,no_response,2025-02-02 15:48:46 UTC,quality
RA4DCAD5364AE3,LF32C36DEDB39,P003,2025-02-02 15:47:28 UTC,2,67.1,delivered,rejected,2025-02-02 15:52:15 UTC,state_not_covered
RA795A2203DD9E,L2A99AB3C5059,P002,2025-04-21 13:47:14 UTC,1,67.22,delivered,accepted,2025-04-21 13:49:02 UTC,
RAE9280D6DB9A0,LF3C872818ECB,P010,2025-03-23 12:52:05 UTC,1,78.13,delivered,accepted,2025-03-23 12:56:48 UTC,
RA399754F79705,LC2BA713D7C6B,P001,2025-04-06 16:03:40 UTC,1,74.1,delivered,accepted,2025-04-06 16:05:47 UTC,
RA71C562E426AB,L45FA8B278AF4,P003,2025-05-22 13:08:35 UTC,1,59.08,delivered,rejected,2025-05-22 13:11:53 UTC,state_not_covered
RA9FCEE706E017,L64F9DF5E4A69,P005,2025-03-04 22:41:06 UTC,1,115.75,delivered,accepted,2025-03-04 22:43:42 UTC,
RA779B89599A4F,L64A4A9EB24C2,P005,2025-05-23 15:43:10 UTC,1,89.7,delivered,accepted,2025-05-23 15:48:02 UTC,
RA09937A37A2AE,LE3164E1CC28E,P009,2025-04-24 11:19:56 UTC,1,63.09,delivered,capacity_exceeded,2025-04-24 11:20:27 UTC,price_too_low
RABC59ABF35281,LE3164E1CC28E,P001,2025-04-24 11:20:04 UTC,2,67.26,delivered,accepted,2025-04-24 11:21:30 UTC,
RA11E8F7B3EB9D,L773EC02FBE3C,P001,2025-02-22 22:37:49 UTC,1,57.07,delivered,rejected,2025-02-22 22:38:35 UTC,quality
RAD49E2E88A141,L773EC02FBE3C,P009,2025-02-22 22:37:36 UTC,2,52.8,delivered,no_response,2025-02-22 22:40:28 UTC,capacity
RA94F8E3234BE4,L82494BFE1088,P003,2025-03-21 16:41:46 UTC,1,74.62,delivered,accepted,2025-03-21 16:45:41 UTC,
RA7C9513FECBA3,L60181780AE1B,P010,2025-01-07 16:53:28 UTC,1,79.09,delivered,accepted,2025-01-07 16:57:55 UTC,
RA454EB611D1F4,L63BC95A72838,P003,2025-04-05 09:32:54 UTC,1,65.28,delivered,accepted,2025-04-05 09:33:30 UTC,
RA72C243956B1F,LF73D66A6AEF6,P010,2025-05-30 21:41:44 UTC,1,67.49,delivered,accepted,2025-05-30 21:45:58 UTC,
RAC9EBF86CE906,LBDF1BE60DB31,P002,2025-01-24 09:28:28 UTC,1,66.33,delivered,capacity_exceeded,2025-01-24 09:31:31 UTC,state_not_covered
RA6C5F700ADB99,LBDF1BE60DB31,P003,2025-01-24 09:28:44 UTC,2,64.27,delivered,accepted,2025-01-24 09:33:43 UTC,
RA33665A1FDEF1,L9753402F7064,P010,2025-04-04 12:43:57 UTC,1,79.59,delivered,rejected,2025-04-04 12:45:11 UTC,quality
RAE4DDD479C78A,L7190AEE5A27A,P009,2025-03-02 14:11:40 UTC,1,59.63,delivered,accepted,2025-03-02 14:12:51 UTC,
RA529DF909F968,LC1F5207866BA,P004,2025-03-07 21:57:00 UTC,1,94.53,delivered,accepted,2025-03-07 22:00:24 UTC,
RADC9C72ED95EB,LB9FF0726FF72,P002,2025-06-16 22:05:10 UTC,1,73.86,delivered,capacity_exceeded,2025-06-16 22:07:39 UTC,state_not_covered
RA6B6D837DF96B,LB9FF0726FF72,P003,2025-06-16 22:04:51 UTC,2,67.76,delivered,accepted,2025-06-16 22:06:51 UTC,
RA63508CB114E0,L2D4776C161EB,P002,2025-01-30 22:42:30 UTC,1,71.37,delivered,accepted,2025-01-30 22:45:18 UTC,
RA1811A6DEB9EB,L80075DE67F83,P010,2025-02-22 12:05:29 UTC,1,62.71,delivered,accepted,2025-02-22 12:08:38 UTC,
RAD1DC3335A307,L1D8047343DBB,P003,2025-02-26 12:38:08 UTC,1,71.91,delivered,accepted,2025-02-26 12:40:30 UTC,
RAE746CA1E4522,LADEA7B2454BE,P002,2025-02-26 15:31:19 UTC,1,66.58,delivered,accepted,2025-02-26 15:31:34 UTC,
RA32C3A9F9AFE0,LB3EB80A60B74,P003,2025-03-20 10:21:34 UTC,1,62.23,delivered,accepted,2025-03-20 10:26:11 UTC,
RABE9D82FAB8CB,L830248AEB1B9,P005,2025-05-08 11:06:37 UTC,1,102.85,delivered,accepted,2025-05-08 11:11:01 UTC,
RADD76F6DC30EC,LBE13065582C7,P005,2025-04-12 08:53:23 UTC,1,95.23,delivered,accepted,2025-04-12 08:55:46 UTC,
RAF69EE78C9B96,LBAAD7AFADB1A,P003,2025-01-28 17:54:57 UTC,1,66.06,delivered,accepted,2025-01-28 17:58:55 UTC,
RA28E4731DC552,L7AB41ACCF111,P008,2025-06-27 18:40:54 UTC,1,67.67,delivered,capacity_exceeded,2025-06-27 18:42:09 UTC,state_not_covered
RA996058624277,L2C7B0D8E8B57,P001,2025-06-22 17:49:47 UTC,1,69.28,delivered,accepted,2025-06-22 17:51:09 UTC,
RAC9D0EBD44118,L953B666A0683,P009,2025-04-04 07:50:35 UTC,1,58.6,delivered,accepted,2025-04-04 07:53:09 UTC,
RAE1C6B3D76DC0,L8E5569536B93,P003,2025-04-05 11:42:02 UTC,1,62.71,delivered,accepted,2025-04-05 11:42:12 UTC,
RAEF7524D956FC,L36499AE524DB,P007,2025-02-21 17:12:18 UTC,1,143.64,delivered,accepted,2025-02-21 17:13:41 UTC,
RA3F1D27CAF50A,LE97ECD8E6166,P009,2025-06-16 11:47:40 UTC,1,57.74,delivered,accepted,2025-06-16 11:47:54 UTC,
RA1400E3543636,L10AF4EBF951D,P010,2025-03-29 20:29:42 UTC,1,78.52,delivered,rejected,2025-03-29 20:33:39 UTC,capacity
RA09268485912E,L10AF4EBF951D,P003,2025-03-29 20:29:16 UTC,2,70.35,delivered,no_response,2025-03-29 20:33:44 UTC,capacity
RAC0B4653C392D,LB887E059A61B,P010,2025-03-29 15:48:18 UTC,1,75.02,delivered,capacity_exceeded,2025-03-29 15:52:33 UTC,quality
RAA487C5B69BC4,LB887E059A61B,P003,2025-03-29 15:48:12 UTC,2,72.64,delivered,rejected,2025-03-29 15:50:11 UTC,capacity
RA3845198603FD,L20C399EFC462,P010,2025-01-18 12:54:48 UTC,1,72.3,delivered,accepted,2025-01-18 12:55:46 UTC,
RAE896B43C99F8,LE6E637FC9E11,P005,2025-06-11 17:38:04 UTC,1,110.65,delivered,accepted,2025-06-11 17:39:24 UTC,
RA6A49E20DE8EE,L1DDC56FD1AC3,P008,2025-02-08 12:38:28 UTC,1,76.05,delivered,accepted,2025-02-08 12:40:30 UTC,
RAE6CF3D13A0FF,L4931A8472AF6,P007,2025-03-12 11:18:23 UTC,1,142.11,delivered,accepted,2025-03-12 11:18:56 UTC,
RAD2127CCDCCC5,LFC28B16A602F,P003,2025-06-28 13:39:50 UTC,1,66.59,delivered,rejected,2025-06-28 13:40:56 UTC,capacity
RA3CAC9DD8B9F3,LE12DEE0CA4E4,P002,2025-02-16 11:41:27 UTC,1,68.4,delivered,accepted,2025-02-16 11:42:43 UTC,
RA7A59A9FE8396,LF38921E831D6,P002,2025-06-27 16:03:51 UTC,1,81.38,delivered,accepted,2025-06-27 16:04:03 UTC,
RA6A761185E25C,LE352A7A889ED,P003,2025-04-13 10:08:48 UTC,1,72.61,delivered,accepted,2025-04-13 10:13:34 UTC,
RA14C1841D9C1E,LA42D063AAA7F,P008,2025-05-18 08:53:09 UTC,1,81.47,delivered,rejected,2025-05-18 08:53:57 UTC,quality
RAF6A8E449E66D,LC31DA538FB65,P002,2025-03-28 16:48:16 UTC,1,65.07,delivered,accepted,2025-03-28 16:50:44 UTC,
RABA5A91132212,LB59FD430F727,P003,2025-06-21 12:52:06 UTC,1,77.91,delivered,accepted,2025-06-21 12:56:42 UTC,
RA1701ADBC919B,L86BEF38CDCCA,P001,2025-02-11 13:28:56 UTC,1,70.42,delivered,no_response,2025-02-11 13:31:02 UTC,price_too_low
RACE52C675F10F,L86BEF38CDCCA,P002,2025-02-11 13:29:12 UTC,2,68.03,delivered,no_response,2025-02-11 13:31:14 UTC,quality
RA84CEA3684CD7,L86BEF38CDCCA,P009,2025-02-11 13:29:12 UTC,3,49.74,delivered,accepted,2025-02-11 13:33:19 UTC,
RA23B306A7D797,LA5DD83FDBD4A,P003,2025-06-29 09:26:42 UTC,1,59.78,delivered,no_response,2025-06-29 09:27:23 UTC,capacity
RA29004C1915EF,LB05B8075977A,P009,2025-06-04 22:57:46 UTC,1,62.62,delivered,capacity_exceeded,2025-06-04 23:01:46 UTC,state_not_covered
RA6E09423038E8,L2A6058E2A53C,P002,2025-03-22 08:44:42 UTC,1,66.72,delivered,accepted,2025-03-22 08:46:40 UTC,
RA4D88C095F8B9,L0DC124FBC84B,P010,2025-06-23 18:41:09 UTC,1,63.61,delivered,accepted,2025-06-23 18:44:30 UTC,
RAC26F513506CD,LC29726B42E1E,P003,2025-05-13 08:44:47 UTC,1,63.18,delivered,accepted,2025-05-13 08:49:03 UTC,
RAF8F15469F54D,LF5C764F2AA22,P002,2025-06-04 21:16:57 UTC,1,66.91,delivered,accepted,2025-06-04 21:19:36 UTC,
RA53B9C48537C3,L1FAB472E155E,P010,2025-06-14 18:39:46 UTC,1,64.0,delivered,accepted,2025-06-14 18:40:32 UTC,
RA7A545B4C1423,L92BCB87B82B3,P003,2025-03-09 16:51:17 UTC,1,59.94,delivered,accepted,2025-03-09 16:55:02 UTC,
RAB577B9462C58,L7DCF6ADF6E12,P010,2025-06-24 14:40:25 UTC,1,74.25,delivered,no_response,2025-06-24 14:41:34 UTC,state_not_covered
RAF28C45BAB2D9,L54ECBC6B2BF8,P002,2025-03-05 20:12:15 UTC,1,69.0,delivered,accepted,2025-03-05 20:12:36 UTC,
RA25FBBC153E36,LA8FF5D03135D,P001,2025-06-18 14:44:15 UTC,1,60.87,delivered,accepted,2025-06-18 14:47:17 UTC,
RA98E39262E615,L1EE80B3D3406,P001,2025-03-03 22:30:45 UTC,1,69.52,delivered,no_response,2025-03-03 22:31:51 UTC,price_too_low
RA27FADD10FC11,L72FDB875C2AD,P010,2025-03-31 10:33:57 UTC,1,77.82,delivered,capacity_exceeded,2025-03-31 10:38:14 UTC,price_too_low
RAD2E4B20DA315,L0EACC23E8488,P010,2025-03-02 22:02:34 UTC,1,61.34,delivered,accepted,2025-03-02 22:03:56 UTC,
RA5BA6A99E9821,LE4095C25571A,P003,2025-05-03 08:00:32 UTC,1,77.5,delivered,accepted,2025-05-03 08:04:26 UTC,
RABB4186CF28B0,LA92EC140A7DD,P005,2025-04-27 18:16:46 UTC,1,117.87,delivered,accepted,2025-04-27 18:19:53 UTC,
RA7E42D715BC7E,LA69580B6FCB9,P006,2025-05-08 16:43:10 UTC,1,113.56,delivered,accepted,2025-05-08 16:47:01 UTC,
RA80629F4C26E6,L56501FE46313,P005,2025-03-25 09:59:16 UTC,1,102.39,delivered,accepted,2025-03-25 09:59:53 UTC,
RAE55676465E23,L2DDFF1882065,P002,2025-04-23 11:52:05 UTC,1,78.37,delivered,accepted,2025-04-23 11:53:06 UTC,
RABCB7CDA81DB0,LB0047BEAC745,P005,2025-05-04 22:59:29 UTC,1,106.88,delivered,accepted,2025-05-04 23:04:23 UTC,
RA700FE01D93E8,L7148AF80E20B,P002,2025-04-19 21:23:05 UTC,1,85.05,delivered,capacity_exceeded,2025-04-19 21:23:48 UTC,state_not_covered
RA3F1245CC2375,L7148AF80E20B,P010,2025-04-19 21:22:52 UTC,2,65.96,delivered,capacity_exceeded,2025-04-19 21:26:09 UTC,price_too_low
RA26BFFA1EDF08,L7148AF80E20B,P009,2025-04-19 21:23:01 UTC,3,65.48,delivered,rejected,2025-04-19 21:26:42 UTC,price_too_low
RA4D3D15F8E69D,LD935C964CCDA,P009,2025-05-14 08:37:24 UTC,1,50.05,delivered,accepted,2025-05-14 08:40:59 UTC,
RA64BF74B5A4CD,L8971E67CF9FD,P010,2025-02-01 22:57:22 UTC,1,76.71,delivered,no_response,2025-02-01 23:00:43 UTC,quality
RA9DB1F8BFC1AA,LBF9FE1E64839,P003,2025-01-13 17:15:00 UTC,1,72.74,delivered,no_response,2025-01-13 17:19:06 UTC,price_too_low
RA612F342C30B2,LBF9FE1E64839,P001,2025-01-13 17:14:23 UTC,2,56.75,delivered,no_response,2025-01-13 17:17:25 UTC,quality
RA89C17E7348FD,LA7FFA2B5925B,P005,2025-02-25 12:41:44 UTC,1,96.62,delivered,accepted,2025-02-25 12:46:30 UTC,
RA95FE41319EBA,LDA074670FA83,P007,2025-02-19 09:22:43 UTC,1,111.34,delivered,rejected,2025-02-19 09:26:49 UTC,quality
RAABB0359ED041,LDA074670FA83,P006,2025-02-19 09:22:38 UTC,2,133.63,delivered,accepted,2025-02-19 09:24:11 UTC,
RAE4C7C04382E4,L7B92F58C48B6,P005,2025-03-25 11:37:28 UTC,1,113.27,delivered,accepted,2025-03-25 11:39:46 UTC,
RA7A5120EF0F69,LD42350CC9B6F,P010,2025-03-09 16:06:05 UTC,1,70.59,delivered,accepted,2025-03-09 16:07:38 UTC,
RA8219458F08CC,L0EA304CA64A1,P010,2025-03-07 12:35:52 UTC,1,81.48,delivered,rejected,2025-03-07 12:39:45 UTC,quality
RAF336F7433BE7,L0EA304CA64A1,P007,2025-03-07 12:35:10 UTC,2,123.09,delivered,capacity_exceeded,2025-03-07 12:39:00 UTC,capacity
RA1EA30828D4ED,L0EA304CA64A1,P006,2025-03-07 12:35:08 UTC,3,129.64,delivered,accepted,2025-03-07 12:38:17 UTC,
RA2D1D086E2A59,L3C06BF3489B0,P003,2025-02-02 08:09:28 UTC,1,77.27,delivered,rejected,2025-02-02 08:11:06 UTC,quality
RA85C68D317F0A,L3C06BF3489B0,P002,2025-02-02 08:09:00 UTC,2,65.51,delivered,accepted,2025-02-02 08:12:48 UTC,
RAE16D916183EA,LBBE4891FB90F,P010,2025-02-15 20:08:38 UTC,1,65.71,delivered,accepted,2025-02-15 20:10:51 UTC,
RA4BD7F0943EDD,LD3658614C1BD,P003,2025-05-27 22:04:38 UTC,1,59.42,delivered,accepted,2025-05-27 22:09:05 UTC,
RA5CCA1DA09154,LD32EB0A26B9A,P001,2025-02-04 13:38:37 UTC,1,64.6,delivered,accepted,2025-02-04 13:42:36 UTC,
RA1B276A766C54,LDB43ADD1B979,P002,2025-04-24 20:35:58 UTC,1,80.2,delivered,accepted,2025-04-24 20:40:18 UTC,
RAAD4AC883D177,L7758250252DC,P001,2025-03-07 18:41:29 UTC,1,68.42,delivered,no_response,2025-03-07 18:42:37 UTC,quality
RA2FFE3CE3DD5C,L2C97A865FBCD,P009,2025-04-18 10:43:38 UTC,1,50.98,delivered,accepted,2025-04-18 10:47:32 UTC,
RA48C7C6D897C5,L6E9036156382,P005,2025-05-31 08:56:43 UTC,1,112.82,delivered,no_response,2025-05-31 09:00:34 UTC,price_too_low
RAC12169BB4A28,L57A2AF60D571,P008,2025-05-15 15:23:14 UTC,1,84.95,delivered,capacity_exceeded,2025-05-15 15:26:01 UTC,state_not_covered
RAAAE6046C3C65,LD1CB832896DB,P005,2025-01-26 12:58:50 UTC,1,90.25,delivered,accepted,2025-01-26 12:59:29 UTC,
RAAD93A5433E9C,L58A9B20A883A,P002,2025-04-09 13:30:47 UTC,1,75.41,delivered,accepted,2025-04-09 13:33:11 UTC,
RA733FF6EB7CC7,LC651614844C2,P010,2025-04-07 13:29:37 UTC,1,69.8,delivered,accepted,2025-04-07 13:32:37 UTC,
RA22730C637AF7,LE6E800ACA0B5,P009,2025-03-06 14:19:27 UTC,1,57.77,delivered,rejected,2025-03-06 14:20:21 UTC,state_not_covered
RA193C771E90B3,LB19AFB22E8A1,P003,2025-06-19 08:23:40 UTC,1,77.22,delivered,accepted,2025-06-19 08:26:05 UTC,
RA7F0ADA728092,L3F6F4F243A28,P006,2025-06-17 12:56:57 UTC,1,102.97,delivered,accepted,2025-06-17 12:59:34 UTC,
RAC221ED9E5A2D,L60EF2EBF8CAD,P008,2025-04-27 11:46:16 UTC,1,66.47,delivered,no_response,2025-04-27 11:47:47 UTC,capacity
RA28819F13FFAF,LE9D64B44ECE3,P002,2025-03-16 17:13:02 UTC,1,68.79,delivered,accepted,2025-03-16 17:15:35 UTC,
RA7EAEFD48083D,LDF3E22DCA42E,P007,2025-06-16 17:53:52 UTC,1,117.01,delivered,accepted,2025-06-16 17:58:27 UTC,
RAC5881FB00212,LFD485E6BDAF0,P009,2025-04-11 09:12:59 UTC,1,59.26,delivered,no_response,2025-04-11 09:15:07 UTC,capacity
RAAF5051A68920,LB6BFADA2E52C,P005,2025-01-08 19:28:29 UTC,1,91.02,delivered,accepted,2025-01-08 19:32:05 UTC,
RA57FE9E9AAB6C,L9F1C6A075A39,P007,2025-02-25 21:45:54 UTC,1,116.97,delivered,rejected,2025-02-25 21:46:10 UTC,state_not_covered
RA62FA58699116,L233DC859FA72,P010,2025-06-09 19:36:38 UTC,1,76.13,delivered,accepted,2025-06-09 19:38:23 UTC,
RA77372402FB6F,LE064637FF8BD,P006,2025-03-16 22:06:19 UTC,1,121.59,delivered,accepted,2025-03-16 22:07:53 UTC,
RA44C988318823,L6901072879AA,P010,2025-06-07 21:06:36 UTC,1,66.12,delivered,accepted,2025-06-07 21:08:23 UTC,
RA14BA3B86D2E4,L1677D3ECCE95,P009,2025-01-12 18:02:43 UTC,1,62.42,delivered,accepted,2025-01-12 18:04:53 UTC,
RABCEB910FDFA9,L76E2FBF28D73,P009,2025-03-04 21:04:23 UTC,1,51.12,delivered,accepted,2025-03-04 21:05:11 UTC,
RAD10E115B8B5C,LD19A68F20871,P009,2025-03-10 08:41:14 UTC,1,66.19,delivered,rejected,2025-03-10 08:45:18 UTC,price_too_low
RA848D4407BA4B,LA65F8BABC3C9,P001,2025-01-13 22:13:35 UTC,1,68.38,delivered,rejected,2025-01-13 22:14:28 UTC,price_too_low
RA5540F3267C03,LA65F8BABC3C9,P003,2025-01-13 22:13:48 UTC,2,68.93,delivered,no_response,2025-01-13 22:14:37 UTC,state_not_covered
RA43526EE10F11,L0AD1B01B6B0E,P002,2025-05-29 17:24:34 UTC,1,78.51,delivered,rejected,2025-05-29 17:25:03 UTC,quality
RA18E973A054D2,L614709DB3750,P003,2025-06-03 17:31:01 UTC,1,77.41,delivered,accepted,2025-06-03 17:32:20 UTC,
RA1D1E94EB19A3,L9E7506A8D8DB,P010,2025-05-08 20:07:25 UTC,1,69.38,delivered,accepted,2025-05-08 20:11:31 UTC,
RA2B49592789F4,L2840C42659C7,P010,2025-01-06 11:12:11 UTC,1,65.22,delivered,rejected,2025-01-06 11:15:30 UTC,price_too_low
RA5613685E44F4,L2840C42659C7,P002,2025-01-06 11:12:27 UTC,2,85.32,delivered,accepted,2025-01-06 11:13:57 UTC,
RA478095C50898,L40427C52D14D,P001,2025-04-04 13:00:37 UTC,1,60.46,delivered,accepted,2025-04-04 13:03:17 UTC,
RACBAB5ADAC34D,L1FE14B36A528,P002,2025-03-05 23:16:16 UTC,1,72.52,delivered,rejected,2025-03-05 23:17:30 UTC,state_not_covered
RA3447CC5A2EF7,L234BFBC7EAA0,P002,2025-01-20 08:14:32 UTC,1,64.87,delivered,accepted,2025-01-20 08:14:52 UTC,
RA241AFF82A89F,L8DD6B1F3F036,P010,2025-04-15 21:49:54 UTC,1,73.17,delivered,accepted,2025-04-15 21:54:01 UTC,
RA56F68BCA3406,LA1BADE276350,P005,2025-04-30 20:14:01 UTC,1,113.94,delivered,accepted,2025-04-30 20:17:15 UTC,
RA20BD994673B4,LC7D48CBDCF8E,P010,2025-05-09 22:06:38 UTC,1,82.62,delivered,accepted,2025-05-09 22:09:27 UTC,
RA398EC60ED8C2,LB21FECBEB556,P002,2025-01-03 20:01:19 UTC,1,65.35,delivered,accepted,2025-01-03 20:02:22 UTC,
RA3093D6B4567C,L0476B72D5B92,P003,2025-04-13 19:45:54 UTC,1,65.7,delivered,accepted,2025-04-13 19:49:24 UTC,
RA792B449DE4D1,L77B73C92BE64,P003,2025-04-28 18:03:35 UTC,1,75.19,delivered,capacity_exceeded,2025-04-28 18:06:51 UTC,capacity
RA08F40B714D5D,L77B73C92BE64,P010,2025-04-28 18:03:28 UTC,2,66.05,delivered,no_response,2025-04-28 18:06:21 UTC,quality
RA1CFC1F79A7EE,LC0F6242F3574,P007,2025-02-06 16:49:34 UTC,1,125.96,delivered,capacity_exceeded,2025-02-06 16:53:45 UTC,capacity
RA81C5E92C87A1,LF2B396C5FB4A,P002,2025-05-13 14:47:36 UTC,1,70.51,delivered,accepted,2025-05-13 14:51:06 UTC,
RA72EF3F45FC90,L3D301DE0B807,P007,2025-05-24 08:32:16 UTC,1,141.43,delivered,accepted,2025-05-24 08:33:20 UTC,
RAA2F9FD93ACB7,LD93BB0EA5ACA,P005,2025-03-19 17:44:34 UTC,1,116.45,delivered,capacity_exceeded,2025-03-19 17:45:55 UTC,capacity
RADCE3A2BEA5FC,LE69C2A8F6192,P010,2025-03-02 16:04:08 UTC,1,64.65,delivered,no_response,2025-03-02 16:06:47 UTC,state_not_covered
RA41E8754E3AEF,LDC3818F253F5,P009,2025-02-13 17:42:22 UTC,1,63.19,delivered,no_response,2025-02-13 17:42:38 UTC,price_too_low
RA774A28316190,LDC3818F253F5,P003,2025-02-13 17:41:57 UTC,2,63.58,delivered,accepted,2025-02-13 17:43:17 UTC,
RAFE7F28C48168,LF1B7DA265EA4,P010,2025-03-31 09:05:28 UTC,1,66.89,delivered,accepted,2025-03-31 09:06:08 UTC,
RA5D04F4BA28A1,LF8565ABDF609,P007,2025-03-23 22:14:20 UTC,1,117.42,delivered,capacity_exceeded,2025-03-23 22:16:02 UTC,price_too_low
RA30C4FB1263FD,LF8565ABDF609,P010,2025-03-23 22:14:04 UTC,2,62.73,delivered,accepted,2025-03-23 22:17:35 UTC,
RA80DC1B426638,L16A1335C8237,P009,2025-03-10 13:44:53 UTC,1,63.02,delivered,accepted,2025-03-10 13:45:41 UTC,
RA6B38045C7E12,L4A2FC5E1B22C,P010,2025-05-17 22:08:02 UTC,1,62.94,delivered,rejected,2025-05-17 22:11:17 UTC,state_not_covered
RAA6A5C855BD72,LB17C3F7DECE2,P002,2025-02-02 13:55:14 UTC,1,85.19,delivered,rejected,2025-02-02 13:57:27 UTC,quality
RA369EBE8CB1C3,LB17C3F7DECE2,P010,2025-02-02 13:55:14 UTC,2,71.7,delivered,accepted,2025-02-02 14:00:12 UTC,
RA4CB074BCA688,L7F1CE7B5BB90,P002,2025-05-17 12:33:04 UTC,1,63.92,delivered,no_response,2025-05-17 12:36:30 UTC,state_not_covered
RA8D9B1C64BAA0,L646A190AF7D7,P002,2025-04-21 11:01:04 UTC,1,75.3,delivered,accepted,2025-04-21 11:01:14 UTC,
RA31114CCB5409,LEB75F709EAF8,P005,2025-03-16 10:52:01 UTC,1,95.02,delivered,accepted,2025-03-16 10:56:55 UTC,
RACA71E5D29E9F,LAE63BD7C1774,P003,2025-06-13 15:42:50 UTC,1,59.35,delivered,accepted,2025-06-13 15:46:18 UTC,
RADFA60DC47286,L139B68864F92,P008,2025-04-18 18:17:57 UTC,1,82.89,delivered,accepted,2025-04-18 18:20:55 UTC,
RA135F20D0B496,L6775BEBBF798,P001,2025-04-06 12:44:48 UTC,1,57.98,delivered,no_response,2025-04-06 12:46:37 UTC,state_not_covered
RA1F2565168BA0,L93A892F2B9CE,P010,2025-02-19 16:35:10 UTC,1,62.37,delivered,accepted,2025-02-19 16:35:24 UTC,
RAB51D91CB5739,LABD8C2A75174,P010,2025-02-03 19:14:18 UTC,1,81.22,delivered,accepted,2025-02-03 19:14:35 UTC,
RA3D32DAAD5EC4,L73CF904E8AB4,P005,2025-05-13 11:59:17 UTC,1,103.64,delivered,capacity_exceeded,2025-05-13 12:02:49 UTC,price_too_low
RAB9C34FA79EB3,LA518E79800FF,P003,2025-06-07 22:59:04 UTC,1,71.94,delivered,rejected,2025-06-07 23:03:37 UTC,state_not_covered
RA28B6026535B8,LF2E21D86985D,P010,2025-06-30 09:28:09 UTC,1,66.89,delivered,rejected,2025-06-30 09:28:55 UTC,quality
RAFB2205E7C168,L80EA146FD6B0,P003,2025-04-14 22:10:11 UTC,1,59.12,delivered,accepted,2025-04-14 22:13:58 UTC,
RA4C8A4A810FDE,L6911CB9CBDBE,P003,2025-02-14 09:41:43 UTC,1,62.57,delivered,no_response,2025-02-14 09:46:24 UTC,capacity
RA2A63A3C77137,L6911CB9CBDBE,P009,2025-02-14 09:41:07 UTC,2,60.86,delivered,accepted,2025-02-14 09:41:21 UTC,
RAC1EF7B324703,L0D44336C2A36,P009,2025-02-26 08:06:16 UTC,1,54.57,delivered,rejected,2025-02-26 08:09:14 UTC,price_too_low
RA146C5305EC02,L0D44336C2A36,P001,2025-02-26 08:06:27 UTC,2,63.58,delivered,accepted,2025-02-26 08:09:42 UTC,
RA3622256EF81E,L63CFDC1C2477,P010,2025-02-03 21:39:36 UTC,1,75.96,delivered,accepted,2025-02-03 21:42:02 UTC,
RAF0D80E458FE8,L9862537EAEF6,P005,2025-05-16 22:35:41 UTC,1,97.36,delivered,rejected,2025-05-16 22:35:55 UTC,state_not_covered
RA934A9F8DA948,L18BC4BD8981F,P003,2025-04-03 19:57:11 UTC,1,69.22,delivered,capacity_exceeded,2025-04-03 19:57:31 UTC,state_not_covered
RAABF33FB9CFD9,L5DB83DCFF1F7,P009,2025-01-09 16:56:24 UTC,1,58.88,delivered,accepted,2025-01-09 16:59:10 UTC,
RA905C9943D51C,LFADF5F730621,P001,2025-03-12 18:10:39 UTC,1,73.15,delivered,accepted,2025-03-12 18:11:47 UTC,
RA2B050ADF4A60,L6DE02C8BF59B,P010,2025-02-05 11:25:33 UTC,1,82.23,delivered,capacity_exceeded,2025-02-05 11:25:45 UTC,quality
RA5992CFBBB8FF,L397A136D126B,P007,2025-02-26 16:48:24 UTC,1,133.45,delivered,rejected,2025-02-26 16:52:42 UTC,capacity
RAD1C1E759E1CC,L397A136D126B,P006,2025-02-26 16:48:22 UTC,2,112.51,delivered,capacity_exceeded,2025-02-26 16:51:34 UTC,quality
RA42E033BA36A4,L6CE971DECA68,P003,2025-04-28 15:48:25 UTC,1,71.64,delivered,accepted,2025-04-28 15:51:58 UTC,
RAAAE6DF3CD892,L2AADE99AC4FF,P010,2025-06-13 14:32:24 UTC,1,78.67,delivered,accepted,2025-06-13 14:36:28 UTC,
RA3D2AF1B13E2B,L23AD7C23A744,P002,2025-05-24 13:58:22 UTC,1,72.13,delivered,accepted,2025-05-24 14:02:45 UTC,
RA0CD51F9EE4EC,L85212C10A003,P004,2025-03-03 15:00:47 UTC,1,87.03,delivered,accepted,2025-03-03 15:04:02 UTC,
RAD5A12B8A8BE7,L4E482566C618,P003,2025-02-03 20:29:04 UTC,1,76.31,delivered,accepted,2025-02-03 20:32:31 UTC,
RA7BD688B0AF1A,L396C06777F24,P003,2025-04-22 11:50:53 UTC,1,71.44,delivered,no_response,2025-04-22 11:53:29 UTC,state_not_covered
RA0B084CFB8C6A,L396C06777F24,P002,2025-04-22 11:51:30 UTC,2,69.6,delivered,accepted,2025-04-22 11:55:45 UTC,
RAAF9B44941902,LADB00E192A2A,P003,2025-05-05 11:22:39 UTC,1,65.26,delivered,accepted,2025-05-05 11:24:32 UTC,
RA586145294E9A,LE454B24F34FE,P002,2025-05-25 15:39:56 UTC,1,76.67,delivered,capacity_exceeded,2025-05-25 15:42:32 UTC,capacity
RAC3B73B62D4F1,L84823033CF02,P005,2025-02-13 16:12:40 UTC,1,90.78,delivered,accepted,2025-02-13 16:14:30 UTC,
RA225D31F83928,L43BE5AF89A66,P003,2025-06-27 10:37:23 UTC,1,63.33,delivered,accepted,2025-06-27 10:38:50 UTC,
RA1E47FCB943E5,L4FD6CE34C668,P010,2025-01-01 13:58:30 UTC,1,75.91,delivered,no_response,2025-01-01 13:59:22 UTC,price_too_low
RA6167996B853D,L4FD6CE34C668,P007,2025-01-01 13:59:02 UTC,2,122.44,delivered,accepted,2025-01-01 14:01:41 UTC,
RA6B71DC1FA767,L41B0F34416A4,P005,2025-01-17 17:03:03 UTC,1,106.89,delivered,accepted,2025-01-17 17:04:15 UTC,
RAAF124BABF69E,LF5F1EAA4513E,P009,2025-04-01 12:48:44 UTC,1,63.01,delivered,accepted,2025-04-01 12:51:46 UTC,
RA536A6EB5EFB4,L3B918501B307,P002,2025-03-16 09:37:25 UTC,1,66.57,delivered,accepted,2025-03-16 09:37:55 UTC,
RA26361D9603BB,L4951658F0C68,P007,2025-06-01 17:51:41 UTC,1,141.45,delivered,accepted,2025-06-01 17:55:03 UTC,
RA3D5440618B87,L59FE3994A404,P003,2025-03-08 18:35:12 UTC,1,77.18,delivered,accepted,2025-03-08 18:39:17 UTC,
RAB7EF68066277,L027A76D66D51,P005,2025-03-20 18:41:59 UTC,1,104.54,delivered,accepted,2025-03-20 18:43:28 UTC,
RA5DC1284BD071,L357414C1E215,P010,2025-02-01 17:29:04 UTC,1,72.88,delivered,accepted,2025-02-01 17:34:00 UTC,
RAC1FE0AACF3CC,LCB13A54D7F56,P006,2025-06-18 21:45:36 UTC,1,107.63,delivered,accepted,2025-06-18 21:50:10 UTC,
RAE29DDEA5C1C0,L564027583E5E,P010,2025-06-11 14:56:06 UTC,1,71.91,delivered,accepted,2025-06-11 14:59:08 UTC,
RA251F070BACCD,LFFAFAA65133B,P010,2025-02-13 14:14:38 UTC,1,72.81,delivered,accepted,2025-02-13 14:16:41 UTC,
RA950AFC9168E9,LC7FE9540B3DE,P010,2025-02-15 10:49:50 UTC,1,69.95,delivered,accepted,2025-02-15 10:53:39 UTC,
RA19A38E2AB000,LAC208ABB06E9,P002,2025-05-18 18:25:33 UTC,1,78.39,delivered,accepted,2025-05-18 18:27:55 UTC,
RA8C9E71D15BDA,L4AE0EE48EC5D,P010,2025-02-21 11:13:33 UTC,1,69.41,delivered,no_response,2025-02-21 11:17:31 UTC,state_not_covered
RA426C0906BDD4,LF4683DE0CEFB,P002,2025-04-23 10:51:41 UTC,1,76.95,delivered,accepted,2025-04-23 10:54:30 UTC,
RA7B2CBA4E9FF9,L6BC58C8EC31E,P005,2025-03-04 08:40:26 UTC,1,114.16,delivered,accepted,2025-03-04 08:45:20 UTC,
RA7397819121D2,L5B43B16D4997,P005,2025-03-13 17:32:23 UTC,1,103.25,delivered,accepted,2025-03-13 17:34:59 UTC,
RA2CE877AF6B56,L3BD1E52E3331,P005,2025-06-02 18:08:45 UTC,1,106.92,delivered,accepted,2025-06-02 18:13:37 UTC,
RAC0EB2ED52ADD,L4420060C949E,P003,2025-03-23 19:34:57 UTC,1,73.13,delivered,accepted,2025-03-23 19:39:05 UTC,
RA1177FF684BA2,L2ECEF1C627A5,P002,2025-01-27 21:29:26 UTC,1,64.02,delivered,capacity_exceeded,2025-01-27 21:31:15 UTC,price_too_low
RA195DF131927D,LBC51A6FCB8DF,P007,2025-03-28 20:17:55 UTC,1,125.92,delivered,accepted,2025-03-28 20:22:10 UTC,
RA793BA4E80D32,LADF16BD8C853,P001,2025-05-21 15:38:31 UTC,1,73.1,delivered,capacity_exceeded,2025-05-21 15:42:37 UTC,price_too_low
RAFA6D9C835429,L7EB0D560BB9B,P009,2025-06-18 22:52:20 UTC,1,54.52,delivered,accepted,2025-06-18 22:56:45 UTC,
RA3966CA6AA0B3,L7658FE2D8251,P003,2025-04-25 19:17:13 UTC,1,76.35,delivered,accepted,2025-04-25 19:18:50 UTC,
RA9C6C4B6D076C,L74EECA2E1C67,P003,2025-02-02 08:18:36 UTC,1,62.8,delivered,accepted,2025-02-02 08:19:24 UTC,
RAFA9FB308A837,L6A8774C6CA34,P010,2025-04-07 17:19:12 UTC,1,63.24,delivered,accepted,2025-04-07 17:21:42 UTC,
RA61C568DCCD50,LA86CA9248343,P005,2025-02-05 16:28:32 UTC,1,101.72,delivered,accepted,2025-02-05 16:32:33 UTC,
RAF7CBEC1423EC,LFFCFDA8AD0E5,P008,2025-04-21 16:57:43 UTC,1,68.29,delivered,accepted,2025-04-21 16:59:07 UTC,
RAB183140AE576,L2B58FCE496C0,P009,2025-03-12 22:54:19 UTC,1,61.37,delivered,accepted,2025-03-12 22:54:40 UTC,
RA8774B6C1F836,L8175C767BD39,P001,2025-03-28 15:12:56 UTC,1,65.25,delivered,no_response,2025-03-28 15:16:20 UTC,state_not_covered
RA81FCCEC257E1,L0C8F65F78709,P006,2025-06-08 11:44:33 UTC,1,112.61,delivered,accepted,2025-06-08 11:48:01 UTC,
RAD331810ACAEA,L24CE5417FBF5,P007,2025-06-21 20:24:13 UTC,1,118.33,delivered,capacity_exceeded,2025-06-21 20:28:29 UTC,capacity
RAA71DD5B83760,L24CE5417FBF5,P010,2025-06-21 20:23:25 UTC,2,69.31,delivered,accepted,2025-06-21 20:24:25 UTC,
RA33BB35AA6E32,LBDDE22E6BFDB,P001,2025-05-11 16:45:45 UTC,1,61.88,delivered,rejected,2025-05-11 16:48:30 UTC,capacity
RAF203057976F0,LDC6BCB627C85,P003,2025-06-25 16:46:14 UTC,1,71.19,delivered,rejected,2025-06-25 16:49:32 UTC,price_too_low
RA377B91A23089,LDC6BCB627C85,P001,2025-06-25 16:46:56 UTC,2,62.68,delivered,capacity_exceeded,2025-06-25 16:48:42 UTC,state_not_covered
RAC667118419BB,LDC6BCB627C85,P010,2025-06-25 16:46:29 UTC,3,74.68,delivered,rejected,2025-06-25 16:47:21 UTC,price_too_low
RA5F924051F900,L61C61746862A,P002,2025-04-15 19:11:00 UTC,1,66.91,delivered,accepted,2025-04-15 19:14:42 UTC,
RAC56673537CE6,LE224B81F4577,P002,2025-01-21 14:21:41 UTC,1,83.16,delivered,capacity_exceeded,2025-01-21 14:25:58 UTC,capacity
RA47980145CDB6,LD85612FC3AE8,P009,2025-01-10 20:41:48 UTC,1,60.59,delivered,rejected,2025-01-10 20:42:05 UTC,price_too_low
RAC8F040A8D1F8,L90BCA4E4AD6D,P005,2025-04-19 22:38:23 UTC,1,90.55,delivered,rejected,2025-04-19 22:41:00 UTC,capacity
RA911D7352BBA2,LBD5DA442A8E1,P006,2025-06-09 09:08:10 UTC,1,115.33,delivered,accepted,2025-06-09 09:09:09 UTC,
RA6C593D090FF1,L93BEE362662B,P004,2025-04-06 16:44:11 UTC,1,95.82,delivered,accepted,2025-04-06 16:45:31 UTC,
RAC5BD90D91D4C,L4797EBEBAD74,P002,2025-05-20 17:54:10 UTC,1,69.83,delivered,accepted,2025-05-20 17:57:25 UTC,
RAA83E47EB05E3,L8B85F0734C5F,P005,2025-02-14 22:30:52 UTC,1,108.07,delivered,accepted,2025-02-14 22:35:38 UTC,
RA22326C5BAEA2,L920909775840,P001,2025-04-24 19:06:10 UTC,1,61.29,delivered,rejected,2025-04-24 19:07:42 UTC,state_not_covered
RA51DB94E85FBF,L342C8948C1EF,P002,2025-04-10 18:08:14 UTC,1,83.89,delivered,accepted,2025-04-10 18:08:46 UTC,
RA0C7A735FC7D3,L117FD9A7C321,P002,2025-02-11 15:49:38 UTC,1,71.79,delivered,accepted,2025-02-11 15:51:59 UTC,
RA95BE14BBEB71,L35757281A980,P001,2025-05-31 20:18:40 UTC,1,58.17,delivered,accepted,2025-05-31 20:23:12 UTC,
RA99314FEC2B3B,L73C10E45B2BD,P010,2025-03-03 12:16:05 UTC,1,69.21,delivered,no_response,2025-03-03 12:20:17 UTC,state_not_covered
RAD0FE43FD4116,LDBAADF88C085,P001,2025-06-30 18:04:59 UTC,1,67.64,delivered,accepted,2025-06-30 18:05:51 UTC,
RABCF71FEBB2FE,LBA62CCDB3B12,P010,2025-04-09 16:49:31 UTC,1,63.92,delivered,accepted,2025-04-09 16:52:13 UTC,
RAF79AE9574213,L8C71EEBF91A7,P010,2025-01-18 14:28:54 UTC,1,72.62,delivered,rejected,2025-01-18 14:29:52 UTC,state_not_covered
RA29EEFD119060,L5DF5DD138AA9,P003,2025-03-30 09:17:37 UTC,1,70.39,delivered,accepted,2025-03-30 09:18:57 UTC,
RA9E6DCE9D2F31,L0861C8834F7D,P001,2025-04-18 08:14:32 UTC,1,62.59,delivered,accepted,2025-04-18 08:14:51 UTC,
RA1188B3F81E64,L5E709FE70D23,P002,2025-06-06 08:23:26 UTC,1,73.45,delivered,accepted,2025-06-06 08:27:54 UTC,
RA5B4C559A2F54,L1882AD5AE6EF,P002,2025-01-09 18:14:43 UTC,1,76.64,delivered,accepted,2025-01-09 18:17:47 UTC,
RA127B45CB7409,LBF0E143B60D6,P003,2025-06-10 15:10:47 UTC,1,75.76,delivered,capacity_exceeded,2025-06-10 15:15:31 UTC,quality
RAFA09D651DE26,LC07B0FB8DF21,P004,2025-05-18 13:50:00 UTC,1,104.59,delivered,accepted,2025-05-18 13:54:07 UTC,
RA1E79CD14F494,L88EBFBF48ECB,P009,2025-03-22 11:42:57 UTC,1,52.07,delivered,capacity_exceeded,2025-03-22 11:46:21 UTC,capacity
RAA90340739A60,L72C9475FC85C,P003,2025-03-11 12:25:25 UTC,1,73.72,delivered,accepted,2025-03-11 12:26:34 UTC,
RA1B64D9615BFC,LD8B92DB3A07C,P001,2025-02-24 07:25:42 UTC,1,74.43,delivered,accepted,2025-02-24 07:28:41 UTC,
RAA9EE20635040,L0E0CC039ECA2,P010,2025-04-08 22:21:23 UTC,1,80.71,delivered,rejected,2025-04-08 22:25:46 UTC,capacity
RADC9B445E27B4,L5EFFD37772CA,P002,2025-03-14 14:59:36 UTC,1,73.52,delivered,accepted,2025-03-14 15:00:30 UTC,
RA84157AFDAF9A,L28E9F6500321,P010,2025-03-22 19:15:16 UTC,1,65.41,delivered,capacity_exceeded,2025-03-22 19:20:07 UTC,state_not_covered
RABDE26FE05E6F,L28E9F6500321,P009,2025-03-22 19:15:27 UTC,2,62.0,delivered,rejected,2025-03-22 19:18:03 UTC,quality
RA6F72F8D6802E,LA5918E392404,P001,2025-06-10 10:54:18 UTC,1,55.25,delivered,accepted,2025-06-10 10:57:03 UTC,
RA2AF054E822A1,L204EA132079B,P005,2025-01-17 11:34:56 UTC,1,103.53,delivered,accepted,2025-01-17 11:39:39 UTC,
RA944B033ADEC2,LB431405534E1,P003,2025-05-08 21:23:09 UTC,1,66.88,delivered,accepted,2025-05-08 21:25:46 UTC,
RA64C15D31A92C,L38CF733D7007,P009,2025-03-16 14:15:08 UTC,1,60.69,delivered,capacity_exceeded,2025-03-16 14:18:29 UTC,capacity
RA472B229EEDD8,L38CF733D7007,P003,2025-03-16 14:14:56 UTC,2,59.39,delivered,accepted,2025-03-16 14:19:34 UTC,
RA36C7C6B03C02,L6DA788A6F5D7,P007,2025-02-10 16:30:16 UTC,1,137.95,delivered,accepted,2025-02-10 16:30:43 UTC,
RA21EC30F5AEFB,L42783199325C,P010,2025-02-23 21:55:17 UTC,1,63.16,delivered,no_response,2025-02-23 21:59:35 UTC,quality
RABA98118652CF,L6AF7DEA56D0C,P003,2025-05-14 19:45:34 UTC,1,68.55,delivered,accepted,2025-05-14 19:49:16 UTC,
RA1D11C729C9D5,LF5D694C67FD2,P003,2025-03-20 20:15:49 UTC,1,75.28,delivered,accepted,2025-03-20 20:20:27 UTC,
RAC75E15D2E550,LEAC0ADC78C10,P003,2025-03-24 19:45:27 UTC,1,73.65,delivered,accepted,2025-03-24 19:48:51 UTC,
RA5DEA81F6BB57,L261980D42613,P002,2025-04-30 09:05:12 UTC,1,81.62,delivered,accepted,2025-04-30 09:09:13 UTC,
RA794D19AD5C03,L9ABCA8177CD1,P002,2025-02-17 07:35:31 UTC,1,81.44,delivered,accepted,2025-02-17 07:39:14 UTC,
RA48940FDA49B7,LF25D831C3299,P002,2025-04-11 18:10:20 UTC,1,66.76,delivered,accepted,2025-04-11 18:14:01 UTC,
RA9549420125C6,L2D7397A0F8C1,P010,2025-06-03 22:30:50 UTC,1,73.48,delivered,accepted,2025-06-03 22:33:13 UTC,
RAB820EA4C8511,LFBD9BD3D8CC1,P007,2025-01-05 14:09:46 UTC,1,143.89,delivered,accepted,2025-01-05 14:12:44 UTC,
RA4A153B55CAF0,LB81973FFA776,P003,2025-01-05 19:31:09 UTC,1,76.93,delivered,accepted,2025-01-05 19:31:53 UTC,
RA9446403F7435,L246A4D8E8A73,P002,2025-04-06 10:31:42 UTC,1,67.12,delivered,accepted,2025-04-06 10:33:14 UTC,
RA417F901E6C4F,L9F86335FA353,P010,2025-04-27 07:30:58 UTC,1,61.27,delivered,accepted,2025-04-27 07:34:15 UTC,
RA1CC6E626CBE8,LF5E0DFA2A22F,P002,2025-01-26 16:40:57 UTC,1,69.29,delivered,accepted,2025-01-26 16:41:58 UTC,
RA533B22824E3D,L44C3C800C9CD,P002,2025-04-30 10:42:49 UTC,1,81.37,delivered,accepted,2025-04-30 10:44:21 UTC,
RA31C86842AF80,L120AE0901E9E,P009,2025-02-17 12:45:11 UTC,1,53.2,delivered,no_response,2025-02-17 12:45:58 UTC,capacity
RADEA00150CF46,L9B5DAAFB4894,P010,2025-03-30 14:10:40 UTC,1,80.81,delivered,accepted,2025-03-30 14:14:34 UTC,
RA1FEAFD0256BE,L0360C17EFD5F,P003,2025-04-27 16:18:30 UTC,1,76.44,delivered,no_response,2025-04-27 16:23:25 UTC,state_not_covered
RAE64AFDFC07BB,L0360C17EFD5F,P010,2025-04-27 16:18:32 UTC,2,80.23,delivered,accepted,2025-04-27 16:20:23 UTC,
RA96AD6AAE14D8,LD52D972A872F,P010,2025-01-19 16:58:36 UTC,1,74.0,delivered,accepted,2025-01-19 17:00:27 UTC,
RA7EA03754586B,LD749B0B86A89,P002,2025-03-20 09:18:23 UTC,1,69.65,delivered,accepted,2025-03-20 09:19:03 UTC,
RAD7FEC6595D89,LFB9B660D35DB,P010,2025-06-19 22:15:17 UTC,1,76.64,delivered,accepted,2025-06-19 22:18:59 UTC,
RAC25A8DCDCC17,L0EC82DD527D0,P003,2025-03-05 13:30:47 UTC,1,73.38,delivered,accepted,2025-03-05 13:33:51 UTC,
RAC995744A4E9C,LF2CA783352DF,P003,2025-04-13 16:13:12 UTC,1,64.2,delivered,accepted,2025-04-13 16:14:26 UTC,
RA426E3A00B05C,LA2325774B3D6,P008,2025-02-15 13:08:16 UTC,1,71.73,delivered,accepted,2025-02-15 13:09:25 UTC,
RA735F3690F490,L0337FDEE2580,P010,2025-05-31 08:45:56 UTC,1,67.57,delivered,capacity_exceeded,2025-05-31 08:47:09 UTC,state_not_covered
RA0FF8E04CA574,L8C3DA0AF587C,P007,2025-05-14 18:08:41 UTC,1,118.55,delivered,accepted,2025-05-14 18:09:55 UTC,
RA1D2429AB7CCC,LB8AF88EB89F6,P002,2025-03-02 16:28:09 UTC,1,83.15,delivered,accepted,2025-03-02 16:31:05 UTC,
RAB20185ADE5A9,L07C42AEC4A92,P001,2025-04-02 16:48:43 UTC,1,71.54,delivered,accepted,2025-04-02 16:49:44 UTC,
RAEF59F6D1AD79,LF2EC3F2BEA66,P002,2025-05-17 14:03:37 UTC,1,77.27,delivered,accepted,2025-05-17 14:05:27 UTC,
RA165FE738A0B2,LDF43B8D6EBD6,P003,2025-03-07 17:31:36 UTC,1,63.98,delivered,accepted,2025-03-07 17:31:54 UTC,
RA65674FA3F4C7,L79F957D6E6B2,P005,2025-04-19 09:29:55 UTC,1,96.34,delivered,rejected,2025-04-19 09:30:48 UTC,state_not_covered
RA7099D484B621,L0C2CBB4469E2,P002,2025-03-05 14:05:11 UTC,1,77.76,delivered,accepted,2025-03-05 14:08:33 UTC,
RAEC495F7C0DC5,LA62EE818486C,P002,2025-01-15 14:09:14 UTC,1,75.87,delivered,accepted,2025-01-15 14:14:14 UTC,
RA838A75512380,L185C4A003C89,P004,2025-01-25 11:01:52 UTC,1,103.1,delivered,accepted,2025-01-25 11:04:25 UTC,
RA412B4BB4DC4E,L67D4182AC008,P010,2025-01-08 13:27:20 UTC,1,82.49,delivered,rejected,2025-01-08 13:30:37 UTC,capacity
RA0CD70BA54946,L67D4182AC008,P007,2025-01-08 13:27:33 UTC,2,113.6,delivered,accepted,2025-01-08 13:28:18 UTC,
RAC940950359FD,LC96DD6937B0A,P010,2025-03-02 10:52:11 UTC,1,80.77,delivered,rejected,2025-03-02 10:55:09 UTC,state_not_covered
RA960B8248C41E,L699766B9B1AB,P009,2025-02-17 10:32:25 UTC,1,52.36,delivered,rejected,2025-02-17 10:32:44 UTC,state_not_covered
RAD23949AEE77B,L699766B9B1AB,P003,2025-02-17 10:32:50 UTC,2,67.4,delivered,rejected,2025-02-17 10:34:26 UTC,quality
RAC662C73495A2,L1246CCB42F8C,P010,2025-04-04 18:57:46 UTC,1,68.6,delivered,accepted,2025-04-04 18:59:09 UTC,
RA9EA7F86EC954,L150951E1964A,P002,2025-02-16 08:17:01 UTC,1,64.32,delivered,capacity_exceeded,2025-02-16 08:18:41 UTC,capacity
RA073393BE2156,L150951E1964A,P001,2025-02-16 08:16:49 UTC,2,74.36,delivered,rejected,2025-02-16 08:18:52 UTC,price_too_low
RA8681C7D08F10,L147DC0C265E2,P002,2025-02-21 07:42:17 UTC,1,76.38,delivered,accepted,2025-02-21 07:42:49 UTC,
RA7CEC8F9FF5EF,L8D51BAB41965,P005,2025-06-07 14:08:53 UTC,1,109.56,delivered,accepted,2025-06-07 14:09:16 UTC,
RAE61BEE87E4E3,L98A1C2E2B40F,P003,2025-05-13 23:00:05 UTC,1,77.84,delivered,accepted,2025-05-13 23:00:50 UTC,
RA793AE00DD325,L83D1E50E5C79,P009,2025-02-23 22:47:26 UTC,1,65.94,delivered,accepted,2025-02-23 22:48:57 UTC,
RA891D1F679BEA,LE4D7421943A3,P005,2025-05-17 15:15:57 UTC,1,92.25,delivered,accepted,2025-05-17 15:16:51 UTC,
RAA1833FA77EE4,L8CD085D26F8C,P009,2025-04-07 16:46:55 UTC,1,55.32,delivered,accepted,2025-04-07 16:51:11 UTC,
RAC1FC2E8B9306,LA07B55C52516,P002,2025-03-07 12:42:21 UTC,1,70.13,delivered,accepted,2025-03-07 12:44:35 UTC,
RAEDE9BA311FBC,L4C079FB0D4BA,P002,2025-06-12 14:34:24 UTC,1,69.42,delivered,accepted,2025-06-12 14:35:33 UTC,
RA353ED3052AE2,L1C55DE4B0BA9,P002,2025-04-18 09:54:30 UTC,1,77.84,delivered,capacity_exceeded,2025-04-18 09:57:13 UTC,capacity
RA39FEE45C6EEE,L1C55DE4B0BA9,P010,2025-04-18 09:54:34 UTC,2,80.53,delivered,accepted,2025-04-18 09:55:34 UTC,
RA9D524ECE9ACC,LD323B89109ED,P005,2025-06-22 16:48:37 UTC,1,109.7,delivered,accepted,2025-06-22 16:52:21 UTC,
RA86D1295A4BBC,LA7298386ED1E,P002,2025-04-22 09:55:29 UTC,1,67.59,delivered,capacity_exceeded,2025-04-22 09:57:34 UTC,state_not_covered
RA590E211D26F4,LA7298386ED1E,P009,2025-04-22 09:55:06 UTC,2,55.07,delivered,accepted,2025-04-22 09:57:15 UTC,
RAF320148A9E61,LEC9958953A44,P002,2025-01-23 20:12:55 UTC,1,65.45,delivered,rejected,2025-01-23 20:17:45 UTC,capacity
RA86C3ADE27309,L16AB4863E812,P003,2025-06-25 15:14:55 UTC,1,67.71,delivered,accepted,2025-06-25 15:18:32 UTC,
RA852902D7E1A9,L55D702B91D90,P001,2025-02-17 14:06:05 UTC,1,55.99,delivered,accepted,2025-02-17 14:07:13 UTC,
RA667BAFD0588F,L3DC747AF6173,P001,2025-04-02 17:34:32 UTC,1,58.73,delivered,accepted,2025-04-02 17:35:02 UTC,
RA5AA9176F6777,LBC490FDB67CE,P002,2025-01-11 16:43:38 UTC,1,70.13,delivered,accepted,2025-01-11 16:47:19 UTC,
RA95EB07F295A9,LCBC708001BBF,P005,2025-05-08 17:13:31 UTC,1,117.93,delivered,accepted,2025-05-08 17:14:09 UTC,
RA7DACBEDD4D72,L3479CF32525C,P004,2025-01-15 13:18:56 UTC,1,85.36,delivered,capacity_exceeded,2025-01-15 13:21:24 UTC,capacity
RA728A337AC74F,L22923E033AB6,P002,2025-04-23 20:28:46 UTC,1,79.64,delivered,accepted,2025-04-23 20:33:33 UTC,
RAF802494D5EDE,L2192E9A21D91,P010,2025-06-25 09:22:12 UTC,1,74.76,delivered,accepted,2025-06-25 09:26:23 UTC,
RA85058BA89EE8,L88278E9689C8,P002,2025-05-14 07:29:42 UTC,1,67.82,delivered,rejected,2025-05-14 07:31:22 UTC,capacity
RAC6EDBA0668D9,L2308A15C084F,P001,2025-03-26 11:48:57 UTC,1,59.8,delivered,no_response,2025-03-26 11:51:51 UTC,price_too_low
RA0C1B52616ED5,LB8301D0F85D9,P007,2025-01-01 19:36:40 UTC,1,139.79,delivered,accepted,2025-01-01 19:36:59 UTC,
RAFA8F40FC8EE2,LB22871A535E8,P008,2025-02-09 13:13:55 UTC,1,75.51,delivered,accepted,2025-02-09 13:15:41 UTC,
RA962104F69007,L665915C523B9,P009,2025-01-24 10:08:28 UTC,1,64.92,delivered,accepted,2025-01-24 10:11:19 UTC,
RA55E6C988692B,L540FB5733BE9,P002,2025-06-16 19:20:57 UTC,1,70.68,delivered,rejected,2025-06-16 19:22:53 UTC,quality
RA7A66FA1489CF,L7192C668FB2C,P010,2025-03-20 11:37:24 UTC,1,67.27,delivered,accepted,2025-03-20 11:41:38 UTC,
RA75961101E9EB,L1F0F8569915C,P003,2025-01-07 07:39:27 UTC,1,64.66,delivered,rejected,2025-01-07 07:39:54 UTC,capacity
RA476C3C04C3CF,L1A585014E1C0,P010,2025-03-25 16:58:57 UTC,1,66.59,delivered,accepted,2025-03-25 16:59:34 UTC,
RA0E8F292D84A1,L09043124F909,P003,2025-05-03 19:49:08 UTC,1,72.77,delivered,no_response,2025-05-03 19:49:58 UTC,state_not_covered
RA7BEBCA32343F,L90CFD6C50A83,P003,2025-03-30 09:39:35 UTC,1,74.87,delivered,accepted,2025-03-30 09:40:22 UTC,
RAE6682A6D85FC,LFAA84F7D268F,P005,2025-03-19 11:09:58 UTC,1,119.09,delivered,accepted,2025-03-19 11:13:17 UTC,
RAE27F6AAC76A8,L1E83F62D49E0,P010,2025-04-17 08:45:30 UTC,1,72.28,delivered,no_response,2025-04-17 08:50:05 UTC,price_too_low
RA920B8367B921,L2C06C7CC3330,P010,2025-03-31 22:50:29 UTC,1,67.83,delivered,no_response,2025-03-31 22:51:51 UTC,quality
RA8B76FE50CBAD,L2C06C7CC3330,P003,2025-03-31 22:50:14 UTC,2,70.33,delivered,accepted,2025-03-31 22:54:31 UTC,
RAFF6235BFF1C2,L9F2326DCB7C0,P002,2025-06-07 15:45:28 UTC,1,83.57,delivered,accepted,2025-06-07 15:47:44 UTC,
RAE9BC3A5A979D,LEB20DCC98D0C,P009,2025-02-18 18:16:20 UTC,1,55.08,delivered,capacity_exceeded,2025-02-18 18:21:15 UTC,capacity
RAC0CCF2B8CEC5,L63FB32F2AFF1,P009,2025-02-17 17:16:54 UTC,1,62.41,delivered,rejected,2025-02-17 17:18:01 UTC,quality
RA333F673AC938,L9B6A8A54BC4B,P002,2025-03-11 18:45:23 UTC,1,72.15,delivered,accepted,2025-03-11 18:48:10 UTC,
RAA4769A489D76,L53CBCED7BE8C,P003,2025-06-21 22:46:48 UTC,1,60.36,delivered,capacity_exceeded,2025-06-21 22:47:45 UTC,quality
RA7395D5603287,LF1B58AD91214,P010,2025-01-25 15:41:45 UTC,1,75.5,delivered,accepted,2025-01-25 15:42:18 UTC,
RA1F6193CFC050,L6AD66822BC6E,P003,2025-01-08 11:02:40 UTC,1,65.98,delivered,accepted,2025-01-08 11:04:29 UTC,
RA4CAB2033DC91,L97E9656CABDB,P001,2025-05-28 16:11:39 UTC,1,58.89,delivered,accepted,2025-05-28 16:14:42 UTC,
RA027ACE3AF2B9,LFC94F1D415BD,P008,2025-06-18 11:43:28 UTC,1,85.24,delivered,accepted,2025-06-18 11:45:35 UTC,
RA7A91BA0B4BBD,L30F166D7B2B4,P010,2025-01-05 19:01:06 UTC,1,81.21,delivered,no_response,2025-01-05 19:01:54 UTC,price_too_low
RAC0D81100297F,L30F166D7B2B4,P003,2025-01-05 19:01:42 UTC,2,72.52,delivered,no_response,2025-01-05 19:05:55 UTC,quality
RAF22D7BDC9BE0,LFAFAF692178E,P003,2025-01-27 22:43:50 UTC,1,74.04,delivered,capacity_exceeded,2025-01-27 22:47:46 UTC,price_too_low
RA81DCCA302B1A,LFDA459BB9047,P001,2025-01-18 19:12:51 UTC,1,74.41,delivered,rejected,2025-01-18 19:15:09 UTC,capacity
RA34E573E050AE,L9C1913B77D47,P005,2025-06-09 20:55:39 UTC,1,101.12,delivered,rejected,2025-06-09 20:57:43 UTC,capacity
RAB98C7755F24D,L2B36C2240326,P010,2025-01-01 08:51:01 UTC,1,80.54,delivered,no_response,2025-01-01 08:52:40 UTC,capacity
RA805242954D14,L5686B84E5658,P002,2025-01-06 08:11:57 UTC,1,76.41,delivered,accepted,2025-01-06 08:12:17 UTC,
RAB4EAB9A1FDCD,L7BBC51A6DD0A,P001,2025-04-12 13:06:33 UTC,1,63.62,delivered,accepted,2025-04-12 13:08:07 UTC,
RAC64252F81EE0,L4469950FA5D6,P002,2025-03-26 18:04:12 UTC,1,83.49,delivered,accepted,2025-03-26 18:06:01 UTC,
RA54ED19F94AE2,LCCB4EFB36BD3,P006,2025-04-04 16:48:14 UTC,1,104.42,delivered,no_response,2025-04-04 16:48:38 UTC,capacity
RA35AAEE616B44,LCCB4EFB36BD3,P010,2025-04-04 16:48:02 UTC,2,78.24,delivered,accepted,2025-04-04 16:51:43 UTC,
RA718EA69EA7E7,L15029DF769A8,P010,2025-02-17 13:09:43 UTC,1,77.78,delivered,rejected,2025-02-17 13:12:50 UTC,price_too_low
RAC050EF39A717,L9459BFE7E546,P002,2025-03-09 23:07:33 UTC,1,85.89,delivered,accepted,2025-03-09 23:10:37 UTC,
RA4EA20CE684A6,L093C454B179B,P004,2025-04-01 20:21:38 UTC,1,105.01,delivered,accepted,2025-04-01 20:23:27 UTC,
RAD838E9BE3AC3,LD77A70052989,P006,2025-01-09 11:51:10 UTC,1,128.62,delivered,capacity_exceeded,2025-01-09 11:53:47 UTC,quality
RA5566429C6B2C,L688F13DF1766,P005,2025-02-01 20:25:18 UTC,1,104.26,delivered,accepted,2025-02-01 20:28:59 UTC,
RAFE2906AD062E,L8A2503278B0A,P009,2025-05-03 09:02:11 UTC,1,52.9,delivered,accepted,2025-05-03 09:06:07 UTC,
RA89B5AEC37AAA,L9054B4D9E479,P002,2025-04-19 09:22:10 UTC,1,80.53,delivered,no_response,2025-04-19 09:26:14 UTC,quality
RA73BE2C3DF30E,L4A14A6548A56,P002,2025-01-28 17:16:24 UTC,1,84.89,delivered,accepted,2025-01-28 17:18:01 UTC,
RA0CE6069AE896,L7E95DE3157E6,P006,2025-03-16 20:34:08 UTC,1,126.66,delivered,accepted,2025-03-16 20:35:58 UTC,
RA914258AF4A9B,L9920695B8332,P005,2025-01-05 14:31:41 UTC,1,95.49,delivered,accepted,2025-01-05 14:32:15 UTC,
RAAEADBFD11E92,L910CB7AC21DF,P003,2025-05-13 17:42:09 UTC,1,65.62,delivered,accepted,2025-05-13 17:44:31 UTC,
RA35EA77AA92F7,LECE00E10326C,P003,2025-04-05 08:34:27 UTC,1,74.34,delivered,accepted,2025-04-05 08:37:49 UTC,
RAB4C54FA2F734,L47E3763B8B99,P002,2025-04-15 11:43:53 UTC,1,86.18,delivered,accepted,2025-04-15 11:47:27 UTC,
RAA91064627381,L98E68712B318,P001,2025-03-13 19:51:56 UTC,1,59.71,delivered,accepted,2025-03-13 19:54:47 UTC,
RAA935441D847D,L8C6F1F19FB89,P007,2025-01-27 18:00:14 UTC,1,125.03,delivered,no_response,2025-01-27 18:01:06 UTC,state_not_covered
RA5EC747DDC5C8,L8C6F1F19FB89,P010,2025-01-27 18:00:04 UTC,2,74.98,delivered,accepted,2025-01-27 18:01:22 UTC,
RA5B88AD61AC1B,LDADDE355550F,P005,2025-01-29 12:51:22 UTC,1,98.25,delivered,accepted,2025-01-29 12:56:07 UTC,
RAC9796BB8C8FD,L8CA35B633900,P001,2025-03-26 09:54:35 UTC,1,71.02,delivered,accepted,2025-03-26 09:57:09 UTC,
RAEAACE2278BF8,L8F8908C9508E,P008,2025-05-14 17:51:34 UTC,1,84.08,delivered,no_response,2025-05-14 17:52:30 UTC,price_too_low
RAE30087D7AF92,L8F8908C9508E,P003,2025-05-14 17:51:38 UTC,2,77.3,delivered,no_response,2025-05-14 17:53:09 UTC,quality
RAF3DB7E973B4B,L226BFE9D4AF4,P001,2025-02-12 16:10:08 UTC,1,65.98,delivered,capacity_exceeded,2025-02-12 16:13:24 UTC,quality
RAF30DE4BFA7CD,L1ABD595E4408,P006,2025-05-28 09:20:49 UTC,1,123.65,delivered,accepted,2025-05-28 09:25:12 UTC,
RA11095DCC08D9,LD11C211E071D,P002,2025-04-12 16:20:52 UTC,1,82.78,delivered,accepted,2025-04-12 16:25:40 UTC,
RA18270EBCA0DF,L558722223286,P010,2025-04-16 22:12:01 UTC,1,77.13,delivered,rejected,2025-04-16 22:14:02 UTC,quality
RA939578CE7044,L558722223286,P001,2025-04-16 22:12:26 UTC,2,63.28,delivered,rejected,2025-04-16 22:17:06 UTC,price_too_low
RA5AB8CA2EE004,LB412F7ED3EC1,P003,2025-06-29 08:12:52 UTC,1,58.17,delivered,rejected,2025-06-29 08:16:25 UTC,price_too_low
RA2D2BFC5D0391,LB412F7ED3EC1,P001,2025-06-29 08:13:31 UTC,2,68.25,delivered,capacity_exceeded,2025-06-29 08:17:25 UTC,state_not_covered
RA81BF12749BAB,L3073D0D759EE,P010,2025-06-20 18:43:04 UTC,1,73.54,delivered,accepted,2025-06-20 18:43:49 UTC,
RA5D9204EBE51E,L13532F1DBA40,P002,2025-04-14 21:59:09 UTC,1,68.92,delivered,accepted,2025-04-14 22:02:43 UTC,
RADC8CE2871330,L291374D93281,P002,2025-01-15 22:57:14 UTC,1,78.71,delivered,rejected,2025-01-15 23:01:08 UTC,quality
RA3A69EDBC3EC8,L291374D93281,P001,2025-01-15 22:57:12 UTC,2,57.05,delivered,accepted,2025-01-15 23:00:40 UTC,
RA1A0C2965B5CF,L3CDCDF384628,P003,2025-03-13 18:16:16 UTC,1,76.82,delivered,accepted,2025-03-13 18:19:41 UTC,
RAA4739259431D,L5713DB44E55E,P010,2025-01-13 19:18:58 UTC,1,77.06,delivered,accepted,2025-01-13 19:22:29 UTC,
RAAE1CACB5BC8D,L802951422137,P002,2025-05-31 07:44:16 UTC,1,72.06,delivered,accepted,2025-05-31 07:48:13 UTC,
RAB3050BEC90DC,L29667968DB5F,P010,2025-03-17 16:54:55 UTC,1,75.85,delivered,capacity_exceeded,2025-03-17 16:57:08 UTC,capacity
RA5E3C0A9730BB,L76E5C947F5FA,P010,2025-01-12 13:45:11 UTC,1,70.89,delivered,rejected,2025-01-12 13:46:27 UTC,quality
RA229F1D73C20A,L8B37B4ECE0B4,P003,2025-02-22 17:40:14 UTC,1,62.25,delivered,accepted,2025-02-22 17:44:47 UTC,
RA4CEEA9BEC67E,L94B91275D057,P002,2025-01-23 15:12:02 UTC,1,78.14,delivered,accepted,2025-01-23 15:16:21 UTC,
RACDD1EE58FDCF,L68C9D2E044B4,P002,2025-05-15 22:40:50 UTC,1,65.54,delivered,no_response,2025-05-15 22:44:04 UTC,quality
RA880EDF44B2D3,LD357920D85A9,P009,2025-02-08 20:39:07 UTC,1,52.86,delivered,accepted,2025-02-08 20:42:31 UTC,
RA7A6CD4EA3532,L19C017B9F61E,P001,2025-03-02 14:11:00 UTC,1,62.41,delivered,accepted,2025-03-02 14:12:16 UTC,
RAF169C1994C9D,L7A0FAE615B51,P001,2025-06-03 08:21:48 UTC,1,62.64,delivered,accepted,2025-06-03 08:23:26 UTC,
RAB5B63E4A5934,LEBED9FE05419,P006,2025-06-07 16:07:00 UTC,1,109.31,delivered,accepted,2025-06-07 16:09:18 UTC,
RA4C7A821D26D3,L5580D05E9FC5,P005,2025-01-15 17:38:00 UTC,1,107.68,delivered,accepted,2025-01-15 17:39:47 UTC,
RAC038FEC738F1,LC61A0BC2E537,P003,2025-03-23 11:11:11 UTC,1,73.46,delivered,accepted,2025-03-23 11:14:09 UTC,
RAF0105B43E1D5,L88A3E9B5EA35,P010,2025-03-20 07:33:06 UTC,1,69.11,delivered,accepted,2025-03-20 07:36:04 UTC,
RAC5F7D229E401,L700992732825,P009,2025-05-16 14:04:11 UTC,1,51.46,delivered,accepted,2025-05-16 14:08:24 UTC,
RAD62B8F0CA8B2,L94E93B1DA56B,P008,2025-04-29 20:33:42 UTC,1,81.51,delivered,rejected,2025-04-29 20:37:50 UTC,price_too_low
RA6AEEABA7217B,L94E93B1DA56B,P003,2025-04-29 20:34:01 UTC,2,71.34,delivered,accepted,2025-04-29 20:36:07 UTC,
RAD4DB225FCC5C,LE9691B156C14,P003,2025-03-24 14:17:30 UTC,1,57.82,delivered,accepted,2025-03-24 14:18:02 UTC,
RA670863EE02A1,L27A9F96B5671,P003,2025-02-15 16:48:27 UTC,1,60.23,delivered,accepted,2025-02-15 16:50:46 UTC,
RA63ABFFE254CF,L7DE2254C7956,P003,2025-01-14 18:15:15 UTC,1,75.33,delivered,accepted,2025-01-14 18:18:01 UTC,
RA54DFFA3B64CE,LA992DBE01965,P002,2025-05-08 12:28:25 UTC,1,77.94,delivered,accepted,2025-05-08 12:32:30 UTC,
RA391C9A2E4A3E,LBF0DEB0AB3D4,P006,2025-05-27 13:42:36 UTC,1,130.61,delivered,accepted,2025-05-27 13:43:22 UTC,
RAFE1FA3B46325,LF29D08F434EB,P002,2025-04-14 21:11:29 UTC,1,76.57,delivered,no_response,2025-04-14 21:15:25 UTC,capacity
RA85E7CA886CBA,LF29D08F434EB,P003,2025-04-14 21:11:30 UTC,2,60.93,delivered,accepted,2025-04-14 21:14:34 UTC,
RABB1706C3353A,L05356007A6A0,P010,2025-02-08 10:51:49 UTC,1,64.26,delivered,accepted,2025-02-08 10:55:49 UTC,
RAD66C0D0E23D3,L9CFDD5B55F4F,P004,2025-01-20 20:03:50 UTC,1,98.99,delivered,accepted,2025-01-20 20:07:02 UTC,
RA0936D4EAC08F,L7D895AD61B08,P003,2025-01-14 22:55:34 UTC,1,74.72,delivered,capacity_exceeded,2025-01-14 22:59:12 UTC,capacity
RA5FD04CEC2205,L7D895AD61B08,P009,2025-01-14 22:55:20 UTC,2,62.51,delivered,accepted,2025-01-14 22:59:35 UTC,
RADED134DA26A5,L209AB8E5B8A4,P008,2025-01-15 20:51:25 UTC,1,85.31,delivered,no_response,2025-01-15 20:52:09 UTC,price_too_low
RA7A41AEE0C567,LD90FDF423C5C,P010,2025-02-18 22:00:33 UTC,1,62.53,delivered,rejected,2025-02-18 22:05:18 UTC,quality
RAB0F4B1DC1EC0,LD90FDF423C5C,P007,2025-02-18 22:00:42 UTC,2,128.13,delivered,accepted,2025-02-18 22:05:40 UTC,
RA305959C6C2E5,L90C07EA94021,P010,2025-05-13 22:22:39 UTC,1,74.81,delivered,accepted,2025-05-13 22:25:55 UTC,
RA53B61058B203,L3564F8CF51AD,P009,2025-01-18 21:50:27 UTC,1,63.39,delivered,accepted,2025-01-18 21:51:45 UTC,
RAC13E55CADA78,LAAC007CE0D35,P003,2025-06-13 13:04:43 UTC,1,72.07,delivered,rejected,2025-06-13 13:09:33 UTC,price_too_low
RAF8D33289C2FC,LAAC007CE0D35,P010,2025-06-13 13:05:01 UTC,2,70.63,delivered,accepted,2025-06-13 13:07:05 UTC,
RA6C6400FBEF73,LB91799C878C0,P002,2025-05-30 08:21:33 UTC,1,68.48,delivered,no_response,2025-05-30 08:24:44 UTC,quality
RAB4A98FB01569,L145413F4FC7F,P002,2025-01-29 17:08:33 UTC,1,73.91,delivered,accepted,2025-01-29 17:12:28 UTC,
RA11EDC3AFE9A9,LB0285BAE5793,P010,2025-05-30 17:43:17 UTC,1,75.32,delivered,accepted,2025-05-30 17:44:43 UTC,
RA79782B51B839,L26C735FB401A,P002,2025-02-23 16:47:17 UTC,1,72.09,delivered,accepted,2025-02-23 16:47:52 UTC,
RACBA55AB89074,L192AAEFEF118,P010,2025-06-07 11:23:59 UTC,1,65.0,delivered,rejected,2025-06-07 11:28:12 UTC,capacity
RA5F2471C184D8,L3654B9A138F9,P003,2025-01-07 08:11:06 UTC,1,71.08,delivered,rejected,2025-01-07 08:14:29 UTC,capacity
RA32C91556965C,L7C61F1E8C1BF,P010,2025-01-05 08:17:14 UTC,1,80.07,delivered,accepted,2025-01-05 08:19:51 UTC,
RA9049602FFF24,LE7C09214C499,P009,2025-02-16 08:53:12 UTC,1,58.41,delivered,capacity_exceeded,2025-02-16 08:56:44 UTC,state_not_covered
RAEC0C1D0B6492,LE6F5C1A92D46,P004,2025-04-07 09:43:40 UTC,1,87.52,delivered,accepted,2025-04-07 09:46:23 UTC,
RA0F1B5B7AB6F6,LC8035DE35735,P003,2025-02-01 18:16:05 UTC,1,63.59,delivered,accepted,2025-02-01 18:20:33 UTC,
RA33B7ECC7E90D,LF09BBA1F67BC,P005,2025-03-18 07:24:37 UTC,1,99.92,delivered,accepted,2025-03-18 07:27:32 UTC,
RA4D0622683321,L46817E7BE3C1,P006,2025-05-14 07:26:42 UTC,1,124.64,delivered,rejected,2025-05-14 07:30:50 UTC,capacity
RABEB128001BEE,L03C28C82D06B,P008,2025-03-18 19:00:38 UTC,1,83.48,delivered,no_response,2025-03-18 19:03:01 UTC,price_too_low
RA1C399D711758,L6DDAC9F3744F,P004,2025-06-09 15:50:37 UTC,1,92.77,delivered,capacity_exceeded,2025-06-09 15:52:15 UTC,price_too_low
RA52BC1D225D4E,LBE663748F7FB,P003,2025-04-16 09:17:30 UTC,1,67.13,delivered,accepted,2025-04-16 09:19:32 UTC,
RAABF551DEE85D,L9927F124955C,P009,2025-04-06 11:44:37 UTC,1,51.03,delivered,capacity_exceeded,2025-04-06 11:48:05 UTC,price_too_low
RAAD276A11BEE3,L762DF8BF3C62,P010,2025-03-19 18:16:14 UTC,1,73.54,delivered,accepted,2025-03-19 18:16:26 UTC,
RA9658C08C1984,L7097FA9F0F41,P003,2025-01-28 22:07:48 UTC,1,70.34,delivered,no_response,2025-01-28 22:12:12 UTC,price_too_low
RAF79E69E92E77,L1CD37A1F2429,P003,2025-05-09 09:04:30 UTC,1,69.38,delivered,accepted,2025-05-09 09:07:41 UTC,
RAD6C66FF111A3,LD84E21804D50,P001,2025-03-18 13:07:37 UTC,1,59.71,delivered,accepted,2025-03-18 13:09:50 UTC,
RADED27042186E,L7C4FBFD64CC4,P010,2025-05-30 12:11:54 UTC,1,72.26,delivered,no_response,2025-05-30 12:13:52 UTC,capacity
RAE45B00BCC555,LE9B2A2460F3C,P002,2025-04-25 10:28:04 UTC,1,76.3,delivered,accepted,2025-04-25 10:30:41 UTC,
RA84CD2BDA133A,L4A380805B09C,P003,2025-06-18 21:28:23 UTC,1,58.92,delivered,accepted,2025-06-18 21:30:14 UTC,
RA5D83BE27BE0F,L22C832876827,P006,2025-03-19 09:44:56 UTC,1,112.57,delivered,capacity_exceeded,2025-03-19 09:46:55 UTC,quality
RAD50495059700,LFDE67B76C3B5,P010,2025-03-15 09:06:20 UTC,1,71.69,delivered,accepted,2025-03-15 09:10:52 UTC,
RAE3BCEFE45705,LE087F3FCA337,P010,2025-03-05 15:53:36 UTC,1,72.83,delivered,accepted,2025-03-05 15:55:45 UTC,
RA6516D5CBC35E,L5D25C15F563A,P002,2025-05-29 18:23:12 UTC,1,81.61,delivered,accepted,2025-05-29 18:24:18 UTC,
RA54B3A64D6840,L070EB2FE132F,P003,2025-01-15 23:00:38 UTC,1,60.53,delivered,accepted,2025-01-15 23:02:22 UTC,
RAC3A20F0AE3FC,LF6C1650C33ED,P010,2025-03-23 14:02:39 UTC,1,62.46,delivered,capacity_exceeded,2025-03-23 14:07:09 UTC,quality
RAC55AC5F20E72,L48ED2BF5F906,P010,2025-01-26 16:35:31 UTC,1,72.34,delivered,accepted,2025-01-26 16:37:40 UTC,
RAFB6D858A0E9C,L8E44D6E21904,P002,2025-06-08 13:23:50 UTC,1,77.12,delivered,capacity_exceeded,2025-06-08 13:28:23 UTC,capacity
RA7C5704719670,LB2C4E87F038A,P002,2025-01-12 18:15:41 UTC,1,66.49,delivered,no_response,2025-01-12 18:16:33 UTC,capacity
RAEAA2A8E001B3,L20AE1CFF738A,P001,2025-03-11 21:16:54 UTC,1,69.51,delivered,accepted,2025-03-11 21:18:42 UTC,
RA910AEAE37A1E,L80E5AE2B1166,P010,2025-02-13 12:49:24 UTC,1,79.41,delivered,no_response,2025-02-13 12:51:28 UTC,capacity
RAF5D147D27D10,L14E278CAC2C9,P005,2025-02-05 13:38:30 UTC,1,107.11,delivered,capacity_exceeded,2025-02-05 13:38:47 UTC,capacity
RA2C790EC587F1,L194009508B76,P010,2025-02-24 15:05:50 UTC,1,70.12,delivered,no_response,2025-02-24 15:09:18 UTC,capacity
RAAECC2B6D55C0,L194009508B76,P002,2025-02-24 15:05:51 UTC,2,70.35,delivered,accepted,2025-02-24 15:07:39 UTC,
RA920D31C05E5A,L0504664B6D5D,P002,2025-04-05 10:49:00 UTC,1,78.7,delivered,accepted,2025-04-05 10:53:53 UTC,
RA9B19D743F3D7,L9C5912F49445,P001,2025-02-19 18:03:50 UTC,1,68.52,delivered,no_response,2025-02-19 18:07:13 UTC,capacity
RA3BC571A31EB6,L9C5912F49445,P009,2025-02-19 18:03:54 UTC,2,66.27,delivered,accepted,2025-02-19 18:08:34 UTC,
RAAA200EAF1435,L90EA3FCAF6BD,P010,2025-05-24 08:34:38 UTC,1,61.41,delivered,capacity_exceeded,2025-05-24 08:37:30 UTC,quality
RA4DB3A60DC1AF,L90EA3FCAF6BD,P007,2025-05-24 08:35:10 UTC,2,138.59,delivered,accepted,2025-05-24 08:35:26 UTC,
RAF495FEC15616,L3B8941B272FA,P002,2025-04-05 09:56:46 UTC,1,65.57,delivered,accepted,2025-04-05 10:01:42 UTC,
RAF251DEB92A05,L99DDE77EBCF0,P003,2025-04-24 19:06:13 UTC,1,62.84,delivered,rejected,2025-04-24 19:06:32 UTC,state_not_covered
RA111E45AB27DA,L99DDE77EBCF0,P002,2025-04-24 19:05:59 UTC,2,77.51,delivered,accepted,2025-04-24 19:10:46 UTC,
RAA418DFA53396,L9450A093EF8E,P010,2025-03-13 15:26:06 UTC,1,76.55,delivered,no_response,2025-03-13 15:29:36 UTC,quality
RA25FDE5BCC6E3,L06452222BE41,P005,2025-04-25 13:59:01 UTC,1,108.26,delivered,accepted,2025-04-25 14:01:15 UTC,
RAE668761C045A,L65081064F86E,P005,2025-01-31 21:53:01 UTC,1,102.39,delivered,accepted,2025-01-31 21:54:57 UTC,
RA0F891132BCEB,L7ABC7EC53973,P009,2025-01-16 19:58:46 UTC,1,49.9,delivered,rejected,2025-01-16 20:03:14 UTC,price_too_low
RAD17A3B88325A,L7ABC7EC53973,P010,2025-01-16 19:58:08 UTC,2,81.45,delivered,accepted,2025-01-16 20:03:08 UTC,
RA530A3C6783D4,LDACE8FE4C5CD,P002,2025-03-18 08:40:13 UTC,1,74.32,delivered,rejected,2025-03-18 08:42:01 UTC,state_not_covered
RA6632C409AD6B,L6134D74128DE,P010,2025-05-24 13:43:07 UTC,1,78.05,delivered,accepted,2025-05-24 13:45:52 UTC,
RA8EEFB311B859,L2CE69407769C,P007,2025-05-20 18:02:15 UTC,1,127.91,delivered,accepted,2025-05-20 18:04:15 UTC,
RA60B05124CD4F,LCCAD863E45F8,P010,2025-03-26 13:36:27 UTC,1,71.74,delivered,rejected,2025-03-26 13:37:26 UTC,quality
RAE5B2CB707543,LCCAD863E45F8,P002,2025-03-26 13:36:38 UTC,2,71.64,delivered,rejected,2025-03-26 13:36:55 UTC,capacity
RA23CE53A3BEDF,L4F9E5F4D7623,P010,2025-04-15 12:42:43 UTC,1,78.8,delivered,accepted,2025-04-15 12:46:35 UTC,
RA42F5DA1B3AAF,LC0110FF0DEAC,P010,2025-03-20 12:57:33 UTC,1,67.16,delivered,no_response,2025-03-20 13:00:19 UTC,price_too_low
RA4F0C7AED0408,LC0110FF0DEAC,P009,2025-03-20 12:57:25 UTC,2,50.66,delivered,accepted,2025-03-20 12:59:06 UTC,
RAC5F582802DFD,L76107FEE7D6B,P009,2025-06-06 10:33:31 UTC,1,55.52,delivered,accepted,2025-06-06 10:35:59 UTC,
RA03A3BF208CC9,L742F82A39934,P010,2025-04-07 10:04:04 UTC,1,67.62,delivered,accepted,2025-04-07 10:07:48 UTC,
RAB17BA30B3117,LAA018AA7B46A,P010,2025-01-17 17:18:42 UTC,1,67.57,delivered,accepted,2025-01-17 17:21:04 UTC,
RA2B2110A0AF34,L7E29F38C8C33,P007,2025-06-09 17:16:41 UTC,1,112.16,delivered,accepted,2025-06-09 17:19:29 UTC,
RA156989E88A95,LA08F884F2896,P009,2025-05-09 13:09:14 UTC,1,49.83,delivered,capacity_exceeded,2025-05-09 13:14:08 UTC,state_not_covered
RAF85DC130200B,LA08F884F2896,P002,2025-05-09 13:09:07 UTC,2,73.9,delivered,accepted,2025-05-09 13:13:19 UTC,
RAA31417C46E1F,LB9C85E973729,P006,2025-06-16 08:28:22 UTC,1,126.74,delivered,rejected,2025-06-16 08:31:35 UTC,quality
RA32D463D0EFB4,L6D8DE59F2613,P003,2025-04-12 16:49:11 UTC,1,57.94,delivered,accepted,2025-04-12 16:49:56 UTC,
RAA1B18D6FE6E9,LA627321CF3CD,P005,2025-01-28 10:15:10 UTC,1,107.73,delivered,accepted,2025-01-28 10:19:38 UTC,
RA3C99BC7DEC97,LBB18C9498EA3,P002,2025-04-18 21:20:12 UTC,1,68.02,delivered,accepted,2025-04-18 21:23:32 UTC,
RA59F7BEC45026,L33C1A0491213,P010,2025-01-02 11:34:05 UTC,1,70.63,delivered,accepted,2025-01-02 11:36:51 UTC,
RA8BAE80E8CC87,L5561B6F5A2E0,P009,2025-04-18 18:53:49 UTC,1,65.26,delivered,no_response,2025-04-18 18:56:57 UTC,price_too_low
RAE3CEBEB1F0C4,L5561B6F5A2E0,P001,2025-04-18 18:53:47 UTC,2,68.75,delivered,capacity_exceeded,2025-04-18 18:54:07 UTC,state_not_covered
RAFB28A1A7E381,L6B52635456B9,P002,2025-03-30 10:36:58 UTC,1,79.63,delivered,accepted,2025-03-30 10:39:56 UTC,
RAD59A7D443646,L4A04BB064CF0,P001,2025-03-25 10:11:12 UTC,1,74.7,delivered,accepted,2025-03-25 10:11:23 UTC,
RA6093FF7E7B89,L5E4DE5E247E1,P003,2025-04-23 22:46:32 UTC,1,68.68,delivered,accepted,2025-04-23 22:47:21 UTC,
RA98E023BABCD4,L69665B5B2E0F,P010,2025-02-01 15:39:44 UTC,1,73.16,delivered,accepted,2025-02-01 15:43:15 UTC,
RA22D03C78F4D5,L80DA2F989682,P006,2025-04-09 16:15:41 UTC,1,124.78,delivered,accepted,2025-04-09 16:16:06 UTC,
RAFAC7A356ECFD,L9709047FFC80,P002,2025-05-22 19:37:32 UTC,1,78.17,delivered,accepted,2025-05-22 19:42:24 UTC,
RA5825AD6FDC69,LFBB3939BA46E,P004,2025-01-27 16:53:34 UTC,1,99.02,delivered,rejected,2025-01-27 16:54:31 UTC,state_not_covered
RA236099B0ABBE,LFBB3939BA46E,P005,2025-01-27 16:54:12 UTC,2,114.72,delivered,capacity_exceeded,2025-01-27 16:56:08 UTC,state_not_covered
RA3B4BC834A491,L91E768D4386A,P003,2025-06-18 17:24:53 UTC,1,67.63,delivered,accepted,2025-06-18 17:29:03 UTC,
RA1FEE272CA427,L79B6C68DF901,P002,2025-05-12 07:28:19 UTC,1,83.24,delivered,capacity_exceeded,2025-05-12 07:32:54 UTC,capacity
RA0232D1E8AFE2,L79B6C68DF901,P003,2025-05-12 07:28:32 UTC,2,60.49,delivered,accepted,2025-05-12 07:32:54 UTC,
RAB040690E526B,LEF58C88BE6F9,P001,2025-01-16 08:09:56 UTC,1,57.38,delivered,accepted,2025-01-16 08:13:14 UTC,
RAB56CCB81B4EC,L810DE83DA568,P010,2025-01-09 13:06:58 UTC,1,76.48,delivered,accepted,2025-01-09 13:08:30 UTC,
RAA6A8927247FE,L1EC5E2F6FC45,P005,2025-04-27 11:21:48 UTC,1,94.51,delivered,rejected,2025-04-27 11:25:48 UTC,quality
RAE29867BD72A8,L9D5896B4D540,P003,2025-03-08 17:33:06 UTC,1,75.52,delivered,capacity_exceeded,2025-03-08 17:35:37 UTC,price_too_low
RA8D3C34F9A5B9,L06A6B3B55FB3,P010,2025-04-14 22:25:54 UTC,1,68.71,delivered,capacity_exceeded,2025-04-14 22:27:47 UTC,quality
RACFAAB9379CC4,L06A6B3B55FB3,P006,2025-04-14 22:26:01 UTC,2,118.48,delivered,accepted,2025-04-14 22:27:39 UTC,
RA00CA5687B18F,L312E71B36D20,P002,2025-01-25 08:51:50 UTC,1,64.93,delivered,accepted,2025-01-25 08:53:43 UTC,
RA9D055583122C,L77657230B2FF,P001,2025-02-09 11:20:58 UTC,1,56.67,delivered,accepted,2025-02-09 11:24:49 UTC,
RA45AB7A714384,L2FFDAA83D0BD,P001,2025-01-17 18:22:46 UTC,1,69.96,delivered,capacity_exceeded,2025-01-17 18:26:59 UTC,state_not_covered
RA3CFC9EC84747,LB1155B375881,P002,2025-03-07 10:02:15 UTC,1,82.76,delivered,accepted,2025-03-07 10:06:03 UTC,
RA61031893C3AE,L294E95BC44E3,P009,2025-06-28 18:09:52 UTC,1,64.13,delivered,accepted,2025-06-28 18:12:08 UTC,
RA7E9B2E3CA8F6,LE36BFA79A68E,P003,2025-02-07 20:43:04 UTC,1,61.5,delivered,rejected,2025-02-07 20:45:54 UTC,capacity
RA1724D33B8ECD,LE36BFA79A68E,P002,2025-02-07 20:42:27 UTC,2,78.15,delivered,capacity_exceeded,2025-02-07 20:47:08 UTC,state_not_covered
RA683B9DEE6FE2,L0291A75F5A8D,P002,2025-04-17 11:57:18 UTC,1,82.46,delivered,accepted,2025-04-17 12:02:06 UTC,
RA6EE2A2C16F3B,L08BA898C01B6,P010,2025-02-17 07:42:06 UTC,1,70.97,delivered,accepted,2025-02-17 07:42:16 UTC,
RAC6E43D2706EB,L3A16C9705084,P002,2025-04-26 14:39:19 UTC,1,65.02,delivered,accepted,2025-04-26 14:42:42 UTC,
RA3A5FB130BB7B,L71A799781F88,P010,2025-05-07 09:12:55 UTC,1,72.13,delivered,accepted,2025-05-07 09:16:43 UTC,
RA3C7D4DA15360,LB473555B1573,P001,2025-02-19 12:57:36 UTC,1,63.15,delivered,no_response,2025-02-19 13:01:16 UTC,price_too_low
RAD306FFDCF3D4,LB74DC949B9BC,P003,2025-03-23 10:41:27 UTC,1,61.31,delivered,accepted,2025-03-23 10:45:29 UTC,
RA90EA5F47B163,L74F50C70290D,P002,2025-06-08 07:22:06 UTC,1,70.26,delivered,accepted,2025-06-08 07:23:05 UTC,
RA5029A17E7D6F,L634418113565,P002,2025-02-18 20:15:25 UTC,1,82.33,delivered,accepted,2025-02-18 20:17:58 UTC,
RA59DE1A8BD14D,LF9E0E2B9BCB5,P010,2025-04-06 10:19:00 UTC,1,75.27,delivered,accepted,2025-04-06 10:19:48 UTC,
RA15F11AA45A07,L997205C22E20,P002,2025-05-05 09:09:23 UTC,1,69.32,delivered,accepted,2025-05-05 09:11:51 UTC,
RA5DD54623B882,L035C2BA25FE9,P003,2025-02-03 12:00:52 UTC,1,61.37,delivered,rejected,2025-02-03 12:04:18 UTC,capacity
RA791CA0D0065F,L035C2BA25FE9,P002,2025-02-03 12:00:24 UTC,2,72.53,delivered,rejected,2025-02-03 12:02:44 UTC,capacity
RADB096D6BEA18,LB25E0419E87B,P009,2025-03-05 11:13:05 UTC,1,59.37,delivered,rejected,2025-03-05 11:15:05 UTC,state_not_covered
RA74F876EA14B2,L374BE84E0166,P009,2025-06-02 11:52:51 UTC,1,62.77,delivered,accepted,2025-06-02 11:54:09 UTC,
RAC1FB5240EAB9,L16F392B5D2B1,P009,2025-06-24 12:56:43 UTC,1,56.29,delivered,no_response,2025-06-24 12:58:36 UTC,state_not_covered
RA18F23ABDE9AB,LDD6D82C24BA8,P002,2025-04-12 14:59:44 UTC,1,77.36,delivered,no_response,2025-04-12 15:01:00 UTC,quality
RAF05DBD09336C,LDD6D82C24BA8,P001,2025-04-12 14:59:39 UTC,2,63.01,delivered,capacity_exceeded,2025-04-12 15:01:13 UTC,capacity
RAD7E78D91BE84,LB3166687D377,P006,2025-02-21 09:50:11 UTC,1,116.22,delivered,accepted,2025-02-21 09:52:40 UTC,
RA1F13EE1BD87D,LBF61CA82670A,P002,2025-05-04 10:27:52 UTC,1,64.16,delivered,accepted,2025-05-04 10:30:13 UTC,
RAB797534E23DB,LB98C57FE84CE,P009,2025-06-20 21:22:34 UTC,1,62.33,delivered,accepted,2025-06-20 21:25:08 UTC,
RA5B0646B92843,L37689259B7D9,P002,2025-02-24 09:46:35 UTC,1,65.77,delivered,accepted,2025-02-24 09:49:53 UTC,
RAC1323ADBAB6E,L44D2B53BFA4E,P002,2025-01-28 13:05:34 UTC,1,69.51,delivered,rejected,2025-01-28 13:09:36 UTC,state_not_covered
RADFD7F79E9188,L44D2B53BFA4E,P003,2025-01-28 13:05:13 UTC,2,74.58,delivered,no_response,2025-01-28 13:07:42 UTC,capacity
RAB8B115B23460,L9564A3F1EDF6,P009,2025-04-28 20:39:53 UTC,1,62.21,delivered,accepted,2025-04-28 20:41:00 UTC,
RA8A8F77A75FB1,L62F727C97088,P001,2025-04-11 11:42:28 UTC,1,70.76,delivered,capacity_exceeded,2025-04-11 11:44:50 UTC,state_not_covered
RA5372FFD3B22C,LA568A17E1C90,P007,2025-01-27 17:37:16 UTC,1,131.89,delivered,capacity_exceeded,2025-01-27 17:39:21 UTC,quality
RA6E8AECBD28FB,L14AC164C97E2,P009,2025-04-24 09:57:14 UTC,1,54.48,delivered,rejected,2025-04-24 09:58:38 UTC,capacity
RAB327A4290208,L14AC164C97E2,P001,2025-04-24 09:56:39 UTC,2,64.08,delivered,accepted,2025-04-24 09:57:11 UTC,
RA8CB5DDF48AB9,L883AF7B30CED,P001,2025-03-12 15:12:21 UTC,1,58.4,delivered,accepted,2025-03-12 15:13:20 UTC,
RA9E2C11C9C617,LFBA6A9E9A8AB,P002,2025-04-20 16:51:46 UTC,1,75.32,delivered,accepted,2025-04-20 16:55:00 UTC,
RA89A03F2787E3,L24F1D813BA96,P003,2025-03-17 14:32:41 UTC,1,61.03,delivered,accepted,2025-03-17 14:33:32 UTC,
RAABD9234DE17B,L79D2FF68E1AB,P010,2025-02-13 23:02:33 UTC,1,74.06,delivered,accepted,2025-02-13 23:05:11 UTC,
RAC00B65621A64,LBB644F7EDDCF,P001,2025-03-24 15:38:29 UTC,1,57.36,delivered,accepted,2025-03-24 15:41:25 UTC,
RADF843E2E0B4C,L95E1F9A0BF4F,P010,2025-05-13 13:21:22 UTC,1,82.05,delivered,capacity_exceeded,2025-05-13 13:21:45 UTC,state_not_covered
RA0F81C7F1688B,L7712ACE1F419,P010,2025-01-01 12:15:25 UTC,1,79.78,delivered,capacity_exceeded,2025-01-01 12:19:10 UTC,price_too_low
RA6B4321ACF758,L5D3143BFB65B,P005,2025-05-21 15:52:50 UTC,1,117.1,delivered,accepted,2025-05-21 15:56:34 UTC,
RAEED020B29004,L6F072AE94D2A,P002,2025-06-22 14:02:01 UTC,1,75.27,delivered,accepted,2025-06-22 14:05:52 UTC,
RA96F46AB3DCF4,L35304BC0C508,P010,2025-06-27 20:02:13 UTC,1,76.28,delivered,accepted,2025-06-27 20:03:14 UTC,
RA8936568E80D4,L6ED0B096EF18,P010,2025-06-12 12:42:59 UTC,1,68.29,delivered,accepted,2025-06-12 12:43:59 UTC,
RAC5B4183BAAE6,LAF20910196F3,P002,2025-03-01 15:49:08 UTC,1,67.94,delivered,accepted,2025-03-01 15:52:20 UTC,
RAA198E46CF9A5,LBFD85D903817,P010,2025-06-18 19:29:54 UTC,1,65.65,delivered,capacity_exceeded,2025-06-18 19:34:27 UTC,capacity
RAA900FCEFAB14,LBFD85D903817,P002,2025-06-18 19:29:37 UTC,2,79.6,delivered,accepted,2025-06-18 19:32:16 UTC,
RAB7F3167B938B,L0CA7945AD10C,P010,2025-06-22 20:51:04 UTC,1,82.21,delivered,capacity_exceeded,2025-06-22 20:55:14 UTC,capacity
RA5AB7766116D3,L12A50121718A,P003,2025-01-17 15:39:05 UTC,1,67.77,delivered,accepted,2025-01-17 15:41:12 UTC,
RA10AFED740536,LBF1CA51EE5E8,P009,2025-02-16 10:18:49 UTC,1,57.93,delivered,accepted,2025-02-16 10:22:55 UTC,
RA48996195A6A0,L9A5D1C078ADE,P005,2025-02-09 12:22:52 UTC,1,97.98,delivered,accepted,2025-02-09 12:27:48 UTC,
RAD1DA4A3D0A5F,L10B5F264B6B6,P009,2025-02-21 13:26:34 UTC,1,50.36,delivered,no_response,2025-02-21 13:27:14 UTC,quality
RA0247DBFD0C58,L75096D19D0CF,P007,2025-02-01 10:34:59 UTC,1,134.26,delivered,accepted,2025-02-01 10:36:24 UTC,
RA569E0ECB4943,L5D6A022BAE05,P005,2025-01-28 20:40:04 UTC,1,99.57,delivered,accepted,2025-01-28 20:43:27 UTC,
RAD1B2F955EDE9,L3F8E5DA1B00E,P002,2025-06-08 14:58:28 UTC,1,77.3,delivered,capacity_exceeded,2025-06-08 15:01:39 UTC,capacity
RA625333133FD7,L3F8E5DA1B00E,P003,2025-06-08 14:58:23 UTC,2,62.78,delivered,accepted,2025-06-08 15:00:56 UTC,
RA93D488191AD4,L3E352BEA6135,P003,2025-05-16 15:22:15 UTC,1,67.7,delivered,accepted,2025-05-16 15:25:36 UTC,
RAEEDCC2C82B4B,L0A5AEC1A3835,P005,2025-03-05 20:23:55 UTC,1,118.12,delivered,accepted,2025-03-05 20:24:32 UTC,
RABD8AA2F9578F,L60F5B2E4744E,P010,2025-01-02 17:10:51 UTC,1,81.92,delivered,accepted,2025-01-02 17:14:52 UTC,
RAFCA6E54D85CF,LEA7ED30A72CE,P003,2025-05-31 16:41:12 UTC,1,61.39,delivered,accepted,2025-05-31 16:44:18 UTC,
RA6459DAFF65F1,LD7191D5735AF,P002,2025-02-24 15:55:34 UTC,1,74.5,delivered,accepted,2025-02-24 15:58:45 UTC,
RAB288985DD7E5,LE667B97DE07F,P010,2025-04-22 14:54:43 UTC,1,71.4,delivered,accepted,2025-04-22 14:55:06 UTC,
RA0914595CA71E,L01D4E3A54CEB,P010,2025-03-09 15:23:44 UTC,1,71.56,delivered,accepted,2025-03-09 15:25:55 UTC,
RAF0A76B7DE6C2,L688C8CA2552D,P009,2025-03-21 16:24:23 UTC,1,62.91,delivered,rejected,2025-03-21 16:27:06 UTC,state_not_covered
RA13A0B0668095,L2BA07307ADE3,P003,2025-06-26 23:19:02 UTC,1,68.96,delivered,rejected,2025-06-26 23:23:16 UTC,state_not_covered
RA3C063BD180A8,L0550C3E67D21,P002,2025-05-27 18:24:51 UTC,1,80.2,delivered,accepted,2025-05-27 18:28:15 UTC,
RA914719BEFE3C,LC125073DFA69,P010,2025-01-03 10:20:08 UTC,1,73.65,delivered,capacity_exceeded,2025-01-03 10:21:17 UTC,quality
RAEE8A0FFE0487,LC125073DFA69,P003,2025-01-03 10:20:12 UTC,2,73.68,delivered,accepted,2025-01-03 10:20:59 UTC,
RAF03A637569E9,LB7C7063D4369,P009,2025-05-22 13:18:16 UTC,1,63.8,delivered,accepted,2025-05-22 13:22:24 UTC,
RA3DE1328D7600,L2025EF54B1B9,P002,2025-05-16 11:39:47 UTC,1,67.98,delivered,accepted,2025-05-16 11:41:05 UTC,
RA6E915731E7EE,L291A2FF73B04,P003,2025-04-08 07:49:29 UTC,1,58.17,delivered,accepted,2025-04-08 07:52:18 UTC,
RA65E9F8562FD9,LDD141665F6B4,P002,2025-01-30 10:04:13 UTC,1,73.6,delivered,capacity_exceeded,2025-01-30 10:07:34 UTC,capacity
RA381BA8313430,L050394FACB90,P001,2025-04-15 11:01:53 UTC,1,67.3,delivered,capacity_exceeded,2025-04-15 11:02:59 UTC,capacity
RA10016F4EDFD4,L41859FCD1D2F,P003,2025-05-26 13:39:58 UTC,1,68.11,delivered,no_response,2025-05-26 13:44:02 UTC,capacity
RA7A236EA0C953,L41859FCD1D2F,P010,2025-05-26 13:40:09 UTC,2,82.33,delivered,accepted,2025-05-26 13:40:50 UTC,
RAF5615A845714,LF547AAF80036,P010,2025-06-29 10:26:29 UTC,1,69.29,delivered,accepted,2025-06-29 10:29:26 UTC,
RA439142F1A2AA,LD9BAF13F4A66,P010,2025-03-31 20:28:23 UTC,1,80.5,delivered,accepted,2025-03-31 20:31:00 UTC,
RAC6840D03E441,L93F452F0F17C,P003,2025-04-04 15:09:54 UTC,1,76.58,delivered,accepted,2025-04-04 15:10:06 UTC,
RAFD709D10F79B,LE7B3D54909D3,P003,2025-05-15 10:45:17 UTC,1,75.83,delivered,accepted,2025-05-15 10:47:07 UTC,
RA9B7F07C1F086,LEF9784926733,P009,2025-03-04 18:16:23 UTC,1,61.59,delivered,capacity_exceeded,2025-03-04 18:20:09 UTC,quality
RA7D1A8ABBF06E,LEF9784926733,P003,2025-03-04 18:16:57 UTC,2,62.03,delivered,accepted,2025-03-04 18:18:33 UTC,
RA4EB776049EDD,L4AB8C2B9B55A,P006,2025-05-01 15:33:48 UTC,1,125.48,delivered,no_response,2025-05-01 15:36:15 UTC,price_too_low
RA911AD1172DA8,L4AB8C2B9B55A,P007,2025-05-01 15:33:46 UTC,2,121.66,delivered,accepted,2025-05-01 15:37:41 UTC,
RA4DCE40B6D94B,LBEB2C2055762,P002,2025-01-02 13:02:13 UTC,1,78.86,delivered,accepted,2025-01-02 13:06:13 UTC,
RAE34F6279AC01,L66DDEC3CC634,P001,2025-01-12 18:51:05 UTC,1,66.92,delivered,capacity_exceeded,2025-01-12 18:54:27 UTC,quality
RA4D5AE49A10C1,L7C158F04CF98,P010,2025-06-11 21:31:21 UTC,1,63.4,delivered,accepted,2025-06-11 21:32:26 UTC,
RA5CEF9E7F4EAC,L45054EB55E3A,P002,2025-06-04 14:09:32 UTC,1,80.16,delivered,capacity_exceeded,2025-06-04 14:13:54 UTC,quality
RAB243718DC60C,L29CF4EADFBE7,P007,2025-05-01 14:59:57 UTC,1,146.1,delivered,accepted,2025-05-01 15:02:46 UTC,
RA54525CDEE60D,L82436782BEF5,P005,2025-02-05 22:13:41 UTC,1,119.06,delivered,accepted,2025-02-05 22:14:42 UTC,
RAF870146EBD47,L9A0AE2A2E846,P003,2025-05-14 17:04:52 UTC,1,76.97,delivered,rejected,2025-05-14 17:06:28 UTC,state_not_covered
RAB6BA4B563570,LDF27862D676C,P007,2025-03-27 12:29:50 UTC,1,132.76,delivered,capacity_exceeded,2025-03-27 12:31:51 UTC,price_too_low
RA8EF871C87732,L51F101607976,P002,2025-03-11 17:32:10 UTC,1,76.62,delivered,accepted,2025-03-11 17:37:01 UTC,
RAC174661D4916,L3F362B3307E8,P005,2025-05-16 22:14:41 UTC,1,99.48,delivered,rejected,2025-05-16 22:18:31 UTC,state_not_covered
RA223C663B52BC,L5DF9ABCEBFD6,P010,2025-01-18 11:09:26 UTC,1,68.45,delivered,rejected,2025-01-18 11:13:34 UTC,price_too_low
RA29BF49417BEE,L87003B9ADD44,P007,2025-06-24 13:36:52 UTC,1,143.73,delivered,capacity_exceeded,2025-06-24 13:39:55 UTC,state_not_covered
RA9704AAFAD742,LBD8EC9AC3A91,P003,2025-04-19 19:59:38 UTC,1,72.11,delivered,no_response,2025-04-19 20:01:34 UTC,state_not_covered
RACA4F5E395D94,LF5AB2EFF7BB7,P003,2025-01-02 18:39:10 UTC,1,78.08,delivered,accepted,2025-01-02 18:40:17 UTC,
RAA64C84208200,L607BADE673B1,P002,2025-05-24 17:22:43 UTC,1,64.53,delivered,accepted,2025-05-24 17:24:42 UTC,
RA43C4CED4C903,L11C476476D48,P010,2025-06-15 18:32:45 UTC,1,64.41,delivered,rejected,2025-06-15 18:35:49 UTC,price_too_low
RAE514F45353C2,L99BA58804973,P010,2025-06-29 22:23:38 UTC,1,81.75,delivered,accepted,2025-06-29 22:26:32 UTC,
RA32A845099DA2,L1BC8B76F134D,P009,2025-01-06 07:46:11 UTC,1,54.99,delivered,rejected,2025-01-06 07:46:30 UTC,price_too_low
RAF676E2070B75,L119B1669C7B0,P009,2025-01-26 16:39:15 UTC,1,60.01,delivered,accepted,2025-01-26 16:43:41 UTC,
RAECDCDB0C27A9,L6F80715E918D,P006,2025-05-24 11:04:11 UTC,1,111.47,delivered,accepted,2025-05-24 11:05:55 UTC,
RA99FB3556EB61,L37DCB5A32C1F,P009,2025-05-22 08:18:25 UTC,1,56.94,delivered,accepted,2025-05-22 08:19:13 UTC,
RAAEE1E864D6F6,L09AD1B8E1AAF,P010,2025-04-01 20:06:30 UTC,1,74.29,delivered,accepted,2025-04-01 20:08:13 UTC,
RAE3BBED178EF0,L9413534CDA8E,P002,2025-04-18 16:57:40 UTC,1,82.48,delivered,accepted,2025-04-18 17:02:20 UTC,
RA538917D1394B,L97C0262EFDD3,P010,2025-04-17 17:33:42 UTC,1,65.01,delivered,rejected,2025-04-17 17:34:28 UTC,price_too_low
RAFDB13FFF4909,LFD934854161C,P010,2025-02-18 09:13:01 UTC,1,64.52,delivered,no_response,2025-02-18 09:16:52 UTC,quality
RA20E66B7D8C3C,LD05A7DF93BD4,P010,2025-06-28 18:12:37 UTC,1,62.36,delivered,accepted,2025-06-28 18:17:26 UTC,
RAC77DA9077A91,L75D5E837F28B,P006,2025-04-30 21:04:15 UTC,1,134.61,delivered,capacity_exceeded,2025-04-30 21:07:42 UTC,quality
RAC04C012D7AE2,L8BA7382B6482,P002,2025-03-15 10:13:59 UTC,1,73.46,delivered,accepted,2025-03-15 10:16:07 UTC,
RA12C93500736A,LC2B0BB32C73F,P010,2025-03-01 22:27:29 UTC,1,73.89,delivered,accepted,2025-03-01 22:27:52 UTC,
RA0D29A3F99A9F,L08D98B9DF8A7,P008,2025-06-30 07:53:44 UTC,1,73.09,delivered,accepted,2025-06-30 07:54:08 UTC,
RAA6013C51C3E4,LE92B561EB512,P002,2025-03-21 19:02:04 UTC,1,82.0,delivered,capacity_exceeded,2025-03-21 19:06:16 UTC,price_too_low
RA349C73BD0185,LA9227C0E5A95,P009,2025-03-27 18:52:04 UTC,1,55.61,delivered,rejected,2025-03-27 18:55:13 UTC,capacity
RA29751C5EDFEC,L3DE8FC876339,P003,2025-03-17 15:36:50 UTC,1,60.36,delivered,rejected,2025-03-17 15:38:40 UTC,state_not_covered
RAF6760E47C494,L3DE8FC876339,P002,2025-03-17 15:36:49 UTC,2,73.05,delivered,capacity_exceeded,2025-03-17 15:38:44 UTC,quality
RAABD21813F839,L3DE8FC876339,P010,2025-03-17 15:37:33 UTC,3,71.37,delivered,accepted,2025-03-17 15:41:11 UTC,
RAE89F85B1C7E3,LC63A69C823B4,P010,2025-01-24 22:44:51 UTC,1,67.95,delivered,no_response,2025-01-24 22:46:14 UTC,state_not_covered
RA99DA42C45403,LC63A69C823B4,P003,2025-01-24 22:44:14 UTC,2,78.15,delivered,accepted,2025-01-24 22:48:14 UTC,
RA4EDEB83FE09F,L77BA33302C08,P002,2025-06-14 17:04:18 UTC,1,73.78,delivered,accepted,2025-06-14 17:06:52 UTC,
RAD8A28E18084C,LDF2068864330,P001,2025-03-17 08:52:36 UTC,1,59.95,delivered,accepted,2025-03-17 08:55:01 UTC,
RA08E6D093DE9C,L63908C4ACD13,P007,2025-05-10 20:13:04 UTC,1,126.67,delivered,accepted,2025-05-10 20:17:33 UTC,
RA1DA1AF2FCCBC,LC6FFB3F83C5C,P005,2025-01-21 19:10:08 UTC,1,94.76,delivered,accepted,2025-01-21 19:10:25 UTC,
RA73C5A8581666,L367D989C1F96,P006,2025-03-28 10:42:37 UTC,1,124.04,delivered,accepted,2025-03-28 10:46:08 UTC,
RA5EFF3153FE2D,L44CB1570F9B5,P010,2025-04-06 20:16:35 UTC,1,70.65,delivered,no_response,2025-04-06 20:19:04 UTC,state_not_covered
RA3F94E4CBD561,LE3818C88D502,P003,2025-06-09 21:21:43 UTC,1,63.57,delivered,accepted,2025-06-09 21:25:32 UTC,
RA4DEAB2B6EF33,L77973F9C5586,P002,2025-01-27 21:57:02 UTC,1,67.96,delivered,accepted,2025-01-27 22:00:23 UTC,
RA8562B069739A,L0F511EAC8B3D,P003,2025-04-20 13:15:23 UTC,1,59.63,delivered,rejected,2025-04-20 13:16:23 UTC,capacity
RA477A4F03A1B0,L8C409B168F0C,P005,2025-02-03 18:00:31 UTC,1,90.69,delivered,accepted,2025-02-03 18:01:56 UTC,
RAFA648E2102D3,L493DAD9D134B,P007,2025-02-07 16:59:24 UTC,1,142.05,delivered,rejected,2025-02-07 17:04:01 UTC,price_too_low
RA7EB51B79B805,L67ABFDBE5D49,P010,2025-03-21 13:40:46 UTC,1,69.09,delivered,accepted,2025-03-21 13:45:46 UTC,
RA68AAC78AFFEF,L8CD9DBE8E650,P003,2025-05-06 22:15:39 UTC,1,66.97,delivered,accepted,2025-05-06 22:17:16 UTC,
RAED2AEADCD995,LDEAAC97266AE,P004,2025-04-29 14:11:00 UTC,1,87.24,delivered,accepted,2025-04-29 14:11:33 UTC,
RAA8CD33E77913,L82C6FDF19ADF,P008,2025-01-03 13:55:04 UTC,1,71.6,delivered,accepted,2025-01-03 13:58:32 UTC,
RA244AE7AE3F65,LB0F3505C7335,P003,2025-01-19 20:12:53 UTC,1,65.68,delivered,accepted,2025-01-19 20:16:05 UTC,
RAAB52D4A67026,L60227210B9D0,P006,2025-04-23 16:31:20 UTC,1,120.84,delivered,accepted,2025-04-23 16:32:41 UTC,
RAC90E3628376B,L5A30B647F71C,P003,2025-03-20 21:09:16 UTC,1,77.61,delivered,accepted,2025-03-20 21:10:04 UTC,
RA40C0153EBF65,L913008E0FEE9,P003,2025-05-17 21:22:24 UTC,1,77.92,delivered,rejected,2025-05-17 21:26:21 UTC,quality
RAFA6AE5E6E221,LBB75C9DF5644,P002,2025-06-23 11:28:19 UTC,1,81.23,delivered,rejected,2025-06-23 11:29:43 UTC,price_too_low
RAA864CB2F4F26,LF2F192C9D9A1,P010,2025-01-30 16:24:30 UTC,1,68.01,delivered,capacity_exceeded,2025-01-30 16:25:06 UTC,state_not_covered
RA7241B3AF3616,L5B0A22F71AFC,P001,2025-03-10 10:07:29 UTC,1,67.74,delivered,accepted,2025-03-10 10:10:40 UTC,
RA24527FE4A38B,L97C5C29BAA1F,P002,2025-06-16 07:50:09 UTC,1,67.9,delivered,accepted,2025-06-16 07:54:06 UTC,
RA180AA9DAA970,L23DFDE017D02,P005,2025-02-20 15:12:10 UTC,1,118.36,delivered,rejected,2025-02-20 15:16:48 UTC,state_not_covered
RA8247C091BE39,L6E53FC9C1DA3,P009,2025-02-19 19:07:09 UTC,1,64.4,delivered,accepted,2025-02-19 19:09:28 UTC,
RAF443209EFAC3,LAA6363249AC8,P005,2025-01-31 23:11:58 UTC,1,111.63,delivered,accepted,2025-01-31 23:14:07 UTC,
RA38CE312E1F85,LAE37143A8E94,P010,2025-06-18 17:32:34 UTC,1,66.47,delivered,capacity_exceeded,2025-06-18 17:36:07 UTC,price_too_low
RA95DB9F0EC1B8,LA1B30D0D66CE,P003,2025-06-11 11:46:23 UTC,1,77.25,delivered,accepted,2025-06-11 11:51:18 UTC,
RA52F3BA9D80DA,L60738AC0EF20,P009,2025-03-31 16:07:53 UTC,1,65.91,delivered,no_response,2025-03-31 16:10:48 UTC,price_too_low
RA75DFE6C7526A,L937535200C72,P009,2025-01-08 21:26:05 UTC,1,51.46,delivered,no_response,2025-01-08 21:28:59 UTC,price_too_low
RAF7F6835730F8,L937535200C72,P001,2025-01-08 21:26:29 UTC,2,60.04,delivered,accepted,2025-01-08 21:29:48 UTC,
RA60FDD9688E26,L4D3188535EAC,P010,2025-06-09 19:04:18 UTC,1,70.63,delivered,accepted,2025-06-09 19:08:33 UTC,
RAEBB7E8FFF406,L0139B4CA0411,P001,2025-05-14 13:54:18 UTC,1,69.73,delivered,accepted,2025-05-14 13:56:23 UTC,
RA8452983B7155,L1DBD993FDC0F,P003,2025-02-18 22:14:03 UTC,1,65.32,delivered,accepted,2025-02-18 22:16:34 UTC,
RA352927C971B1,LF8F6B4CD6A81,P003,2025-04-28 18:35:20 UTC,1,61.78,delivered,rejected,2025-04-28 18:36:47 UTC,state_not_covered
RAF37A9B364EC0,L9DD950BA30E5,P005,2025-02-06 19:58:36 UTC,1,90.46,delivered,capacity_exceeded,2025-02-06 20:00:09 UTC,price_too_low
RA88BADE4A137A,LC65C97548731,P009,2025-02-01 10:53:18 UTC,1,53.06,delivered,capacity_exceeded,2025-02-01 10:56:18 UTC,quality
RA54C8B719B5F7,LF008AD1E74DC,P002,2025-06-07 18:31:49 UTC,1,65.88,delivered,rejected,2025-06-07 18:32:38 UTC,capacity
RA0D7457A7C630,LF008AD1E74DC,P001,2025-06-07 18:32:23 UTC,2,70.24,delivered,accepted,2025-06-07 18:32:35 UTC,
RAED249F887BB4,L080C01FE41F5,P002,2025-02-23 08:31:28 UTC,1,77.86,delivered,accepted,2025-02-23 08:31:43 UTC,
RA341C3DF9708E,LFF55998C403A,P006,2025-01-15 21:14:24 UTC,1,116.41,delivered,accepted,2025-01-15 21:17:30 UTC,
RAD2BF4E77B697,L706FB48F58A6,P005,2025-01-29 13:05:30 UTC,1,101.31,delivered,capacity_exceeded,2025-01-29 13:09:39 UTC,capacity
RA9F6A94E4F631,L33C45C4FA233,P002,2025-06-24 11:22:00 UTC,1,73.44,delivered,accepted,2025-06-24 11:23:33 UTC,
RAAC21517C1333,L002DEB5B124C,P002,2025-05-28 21:41:39 UTC,1,78.07,delivered,capacity_exceeded,2025-05-28 21:46:23 UTC,price_too_low
RA145E4675C0ED,LBF8404552EAA,P005,2025-05-24 08:20:14 UTC,1,119.68,delivered,accepted,2025-05-24 08:22:40 UTC,
RA9698BABBFA54,LFFFE43E0233F,P003,2025-06-15 17:26:16 UTC,1,69.44,delivered,no_response,2025-06-15 17:31:13 UTC,quality
RAA706BD8A20B3,LFFFE43E0233F,P002,2025-06-15 17:25:42 UTC,2,75.15,delivered,capacity_exceeded,2025-06-15 17:28:16 UTC,state_not_covered
RA575167B78372,LDEE0E6424867,P007,2025-05-01 11:27:38 UTC,1,122.17,delivered,accepted,2025-05-01 11:29:28 UTC,
RAA9760BBB6DD0,L5A10FD129527,P009,2025-04-05 14:36:53 UTC,1,56.3,delivered,accepted,2025-04-05 14:37:10 UTC,
RAFE9CA089C8C7,LD95A40F44D74,P010,2025-01-29 12:20:46 UTC,1,66.47,delivered,accepted,2025-01-29 12:22:47 UTC,
RAA16DD9828BF0,L2C16037DBB72,P003,2025-04-27 13:11:23 UTC,1,75.7,delivered,capacity_exceeded,2025-04-27 13:14:31 UTC,state_not_covered
RAF9555337DE51,L8C716A2645CC,P003,2025-03-22 07:12:23 UTC,1,60.43,delivered,accepted,2025-03-22 07:17:17 UTC,
RADFEABF0E7AAF,LDB1F6E9A2F26,P009,2025-01-11 22:28:28 UTC,1,58.75,delivered,accepted,2025-01-11 22:31:18 UTC,
RA1C824C9BCC66,LC426C55F4E7A,P003,2025-01-07 21:54:30 UTC,1,58.65,delivered,rejected,2025-01-07 21:56:59 UTC,state_not_covered
RA0C7461276584,L45D4901E412A,P001,2025-05-05 09:38:03 UTC,1,68.51,delivered,no_response,2025-05-05 09:40:40 UTC,capacity
RAA96C3DE556CA,L89DB83F95A0D,P010,2025-04-16 21:53:20 UTC,1,70.28,delivered,no_response,2025-04-16 21:57:20 UTC,quality
RAEA53496BC0E9,L190017169C58,P001,2025-04-30 18:07:18 UTC,1,62.52,delivered,accepted,2025-04-30 18:08:11 UTC,
RA7C2D9831EF0E,LCDC13AFB84D9,P007,2025-02-08 16:41:57 UTC,1,145.95,delivered,no_response,2025-02-08 16:46:25 UTC,price_too_low
RA433D16EA8EC5,LCDC13AFB84D9,P006,2025-02-08 16:42:34 UTC,2,111.69,delivered,accepted,2025-02-08 16:46:43 UTC,
RA33F396383B6D,L6CDD5B94727B,P006,2025-03-26 19:45:39 UTC,1,124.64,delivered,accepted,2025-03-26 19:50:05 UTC,
RADBC7CF371C80,L8ECDFC370BF7,P010,2025-03-02 10:11:46 UTC,1,73.44,delivered,accepted,2025-03-02 10:13:14 UTC,
RAAF08C7FAF293,L100381112441,P010,2025-04-06 10:53:59 UTC,1,68.35,delivered,capacity_exceeded,2025-04-06 10:54:43 UTC,capacity
RA56A00F4D85C0,L8FF2CC018899,P003,2025-02-27 11:06:02 UTC,1,57.88,delivered,rejected,2025-02-27 11:08:19 UTC,capacity
RAEFD3EBEF4BE6,L5B47CE012066,P010,2025-05-15 11:16:37 UTC,1,69.24,delivered,accepted,2025-05-15 11:19:08 UTC,
RADAF45E500839,L43CA94CB490C,P009,2025-04-28 11:54:37 UTC,1,52.27,delivered,accepted,2025-04-28 11:56:38 UTC,
RA55FD1116F81C,L68599CDBF169,P001,2025-06-16 18:37:33 UTC,1,64.55,delivered,accepted,2025-06-16 18:40:48 UTC,
RA49013F15C4D6,L967BE6C83FEA,P010,2025-03-26 20:23:54 UTC,1,71.03,delivered,accepted,2025-03-26 20:26:44 UTC,
RA5869FCDAC4A5,L0CAA816694C2,P009,2025-05-29 22:01:03 UTC,1,62.73,delivered,capacity_exceeded,2025-05-29 22:05:23 UTC,state_not_covered
RAB69B39A05969,LA7F7B3B9DBF4,P004,2025-01-20 08:47:27 UTC,1,89.56,delivered,accepted,2025-01-20 08:48:09 UTC,
RA757E6EFCA1D3,L16F12FAC6A5B,P005,2025-05-05 07:30:47 UTC,1,100.23,delivered,accepted,2025-05-05 07:34:10 UTC,
RA18F1C6524740,LD9EEA2DBEB85,P006,2025-01-30 20:12:57 UTC,1,128.88,delivered,accepted,2025-01-30 20:15:37 UTC,
RA7DCF3B4DB5A3,L91F4697D0B34,P010,2025-03-20 09:46:41 UTC,1,76.32,delivered,capacity_exceeded,2025-03-20 09:51:30 UTC,capacity
RA64A507CE51F8,L687E18BF3C8A,P010,2025-06-07 12:01:56 UTC,1,82.24,delivered,no_response,2025-06-07 12:05:56 UTC,state_not_covered
RA4E8B49523A0D,L687E18BF3C8A,P009,2025-06-07 12:01:57 UTC,2,62.98,delivered,capacity_exceeded,2025-06-07 12:04:21 UTC,state_not_covered
RAF3935B4E0723,L7C3262009956,P003,2025-05-27 07:49:06 UTC,1,72.16,delivered,rejected,2025-05-27 07:52:58 UTC,capacity
RA20DB83BFD41B,L7C3262009956,P002,2025-05-27 07:49:12 UTC,2,81.4,delivered,accepted,2025-05-27 07:50:19 UTC,
RAF3083A0E39ED,L3E5EC0F77D5B,P009,2025-06-11 21:41:47 UTC,1,57.44,delivered,accepted,2025-06-11 21:46:06 UTC,
RA641E2C586A99,LD88C6168F0F9,P009,2025-03-20 08:33:00 UTC,1,52.51,delivered,accepted,2025-03-20 08:35:53 UTC,
RA05AE9E3C6FAB,LC73791E932F3,P002,2025-02-26 23:13:47 UTC,1,76.02,delivered,accepted,2025-02-26 23:18:25 UTC,
RA8626A50CCE04,L135CD5107011,P003,2025-03-31 13:05:59 UTC,1,66.77,delivered,rejected,2025-03-31 13:10:10 UTC,quality
RA62AA86993F0B,LB71F0D4AC2DF,P009,2025-02-16 22:27:18 UTC,1,63.94,delivered,accepted,2025-02-16 22:31:43 UTC,
RA69BA64E9CC91,L1ACF4BFAD1D4,P010,2025-05-16 14:02:51 UTC,1,73.04,delivered,no_response,2025-05-16 14:03:28 UTC,state_not_covered
RA2EB59823F097,L1ACF4BFAD1D4,P003,2025-05-16 14:02:45 UTC,2,77.81,delivered,accepted,2025-05-16 14:03:18 UTC,
RA24EBAE6C9036,LA457E28FB104,P003,2025-06-23 07:22:01 UTC,1,70.06,delivered,accepted,2025-06-23 07:25:47 UTC,
RA1C7663ADC7E1,L3E2E7789B93C,P010,2025-04-05 08:14:09 UTC,1,67.12,delivered,accepted,2025-04-05 08:16:01 UTC,
RAAD41A9F3496C,L938591620DBB,P010,2025-05-05 10:04:01 UTC,1,63.56,delivered,accepted,2025-05-05 10:05:10 UTC,
RAEF43A38A85F8,LB0D6B515BA83,P002,2025-05-02 13:58:01 UTC,1,83.89,delivered,rejected,2025-05-02 14:02:47 UTC,quality
RAC796403E95DB,LB0D6B515BA83,P003,2025-05-02 13:58:11 UTC,2,59.35,delivered,accepted,2025-05-02 13:59:11 UTC,
RAB25CF8B90422,L543B9AC7C1FF,P010,2025-01-14 17:26:48 UTC,1,70.8,delivered,accepted,2025-01-14 17:28:11 UTC,
RA42CBF0DBE568,L9204124A48AF,P001,2025-05-16 09:15:43 UTC,1,74.56,delivered,accepted,2025-05-16 09:16:36 UTC,
RA7ABE0700A415,L7EA50301019A,P001,2025-01-30 15:21:45 UTC,1,61.56,delivered,accepted,2025-01-30 15:22:51 UTC,
RA87AE237B4534,L9BF1535DDC41,P001,2025-05-13 12:49:28 UTC,1,68.09,delivered,no_response,2025-05-13 12:51:54 UTC,price_too_low
RAA3D4736726E0,L9BF1535DDC41,P009,2025-05-13 12:49:18 UTC,2,63.98,delivered,capacity_exceeded,2025-05-13 12:51:07 UTC,quality
RA1F9CA8B7B9BE,L9BF1535DDC41,P003,2025-05-13 12:49:16 UTC,3,62.5,delivered,accepted,2025-05-13 12:52:50 UTC,
RA12C0076C857F,L400B617A5A3E,P001,2025-01-05 17:59:50 UTC,1,58.91,delivered,accepted,2025-01-05 18:02:48 UTC,
RA10647F67C038,L27D171608950,P003,2025-05-22 10:14:44 UTC,1,58.64,delivered,accepted,2025-05-22 10:16:05 UTC,
RAD9087AB0F601,L0413725D9242,P010,2025-06-09 09:31:54 UTC,1,73.71,delivered,accepted,2025-06-09 09:33:06 UTC,
RAAFD876E5B9E2,L1F688AD6490B,P005,2025-05-04 07:17:06 UTC,1,92.83,delivered,capacity_exceeded,2025-05-04 07:18:36 UTC,quality
RA5DD4469BDAC1,L1F7B44FB16ED,P003,2025-06-12 11:31:11 UTC,1,66.83,delivered,accepted,2025-06-12 11:31:31 UTC,
RAEAAFEF08EA35,LDBDEB0305461,P005,2025-01-24 14:03:29 UTC,1,111.84,delivered,accepted,2025-01-24 14:04:50 UTC,
RA0488E127C2D0,LCE92BD374C3A,P005,2025-03-08 21:34:34 UTC,1,115.3,delivered,rejected,2025-03-08 21:39:08 UTC,price_too_low
RA3FEE74E3E2DC,LDBAC2D4DDF60,P010,2025-06-20 12:50:13 UTC,1,68.31,delivered,accepted,2025-06-20 12:52:40 UTC,
RADEA7C69263D4,L62347FD805EF,P002,2025-04-18 10:42:13 UTC,1,82.06,delivered,capacity_exceeded,2025-04-18 10:45:59 UTC,state_not_covered
RABA35863968AC,L62347FD805EF,P009,2025-04-18 10:42:09 UTC,2,52.51,delivered,accepted,2025-04-18 10:46:28 UTC,
RA33DA719006AF,LDF6063D96DAA,P002,2025-01-21 19:10:34 UTC,1,74.53,delivered,accepted,2025-01-21 19:11:59 UTC,
RA95FBE226B406,L0945471D2CD2,P001,2025-02-24 18:43:07 UTC,1,74.23,delivered,rejected,2025-02-24 18:43:49 UTC,price_too_low
RA6EBDC89BF45F,L0945471D2CD2,P002,2025-02-24 18:43:20 UTC,2,68.16,delivered,accepted,2025-02-24 18:46:55 UTC,
RAA0331E6E7B77,LA4BC7B87A0E9,P001,2025-06-16 20:02:12 UTC,1,55.63,delivered,accepted,2025-06-16 20:03:23 UTC,
RA9420E0F03447,L6DED2F63298E,P007,2025-04-21 20:33:59 UTC,1,115.74,delivered,capacity_exceeded,2025-04-21 20:34:41 UTC,state_not_covered
RA1EDA22E0786D,L176543800ED1,P007,2025-05-09 17:55:05 UTC,1,121.61,delivered,rejected,2025-05-09 17:57:43 UTC,quality
RAC6F73912D253,L1A951AD6D3AF,P003,2025-05-03 21:03:07 UTC,1,71.24,delivered,accepted,2025-05-03 21:07:21 UTC,
RA50133A1B54ED,L8D5631D09A8A,P001,2025-04-23 16:43:01 UTC,1,62.92,delivered,capacity_exceeded,2025-04-23 16:47:31 UTC,quality
RA2AB38A16466D,L1C887EBB14EA,P009,2025-03-15 21:23:27 UTC,1,58.35,delivered,accepted,2025-03-15 21:24:46 UTC,
RAF443E3D7649A,L92178FF5BEF7,P003,2025-03-13 13:05:26 UTC,1,65.75,delivered,capacity_exceeded,2025-03-13 13:06:54 UTC,state_not_covered
RAA759B92AF63C,L782DC3AE1132,P001,2025-02-20 13:57:15 UTC,1,61.0,delivered,rejected,2025-02-20 13:57:57 UTC,price_too_low
RA05AEF19C9AE0,L782DC3AE1132,P010,2025-02-20 13:57:30 UTC,2,63.09,delivered,accepted,2025-02-20 13:59:05 UTC,
RA33B39865C179,L9EA4157D7155,P002,2025-02-09 21:32:41 UTC,1,72.97,delivered,rejected,2025-02-09 21:35:23 UTC,state_not_covered
RAE0B31F575E26,L0C8E48D65396,P001,2025-03-20 14:19:54 UTC,1,69.8,delivered,rejected,2025-03-20 14:20:31 UTC,capacity
RA9F22DB130777,L61D6770F0EE1,P002,2025-04-05 18:53:18 UTC,1,70.28,delivered,accepted,2025-04-05 18:54:11 UTC,
RAE1CDF067C960,L8426C9948A8B,P002,2025-05-11 10:27:47 UTC,1,84.16,delivered,accepted,2025-05-11 10:32:10 UTC,
RA2346353F5094,L85CF1FA7FE87,P005,2025-01-03 16:48:28 UTC,1,118.48,delivered,accepted,2025-01-03 16:50:47 UTC,
RAD5CA3AB0A789,L64F8EFAC3168,P002,2025-05-15 09:37:28 UTC,1,80.91,delivered,accepted,2025-05-15 09:37:41 UTC,
RA2CFCE7493277,L59653F8FB95A,P010,2025-03-01 14:00:22 UTC,1,72.72,delivered,no_response,2025-03-01 14:02:50 UTC,price_too_low
RA9501AE051D86,LAA8FDF37D62E,P010,2025-04-04 17:57:30 UTC,1,80.26,delivered,accepted,2025-04-04 18:00:36 UTC,
RA93E893A5E879,LD0EC7844BCBD,P001,2025-03-24 15:47:27 UTC,1,70.92,delivered,accepted,2025-03-24 15:48:10 UTC,
RA2DA38810255E,LDF06007CCAE2,P010,2025-06-28 09:38:27 UTC,1,76.53,delivered,rejected,2025-06-28 09:39:49 UTC,price_too_low
RAE47A2EF52627,LDF06007CCAE2,P009,2025-06-28 09:39:01 UTC,2,52.55,delivered,accepted,2025-06-28 09:40:34 UTC,
RA72D4C7196FAD,L9D28C98E5756,P001,2025-06-14 12:30:37 UTC,1,63.03,delivered,accepted,2025-06-14 12:33:14 UTC,
RADF7FB5FEB8D7,L680404B676E8,P004,2025-05-12 16:09:04 UTC,1,95.91,delivered,accepted,2025-05-12 16:11:16 UTC,
RA8E268226F674,LEC40EC1821E9,P010,2025-02-28 09:45:06 UTC,1,81.37,delivered,no_response,2025-02-28 09:46:07 UTC,price_too_low
RACEF6D0125C0A,L1828EB67D284,P004,2025-03-11 10:11:14 UTC,1,95.33,delivered,capacity_exceeded,2025-03-11 10:12:03 UTC,state_not_covered
RA0A6B867A1371,LD0BFC48987DE,P010,2025-02-17 11:50:09 UTC,1,82.26,delivered,accepted,2025-02-17 11:51:08 UTC,
RA2C1F0718BEE3,L31081087CEE6,P010,2025-01-09 18:59:11 UTC,1,78.2,delivered,capacity_exceeded,2025-01-09 18:59:28 UTC,price_too_low
RAB29B91F8A01D,LF19EB6D43114,P010,2025-04-09 12:10:42 UTC,1,64.75,delivered,accepted,2025-04-09 12:12:42 UTC,
RAD2A9E6527377,L98D347B81A8D,P005,2025-03-17 16:57:18 UTC,1,114.74,delivered,accepted,2025-03-17 17:02:07 UTC,
RAAC0CB40D6B19,L35009F5BCD27,P007,2025-06-23 11:06:46 UTC,1,110.16,delivered,accepted,2025-06-23 11:11:11 UTC,
RA970F493C847E,L3483616D461A,P004,2025-03-16 10:02:01 UTC,1,91.92,delivered,accepted,2025-03-16 10:06:51 UTC,
RA31A05ECA8B43,L69995B5ABEA7,P010,2025-01-19 17:33:10 UTC,1,63.42,delivered,no_response,2025-01-19 17:38:05 UTC,state_not_covered
RABAD43C7D97CF,LA96B5FD38F03,P003,2025-05-15 16:02:46 UTC,1,60.86,delivered,accepted,2025-05-15 16:07:02 UTC,
RA5D4E7ADDE6E4,L2092B21DA3B2,P009,2025-03-07 14:01:49 UTC,1,60.26,delivered,accepted,2025-03-07 14:03:12 UTC,
RA2065D77BFAB2,L8B8F94560EFA,P003,2025-05-19 18:26:03 UTC,1,58.57,delivered,accepted,2025-05-19 18:28:14 UTC,
RAFF920EFC24AB,LBB558569EBB6,P009,2025-05-26 21:29:38 UTC,1,53.55,delivered,no_response,2025-05-26 21:33:16 UTC,quality
RA605C79C0AAFD,LBB558569EBB6,P003,2025-05-26 21:29:51 UTC,2,78.08,delivered,capacity_exceeded,2025-05-26 21:34:08 UTC,price_too_low
RA89EA6766564D,L9112B0762008,P002,2025-05-09 20:45:26 UTC,1,69.91,delivered,accepted,2025-05-09 20:49:24 UTC,
RA8FB61EB2D914,L41E9F5434859,P002,2025-01-24 17:28:23 UTC,1,71.02,delivered,accepted,2025-01-24 17:33:17 UTC,
RA908BB7697EDA,L0ABEC5C81430,P002,2025-02-15 17:59:29 UTC,1,66.72,delivered,accepted,2025-02-15 18:03:35 UTC,
RA2273E8BA4F3C,LB58B205AAC7C,P010,2025-03-18 07:32:13 UTC,1,62.66,delivered,accepted,2025-03-18 07:34:41 UTC,
RA4F374E35E8AC,LF61D6D9CF668,P010,2025-04-02 16:33:59 UTC,1,80.18,delivered,accepted,2025-04-02 16:34:17 UTC,
RA02DE2D8342B0,LA059D6D5808A,P003,2025-01-31 18:10:17 UTC,1,64.64,delivered,rejected,2025-01-31 18:11:52 UTC,capacity
RA7A2DD42BDF48,LE84943392BF4,P002,2025-03-17 22:14:59 UTC,1,70.73,delivered,accepted,2025-03-17 22:19:00 UTC,
RA134171B2740D,L323C8FDDE8A6,P003,2025-02-25 17:00:11 UTC,1,66.98,delivered,rejected,2025-02-25 17:02:11 UTC,quality
RA9EBB7BEDCCB8,L323C8FDDE8A6,P002,2025-02-25 16:59:58 UTC,2,73.35,delivered,accepted,2025-02-25 17:00:34 UTC,
RA9DF98C0B322D,L03EA622922AE,P003,2025-02-19 09:42:59 UTC,1,58.86,delivered,rejected,2025-02-19 09:47:48 UTC,capacity
RAA73534FC8975,L4BA9D75DB912,P010,2025-02-15 21:38:19 UTC,1,73.88,delivered,accepted,2025-02-15 21:39:15 UTC,
RA88C5CD1CB4FC,LD46BBC5B171E,P010,2025-06-25 22:01:26 UTC,1,76.76,delivered,accepted,2025-06-25 22:05:08 UTC,
RADF4057D4C5EA,L855DE8A73BB6,P002,2025-05-07 19:15:57 UTC,1,85.84,delivered,no_response,2025-05-07 19:18:37 UTC,capacity
RA97B505E3797F,LBA3348EEB43B,P008,2025-02-14 07:57:04 UTC,1,75.02,delivered,accepted,2025-02-14 07:58:39 UTC,
RA94E4B87BB3EF,L1E48528DB4D3,P001,2025-03-01 16:35:12 UTC,1,59.62,delivered,accepted,2025-03-01 16:37:13 UTC,
RA5E7B5BC2F60C,L132B0D4A3F5D,P009,2025-06-18 09:52:47 UTC,1,53.58,delivered,accepted,2025-06-18 09:57:05 UTC,
RA63EB5D9FD67B,L156289852ADA,P010,2025-01-10 14:52:00 UTC,1,75.59,delivered,capacity_exceeded,2025-01-10 14:55:18 UTC,quality
RA14C989062118,L49470C86B016,P006,2025-02-08 21:16:30 UTC,1,113.93,delivered,rejected,2025-02-08 21:19:30 UTC,state_not_covered
RAD9F403929CAC,L0542F43F3821,P003,2025-05-19 16:27:25 UTC,1,59.81,delivered,rejected,2025-05-19 16:28:19 UTC,state_not_covered
RA11160C723D43,L0542F43F3821,P009,2025-05-19 16:27:12 UTC,2,56.97,delivered,accepted,2025-05-19 16:29:25 UTC,
RA533DFE838AE3,LE17E92FFFE01,P005,2025-02-18 21:03:11 UTC,1,95.7,delivered,no_response,2025-02-18 21:03:23 UTC,state_not_covered
RAD69D5D7538CF,LF873A0E6D1C9,P010,2025-04-25 12:15:51 UTC,1,69.62,delivered,accepted,2025-04-25 12:17:46 UTC,
RA0AC2EE68C72E,L25CF81A807A6,P010,2025-06-17 13:11:23 UTC,1,68.87,delivered,rejected,2025-06-17 13:12:25 UTC,price_too_low
RA95BD8EAC01DD,L25CF81A807A6,P002,2025-06-17 13:11:18 UTC,2,72.04,delivered,accepted,2025-06-17 13:11:43 UTC,
RA5CA04F7ECD4F,LF736F2E66301,P007,2025-03-28 23:07:36 UTC,1,128.95,delivered,no_response,2025-03-28 23:10:20 UTC,quality
RA4AFFB0B20C52,LAA8CA1CEA11D,P005,2025-01-17 20:05:44 UTC,1,98.59,delivered,accepted,2025-01-17 20:08:00 UTC,
RA164BB6801307,LEB6417AB18F6,P009,2025-04-01 14:56:35 UTC,1,49.67,delivered,accepted,2025-04-01 15:01:11 UTC,
RA9EF26E9FACF4,LE2479226F6DA,P002,2025-01-21 16:52:28 UTC,1,70.4,delivered,accepted,2025-01-21 16:54:58 UTC,
RAD982042AFBAC,LD4F93DF5510A,P009,2025-04-28 11:45:03 UTC,1,61.65,delivered,no_response,2025-04-28 11:49:20 UTC,price_too_low
RA916222AFDE3A,L7A11E42BF611,P010,2025-01-08 13:27:46 UTC,1,78.91,delivered,accepted,2025-01-08 13:29:37 UTC,
RAF2AFF2421136,L55971EEC3519,P010,2025-05-21 23:11:15 UTC,1,61.78,delivered,accepted,2025-05-21 23:15:11 UTC,
RAA87AA5A62853,LCFA5D1A4E502,P010,2025-05-29 14:55:07 UTC,1,69.66,delivered,accepted,2025-05-29 14:56:32 UTC,
RAB2EEC41E7141,L7C35FEDCA891,P002,2025-01-07 11:25:38 UTC,1,82.16,delivered,rejected,2025-01-07 11:29:01 UTC,capacity
RA087C3477E4B8,L871EA6E6EC21,P005,2025-02-27 18:38:16 UTC,1,101.91,delivered,accepted,2025-02-27 18:42:13 UTC,
RA44B9D394D7FC,LBCE7EE197E83,P003,2025-06-30 18:44:46 UTC,1,64.14,delivered,accepted,2025-06-30 18:46:03 UTC,
RABDE2914344BF,L41E84D6D0193,P002,2025-06-13 18:20:52 UTC,1,79.78,delivered,accepted,2025-06-13 18:22:29 UTC,
RAC007D0B12D64,LBC0458BCD791,P001,2025-06-07 21:17:22 UTC,1,74.15,delivered,accepted,2025-06-07 21:18:25 UTC,
RA4CFC7D1135F9,LF332A61423ED,P001,2025-04-21 16:28:09 UTC,1,59.53,delivered,no_response,2025-04-21 16:29:05 UTC,capacity
RA81A92E051E0A,L6CA1271DA452,P003,2025-05-05 21:19:18 UTC,1,62.02,delivered,no_response,2025-05-05 21:21:57 UTC,state_not_covered
RAE6DF37AEC089,L6CA1271DA452,P002,2025-05-05 21:18:23 UTC,2,65.85,delivered,accepted,2025-05-05 21:19:40 UTC,
RA14C95756A424,L508F7F37D276,P010,2025-04-26 14:53:31 UTC,1,73.44,delivered,accepted,2025-04-26 14:53:43 UTC,
RAF76FADBAFC6B,L393EFFAA646C,P002,2025-04-20 13:30:38 UTC,1,72.65,delivered,accepted,2025-04-20 13:35:33 UTC,
RA14773CD3FA1B,L83F3ABCA0584,P003,2025-01-01 22:12:48 UTC,1,58.49,delivered,no_response,2025-01-01 22:17:13 UTC,price_too_low
RAC6765C8287B0,L83F3ABCA0584,P008,2025-01-01 22:13:13 UTC,2,80.64,delivered,capacity_exceeded,2025-01-01 22:17:00 UTC,capacity
RA9392D7143F0D,L924CFBC52DA8,P003,2025-06-20 14:43:47 UTC,1,66.67,delivered,no_response,2025-06-20 14:48:39 UTC,state_not_covered
RA57ACA3371271,L924CFBC52DA8,P002,2025-06-20 14:43:50 UTC,2,77.84,delivered,accepted,2025-06-20 14:44:45 UTC,
RADE937766A93E,LF67310B7B5CE,P009,2025-02-26 15:42:17 UTC,1,62.86,delivered,accepted,2025-02-26 15:43:32 UTC,
RA008421805210,L060B2EE31AE4,P002,2025-04-04 21:18:49 UTC,1,74.44,delivered,accepted,2025-04-04 21:19:36 UTC,
RAA22CC1ADC464,L44ADF74659EC,P003,2025-06-26 16:56:14 UTC,1,60.47,delivered,accepted,2025-06-26 16:56:46 UTC,
RA57C212E3A039,L837D98F5354A,P005,2025-01-05 11:31:09 UTC,1,96.07,delivered,accepted,2025-01-05 11:34:07 UTC,
RAAA3DA25F0F27,LCB56F129B023,P010,2025-04-19 17:38:32 UTC,1,70.91,delivered,accepted,2025-04-19 17:39:02 UTC,
RAEF41E59C0D7D,L4BC2804DCF94,P010,2025-04-22 13:24:22 UTC,1,78.05,delivered,accepted,2025-04-22 13:27:24 UTC,
RAAEE1BE4C711D,L258E43B882FA,P002,2025-03-14 13:41:13 UTC,1,79.93,delivered,accepted,2025-03-14 13:41:29 UTC,
RACAB677FACFD4,L5FD329CDE26B,P010,2025-01-02 20:21:09 UTC,1,65.92,delivered,capacity_exceeded,2025-01-02 20:23:01 UTC,quality
RA6EBBBBCA43B3,L5FD329CDE26B,P009,2025-01-02 20:21:32 UTC,2,50.02,delivered,no_response,2025-01-02 20:23:06 UTC,quality
RAC881CE1936EB,L62CECBD2A8E3,P010,2025-04-04 14:41:35 UTC,1,69.39,delivered,accepted,2025-04-04 14:42:36 UTC,
RA0442BE3BC4E7,L900F5D13B6EB,P010,2025-06-05 10:15:01 UTC,1,61.6,delivered,capacity_exceeded,2025-06-05 10:16:15 UTC,capacity
RAAC07E4018B20,L900F5D13B6EB,P001,2025-06-05 10:15:36 UTC,2,64.5,delivered,accepted,2025-06-05 10:17:47 UTC,
RA6C9FE7C92DBE,L7051190095B0,P009,2025-04-12 15:33:25 UTC,1,58.15,delivered,accepted,2025-04-12 15:36:09 UTC,
RA2CBE836C2468,L39BA1FEDA446,P010,2025-05-24 14:21:06 UTC,1,71.59,delivered,accepted,2025-05-24 14:21:28 UTC,
RAA58851FCF8B4,L3109A4DEAE48,P002,2025-04-17 07:50:11 UTC,1,65.5,delivered,accepted,2025-04-17 07:54:20 UTC,
RA76AD90179406,L643937EDAA7A,P005,2025-01-25 11:41:08 UTC,1,105.61,delivered,accepted,2025-01-25 11:45:40 UTC,
RA41DA317849D5,L62D971EA7AF4,P009,2025-02-20 19:46:57 UTC,1,66.3,delivered,accepted,2025-02-20 19:48:52 UTC,
RAACA0B16CB9A2,LA90206AE902E,P010,2025-05-31 18:47:21 UTC,1,77.08,delivered,accepted,2025-05-31 18:50:06 UTC,
RA2DCF716EB990,LFB7472BC91A3,P002,2025-02-20 20:21:26 UTC,1,77.34,delivered,accepted,2025-02-20 20:22:21 UTC,
RAC5C4D51C52D1,L137A30888400,P007,2025-03-13 08:36:19 UTC,1,133.8,delivered,accepted,2025-03-13 08:38:18 UTC,
RABE8682BA025E,L9721D3ACE067,P009,2025-06-21 07:49:53 UTC,1,58.77,delivered,accepted,2025-06-21 07:51:22 UTC,
RAEF8FAC0C97A6,L782A2146D0CE,P005,2025-06-05 14:36:55 UTC,1,117.83,delivered,accepted,2025-06-05 14:37:56 UTC,
RA0596942EAD5D,L40C84A99F2EC,P006,2025-06-18 17:17:07 UTC,1,125.68,delivered,accepted,2025-06-18 17:17:34 UTC,
RA58F0CBF76F74,L517C27FD16A5,P009,2025-05-28 14:26:11 UTC,1,66.15,delivered,accepted,2025-05-28 14:30:30 UTC,
RA5DAEAD3BD31E,L997B0510C045,P001,2025-03-28 10:10:57 UTC,1,59.36,delivered,accepted,2025-03-28 10:15:15 UTC,
RA6F4709B73B59,L724064C8E42B,P007,2025-06-16 22:03:49 UTC,1,122.6,delivered,accepted,2025-06-16 22:06:24 UTC,
RAB74EA1420181,LE11843A34B16,P001,2025-03-19 14:57:32 UTC,1,65.58,delivered,accepted,2025-03-19 15:01:31 UTC,
RA8984189BE538,L11FA1F97A310,P010,2025-03-02 16:13:45 UTC,1,66.44,delivered,accepted,2025-03-02 16:17:33 UTC,
RACC3709991C42,LA3763EC1B22C,P001,2025-06-18 22:36:01 UTC,1,64.77,delivered,accepted,2025-06-18 22:40:13 UTC,
RAB6926F106DD3,LCBC4750241D4,P003,2025-02-07 07:35:48 UTC,1,76.62,delivered,no_response,2025-02-07 07:39:41 UTC,price_too_low
RA1AFFB345B3D8,LCBC4750241D4,P002,2025-02-07 07:36:19 UTC,2,72.06,delivered,accepted,2025-02-07 07:37:18 UTC,
RABFE2BAEF5F98,LAE577099F6EC,P003,2025-06-13 16:32:23 UTC,1,60.45,delivered,capacity_exceeded,2025-06-13 16:35:26 UTC,state_not_covered
RA92AB5AA152A9,LAE577099F6EC,P002,2025-06-13 16:32:30 UTC,2,80.56,delivered,accepted,2025-06-13 16:36:18 UTC,
RA685162A67041,L8109F1381EED,P009,2025-06-05 20:18:51 UTC,1,66.45,delivered,accepted,2025-06-05 20:22:34 UTC,
RA97CD05C77649,L0BD6BF99FB0C,P003,2025-01-08 18:45:13 UTC,1,58.0,delivered,accepted,2025-01-08 18:49:38 UTC,
RA013F11634284,L3E08D1E19F12,P002,2025-06-14 22:14:07 UTC,1,77.32,delivered,capacity_exceeded,2025-06-14 22:17:36 UTC,quality
RA46C160B87FE4,LAA7AC04E22C9,P005,2025-05-17 12:34:06 UTC,1,95.34,delivered,accepted,2025-05-17 12:38:55 UTC,
RAE167DC11DCD0,LA9B7D336F6BD,P010,2025-05-31 07:21:37 UTC,1,69.91,delivered,capacity_exceeded,2025-05-31 07:25:31 UTC,capacity
RA8D409AE8DCF7,L41DF5AEA8670,P005,2025-03-18 10:53:38 UTC,1,96.61,delivered,accepted,2025-03-18 10:55:12 UTC,
RA1E39E2DD0733,L2D38EB76B6F9,P002,2025-06-14 20:13:07 UTC,1,81.57,delivered,accepted,2025-06-14 20:18:04 UTC,
RAF2F89A64012A,LB78C8D4054E0,P004,2025-06-06 10:00:08 UTC,1,93.61,delivered,accepted,2025-06-06 10:01:43 UTC,
RAFEAE0479F75B,L5C3C96E9C4D3,P005,2025-05-04 10:35:28 UTC,1,108.83,delivered,accepted,2025-05-04 10:38:25 UTC,
RA6542F9A20019,LCEB5710BB04B,P001,2025-03-09 18:49:36 UTC,1,71.4,delivered,accepted,2025-03-09 18:52:25 UTC,
RAA0F5E63D4A32,LB2462AD16B5E,P002,2025-05-03 13:30:12 UTC,1,78.33,delivered,accepted,2025-05-03 13:30:26 UTC,
RA46BCE968C2EC,L395E54EE18C6,P003,2025-01-30 16:56:46 UTC,1,62.37,delivered,accepted,2025-01-30 17:00:44 UTC,
RABB753D2EDC87,LFB8B88199EE1,P010,2025-02-03 13:46:36 UTC,1,76.33,delivered,rejected,2025-02-03 13:47:45 UTC,state_not_covered
RAEB91EDDE2593,LFB8B88199EE1,P001,2025-02-03 13:46:28 UTC,2,61.18,delivered,accepted,2025-02-03 13:50:03 UTC,
RACE733CB42DAB,L723A0DD943A1,P010,2025-05-13 17:59:07 UTC,1,64.05,delivered,rejected,2025-05-13 18:00:11 UTC,state_not_covered
RAB1FD47DF9536,LB0A5EECFD859,P009,2025-06-24 08:40:41 UTC,1,63.32,delivered,accepted,2025-06-24 08:43:45 UTC,
RA8D632199CE8D,LBABCD7618B08,P002,2025-02-10 10:39:54 UTC,1,64.4,delivered,accepted,2025-02-10 10:42:35 UTC,
RA08BB8AB1D162,LDBF9D07803DB,P010,2025-05-06 17:56:19 UTC,1,62.89,delivered,accepted,2025-05-06 18:01:18 UTC,
RA3B9DDF71B94D,L85774D702AED,P001,2025-04-09 07:31:34 UTC,1,72.92,delivered,accepted,2025-04-09 07:35:01 UTC,
RA2B37FB742FDA,L0752894DB82C,P002,2025-04-01 16:22:24 UTC,1,79.61,delivered,capacity_exceeded,2025-04-01 16:25:41 UTC,capacity
RA3FB2B0931802,L6B10D6829D35,P002,2025-04-22 17:25:46 UTC,1,64.62,delivered,accepted,2025-04-22 17:26:20 UTC,
RA0571A327C869,L79545DFE5EC1,P003,2025-05-19 16:53:54 UTC,1,72.16,delivered,no_response,2025-05-19 16:58:18 UTC,capacity
RAA3D7EF4707C9,L79545DFE5EC1,P002,2025-05-19 16:54:13 UTC,2,74.83,delivered,accepted,2025-05-19 16:54:41 UTC,
RA984E299E159A,L8679826950D9,P010,2025-03-30 17:57:30 UTC,1,64.33,delivered,rejected,2025-03-30 18:01:36 UTC,state_not_covered
RAA0F2D1E3093A,L8679826950D9,P001,2025-03-30 17:58:02 UTC,2,72.76,delivered,accepted,2025-03-30 18:00:20 UTC,
RA4C422727372F,LD4725065304A,P002,2025-06-15 10:22:18 UTC,1,77.92,delivered,accepted,2025-06-15 10:24:20 UTC,
RA0CAD8F448876,LBCDFA16F2643,P003,2025-06-03 15:18:00 UTC,1,70.41,delivered,no_response,2025-06-03 15:22:53 UTC,quality
RABD7C9F9396F3,LBBDEF8A278D7,P003,2025-05-27 16:26:41 UTC,1,67.68,delivered,accepted,2025-05-27 16:31:20 UTC,
RADF6906C20DD4,L2D90F41C5F4C,P007,2025-02-09 09:51:28 UTC,1,133.15,delivered,accepted,2025-02-09 09:55:12 UTC,
RA1132C26F795E,L37B086BF5B9F,P001,2025-01-24 13:40:40 UTC,1,74.58,delivered,accepted,2025-01-24 13:43:11 UTC,
RAF8E054FA2661,LE8130DADD5C1,P003,2025-01-12 19:57:02 UTC,1,68.65,delivered,capacity_exceeded,2025-01-12 20:00:54 UTC,state_not_covered
RA3255890D078D,L4DF9874CF627,P003,2025-01-10 16:51:50 UTC,1,63.38,delivered,accepted,2025-01-10 16:54:34 UTC,
RAE81EF0AAFC1B,LB962DD8F67FB,P010,2025-03-30 08:47:39 UTC,1,74.25,delivered,accepted,2025-03-30 08:48:22 UTC,
RAFD96B783E45D,L8EC0C06C87DE,P010,2025-06-14 09:07:52 UTC,1,75.19,delivered,accepted,2025-06-14 09:09:12 UTC,
RA65F8E903768F,L6A20C2373D40,P002,2025-03-05 12:46:37 UTC,1,83.78,delivered,accepted,2025-03-05 12:49:34 UTC,
RAA8B922959922,L845DEC1045F3,P010,2025-03-01 19:34:13 UTC,1,62.37,delivered,accepted,2025-03-01 19:35:55 UTC,
RAF6BEE56F758D,L798645ED4F5E,P008,2025-02-25 18:24:31 UTC,1,85.91,delivered,rejected,2025-02-25 18:25:12 UTC,quality
RA6CC593799F43,LC9741513D952,P002,2025-03-07 13:23:46 UTC,1,73.49,delivered,accepted,2025-03-07 13:24:46 UTC,
RAB2D589520467,LAB0A8CE56212,P008,2025-01-06 13:28:22 UTC,1,72.34,delivered,accepted,2025-01-06 13:32:22 UTC,
RA97B7E806CF9E,LDE396ECDF075,P010,2025-01-04 18:57:35 UTC,1,72.24,delivered,accepted,2025-01-04 19:02:34 UTC,
RA1624A77D3468,LCD2E842D861F,P002,2025-02-13 11:29:47 UTC,1,84.21,delivered,rejected,2025-02-13 11:30:00 UTC,state_not_covered
RAEEA4BBC370FD,LCD2E842D861F,P010,2025-02-13 11:29:48 UTC,2,66.81,delivered,rejected,2025-02-13 11:30:16 UTC,quality
RA6C03B0E9E978,L0BE48EA90CA3,P002,2025-04-05 15:42:49 UTC,1,73.31,delivered,no_response,2025-04-05 15:43:23 UTC,capacity
RAA3E617FFC718,L0BE48EA90CA3,P001,2025-04-05 15:42:57 UTC,2,70.08,delivered,accepted,2025-04-05 15:46:41 UTC,
RA6FFA6F9F57CF,LC3BBC90A84F6,P009,2025-05-29 20:36:38 UTC,1,50.96,delivered,accepted,2025-05-29 20:38:05 UTC,
RA1E9020050C1A,L0D94A7AC7E0F,P001,2025-04-11 11:14:25 UTC,1,58.86,delivered,accepted,2025-04-11 11:18:39 UTC,
RA36CAB67FEAF7,L0D89B4C957FB,P007,2025-01-26 09:22:11 UTC,1,115.87,delivered,capacity_exceeded,2025-01-26 09:23:15 UTC,quality
RAED0FFB2B2A8B,L0D89B4C957FB,P010,2025-01-26 09:22:44 UTC,2,78.06,delivered,rejected,2025-01-26 09:24:37 UTC,price_too_low
RA12D76F1240B4,L0D89B4C957FB,P006,2025-01-26 09:22:46 UTC,3,110.49,delivered,accepted,2025-01-26 09:27:36 UTC,
RA2F33C62A6EE4,LD8C987BF3B37,P002,2025-04-24 10:35:02 UTC,1,85.11,delivered,accepted,2025-04-24 10:38:31 UTC,
RA85A4FA14D177,LB289D865855A,P009,2025-05-18 19:00:52 UTC,1,56.94,delivered,accepted,2025-05-18 19:01:40 UTC,
RA153AB12FC033,LAAC1122204A7,P003,2025-06-08 18:32:29 UTC,1,73.14,delivered,capacity_exceeded,2025-06-08 18:35:43 UTC,capacity
RAAC89C1BD7865,L7DA4947454A5,P010,2025-01-20 12:32:38 UTC,1,78.61,delivered,accepted,2025-01-20 12:33:55 UTC,
RAFD03F8470C89,L9B22300B1A24,P003,2025-04-28 19:51:01 UTC,1,73.78,delivered,accepted,2025-04-28 19:52:10 UTC,
RA8E3103CC9A2D,LB41BA7585C91,P002,2025-03-12 15:23:57 UTC,1,71.95,delivered,accepted,2025-03-12 15:28:13 UTC,
RA0F3DC7948A20,L0EE0AA0302E3,P003,2025-04-29 21:16:10 UTC,1,71.82,delivered,rejected,2025-04-29 21:19:30 UTC,quality
RA85104395D62B,LA779BDDB07AB,P002,2025-02-12 09:51:27 UTC,1,83.92,delivered,capacity_exceeded,2025-02-12 09:56:12 UTC,quality
RA0A5DAD056BBE,L72FEA933C1B6,P002,2025-02-02 09:34:37 UTC,1,79.02,delivered,no_response,2025-02-02 09:35:44 UTC,quality
RA271BDFDFBBE0,L72FEA933C1B6,P010,2025-02-02 09:34:12 UTC,2,77.2,delivered,accepted,2025-02-02 09:35:59 UTC,
RA5703D81366F3,L82117A603150,P001,2025-02-19 07:23:26 UTC,1,69.34,delivered,accepted,2025-02-19 07:26:22 UTC,
RAEA1DC4443BC4,L0F71FF3E1FD4,P005,2025-03-13 09:53:27 UTC,1,95.45,delivered,accepted,2025-03-13 09:56:36 UTC,
RAF713A04CA7FB,L909360C44433,P010,2025-05-07 20:44:42 UTC,1,82.38,delivered,accepted,2025-05-07 20:45:06 UTC,
RAC612A706C802,L1D635909089E,P007,2025-01-12 07:21:15 UTC,1,138.06,delivered,accepted,2025-01-12 07:26:03 UTC,
RA254CB0895BFA,LFA94184CFBA7,P005,2025-05-22 10:04:33 UTC,1,98.23,delivered,accepted,2025-05-22 10:05:39 UTC,
RA99DC837F9497,LF5DF9B2FD506,P006,2025-06-26 14:07:01 UTC,1,102.91,delivered,capacity_exceeded,2025-06-26 14:08:18 UTC,quality
RABDFAE1953846,L95805EEC917F,P001,2025-05-07 21:14:53 UTC,1,68.51,delivered,rejected,2025-05-07 21:16:31 UTC,price_too_low
RAE1899396B24C,L95805EEC917F,P009,2025-05-07 21:15:19 UTC,2,51.38,delivered,no_response,2025-05-07 21:19:00 UTC,capacity
RA2C7DC6919A28,L689746743877,P001,2025-03-05 13:41:51 UTC,1,72.37,delivered,accepted,2025-03-05 13:43:36 UTC,
RA986057F1D182,LE8365BA6C82C,P010,2025-04-30 22:48:44 UTC,1,80.37,delivered,rejected,2025-04-30 22:50:25 UTC,price_too_low
RA6DF189C9BDAA,LE8365BA6C82C,P007,2025-04-30 22:48:25 UTC,2,126.73,delivered,no_response,2025-04-30 22:52:43 UTC,state_not_covered
RAA9A41B9E935D,LE7C5A986D68D,P010,2025-06-20 19:10:36 UTC,1,75.77,delivered,accepted,2025-06-20 19:11:23 UTC,
RA617D7DB6A03C,L2865AD760018,P007,2025-05-03 07:47:07 UTC,1,139.3,delivered,rejected,2025-05-03 07:51:31 UTC,state_not_covered
RA6CDDF0544235,LA141F56E400B,P010,2025-02-21 12:41:10 UTC,1,65.32,delivered,rejected,2025-02-21 12:43:14 UTC,capacity
RA4C448E748B3E,L10A2F8B5D34D,P010,2025-03-23 10:43:30 UTC,1,77.31,delivered,no_response,2025-03-23 10:45:33 UTC,capacity
RA004A2F0092D1,LC1425E61F854,P001,2025-01-25 09:07:16 UTC,1,58.23,delivered,accepted,2025-01-25 09:11:07 UTC,
RA6851324E873F,L7A8E4A35DE7C,P003,2025-02-11 21:26:47 UTC,1,59.35,delivered,accepted,2025-02-11 21:27:37 UTC,
RA3CF4975FBF79,L9C0B88DD4654,P003,2025-06-17 07:25:21 UTC,1,66.79,delivered,rejected,2025-06-17 07:27:03 UTC,capacity
RAAC24A6A0F608,LD7E820C6D31C,P009,2025-03-24 11:26:11 UTC,1,58.9,delivered,accepted,2025-03-24 11:26:58 UTC,
RA316B6D455FC6,LBA70B635786F,P010,2025-05-01 16:06:54 UTC,1,70.18,delivered,accepted,2025-05-01 16:11:47 UTC,
RA9113B33723E0,LC93BDC6AC64C,P010,2025-01-28 22:47:55 UTC,1,65.65,delivered,accepted,2025-01-28 22:50:14 UTC,
RAB8E0A3A79AAB,L167C126E98EF,P002,2025-02-24 19:58:39 UTC,1,65.92,delivered,accepted,2025-02-24 20:01:28 UTC,
RA50B2C080F062,L78EFC6438B10,P001,2025-03-20 08:22:26 UTC,1,59.41,delivered,no_response,2025-03-20 08:25:38 UTC,capacity
RAC69A36208773,L78EFC6438B10,P002,2025-03-20 08:21:54 UTC,2,77.14,delivered,accepted,2025-03-20 08:22:12 UTC,
RAD81737B580DA,L8DEF348C65CA,P001,2025-05-26 16:51:14 UTC,1,58.54,delivered,accepted,2025-05-26 16:52:22 UTC,
RAF4DE123DB343,LE7111EF470A1,P010,2025-01-17 19:43:18 UTC,1,81.23,delivered,no_response,2025-01-17 19:45:22 UTC,state_not_covered
RA061C44E22FEF,LE7111EF470A1,P002,2025-01-17 19:43:43 UTC,2,69.97,delivered,accepted,2025-01-17 19:47:26 UTC,
RA883AFC62E109,L83B951D75DB3,P003,2025-04-16 15:54:35 UTC,1,77.08,delivered,no_response,2025-04-16 15:59:27 UTC,price_too_low
RACB3835DF77DD,L83B951D75DB3,P002,2025-04-16 15:53:47 UTC,2,64.5,delivered,accepted,2025-04-16 15:57:12 UTC,
RA604945F973A3,L315C22F2F84F,P002,2025-03-26 19:38:07 UTC,1,83.46,delivered,capacity_exceeded,2025-03-26 19:42:05 UTC,capacity
RAC9B638D80C2A,L315C22F2F84F,P003,2025-03-26 19:38:36 UTC,2,66.4,delivered,no_response,2025-03-26 19:42:55 UTC,quality
RAA90A24915EF6,L315C22F2F84F,P010,2025-03-26 19:38:43 UTC,3,72.76,delivered,accepted,2025-03-26 19:42:10 UTC,
RA47F8406161DD,L0DD5ECB28E5F,P009,2025-05-13 07:39:30 UTC,1,64.21,delivered,accepted,2025-05-13 07:42:21 UTC,
RAC77A09B41AEA,L22A6EAF302A7,P010,2025-06-23 10:53:05 UTC,1,65.18,delivered,capacity_exceeded,2025-06-23 10:57:26 UTC,state_not_covered
RA169CC8E29CD1,LE9461051AB31,P002,2025-01-30 20:05:20 UTC,1,75.05,delivered,accepted,2025-01-30 20:10:05 UTC,
RA457ED6263AD8,L1507F0CD8CB1,P010,2025-03-22 13:42:39 UTC,1,74.01,delivered,accepted,2025-03-22 13:47:14 UTC,
RAA65AEDF18070,L664B4B3908B3,P007,2025-06-08 07:21:48 UTC,1,134.15,delivered,accepted,2025-06-08 07:23:03 UTC,
RA74CF9E19BE72,L46FE51383D08,P002,2025-01-29 21:00:45 UTC,1,78.19,delivered,capacity_exceeded,2025-01-29 21:02:57 UTC,price_too_low
RA76EB6F920FD4,LAE53A4696CD6,P003,2025-03-18 21:02:22 UTC,1,70.87,delivered,capacity_exceeded,2025-03-18 21:05:07 UTC,state_not_covered
RAD98A96DD3FE0,L1F7368C080F1,P010,2025-01-29 10:42:34 UTC,1,61.33,delivered,no_response,2025-01-29 10:47:22 UTC,price_too_low
RA3C54A2D463C6,L7678E32EABCB,P003,2025-03-12 23:08:19 UTC,1,72.73,delivered,no_response,2025-03-12 23:10:31 UTC,state_not_covered
RA362D23F25F40,L4D7FF57082CB,P002,2025-06-19 23:10:26 UTC,1,71.03,delivered,accepted,2025-06-19 23:10:50 UTC,
RA29401638C1FB,L8391C92C7245,P010,2025-06-03 08:25:32 UTC,1,73.77,delivered,accepted,2025-06-03 08:28:03 UTC,
RAD36171AB63C0,L9AE067BF9257,P002,2025-01-16 15:57:24 UTC,1,72.51,delivered,rejected,2025-01-16 16:00:12 UTC,state_not_covered
RA4CE7CE544BE1,LD050791F8386,P002,2025-06-01 11:33:38 UTC,1,75.52,delivered,accepted,2025-06-01 11:35:05 UTC,
RA14CED1FBB0D7,LB062AD6EF453,P001,2025-03-26 19:33:37 UTC,1,70.63,delivered,capacity_exceeded,2025-03-26 19:36:17 UTC,capacity
RA2F2A0447B629,L59C25BABBAEE,P009,2025-03-07 13:14:40 UTC,1,62.59,delivered,capacity_exceeded,2025-03-07 13:15:58 UTC,capacity
RA3C40ACBF22F7,L59C25BABBAEE,P003,2025-03-07 13:15:27 UTC,2,62.67,delivered,accepted,2025-03-07 13:19:42 UTC,
RABB4C549A4FA5,L9CB6E83496D7,P005,2025-01-05 18:08:03 UTC,1,90.67,delivered,accepted,2025-01-05 18:09:05 UTC,
RA36A0B8601FDD,LC7603CB81E2B,P002,2025-06-20 14:43:28 UTC,1,77.97,delivered,accepted,2025-06-20 14:47:54 UTC,
RAD682CF8E7A1D,L57BDC1CAB9A6,P002,2025-02-18 15:17:22 UTC,1,66.4,delivered,accepted,2025-02-18 15:19:38 UTC,
RAF2865929F4F1,L495DA55B3EC1,P001,2025-05-12 07:31:12 UTC,1,64.25,delivered,accepted,2025-05-12 07:35:03 UTC,
RAF432B200B018,L456BEDAEF74C,P010,2025-03-17 13:54:00 UTC,1,80.05,delivered,accepted,2025-03-17 13:58:47 UTC,
RA5E5640F877AE,L49C81E24A1B4,P006,2025-06-26 08:53:25 UTC,1,128.99,delivered,accepted,2025-06-26 08:56:14 UTC,
RA1BAE9277F63B,LB79B87ABD20F,P009,2025-01-20 10:13:26 UTC,1,61.48,delivered,accepted,2025-01-20 10:18:17 UTC,
RACF2DE1C5ABE7,LE627404B7860,P003,2025-04-25 21:29:42 UTC,1,61.3,delivered,accepted,2025-04-25 21:33:26 UTC,
RA37446051AC3F,LBEC8C704BED3,P005,2025-04-11 21:57:50 UTC,1,107.15,delivered,rejected,2025-04-11 22:00:43 UTC,price_too_low
RA6B6843DD3BA3,L1957CEEAD622,P010,2025-05-21 13:40:16 UTC,1,79.72,delivered,capacity_exceeded,2025-05-21 13:40:28 UTC,price_too_low
RA8CD0B88F1266,LB54429AA8985,P001,2025-01-29 11:58:32 UTC,1,71.56,delivered,accepted,2025-01-29 12:00:14 UTC,
RACBCB92866F82,L4947D27062A1,P007,2025-06-11 22:40:11 UTC,1,138.38,delivered,capacity_exceeded,2025-06-11 22:44:21 UTC,capacity
RAB7C93160D524,L4947D27062A1,P006,2025-06-11 22:39:30 UTC,2,108.29,delivered,no_response,2025-06-11 22:40:08 UTC,quality
RAC8D4C829A52D,L4947D27062A1,P010,2025-06-11 22:40:07 UTC,3,69.48,delivered,accepted,2025-06-11 22:44:27 UTC,
RA0AB8F682B50C,LD3BC98CB4834,P010,2025-06-08 15:50:20 UTC,1,69.02,delivered,accepted,2025-06-08 15:51:20 UTC,
RA49D7BEE44C97,L318E6EFAEF8A,P009,2025-02-09 14:03:24 UTC,1,63.31,delivered,accepted,2025-02-09 14:08:23 UTC,
RAF12E00654DC8,L5BD7E1EDF18B,P005,2025-02-23 12:57:53 UTC,1,104.85,delivered,accepted,2025-02-23 13:02:24 UTC,
RA6C8A96CA0A51,L6200A6F976F2,P002,2025-06-06 17:04:11 UTC,1,76.51,delivered,accepted,2025-06-06 17:05:45 UTC,
RA983471F325A1,L1F95DBB6A600,P010,2025-04-03 10:39:08 UTC,1,77.82,delivered,rejected,2025-04-03 10:42:21 UTC,price_too_low
RA1036A7116F37,LE313E37A17D9,P003,2025-05-24 09:15:53 UTC,1,60.9,delivered,accepted,2025-05-24 09:19:50 UTC,
RAE0490EF8F94E,LB02EC959E289,P007,2025-04-02 13:24:22 UTC,1,118.79,delivered,no_response,2025-04-02 13:28:50 UTC,capacity
RAC9FF809290A5,LB02EC959E289,P006,2025-04-02 13:25:06 UTC,2,122.87,delivered,accepted,2025-04-02 13:25:55 UTC,
RAAF4AE08500CF,L5A84E3AC34D8,P003,2025-04-14 07:39:52 UTC,1,68.24,delivered,no_response,2025-04-14 07:43:45 UTC,state_not_covered
RACA501A0EBD19,L134E6B65F4FD,P007,2025-02-26 18:28:29 UTC,1,137.55,delivered,accepted,2025-02-26 18:32:57 UTC,
RA705EBA950594,LB90F49FAD36C,P003,2025-01-14 11:57:27 UTC,1,68.72,delivered,capacity_exceeded,2025-01-14 11:58:06 UTC,state_not_covered
RA63712AF72941,LBBEDFC466260,P002,2025-04-09 08:23:22 UTC,1,70.18,delivered,accepted,2025-04-09 08:23:53 UTC,
RA3B47E9C2D365,L377B59C8CFF1,P008,2025-02-07 11:15:14 UTC,1,85.9,delivered,accepted,2025-02-07 11:15:43 UTC,
RAC1FFEA77795D,LC56B2F046A54,P010,2025-04-29 12:09:28 UTC,1,61.7,delivered,accepted,2025-04-29 12:13:04 UTC,
RAA0CA6B827C64,LB240E72D4423,P003,2025-02-20 16:03:32 UTC,1,66.39,delivered,accepted,2025-02-20 16:07:59 UTC,
RA4A42BC4C1163,L17BD9EBCF645,P009,2025-01-20 11:07:37 UTC,1,49.85,delivered,rejected,2025-01-20 11:10:57 UTC,price_too_low
RA60DBDB9BC887,L11B44A3A6ACD,P010,2025-06-02 15:41:42 UTC,1,70.41,delivered,no_response,2025-06-02 15:43:16 UTC,price_too_low
RA6DEC68019D32,L11B44A3A6ACD,P003,2025-06-02 15:41:14 UTC,2,67.58,delivered,accepted,2025-06-02 15:43:10 UTC,
RA3AFF40B5B035,L2980F2783A51,P001,2025-06-05 21:54:24 UTC,1,73.15,delivered,accepted,2025-06-05 21:57:42 UTC,
RA5F916F038C6B,LCA77BFC8C023,P003,2025-03-28 20:32:22 UTC,1,66.43,delivered,accepted,2025-03-28 20:34:25 UTC,
RA4E1002969C07,L93175AEAA9C8,P010,2025-04-02 15:48:44 UTC,1,63.44,delivered,accepted,2025-04-02 15:53:20 UTC,
RA5814061A7579,L040FA20BBB7F,P010,2025-01-12 19:26:09 UTC,1,70.71,delivered,accepted,2025-01-12 19:28:02 UTC,
RA4C109293E004,L5A88A9CF942A,P003,2025-02-24 20:17:51 UTC,1,76.96,delivered,capacity_exceeded,2025-02-24 20:21:28 UTC,state_not_covered
RA6DB089D226EA,LC0B69779A6DE,P003,2025-03-13 07:24:09 UTC,1,76.61,delivered,accepted,2025-03-13 07:26:01 UTC,
RA408C2ABDA762,L00EE56FE3557,P005,2025-02-19 12:54:42 UTC,1,94.15,delivered,accepted,2025-02-19 12:59:17 UTC,
RAD0EA73CDC517,LB6B230419A6D,P009,2025-05-17 10:34:00 UTC,1,61.8,delivered,rejected,2025-05-17 10:34:34 UTC,quality
RA308B7B98951F,LB6B230419A6D,P003,2025-05-17 10:34:03 UTC,2,72.68,delivered,accepted,2025-05-17 10:38:41 UTC,
RA25D309CCBD11,L99F90A08579E,P002,2025-05-21 11:49:31 UTC,1,79.63,delivered,accepted,2025-05-21 11:53:22 UTC,
RAF3821B6911C3,L1A2B1F2B98A3,P010,2025-02-18 21:39:59 UTC,1,73.46,delivered,accepted,2025-02-18 21:43:12 UTC,
RAFA79319F51C9,LC6FE46C77F67,P010,2025-02-04 12:38:02 UTC,1,77.34,delivered,accepted,2025-02-04 12:39:18 UTC,
RAC6C038083AF4,LBE022CA1949D,P005,2025-02-14 17:16:18 UTC,1,93.05,delivered,accepted,2025-02-14 17:16:39 UTC,
RA7F7125ACAFEB,L03D66F5199BD,P009,2025-06-25 21:39:40 UTC,1,59.66,delivered,no_response,2025-06-25 21:44:04 UTC,capacity
RAFCC198358529,L03D66F5199BD,P010,2025-06-25 21:40:29 UTC,2,82.78,delivered,accepted,2025-06-25 21:44:39 UTC,
RA3C9F827EB331,L9C137A94A5DF,P003,2025-04-01 12:24:47 UTC,1,58.97,delivered,capacity_exceeded,2025-04-01 12:27:58 UTC,price_too_low
RA99397AFE079F,L9C137A94A5DF,P008,2025-04-01 12:24:01 UTC,2,81.24,delivered,no_response,2025-04-01 12:28:30 UTC,state_not_covered
RA138B5FC84A30,L50319CF5B58A,P010,2025-02-15 09:15:16 UTC,1,82.04,delivered,capacity_exceeded,2025-02-15 09:15:37 UTC,capacity
RADE9C3E2B80C8,L50319CF5B58A,P002,2025-02-15 09:14:55 UTC,2,75.63,delivered,capacity_exceeded,2025-02-15 09:19:30 UTC,price_too_low
RAD4960F01260F,LDD8E9754F4C6,P010,2025-06-22 17:07:33 UTC,1,77.87,delivered,accepted,2025-06-22 17:10:44 UTC,
RA72673B6CF78E,L3E5017AB537E,P003,2025-04-29 10:27:09 UTC,1,70.55,delivered,accepted,2025-04-29 10:30:48 UTC,
RA22D38E68EBD8,LBDDBDC97BDA4,P010,2025-02-24 18:54:40 UTC,1,67.77,delivered,no_response,2025-02-24 18:59:15 UTC,state_not_covered
RAC127497EB28F,L3642E4C4028C,P010,2025-03-01 22:24:51 UTC,1,70.37,delivered,accepted,2025-03-01 22:28:48 UTC,
RAABB59B9ADC9B,L0951DC385206,P010,2025-06-26 13:03:44 UTC,1,64.34,delivered,capacity_exceeded,2025-06-26 13:05:27 UTC,state_not_covered
RA30AAE39447EC,LA51988F246A6,P002,2025-04-21 14:39:22 UTC,1,78.37,delivered,accepted,2025-04-21 14:41:07 UTC,
RAC350B184E3AF,LCE4C31C79CC2,P008,2025-02-25 10:15:27 UTC,1,68.61,delivered,rejected,2025-02-25 10:17:39 UTC,quality
RAC70F4551CA6D,L630C20E82106,P002,2025-02-02 12:08:54 UTC,1,70.3,delivered,accepted,2025-02-02 12:10:58 UTC,
RAA3F0B47277D0,LF25A5667E16A,P003,2025-01-11 10:56:16 UTC,1,66.19,delivered,accepted,2025-01-11 10:58:54 UTC,
RA3E55A7FB6154,LC7CE2E0D7C79,P002,2025-05-06 22:29:23 UTC,1,81.95,delivered,accepted,2025-05-06 22:31:36 UTC,
RA9065B4D02F42,L0BA0372A4881,P010,2025-05-10 16:38:28 UTC,1,69.43,delivered,accepted,2025-05-10 16:42:19 UTC,
RA6EF775944D84,LF5A706579A92,P002,2025-01-25 21:22:48 UTC,1,68.49,delivered,accepted,2025-01-25 21:25:41 UTC,
RADA8AC3102128,L9A9FDD901CC5,P001,2025-06-07 15:59:18 UTC,1,70.72,delivered,accepted,2025-06-07 16:02:14 UTC,
RAAF21D7E520C1,LC87B6A01160F,P007,2025-04-08 15:47:29 UTC,1,139.74,delivered,accepted,2025-04-08 15:50:11 UTC,
RA615474D518B4,LC6C24460081C,P010,2025-02-04 09:54:50 UTC,1,76.05,delivered,accepted,2025-02-04 09:59:30 UTC,
RA23CFFCB5CC7A,LC6DBA61C58B6,P009,2025-06-13 18:27:20 UTC,1,61.01,delivered,accepted,2025-06-13 18:30:50 UTC,
RA7090E564F7A3,L29B3B7EBC602,P003,2025-01-12 13:21:01 UTC,1,63.58,delivered,accepted,2025-01-12 13:25:44 UTC,
RAA4A4E91973CE,L61B064BEE110,P003,2025-03-13 15:01:02 UTC,1,64.59,delivered,accepted,2025-03-13 15:02:08 UTC,
RA47A4AE362E06,L8DF8D2B9B86B,P009,2025-04-01 21:53:32 UTC,1,64.26,delivered,accepted,2025-04-01 21:54:10 UTC,
RAC2BC9FD90EBD,L9CE535F96C86,P010,2025-06-03 21:31:44 UTC,1,61.43,delivered,accepted,2025-06-03 21:34:03 UTC,
RA909445731A37,L89DAF35648DB,P008,2025-03-02 18:43:37 UTC,1,66.98,delivered,accepted,2025-03-02 18:48:28 UTC,
RA07A292877951,L4C005551B03E,P002,2025-03-30 14:41:13 UTC,1,75.74,delivered,capacity_exceeded,2025-03-30 14:43:20 UTC,state_not_covered
RA135EFB84A656,L4C005551B03E,P003,2025-03-30 14:41:13 UTC,2,68.3,delivered,rejected,2025-03-30 14:41:30 UTC,capacity
RAE8DCB712993A,L955127DD1867,P006,2025-05-10 07:57:41 UTC,1,110.33,delivered,accepted,2025-05-10 08:02:31 UTC,
RAF8905DC185E0,L717229BA1AB5,P010,2025-06-29 09:43:33 UTC,1,61.3,delivered,accepted,2025-06-29 09:46:43 UTC,
RA07BF2D6AEA15,LFF0A7A70A81B,P006,2025-02-13 07:30:21 UTC,1,101.35,delivered,rejected,2025-02-13 07:32:31 UTC,price_too_low
RAC44004EE4D8D,LFF0A7A70A81B,P007,2025-02-13 07:29:44 UTC,2,118.23,delivered,no_response,2025-02-13 07:30:32 UTC,price_too_low
RAF5DB163F9516,L2F71E9B1BEC2,P001,2025-05-19 09:30:37 UTC,1,67.31,delivered,accepted,2025-05-19 09:33:58 UTC,
RA39D5182EB0F1,L411650053AED,P002,2025-05-03 15:57:47 UTC,1,80.34,delivered,accepted,2025-05-03 16:01:21 UTC,
RA1084A1B8D7AE,L8615B76472EB,P002,2025-04-26 07:40:21 UTC,1,69.29,delivered,accepted,2025-04-26 07:40:59 UTC,
RAD109B04857BF,L1B8C53837523,P001,2025-04-08 18:33:06 UTC,1,55.61,delivered,accepted,2025-04-08 18:34:22 UTC,
RACE0DEBFFDCC9,L9CABC7D3CA78,P003,2025-05-11 10:14:46 UTC,1,64.89,delivered,accepted,2025-05-11 10:18:27 UTC,
RAE635529675F9,LB81C4D3911FE,P001,2025-03-25 17:54:01 UTC,1,64.23,delivered,rejected,2025-03-25 17:55:09 UTC,quality
RAFB27DC3B5F84,LB81C4D3911FE,P009,2025-03-25 17:54:40 UTC,2,60.04,delivered,no_response,2025-03-25 17:55:54 UTC,price_too_low
RA4DF08C695C49,LD8D8DAA973BE,P005,2025-06-01 22:44:58 UTC,1,118.95,delivered,accepted,2025-06-01 22:47:41 UTC,
RA066DAAB5A03C,L6203E2883961,P009,2025-03-23 07:26:14 UTC,1,57.73,delivered,capacity_exceeded,2025-03-23 07:29:11 UTC,state_not_covered
RA457263F5A698,L3FDF3B98E81F,P009,2025-02-21 13:26:36 UTC,1,62.08,delivered,accepted,2025-02-21 13:29:35 UTC,
RA5AFC99642FF5,L8C80C053BA7C,P006,2025-02-08 19:35:00 UTC,1,128.74,delivered,accepted,2025-02-08 19:35:49 UTC,
RAB5D46155262F,LDD3D117CB2AE,P003,2025-01-23 08:05:37 UTC,1,59.03,delivered,accepted,2025-01-23 08:08:21 UTC,
RAF549C0290813,L84DD8E4C8406,P003,2025-05-27 22:44:14 UTC,1,60.92,delivered,accepted,2025-05-27 22:47:31 UTC,
RAC81403809401,LD4028FC01AD7,P010,2025-01-22 07:35:00 UTC,1,67.52,delivered,accepted,2025-01-22 07:39:13 UTC,
RAF7CF5E375673,LBE7AF7229D9E,P003,2025-02-18 09:53:07 UTC,1,67.11,delivered,rejected,2025-02-18 09:56:04 UTC,price_too_low
RAA5808E939151,LBE7AF7229D9E,P010,2025-02-18 09:53:05 UTC,2,64.69,delivered,accepted,2025-02-18 09:54:27 UTC,
RA2E4672A4773B,L67E0CB0A233D,P003,2025-01-08 12:52:38 UTC,1,70.41,delivered,capacity_exceeded,2025-01-08 12:53:33 UTC,state_not_covered
RA89052D239739,LFAE02FCA120D,P007,2025-01-17 08:59:42 UTC,1,128.54,delivered,accepted,2025-01-17 09:02:43 UTC,
RA9CA8C58824E5,L5B787471FE22,P010,2025-03-06 23:10:56 UTC,1,82.25,delivered,accepted,2025-03-06 23:12:20 UTC,
RA0004073625BB,L9BB0BF9077BC,P001,2025-04-13 19:43:15 UTC,1,63.69,delivered,rejected,2025-04-13 19:46:02 UTC,price_too_low
RA6AFB8F30C4E8,L9BB0BF9077BC,P003,2025-04-13 19:43:36 UTC,2,64.25,delivered,accepted,2025-04-13 19:47:54 UTC,
RAF64CF320FA94,LE5CCAD7DF58A,P009,2025-05-30 18:45:05 UTC,1,53.85,delivered,rejected,2025-05-30 18:46:16 UTC,quality
RA3E36B4349D82,LE5CCAD7DF58A,P010,2025-05-30 18:44:49 UTC,2,62.06,delivered,accepted,2025-05-30 18:45:36 UTC,
RA19CF110CB443,L8BBD10DD44D6,P005,2025-05-01 18:50:54 UTC,1,118.99,delivered,accepted,2025-05-01 18:54:47 UTC,
RA3D8DAD24A2F9,L251A411CD51D,P010,2025-05-03 14:44:34 UTC,1,71.7,delivered,accepted,2025-05-03 14:46:18 UTC,
RA96F91B4592D7,LC0175591F6D0,P003,2025-02-28 12:33:54 UTC,1,60.2,delivered,no_response,2025-02-28 12:35:56 UTC,quality
RAB959AF5E51E2,L078054E0DD4D,P003,2025-01-31 11:28:59 UTC,1,78.19,delivered,capacity_exceeded,2025-01-31 11:33:09 UTC,state_not_covered
RAED2522A0B3E6,LB8D1001AA398,P002,2025-05-17 22:57:00 UTC,1,74.66,delivered,accepted,2025-05-17 22:58:11 UTC,
RAFF721F8204C4,LCB2FADFED75C,P009,2025-03-18 20:20:20 UTC,1,53.21,delivered,accepted,2025-03-18 20:21:17 UTC,
RA2ED978131B6C,L71F11F78990B,P002,2025-01-21 09:44:46 UTC,1,66.16,delivered,accepted,2025-01-21 09:48:35 UTC,
RA05598A976844,L6E0643932021,P003,2025-03-24 09:53:37 UTC,1,66.21,delivered,accepted,2025-03-24 09:53:57 UTC,
RA1ED37D6F87A1,L7EC79FB43E93,P006,2025-03-20 20:39:35 UTC,1,112.36,delivered,capacity_exceeded,2025-03-20 20:40:03 UTC,capacity
RA26BFF3D16737,L8A0612E46429,P001,2025-05-11 08:05:02 UTC,1,57.54,delivered,accepted,2025-05-11 08:05:35 UTC,
RA4AA36B416BDE,LD22C73768A50,P002,2025-06-25 19:41:11 UTC,1,79.79,delivered,capacity_exceeded,2025-06-25 19:45:55 UTC,capacity
RA69C3565BF078,LC8C8E432E46D,P002,2025-01-26 18:19:51 UTC,1,82.37,delivered,accepted,2025-01-26 18:20:31 UTC,
RA019AC6CE8985,LBFBB3AD76FAE,P003,2025-02-20 19:14:54 UTC,1,66.17,delivered,accepted,2025-02-20 19:15:49 UTC,
RA00BEDD6CA6A9,L09B38A2172EE,P010,2025-02-05 16:18:53 UTC,1,76.37,delivered,rejected,2025-02-05 16:23:51 UTC,price_too_low
RA6984FAC7885F,L3C1C5C0D63AD,P003,2025-05-19 19:35:36 UTC,1,77.67,delivered,accepted,2025-05-19 19:39:59 UTC,
RAA3E57DBBF60C,L48B9F40B53E9,P003,2025-02-27 08:24:40 UTC,1,60.36,delivered,capacity_exceeded,2025-02-27 08:29:33 UTC,state_not_covered
RAE43FAD1B9145,L48B9F40B53E9,P002,2025-02-27 08:24:39 UTC,2,75.85,delivered,no_response,2025-02-27 08:27:17 UTC,quality
RA241CBAB87FC4,LB17551444C69,P001,2025-02-19 19:27:14 UTC,1,73.08,delivered,capacity_exceeded,2025-02-19 19:30:22 UTC,quality
RA57BC20B96DA8,L7591D4957F68,P005,2025-05-17 11:40:29 UTC,1,91.36,delivered,accepted,2025-05-17 11:44:06 UTC,
RA68E20437403F,L54B9DB98BB40,P010,2025-03-01 15:01:40 UTC,1,66.8,delivered,accepted,2025-03-01 15:03:24 UTC,
RA6ACF39E5C206,L8EFBA0C05AFB,P003,2025-02-08 13:56:32 UTC,1,63.96,delivered,accepted,2025-02-08 13:59:17 UTC,
RAB6C8AAEBEC4C,L5931C9951D8B,P008,2025-02-04 19:17:51 UTC,1,78.49,delivered,accepted,2025-02-04 19:18:36 UTC,
RA08F7377F33EA,LBFE8426B604A,P009,2025-04-17 20:57:50 UTC,1,56.81,delivered,accepted,2025-04-17 21:01:16 UTC,
RAC3489ACAC805,L7DEEB604EA82,P003,2025-04-10 14:04:57 UTC,1,76.64,delivered,rejected,2025-04-10 14:06:45 UTC,capacity
RAFA6B403BC44A,L7DEEB604EA82,P001,2025-04-10 14:04:43 UTC,2,70.71,delivered,accepted,2025-04-10 14:06:47 UTC,
RAFC4E055600C1,LDDC0BF0AA3AD,P002,2025-04-22 09:49:18 UTC,1,69.16,delivered,accepted,2025-04-22 09:53:06 UTC,
RA154D4F93C18F,L648F5E8E26FA,P005,2025-04-03 14:31:20 UTC,1,93.25,delivered,accepted,2025-04-03 14:32:41 UTC,
RAB8D87C0076EF,L3C947AF270C1,P010,2025-05-21 11:32:50 UTC,1,72.89,delivered,accepted,2025-05-21 11:37:21 UTC,
RA1EA3D1F31D1F,LF92EF401DC80,P001,2025-04-06 18:40:58 UTC,1,63.51,delivered,accepted,2025-04-06 18:44:01 UTC,
RA40D78B4AD14C,LB59F69C118A8,P010,2025-03-19 12:53:46 UTC,1,77.52,delivered,accepted,2025-03-19 12:55:18 UTC,
RA711C9DBF3A8D,L668D52A515AE,P005,2025-03-02 09:11:45 UTC,1,118.09,delivered,accepted,2025-03-02 09:14:03 UTC,
RA2A091F425217,L0242A95222B2,P005,2025-02-16 10:53:24 UTC,1,112.57,delivered,accepted,2025-02-16 10:57:05 UTC,
RA366342ACCD72,LA702AA91F1D7,P003,2025-01-22 16:11:49 UTC,1,75.22,delivered,accepted,2025-01-22 16:12:19 UTC,
RA27E96C50364C,L18E9C8AFB0A9,P005,2025-06-03 16:42:57 UTC,1,97.57,delivered,rejected,2025-06-03 16:45:15 UTC,state_not_covered
RA2A253031E39F,L3B1D6F4DB5CD,P007,2025-06-18 14:29:27 UTC,1,132.12,delivered,rejected,2025-06-18 14:30:59 UTC,capacity
RA96B49E249BA0,LF4DC79B4D5E4,P008,2025-06-08 13:36:09 UTC,1,71.02,delivered,accepted,2025-06-08 13:38:30 UTC,
RAAC5403FA7FF8,L1C3509D832F5,P002,2025-05-26 18:17:25 UTC,1,75.62,delivered,accepted,2025-05-26 18:21:26 UTC,
RAC6E08D8D13BC,LC99306CA35BC,P002,2025-06-29 13:01:46 UTC,1,65.95,delivered,accepted,2025-06-29 13:01:58 UTC,
RA7918E7EB0635,L2F486436DCBA,P003,2025-01-11 09:54:05 UTC,1,58.89,delivered,accepted,2025-01-11 09:56:50 UTC,
RA2285AF067C2C,L2145F1BD440C,P003,2025-01-27 09:53:56 UTC,1,61.74,delivered,no_response,2025-01-27 09:54:14 UTC,quality
RA66A6BB36ED24,LBD2A05B05ADC,P008,2025-06-08 07:48:44 UTC,1,76.57,delivered,no_response,2025-06-08 07:50:10 UTC,capacity
RA934D8D43D558,LBD2A05B05ADC,P002,2025-06-08 07:48:04 UTC,2,73.05,delivered,no_response,2025-06-08 07:51:17 UTC,quality
RA78CCCEFABEAD,LCFD0AFC5A295,P009,2025-05-31 08:49:03 UTC,1,63.35,delivered,capacity_exceeded,2025-05-31 08:50:28 UTC,capacity
RA7C5C1E54C36B,LCFD0AFC5A295,P002,2025-05-31 08:49:06 UTC,2,75.68,delivered,rejected,2025-05-31 08:49:17 UTC,state_not_covered
RAD60560012BFC,L7D4B2DA473C6,P003,2025-06-21 15:39:51 UTC,1,68.9,delivered,no_response,2025-06-21 15:43:39 UTC,price_too_low
RA1E9808D269F4,L7D4B2DA473C6,P009,2025-06-21 15:40:43 UTC,2,58.78,delivered,accepted,2025-06-21 15:41:54 UTC,
RAEFE6B7CEB20E,L96D38E02392B,P010,2025-06-30 14:26:17 UTC,1,76.69,delivered,no_response,2025-06-30 14:30:06 UTC,quality
RA15F8DA8D3632,L88BA1F63A40E,P008,2025-02-16 13:00:05 UTC,1,86.99,delivered,accepted,2025-02-16 13:02:20 UTC,
RA82FC183F5754,LF5F12838D4F9,P009,2025-05-28 12:52:19 UTC,1,50.69,delivered,accepted,2025-05-28 12:55:35 UTC,
RA032735F1CCF1,L4DE40E16B919,P010,2025-04-18 12:17:44 UTC,1,67.6,delivered,accepted,2025-04-18 12:20:58 UTC,
RA0F88D3E7857C,L24B5A3207020,P001,2025-05-16 23:12:14 UTC,1,55.55,delivered,accepted,2025-05-16 23:13:43 UTC,
RA5A771F4F4179,LC368F7055A1B,P010,2025-06-19 14:10:41 UTC,1,70.9,delivered,accepted,2025-06-19 14:11:48 UTC,
RA757656567766,L26F704E748A3,P001,2025-03-04 17:15:46 UTC,1,56.59,delivered,accepted,2025-03-04 17:17:14 UTC,
RA3EAF295E0CE0,L3950EC257812,P002,2025-05-09 17:49:23 UTC,1,81.91,delivered,accepted,2025-05-09 17:53:46 UTC,
RAFF0431DD1F6D,L63CE35BEA27B,P003,2025-02-21 16:38:32 UTC,1,71.61,delivered,accepted,2025-02-21 16:41:53 UTC,
RAD1A53BFAB79A,LCBF2B3FB9397,P010,2025-04-17 08:25:54 UTC,1,75.17,delivered,accepted,2025-04-17 08:27:59 UTC,
RA8271BBD0F429,L49985AD97ACB,P001,2025-01-06 15:49:39 UTC,1,73.14,delivered,rejected,2025-01-06 15:52:14 UTC,quality
RA2941440A1064,L49985AD97ACB,P009,2025-01-06 15:49:12 UTC,2,50.5,delivered,accepted,2025-01-06 15:49:36 UTC,
RAAB1D40E54F4B,L9EB274265D98,P005,2025-01-19 15:23:15 UTC,1,104.76,delivered,no_response,2025-01-19 15:24:54 UTC,price_too_low
RA8A21E120122D,L115D36C4DFE0,P002,2025-06-29 19:07:34 UTC,1,74.98,delivered,accepted,2025-06-29 19:11:59 UTC,
RA82115C79C622,L2C764A1D52F8,P003,2025-06-12 11:43:05 UTC,1,74.35,delivered,rejected,2025-06-12 11:47:12 UTC,quality
RAACB3EE1E7756,L2C764A1D52F8,P002,2025-06-12 11:43:29 UTC,2,73.39,delivered,accepted,2025-06-12 11:47:14 UTC,
RA44E6848FE87C,L2B637F15E2F4,P003,2025-06-16 12:18:11 UTC,1,77.94,delivered,accepted,2025-06-16 12:22:55 UTC,
RA537938DDB69E,L022D07A11E0A,P002,2025-06-25 12:31:43 UTC,1,85.8,delivered,accepted,2025-06-25 12:34:56 UTC,
RAB396A06A6D3A,LA315A9E6278D,P005,2025-05-01 11:45:20 UTC,1,119.36,delivered,accepted,2025-05-01 11:47:22 UTC,
RA940A99780193,L4BC5107A298A,P010,2025-05-30 10:14:29 UTC,1,79.17,delivered,accepted,2025-05-30 10:16:58 UTC,
RAB51F439FECB2,LCB173F16D1A8,P010,2025-02-21 17:40:02 UTC,1,62.07,delivered,capacity_exceeded,2025-02-21 17:43:41 UTC,state_not_covered
RAE0F40D91B879,L28C3933118C4,P009,2025-05-29 09:15:04 UTC,1,65.29,delivered,rejected,2025-05-29 09:18:00 UTC,state_not_covered
RAE476FDC1D668,L28C3933118C4,P003,2025-05-29 09:14:38 UTC,2,75.91,delivered,accepted,2025-05-29 09:18:35 UTC,
RADFBEC39721BB,LDBDFCBFDCCE7,P002,2025-05-21 11:38:49 UTC,1,75.43,delivered,accepted,2025-05-21 11:39:46 UTC,
RA531562D662A1,LB8D4E6EE3158,P010,2025-03-26 15:31:26 UTC,1,79.37,delivered,accepted,2025-03-26 15:31:51 UTC,
RAB79122742AE9,L20EA5202A2E5,P001,2025-06-02 07:20:06 UTC,1,59.72,delivered,no_response,2025-06-02 07:20:18 UTC,price_too_low
RAB331BC0C397E,LFA0A9977CE59,P002,2025-02-01 21:59:47 UTC,1,68.4,delivered,accepted,2025-02-01 22:01:28 UTC,
RAA6A1A62751C7,L9EF8C50AAF0A,P002,2025-01-09 08:28:52 UTC,1,74.45,delivered,accepted,2025-01-09 08:30:42 UTC,
RA4C0E3FED972A,LA64841DDE17B,P001,2025-05-23 10:05:08 UTC,1,59.34,delivered,accepted,2025-05-23 10:08:31 UTC,
RA5B97F5271E0D,L30A85402EF83,P007,2025-06-19 13:31:04 UTC,1,135.73,delivered,accepted,2025-06-19 13:35:07 UTC,
RA343A6041E9DD,L85C0CDDE5E70,P009,2025-02-12 13:57:42 UTC,1,50.02,delivered,capacity_exceeded,2025-02-12 13:59:51 UTC,state_not_covered
RA72A16FCB5AC5,L85C0CDDE5E70,P002,2025-02-12 13:58:06 UTC,2,67.16,delivered,accepted,2025-02-12 14:03:02 UTC,
RAECF868EAEFA9,LB22500313079,P010,2025-01-09 19:33:29 UTC,1,72.25,delivered,accepted,2025-01-09 19:34:49 UTC,
RADC4214A31856,L7BA620D6A66D,P009,2025-06-17 16:38:53 UTC,1,64.96,delivered,accepted,2025-06-17 16:40:18 UTC,
RA96431D251C42,LFD811ECC2647,P006,2025-02-17 20:51:31 UTC,1,123.58,delivered,rejected,2025-02-17 20:52:40 UTC,price_too_low
RAC30676F28033,LFD811ECC2647,P010,2025-02-17 20:51:07 UTC,2,76.4,delivered,capacity_exceeded,2025-02-17 20:55:43 UTC,capacity
RA628F8F92FB76,LFD811ECC2647,P007,2025-02-17 20:51:22 UTC,3,129.88,delivered,accepted,2025-02-17 20:54:01 UTC,
RA8F30F8E67E6D,LEF3430E3D2A2,P003,2025-04-30 11:49:58 UTC,1,63.35,delivered,accepted,2025-04-30 11:53:04 UTC,
RA5F99D96229D8,L2DCCFD76B5DB,P002,2025-06-26 18:09:26 UTC,1,80.23,delivered,accepted,2025-06-26 18:13:57 UTC,
RA2061F8A17DBA,LE6D2CE79BB38,P002,2025-06-08 12:21:15 UTC,1,75.51,delivered,accepted,2025-06-08 12:21:39 UTC,
RABA96452DBBF4,L1563EE0CC463,P008,2025-04-07 22:45:18 UTC,1,82.11,delivered,no_response,2025-04-07 22:46:47 UTC,quality
RABF00CADC0E32,L6B516DA76D49,P002,2025-05-29 08:55:57 UTC,1,73.11,delivered,accepted,2025-05-29 08:59:08 UTC,
RA254B701507C1,L0DD90C45D191,P006,2025-06-03 16:32:32 UTC,1,106.57,delivered,accepted,2025-06-03 16:35:42 UTC,
RAD2EF0C7084A8,L98D610E42305,P009,2025-04-27 17:06:56 UTC,1,57.15,delivered,rejected,2025-04-27 17:07:59 UTC,capacity
RAE93219370965,L98D610E42305,P001,2025-04-27 17:06:41 UTC,2,67.94,delivered,no_response,2025-04-27 17:06:51 UTC,state_not_covered
RA967903846CB9,L2ED467FE49AD,P005,2025-01-19 20:25:38 UTC,1,104.01,delivered,accepted,2025-01-19 20:26:11 UTC,
RA44DCCD266CE8,L9F0AF70FC583,P002,2025-03-08 15:40:07 UTC,1,71.19,delivered,accepted,2025-03-08 15:41:23 UTC,
RA41743D6F2455,LE01CEC70257C,P003,2025-02-02 08:40:32 UTC,1,75.59,delivered,rejected,2025-02-02 08:42:56 UTC,capacity
RA8032BCFA2A54,L02DE89A5BA39,P003,2025-03-29 14:43:01 UTC,1,58.84,delivered,accepted,2025-03-29 14:46:44 UTC,
RAFE21D058473A,L5E7CEFFD0FA0,P004,2025-05-21 19:30:06 UTC,1,89.42,delivered,accepted,2025-05-21 19:30:42 UTC,
RA95C0060B4A29,L59EF74D82D82,P002,2025-02-18 13:33:24 UTC,1,75.41,delivered,accepted,2025-02-18 13:36:58 UTC,
RA5B2B14DF4FCD,LDD1F06396BD9,P002,2025-04-18 21:11:38 UTC,1,81.74,delivered,accepted,2025-04-18 21:16:36 UTC,
RA41F0402E038E,LAC48B4F74BD7,P003,2025-06-04 22:59:24 UTC,1,62.1,delivered,rejected,2025-06-04 23:01:36 UTC,capacity
RA03CC2418AFBA,LAC48B4F74BD7,P010,2025-06-04 22:59:44 UTC,2,76.07,delivered,capacity_exceeded,2025-06-04 23:00:10 UTC,capacity
RA75EC57636029,L9D68592B1EA1,P003,2025-04-02 09:22:20 UTC,1,70.47,delivered,accepted,2025-04-02 09:26:50 UTC,
RA89B6A55B6B1E,L3B41B03B6ADE,P002,2025-02-05 09:38:06 UTC,1,82.2,delivered,rejected,2025-02-05 09:39:30 UTC,capacity
RAFA51C081718E,L25A5C535B0E0,P001,2025-03-23 11:13:06 UTC,1,60.6,delivered,accepted,2025-03-23 11:14:02 UTC,
RA3B16E59E9ADE,LB5C6E81F7274,P010,2025-05-31 20:25:27 UTC,1,69.86,delivered,accepted,2025-05-31 20:27:33 UTC,
RADD0980CFE8E1,L9BEBBEC4A6E9,P010,2025-04-09 14:38:58 UTC,1,66.06,delivered,accepted,2025-04-09 14:40:01 UTC,
RA98C4D662672F,LD6CC32D72098,P003,2025-06-04 16:09:18 UTC,1,69.64,delivered,accepted,2025-06-04 16:09:51 UTC,
RA07A8745B9BA0,L8DD15293397E,P005,2025-05-05 07:27:33 UTC,1,91.19,delivered,accepted,2025-05-05 07:32:26 UTC,
RAD48D0E22E88B,L735B2006B94C,P009,2025-05-17 13:24:53 UTC,1,52.1,delivered,no_response,2025-05-17 13:26:28 UTC,price_too_low
RA61F980DE6D49,L3FE5F3270E9D,P002,2025-05-03 21:12:13 UTC,1,65.74,delivered,accepted,2025-05-03 21:14:00 UTC,
RA2204CEC7D7A1,L8D053BB90926,P002,2025-06-06 16:45:34 UTC,1,73.71,delivered,accepted,2025-06-06 16:49:09 UTC,
RA4012584D044D,L5AD8BBB69C46,P002,2025-02-18 15:44:23 UTC,1,73.88,delivered,accepted,2025-02-18 15:48:01 UTC,
RAF84651717E8C,LE5F83D1B53E8,P010,2025-05-24 15:28:06 UTC,1,67.09,delivered,capacity_exceeded,2025-05-24 15:28:44 UTC,state_not_covered
RA07161471AA3E,LE5F83D1B53E8,P009,2025-05-24 15:27:43 UTC,2,61.75,delivered,capacity_exceeded,2025-05-24 15:30:05 UTC,price_too_low
RA2F282A6CC87D,LAB0A43BA8786,P006,2025-01-14 12:59:04 UTC,1,121.94,delivered,accepted,2025-01-14 13:01:50 UTC,
RA6C351C0E53D6,LC93D95CD6B5E,P010,2025-02-05 22:52:34 UTC,1,62.47,delivered,accepted,2025-02-05 22:56:47 UTC,
RAC7E513DDD00B,LA83B642B54F8,P010,2025-01-22 22:21:16 UTC,1,68.97,delivered,no_response,2025-01-22 22:23:37 UTC,price_too_low
RAC2EE815A69AD,L3F8222B3EB54,P001,2025-04-14 20:31:18 UTC,1,60.32,delivered,accepted,2025-04-14 20:34:21 UTC,
RA6DBD78D7D920,L498B45F9110E,P003,2025-02-07 16:28:30 UTC,1,73.99,delivered,accepted,2025-02-07 16:31:39 UTC,
RAC4D9BDFC91B1,L95D5D9DD9427,P002,2025-01-12 18:39:25 UTC,1,68.49,delivered,accepted,2025-01-12 18:39:59 UTC,
RA09D543BEC42E,L52CBDA5C8DD7,P002,2025-03-16 18:03:52 UTC,1,73.29,delivered,accepted,2025-03-16 18:05:57 UTC,
RA1522B5C7E825,LF50A5C9F4995,P009,2025-05-29 19:17:44 UTC,1,65.95,delivered,rejected,2025-05-29 19:22:07 UTC,quality
RA010ABAD0B725,L196B62022CCD,P005,2025-02-15 19:11:44 UTC,1,119.83,delivered,no_response,2025-02-15 19:15:20 UTC,capacity
RAFA4B0B01E304,LAD345FE36E52,P001,2025-01-22 19:58:55 UTC,1,60.06,delivered,no_response,2025-01-22 19:59:29 UTC,state_not_covered
RA147073F41B3E,LDAAC8BE8D50E,P002,2025-02-21 11:52:19 UTC,1,68.91,delivered,accepted,2025-02-21 11:53:11 UTC,
RAC88177DB78C7,L6D0D505B6B7D,P001,2025-01-15 15:26:54 UTC,1,56.74,delivered,accepted,2025-01-15 15:27:15 UTC,
RA79E7F577FFA3,L3429FAADB796,P002,2025-03-28 20:54:08 UTC,1,73.97,delivered,accepted,2025-03-28 20:56:41 UTC,
RAA84B6B126A1C,LC6092E211B73,P003,2025-02-26 15:39:54 UTC,1,60.84,delivered,accepted,2025-02-26 15:42:31 UTC,
RA2F31B14E88B6,LEE8792D47CD0,P003,2025-04-07 15:53:09 UTC,1,71.61,delivered,accepted,2025-04-07 15:57:13 UTC,
RAB9EDD6BE0B64,L02CF9008A558,P003,2025-04-26 08:17:52 UTC,1,59.96,delivered,accepted,2025-04-26 08:20:47 UTC,
RAC1D96ECFC576,L5302CD76A381,P001,2025-05-31 17:52:07 UTC,1,57.03,delivered,accepted,2025-05-31 17:52:38 UTC,
RA80F1D3317BA1,L789ABAB5400B,P010,2025-02-22 20:25:56 UTC,1,69.51,delivered,no_response,2025-02-22 20:30:51 UTC,quality
RA323C2A0206A2,L605163589A4D,P005,2025-01-31 18:47:32 UTC,1,91.15,delivered,accepted,2025-01-31 18:48:06 UTC,
RA6C8C8B2DB8C8,L161B7A3AFFC8,P003,2025-03-04 15:47:46 UTC,1,64.26,delivered,accepted,2025-03-04 15:48:55 UTC,
RAE7FCF92F04B4,L44E58FEB3304,P005,2025-05-04 21:18:40 UTC,1,90.94,delivered,no_response,2025-05-04 21:19:55 UTC,capacity
RA2CFDE2FDE243,L0BD64A5C27D9,P003,2025-01-23 10:43:18 UTC,1,58.98,delivered,accepted,2025-01-23 10:45:53 UTC,
RA1E2DFA3E3C25,L27C68581F91D,P003,2025-04-17 22:27:13 UTC,1,72.66,delivered,accepted,2025-04-17 22:29:34 UTC,
RAF372E7651C18,LF4A4D7229D36,P008,2025-02-10 17:23:43 UTC,1,75.38,delivered,accepted,2025-02-10 17:26:01 UTC,
RAA19459FF6B4D,LA0984249B4BE,P001,2025-05-16 11:34:00 UTC,1,71.78,delivered,accepted,2025-05-16 11:34:28 UTC,
RA6945F08FE45C,L76ED814416F9,P002,2025-03-22 13:14:58 UTC,1,78.49,delivered,accepted,2025-03-22 13:15:08 UTC,
RA76AC49783685,L85C815B5C4CA,P001,2025-04-26 08:11:31 UTC,1,68.69,delivered,accepted,2025-04-26 08:13:24 UTC,
RAC602588A0CF6,LC677B1C6AA2D,P002,2025-01-13 11:35:26 UTC,1,64.88,delivered,accepted,2025-01-13 11:38:16 UTC,
RA445B7B73DEB9,LF115A2B86495,P008,2025-02-09 09:00:54 UTC,1,77.1,delivered,accepted,2025-02-09 09:01:18 UTC,
RA8F300B4C83E4,LB4962DD6E263,P010,2025-01-16 07:18:23 UTC,1,61.83,delivered,accepted,2025-01-16 07:19:01 UTC,
RA41DF73603C71,LF6E8B84B15B3,P009,2025-05-11 16:59:13 UTC,1,54.65,delivered,rejected,2025-05-11 17:03:16 UTC,quality
RA6138D24450E9,LF6E8B84B15B3,P001,2025-05-11 16:58:36 UTC,2,67.69,delivered,accepted,2025-05-11 16:59:15 UTC,
RA993162DAF8E4,LA24F5BD3BB01,P006,2025-04-08 14:40:04 UTC,1,128.31,delivered,accepted,2025-04-08 14:43:48 UTC,
RAC853EE272ABB,L9610F0822F45,P010,2025-05-05 21:17:10 UTC,1,67.92,delivered,accepted,2025-05-05 21:18:12 UTC,
RAAB6AB58B1D02,LF6F593E3ADF3,P002,2025-03-21 15:45:48 UTC,1,78.82,delivered,accepted,2025-03-21 15:50:31 UTC,
RA73AFB369914B,LAF99EC504DB8,P005,2025-04-15 08:41:00 UTC,1,117.24,delivered,accepted,2025-04-15 08:44:52 UTC,
RAA0A12C40DB42,LED6E7D96DF18,P010,2025-04-13 08:09:02 UTC,1,79.19,delivered,accepted,2025-04-13 08:12:12 UTC,
RA050DF892D2C5,LE7D5D8006CBF,P002,2025-04-23 19:50:52 UTC,1,65.29,delivered,accepted,2025-04-23 19:51:40 UTC,
RA108EA51EA80E,L633794845246,P003,2025-02-14 12:46:38 UTC,1,59.56,delivered,capacity_exceeded,2025-02-14 12:48:50 UTC,quality
RA9B6B84EB6C0A,LFFB318CE94CC,P003,2025-03-07 08:20:08 UTC,1,59.94,delivered,accepted,2025-03-07 08:21:02 UTC,
RABB4839D86AA5,L0D98655F6313,P006,2025-01-10 22:32:51 UTC,1,103.13,delivered,accepted,2025-01-10 22:36:47 UTC,
RAC469D69F5525,L05ED871FFD6B,P005,2025-01-09 21:04:45 UTC,1,93.31,delivered,accepted,2025-01-09 21:07:50 UTC,
RA2814757046F6,L3E888A8FD822,P002,2025-03-30 22:03:55 UTC,1,72.79,delivered,accepted,2025-03-30 22:08:04 UTC,
RAD15C8DCD6CE0,L3313AFD2D4A3,P001,2025-04-07 20:21:29 UTC,1,66.84,delivered,accepted,2025-04-07 20:25:56 UTC,
RA80CC9CA910F4,L6415A640B4C5,P010,2025-04-01 19:23:37 UTC,1,77.06,delivered,accepted,2025-04-01 19:24:53 UTC,
RA3C87EFED55F0,LFB97B9D903E9,P003,2025-01-14 17:00:37 UTC,1,63.2,delivered,no_response,2025-01-14 17:02:54 UTC,quality
RA643471BB5226,LFF98D096A85E,P005,2025-01-30 19:00:14 UTC,1,89.28,delivered,accepted,2025-01-30 19:01:51 UTC,
RA71A56BBD33F5,L71B385F27391,P003,2025-05-09 12:03:01 UTC,1,75.5,delivered,capacity_exceeded,2025-05-09 12:04:38 UTC,price_too_low
RA02733153371A,L71B385F27391,P009,2025-05-09 12:02:53 UTC,2,54.5,delivered,rejected,2025-05-09 12:05:53 UTC,state_not_covered
RAF2A317B8B102,L717B2DE20B18,P003,2025-01-01 19:10:30 UTC,1,65.86,delivered,accepted,2025-01-01 19:10:57 UTC,
RA4849A11AC16D,L78F0AE7B614C,P006,2025-04-03 17:43:43 UTC,1,111.9,delivered,accepted,2025-04-03 17:44:58 UTC,
RACF369CFFA6CE,L363AAE679FCC,P002,2025-02-25 20:50:45 UTC,1,74.32,delivered,accepted,2025-02-25 20:54:11 UTC,
RAEA1BD3BC456E,LE98EE03B8847,P010,2025-04-15 17:35:57 UTC,1,70.08,delivered,capacity_exceeded,2025-04-15 17:38:33 UTC,price_too_low
RAC888C0E35A3A,L2EE579ECAFF8,P010,2025-01-06 16:53:05 UTC,1,68.18,delivered,rejected,2025-01-06 16:57:30 UTC,capacity
RA074BDA6E68FB,LF773B4D4D682,P010,2025-05-30 08:41:07 UTC,1,72.54,delivered,accepted,2025-05-30 08:43:55 UTC,
RAA65FCE6D2C04,LCC2B55A6DFF8,P003,2025-02-09 17:53:56 UTC,1,70.69,delivered,accepted,2025-02-09 17:55:03 UTC,
RA9EB1F5471DFD,LE564BECB2FEC,P003,2025-03-27 14:57:53 UTC,1,70.12,delivered,accepted,2025-03-27 14:58:20 UTC,
RA3B02A99F4185,L4024E9617C02,P002,2025-01-25 21:39:15 UTC,1,80.27,delivered,accepted,2025-01-25 21:43:57 UTC,
RA0E9EB7F68693,LA3C23E7FDAC8,P002,2025-05-17 18:05:43 UTC,1,82.93,delivered,rejected,2025-05-17 18:08:31 UTC,price_too_low
RAF935A928FEC6,LA3C23E7FDAC8,P010,2025-05-17 18:05:57 UTC,2,63.98,delivered,accepted,2025-05-17 18:07:34 UTC,
RAB384764CA36D,LA1FF9E8203BC,P001,2025-03-26 18:47:42 UTC,1,74.36,delivered,no_response,2025-03-26 18:48:16 UTC,state_not_covered
RA7EBE3157BBF2,LA1FF9E8203BC,P003,2025-03-26 18:47:51 UTC,2,58.4,delivered,no_response,2025-03-26 18:50:08 UTC,quality
RA0607CC878402,LAEA3F88348A4,P010,2025-03-18 07:38:28 UTC,1,71.52,delivered,capacity_exceeded,2025-03-18 07:40:44 UTC,quality
RA9740489A45BA,LD6FF184A0CCA,P007,2025-04-26 20:16:13 UTC,1,138.71,delivered,accepted,2025-04-26 20:19:47 UTC,
RAA3C38DD2169D,L915575D8E398,P001,2025-02-01 08:17:04 UTC,1,72.8,delivered,accepted,2025-02-01 08:21:42 UTC,
RA620AD10C6E86,LB5DA832E2A22,P002,2025-06-13 12:51:13 UTC,1,81.93,delivered,accepted,2025-06-13 12:53:08 UTC,
RAB54954C0A8BA,L2066B6F3D827,P002,2025-06-21 20:44:11 UTC,1,81.93,delivered,rejected,2025-06-21 20:48:49 UTC,quality
RA95DA68EE88FA,L2066B6F3D827,P003,2025-06-21 20:43:53 UTC,2,66.8,delivered,accepted,2025-06-21 20:48:27 UTC,
RAD9DC7AF20B63,LDA9B86A6A3FF,P006,2025-05-31 15:50:05 UTC,1,101.27,delivered,capacity_exceeded,2025-05-31 15:53:45 UTC,quality
RAA7E42AEE5C7A,LCCAA23DBFDD8,P002,2025-04-24 09:36:51 UTC,1,80.05,delivered,accepted,2025-04-24 09:41:44 UTC,
RA32A58F57B24A,LAED4CE8D83B1,P010,2025-05-01 11:50:55 UTC,1,77.01,delivered,no_response,2025-05-01 11:51:05 UTC,price_too_low
RAFC47B34FE94F,LAED4CE8D83B1,P008,2025-05-01 11:51:26 UTC,2,81.5,delivered,rejected,2025-05-01 11:56:04 UTC,capacity
RAF636E57E64E9,L68A851B0178D,P005,2025-05-22 07:36:31 UTC,1,102.17,delivered,accepted,2025-05-22 07:39:42 UTC,
RA45F1BA618CC5,LEE8B40404D95,P002,2025-03-13 07:53:03 UTC,1,73.39,delivered,accepted,2025-03-13 07:53:51 UTC,
RA16B1FFB83BBE,L5DB200207954,P010,2025-01-15 15:43:53 UTC,1,80.18,delivered,rejected,2025-01-15 15:47:27 UTC,capacity
RA6A13C23D09CB,LD25A615DF1F6,P002,2025-02-09 17:42:57 UTC,1,73.7,delivered,accepted,2025-02-09 17:46:20 UTC,
RA1F9347986B2F,LBB03E19C76B5,P003,2025-01-19 17:40:17 UTC,1,67.49,delivered,capacity_exceeded,2025-01-19 17:41:08 UTC,price_too_low
RAEEA50B1DBC6B,L5406354081E7,P002,2025-06-02 17:33:47 UTC,1,72.85,delivered,accepted,2025-06-02 17:36:25 UTC,
RA39CB64C60288,L4326E1767494,P010,2025-03-05 21:39:05 UTC,1,67.51,delivered,accepted,2025-03-05 21:41:57 UTC,
RA9B29A951CAF9,L26E72F2A7D8A,P009,2025-06-18 13:22:14 UTC,1,54.44,delivered,accepted,2025-06-18 13:26:05 UTC,
RA5CC0647416A1,LE7D2F1391485,P010,2025-04-12 08:31:15 UTC,1,66.46,delivered,no_response,2025-04-12 08:32:19 UTC,quality
RAFAC0722450FB,LECB2C5DF3175,P010,2025-01-23 12:45:12 UTC,1,61.88,delivered,accepted,2025-01-23 12:49:57 UTC,
RA449885B70A89,L5F3B764FF6B5,P010,2025-06-17 22:26:10 UTC,1,73.15,delivered,accepted,2025-06-17 22:27:00 UTC,
RA53F15FBDF6F1,L6E30B519532B,P005,2025-01-31 08:57:51 UTC,1,90.96,delivered,accepted,2025-01-31 08:58:36 UTC,
RA4B03725CCE3D,L860A537291C2,P010,2025-01-05 19:13:38 UTC,1,80.45,delivered,accepted,2025-01-05 19:16:51 UTC,
RAA1DABBF9C26B,L576CE6E66966,P004,2025-01-22 19:42:57 UTC,1,108.13,delivered,accepted,2025-01-22 19:43:09 UTC,
RA8AC6486ADC18,L5D63D49A20C5,P001,2025-03-01 21:56:27 UTC,1,67.56,delivered,accepted,2025-03-01 21:56:43 UTC,
RA40620454E744,LF2E08A6948B7,P009,2025-01-29 14:38:51 UTC,1,55.88,delivered,accepted,2025-01-29 14:42:30 UTC,
RA0405459079DE,LA71CD070767A,P002,2025-02-09 15:19:27 UTC,1,79.12,delivered,accepted,2025-02-09 15:23:31 UTC,
RAD9D541825493,L1D40B90EBA1E,P007,2025-02-15 22:08:37 UTC,1,137.84,delivered,no_response,2025-02-15 22:10:30 UTC,price_too_low
RAAD66BBF06995,L5973D780B8D6,P002,2025-01-19 09:44:02 UTC,1,69.52,delivered,capacity_exceeded,2025-01-19 09:45:42 UTC,price_too_low
RAF46615274617,L9CB77EB412DB,P009,2025-04-18 10:31:42 UTC,1,53.33,delivered,no_response,2025-04-18 10:35:12 UTC,state_not_covered
RAA16FCD985286,L6E313B5E9FCE,P010,2025-04-08 18:23:07 UTC,1,76.84,delivered,accepted,2025-04-08 18:25:31 UTC,
RA836D15D25E44,L96A71D652319,P008,2025-06-23 13:46:04 UTC,1,84.48,delivered,no_response,2025-06-23 13:49:39 UTC,price_too_low
RAA593A5E91996,L61844E53C083,P003,2025-05-24 18:00:39 UTC,1,66.31,delivered,accepted,2025-05-24 18:02:04 UTC,
RA07FB6929E17A,LC95D1D2EF271,P002,2025-04-25 13:41:46 UTC,1,71.81,delivered,accepted,2025-04-25 13:43:40 UTC,
RAE98605307DA2,L251729874462,P010,2025-03-18 08:50:14 UTC,1,65.74,delivered,capacity_exceeded,2025-03-18 08:51:15 UTC,state_not_covered
RA88C4B63719E9,L2881E9B2B8D8,P002,2025-06-03 19:46:38 UTC,1,65.7,delivered,accepted,2025-06-03 19:49:39 UTC,
RAB66F34EFE9D7,L36507AD72F84,P010,2025-04-25 15:01:58 UTC,1,82.49,delivered,accepted,2025-04-25 15:05:01 UTC,
RA8AEB05F9CF74,LEF2BC00A4504,P005,2025-01-03 09:15:09 UTC,1,115.84,delivered,accepted,2025-01-03 09:18:24 UTC,
RA15256A5BDB0B,L3337022E7838,P010,2025-02-13 12:49:09 UTC,1,63.43,delivered,accepted,2025-02-13 12:53:18 UTC,
RA186ED8CF81C4,LF173302EE84A,P002,2025-06-30 14:45:36 UTC,1,84.03,delivered,accepted,2025-06-30 14:47:38 UTC,
RA05F75D1161FC,L1C0A0D2FC653,P001,2025-03-01 22:58:53 UTC,1,69.27,delivered,accepted,2025-03-01 23:03:36 UTC,
RA303CD92FD439,L8BA09DF490C6,P003,2025-01-16 15:22:34 UTC,1,66.64,delivered,rejected,2025-01-16 15:25:36 UTC,state_not_covered
RA69CEC97DC7A8,L8BA09DF490C6,P009,2025-01-16 15:22:45 UTC,2,49.36,delivered,rejected,2025-01-16 15:26:33 UTC,capacity
RAABAD9FD5E7DE,L8BA09DF490C6,P001,2025-01-16 15:23:04 UTC,3,61.64,delivered,accepted,2025-01-16 15:26:40 UTC,
RA6A54C8E14491,L23DE1F7DC280,P002,2025-05-12 10:20:06 UTC,1,75.34,delivered,accepted,2025-05-12 10:22:56 UTC,
RA02F0CFC7C98B,L8B90B1A457B5,P009,2025-05-22 17:41:24 UTC,1,65.78,delivered,no_response,2025-05-22 17:42:43 UTC,state_not_covered
RAA3B6211ABCD8,L8B90B1A457B5,P010,2025-05-22 17:40:47 UTC,2,75.23,delivered,no_response,2025-05-22 17:41:11 UTC,state_not_covered
RA4B69C05482C4,L8B90B1A457B5,P002,2025-05-22 17:41:15 UTC,3,68.44,delivered,no_response,2025-05-22 17:45:08 UTC,quality
RA6ED6D69F00F1,L8DDF9B040444,P002,2025-05-19 10:52:16 UTC,1,71.61,delivered,accepted,2025-05-19 10:55:57 UTC,
RAB804ED821796,L51F38FEAD878,P010,2025-05-20 20:25:24 UTC,1,62.44,delivered,no_response,2025-05-20 20:27:53 UTC,capacity
RAF42CB9DF20CD,L5D430C65413A,P009,2025-03-04 18:52:38 UTC,1,54.7,delivered,accepted,2025-03-04 18:55:42 UTC,
RA539285FBBC0E,L2C45E3E4EC9E,P009,2025-05-10 17:55:27 UTC,1,54.55,delivered,accepted,2025-05-10 17:59:17 UTC,
RA21EAC83992CD,L4AF5EC84CD39,P006,2025-04-26 07:49:56 UTC,1,124.01,delivered,accepted,2025-04-26 07:50:53 UTC,
RA68788F547BEF,L5503F690CE8E,P008,2025-03-24 16:55:18 UTC,1,71.28,delivered,accepted,2025-03-24 16:55:39 UTC,
RACBD1460C086E,L20BA6CE92A60,P008,2025-01-29 16:02:22 UTC,1,85.77,delivered,accepted,2025-01-29 16:05:25 UTC,
RA40F74E38D27D,LC9C5672B1EA1,P010,2025-04-17 07:24:56 UTC,1,62.47,delivered,accepted,2025-04-17 07:27:17 UTC,
RA8C29932D34AF,LA09255DBB05E,P010,2025-03-30 07:25:16 UTC,1,71.96,delivered,accepted,2025-03-30 07:28:08 UTC,
RA088174362E77,L395E62F880D8,P002,2025-01-31 22:18:08 UTC,1,79.36,delivered,accepted,2025-01-31 22:21:14 UTC,
RA055D5BC34CCE,L25741A4DFDE9,P010,2025-06-13 08:57:32 UTC,1,72.93,delivered,rejected,2025-06-13 08:59:14 UTC,capacity
RA34427753E5DC,LF3AB0EFCFEF3,P010,2025-03-29 16:43:28 UTC,1,69.19,delivered,accepted,2025-03-29 16:48:08 UTC,
RA8828DD01B751,LB429859D2B47,P010,2025-05-16 15:19:31 UTC,1,72.39,delivered,no_response,2025-05-16 15:23:25 UTC,quality
RABC24901FC5CF,LCE1775FB8C1B,P002,2025-04-14 17:02:09 UTC,1,69.66,delivered,capacity_exceeded,2025-04-14 17:04:27 UTC,state_not_covered
RA6F6212AE06FF,LCE1775FB8C1B,P003,2025-04-14 17:02:39 UTC,2,70.91,delivered,accepted,2025-04-14 17:06:26 UTC,
RA609BD8C118B6,L8305F3825568,P007,2025-01-06 15:42:07 UTC,1,123.5,delivered,capacity_exceeded,2025-01-06 15:45:05 UTC,price_too_low
RA050A52713DB9,L16261BECC9B9,P002,2025-05-07 09:16:54 UTC,1,77.23,delivered,capacity_exceeded,2025-05-07 09:20:27 UTC,capacity
RA562D58CDD6B1,L16261BECC9B9,P003,2025-05-07 09:17:36 UTC,2,58.2,delivered,accepted,2025-05-07 09:22:09 UTC,
RA999404E5A430,L32865341D826,P009,2025-04-19 11:12:57 UTC,1,57.07,delivered,rejected,2025-04-19 11:15:22 UTC,capacity
RA56C4CF0BECB6,LF76BF496CECF,P002,2025-05-10 16:37:14 UTC,1,77.69,delivered,accepted,2025-05-10 16:38:56 UTC,
RA102EE3461913,L6B2149459DF3,P001,2025-03-22 07:15:07 UTC,1,68.17,delivered,rejected,2025-03-22 07:18:46 UTC,price_too_low
RAC36169F34BCA,L6B2149459DF3,P002,2025-03-22 07:15:21 UTC,2,69.47,delivered,accepted,2025-03-22 07:15:35 UTC,
RAE3B75097D96D,L2B928F21658C,P001,2025-01-02 08:25:39 UTC,1,56.59,delivered,accepted,2025-01-02 08:27:21 UTC,
RA7CD489880FF0,L5D0C7BE5D3AC,P008,2025-01-01 13:27:04 UTC,1,82.86,delivered,accepted,2025-01-01 13:27:18 UTC,
RA1CE4A9F7ABBC,LDFE072F3CA25,P005,2025-05-07 20:07:57 UTC,1,99.87,delivered,accepted,2025-05-07 20:11:08 UTC,
RA0267CDBDEC42,LC9613834485F,P010,2025-03-27 22:24:47 UTC,1,63.56,delivered,accepted,2025-03-27 22:25:31 UTC,
RA7F20ED2404AE,LC003561E5622,P003,2025-02-17 20:39:57 UTC,1,76.58,delivered,no_response,2025-02-17 20:44:52 UTC,capacity
RA7CCEB4DBFB36,LC003561E5622,P010,2025-02-17 20:39:59 UTC,2,76.16,delivered,accepted,2025-02-17 20:43:34 UTC,
RAA449AABFFDAB,L8D68F453B297,P003,2025-05-27 07:51:59 UTC,1,57.98,delivered,rejected,2025-05-27 07:56:57 UTC,price_too_low
RA092870FB8390,L9692F5BD6113,P003,2025-05-08 07:28:35 UTC,1,67.19,delivered,rejected,2025-05-08 07:31:53 UTC,quality
RA00DA0F10F855,L04E3B2FDA185,P008,2025-01-01 07:42:04 UTC,1,83.89,delivered,accepted,2025-01-01 07:45:57 UTC,
RAFB25C6F8A9B4,L82D50968AD17,P003,2025-05-08 10:55:51 UTC,1,75.84,delivered,accepted,2025-05-08 10:59:51 UTC,
RAD0541F1268D2,L57B555A74030,P001,2025-06-10 20:11:07 UTC,1,60.0,delivered,accepted,2025-06-10 20:12:43 UTC,
RA896DD734B44E,L098AEE874E0D,P003,2025-03-22 19:04:49 UTC,1,65.44,delivered,no_response,2025-03-22 19:05:12 UTC,state_not_covered
RA69E2EA604265,LCAA21B94C94B,P006,2025-03-27 09:58:16 UTC,1,130.67,delivered,accepted,2025-03-27 10:00:14 UTC,
RA5F66C6324FBC,L3EE977663F16,P010,2025-02-25 20:58:45 UTC,1,73.27,delivered,capacity_exceeded,2025-02-25 20:59:57 UTC,price_too_low
RAF2D752533B18,LBC1AA7F12683,P002,2025-05-09 07:59:19 UTC,1,83.64,delivered,accepted,2025-05-09 08:00:56 UTC,
RABAFA87993ACD,L59EB84FC8891,P005,2025-04-28 22:06:15 UTC,1,105.11,delivered,accepted,2025-04-28 22:08:29 UTC,
RA8566DE9A74AC,L6745169E0138,P007,2025-06-18 07:47:55 UTC,1,122.96,delivered,accepted,2025-06-18 07:52:24 UTC,
RA05DB31FB259E,LD40A0D75D246,P010,2025-06-08 10:34:40 UTC,1,61.33,delivered,accepted,2025-06-08 10:37:02 UTC,
RAD770DCA742DB,LC6C00647404F,P010,2025-04-02 17:53:39 UTC,1,80.41,delivered,capacity_exceeded,2025-04-02 17:58:20 UTC,state_not_covered
RA8D26D8290D26,LC6C00647404F,P007,2025-04-02 17:54:06 UTC,2,141.99,delivered,accepted,2025-04-02 17:56:24 UTC,
RA62FB33D90B62,L6FCF7E362373,P003,2025-05-24 12:59:19 UTC,1,65.88,delivered,no_response,2025-05-24 13:00:48 UTC,capacity
RA06CF3B1244D7,L6FCF7E362373,P008,2025-05-24 12:59:31 UTC,2,82.75,delivered,accepted,2025-05-24 13:02:01 UTC,
RAC110D58E5BF8,LA1AA2F66651F,P009,2025-03-01 15:30:35 UTC,1,54.04,delivered,accepted,2025-03-01 15:33:47 UTC,
RA150A56167A0E,L587EF95DEBD7,P003,2025-04-16 16:04:21 UTC,1,76.89,delivered,accepted,2025-04-16 16:09:08 UTC,
RA05218B38A2F2,LB2F6A5755A59,P010,2025-04-10 22:13:42 UTC,1,75.51,delivered,accepted,2025-04-10 22:17:51 UTC,
RAB610B37CEB80,L7DC65878ACAB,P010,2025-04-10 09:38:36 UTC,1,64.78,delivered,accepted,2025-04-10 09:43:21 UTC,
RAF466A517D3DA,LB21253D331D0,P002,2025-01-26 18:26:19 UTC,1,84.79,delivered,accepted,2025-01-26 18:27:16 UTC,
RA1B45B8D17E6B,L17A8F846A83C,P001,2025-03-11 21:13:10 UTC,1,67.45,delivered,capacity_exceeded,2025-03-11 21:17:38 UTC,price_too_low
RAA3AE22857C20,L13F77BE30A5F,P003,2025-04-24 12:45:34 UTC,1,63.93,delivered,no_response,2025-04-24 12:46:36 UTC,state_not_covered
RA07B23B3E06B8,L13F77BE30A5F,P002,2025-04-24 12:45:21 UTC,2,72.51,delivered,accepted,2025-04-24 12:50:00 UTC,
RA5A7F7296506B,LA189047D6791,P003,2025-02-05 18:34:51 UTC,1,69.79,delivered,capacity_exceeded,2025-02-05 18:37:54 UTC,price_too_low
RA6BC84B46FFF5,LA189047D6791,P009,2025-02-05 18:35:25 UTC,2,59.34,delivered,rejected,2025-02-05 18:37:10 UTC,price_too_low
RAC6E9A561F9FB,L74A669A7A2C3,P005,2025-05-22 22:10:26 UTC,1,99.16,delivered,no_response,2025-05-22 22:11:19 UTC,price_too_low
RADA69CE3B1874,L59669B8D3ED5,P005,2025-04-17 07:25:06 UTC,1,112.35,delivered,accepted,2025-04-17 07:29:48 UTC,
RAE08B68CB2BF3,LF72E8190FD00,P001,2025-03-09 21:38:15 UTC,1,66.29,delivered,accepted,2025-03-09 21:40:49 UTC,
RAD07206F7B6C0,L99313D0F3A10,P003,2025-03-27 11:34:47 UTC,1,66.75,delivered,accepted,2025-03-27 11:37:31 UTC,
RA623A55D490DA,L977F27FE4C2C,P003,2025-03-24 18:12:09 UTC,1,77.14,delivered,accepted,2025-03-24 18:14:04 UTC,
RA696212A3E83C,L588034DBE9C5,P006,2025-04-30 16:03:44 UTC,1,117.08,delivered,rejected,2025-04-30 16:04:18 UTC,capacity
RA1D07B2AC41E4,L4C7AA9D07880,P001,2025-05-23 21:14:42 UTC,1,66.68,delivered,rejected,2025-05-23 21:17:53 UTC,state_not_covered
RA762BD31D48F9,L20EFACDA366F,P003,2025-02-13 07:58:24 UTC,1,76.79,delivered,accepted,2025-02-13 07:59:15 UTC,
RA35CA7DE92460,L0EEEE7E864D2,P001,2025-01-29 13:18:58 UTC,1,72.16,delivered,accepted,2025-01-29 13:23:16 UTC,
RA7EF6DA61F430,L57A0E3B76495,P010,2025-05-27 10:13:26 UTC,1,73.39,delivered,no_response,2025-05-27 10:17:04 UTC,state_not_covered
RA8ECB13C0486E,L57A0E3B76495,P007,2025-05-27 10:13:41 UTC,2,132.84,delivered,no_response,2025-05-27 10:16:32 UTC,capacity
RA292F269C4591,L1A5F347499BC,P009,2025-03-16 08:32:40 UTC,1,50.1,delivered,accepted,2025-03-16 08:33:55 UTC,
RADD75EB722D6F,L4B59B528E1CF,P010,2025-06-20 21:22:37 UTC,1,80.82,delivered,capacity_exceeded,2025-06-20 21:23:17 UTC,state_not_covered
RAF1C11C49B180,L2E5D7CD83E60,P004,2025-01-05 14:57:43 UTC,1,97.82,delivered,capacity_exceeded,2025-01-05 15:00:02 UTC,state_not_covered
RA09C16117F18A,LAF6BEFD6BDCF,P002,2025-01-13 17:53:38 UTC,1,77.77,delivered,accepted,2025-01-13 17:58:04 UTC,
RA6E7839460571,LE46C33BFCDA4,P010,2025-02-03 12:02:26 UTC,1,76.56,delivered,accepted,2025-02-03 12:04:57 UTC,
RA6CFA784921D5,L8D56A2F73308,P004,2025-02-09 10:33:52 UTC,1,85.39,delivered,accepted,2025-02-09 10:36:17 UTC,
RAF878645C5390,LE40CA8C6E541,P007,2025-01-07 16:17:56 UTC,1,121.56,delivered,accepted,2025-01-07 16:20:54 UTC,
RABA929B2AF27E,L2AA0E588B722,P001,2025-04-20 21:41:34 UTC,1,57.45,delivered,accepted,2025-04-20 21:44:16 UTC,
RA6BBD7280242D,L541D4B30E630,P010,2025-01-03 22:44:53 UTC,1,64.24,delivered,rejected,2025-01-03 22:46:46 UTC,price_too_low
RA5E6D335C8C7C,L1F133B58EC2A,P002,2025-04-29 21:31:10 UTC,1,72.56,delivered,accepted,2025-04-29 21:36:00 UTC,
RAC5AA74489B22,L22710E33169F,P010,2025-03-01 16:02:01 UTC,1,77.21,delivered,accepted,2025-03-01 16:05:23 UTC,
RAAEEAC31F6A7A,LC60E3C6A803C,P010,2025-01-14 17:57:18 UTC,1,62.36,delivered,accepted,2025-01-14 17:58:28 UTC,
RA3AA1CEA83618,L52BFBE840060,P007,2025-05-18 18:43:06 UTC,1,138.69,delivered,accepted,2025-05-18 18:44:04 UTC,
RA6604FF0E7667,LFC30C482182A,P002,2025-04-02 17:56:15 UTC,1,66.75,delivered,accepted,2025-04-02 17:58:35 UTC,
RA4B8F730F9A66,L1099D9AC9CBA,P008,2025-03-11 15:46:08 UTC,1,80.68,delivered,accepted,2025-03-11 15:49:21 UTC,
RA5B8BC2BB86C3,L5173438D3CC5,P003,2025-05-10 17:23:10 UTC,1,78.04,delivered,capacity_exceeded,2025-05-10 17:25:15 UTC,state_not_covered
RA7E838B0351AF,L5173438D3CC5,P002,2025-05-10 17:22:44 UTC,2,71.71,delivered,accepted,2025-05-10 17:26:21 UTC,
RAD9C11DEE2AB1,L0B63F1255BB3,P010,2025-04-05 15:15:21 UTC,1,81.44,delivered,no_response,2025-04-05 15:19:43 UTC,capacity
RAACCD3DC86490,L30DF988A0745,P002,2025-05-06 15:40:44 UTC,1,74.88,delivered,accepted,2025-05-06 15:41:52 UTC,
RAD9BDC17742FF,LDBC4EC8B37EF,P001,2025-02-14 15:58:34 UTC,1,56.19,delivered,no_response,2025-02-14 16:01:43 UTC,state_not_covered
RAEA187D79D816,L36C38EE564D3,P010,2025-01-23 07:50:27 UTC,1,61.28,delivered,accepted,2025-01-23 07:51:38 UTC,
RAE6E9983393A4,L262A6C11EF07,P002,2025-04-14 21:57:13 UTC,1,70.04,delivered,no_response,2025-04-14 22:00:07 UTC,quality
RA54BC893B260C,L748DAF6F4427,P007,2025-04-20 11:23:34 UTC,1,137.46,delivered,capacity_exceeded,2025-04-20 11:27:37 UTC,capacity
RA429CB14FCB08,L3452605045BE,P002,2025-05-26 09:53:44 UTC,1,73.36,delivered,accepted,2025-05-26 09:57:43 UTC,
RAD520A7EC0C41,LDD6615BA28C6,P003,2025-03-12 19:17:14 UTC,1,66.76,delivered,accepted,2025-03-12 19:18:01 UTC,
RA4AE6431FEBA3,L599069330C93,P004,2025-05-09 17:09:21 UTC,1,87.06,delivered,accepted,2025-05-09 17:13:03 UTC,
RAFDE11153AD82,L2AC422C7BDD8,P005,2025-04-07 08:26:43 UTC,1,113.83,delivered,accepted,2025-04-07 08:28:55 UTC,
RA6E41A943ABF6,L0CF02BDED428,P008,2025-02-15 10:25:41 UTC,1,89.68,delivered,capacity_exceeded,2025-02-15 10:28:26 UTC,price_too_low
RA00C9BE8316B6,L0CF02BDED428,P002,2025-02-15 10:25:30 UTC,2,75.85,delivered,accepted,2025-02-15 10:26:32 UTC,
RA531C0D96D319,L3A122F467F2C,P010,2025-06-16 16:06:22 UTC,1,78.72,delivered,accepted,2025-06-16 16:07:24 UTC,
RA602AD302E7BD,L1534571FD9D4,P010,2025-06-06 20:56:11 UTC,1,82.4,delivered,accepted,2025-06-06 20:59:00 UTC,
RA5A9A91E0F07F,LFDAA417D54EA,P005,2025-03-08 22:41:21 UTC,1,110.14,delivered,accepted,2025-03-08 22:44:18 UTC,
RAA1A48D16EB16,LB94B0576D7BF,P003,2025-03-23 16:27:20 UTC,1,65.0,delivered,accepted,2025-03-23 16:28:37 UTC,
RAE85B9749AEB2,LDF741AC38644,P003,2025-02-13 07:44:25 UTC,1,62.29,delivered,accepted,2025-02-13 07:48:53 UTC,
RA3AE1A0D41C07,L4FBBA4BAB61A,P006,2025-03-11 21:30:13 UTC,1,116.18,delivered,accepted,2025-03-11 21:33:39 UTC,
RA49D60A383D3D,L11A18A0BC541,P003,2025-04-16 11:01:00 UTC,1,74.61,delivered,rejected,2025-04-16 11:05:26 UTC,state_not_covered
RAC337B45D1377,L11A18A0BC541,P001,2025-04-16 11:00:41 UTC,2,68.48,delivered,accepted,2025-04-16 11:05:17 UTC,
RA085A2E327852,LE985787AA351,P010,2025-03-13 21:06:30 UTC,1,68.51,delivered,accepted,2025-03-13 21:09:45 UTC,
RA2968FD89D3DC,L5AB84DFB914E,P010,2025-04-12 12:53:15 UTC,1,78.97,delivered,rejected,2025-04-12 12:54:53 UTC,state_not_covered
RA66E380F6A2B5,L5AB84DFB914E,P002,2025-04-12 12:53:20 UTC,2,81.2,delivered,accepted,2025-04-12 12:58:13 UTC,
RAD619888366B9,LCE96067BB85E,P010,2025-06-17 18:58:37 UTC,1,70.54,delivered,accepted,2025-06-17 18:58:51 UTC,
RAEABFBCD95F52,L2B12898CFB68,P003,2025-05-25 16:46:59 UTC,1,61.01,delivered,no_response,2025-05-25 16:51:19 UTC,price_too_low
RA60D303CA75F1,L2B12898CFB68,P002,2025-05-25 16:47:31 UTC,2,72.87,delivered,accepted,2025-05-25 16:48:31 UTC,
RA76780313E0F6,L6CA44CA227D1,P006,2025-05-21 10:38:58 UTC,1,106.44,delivered,rejected,2025-05-21 10:43:16 UTC,state_not_covered
RA663A1F013095,L2028FB44F536,P010,2025-04-23 14:02:02 UTC,1,82.78,delivered,accepted,2025-04-23 14:03:42 UTC,
RAE38D5278F3F3,LC5657C1644B2,P003,2025-03-04 13:11:17 UTC,1,72.21,delivered,accepted,2025-03-04 13:15:09 UTC,
RAB819F55F246E,L969958D6D0C8,P002,2025-01-03 23:06:12 UTC,1,83.06,delivered,accepted,2025-01-03 23:08:01 UTC,
RA0C7F6AC98A17,L0F99A901AD5B,P010,2025-03-11 13:29:15 UTC,1,68.07,delivered,accepted,2025-03-11 13:31:46 UTC,
RACFDAF1FE862E,L7981DE73F821,P003,2025-01-03 19:02:22 UTC,1,68.61,delivered,accepted,2025-01-03 19:04:30 UTC,
RAD1B1DACD4050,L1509F09E79C7,P001,2025-01-03 21:36:43 UTC,1,69.98,delivered,no_response,2025-01-03 21:38:05 UTC,price_too_low
RA8D15732D8DB8,L99F8A1A3B532,P003,2025-06-03 16:28:52 UTC,1,58.75,delivered,accepted,2025-06-03 16:33:15 UTC,
RAE4FA353906BE,LB95381CDA31D,P005,2025-01-27 23:13:24 UTC,1,91.73,delivered,accepted,2025-01-27 23:15:43 UTC,
RA6F6F6D75D8FF,LB9B431F84BBF,P010,2025-05-07 13:21:10 UTC,1,81.31,delivered,accepted,2025-05-07 13:24:26 UTC,
RA372B8D9545B2,LA0F873D3341D,P001,2025-04-26 11:54:53 UTC,1,72.04,delivered,accepted,2025-04-26 11:55:11 UTC,
RA18B408859C8D,L27988FBFB0E1,P003,2025-03-06 18:47:52 UTC,1,73.0,delivered,accepted,2025-03-06 18:49:27 UTC,
RA9A00B91C3417,LA2FB691E4570,P006,2025-04-04 17:23:12 UTC,1,125.52,delivered,accepted,2025-04-04 17:24:51 UTC,
RA72EDE2AD0309,L2AA1AB8EF1E5,P003,2025-06-06 12:55:45 UTC,1,68.21,delivered,rejected,2025-06-06 13:00:19 UTC,capacity
RAB7CC570C1258,LAD2FD92F1AA4,P010,2025-04-02 10:59:57 UTC,1,77.44,delivered,accepted,2025-04-02 11:04:07 UTC,
RA739D3F845CDA,LD3393968E2F8,P003,2025-01-26 19:56:51 UTC,1,65.86,delivered,accepted,2025-01-26 19:57:46 UTC,
RAD8B61F4ADBC0,LE5109262ACE9,P005,2025-01-06 22:04:14 UTC,1,112.66,delivered,capacity_exceeded,2025-01-06 22:08:08 UTC,quality
RA7B447B4DCF53,LE5567020C03F,P010,2025-02-20 22:57:36 UTC,1,75.34,delivered,accepted,2025-02-20 23:01:13 UTC,
RA548B51B8BA6A,LE6574DB65648,P002,2025-05-07 13:09:10 UTC,1,79.95,delivered,accepted,2025-05-07 13:13:59 UTC,
RA64685CEA8C25,L04F36EA84B21,P010,2025-06-10 15:15:10 UTC,1,71.06,delivered,no_response,2025-06-10 15:18:05 UTC,capacity
RA9C1011AB08AB,L1E2C210999EF,P009,2025-01-18 19:29:29 UTC,1,63.33,delivered,capacity_exceeded,2025-01-18 19:32:00 UTC,capacity
RAD96B3AD0CCB0,L1E2C210999EF,P010,2025-01-18 19:29:02 UTC,2,63.73,delivered,rejected,2025-01-18 19:33:33 UTC,capacity
RA7D9F39E423E6,L3EAC70E56FD6,P006,2025-06-02 18:41:34 UTC,1,119.7,delivered,accepted,2025-06-02 18:44:02 UTC,
RAD2B47BAD9176,LAC5016DDB863,P010,2025-05-31 11:20:04 UTC,1,81.44,delivered,no_response,2025-05-31 11:25:02 UTC,capacity
RA397D39D309CB,LAC5016DDB863,P003,2025-05-31 11:20:22 UTC,2,76.51,delivered,accepted,2025-05-31 11:23:08 UTC,
RA37DA28F86B64,L982716FA59FC,P002,2025-05-30 16:03:04 UTC,1,80.54,delivered,accepted,2025-05-30 16:07:45 UTC,
RAEDA62049488C,L6A1DC2EB7075,P007,2025-02-02 17:22:46 UTC,1,123.86,delivered,accepted,2025-02-02 17:24:39 UTC,
RA8C82242ED7D6,LE111F155D960,P002,2025-01-06 11:22:40 UTC,1,74.07,delivered,accepted,2025-01-06 11:27:20 UTC,
RAE159AA7EFE60,L6BB8687FFD3E,P001,2025-04-17 08:51:49 UTC,1,61.72,delivered,accepted,2025-04-17 08:56:17 UTC,
RA5D1AEA2B4D38,L7DBB4A02B8AB,P002,2025-04-20 19:38:51 UTC,1,84.37,delivered,accepted,2025-04-20 19:42:59 UTC,
RAD064CD3BE305,LCFB7E16D8817,P002,2025-04-10 22:16:36 UTC,1,78.28,delivered,accepted,2025-04-10 22:20:27 UTC,
RA84696CF450D3,L8AB211E08C4D,P003,2025-03-01 20:28:54 UTC,1,73.33,delivered,rejected,2025-03-01 20:31:56 UTC,quality
RAED368A45CDFD,L8AB211E08C4D,P001,2025-03-01 20:28:27 UTC,2,70.81,delivered,accepted,2025-03-01 20:29:35 UTC,
RA9F6378196CA2,LC22F17E7FE60,P010,2025-02-09 17:17:57 UTC,1,68.5,delivered,capacity_exceeded,2025-02-09 17:21:42 UTC,price_too_low
RA962BCB788270,LC22F17E7FE60,P008,2025-02-09 17:18:27 UTC,2,84.18,delivered,accepted,2025-02-09 17:20:45 UTC,
RAA1B0FED3D293,L212C52938408,P003,2025-02-20 22:52:45 UTC,1,73.48,delivered,accepted,2025-02-20 22:56:51 UTC,
RA089F626C0C52,L65CB62CC59DA,P005,2025-06-13 22:28:07 UTC,1,103.13,delivered,accepted,2025-06-13 22:30:21 UTC,
RAA4B36A183E5E,LC19814A4E93D,P001,2025-04-24 09:50:34 UTC,1,73.93,delivered,accepted,2025-04-24 09:51:09 UTC,
RA1D5758C14F00,L819C0ACF9697,P005,2025-01-01 16:35:40 UTC,1,119.73,delivered,capacity_exceeded,2025-01-01 16:36:35 UTC,state_not_covered
RAE5D32AB37328,LFF4ED6C1D9D8,P001,2025-02-25 07:31:46 UTC,1,74.55,delivered,accepted,2025-02-25 07:36:45 UTC,
RA6EDC62EE8B42,L3616D4B6CAE6,P007,2025-04-15 11:22:36 UTC,1,134.92,delivered,accepted,2025-04-15 11:24:51 UTC,
RA43AD064654F9,L05838797D23F,P010,2025-01-18 07:41:10 UTC,1,71.3,delivered,accepted,2025-01-18 07:44:57 UTC,
RA32D5BCCA568F,LF9CFBA0EDA53,P002,2025-03-14 11:07:17 UTC,1,82.51,delivered,accepted,2025-03-14 11:07:30 UTC,
RA6D29D6F14F3A,L86DE58BCE537,P003,2025-03-08 15:27:35 UTC,1,59.99,delivered,no_response,2025-03-08 15:31:08 UTC,state_not_covered
RAC75B46EAE94D,L86DE58BCE537,P001,2025-03-08 15:27:43 UTC,2,55.87,delivered,no_response,2025-03-08 15:31:38 UTC,quality
RAAD11EF608410,LC5402C30740F,P002,2025-06-03 22:59:18 UTC,1,85.55,delivered,no_response,2025-06-03 23:00:47 UTC,state_not_covered
RADF17138C7C5C,LC5402C30740F,P009,2025-06-03 22:59:02 UTC,2,60.82,delivered,capacity_exceeded,2025-06-03 23:00:37 UTC,price_too_low
RA30C13D3E6C16,LC5402C30740F,P001,2025-06-03 22:58:45 UTC,3,58.42,delivered,accepted,2025-06-03 23:03:27 UTC,
RA55ADF3AFE7F5,L6675A7840657,P008,2025-06-10 22:41:16 UTC,1,74.36,delivered,rejected,2025-06-10 22:44:04 UTC,capacity
RA858E1DEDECF0,L6675A7840657,P010,2025-06-10 22:42:04 UTC,2,66.41,delivered,accepted,2025-06-10 22:45:50 UTC,
RAB47E39ABE8A2,L5B69460AF86E,P003,2025-06-17 20:31:08 UTC,1,69.92,delivered,no_response,2025-06-17 20:33:55 UTC,state_not_covered
RAAB1B0FD0AC2B,L5B69460AF86E,P001,2025-06-17 20:31:28 UTC,2,59.36,delivered,accepted,2025-06-17 20:33:32 UTC,
RA061BB4223DF0,L2B949C392BBE,P010,2025-03-10 08:19:40 UTC,1,77.25,delivered,accepted,2025-03-10 08:20:59 UTC,
RACD725D5D9539,L6DC72D82774F,P002,2025-03-11 20:02:34 UTC,1,82.26,delivered,accepted,2025-03-11 20:07:34 UTC,
RAA7618CB4BF1F,L36357CC4B960,P003,2025-04-30 12:42:07 UTC,1,60.68,delivered,accepted,2025-04-30 12:45:41 UTC,
RA23808F011F65,L088D085AB885,P003,2025-03-13 18:57:25 UTC,1,71.19,delivered,capacity_exceeded,2025-03-13 18:59:35 UTC,quality
RA317988900B30,L088D085AB885,P009,2025-03-13 18:56:49 UTC,2,65.53,delivered,accepted,2025-03-13 18:59:24 UTC,
RA3D727D375675,L8F4F970D0C16,P007,2025-02-08 08:50:03 UTC,1,139.58,delivered,capacity_exceeded,2025-02-08 08:51:07 UTC,capacity
RA99C8015374E0,L8F4F970D0C16,P010,2025-02-08 08:50:08 UTC,2,66.54,delivered,accepted,2025-02-08 08:50:35 UTC,
RAAA188CED3E18,LBDAE55AC0C78,P004,2025-05-21 10:54:23 UTC,1,99.67,delivered,accepted,2025-05-21 10:56:09 UTC,
RA2591702AA9FC,L34A838F99A71,P005,2025-05-28 12:48:03 UTC,1,118.05,delivered,no_response,2025-05-28 12:50:26 UTC,price_too_low
RA817227C555D7,L25973C3D0417,P008,2025-04-11 20:42:16 UTC,1,75.81,delivered,accepted,2025-04-11 20:46:47 UTC,
RAD82FBA28CA71,L070B91C75369,P009,2025-04-20 18:47:11 UTC,1,58.75,delivered,no_response,2025-04-20 18:50:11 UTC,capacity
RA4D4CEEB97379,L5889D002A173,P002,2025-02-07 09:59:57 UTC,1,70.15,delivered,accepted,2025-02-07 10:02:57 UTC,
RA5648910D6CEA,LB45B00C1F674,P009,2025-06-23 14:43:38 UTC,1,54.96,delivered,accepted,2025-06-23 14:47:07 UTC,
RA824225B68861,L4CAF11260089,P009,2025-02-01 15:05:19 UTC,1,66.49,delivered,accepted,2025-02-01 15:06:02 UTC,
RAA50A9E6B8077,LD84783958550,P002,2025-04-17 17:39:13 UTC,1,64.8,delivered,capacity_exceeded,2025-04-17 17:44:05 UTC,capacity
RAC2FEE67E373E,LD84783958550,P009,2025-04-17 17:39:19 UTC,2,65.6,delivered,accepted,2025-04-17 17:42:31 UTC,
RA33E16D64E9A9,LFDFE5D7ADB61,P003,2025-03-19 11:29:37 UTC,1,74.08,delivered,capacity_exceeded,2025-03-19 11:33:51 UTC,state_not_covered
RA1E12C5200B06,LFDFE5D7ADB61,P010,2025-03-19 11:29:36 UTC,2,62.12,delivered,accepted,2025-03-19 11:32:13 UTC,
RAC4A5DE6DF106,L9DEB1040C874,P005,2025-05-04 19:47:54 UTC,1,104.84,delivered,no_response,2025-05-04 19:48:54 UTC,capacity
RA9860E7ACCFBC,LA7FDD7016562,P003,2025-02-28 14:49:16 UTC,1,72.4,delivered,accepted,2025-02-28 14:53:30 UTC,
RA2848AC3D55C0,L579427E2276D,P006,2025-01-03 07:57:37 UTC,1,122.79,delivered,accepted,2025-01-03 08:01:27 UTC,
RA42ECF9B63B4F,L579984C3F980,P002,2025-06-04 20:03:30 UTC,1,64.93,delivered,no_response,2025-06-04 20:07:27 UTC,capacity
RA65D72F50A920,L579984C3F980,P008,2025-06-04 20:03:00 UTC,2,75.62,delivered,accepted,2025-06-04 20:03:13 UTC,
RA8B02F24F975B,LC803667B89CD,P009,2025-04-20 17:27:47 UTC,1,65.81,delivered,accepted,2025-04-20 17:30:31 UTC,
RAA81AD96F81A5,L43E5F591C42C,P002,2025-04-08 09:53:52 UTC,1,64.75,delivered,no_response,2025-04-08 09:56:03 UTC,quality
RA705136098183,LD589AFBC09AF,P009,2025-02-22 09:31:45 UTC,1,65.54,delivered,rejected,2025-02-22 09:34:25 UTC,capacity
RA7904E91D07AE,LD589AFBC09AF,P002,2025-02-22 09:31:21 UTC,2,66.86,delivered,accepted,2025-02-22 09:34:12 UTC,
RAA02368E3DD3E,L1686B5D89850,P010,2025-04-18 20:46:09 UTC,1,63.09,delivered,accepted,2025-04-18 20:48:00 UTC,
RA8BBBF723D920,L80762F79045E,P009,2025-06-12 18:32:24 UTC,1,61.28,delivered,accepted,2025-06-12 18:37:00 UTC,
RA75415271F22E,L262B236AC71C,P010,2025-04-19 19:34:00 UTC,1,64.96,delivered,capacity_exceeded,2025-04-19 19:35:16 UTC,quality
RA88DDF097E7FC,L69F49CAA8CBF,P001,2025-06-23 17:18:01 UTC,1,72.89,delivered,accepted,2025-06-23 17:18:24 UTC,
RAFB06EF5AAD11,L31D1FFE147F6,P010,2025-03-12 20:52:50 UTC,1,82.47,delivered,accepted,2025-03-12 20:55:00 UTC,
RA9E0FE59DC74C,L2A281F4D0369,P010,2025-02-17 10:27:18 UTC,1,82.06,delivered,accepted,2025-02-17 10:28:02 UTC,
RABEB02FD8E9DA,L608857446361,P005,2025-03-07 10:43:22 UTC,1,108.63,delivered,accepted,2025-03-07 10:44:08 UTC,
RAB718013BA297,L390342963AF5,P006,2025-05-23 16:20:05 UTC,1,135.22,delivered,accepted,2025-05-23 16:21:25 UTC,
RAD271682C9506,LC4CA4449A476,P003,2025-04-07 16:43:03 UTC,1,76.73,delivered,accepted,2025-04-07 16:47:48 UTC,
RA6423A9291B53,L0100FFDDF100,P002,2025-05-27 16:53:41 UTC,1,76.8,delivered,accepted,2025-05-27 16:55:02 UTC,
RA69C2A046F1C9,LD93CEFB14ED2,P001,2025-01-20 09:39:46 UTC,1,59.16,delivered,capacity_exceeded,2025-01-20 09:43:09 UTC,price_too_low
RAC375168C7BA5,L24860535D5C1,P006,2025-06-16 16:44:17 UTC,1,132.85,delivered,accepted,2025-06-16 16:46:02 UTC,
RAA99D00B0C922,LC26989CA2F44,P010,2025-02-05 18:27:02 UTC,1,80.13,delivered,accepted,2025-02-05 18:27:55 UTC,
RAECC11BACC4FA,L7DDABE7B891A,P006,2025-06-03 20:51:23 UTC,1,123.97,delivered,accepted,2025-06-03 20:53:15 UTC,
RA5DBAB6594BA2,LB9E443C2333E,P001,2025-04-04 07:41:51 UTC,1,71.07,delivered,accepted,2025-04-04 07:44:40 UTC,
RA4F168488F83A,L61A977991447,P003,2025-03-21 07:57:43 UTC,1,64.62,delivered,accepted,2025-03-21 08:00:42 UTC,
RA7F8D0C3FA6D4,LD62F73056D00,P003,2025-05-13 13:22:53 UTC,1,63.46,delivered,accepted,2025-05-13 13:27:10 UTC,
RA699EB06CB39C,L88B341CC5AD6,P010,2025-05-09 16:22:25 UTC,1,71.88,delivered,no_response,2025-05-09 16:22:51 UTC,capacity
RAF3759576FAFB,L5391343E6812,P002,2025-05-30 20:23:19 UTC,1,65.11,delivered,accepted,2025-05-30 20:24:17 UTC,
RA7E012B563B30,LDAD8045C4B81,P001,2025-03-28 11:15:41 UTC,1,57.2,delivered,accepted,2025-03-28 11:19:10 UTC,
RA8E3F64E143AB,LF63868AAE19D,P003,2025-03-03 14:59:27 UTC,1,73.22,delivered,accepted,2025-03-03 14:59:38 UTC,
RAFDCF845E83B3,L6B8360AB0CB2,P009,2025-06-21 10:30:48 UTC,1,54.27,delivered,rejected,2025-06-21 10:31:55 UTC,state_not_covered
RA6439C4AB78AA,L0EE39FE1A4D0,P003,2025-04-18 21:40:30 UTC,1,59.4,delivered,accepted,2025-04-18 21:44:56 UTC,
RAD498AE4EEE0A,L1786F9BB940F,P002,2025-01-30 20:10:33 UTC,1,70.25,delivered,accepted,2025-01-30 20:15:07 UTC,
RA3BCA430D0E45,L698D5D1A1071,P002,2025-04-28 21:21:38 UTC,1,75.5,delivered,accepted,2025-04-28 21:22:07 UTC,
RA81570E761C0B,L202A2FE2C7CA,P003,2025-03-25 09:00:35 UTC,1,63.11,delivered,accepted,2025-03-25 09:05:14 UTC,
RA2BC9C3C7437B,L8241090AC0B8,P010,2025-06-24 13:27:45 UTC,1,74.24,delivered,accepted,2025-06-24 13:28:19 UTC,
RA7781EB9950BF,LCDF2AAD654F8,P006,2025-05-31 16:15:16 UTC,1,116.38,delivered,no_response,2025-05-31 16:17:28 UTC,capacity
RAC5F9EA8155E0,L36B4D65B3DCA,P003,2025-04-25 19:25:24 UTC,1,73.91,delivered,accepted,2025-04-25 19:27:59 UTC,
RAA55BC4C65B00,LA7E87AD6629D,P010,2025-05-03 10:28:18 UTC,1,79.7,delivered,capacity_exceeded,2025-05-03 10:29:47 UTC,state_not_covered
RA4D4F88E9CEE5,LA7E87AD6629D,P001,2025-05-03 10:27:43 UTC,2,60.57,delivered,accepted,2025-05-03 10:29:29 UTC,
RA6FDAA2D23BD2,LFF39931D9A3B,P010,2025-01-31 22:18:04 UTC,1,81.76,delivered,accepted,2025-01-31 22:21:09 UTC,
RA5FAD05266ABD,LAD6849BE72ED,P007,2025-05-07 21:38:16 UTC,1,127.52,delivered,accepted,2025-05-07 21:42:25 UTC,
RAC0B876451739,LFFC393FAEBBA,P010,2025-03-06 18:47:35 UTC,1,81.24,delivered,accepted,2025-03-06 18:50:13 UTC,
RAEF2C62261BEC,L1DFB03229254,P010,2025-06-23 09:34:41 UTC,1,74.52,delivered,no_response,2025-06-23 09:38:01 UTC,quality
RA77E39C41DBDA,L1DFB03229254,P006,2025-06-23 09:34:34 UTC,2,102.89,delivered,accepted,2025-06-23 09:37:11 UTC,
RA44EB49507B8D,L84F0FD94835A,P008,2025-05-16 19:00:29 UTC,1,83.95,delivered,accepted,2025-05-16 19:03:46 UTC,
RA9DBEF8CB7752,L5FE585C77FC2,P001,2025-04-17 19:19:20 UTC,1,71.05,delivered,accepted,2025-04-17 19:20:38 UTC,
RA766E7BAB38E5,LFA149CD4733D,P010,2025-03-20 11:30:27 UTC,1,77.26,delivered,no_response,2025-03-20 11:32:29 UTC,quality
RAF38E0A2C6047,L26CE6B1C7AB7,P003,2025-04-13 11:11:48 UTC,1,66.73,delivered,no_response,2025-04-13 11:16:43 UTC,capacity
RA452F4344EBB1,LF93239DE2612,P009,2025-01-24 20:45:01 UTC,1,66.41,delivered,rejected,2025-01-24 20:46:25 UTC,price_too_low
RAF340571A4662,LA044BCA307FC,P010,2025-02-11 20:01:55 UTC,1,66.96,delivered,rejected,2025-02-11 20:04:19 UTC,capacity
RAA06ED761BDE4,LF3B42754BD6B,P010,2025-01-12 07:24:52 UTC,1,75.04,delivered,accepted,2025-01-12 07:25:41 UTC,
RA4851D26338A9,LB27289025EAB,P010,2025-01-09 09:02:28 UTC,1,62.78,delivered,accepted,2025-01-09 09:04:12 UTC,
RA961E658BCEE5,L28673C19CF9B,P003,2025-05-08 21:46:05 UTC,1,68.58,delivered,accepted,2025-05-08 21:46:35 UTC,
RAD759FADAC0C7,LDD1F79ACEF93,P005,2025-04-02 18:16:18 UTC,1,106.01,delivered,accepted,2025-04-02 18:16:31 UTC,
RAA5B9C407856A,LD48AA360B4A7,P002,2025-01-23 11:35:15 UTC,1,82.06,delivered,accepted,2025-01-23 11:36:06 UTC,
RA6BD79264FBED,L5DE5C5E14143,P010,2025-01-27 09:01:09 UTC,1,67.02,delivered,capacity_exceeded,2025-01-27 09:05:49 UTC,capacity
RA13D3053B5594,L84BD1106346C,P001,2025-01-01 14:37:01 UTC,1,63.56,delivered,accepted,2025-01-01 14:39:06 UTC,
RA0707B91E7EC3,L4BA524C6E4D8,P009,2025-03-04 16:58:07 UTC,1,58.2,delivered,capacity_exceeded,2025-03-04 17:01:35 UTC,state_not_covered
RABC04D6EF123B,L88134C590C2D,P002,2025-03-07 17:25:41 UTC,1,72.36,delivered,accepted,2025-03-07 17:29:42 UTC,
RAEEC83C8BB994,L78C40DE6EB91,P002,2025-04-18 22:02:33 UTC,1,67.63,delivered,accepted,2025-04-18 22:05:42 UTC,
RA6E8B926B6605,L76EDCF3F4762,P003,2025-06-01 16:20:53 UTC,1,75.53,delivered,accepted,2025-06-01 16:22:39 UTC,
RAC33178F06E59,L510810648CE7,P002,2025-05-26 17:11:30 UTC,1,82.49,delivered,capacity_exceeded,2025-05-26 17:12:24 UTC,state_not_covered
RAE2CCA46958A0,L510810648CE7,P003,2025-05-26 17:11:29 UTC,2,66.19,delivered,accepted,2025-05-26 17:12:21 UTC,
RA5282A19E21F6,L6E3B3DF99E38,P001,2025-01-13 10:17:32 UTC,1,72.9,delivered,accepted,2025-01-13 10:19:41 UTC,
RA3D5FFE19EA8D,L998DCCDD0592,P009,2025-02-01 19:39:36 UTC,1,58.56,delivered,rejected,2025-02-01 19:43:43 UTC,state_not_covered
RA768E9963A8CD,LA9998A0A8F6C,P005,2025-05-08 18:51:25 UTC,1,105.77,delivered,accepted,2025-05-08 18:55:13 UTC,
RA6ECE69F055F9,L15D92EE7CA4B,P010,2025-01-06 12:39:49 UTC,1,68.92,delivered,accepted,2025-01-06 12:43:02 UTC,
RA83537E1E3BDC,LBD6ADE344E73,P002,2025-02-11 16:12:51 UTC,1,75.43,delivered,accepted,2025-02-11 16:14:37 UTC,
RA1135C81DF906,L17D15847C672,P003,2025-02-16 23:11:11 UTC,1,75.3,delivered,accepted,2025-02-16 23:15:48 UTC,
RA80C37C16F2FC,L4BACB5563193,P003,2025-03-19 15:53:44 UTC,1,63.74,delivered,no_response,2025-03-19 15:57:23 UTC,state_not_covered
RA46AA456A222F,L7D2358F1EDC4,P010,2025-02-01 17:38:44 UTC,1,62.3,delivered,accepted,2025-02-01 17:41:39 UTC,
RA18927397CE64,L711D7A623784,P005,2025-03-16 10:57:40 UTC,1,95.94,delivered,accepted,2025-03-16 10:58:18 UTC,
RA6F1627B08766,L4632CBFA72FE,P003,2025-02-19 09:37:02 UTC,1,59.73,delivered,accepted,2025-02-19 09:39:42 UTC,
RA1C15FDDC6A2A,L4A31A6904B69,P003,2025-01-04 11:08:17 UTC,1,76.83,delivered,accepted,2025-01-04 11:09:09 UTC,
RA01BB2F1B8E19,LCFB8A0E6B704,P003,2025-04-18 21:56:26 UTC,1,70.48,delivered,no_response,2025-04-18 22:01:19 UTC,price_too_low
RA18FEBEE17114,L642AB0D14CD1,P003,2025-03-26 22:00:29 UTC,1,59.33,delivered,rejected,2025-03-26 22:03:12 UTC,quality
RA832099F0DF83,L642AB0D14CD1,P001,2025-03-26 22:00:38 UTC,2,58.49,delivered,accepted,2025-03-26 22:04:33 UTC,
RA8C12199481C5,LF2693563A438,P002,2025-04-10 18:36:17 UTC,1,68.29,delivered,accepted,2025-04-10 18:41:05 UTC,
RA05393C143B4B,L4314965FE4D8,P003,2025-01-24 19:20:13 UTC,1,77.55,delivered,accepted,2025-01-24 19:20:41 UTC,
RAFD9C20256F7D,L67AF1CB3A546,P008,2025-02-23 18:29:22 UTC,1,69.24,delivered,accepted,2025-02-23 18:29:35 UTC,
RA0C27AF9F4C92,L5AFEC8E246E3,P005,2025-06-30 16:18:36 UTC,1,111.19,delivered,accepted,2025-06-30 16:22:40 UTC,
RA5571BEB2736C,LCB0B3F4491AF,P002,2025-05-27 22:22:45 UTC,1,81.92,delivered,accepted,2025-05-27 22:27:40 UTC,
RAFED5ABC42856,L7825336A5A7E,P010,2025-06-08 20:39:26 UTC,1,82.51,delivered,no_response,2025-06-08 20:40:14 UTC,quality
RAE710C11AD171,L7825336A5A7E,P007,2025-06-08 20:39:36 UTC,2,138.65,delivered,accepted,2025-06-08 20:40:20 UTC,
RA9B47AB969391,L8F6EB442D015,P005,2025-04-20 21:23:53 UTC,1,111.28,delivered,accepted,2025-04-20 21:28:33 UTC,
RAB020DD2B6964,L78DA614ECD59,P010,2025-01-05 10:09:17 UTC,1,78.74,delivered,accepted,2025-01-05 10:10:45 UTC,
RA7E79B35A5964,L243AF9A5C382,P002,2025-03-01 20:48:06 UTC,1,70.36,delivered,no_response,2025-03-01 20:50:28 UTC,state_not_covered
RA9E5770758E21,L63972075FAC4,P004,2025-03-31 17:26:07 UTC,1,86.13,delivered,accepted,2025-03-31 17:28:12 UTC,
RA16B5BFD223AF,L2522D1B5A0BD,P010,2025-05-02 08:46:46 UTC,1,72.28,delivered,accepted,2025-05-02 08:48:32 UTC,
RA2159263E8D7E,LABA5515E1A2B,P002,2025-03-17 17:57:10 UTC,1,84.24,delivered,accepted,2025-03-17 17:59:52 UTC,
RA2A5886B1DE29,LE90C74913283,P003,2025-03-09 07:31:18 UTC,1,61.98,delivered,capacity_exceeded,2025-03-09 07:36:05 UTC,quality
RAC08345BD48DD,L580034582AD3,P001,2025-02-07 19:24:04 UTC,1,65.33,delivered,accepted,2025-02-07 19:27:01 UTC,
RA38EAA28AEB4D,LE43822218C0C,P002,2025-04-26 22:26:27 UTC,1,68.52,delivered,accepted,2025-04-26 22:29:21 UTC,
RAA234D36E39B0,L5987350DB41C,P010,2025-01-07 16:09:20 UTC,1,70.77,delivered,accepted,2025-01-07 16:12:40 UTC,
RAF5F77622DFBB,LD84547156E6F,P003,2025-02-15 20:52:34 UTC,1,77.49,delivered,rejected,2025-02-15 20:55:31 UTC,price_too_low
RA9B88A44442E8,LBE7B0B93B717,P010,2025-02-26 22:52:08 UTC,1,82.57,delivered,accepted,2025-02-26 22:52:55 UTC,
RA411C6CEAC009,L249D54200C9B,P010,2025-02-12 19:08:28 UTC,1,80.27,delivered,accepted,2025-02-12 19:12:11 UTC,
RA30ABA18E9B6A,LE0ABDC7B0440,P005,2025-02-24 17:35:34 UTC,1,103.65,delivered,accepted,2025-02-24 17:36:42 UTC,
RA39B2DDCF72D4,L4F5549F3C0A8,P003,2025-03-12 21:44:51 UTC,1,75.92,delivered,rejected,2025-03-12 21:46:58 UTC,quality
RA82EA1EE8BD65,L9344FB9E8B3E,P010,2025-04-28 22:32:23 UTC,1,78.93,delivered,accepted,2025-04-28 22:33:21 UTC,
RA8BD94C49360F,LB3FF9F77FEFA,P005,2025-04-08 15:25:02 UTC,1,96.51,delivered,rejected,2025-04-08 15:27:11 UTC,capacity
RA6200CD8DE792,LD482FD198271,P001,2025-02-08 08:05:02 UTC,1,69.1,delivered,accepted,2025-02-08 08:07:34 UTC,
RAD8F67F0A31BB,L9F63988B475C,P010,2025-04-15 13:25:40 UTC,1,80.76,delivered,accepted,2025-04-15 13:26:05 UTC,
RAC8572EAB165D,LB7DC72201CA3,P009,2025-03-06 18:57:20 UTC,1,50.56,delivered,capacity_exceeded,2025-03-06 18:57:54 UTC,price_too_low
RAE9942FB75A85,L510048EB681A,P007,2025-02-25 15:22:12 UTC,1,133.49,delivered,accepted,2025-02-25 15:26:25 UTC,
RAFC93E23F3772,L4583BD2BAA0F,P010,2025-05-26 12:02:50 UTC,1,62.95,delivered,accepted,2025-05-26 12:07:17 UTC,
RA879EC264EE0A,L43E068DDD687,P010,2025-01-25 21:10:09 UTC,1,67.53,delivered,accepted,2025-01-25 21:11:55 UTC,
RA871042E84D66,L3845EF95F31A,P002,2025-06-18 11:13:14 UTC,1,72.91,delivered,accepted,2025-06-18 11:16:39 UTC,
RA8221C2C03944,L4D6C316D0A93,P010,2025-04-08 22:14:25 UTC,1,72.33,delivered,accepted,2025-04-08 22:15:27 UTC,
RA06591D6C4BF6,LDEC4E3FAB8CD,P010,2025-04-13 22:45:05 UTC,1,76.37,delivered,rejected,2025-04-13 22:46:26 UTC,capacity
RAF868BF3B55F0,L930606C80BDB,P006,2025-04-22 16:22:25 UTC,1,130.94,delivered,accepted,2025-04-22 16:27:00 UTC,
RAF005CF2FEDD2,L270A9E3278BF,P004,2025-01-18 10:11:04 UTC,1,98.96,delivered,accepted,2025-01-18 10:14:33 UTC,
RAFE5EDA3C89B7,LCED0F73E3738,P009,2025-05-02 13:57:21 UTC,1,52.16,delivered,accepted,2025-05-02 14:00:05 UTC,
RA19D9A1CC6254,LB7F1E608AE70,P005,2025-02-07 19:44:26 UTC,1,93.31,delivered,accepted,2025-02-07 19:45:31 UTC,
RA3B25162E830A,L471D653DF28E,P010,2025-02-22 11:06:25 UTC,1,70.96,delivered,accepted,2025-02-22 11:08:14 UTC,
RA148B247DADAC,L69449D3A87A6,P004,2025-06-13 14:18:54 UTC,1,87.44,delivered,rejected,2025-06-13 14:20:52 UTC,state_not_covered
RA4DD72AC00A8C,L098840E5057F,P001,2025-06-20 16:24:35 UTC,1,63.86,delivered,accepted,2025-06-20 16:28:42 UTC,
RACF0726A2F791,LD3523310A7AF,P002,2025-04-06 08:14:10 UTC,1,65.78,delivered,accepted,2025-04-06 08:18:34 UTC,
RA71481A11016C,L4865526CD20A,P010,2025-04-04 11:43:49 UTC,1,63.67,delivered,accepted,2025-04-04 11:48:11 UTC,
RA419A7919EEDE,L9305E8D9663D,P001,2025-06-28 11:34:31 UTC,1,56.54,delivered,accepted,2025-06-28 11:38:39 UTC,
RAC035B1FEC41B,L695C90B526D0,P007,2025-05-19 20:28:36 UTC,1,137.96,delivered,accepted,2025-05-19 20:32:09 UTC,
RA1F358E935C0D,L319849D8E199,P009,2025-05-08 12:15:59 UTC,1,61.45,delivered,capacity_exceeded,2025-05-08 12:18:41 UTC,state_not_covered
RA53CA44BB8E96,L37C8CC12E11A,P010,2025-03-27 10:57:04 UTC,1,74.12,delivered,accepted,2025-03-27 10:59:31 UTC,
RA6F7DB984751E,L21C13FD23E86,P007,2025-02-15 11:20:09 UTC,1,115.23,delivered,accepted,2025-02-15 11:24:09 UTC,
RA52CC00CB03A1,LEFCFE1072157,P005,2025-05-31 10:19:50 UTC,1,100.96,delivered,accepted,2025-05-31 10:23:12 UTC,
RADCEE93360007,LB50C1D145402,P002,2025-02-09 18:06:23 UTC,1,65.34,delivered,no_response,2025-02-09 18:07:28 UTC,state_not_covered
RAC797D76DFCA7,LB50C1D145402,P010,2025-02-09 18:06:15 UTC,2,67.33,delivered,accepted,2025-02-09 18:06:38 UTC,
RA13B0E9293169,LA64F17342161,P002,2025-01-26 17:27:25 UTC,1,83.54,delivered,capacity_exceeded,2025-01-26 17:29:55 UTC,state_not_covered
RABE502848F8F8,LC85BD577BFCE,P002,2025-03-02 15:47:46 UTC,1,70.55,delivered,rejected,2025-03-02 15:52:46 UTC,capacity
RA72904686F0DB,L6E6653C632A6,P009,2025-04-16 11:35:27 UTC,1,56.53,delivered,capacity_exceeded,2025-04-16 11:35:38 UTC,quality
RA5D5A54F26C9E,LF0BFD7D85383,P010,2025-04-03 19:52:44 UTC,1,74.11,delivered,accepted,2025-04-03 19:56:44 UTC,
RAFDC2D295AD14,LA4376255081F,P006,2025-03-25 11:21:42 UTC,1,134.85,delivered,accepted,2025-03-25 11:22:05 UTC,
RADC98FEB3C022,L513A6DB7C823,P001,2025-02-13 21:32:31 UTC,1,56.59,delivered,accepted,2025-02-13 21:34:57 UTC,
RAB5B561E39605,LA40D5295DFAA,P010,2025-06-08 20:01:24 UTC,1,73.41,delivered,accepted,2025-06-08 20:04:41 UTC,
RAF3BF8B3E217A,L0B0FB8B885A3,P007,2025-05-20 19:08:04 UTC,1,142.41,delivered,no_response,2025-05-20 19:10:42 UTC,quality
RA241D815CAF85,L0B0FB8B885A3,P006,2025-05-20 19:07:57 UTC,2,109.74,delivered,capacity_exceeded,2025-05-20 19:09:32 UTC,price_too_low
RAF9078F970F7D,LCD4702029430,P002,2025-04-29 16:24:39 UTC,1,79.2,delivered,capacity_exceeded,2025-04-29 16:26:38 UTC,state_not_covered
RA98BDD90E8C37,LCD4702029430,P010,2025-04-29 16:24:21 UTC,2,78.38,delivered,accepted,2025-04-29 16:25:04 UTC,
RAC1802B6B8829,L40518D11BD41,P010,2025-03-19 22:10:43 UTC,1,63.5,delivered,accepted,2025-03-19 22:14:23 UTC,
RA6CE2413FED26,L242C726188D2,P010,2025-03-18 15:45:57 UTC,1,73.33,delivered,accepted,2025-03-18 15:48:10 UTC,
RABA6BB2768A1A,L100CE3DD8E59,P005,2025-01-31 16:41:02 UTC,1,108.76,delivered,rejected,2025-01-31 16:45:00 UTC,capacity
RA890D76C41389,L5657ED9BFC5C,P002,2025-03-06 17:13:52 UTC,1,84.26,delivered,accepted,2025-03-06 17:16:42 UTC,
RA8FF33ECC2458,L7AE621853244,P007,2025-02-11 22:06:06 UTC,1,118.34,delivered,capacity_exceeded,2025-02-11 22:08:46 UTC,price_too_low
RAF154146ECC9B,LF9656B43A317,P010,2025-06-25 17:10:21 UTC,1,76.2,delivered,accepted,2025-06-25 17:11:07 UTC,
RA74860C0B8ACC,L33EBB44FA0B0,P009,2025-01-22 15:48:38 UTC,1,53.07,delivered,accepted,2025-01-22 15:49:35 UTC,
RA61E0F36FA969,L87F385D6EC2A,P009,2025-05-20 20:46:02 UTC,1,52.17,delivered,capacity_exceeded,2025-05-20 20:50:06 UTC,quality
RA197338363C34,LAD6739B37FE1,P009,2025-01-08 16:39:59 UTC,1,53.23,delivered,rejected,2025-01-08 16:40:11 UTC,quality
RAD963D055DEC2,LD772EE2C082C,P003,2025-04-15 20:20:28 UTC,1,58.32,delivered,accepted,2025-04-15 20:23:48 UTC,
RA1EE9925BDB0E,L4012B90C8150,P001,2025-01-16 22:51:25 UTC,1,60.91,delivered,accepted,2025-01-16 22:52:33 UTC,
RA44CDD26C46F9,L312D00EC963A,P010,2025-04-07 09:44:07 UTC,1,74.91,delivered,capacity_exceeded,2025-04-07 09:45:32 UTC,quality
RA23EF4A566C09,L6B714DC8D2DC,P003,2025-01-10 19:10:32 UTC,1,61.73,delivered,accepted,2025-01-10 19:11:16 UTC,
RAA10085800755,LBF92E8EB4262,P009,2025-05-12 19:30:30 UTC,1,58.3,delivered,accepted,2025-05-12 19:34:52 UTC,
RA0BD8FA42FD17,LAFE27D0672C9,P005,2025-03-15 13:55:31 UTC,1,108.31,delivered,accepted,2025-03-15 13:57:06 UTC,
RA7D65F845AA2D,L4E09BE75E7FA,P003,2025-06-28 18:29:45 UTC,1,58.73,delivered,accepted,2025-06-28 18:31:21 UTC,
RAF9C3347DD7B5,LD51070D5547A,P002,2025-01-13 19:56:07 UTC,1,77.56,delivered,accepted,2025-01-13 19:57:27 UTC,
RA82A65668A118,L581ED2F2C7A9,P002,2025-02-22 13:56:49 UTC,1,82.9,delivered,no_response,2025-02-22 13:57:55 UTC,price_too_low
RA560117C58595,LE910635FAA66,P009,2025-03-12 14:08:02 UTC,1,49.85,delivered,accepted,2025-03-12 14:09:08 UTC,
RA20B4C0E7ADBF,LAD3AD7E280E6,P002,2025-04-22 22:18:19 UTC,1,69.85,delivered,no_response,2025-04-22 22:18:31 UTC,capacity
RA6A7FFD461493,LAD3AD7E280E6,P009,2025-04-22 22:18:48 UTC,2,58.16,delivered,accepted,2025-04-22 22:21:13 UTC,
RADA7525B10B4F,L19124D09B991,P001,2025-05-21 20:20:21 UTC,1,67.21,delivered,accepted,2025-05-21 20:21:24 UTC,
RAEC8FFFF3234B,LD4C1923D9957,P002,2025-03-17 22:40:14 UTC,1,74.61,delivered,accepted,2025-03-17 22:44:57 UTC,
RADFA06F6FC69C,LC0FB9E55F572,P002,2025-02-26 11:21:09 UTC,1,84.44,delivered,accepted,2025-02-26 11:24:23 UTC,
RAD3EE0DD60039,LBD1A87A1F7BF,P008,2025-05-12 16:22:22 UTC,1,79.96,delivered,accepted,2025-05-12 16:26:57 UTC,
RADD486707DA89,LBF3675C1A856,P001,2025-05-09 12:52:22 UTC,1,60.33,delivered,accepted,2025-05-09 12:56:13 UTC,
RA19DBD075C7D9,L05C612776E14,P002,2025-06-14 15:19:16 UTC,1,65.3,delivered,no_response,2025-06-14 15:20:31 UTC,state_not_covered
RA61A6DD523A17,L069DE12834B6,P003,2025-03-27 15:14:06 UTC,1,58.73,delivered,capacity_exceeded,2025-03-27 15:14:57 UTC,state_not_covered
RAC64D38F6C01A,LFF9E1DAD2DC4,P009,2025-02-05 19:26:03 UTC,1,66.36,delivered,rejected,2025-02-05 19:29:08 UTC,price_too_low
RA6125D7BDC843,LFF9E1DAD2DC4,P001,2025-02-05 19:26:21 UTC,2,70.95,delivered,accepted,2025-02-05 19:27:55 UTC,
RAB976E341B055,LE45BC5E2BCD1,P002,2025-06-30 08:11:11 UTC,1,76.33,delivered,accepted,2025-06-30 08:14:22 UTC,
RA7CBA89990525,L98C45403BE0D,P010,2025-01-31 08:43:17 UTC,1,77.75,delivered,accepted,2025-01-31 08:46:24 UTC,
RAF4EEA3393D48,L25910B5E0B6F,P001,2025-05-16 21:32:40 UTC,1,69.68,delivered,capacity_exceeded,2025-05-16 21:36:09 UTC,price_too_low
RAD51F997116F1,LD6EE454E6426,P007,2025-05-08 17:07:46 UTC,1,142.62,delivered,accepted,2025-05-08 17:08:11 UTC,
RAB3EA3DCA7B75,LEC5797909F00,P002,2025-02-27 11:04:54 UTC,1,74.95,delivered,no_response,2025-02-27 11:06:56 UTC,price_too_low
RAFF20A8075FC1,LBB321EED01F4,P003,2025-05-27 18:35:48 UTC,1,73.41,delivered,accepted,2025-05-27 18:38:17 UTC,
RA73F8FBCD7680,LF761A7D1A0BA,P002,2025-01-03 13:34:19 UTC,1,68.74,delivered,accepted,2025-01-03 13:37:18 UTC,
RAE134E50EF925,LD5EFC5BC9889,P003,2025-06-12 16:15:50 UTC,1,68.21,delivered,rejected,2025-06-12 16:18:20 UTC,state_not_covered
RAE03FB4D17900,LA4395D932BF0,P007,2025-05-15 20:45:45 UTC,1,144.79,delivered,accepted,2025-05-15 20:50:11 UTC,
RA410D20A036BB,L05B3CC128C2C,P008,2025-02-06 16:58:43 UTC,1,82.4,delivered,no_response,2025-02-06 17:03:19 UTC,state_not_covered
RAAB37E7BF104E,LDF4C71BBE939,P010,2025-03-11 09:22:25 UTC,1,64.65,delivered,no_response,2025-03-11 09:23:10 UTC,state_not_covered
RA00C2C6CFF023,LDF4C71BBE939,P003,2025-03-11 09:23:10 UTC,2,60.67,delivered,rejected,2025-03-11 09:28:10 UTC,quality
RABE3C91AFADB3,LDF4C71BBE939,P002,2025-03-11 09:22:42 UTC,3,74.34,delivered,accepted,2025-03-11 09:24:12 UTC,
RACCEEB2411283,L513277973829,P002,2025-04-04 14:31:46 UTC,1,71.75,delivered,rejected,2025-04-04 14:32:09 UTC,quality
RA59D5FAB88898,L513277973829,P003,2025-04-04 14:32:06 UTC,2,66.25,delivered,accepted,2025-04-04 14:35:00 UTC,
RA9F7B8D8B139F,LDB685901DE20,P009,2025-03-30 20:05:38 UTC,1,55.14,delivered,accepted,2025-03-30 20:07:38 UTC,
RA6E3703B17056,L59F172963F12,P010,2025-06-21 20:05:39 UTC,1,70.22,delivered,accepted,2025-06-21 20:07:22 UTC,
RA2C3F41A038EC,L8F65280BBC7D,P010,2025-05-05 22:06:09 UTC,1,64.52,delivered,capacity_exceeded,2025-05-05 22:09:06 UTC,price_too_low
RA4689056D2D73,LCE9B8B75E118,P003,2025-02-17 12:49:03 UTC,1,69.16,delivered,accepted,2025-02-17 12:50:08 UTC,
RA843F05A4DC00,L625AE702D001,P003,2025-06-01 08:16:02 UTC,1,72.07,delivered,rejected,2025-06-01 08:16:34 UTC,state_not_covered
RABC7D01E7F0A3,L625AE702D001,P010,2025-06-01 08:16:12 UTC,2,75.61,delivered,accepted,2025-06-01 08:18:42 UTC,
RA6179B2219E26,L035DA0959CFD,P002,2025-06-12 16:11:16 UTC,1,73.95,delivered,accepted,2025-06-12 16:14:15 UTC,
RA402186B8806A,L9410F8A38C45,P010,2025-04-04 10:33:15 UTC,1,75.39,delivered,accepted,2025-04-04 10:34:27 UTC,
RADC0C56DB47D4,LD7327F36B3FB,P002,2025-01-04 11:09:05 UTC,1,75.25,delivered,accepted,2025-01-04 11:09:22 UTC,
RAB19BC26A64EB,L077873D8D262,P010,2025-02-05 12:30:46 UTC,1,78.77,delivered,rejected,2025-02-05 12:31:09 UTC,price_too_low
RAF372660119F8,L077873D8D262,P003,2025-02-05 12:31:35 UTC,2,71.43,delivered,accepted,2025-02-05 12:33:14 UTC,
RA209DC6117BC1,L2AA56E7094F0,P002,2025-05-20 07:29:12 UTC,1,79.98,delivered,accepted,2025-05-20 07:31:25 UTC,
RA83B9B5752E86,L009E4B67185B,P007,2025-02-26 10:49:07 UTC,1,126.27,delivered,accepted,2025-02-26 10:49:43 UTC,
RAE8F473BD04D1,L2448CDA260D8,P003,2025-06-22 21:10:26 UTC,1,67.41,delivered,capacity_exceeded,2025-06-22 21:13:15 UTC,state_not_covered
RA741978ED49E5,L2448CDA260D8,P002,2025-06-22 21:09:51 UTC,2,80.63,delivered,no_response,2025-06-22 21:13:45 UTC,state_not_covered
RADD19BE22740D,LECB972627006,P010,2025-05-01 09:56:40 UTC,1,64.04,delivered,accepted,2025-05-01 09:57:53 UTC,
RADEA3389D3E4F,LFF7E27EE3427,P002,2025-01-02 21:27:16 UTC,1,80.17,delivered,accepted,2025-01-02 21:28:09 UTC,
RA4E2DFEC6C893,LD8A4481FCCD5,P010,2025-01-27 11:29:30 UTC,1,70.44,delivered,accepted,2025-01-27 11:33:19 UTC,
RAAE8381999046,L747DA7B97D28,P009,2025-01-13 12:26:38 UTC,1,53.64,delivered,accepted,2025-01-13 12:31:23 UTC,
RA737F45500786,L4DD5B419F8C9,P010,2025-02-09 15:44:39 UTC,1,80.69,delivered,accepted,2025-02-09 15:46:25 UTC,
RA596F3624A040,LC6373AB268A3,P006,2025-04-05 21:02:25 UTC,1,127.34,delivered,accepted,2025-04-05 21:07:16 UTC,
RA0AA637F4650B,L642BA0B5E3E1,P003,2025-06-30 17:37:57 UTC,1,64.78,delivered,accepted,2025-06-30 17:38:30 UTC,
RA9CBD972FFE45,LA1F576C43639,P010,2025-06-06 09:37:31 UTC,1,61.42,delivered,accepted,2025-06-06 09:39:14 UTC,
RAA97D86BE996B,L4DEDE81206AF,P002,2025-05-26 17:00:02 UTC,1,81.35,delivered,accepted,2025-05-26 17:02:48 UTC,
RA2E6071998385,L05A52C9E66D2,P005,2025-05-28 22:12:20 UTC,1,106.46,delivered,accepted,2025-05-28 22:15:18 UTC,
RAFDE22D543761,LB2379E3D658B,P002,2025-01-12 09:35:46 UTC,1,64.4,delivered,accepted,2025-01-12 09:40:38 UTC,
RA40DE3893EA6F,L4CE19796B450,P009,2025-02-18 07:49:41 UTC,1,65.59,delivered,accepted,2025-02-18 07:54:03 UTC,
RACAB5C9EAE308,L486EAB714D5D,P010,2025-02-14 21:02:08 UTC,1,70.15,delivered,accepted,2025-02-14 21:04:11 UTC,
RA37A945413208,L6B701047B09B,P009,2025-05-24 09:22:01 UTC,1,60.94,delivered,accepted,2025-05-24 09:23:05 UTC,
RA108142E1CB2F,L2EEA6A59ED83,P010,2025-05-23 21:35:14 UTC,1,82.34,delivered,accepted,2025-05-23 21:36:52 UTC,
RAFFE6B2F6F8B5,LDCD34F6DD8BC,P010,2025-06-07 16:16:07 UTC,1,79.57,delivered,accepted,2025-06-07 16:17:57 UTC,
RA173E7DA40C82,L5A18EC2056DA,P002,2025-04-13 09:06:42 UTC,1,69.65,delivered,accepted,2025-04-13 09:08:03 UTC,
RA733C7C656B9E,LEF76DCAF41D4,P001,2025-01-16 17:32:43 UTC,1,69.88,delivered,accepted,2025-01-16 17:35:14 UTC,
RADDE7CF7F6BA8,L299716F4C06F,P010,2025-04-22 07:40:08 UTC,1,72.34,delivered,rejected,2025-04-22 07:44:48 UTC,state_not_covered
RA4213116DEB99,L735E1C6D7196,P002,2025-01-04 18:14:49 UTC,1,64.93,delivered,accepted,2025-01-04 18:16:11 UTC,
RA1A2250B42955,L62C82F51D1DA,P008,2025-04-25 12:56:18 UTC,1,78.88,delivered,accepted,2025-04-25 13:00:42 UTC,
RAD4F6C68463FD,L856B319613AF,P002,2025-06-16 10:28:42 UTC,1,68.73,delivered,accepted,2025-06-16 10:29:51 UTC,
RA3B99EDDE4090,LDD3EDDF98AE3,P004,2025-03-19 19:44:54 UTC,1,105.04,delivered,accepted,2025-03-19 19:45:10 UTC,
RAD57B63FF1B87,LD281C9AC8352,P005,2025-02-04 07:21:06 UTC,1,99.02,delivered,capacity_exceeded,2025-02-04 07:22:56 UTC,quality
RA05AE6CF05BAA,LFC9D225ECB30,P005,2025-01-26 17:36:05 UTC,1,112.24,delivered,accepted,2025-01-26 17:36:18 UTC,
RACBAAD487ADA0,L6E9C258C2406,P003,2025-02-28 10:24:42 UTC,1,68.17,delivered,accepted,2025-02-28 10:26:09 UTC,
RA2BC75DF89007,L3BCF2CA8B264,P010,2025-01-31 19:13:39 UTC,1,62.85,delivered,accepted,2025-01-31 19:16:30 UTC,
RACC8CDE899C3E,LC9ABF62EF7BA,P002,2025-06-02 08:34:14 UTC,1,69.35,delivered,accepted,2025-06-02 08:37:29 UTC,
RAA43A21C538C9,L58136BC07BC6,P003,2025-02-23 16:52:16 UTC,1,77.66,delivered,no_response,2025-02-23 16:55:12 UTC,price_too_low
RAAF50220C2ED7,L58136BC07BC6,P009,2025-02-23 16:52:14 UTC,2,50.79,delivered,rejected,2025-02-23 16:53:31 UTC,state_not_covered
RA591A68A8DF2F,L479F2C3C8D70,P002,2025-06-29 10:51:47 UTC,1,66.69,delivered,accepted,2025-06-29 10:56:22 UTC,
RA1F1C53472CD4,L6E4C5E2C9094,P003,2025-05-08 21:45:01 UTC,1,65.43,delivered,rejected,2025-05-08 21:45:39 UTC,quality
RA72014303FC18,L0A43FEBBD3A2,P003,2025-04-29 22:31:43 UTC,1,57.87,delivered,accepted,2025-04-29 22:34:13 UTC,
RAABABDFCDD595,L8D9AE111BC8F,P001,2025-01-21 20:35:39 UTC,1,61.47,delivered,accepted,2025-01-21 20:37:58 UTC,
RAEA747277A84B,LF27BBE7D042B,P002,2025-01-15 14:57:11 UTC,1,66.52,delivered,accepted,2025-01-15 15:01:11 UTC,
RABBE8D2CC3550,LE53172CFE50D,P001,2025-01-28 09:36:53 UTC,1,58.95,delivered,accepted,2025-01-28 09:41:36 UTC,
RABD3FBC61E512,L17EEA419DFB9,P003,2025-01-28 19:53:10 UTC,1,65.69,delivered,capacity_exceeded,2025-01-28 19:55:52 UTC,price_too_low
RAD32B1484B018,LAC365AB09C9F,P010,2025-05-22 17:34:26 UTC,1,78.99,delivered,accepted,2025-05-22 17:37:29 UTC,
RA307A6172B7D7,LC42B40C89AC0,P002,2025-05-17 19:58:32 UTC,1,68.99,delivered,accepted,2025-05-17 20:01:18 UTC,
RA5120E0A6AE08,LE9341A41FB0A,P002,2025-06-04 16:09:08 UTC,1,77.72,delivered,accepted,2025-06-04 16:13:38 UTC,
RA8BE0C77E4815,L0629CE76521D,P010,2025-04-03 21:57:41 UTC,1,75.0,delivered,no_response,2025-04-03 21:58:21 UTC,capacity
RAC95C26F9AAB5,L0629CE76521D,P003,2025-04-03 21:57:06 UTC,2,63.88,delivered,accepted,2025-04-03 21:57:19 UTC,
RA62B976AF82DC,LD45419DB94E4,P003,2025-06-04 18:07:49 UTC,1,71.5,delivered,accepted,2025-06-04 18:12:31 UTC,
RAC1BFCEA7B274,LF3E687B2DBB9,P005,2025-05-08 21:59:06 UTC,1,110.51,delivered,accepted,2025-05-08 22:00:35 UTC,
RAE5C8B2A4A301,LBB4B716DBBC2,P001,2025-06-13 21:00:36 UTC,1,56.85,delivered,accepted,2025-06-13 21:04:35 UTC,
RA11367F70BA7F,L0E0B61A7AE6D,P005,2025-06-22 07:58:46 UTC,1,98.02,delivered,no_response,2025-06-22 08:02:14 UTC,price_too_low
RA95F7771CABF1,L0E0B61A7AE6D,P004,2025-06-22 07:59:02 UTC,2,85.04,delivered,accepted,2025-06-22 08:03:55 UTC,
RA202321464E2B,L9D1B486B513F,P005,2025-03-28 13:46:17 UTC,1,109.09,delivered,accepted,2025-03-28 13:48:13 UTC,
RA5D1362530D8E,LDEA1392B0D5A,P004,2025-04-29 20:41:01 UTC,1,98.71,delivered,rejected,2025-04-29 20:42:46 UTC,quality
RAEB12BF93B8AA,LDEA1392B0D5A,P005,2025-04-29 20:40:44 UTC,2,90.46,delivered,capacity_exceeded,2025-04-29 20:42:23 UTC,quality
RAE4CA10470585,L6B5912349EF8,P002,2025-01-18 15:37:19 UTC,1,86.06,delivered,rejected,2025-01-18 15:37:32 UTC,price_too_low
RA6A121E848B16,L3EEFFD809CDE,P007,2025-05-22 13:35:42 UTC,1,115.47,delivered,rejected,2025-05-22 13:40:41 UTC,quality
RA5E77B47F0FED,LD574DFD3D695,P010,2025-02-07 20:34:17 UTC,1,66.1,delivered,rejected,2025-02-07 20:37:51 UTC,quality
RAD7606E6572DE,LD574DFD3D695,P009,2025-02-07 20:34:56 UTC,2,66.19,delivered,accepted,2025-02-07 20:37:42 UTC,
RAB66105002E88,LCCFDF2EFEF45,P009,2025-03-01 19:07:07 UTC,1,54.45,delivered,accepted,2025-03-01 19:09:09 UTC,
RA4EDD0456C38A,L82816B28E28D,P010,2025-05-20 09:43:19 UTC,1,81.11,delivered,accepted,2025-05-20 09:44:54 UTC,
RAA2A6CB29738B,LB1CD1AAA69AA,P001,2025-02-05 12:44:50 UTC,1,72.53,delivered,accepted,2025-02-05 12:49:33 UTC,
RA614A7391CD0B,LFEF4F9D6AC36,P009,2025-03-27 17:21:44 UTC,1,66.22,delivered,accepted,2025-03-27 17:22:36 UTC,
RA288E0B033B3A,LA035ECB7485F,P002,2025-03-05 17:13:03 UTC,1,63.89,delivered,accepted,2025-03-05 17:15:27 UTC,
RA07C33A13A0A9,LB0F6354AC515,P009,2025-04-01 07:36:09 UTC,1,53.89,delivered,no_response,2025-04-01 07:39:03 UTC,capacity
RA1726FAD2B853,LB0F6354AC515,P002,2025-04-01 07:36:57 UTC,2,76.99,delivered,accepted,2025-04-01 07:37:45 UTC,
RAF6D702673244,L33D9A9DA9AE1,P006,2025-01-28 17:42:01 UTC,1,122.91,delivered,accepted,2025-01-28 17:44:01 UTC,
RA4ECBC60E75F2,LA9CF5816C8FF,P010,2025-05-05 10:05:50 UTC,1,65.16,delivered,no_response,2025-05-05 10:10:49 UTC,price_too_low
RA9CBFDADFAD81,LA9CF5816C8FF,P006,2025-05-05 10:05:51 UTC,2,115.67,delivered,accepted,2025-05-05 10:08:55 UTC,
RABA9EBC452416,LA9D61B215C40,P005,2025-01-28 19:40:38 UTC,1,107.12,delivered,rejected,2025-01-28 19:44:06 UTC,price_too_low
RA512355100E24,LE7DACB31ECC8,P009,2025-03-31 10:22:16 UTC,1,52.66,delivered,accepted,2025-03-31 10:26:54 UTC,
RA289530F1680E,L2EE63F6178E6,P002,2025-04-29 10:15:26 UTC,1,86.04,delivered,accepted,2025-04-29 10:19:30 UTC,
RA7A775E368899,LF1B65780193D,P001,2025-06-18 20:47:14 UTC,1,56.85,delivered,accepted,2025-06-18 20:51:17 UTC,
RA25E2BBA21C08,L259C7C8EA2FB,P003,2025-01-28 19:14:49 UTC,1,59.71,delivered,accepted,2025-01-28 19:18:26 UTC,
RA39B52F8BFFC7,L2DD3D69331B7,P003,2025-04-04 22:38:35 UTC,1,70.82,delivered,accepted,2025-04-04 22:40:39 UTC,
RA85BC08602B02,LE9E6AC96E1C1,P010,2025-01-02 16:06:48 UTC,1,70.36,delivered,accepted,2025-01-02 16:07:10 UTC,
RAFD2B12EA7FC0,LFDB23E0BE08C,P003,2025-02-23 17:29:46 UTC,1,71.47,delivered,accepted,2025-02-23 17:31:23 UTC,
RA6CB08242E342,L24A51737A322,P006,2025-05-03 20:32:28 UTC,1,112.14,delivered,accepted,2025-05-03 20:33:43 UTC,
RA5CD7C53E72B9,L7DE9CA32CB2B,P003,2025-06-23 17:06:47 UTC,1,61.74,delivered,accepted,2025-06-23 17:08:40 UTC,
RA65E4B4C3676E,LD6558ABC7974,P003,2025-06-16 15:21:58 UTC,1,65.17,delivered,rejected,2025-06-16 15:26:02 UTC,capacity
RA0478494D5C53,LD6558ABC7974,P002,2025-06-16 15:22:01 UTC,2,67.24,delivered,accepted,2025-06-16 15:23:18 UTC,
RA7AD37A1A2BB8,L6C65A579B08B,P005,2025-01-02 18:55:00 UTC,1,102.59,delivered,accepted,2025-01-02 18:58:10 UTC,
RA7CF147AD0246,LD3640D7B3CFE,P003,2025-06-21 12:39:55 UTC,1,60.09,delivered,accepted,2025-06-21 12:41:47 UTC,
RA2A8A930A35FE,LA16E88202EEB,P006,2025-05-07 09:01:11 UTC,1,132.11,delivered,capacity_exceeded,2025-05-07 09:03:07 UTC,capacity
RAE7BA45AF8D9E,LFE39A731D61D,P010,2025-03-28 16:51:30 UTC,1,81.26,delivered,accepted,2025-03-28 16:52:49 UTC,
RA20A0B96A7EB3,L6684B6D624F0,P010,2025-03-09 18:44:13 UTC,1,66.51,delivered,rejected,2025-03-09 18:48:23 UTC,state_not_covered
RA91D12CE09FCF,L6684B6D624F0,P003,2025-03-09 18:43:57 UTC,2,75.11,delivered,accepted,2025-03-09 18:47:37 UTC,
RADA655C5783DA,LD9937A901058,P010,2025-04-06 08:24:25 UTC,1,67.92,delivered,capacity_exceeded,2025-04-06 08:25:14 UTC,state_not_covered
RA61C8DA2FDFEA,LD9937A901058,P002,2025-04-06 08:24:58 UTC,2,72.01,delivered,accepted,2025-04-06 08:28:30 UTC,
RA2D3FDCD2EF8C,LB3C5BA4DB682,P007,2025-01-31 09:51:14 UTC,1,125.82,delivered,no_response,2025-01-31 09:52:23 UTC,quality
RA810D50C9A4F8,L1CC644B93A5C,P001,2025-03-10 20:30:22 UTC,1,73.67,delivered,accepted,2025-03-10 20:33:48 UTC,
RA05C850E4E026,LFFEE6F355A1D,P008,2025-02-08 19:39:31 UTC,1,72.38,delivered,no_response,2025-02-08 19:41:23 UTC,state_not_covered
RAE4580B8E7275,L79859CFC1EFA,P010,2025-01-30 17:14:20 UTC,1,79.95,delivered,capacity_exceeded,2025-01-30 17:16:10 UTC,capacity
RAD78DD7D0F56A,LF42B7B6E2D5F,P010,2025-02-22 21:43:52 UTC,1,77.39,delivered,capacity_exceeded,2025-02-22 21:45:32 UTC,capacity
RA170402B63937,LF42B7B6E2D5F,P003,2025-02-22 21:43:29 UTC,2,75.18,delivered,accepted,2025-02-22 21:48:17 UTC,
RA76208B807AB4,L7D16BB3BE886,P001,2025-06-17 08:59:53 UTC,1,66.02,delivered,accepted,2025-06-17 09:01:17 UTC,
RA99D40433BB3B,LC5BBEE283B5D,P003,2025-05-09 19:45:00 UTC,1,58.84,delivered,accepted,2025-05-09 19:46:39 UTC,
RA4A309C744453,LD3ECDC686AA4,P010,2025-02-07 10:49:13 UTC,1,80.1,delivered,accepted,2025-02-07 10:53:09 UTC,
RA82D1CF00A8AC,LCF74D43DF9A7,P002,2025-01-18 11:37:18 UTC,1,76.04,delivered,accepted,2025-01-18 11:41:30 UTC,
RA11EA74BBD852,L0D131A312781,P008,2025-02-18 08:08:00 UTC,1,85.78,delivered,accepted,2025-02-18 08:11:51 UTC,
RAB75E8D3EA67C,L5259DECA460C,P006,2025-06-04 21:14:44 UTC,1,120.63,delivered,accepted,2025-06-04 21:19:17 UTC,
RABFC61710B569,L5C7DCDB39E54,P002,2025-05-26 07:30:00 UTC,1,83.13,delivered,accepted,2025-05-26 07:30:24 UTC,
RA8E864CEB80A6,L9AADD4C12C2E,P010,2025-01-13 17:46:43 UTC,1,66.16,delivered,capacity_exceeded,2025-01-13 17:49:48 UTC,state_not_covered
RAEDBA18347C5D,L9AADD4C12C2E,P007,2025-01-13 17:47:28 UTC,2,116.71,delivered,accepted,2025-01-13 17:51:11 UTC,
RAC75419199EE2,LA347F1FB887C,P003,2025-06-08 16:18:18 UTC,1,72.38,delivered,accepted,2025-06-08 16:19:09 UTC,
RAD73040A5FB0E,L21C8B9BCEA41,P002,2025-03-07 17:41:36 UTC,1,83.21,delivered,accepted,2025-03-07 17:46:14 UTC,
RA1551106AE8E9,L4670ED76806F,P009,2025-04-12 19:11:36 UTC,1,49.4,delivered,capacity_exceeded,2025-04-12 19:16:06 UTC,state_not_covered
RA4994285F2792,L4670ED76806F,P002,2025-04-12 19:11:29 UTC,2,68.19,delivered,accepted,2025-04-12 19:15:00 UTC,
RA2170305155A2,LC69165687BF4,P007,2025-02-24 18:00:30 UTC,1,122.57,delivered,accepted,2025-02-24 18:01:29 UTC,
RA2A0FD3DB8B39,L548ED3FC8FE9,P001,2025-05-29 10:15:56 UTC,1,72.56,delivered,capacity_exceeded,2025-05-29 10:19:15 UTC,capacity
RA0A043EEB25D0,LB320595E8BD5,P010,2025-03-06 10:30:42 UTC,1,64.09,delivered,rejected,2025-03-06 10:34:30 UTC,quality
RACEF49707B020,LFF7DC64576D7,P010,2025-03-14 16:02:36 UTC,1,76.6,delivered,accepted,2025-03-14 16:07:26 UTC,
RADEBC989D9762,LAA5B22EC5689,P010,2025-04-11 22:10:25 UTC,1,78.19,delivered,rejected,2025-04-11 22:15:15 UTC,price_too_low
RA57CB608E5FDC,L82CC96646BD2,P002,2025-03-06 09:55:38 UTC,1,74.01,delivered,accepted,2025-03-06 09:59:30 UTC,
RAF1D71FFDA30F,L7A331F1C8A14,P003,2025-03-21 12:53:52 UTC,1,71.97,delivered,capacity_exceeded,2025-03-21 12:54:42 UTC,quality
RAA2B49CF4EE90,L7A331F1C8A14,P009,2025-03-21 12:53:28 UTC,2,56.29,delivered,accepted,2025-03-21 12:57:23 UTC,
RA7EC4EE8C988C,L086D9FC23C9C,P010,2025-03-31 12:05:06 UTC,1,73.84,delivered,accepted,2025-03-31 12:06:45 UTC,
RAD6DA9322EF41,LF736992E5C49,P001,2025-04-04 22:41:34 UTC,1,73.16,delivered,accepted,2025-04-04 22:44:51 UTC,
RA526F6446001F,L510557D76915,P003,2025-04-08 11:22:07 UTC,1,65.96,delivered,accepted,2025-04-08 11:26:33 UTC,
RAC2104522EEC0,L18B7DED17BEF,P008,2025-03-15 20:46:51 UTC,1,73.46,delivered,no_response,2025-03-15 20:51:23 UTC,capacity
RA06668100D4C2,L18B7DED17BEF,P002,2025-03-15 20:47:19 UTC,2,70.59,delivered,capacity_exceeded,2025-03-15 20:50:54 UTC,price_too_low
RA162E460A0C9F,L1E8D5B93F02A,P009,2025-06-11 10:43:21 UTC,1,58.52,delivered,accepted,2025-06-11 10:44:05 UTC,
RAFC3608F23E5B,LBEC385F117EA,P001,2025-01-14 19:03:00 UTC,1,56.72,delivered,accepted,2025-01-14 19:04:02 UTC,
RA9C01995484C4,LD5273B5F3DCB,P010,2025-06-04 22:02:06 UTC,1,67.92,delivered,accepted,2025-06-04 22:03:39 UTC,
RAF597561C453E,LCD45E1F97640,P003,2025-04-22 09:13:49 UTC,1,64.34,delivered,accepted,2025-04-22 09:15:12 UTC,
RACEB415A946EC,L18BC0007EAD1,P010,2025-01-10 23:08:46 UTC,1,65.36,delivered,capacity_exceeded,2025-01-10 23:10:08 UTC,capacity
RA456088583632,LD6D02B79D7E2,P010,2025-03-07 21:59:52 UTC,1,70.73,delivered,no_response,2025-03-07 22:02:11 UTC,quality
RA7D5FBEF0D2BA,LD6D02B79D7E2,P003,2025-03-07 21:59:34 UTC,2,64.48,delivered,accepted,2025-03-07 22:04:21 UTC,
RADF3A6E844D4F,LDE80B72031B3,P002,2025-06-03 18:32:27 UTC,1,75.42,delivered,accepted,2025-06-03 18:36:58 UTC,
RA958CC88E5812,L0ADA2D3BD840,P010,2025-06-21 14:07:24 UTC,1,75.39,delivered,no_response,2025-06-21 14:07:47 UTC,price_too_low
RA1D93E8DA8A40,L6BF2F8622DE4,P006,2025-02-25 22:49:32 UTC,1,131.88,delivered,capacity_exceeded,2025-02-25 22:50:05 UTC,state_not_covered
RA089CBBF9B96E,LF1045F6E1A1F,P001,2025-04-29 10:37:50 UTC,1,60.98,delivered,rejected,2025-04-29 10:41:37 UTC,quality
RA08816C0EBF7E,L0D621E4E354B,P010,2025-05-05 10:07:43 UTC,1,71.64,delivered,accepted,2025-05-05 10:11:12 UTC,
RA6CBCFF567916,L56FA966A0B21,P005,2025-03-23 15:10:55 UTC,1,118.93,delivered,accepted,2025-03-23 15:14:13 UTC,
RA2DB4AC0582C2,L79C853E19D0B,P009,2025-06-03 21:42:31 UTC,1,60.26,delivered,rejected,2025-06-03 21:47:01 UTC,state_not_covered
RA6038CB4E2A27,L82910E81F2F4,P010,2025-06-02 09:30:55 UTC,1,66.36,delivered,accepted,2025-06-02 09:32:21 UTC,
RA2D9A38F8F539,L657752F5F29F,P010,2025-06-09 10:54:00 UTC,1,78.93,delivered,accepted,2025-06-09 10:58:57 UTC,
RA821601998B99,LA44CFC941B35,P004,2025-03-30 16:05:41 UTC,1,88.24,delivered,accepted,2025-03-30 16:09:32 UTC,
RAA52D339B4807,LFA693A87CEEF,P010,2025-05-28 17:33:13 UTC,1,80.21,delivered,no_response,2025-05-28 17:36:29 UTC,quality
RA8C59303D91EC,LFA693A87CEEF,P003,2025-05-28 17:33:50 UTC,2,77.17,delivered,accepted,2025-05-28 17:37:13 UTC,
RAC1BE6EE5B021,L6DEBC730DB18,P009,2025-02-12 12:48:02 UTC,1,52.86,delivered,no_response,2025-02-12 12:51:06 UTC,quality
RACE9F8340C85F,L6DEBC730DB18,P003,2025-02-12 12:47:54 UTC,2,71.71,delivered,no_response,2025-02-12 12:50:50 UTC,quality
RAF59C3D05C915,LD1263BCBCFE1,P005,2025-01-29 21:37:26 UTC,1,110.27,delivered,accepted,2025-01-29 21:42:26 UTC,
RA5F07761A3A61,L7720A0AA9205,P002,2025-01-21 17:34:05 UTC,1,73.62,delivered,accepted,2025-01-21 17:35:23 UTC,
RAB82DAE1ECE89,L815A12136746,P003,2025-01-22 20:37:36 UTC,1,62.71,delivered,accepted,2025-01-22 20:41:47 UTC,
RA3AFC03BE225D,LFA5625635644,P010,2025-01-08 13:24:28 UTC,1,79.02,delivered,accepted,2025-01-08 13:27:36 UTC,
RA23D150F93887,LFD882533FCF1,P009,2025-04-07 16:56:13 UTC,1,57.14,delivered,accepted,2025-04-07 17:01:13 UTC,
RAE2B809FDA804,LCD77DC90BE50,P010,2025-01-17 22:19:30 UTC,1,76.98,delivered,accepted,2025-01-17 22:23:03 UTC,
RA014D1E78703A,L88DA2DEA61F0,P002,2025-05-30 18:17:49 UTC,1,78.34,delivered,accepted,2025-05-30 18:21:24 UTC,
RAD37158DB882F,L1C039E5D2601,P008,2025-03-26 11:42:55 UTC,1,85.83,delivered,no_response,2025-03-26 11:46:05 UTC,price_too_low
RA7804C43D5F1F,LC2053FFA43E2,P005,2025-06-17 16:24:29 UTC,1,110.81,delivered,capacity_exceeded,2025-06-17 16:28:50 UTC,state_not_covered
RAD9FB959F176E,LE275E0204E47,P002,2025-03-25 09:03:39 UTC,1,70.16,delivered,accepted,2025-03-25 09:05:46 UTC,
RAA184098A66A1,L4ECFC4909EEF,P003,2025-02-22 13:25:41 UTC,1,68.02,delivered,accepted,2025-02-22 13:28:06 UTC,
RA2F334261678D,LE20DF92E5A7A,P002,2025-03-21 07:55:38 UTC,1,66.61,delivered,accepted,2025-03-21 07:59:42 UTC,
RA7B16C40AAEBA,LCF08EB4B69D3,P008,2025-04-17 09:26:15 UTC,1,75.13,delivered,capacity_exceeded,2025-04-17 09:28:00 UTC,quality
RA12629B32AB79,LCF08EB4B69D3,P010,2025-04-17 09:25:50 UTC,2,72.86,delivered,accepted,2025-04-17 09:29:53 UTC,
RA05FEB9E36B53,L71DDFCD5A552,P006,2025-02-23 08:46:41 UTC,1,134.39,delivered,no_response,2025-02-23 08:47:32 UTC,price_too_low
RA75141BCE9CEC,L17D893631940,P009,2025-04-28 22:38:15 UTC,1,54.71,delivered,no_response,2025-04-28 22:38:29 UTC,price_too_low
RA9BE4E0EC8A9D,LDF4ACB4F3223,P006,2025-03-22 07:41:53 UTC,1,116.37,delivered,no_response,2025-03-22 07:43:51 UTC,quality
RAC994F8A729D0,LE970951FDC1F,P010,2025-03-27 15:30:40 UTC,1,79.51,delivered,accepted,2025-03-27 15:35:20 UTC,
RA70C9946F4F85,LF293804200AF,P006,2025-01-28 21:01:58 UTC,1,121.63,delivered,accepted,2025-01-28 21:02:25 UTC,
RA184DEDC5E2E4,L22DBB452574B,P002,2025-01-19 21:49:22 UTC,1,64.67,delivered,accepted,2025-01-19 21:53:52 UTC,
RA261C077F36D6,L8E59E3248A9C,P009,2025-06-15 21:30:03 UTC,1,50.53,delivered,accepted,2025-06-15 21:31:00 UTC,
RA72EFE3683996,L103161DA1DDE,P002,2025-06-28 15:37:37 UTC,1,77.8,delivered,rejected,2025-06-28 15:42:36 UTC,quality
RA789B0FB7A0AF,L103161DA1DDE,P010,2025-06-28 15:37:40 UTC,2,75.43,delivered,capacity_exceeded,2025-06-28 15:39:20 UTC,price_too_low
RA1A0BB0A275EF,L38F9A806CF5A,P003,2025-02-21 09:19:19 UTC,1,66.31,delivered,no_response,2025-02-21 09:22:47 UTC,state_not_covered
RA1B256A789E0B,L30C2228C529F,P007,2025-06-26 15:27:07 UTC,1,138.02,delivered,capacity_exceeded,2025-06-26 15:31:55 UTC,price_too_low
RA473ECE614806,L30C2228C529F,P010,2025-06-26 15:27:33 UTC,2,77.21,delivered,accepted,2025-06-26 15:29:11 UTC,
RA017A35035F51,L0C07A83CC6B0,P003,2025-02-25 09:11:13 UTC,1,61.7,delivered,accepted,2025-02-25 09:14:09 UTC,
RA9F9F8FFD1281,LC8C03546EA33,P003,2025-02-03 13:33:52 UTC,1,57.8,delivered,accepted,2025-02-03 13:35:37 UTC,
RA6B64CC810286,L0F522F06944A,P005,2025-01-13 18:49:38 UTC,1,97.33,delivered,no_response,2025-01-13 18:53:55 UTC,price_too_low
RAD44253D5F87D,L0073E0957E47,P003,2025-03-12 10:06:33 UTC,1,75.98,delivered,accepted,2025-03-12 10:09:10 UTC,
RA31337E823D13,LE5C50584A2F8,P002,2025-06-23 17:58:09 UTC,1,80.73,delivered,accepted,2025-06-23 17:59:54 UTC,
RA9F0D1699517A,L46655014190C,P007,2025-01-22 10:26:30 UTC,1,123.11,delivered,accepted,2025-01-22 10:28:01 UTC,
RAD71D25B6BBD0,L0C696DD6057E,P005,2025-06-17 16:53:15 UTC,1,97.39,delivered,accepted,2025-06-17 16:57:48 UTC,
RA538F78FBC476,L510CE622556E,P005,2025-05-10 15:34:36 UTC,1,96.82,delivered,accepted,2025-05-10 15:35:55 UTC,
RAF1B63119431B,LD1324B825145,P005,2025-02-26 12:12:46 UTC,1,114.33,delivered,accepted,2025-02-26 12:16:49 UTC,
RA214CA2803492,LCA4FA441C2D1,P003,2025-03-20 21:40:56 UTC,1,61.23,delivered,rejected,2025-03-20 21:42:43 UTC,state_not_covered
RA6541337278C9,LC95BAF87550E,P003,2025-05-06 12:52:24 UTC,1,58.51,delivered,accepted,2025-05-06 12:55:55 UTC,
RA61279FBC7855,L6F4675C299D5,P002,2025-06-21 20:27:11 UTC,1,64.73,delivered,accepted,2025-06-21 20:29:54 UTC,
RA3FF7ABBEE7BF,L1FD22A02CC46,P002,2025-02-12 21:18:14 UTC,1,68.03,delivered,rejected,2025-02-12 21:18:51 UTC,state_not_covered
RA02A9C5488927,LA0D814650012,P005,2025-05-16 18:39:34 UTC,1,108.28,delivered,rejected,2025-05-16 18:40:24 UTC,state_not_covered
RAE85D53038DA0,LD449EA7B06AC,P007,2025-04-03 18:24:14 UTC,1,121.69,delivered,accepted,2025-04-03 18:26:08 UTC,
RA800F8FE2F6D6,L1F87D2D3349F,P003,2025-04-02 23:00:50 UTC,1,62.84,delivered,accepted,2025-04-02 23:03:07 UTC,
RACED5DECB4411,L4DC06AAEC61C,P005,2025-06-16 15:24:22 UTC,1,93.6,delivered,accepted,2025-06-16 15:25:58 UTC,
RAB6898A7EF892,LFAED97FE4E71,P002,2025-06-21 21:37:06 UTC,1,78.72,delivered,accepted,2025-06-21 21:40:45 UTC,
RAE15650FDFACA,L2B69DC044B75,P006,2025-01-21 11:16:17 UTC,1,113.76,delivered,rejected,2025-01-21 11:16:52 UTC,state_not_covered
RA1ACFD69778EB,LCAD2F88F975C,P002,2025-06-04 15:43:28 UTC,1,83.5,delivered,accepted,2025-06-04 15:46:41 UTC,
RAF0E5A5B49D4B,L6EA9A2E18C14,P006,2025-03-08 17:21:05 UTC,1,125.26,delivered,accepted,2025-03-08 17:22:28 UTC,
RAD3EC080C14F9,LCA5C25AFC739,P010,2025-03-09 17:02:35 UTC,1,71.47,delivered,accepted,2025-03-09 17:06:26 UTC,
RA258D59B1C426,L0BC2B115EE63,P003,2025-02-04 21:29:40 UTC,1,73.43,delivered,accepted,2025-02-04 21:31:14 UTC,
RA3F303A351552,L6B228844966C,P010,2025-01-03 18:46:58 UTC,1,75.7,delivered,accepted,2025-01-03 18:50:48 UTC,
RAD0152D13D4C3,L3B7213C5D628,P003,2025-04-16 08:36:25 UTC,1,58.9,delivered,accepted,2025-04-16 08:40:11 UTC,
RA631662886ABA,LE1F2DB153798,P010,2025-03-27 21:01:04 UTC,1,62.23,delivered,accepted,2025-03-27 21:03:45 UTC,
RA26FB2C9C6635,LC4359DDC27A7,P002,2025-02-20 18:09:46 UTC,1,80.05,delivered,no_response,2025-02-20 18:12:23 UTC,quality
RA51AFE30A887C,LB97EA661EB1D,P003,2025-05-29 07:39:22 UTC,1,67.87,delivered,capacity_exceeded,2025-05-29 07:41:01 UTC,quality
RA7F0AF90DA8BC,L57C491DE2BFD,P002,2025-04-14 11:59:54 UTC,1,73.57,delivered,accepted,2025-04-14 12:02:36 UTC,
RAF51FBCAD5B5E,L9C96E9BB2D8D,P010,2025-06-11 12:40:33 UTC,1,78.19,delivered,accepted,2025-06-11 12:43:22 UTC,
RA1D1CF9E5C7B7,L14FD6FC62D33,P002,2025-04-04 13:31:31 UTC,1,73.08,delivered,accepted,2025-04-04 13:35:51 UTC,
RAB0940C49C1F9,LE8C1AC4A53C3,P003,2025-05-02 21:08:24 UTC,1,73.05,delivered,accepted,2025-05-02 21:10:02 UTC,
RA87FB484FEB1A,LC767B88E793E,P007,2025-01-10 10:41:25 UTC,1,114.7,delivered,accepted,2025-01-10 10:41:55 UTC,
RA780169188B86,L6C1C243B5754,P009,2025-04-07 07:48:45 UTC,1,54.94,delivered,accepted,2025-04-07 07:49:17 UTC,
RA83D47A47EE2C,LB20BC0B39316,P001,2025-03-21 20:27:07 UTC,1,67.98,delivered,accepted,2025-03-21 20:29:39 UTC,
RAE989952A9258,LD8D523E918FC,P009,2025-05-20 16:35:17 UTC,1,61.3,delivered,rejected,2025-05-20 16:38:20 UTC,quality
RACAF7B55BE0FF,L1F2F3185AC95,P005,2025-02-24 16:58:29 UTC,1,96.5,delivered,accepted,2025-02-24 17:00:22 UTC,
RA35936146A543,L7222708B5576,P001,2025-02-15 12:41:09 UTC,1,62.61,delivered,rejected,2025-02-15 12:44:20 UTC,price_too_low
RA23982D6D02E3,L22015573EBC5,P010,2025-05-31 07:38:51 UTC,1,74.31,delivered,accepted,2025-05-31 07:40:16 UTC,
RA01683CA6558D,LAD0DBEB0218F,P001,2025-06-07 22:44:53 UTC,1,60.89,delivered,capacity_exceeded,2025-06-07 22:48:13 UTC,state_not_covered
RA07D72FE4D650,L5CA24D9A0CEF,P004,2025-02-23 16:58:32 UTC,1,97.69,delivered,accepted,2025-02-23 17:00:30 UTC,
RA309CB64F4497,L1E877CE0FCC2,P010,2025-01-03 07:56:08 UTC,1,82.65,delivered,capacity_exceeded,2025-01-03 07:57:38 UTC,quality
RAEA9FAB5AC7F2,LD93747C7B29F,P008,2025-02-16 10:49:37 UTC,1,84.8,delivered,accepted,2025-02-16 10:51:06 UTC,
RAD54EA298C50A,L1AC5D7EA9416,P003,2025-06-28 17:01:37 UTC,1,77.92,delivered,accepted,2025-06-28 17:05:42 UTC,
RA581C85EF3258,LA205E7C6FBDA,P002,2025-01-28 20:27:40 UTC,1,64.38,delivered,no_response,2025-01-28 20:29:57 UTC,quality
RA80C4ACBD9193,LB150D52D5AB4,P003,2025-05-02 19:35:26 UTC,1,67.18,delivered,accepted,2025-05-02 19:36:35 UTC,
RAD7F1D1469A5B,L4060F2D2BE16,P002,2025-01-15 09:50:12 UTC,1,75.3,delivered,capacity_exceeded,2025-01-15 09:52:35 UTC,price_too_low
RA1BFF7101AC7C,L5BA3B51EA0D2,P001,2025-02-25 10:50:48 UTC,1,71.89,delivered,capacity_exceeded,2025-02-25 10:54:55 UTC,quality
RAB25E13D688C1,LD9B6CFCF6648,P003,2025-05-27 12:58:02 UTC,1,60.05,delivered,capacity_exceeded,2025-05-27 12:58:28 UTC,state_not_covered
RA10924017019E,LFA7CEAE1502A,P003,2025-01-06 20:23:12 UTC,1,76.14,delivered,accepted,2025-01-06 20:26:13 UTC,
RA27D86B605699,LB95979E0CED1,P009,2025-02-25 21:24:55 UTC,1,50.82,delivered,rejected,2025-02-25 21:27:12 UTC,price_too_low
RA077283D0D2F4,L71F9AB69E7CD,P005,2025-05-02 21:31:25 UTC,1,101.75,delivered,accepted,2025-05-02 21:34:46 UTC,
RA25C7767496CD,L55595F5627BF,P002,2025-03-15 15:30:09 UTC,1,81.02,delivered,accepted,2025-03-15 15:34:41 UTC,
RA0B1D383CB0B4,L67B0997E5A53,P010,2025-05-13 14:27:50 UTC,1,62.78,delivered,accepted,2025-05-13 14:30:27 UTC,
RA736CE40861B9,L811929853D89,P001,2025-02-09 17:08:29 UTC,1,57.42,delivered,rejected,2025-02-09 17:08:39 UTC,capacity
RA1BF1897BA55E,L837693B5BD0B,P010,2025-03-24 10:18:09 UTC,1,67.04,delivered,accepted,2025-03-24 10:20:18 UTC,
RA0CEFD58F8D6D,LC32E9E8EBBFA,P010,2025-05-23 23:05:33 UTC,1,74.56,delivered,rejected,2025-05-23 23:08:24 UTC,quality
RAAD156329B80C,LC32E9E8EBBFA,P002,2025-05-23 23:05:20 UTC,2,65.88,delivered,rejected,2025-05-23 23:10:05 UTC,quality
RAB90CDAC555CE,LB9AFE87C29A7,P002,2025-05-13 18:24:55 UTC,1,82.13,delivered,accepted,2025-05-13 18:28:16 UTC,
RADD30F8D8A3EA,L0D17A3996F01,P010,2025-01-22 13:27:19 UTC,1,61.21,delivered,accepted,2025-01-22 13:30:20 UTC,
RACC24AE01E66C,L31FCA5EDD865,P009,2025-02-26 12:37:50 UTC,1,57.37,delivered,accepted,2025-02-26 12:38:08 UTC,
RA59F63094928C,LD6740562E06C,P010,2025-03-13 15:01:35 UTC,1,79.63,delivered,accepted,2025-03-13 15:02:23 UTC,
RA0C832D2E84B6,LE6D5D427C2EC,P002,2025-02-20 17:35:37 UTC,1,81.78,delivered,accepted,2025-02-20 17:37:09 UTC,
RA5A37A01D3005,L4CB38125A062,P005,2025-01-15 20:43:30 UTC,1,95.9,delivered,accepted,2025-01-15 20:44:30 UTC,
RA1FD1E5B39F15,L2CF46C2CAA4E,P007,2025-05-08 11:47:50 UTC,1,140.6,delivered,accepted,2025-05-08 11:52:17 UTC,
RA1B8C6F5B6070,L43211D1F062F,P001,2025-06-30 21:08:26 UTC,1,58.85,delivered,accepted,2025-06-30 21:09:44 UTC,
RA742B1521A322,L5D7A98DEE30E,P010,2025-05-06 17:15:29 UTC,1,61.53,delivered,accepted,2025-05-06 17:19:18 UTC,
RA911345F00531,L67E31ED1A123,P001,2025-01-23 16:17:42 UTC,1,59.41,delivered,accepted,2025-01-23 16:18:07 UTC,
RAC31F729A1E11,L2ECF4D43CC38,P002,2025-06-23 07:32:02 UTC,1,76.82,delivered,accepted,2025-06-23 07:34:38 UTC,
RA9F6A128A5DEB,L1D6B5C61B15A,P009,2025-06-19 17:21:19 UTC,1,62.74,delivered,rejected,2025-06-19 17:25:07 UTC,state_not_covered
RAEFE188D07523,L1D6B5C61B15A,P003,2025-06-19 17:21:17 UTC,2,64.53,delivered,capacity_exceeded,2025-06-19 17:22:49 UTC,capacity
RA63A2FE578323,L815FA2ABDABA,P001,2025-04-20 20:48:17 UTC,1,62.96,delivered,accepted,2025-04-20 20:49:27 UTC,
RACFFFB0AC1D6B,L127E2302FFF0,P002,2025-02-13 12:11:27 UTC,1,65.9,delivered,accepted,2025-02-13 12:16:09 UTC,
RADD8812D2A643,L7873321CE908,P003,2025-06-15 09:35:55 UTC,1,65.28,delivered,accepted,2025-06-15 09:37:55 UTC,
RAE2C1E34BADC5,L4E047C4D2D6C,P003,2025-04-11 11:44:36 UTC,1,77.91,delivered,rejected,2025-04-11 11:47:53 UTC,quality
RA70CBFE4C2141,L02B77C11D792,P004,2025-02-02 07:30:26 UTC,1,106.66,delivered,accepted,2025-02-02 07:34:35 UTC,
RA2A99F8CD519F,L76A29274E54F,P005,2025-04-21 17:09:03 UTC,1,98.95,delivered,accepted,2025-04-21 17:10:46 UTC,
RAA4B45B98A728,LF5A0577046A2,P009,2025-05-25 11:02:56 UTC,1,61.12,delivered,rejected,2025-05-25 11:04:09 UTC,quality
RA1AF12BA81B49,L1E6CD5DDDC27,P002,2025-01-04 11:51:37 UTC,1,75.07,delivered,accepted,2025-01-04 11:54:46 UTC,
RAE926A4D4A0CD,LBF29384377C6,P010,2025-03-31 20:24:39 UTC,1,68.68,delivered,rejected,2025-03-31 20:26:11 UTC,capacity
RA3DA1A32DE440,LBF29384377C6,P001,2025-03-31 20:24:26 UTC,2,65.96,delivered,rejected,2025-03-31 20:26:46 UTC,quality
RA648E391A4247,LB31F324DCFC4,P009,2025-04-03 17:13:48 UTC,1,56.1,delivered,capacity_exceeded,2025-04-03 17:15:13 UTC,quality
RABCD4EEA6B3E0,LB31F324DCFC4,P002,2025-04-03 17:13:37 UTC,2,78.68,delivered,accepted,2025-04-03 17:17:55 UTC,
RACFB08A95FEDD,L67999DD37BE9,P010,2025-05-30 11:00:48 UTC,1,65.02,delivered,accepted,2025-05-30 11:03:30 UTC,
RAAF447812D582,L4AC711BF2FA3,P007,2025-02-03 14:31:31 UTC,1,127.82,delivered,capacity_exceeded,2025-02-03 14:33:34 UTC,state_not_covered
RAD170C708F791,LB6DA315AB356,P002,2025-06-13 22:28:55 UTC,1,71.4,delivered,capacity_exceeded,2025-06-13 22:32:40 UTC,price_too_low
RAA9D1C674D3C8,LB6DA315AB356,P010,2025-06-13 22:28:48 UTC,2,77.19,delivered,accepted,2025-06-13 22:33:16 UTC,
RA770366B9A61B,L57377E8BFA66,P010,2025-01-25 19:50:14 UTC,1,64.26,delivered,capacity_exceeded,2025-01-25 19:51:18 UTC,state_not_covered
RAFB19A0436B01,L57377E8BFA66,P006,2025-01-25 19:50:35 UTC,2,131.16,delivered,accepted,2025-01-25 19:51:45 UTC,
RA282C13FFEF31,L7C0B759D424E,P003,2025-01-23 19:35:54 UTC,1,61.88,delivered,accepted,2025-01-23 19:40:05 UTC,
RA6C3C856DBE72,L9285B2B5F7BA,P001,2025-03-15 20:18:11 UTC,1,69.33,delivered,accepted,2025-03-15 20:18:26 UTC,
RA5467548DEB53,L1AC48A4C8532,P007,2025-03-03 17:50:36 UTC,1,118.14,delivered,accepted,2025-03-03 17:52:00 UTC,
RAA001DCE4B5F2,LA6431E378A18,P010,2025-02-10 07:16:41 UTC,1,67.11,delivered,accepted,2025-02-10 07:19:45 UTC,
RA0A974A9B7D11,LFD8A4C153220,P010,2025-05-15 18:44:52 UTC,1,67.34,delivered,accepted,2025-05-15 18:48:36 UTC,
RAE2C273014FCC,L1B6A959D103F,P002,2025-01-10 22:15:27 UTC,1,76.4,delivered,accepted,2025-01-10 22:17:44 UTC,
RAF4201556E8FF,L1255AEAF8DED,P002,2025-03-10 12:59:30 UTC,1,64.78,delivered,accepted,2025-03-10 13:01:21 UTC,
RAD712560695FB,L25C89147C176,P008,2025-03-25 15:28:26 UTC,1,86.18,delivered,accepted,2025-03-25 15:29:31 UTC,
RA79662D7B720C,L52CFD895F482,P003,2025-04-20 18:26:56 UTC,1,62.3,delivered,no_response,2025-04-20 18:30:20 UTC,quality
RA62C35109D0FF,LBC205A929C2F,P002,2025-06-06 20:19:10 UTC,1,69.06,delivered,accepted,2025-06-06 20:21:31 UTC,
RA0AB4C014F8DE,LABB874A363DE,P010,2025-01-17 10:11:18 UTC,1,79.92,delivered,capacity_exceeded,2025-01-17 10:11:37 UTC,price_too_low
RA8634DF33325A,LABB874A363DE,P007,2025-01-17 10:10:44 UTC,2,128.5,delivered,rejected,2025-01-17 10:14:09 UTC,quality
RAE237BB112022,L962EC8026A8A,P006,2025-04-26 22:32:32 UTC,1,117.93,delivered,accepted,2025-04-26 22:35:24 UTC,
RA720CE56555BD,L0D716F69B88C,P007,2025-03-12 07:47:09 UTC,1,113.02,delivered,no_response,2025-03-12 07:47:19 UTC,capacity
RA92D345BCF72D,LD9928F2FCD13,P009,2025-04-06 16:58:21 UTC,1,50.12,delivered,accepted,2025-04-06 16:58:44 UTC,
RA937E10372EDD,L6BD84476F8B0,P003,2025-06-30 10:12:58 UTC,1,70.7,delivered,accepted,2025-06-30 10:16:49 UTC,
RA85073F480671,L6C3F4B5D62A5,P001,2025-06-07 13:02:46 UTC,1,71.26,delivered,accepted,2025-06-07 13:03:17 UTC,
RAE1E1CA94888B,L2102B85A1E1E,P003,2025-04-04 22:54:12 UTC,1,71.77,delivered,accepted,2025-04-04 22:58:21 UTC,
RACB7D2F4A782D,LBFE22BE24667,P010,2025-01-12 21:29:39 UTC,1,64.59,delivered,rejected,2025-01-12 21:30:41 UTC,price_too_low
RAAA5EEE2FD4A7,LBFE22BE24667,P003,2025-01-12 21:29:07 UTC,2,68.74,delivered,accepted,2025-01-12 21:32:49 UTC,
RA2444F6D90585,L90F5A025D58B,P007,2025-05-25 22:56:32 UTC,1,118.99,delivered,no_response,2025-05-25 22:57:06 UTC,state_not_covered
RAF715B2C07A98,L92CCEC867883,P006,2025-02-09 12:59:34 UTC,1,134.52,delivered,accepted,2025-02-09 13:03:33 UTC,
RAD5C10717A73E,L2B54D92A0095,P002,2025-02-12 19:36:04 UTC,1,78.81,delivered,accepted,2025-02-12 19:37:10 UTC,
RAE2C53D9FB31C,LC241F54305AC,P003,2025-02-10 07:39:30 UTC,1,70.33,delivered,accepted,2025-02-10 07:42:30 UTC,
RA13EF37470002,LCDB0C3FB839D,P001,2025-03-04 17:32:10 UTC,1,61.35,delivered,capacity_exceeded,2025-03-04 17:33:50 UTC,price_too_low
RAFB8B64332089,L982FF00BD1B1,P003,2025-05-01 20:50:34 UTC,1,68.86,delivered,accepted,2025-05-01 20:52:26 UTC,
RA2038C0E6161D,L90DD05343081,P003,2025-03-22 19:50:54 UTC,1,69.51,delivered,no_response,2025-03-22 19:53:55 UTC,state_not_covered
RADD5144EF04E0,LE6D390366343,P002,2025-01-09 15:16:30 UTC,1,63.95,delivered,accepted,2025-01-09 15:18:20 UTC,
RA4DA97736157B,L7641E6AD9EF4,P010,2025-02-16 11:20:03 UTC,1,78.03,delivered,accepted,2025-02-16 11:21:05 UTC,
RA585FCA51A0F1,L4E592C86304C,P003,2025-05-30 08:23:02 UTC,1,59.1,delivered,accepted,2025-05-30 08:27:59 UTC,
RAC8FD0B038DC4,L0C0C36E16C6C,P010,2025-06-24 08:20:55 UTC,1,77.53,delivered,accepted,2025-06-24 08:21:55 UTC,
RAE6C713EA469F,L88FD0CF457A6,P010,2025-01-01 18:16:34 UTC,1,76.85,delivered,no_response,2025-01-01 18:20:27 UTC,price_too_low
RAFFB876D2AC82,L9191B7FCC75D,P009,2025-01-12 21:14:27 UTC,1,53.24,delivered,accepted,2025-01-12 21:15:14 UTC,
RAFE8631C6DD42,L03DE3633CDA8,P004,2025-02-10 14:48:50 UTC,1,102.77,delivered,accepted,2025-02-10 14:50:20 UTC,
RAE01E41EB5190,L99E0CF372B3E,P007,2025-01-29 14:29:39 UTC,1,124.85,delivered,capacity_exceeded,2025-01-29 14:31:43 UTC,quality
RACD569428BB27,LB4265EAC562F,P006,2025-01-03 08:28:10 UTC,1,115.78,delivered,accepted,2025-01-03 08:30:03 UTC,
RABB8919C695D8,L145F71B231DF,P005,2025-05-17 11:43:21 UTC,1,91.55,delivered,accepted,2025-05-17 11:47:35 UTC,
RA1DB81FA14D25,L297298C81312,P003,2025-01-08 18:18:08 UTC,1,59.88,delivered,accepted,2025-01-08 18:22:35 UTC,
RA21457D43672C,L67F1D6DAD712,P006,2025-05-14 11:21:57 UTC,1,109.33,delivered,accepted,2025-05-14 11:26:52 UTC,
RAE8040F30BB4F,L2FD9B9AD4518,P010,2025-03-14 19:02:59 UTC,1,76.03,delivered,accepted,2025-03-14 19:05:42 UTC,
RA84B9801B440E,L7E52ECA1D29A,P009,2025-02-05 08:06:01 UTC,1,50.91,delivered,accepted,2025-02-05 08:08:40 UTC,
RA0E6CE849E905,LB882379F5EE5,P009,2025-01-28 12:20:36 UTC,1,60.0,delivered,accepted,2025-01-28 12:24:01 UTC,
RA78CF07764633,L045C75FAEF44,P009,2025-04-04 22:19:26 UTC,1,56.79,delivered,accepted,2025-04-04 22:23:50 UTC,
RAC9F2EEA17F65,LC529F34AF4EE,P001,2025-05-27 22:47:37 UTC,1,63.96,delivered,accepted,2025-05-27 22:51:45 UTC,
RA557F30BC2C89,L9FEC8BF02B96,P008,2025-05-08 18:44:11 UTC,1,66.54,delivered,accepted,2025-05-08 18:45:55 UTC,
RA7B422B09D4CB,L8F28D778EA61,P009,2025-01-28 08:44:49 UTC,1,61.29,delivered,accepted,2025-01-28 08:45:25 UTC,
RA9F2C236F3863,L27F3671B6E1E,P005,2025-06-13 11:59:13 UTC,1,107.77,delivered,accepted,2025-06-13 12:02:14 UTC,
RA1441B71D1E7F,LB265466D2160,P007,2025-03-26 23:00:15 UTC,1,112.18,delivered,accepted,2025-03-26 23:03:31 UTC,
RA675B2C5ECAB0,L57296D3622DC,P010,2025-04-27 08:00:01 UTC,1,64.88,delivered,accepted,2025-04-27 08:04:27 UTC,
RA903AE354B26D,LA599AC6169C8,P009,2025-03-19 10:32:56 UTC,1,64.52,delivered,accepted,2025-03-19 10:35:03 UTC,
RA7704AACF5E66,LC45B0EEAC8D6,P002,2025-04-16 08:19:01 UTC,1,74.15,delivered,accepted,2025-04-16 08:20:00 UTC,
RA964ABC973492,LB67B1FC2DF57,P010,2025-06-19 17:38:44 UTC,1,76.66,delivered,accepted,2025-06-19 17:39:04 UTC,
RADF152EEF92BB,L9CCA7B3E1D4C,P002,2025-04-20 11:59:33 UTC,1,75.2,delivered,rejected,2025-04-20 12:02:01 UTC,quality
RAD8F0AB2FA016,L9CCA7B3E1D4C,P003,2025-04-20 12:00:01 UTC,2,76.53,delivered,accepted,2025-04-20 12:03:50 UTC,
RAB54E8D6D2732,LD57E8169A517,P009,2025-03-22 21:10:24 UTC,1,62.13,delivered,accepted,2025-03-22 21:13:46 UTC,
RA155901F57236,L892B9D9DF6AD,P010,2025-03-15 11:26:43 UTC,1,82.61,delivered,rejected,2025-03-15 11:27:15 UTC,price_too_low
RABE1A52738611,L892B9D9DF6AD,P002,2025-03-15 11:26:34 UTC,2,77.44,delivered,accepted,2025-03-15 11:30:50 UTC,
RA35B8604924BF,L0A5CDD3F986C,P007,2025-02-26 09:21:16 UTC,1,142.83,delivered,accepted,2025-02-26 09:22:35 UTC,
RAEC28F359F9F1,LA503B80B724B,P005,2025-01-09 09:49:46 UTC,1,116.56,delivered,accepted,2025-01-09 09:51:08 UTC,
RA1B02CD301BC4,LC0B4606DE410,P008,2025-05-21 19:13:08 UTC,1,66.81,delivered,rejected,2025-05-21 19:14:37 UTC,quality
RADE689B577E17,LC0B4606DE410,P002,2025-05-21 19:13:18 UTC,2,79.03,delivered,no_response,2025-05-21 19:14:57 UTC,price_too_low
RA58F65A494940,L452E040202A4,P005,2025-04-02 11:04:49 UTC,1,115.39,delivered,no_response,2025-04-02 11:05:23 UTC,quality
RA9734E84A627F,L452E040202A4,P004,2025-04-02 11:04:25 UTC,2,98.09,delivered,accepted,2025-04-02 11:05:22 UTC,
RA3F92118E8C65,LB4150785C30D,P003,2025-04-29 12:36:49 UTC,1,63.81,delivered,accepted,2025-04-29 12:37:06 UTC,
RA2D89A1DF2197,L786156E7477B,P010,2025-02-01 07:27:07 UTC,1,77.99,delivered,no_response,2025-02-01 07:32:04 UTC,quality
RADA9E7D5BEEA0,L786156E7477B,P009,2025-02-01 07:26:51 UTC,2,61.29,delivered,rejected,2025-02-01 07:31:15 UTC,quality
RA39FFD1785EC1,L490C318F4D1E,P001,2025-03-03 08:30:17 UTC,1,72.46,delivered,accepted,2025-03-03 08:34:53 UTC,
RA15AB39E864F9,LBB4EED9607BE,P008,2025-03-24 20:18:12 UTC,1,76.43,delivered,accepted,2025-03-24 20:22:15 UTC,
RACE02C71719DE,LF52F59563CC7,P010,2025-03-31 18:03:26 UTC,1,82.24,delivered,no_response,2025-03-31 18:04:29 UTC,price_too_low
RAA6DAC20C543A,L98B77EB09DAC,P006,2025-06-11 18:04:34 UTC,1,116.13,delivered,accepted,2025-06-11 18:09:28 UTC,
RA48B6BE415CA0,LB0BB507766F6,P010,2025-05-25 16:49:05 UTC,1,78.63,delivered,accepted,2025-05-25 16:49:28 UTC,
RA2AD646D0F166,L02ADCF1127DC,P005,2025-01-17 14:30:49 UTC,1,92.7,delivered,capacity_exceeded,2025-01-17 14:31:49 UTC,state_not_covered
RA9560DECAC3A7,L21A27F602C3B,P003,2025-04-15 12:42:07 UTC,1,77.29,delivered,no_response,2025-04-15 12:46:48 UTC,quality
RACD09DF6D7C6D,L21A27F602C3B,P010,2025-04-15 12:42:01 UTC,2,68.91,delivered,capacity_exceeded,2025-04-15 12:44:25 UTC,state_not_covered
RA64EEACB25E63,LC791FEE2D0BE,P002,2025-01-30 08:02:44 UTC,1,85.71,delivered,accepted,2025-01-30 08:07:36 UTC,
RA059727AE834C,L9BFEC8A83EDC,P006,2025-02-14 15:01:59 UTC,1,114.62,delivered,accepted,2025-02-14 15:04:11 UTC,
RA974B89D7A28C,LDDEC67BCD01C,P002,2025-01-08 14:46:01 UTC,1,80.31,delivered,accepted,2025-01-08 14:47:36 UTC,
RA87B9CFEF76AA,LAA55A883A28B,P001,2025-03-14 10:30:22 UTC,1,63.19,delivered,accepted,2025-03-14 10:35:10 UTC,
RA62CC2CAE99BE,L6AABE61FA676,P010,2025-01-26 22:41:07 UTC,1,71.63,delivered,capacity_exceeded,2025-01-26 22:43:17 UTC,price_too_low
RAB74BF545CB09,L84CDFD89D8DD,P010,2025-03-25 19:19:42 UTC,1,78.87,delivered,accepted,2025-03-25 19:24:22 UTC,
RA571C8B8AA316,L864C454E52A1,P003,2025-04-25 14:33:56 UTC,1,59.26,delivered,accepted,2025-04-25 14:36:22 UTC,
RA4FD90E8D1BA4,LF04F5EAC998E,P006,2025-03-21 07:46:40 UTC,1,105.7,delivered,capacity_exceeded,2025-03-21 07:51:01 UTC,quality
RA5A0D0E964F23,LF04F5EAC998E,P010,2025-03-21 07:47:07 UTC,2,71.62,delivered,accepted,2025-03-21 07:51:18 UTC,
RA6206601F698B,L47A0696488A3,P003,2025-05-14 14:31:36 UTC,1,73.25,delivered,accepted,2025-05-14 14:35:49 UTC,
RABB8A9A2ADC68,L009733D11519,P005,2025-01-28 14:10:41 UTC,1,117.01,delivered,rejected,2025-01-28 14:14:21 UTC,quality
RA5925E739DC47,L9C7818660CC5,P010,2025-03-22 19:44:27 UTC,1,66.52,delivered,accepted,2025-03-22 19:45:53 UTC,
RA83D143894E76,L3D1DE82743D0,P010,2025-06-12 12:28:31 UTC,1,81.92,delivered,accepted,2025-06-12 12:29:00 UTC,
RAAC2199218C45,LEF02E9D1CE95,P003,2025-06-09 20:41:13 UTC,1,67.35,delivered,accepted,2025-06-09 20:42:38 UTC,
RAE84620B870B0,LD940401A0F84,P003,2025-01-03 09:44:37 UTC,1,77.42,delivered,accepted,2025-01-03 09:47:56 UTC,
RA6B12C9829E66,LE2F245B6831A,P003,2025-04-02 08:14:37 UTC,1,60.26,delivered,accepted,2025-04-02 08:16:55 UTC,
RA2FC99F78A31D,L6E44CD5A6305,P003,2025-04-02 20:46:05 UTC,1,59.24,delivered,accepted,2025-04-02 20:48:28 UTC,
RABA1BD961F78C,LB879DD9985F3,P002,2025-03-14 20:41:58 UTC,1,64.92,delivered,accepted,2025-03-14 20:44:20 UTC,
RA69E8BCC0E61D,LF007309D0ADE,P003,2025-04-04 19:40:15 UTC,1,75.46,delivered,accepted,2025-04-04 19:41:40 UTC,
RA00EF6DE089FD,LB1B3853A30C5,P010,2025-01-15 21:05:07 UTC,1,78.03,delivered,no_response,2025-01-15 21:07:58 UTC,state_not_covered
RAB7910ABCA08E,L5A6849137C23,P006,2025-05-24 14:16:37 UTC,1,134.81,delivered,accepted,2025-05-24 14:17:25 UTC,
RA7DA563E4ACB0,L168BA8824078,P002,2025-03-14 16:05:35 UTC,1,65.96,delivered,accepted,2025-03-14 16:07:15 UTC,
RAD81F0DE67F8E,L74DF4A6F3F5B,P010,2025-04-05 09:29:18 UTC,1,79.42,delivered,accepted,2025-04-05 09:31:50 UTC,
RA2AD1D842FB05,LAF38C41BEEAC,P001,2025-01-22 13:41:20 UTC,1,61.11,delivered,no_response,2025-01-22 13:45:20 UTC,price_too_low
RABBB75552F1F1,LAF38C41BEEAC,P002,2025-01-22 13:41:41 UTC,2,76.84,delivered,accepted,2025-01-22 13:41:58 UTC,
RAA1F69BDB353A,L02915FDF25D1,P002,2025-04-08 21:11:23 UTC,1,76.65,delivered,accepted,2025-04-08 21:12:07 UTC,
RA6D972F54D0B6,LA9E56C9FF931,P003,2025-01-11 15:19:57 UTC,1,70.39,delivered,no_response,2025-01-11 15:21:54 UTC,quality
RA0741D1DE57A9,L2E879197F5F1,P010,2025-03-08 07:30:08 UTC,1,72.21,delivered,accepted,2025-03-08 07:33:39 UTC,
RA6B8E7FB10325,L087974097AFB,P009,2025-02-11 14:50:18 UTC,1,54.64,delivered,accepted,2025-02-11 14:51:06 UTC,
RA37C0E624C33B,L9087036A8DE4,P005,2025-06-05 14:02:08 UTC,1,119.84,delivered,rejected,2025-06-05 14:05:36 UTC,quality
RABDBD9A2DD5EE,LF13894B1BA77,P004,2025-06-08 08:25:10 UTC,1,109.09,delivered,accepted,2025-06-08 08:27:19 UTC,
RAE39BC7C4FD9A,L3F222A7A198B,P002,2025-04-29 14:28:43 UTC,1,77.39,delivered,accepted,2025-04-29 14:30:46 UTC,
RA72DF72C9B4DD,L76D82C1D8E88,P010,2025-04-08 19:12:31 UTC,1,81.5,delivered,accepted,2025-04-08 19:15:48 UTC,
RA217FEB1B2B7C,LF8620A226B36,P005,2025-05-08 20:56:21 UTC,1,90.85,delivered,accepted,2025-05-08 21:00:08 UTC,
RA73E67F9543CB,LFF6D7B827CE9,P002,2025-06-28 16:58:12 UTC,1,69.78,delivered,accepted,2025-06-28 17:01:44 UTC,
RAA1A1032009C9,L2BDE0ECF8832,P010,2025-05-03 13:45:36 UTC,1,72.24,delivered,accepted,2025-05-03 13:46:27 UTC,
RA40DBFD05F16C,LC9CB1D63FA28,P001,2025-02-07 20:59:00 UTC,1,66.8,delivered,accepted,2025-02-07 21:02:05 UTC,
RA69A559AEB245,LB54CCFC712ED,P003,2025-02-06 07:26:01 UTC,1,71.93,delivered,capacity_exceeded,2025-02-06 07:27:06 UTC,capacity
RA3A19CA809EF8,LB54CCFC712ED,P008,2025-02-06 07:25:50 UTC,2,71.23,delivered,accepted,2025-02-06 07:28:44 UTC,
RA855D4F625B1D,LEB292A1181DE,P003,2025-01-13 18:22:19 UTC,1,62.19,delivered,rejected,2025-01-13 18:25:06 UTC,capacity
RAB7FFE6EC8998,LA90D45BC7CF3,P001,2025-06-03 10:12:25 UTC,1,68.37,delivered,accepted,2025-06-03 10:14:15 UTC,
RA1320065B8003,LC3498709CFC1,P001,2025-01-11 13:01:23 UTC,1,66.83,delivered,accepted,2025-01-11 13:02:21 UTC,
RA215E4ABB1532,LD27F536C2611,P010,2025-01-02 18:50:13 UTC,1,64.69,delivered,accepted,2025-01-02 18:53:27 UTC,
RAA52422152C5C,L9F79D944CDE5,P002,2025-02-09 10:45:16 UTC,1,84.92,delivered,rejected,2025-02-09 10:46:51 UTC,quality
RA2558908024B6,L9F79D944CDE5,P009,2025-02-09 10:45:41 UTC,2,52.5,delivered,capacity_exceeded,2025-02-09 10:46:43 UTC,price_too_low
RA455782FA09AB,LB6FB699AC8E6,P007,2025-04-17 13:55:02 UTC,1,134.09,delivered,accepted,2025-04-17 13:58:46 UTC,
RA63745675CC89,LFAD4168019A8,P002,2025-04-15 11:00:57 UTC,1,77.32,delivered,accepted,2025-04-15 11:05:57 UTC,
RA677BC7FDD7D0,LA29E2ED9E03E,P003,2025-03-20 15:42:24 UTC,1,69.43,delivered,accepted,2025-03-20 15:47:19 UTC,
RAB5B4A72E858C,L53543463AFDA,P010,2025-01-26 14:12:37 UTC,1,78.08,delivered,accepted,2025-01-26 14:13:29 UTC,
RAA50C88342F26,L1D9B6C457244,P008,2025-01-27 17:46:34 UTC,1,78.06,delivered,accepted,2025-01-27 17:49:18 UTC,
RA65402030F2FD,LE92926DD88B9,P010,2025-03-31 11:15:13 UTC,1,68.94,delivered,rejected,2025-03-31 11:16:48 UTC,quality
RA6ECF7E80F640,LE92926DD88B9,P003,2025-03-31 11:15:26 UTC,2,59.84,delivered,capacity_exceeded,2025-03-31 11:16:14 UTC,quality
RA5B15764C9415,L0376D79B824E,P009,2025-05-17 07:16:42 UTC,1,51.25,delivered,no_response,2025-05-17 07:20:02 UTC,capacity
RAA9119E19151F,L0376D79B824E,P010,2025-05-17 07:16:47 UTC,2,75.21,delivered,accepted,2025-05-17 07:17:34 UTC,
RAC6EC4192053B,LF25A5543628F,P005,2025-04-29 21:03:24 UTC,1,107.04,delivered,rejected,2025-04-29 21:07:41 UTC,state_not_covered
RA0AF5A7999C64,L5711C6452321,P005,2025-01-18 16:49:19 UTC,1,102.13,delivered,capacity_exceeded,2025-01-18 16:53:57 UTC,quality
RA44856A56B860,LF3A1D2B03232,P010,2025-04-26 16:30:36 UTC,1,81.15,delivered,accepted,2025-04-26 16:34:04 UTC,
RA320431BB92B3,LB1D22DB1D523,P003,2025-06-03 09:00:45 UTC,1,62.25,delivered,accepted,2025-06-03 09:02:53 UTC,
RA61B3C7FBEE29,LBFF574231B77,P009,2025-02-23 13:08:47 UTC,1,50.14,delivered,no_response,2025-02-23 13:12:15 UTC,state_not_covered
RAF67116CEB0CA,LDF82978D7EF3,P010,2025-01-08 11:43:50 UTC,1,81.01,delivered,accepted,2025-01-08 11:45:13 UTC,
RA6E5D36E749A7,L905E096A2331,P003,2025-01-30 20:41:48 UTC,1,61.63,delivered,accepted,2025-01-30 20:43:33 UTC,
RAF39F9E0FB11F,L96525BCD7CDC,P006,2025-01-19 16:05:40 UTC,1,114.75,delivered,accepted,2025-01-19 16:07:00 UTC,
RAD81369C011FD,LDF8F37A48EEB,P003,2025-04-15 18:28:01 UTC,1,70.11,delivered,capacity_exceeded,2025-04-15 18:28:26 UTC,quality
RA8D974BEBB65B,L7630906901AE,P002,2025-05-12 22:32:51 UTC,1,74.46,delivered,capacity_exceeded,2025-05-12 22:33:57 UTC,price_too_low
RA108F6F4F2D58,L544A15EC0A5C,P001,2025-04-07 17:46:20 UTC,1,66.96,delivered,accepted,2025-04-07 17:46:46 UTC,
RA4499B4048E38,LD9197F2CE01D,P010,2025-02-06 12:52:37 UTC,1,66.43,delivered,capacity_exceeded,2025-02-06 12:56:30 UTC,capacity
RAC4423CD9E7B8,LD9197F2CE01D,P008,2025-02-06 12:52:01 UTC,2,75.14,delivered,no_response,2025-02-06 12:56:39 UTC,quality
RA459EA01C9DF8,L70388DCD2F92,P010,2025-04-14 21:58:50 UTC,1,77.43,delivered,rejected,2025-04-14 22:03:34 UTC,price_too_low
RA8A441FFB7C50,L5EE4572C2854,P002,2025-02-19 14:15:26 UTC,1,78.91,delivered,accepted,2025-02-19 14:16:24 UTC,
RAC877917104C4,L00D53D67BD28,P005,2025-05-17 22:06:28 UTC,1,93.59,delivered,accepted,2025-05-17 22:08:42 UTC,
RACB7169F7E7E5,LBE8691257578,P009,2025-06-06 10:15:16 UTC,1,59.45,delivered,capacity_exceeded,2025-06-06 10:19:39 UTC,state_not_covered
RAA23F15111D72,L149B9D6ADB78,P005,2025-04-05 21:22:48 UTC,1,120.14,delivered,accepted,2025-04-05 21:25:26 UTC,
RAABC52A36A3FC,L3176D0047EFF,P009,2025-02-14 07:43:41 UTC,1,65.58,delivered,rejected,2025-02-14 07:45:36 UTC,price_too_low
RA4EE0D6FD00B0,LD4F2F5293C8A,P006,2025-01-05 17:55:32 UTC,1,112.94,delivered,capacity_exceeded,2025-01-05 17:57:50 UTC,capacity
RAE19C69046383,LD4F2F5293C8A,P007,2025-01-05 17:55:14 UTC,2,141.26,delivered,accepted,2025-01-05 17:57:47 UTC,
RA9F0C26E4E961,L5FDE92709249,P010,2025-02-22 19:19:55 UTC,1,80.8,delivered,no_response,2025-02-22 19:23:47 UTC,capacity
RA7F79249C1396,L5FDE92709249,P003,2025-02-22 19:20:06 UTC,2,64.48,delivered,accepted,2025-02-22 19:24:38 UTC,
RAEC65FFFEAA9D,L741270808503,P002,2025-01-15 11:41:09 UTC,1,75.58,delivered,accepted,2025-01-15 11:43:12 UTC,
RAD2072AD238D9,LE331CD27B36A,P002,2025-06-30 16:41:05 UTC,1,86.08,delivered,accepted,2025-06-30 16:41:30 UTC,
RA4CD33128CD98,LB5AC95FE2D5D,P010,2025-05-10 12:50:00 UTC,1,77.76,delivered,accepted,2025-05-10 12:50:59 UTC,
RA727113D8CF1C,L1F9D7AB0D6B2,P010,2025-03-31 18:50:52 UTC,1,66.35,delivered,accepted,2025-03-31 18:54:12 UTC,
RABF81E5F4EB84,LFA93812CEFE9,P002,2025-06-27 16:54:53 UTC,1,67.1,delivered,accepted,2025-06-27 16:59:43 UTC,
RAC0EA775C490B,LAB28CA99FE1A,P004,2025-03-06 19:43:42 UTC,1,83.27,delivered,no_response,2025-03-06 19:46:15 UTC,capacity
RA785941BEB918,LD8D55DBF5C54,P009,2025-01-28 16:52:57 UTC,1,51.36,delivered,no_response,2025-01-28 16:55:49 UTC,price_too_low
RA6260C6D61460,LD8D55DBF5C54,P010,2025-01-28 16:53:36 UTC,2,73.59,delivered,accepted,2025-01-28 16:58:22 UTC,
RAF72395007AF8,L58635B4EA7C9,P001,2025-05-26 11:14:35 UTC,1,74.07,delivered,no_response,2025-05-26 11:14:54 UTC,state_not_covered
RAD8837DE46C96,L8DF48C8791B1,P008,2025-02-06 14:29:08 UTC,1,84.75,delivered,accepted,2025-02-06 14:30:21 UTC,
RA2590B820D432,L809CBA965813,P010,2025-06-02 16:59:37 UTC,1,70.42,delivered,capacity_exceeded,2025-06-02 17:03:02 UTC,quality
RA1F05C1B3E0AF,L59D74C229102,P003,2025-03-27 22:51:18 UTC,1,59.67,delivered,capacity_exceeded,2025-03-27 22:55:42 UTC,quality
RA49AF37EF46E1,L59D74C229102,P010,2025-03-27 22:51:23 UTC,2,66.09,delivered,no_response,2025-03-27 22:53:34 UTC,quality
RA245A89ADDF1F,LD49CE622624D,P003,2025-06-26 22:03:05 UTC,1,68.75,delivered,accepted,2025-06-26 22:07:52 UTC,
RA918EF3759E14,L3F065A73720D,P005,2025-05-06 19:03:21 UTC,1,103.17,delivered,accepted,2025-05-06 19:07:01 UTC,
RAB1F729BE7012,L255BB94C284E,P005,2025-03-18 08:45:11 UTC,1,99.22,delivered,accepted,2025-03-18 08:47:54 UTC,
RA0B175A2023C5,L3C6A9D97A602,P010,2025-01-29 15:58:16 UTC,1,61.37,delivered,accepted,2025-01-29 16:02:26 UTC,
RADAE614FFBD05,LEEF57444DC3F,P009,2025-06-25 14:01:20 UTC,1,52.77,delivered,capacity_exceeded,2025-06-25 14:04:38 UTC,state_not_covered
RAF509B3649D86,L28971344B9F7,P001,2025-02-19 13:30:20 UTC,1,60.81,delivered,accepted,2025-02-19 13:34:22 UTC,
RACB6D12594DD2,LD7B2186E268A,P005,2025-04-08 13:34:36 UTC,1,94.29,delivered,rejected,2025-04-08 13:35:28 UTC,price_too_low
RAA9CD6C9192F0,LD033AD7A10D8,P003,2025-05-14 11:17:52 UTC,1,66.17,delivered,accepted,2025-05-14 11:18:20 UTC,
RA1B24F44CA938,LC2A246145F96,P010,2025-02-21 13:56:32 UTC,1,69.86,delivered,rejected,2025-02-21 13:59:17 UTC,quality
RA5A09CBF3302C,L26B83F255294,P003,2025-05-21 13:31:46 UTC,1,70.86,delivered,capacity_exceeded,2025-05-21 13:35:26 UTC,quality
RAAD8558391FF8,L90587C4CE2B1,P002,2025-01-22 20:49:08 UTC,1,82.71,delivered,rejected,2025-01-22 20:51:32 UTC,state_not_covered
RA05E2B8FD2C58,L51E2BA11FA7D,P010,2025-06-22 20:48:01 UTC,1,69.75,delivered,accepted,2025-06-22 20:48:17 UTC,
RA0542F61944B7,L6630A5919294,P010,2025-01-26 10:45:23 UTC,1,77.48,delivered,accepted,2025-01-26 10:46:07 UTC,
RAE0B54C33E6E5,L9D3537F0C5D2,P009,2025-05-15 13:55:00 UTC,1,54.36,delivered,accepted,2025-05-15 13:56:01 UTC,
RA5BA5FAC875D1,L17F3BB697F6A,P009,2025-03-01 20:41:51 UTC,1,50.58,delivered,accepted,2025-03-01 20:44:22 UTC,
RAC0AFCF9F5F7D,L273FEBC356BC,P009,2025-04-16 11:31:40 UTC,1,63.07,delivered,accepted,2025-04-16 11:34:45 UTC,
RA3E4B8F7EF81A,LC1D819427845,P005,2025-02-17 20:52:20 UTC,1,89.71,delivered,capacity_exceeded,2025-02-17 20:56:04 UTC,price_too_low
RAD559AE7E747D,LEF63E20CDBF6,P005,2025-01-27 14:18:29 UTC,1,103.7,delivered,accepted,2025-01-27 14:22:36 UTC,
RA1FF5120555D4,L6910BB884FDB,P002,2025-01-29 17:20:50 UTC,1,67.45,delivered,rejected,2025-01-29 17:21:31 UTC,capacity
RAA5AE337E3722,L036A38BE58C2,P003,2025-06-23 09:54:02 UTC,1,66.3,delivered,capacity_exceeded,2025-06-23 09:57:59 UTC,capacity
RA39B61C45BFD1,L171D01E3572C,P003,2025-05-22 14:09:09 UTC,1,65.49,delivered,rejected,2025-05-22 14:12:08 UTC,price_too_low
RA4294F1AF4E6E,L171D01E3572C,P002,2025-05-22 14:08:46 UTC,2,73.34,delivered,rejected,2025-05-22 14:09:10 UTC,capacity
RA5524C8C88C7D,LB87AB1A67F15,P002,2025-01-10 14:18:23 UTC,1,80.13,delivered,accepted,2025-01-10 14:18:56 UTC,
RA63ADAE6E753B,LFF42AD41CBCD,P002,2025-05-03 13:47:15 UTC,1,64.21,delivered,accepted,2025-05-03 13:52:00 UTC,
RA03A4BF4344A1,LA6B25432D069,P003,2025-02-19 16:27:41 UTC,1,68.18,delivered,no_response,2025-02-19 16:28:41 UTC,capacity
RA22CB16089DFE,L350DC95DEB70,P002,2025-03-28 17:40:25 UTC,1,65.8,delivered,capacity_exceeded,2025-03-28 17:42:00 UTC,quality
RAEAB571761CF4,L350DC95DEB70,P003,2025-03-28 17:40:49 UTC,2,66.95,delivered,accepted,2025-03-28 17:42:44 UTC,
RAF5000E69B8C4,L054F2A2BB373,P002,2025-06-17 16:33:08 UTC,1,71.59,delivered,accepted,2025-06-17 16:35:08 UTC,
RAA1EAEB4DA6A4,L8BB2EE594372,P007,2025-03-27 12:19:56 UTC,1,132.76,delivered,no_response,2025-03-27 12:22:37 UTC,quality
RA2E46CE0BB763,L46BD19E5083E,P003,2025-01-25 19:33:37 UTC,1,59.36,delivered,accepted,2025-01-25 19:34:09 UTC,
RA3FC9F62F6186,LD5184EA0DFF2,P002,2025-04-04 10:47:06 UTC,1,80.54,delivered,accepted,2025-04-04 10:47:51 UTC,
RA0215E8473B4E,L7D9B329570A9,P009,2025-01-10 13:47:40 UTC,1,66.29,delivered,accepted,2025-01-10 13:49:25 UTC,
RAF78BB41DFE63,LE266E2B8B5F2,P010,2025-01-05 17:46:43 UTC,1,79.55,delivered,capacity_exceeded,2025-01-05 17:51:27 UTC,price_too_low
RAA60E99CA69FD,L120AF564E818,P005,2025-05-01 09:08:58 UTC,1,108.08,delivered,rejected,2025-05-01 09:13:33 UTC,state_not_covered
RABD5862354906,LA808DDFB2705,P009,2025-01-02 23:03:01 UTC,1,58.46,delivered,accepted,2025-01-02 23:07:20 UTC,
RA193A4117F7BA,L63E44D863FBB,P003,2025-06-15 15:27:19 UTC,1,65.3,delivered,accepted,2025-06-15 15:28:50 UTC,
RACA3EB366F5EB,L0347AB518921,P003,2025-01-15 07:42:55 UTC,1,72.54,delivered,rejected,2025-01-15 07:47:00 UTC,quality
RAC1E3D6D88D16,L0636CDF879B5,P010,2025-06-15 20:34:08 UTC,1,72.34,delivered,capacity_exceeded,2025-06-15 20:37:21 UTC,state_not_covered
RA0BC8D4B03807,L8001EEB16679,P009,2025-04-18 19:23:49 UTC,1,65.1,delivered,rejected,2025-04-18 19:25:44 UTC,state_not_covered
RA3E4F0993049C,L8001EEB16679,P003,2025-04-18 19:23:57 UTC,2,76.94,delivered,rejected,2025-04-18 19:24:39 UTC,quality
RA770D0D6E8580,L8001EEB16679,P001,2025-04-18 19:24:43 UTC,3,71.9,delivered,capacity_exceeded,2025-04-18 19:26:09 UTC,quality
RAA87AFDC90652,L9606D42D7CAA,P009,2025-01-08 09:54:14 UTC,1,56.57,delivered,rejected,2025-01-08 09:59:03 UTC,state_not_covered
RA3F68D97BBF00,L498B2CBEDC7D,P009,2025-04-01 13:08:33 UTC,1,63.46,delivered,no_response,2025-04-01 13:10:37 UTC,quality
RAA1F2BDE253B8,L498B2CBEDC7D,P001,2025-04-01 13:08:52 UTC,2,60.16,delivered,accepted,2025-04-01 13:13:37 UTC,
RA79CECE7DDC9C,LCD8C5AA4D5E4,P003,2025-01-05 09:39:34 UTC,1,62.87,delivered,accepted,2025-01-05 09:42:25 UTC,
RAEEEF1639AECE,LDB9C8650DA60,P002,2025-04-22 10:47:27 UTC,1,72.23,delivered,accepted,2025-04-22 10:51:49 UTC,
RA62A4D9266F11,L8DC151CA75C1,P003,2025-04-24 22:18:19 UTC,1,62.21,delivered,capacity_exceeded,2025-04-24 22:21:45 UTC,quality
RADA2F949C0FE2,L15592CFA7139,P010,2025-03-30 19:24:42 UTC,1,63.89,delivered,accepted,2025-03-30 19:27:16 UTC,
RA7C55FB9D35FB,L129D0B264F1F,P001,2025-06-04 12:39:43 UTC,1,59.27,delivered,accepted,2025-06-04 12:43:37 UTC,
RA21B1F1545B3F,L0A117B105860,P003,2025-01-21 13:18:09 UTC,1,65.55,delivered,capacity_exceeded,2025-01-21 13:18:30 UTC,quality
RA6ABF12447087,LC9DA7D603686,P005,2025-05-08 15:21:09 UTC,1,112.83,delivered,no_response,2025-05-08 15:23:45 UTC,capacity
RA55453E719E94,L0A964C08566B,P002,2025-05-29 18:35:37 UTC,1,79.32,delivered,accepted,2025-05-29 18:37:34 UTC,
RA5CA9A2CD142A,L9709833DB724,P010,2025-03-01 22:57:38 UTC,1,74.63,delivered,accepted,2025-03-01 22:59:27 UTC,
RA3A23C83EE96A,L349E5F52AA41,P003,2025-05-01 15:15:36 UTC,1,59.66,delivered,accepted,2025-05-01 15:16:25 UTC,
RA25D99B96638C,L147C1EE697F9,P010,2025-06-03 20:14:58 UTC,1,72.07,delivered,accepted,2025-06-03 20:17:04 UTC,
RAD657BAE4135E,LD5A2CB357513,P007,2025-04-20 19:14:28 UTC,1,127.72,delivered,accepted,2025-04-20 19:16:23 UTC,
RA8C646CA6F06D,L950E829FA4F6,P009,2025-05-30 17:04:37 UTC,1,56.35,delivered,rejected,2025-05-30 17:08:41 UTC,price_too_low
RA76E18E9DD237,LCB5CE370DCC2,P004,2025-05-12 17:26:41 UTC,1,85.37,delivered,accepted,2025-05-12 17:30:47 UTC,
RA799C209487B0,L94D878ABEAA7,P010,2025-06-19 07:23:35 UTC,1,81.26,delivered,no_response,2025-06-19 07:23:47 UTC,state_not_covered
RA5CA1C28299EC,L94D878ABEAA7,P003,2025-06-19 07:23:24 UTC,2,71.67,delivered,capacity_exceeded,2025-06-19 07:26:26 UTC,capacity
RA3A06C3D71EB2,L94D878ABEAA7,P002,2025-06-19 07:24:13 UTC,3,66.14,delivered,accepted,2025-06-19 07:25:37 UTC,
RA504B75CC1B5B,LFA60BD2E6442,P009,2025-02-11 07:25:35 UTC,1,61.57,delivered,accepted,2025-02-11 07:27:44 UTC,
RAE9ACFFEFA946,L04FCE0A7BD5C,P010,2025-01-25 14:18:22 UTC,1,76.46,delivered,rejected,2025-01-25 14:19:00 UTC,state_not_covered
RA0095B06DAFFE,LFA1E7CBB9807,P003,2025-03-15 11:36:05 UTC,1,68.86,delivered,no_response,2025-03-15 11:40:04 UTC,state_not_covered
RA408C2DE121FC,L28643874973F,P010,2025-01-16 22:02:12 UTC,1,68.37,delivered,accepted,2025-01-16 22:06:23 UTC,
RAFF95E9FBAA79,L9DDA1772282F,P001,2025-01-22 21:47:15 UTC,1,70.33,delivered,rejected,2025-01-22 21:48:02 UTC,capacity
RA43C547FA3A68,LB3D7148D8360,P003,2025-06-30 18:50:39 UTC,1,69.47,delivered,accepted,2025-06-30 18:51:09 UTC,
RA1EDBED794E75,LC89A00FF7A02,P008,2025-01-09 10:34:04 UTC,1,88.42,delivered,accepted,2025-01-09 10:37:35 UTC,
RAA408063A5B33,L05B3835E3F21,P007,2025-04-02 17:04:56 UTC,1,121.59,delivered,rejected,2025-04-02 17:08:31 UTC,capacity
RAF4CEA6CB9E12,L05B3835E3F21,P010,2025-04-02 17:04:59 UTC,2,66.01,delivered,accepted,2025-04-02 17:09:16 UTC,
RA37301F49B352,L271708C3B551,P002,2025-01-14 09:03:03 UTC,1,81.84,delivered,accepted,2025-01-14 09:07:15 UTC,
RA248D189B78C8,L538ACDD39451,P003,2025-05-29 07:29:08 UTC,1,61.13,delivered,accepted,2025-05-29 07:30:39 UTC,
RA68E3CF24B39C,L76A009020634,P009,2025-04-01 10:50:02 UTC,1,62.57,delivered,no_response,2025-04-01 10:52:30 UTC,quality
RA60B73A5C4E82,L180ACB4A77AC,P005,2025-02-22 17:33:44 UTC,1,112.08,delivered,accepted,2025-02-22 17:37:55 UTC,
RADF70CCC6EB6A,L87BFD5928633,P009,2025-03-12 11:08:09 UTC,1,58.02,delivered,capacity_exceeded,2025-03-12 11:09:42 UTC,price_too_low
RA30F90ECAD5D1,L07FE9AEF20D7,P010,2025-05-04 12:47:52 UTC,1,66.03,delivered,accepted,2025-05-04 12:50:38 UTC,
RA8CD05A766B54,LD6820E350103,P010,2025-02-11 10:21:07 UTC,1,75.0,delivered,accepted,2025-02-11 10:22:52 UTC,
RA97739163C1A1,L202A2F294BB8,P004,2025-02-05 19:37:06 UTC,1,91.4,delivered,accepted,2025-02-05 19:41:13 UTC,
RAEAB64DA33FC7,L3CC61AECE171,P009,2025-05-24 08:02:13 UTC,1,52.41,delivered,rejected,2025-05-24 08:04:14 UTC,quality
RAFE0C7695A5D1,L3CC61AECE171,P002,2025-05-24 08:02:53 UTC,2,84.23,delivered,accepted,2025-05-24 08:07:16 UTC,
RAC68753354760,L3E753DE4ABE2,P009,2025-01-22 18:59:40 UTC,1,66.66,delivered,accepted,2025-01-22 19:04:03 UTC,
RA0B267A7291CB,L12F294F559CD,P005,2025-01-09 23:05:05 UTC,1,110.44,delivered,accepted,2025-01-09 23:06:56 UTC,
RA366BFD3A2A79,L0AC9EDC5EDDA,P005,2025-02-02 09:36:45 UTC,1,99.63,delivered,accepted,2025-02-02 09:37:24 UTC,
RA10F2EC35D46D,L39A8CAC2B1DD,P002,2025-04-11 15:50:27 UTC,1,74.47,delivered,no_response,2025-04-11 15:54:04 UTC,quality
RA594BD2309565,L39A8CAC2B1DD,P010,2025-04-11 15:50:26 UTC,2,81.53,delivered,no_response,2025-04-11 15:54:31 UTC,capacity
RADAC9BE15BB59,L39A8CAC2B1DD,P003,2025-04-11 15:50:28 UTC,3,70.04,delivered,accepted,2025-04-11 15:54:18 UTC,
RAA319B56D8AB4,L12022392B908,P002,2025-01-19 11:26:58 UTC,1,76.48,delivered,accepted,2025-01-19 11:31:29 UTC,
RA1B3008FB64B6,LA062DAA874DB,P003,2025-02-16 18:27:03 UTC,1,64.63,delivered,accepted,2025-02-16 18:29:20 UTC,
RA8BF330979049,L4B49A92E1829,P003,2025-01-22 13:25:03 UTC,1,60.73,delivered,accepted,2025-01-22 13:28:42 UTC,
RAEE10AEFD9A77,L87E03CC5780E,P002,2025-06-23 18:50:26 UTC,1,73.39,delivered,accepted,2025-06-23 18:55:14 UTC,
RA04E9E0A61453,LB9953F922E10,P010,2025-06-16 10:51:15 UTC,1,72.36,delivered,accepted,2025-06-16 10:53:40 UTC,
RA26D0849AA702,L01775C802D68,P005,2025-04-20 12:42:33 UTC,1,113.98,delivered,accepted,2025-04-20 12:44:58 UTC,
RAD707861A03BC,L7F9AD8BD0F44,P010,2025-01-07 13:32:55 UTC,1,64.83,delivered,rejected,2025-01-07 13:34:18 UTC,price_too_low
RAC3247041A178,L7F9AD8BD0F44,P001,2025-01-07 13:32:25 UTC,2,70.62,delivered,accepted,2025-01-07 13:36:08 UTC,
RA141336500CB0,L15613A714336,P002,2025-01-29 16:11:36 UTC,1,66.41,delivered,accepted,2025-01-29 16:13:37 UTC,
RAF0312F236A4F,L68C6D5F9C5DE,P003,2025-01-10 11:26:15 UTC,1,64.84,delivered,accepted,2025-01-10 11:30:09 UTC,
RA1F998647D462,L3CE7366FAB30,P007,2025-05-03 20:58:10 UTC,1,118.5,delivered,accepted,2025-05-03 21:02:10 UTC,
RA286804E41B93,LFCFCF8451740,P002,2025-04-23 19:17:10 UTC,1,84.65,delivered,accepted,2025-04-23 19:20:08 UTC,
RA56891CDA17EC,L3750684DA48D,P009,2025-06-18 19:39:33 UTC,1,51.18,delivered,accepted,2025-06-18 19:40:21 UTC,
RAE5F574B3FE11,LB55FEE7D2913,P010,2025-04-30 09:34:37 UTC,1,72.13,delivered,accepted,2025-04-30 09:35:59 UTC,
RAE93F39FEB00E,LD51FE67A89F6,P010,2025-06-08 21:42:27 UTC,1,71.65,delivered,accepted,2025-06-08 21:44:24 UTC,
RA6EF36E9184D6,LD23669766794,P003,2025-02-13 17:03:03 UTC,1,68.15,delivered,capacity_exceeded,2025-02-13 17:05:51 UTC,capacity
RAEE3D79176AE3,LD23669766794,P010,2025-02-13 17:02:37 UTC,2,65.85,delivered,rejected,2025-02-13 17:03:38 UTC,price_too_low
RA5C52AA75C61C,L680B5D3E4A3D,P010,2025-02-03 10:46:04 UTC,1,61.67,delivered,accepted,2025-02-03 10:49:18 UTC,
RA8367873F63A6,L06AD3219F610,P010,2025-06-29 13:27:54 UTC,1,70.83,delivered,accepted,2025-06-29 13:29:35 UTC,
RA35C431CE0EEE,L2895723B98FC,P010,2025-04-19 14:31:29 UTC,1,75.82,delivered,no_response,2025-04-19 14:31:42 UTC,price_too_low
RAA19137BDC3F2,L2895723B98FC,P006,2025-04-19 14:30:58 UTC,2,109.93,delivered,accepted,2025-04-19 14:33:04 UTC,
RAEA0BE05EC70D,LA9CEDC3829C6,P010,2025-05-10 08:46:00 UTC,1,78.88,delivered,accepted,2025-05-10 08:48:24 UTC,
RAE19B1BE15E6A,LF912EAD44B20,P002,2025-02-26 19:25:59 UTC,1,81.61,delivered,accepted,2025-02-26 19:28:05 UTC,
RAC64EE192E51C,L237329D0BC36,P010,2025-03-06 21:15:17 UTC,1,63.85,delivered,accepted,2025-03-06 21:18:04 UTC,
RA2D8EF7E38860,LBFCE58F904FE,P009,2025-04-17 12:33:29 UTC,1,51.93,delivered,no_response,2025-04-17 12:34:06 UTC,quality
RA56EE022C6CF0,LDFE905AA9E0E,P001,2025-03-26 08:17:16 UTC,1,64.14,delivered,accepted,2025-03-26 08:20:24 UTC,
RA9054DDF4B3B7,L0C671C8A7995,P002,2025-06-06 16:39:40 UTC,1,75.55,delivered,accepted,2025-06-06 16:40:23 UTC,
RAF9BC28576C7C,L2F53DDC65027,P010,2025-04-02 18:52:06 UTC,1,75.0,delivered,accepted,2025-04-02 18:56:56 UTC,
RAAA2BC9836877,LE7B4D039B965,P009,2025-05-21 14:52:38 UTC,1,59.49,delivered,accepted,2025-05-21 14:57:01 UTC,
RA1E2A3FE61CC8,L68C2ED973872,P010,2025-03-01 13:19:00 UTC,1,71.19,delivered,capacity_exceeded,2025-03-01 13:23:33 UTC,capacity
RAA5F554E005F6,L68C2ED973872,P002,2025-03-01 13:18:40 UTC,2,66.03,delivered,accepted,2025-03-01 13:21:24 UTC,
RAFD63154502FB,LF0795119A82C,P009,2025-04-21 08:18:15 UTC,1,57.61,delivered,accepted,2025-04-21 08:21:55 UTC,
RAD88F01DFEB90,L643592DFBC96,P001,2025-02-06 18:05:05 UTC,1,59.98,delivered,accepted,2025-02-06 18:06:19 UTC,
RA811A30ED9AB8,LFC2A5858400C,P010,2025-02-26 12:11:14 UTC,1,78.39,delivered,accepted,2025-02-26 12:13:16 UTC,
RA432D6A10CC92,LAA34A5ACF9BD,P005,2025-03-29 15:34:40 UTC,1,101.39,delivered,accepted,2025-03-29 15:35:37 UTC,
RACA24C9160D26,L91D552DA70E7,P010,2025-05-06 20:27:32 UTC,1,61.96,delivered,capacity_exceeded,2025-05-06 20:29:59 UTC,quality
RAC531AEEFB039,L91D552DA70E7,P002,2025-05-06 20:28:02 UTC,2,73.47,delivered,accepted,2025-05-06 20:32:00 UTC,
RAEED0E6402D4B,L761816269140,P010,2025-05-07 16:07:31 UTC,1,70.52,delivered,accepted,2025-05-07 16:09:44 UTC,
RAD18D79E505CC,L8ABE2125EC84,P010,2025-03-10 17:17:45 UTC,1,64.68,delivered,accepted,2025-03-10 17:21:04 UTC,
RA18EA2C3AB24F,LDE7E9783FCDA,P010,2025-01-24 10:35:57 UTC,1,68.71,delivered,accepted,2025-01-24 10:40:43 UTC,
RA7606AB4B09DA,LEF91B84467AD,P009,2025-04-27 11:04:42 UTC,1,66.61,delivered,accepted,2025-04-27 11:05:01 UTC,
RA92DCFDC51DEB,LE10824F94F89,P010,2025-03-21 14:33:50 UTC,1,68.54,delivered,accepted,2025-03-21 14:36:45 UTC,
RA4AC66A834EF9,L3AF55596792A,P003,2025-03-31 23:00:23 UTC,1,59.66,delivered,no_response,2025-03-31 23:02:52 UTC,price_too_low
RAE2D3507F46B9,L605047C60CE6,P003,2025-06-29 12:11:53 UTC,1,64.99,delivered,accepted,2025-06-29 12:14:01 UTC,
RA24CAFF166DAB,L35C4354F7BD0,P010,2025-05-06 12:39:22 UTC,1,78.12,delivered,rejected,2025-05-06 12:40:40 UTC,price_too_low
RA7CBD0C980EFE,L1E39FD12D479,P009,2025-03-19 11:01:01 UTC,1,52.31,delivered,no_response,2025-03-19 11:04:00 UTC,quality
RAB2E8549AD263,LA63EF3EEFB03,P010,2025-01-22 18:56:15 UTC,1,62.41,delivered,no_response,2025-01-22 18:58:22 UTC,capacity
RAB9AB1802E8FD,L5F7A043995A3,P010,2025-01-15 20:58:56 UTC,1,74.53,delivered,accepted,2025-01-15 21:02:43 UTC,
RAB629ECAC0915,L14B5AEC0D55D,P002,2025-06-13 14:30:51 UTC,1,68.85,delivered,accepted,2025-06-13 14:34:33 UTC,
RA8AEF0EF8429D,L7CBB6976DC07,P007,2025-01-21 08:15:18 UTC,1,123.27,delivered,accepted,2025-01-21 08:18:08 UTC,
RAF2DFB59440ED,LCD286F725211,P010,2025-04-24 17:39:32 UTC,1,63.73,delivered,accepted,2025-04-24 17:43:17 UTC,
RAE2FDAE94AB43,L6953502FDBA6,P010,2025-03-14 12:58:42 UTC,1,64.12,delivered,accepted,2025-03-14 13:01:44 UTC,
RA9CDB45A9243B,L1EAD8BF23E92,P010,2025-02-03 08:23:25 UTC,1,81.37,delivered,capacity_exceeded,2025-02-03 08:25:40 UTC,state_not_covered
RA760B6552B927,L2E8CCC9F2434,P001,2025-04-30 20:10:11 UTC,1,69.23,delivered,rejected,2025-04-30 20:13:33 UTC,state_not_covered
RAA31072F1C668,L2E8CCC9F2434,P009,2025-04-30 20:09:47 UTC,2,57.88,delivered,accepted,2025-04-30 20:11:19 UTC,
RA5C173C1AB50C,L8A5824FECBB1,P002,2025-05-18 08:50:22 UTC,1,81.49,delivered,accepted,2025-05-18 08:52:36 UTC,
RABA8B26E046C7,LF9AF47C7590D,P010,2025-02-02 12:59:44 UTC,1,64.5,delivered,accepted,2025-02-02 13:02:09 UTC,
RA3911C37C4254,LDD22A913B344,P002,2025-03-12 11:10:14 UTC,1,78.96,delivered,accepted,2025-03-12 11:10:25 UTC,
RAABDB507363B6,L60BC7538CB76,P008,2025-04-11 22:45:35 UTC,1,87.22,delivered,accepted,2025-04-11 22:48:06 UTC,
RAD10548D60EEB,LB65EB4B8C131,P003,2025-06-02 13:06:01 UTC,1,76.67,delivered,accepted,2025-06-02 13:08:08 UTC,
RAA089020CF415,LCB97965D9DC3,P010,2025-01-01 20:12:13 UTC,1,74.53,delivered,accepted,2025-01-01 20:17:01 UTC,
RA67396E3F9F81,L0012FCFBDE03,P002,2025-06-23 07:21:37 UTC,1,66.84,delivered,rejected,2025-06-23 07:24:34 UTC,price_too_low
RAED036541BA24,LB7398929C1B5,P003,2025-02-05 17:53:39 UTC,1,67.21,delivered,accepted,2025-02-05 17:56:16 UTC,
RA10220F28E287,L390CFF87E375,P010,2025-01-04 16:40:44 UTC,1,79.0,delivered,accepted,2025-01-04 16:42:49 UTC,
RAB4E1B7AB85EF,LCE2ADBB1B402,P001,2025-06-16 12:09:10 UTC,1,72.34,delivered,accepted,2025-06-16 12:10:06 UTC,
RAFD86C31954FE,LE61856239AD0,P001,2025-01-30 22:24:03 UTC,1,73.33,delivered,accepted,2025-01-30 22:25:49 UTC,
RA59A5BBCC5EE0,L505E2BC3DE7B,P001,2025-05-27 17:00:26 UTC,1,64.15,delivered,accepted,2025-05-27 17:01:51 UTC,
RA37519E299DE2,L2FEF11A48773,P002,2025-04-10 21:45:21 UTC,1,69.56,delivered,capacity_exceeded,2025-04-10 21:48:55 UTC,capacity
RADA40F3AD2B9B,L2FEF11A48773,P010,2025-04-10 21:45:22 UTC,2,74.74,delivered,capacity_exceeded,2025-04-10 21:45:37 UTC,quality
RA092987F7882D,LE2A2D5D945C2,P002,2025-03-01 13:01:37 UTC,1,65.36,delivered,accepted,2025-03-01 13:02:14 UTC,
RA2D0F7D7F59F5,L1B49BA2CD226,P006,2025-02-11 21:59:30 UTC,1,132.16,delivered,rejected,2025-02-11 22:03:57 UTC,capacity
RA3AD8001C596F,LAADC12BFF95F,P007,2025-05-21 14:01:24 UTC,1,144.28,delivered,accepted,2025-05-21 14:04:12 UTC,
RA1698D9C444BD,L5DFAB8D46DC4,P003,2025-06-01 16:16:59 UTC,1,74.08,delivered,rejected,2025-06-01 16:19:08 UTC,capacity
RA9BBB11F7D092,L5DFAB8D46DC4,P009,2025-06-01 16:17:22 UTC,2,63.8,delivered,accepted,2025-06-01 16:19:39 UTC,
RA4C2BEFD842BB,L8877CEA8F108,P004,2025-04-05 19:00:50 UTC,1,103.18,delivered,accepted,2025-04-05 19:05:27 UTC,
RA6AFB30BE219A,LCE82C14C1490,P009,2025-01-14 13:51:58 UTC,1,51.82,delivered,accepted,2025-01-14 13:54:29 UTC,
RAA75135612DFC,LD26D20B92F81,P010,2025-02-27 18:13:22 UTC,1,78.48,delivered,accepted,2025-02-27 18:15:31 UTC,
RA9FB34A65C64B,LBAC4F5174C94,P005,2025-03-23 08:12:46 UTC,1,103.27,delivered,accepted,2025-03-23 08:13:23 UTC,
RA7A6353D0583F,L60DD1413FC3D,P010,2025-01-09 11:37:23 UTC,1,68.49,delivered,accepted,2025-01-09 11:40:57 UTC,
RA0CF10C5C36B2,L1FC0DBAC81DB,P002,2025-05-02 10:56:50 UTC,1,77.18,delivered,accepted,2025-05-02 11:00:40 UTC,
RA1FC013A91535,L086C7A2FE988,P002,2025-05-01 12:13:40 UTC,1,77.22,delivered,accepted,2025-05-01 12:15:23 UTC,
RA8E06D7993A38,LB98EDC112CDE,P004,2025-04-12 07:40:37 UTC,1,90.06,delivered,accepted,2025-04-12 07:45:32 UTC,
RA1B3058656B8A,LAC3FC04E8A03,P010,2025-03-21 20:38:11 UTC,1,68.45,delivered,accepted,2025-03-21 20:38:43 UTC,
RA20890B50C35E,L9ECF62AD497B,P003,2025-01-28 19:39:45 UTC,1,72.13,delivered,accepted,2025-01-28 19:42:09 UTC,
RAC1DB6C128D3B,L39092557BEFC,P001,2025-06-07 10:01:28 UTC,1,69.54,delivered,accepted,2025-06-07 10:04:06 UTC,
RAAE8FB29D6330,L41958A35EB18,P010,2025-02-19 08:05:25 UTC,1,82.76,delivered,accepted,2025-02-19 08:07:34 UTC,
RAB306D800018E,LC58F7D3F58BC,P004,2025-01-25 19:57:59 UTC,1,90.6,delivered,accepted,2025-01-25 20:01:46 UTC,
RA00061BFFED79,LEC988F438C1C,P003,2025-05-05 11:03:20 UTC,1,74.5,delivered,accepted,2025-05-05 11:06:51 UTC,
RA6DD7DF7780D0,L94EFEEDA16DB,P010,2025-05-29 19:51:33 UTC,1,70.38,delivered,capacity_exceeded,2025-05-29 19:53:47 UTC,state_not_covered
RA71DB249376A1,L7ABE2836875D,P006,2025-06-27 22:11:51 UTC,1,134.51,delivered,accepted,2025-06-27 22:14:44 UTC,
RA4D6AEC510032,L586E21C2CB36,P010,2025-01-25 09:15:59 UTC,1,62.62,delivered,accepted,2025-01-25 09:16:28 UTC,
RAAD902114D662,LFE337DB49718,P002,2025-03-25 07:36:28 UTC,1,83.99,delivered,rejected,2025-03-25 07:40:15 UTC,capacity
RA84B84A8CEE15,LDDD0A0D4D8BF,P010,2025-04-23 17:47:32 UTC,1,77.39,delivered,capacity_exceeded,2025-04-23 17:51:14 UTC,price_too_low
RA2BABF3A8CE5F,LDDD0A0D4D8BF,P002,2025-04-23 17:47:07 UTC,2,81.89,delivered,accepted,2025-04-23 17:48:21 UTC,
RA6771C5F047CA,L2A288CC0E808,P006,2025-06-29 16:20:56 UTC,1,100.33,delivered,accepted,2025-06-29 16:21:48 UTC,
RA6ED07178DF75,L05EE85BFD2E5,P010,2025-06-29 13:13:17 UTC,1,79.25,delivered,accepted,2025-06-29 13:16:24 UTC,
RA2E8C3BBA87D1,L94A156F3DDB9,P010,2025-04-02 12:19:17 UTC,1,75.19,delivered,rejected,2025-04-02 12:20:04 UTC,quality
RA21D1FBB34ECB,L94A156F3DDB9,P003,2025-04-02 12:19:02 UTC,2,70.86,delivered,accepted,2025-04-02 12:21:00 UTC,
RA0503CAA85E1B,L5C7801682099,P002,2025-06-19 18:16:55 UTC,1,70.97,delivered,accepted,2025-06-19 18:19:22 UTC,
RAC455E60C4D43,LC6B9DEFA2A55,P002,2025-03-20 22:15:10 UTC,1,69.26,delivered,accepted,2025-03-20 22:15:42 UTC,
RA9E17851BDCB4,L394D0FD9CA13,P001,2025-03-20 17:22:56 UTC,1,55.6,delivered,no_response,2025-03-20 17:23:10 UTC,capacity
RA937C6780F4DB,L394D0FD9CA13,P002,2025-03-20 17:22:54 UTC,2,82.79,delivered,rejected,2025-03-20 17:26:42 UTC,quality
RAD402BDA1276A,L8B7C314AB959,P008,2025-03-27 21:40:29 UTC,1,82.29,delivered,accepted,2025-03-27 21:44:56 UTC,
RAF2F2B1F44011,L9FC7ACED5434,P010,2025-06-04 13:34:46 UTC,1,73.01,delivered,accepted,2025-06-04 13:37:50 UTC,
RA70804FD1968B,LDDE7B18EBBF0,P010,2025-06-22 15:32:16 UTC,1,78.0,delivered,accepted,2025-06-22 15:37:04 UTC,
RA041F59948D9C,L84EDAC40FC7C,P009,2025-03-22 09:53:17 UTC,1,61.11,delivered,accepted,2025-03-22 09:53:54 UTC,
RA23A8B54C014B,LAB5CB5B1DC3F,P006,2025-03-03 14:31:35 UTC,1,106.64,delivered,accepted,2025-03-03 14:32:09 UTC,
RA84977F6C6768,L845DB856B503,P005,2025-03-06 10:38:26 UTC,1,93.13,delivered,accepted,2025-03-06 10:43:11 UTC,
RAB53F0D61FC07,L2C0F5F1832A0,P004,2025-01-30 11:39:12 UTC,1,85.86,delivered,no_response,2025-01-30 11:42:45 UTC,quality
RA9B07C8AC675F,L4935DB73BD04,P010,2025-06-11 21:09:52 UTC,1,62.78,delivered,no_response,2025-06-11 21:10:34 UTC,price_too_low
RA7F8C0E350C55,L688F9710F9DB,P007,2025-02-10 09:58:54 UTC,1,144.36,delivered,capacity_exceeded,2025-02-10 09:59:23 UTC,quality
RAD4D83047F843,L688F9710F9DB,P006,2025-02-10 09:59:20 UTC,2,126.09,delivered,capacity_exceeded,2025-02-10 09:59:57 UTC,quality
RA65CB4E66EC12,L9FC7E0F33FB4,P003,2025-05-12 07:21:16 UTC,1,61.67,delivered,accepted,2025-05-12 07:21:29 UTC,
RAE69E691F9F3C,L4916C0CA22AE,P005,2025-05-15 20:02:55 UTC,1,116.26,delivered,accepted,2025-05-15 20:07:07 UTC,
RA6BDB8DA458E3,L3F2D57DB8D38,P008,2025-03-17 10:28:37 UTC,1,87.34,delivered,accepted,2025-03-17 10:29:34 UTC,
RA4DB003248304,LB0056A7F3C63,P002,2025-02-17 13:05:52 UTC,1,84.63,delivered,accepted,2025-02-17 13:08:20 UTC,
RA66FA38ADE6B4,L38A79BC3BD3B,P009,2025-04-27 15:50:02 UTC,1,59.12,delivered,rejected,2025-04-27 15:54:30 UTC,price_too_low
RA0F3CE588D889,L38A79BC3BD3B,P002,2025-04-27 15:50:06 UTC,2,71.82,delivered,accepted,2025-04-27 15:53:26 UTC,
RA33AF66CAA58B,L93EE3CC5CDA9,P010,2025-02-21 17:23:17 UTC,1,72.16,delivered,no_response,2025-02-21 17:23:48 UTC,quality
RA32F08EFC30F6,LC414A0AC29EE,P010,2025-06-21 22:11:20 UTC,1,71.16,delivered,capacity_exceeded,2025-06-21 22:14:53 UTC,capacity
RA1BFD04D8EB2A,LB91DBEE37C3B,P001,2025-02-26 12:24:58 UTC,1,73.1,delivered,accepted,2025-02-26 12:26:48 UTC,
RAAC1B25356CF2,LEC93065FC969,P002,2025-03-30 11:46:40 UTC,1,70.27,delivered,accepted,2025-03-30 11:48:57 UTC,
RA7CB8E975C68B,L632C28BCEBED,P002,2025-05-24 18:27:16 UTC,1,84.96,delivered,accepted,2025-05-24 18:27:49 UTC,
RA40D9CFEF0F09,L55B455F9D2FA,P010,2025-06-16 11:08:08 UTC,1,78.59,delivered,no_response,2025-06-16 11:09:03 UTC,state_not_covered
RA00C73D057F5F,L55B455F9D2FA,P002,2025-06-16 11:08:48 UTC,2,72.98,delivered,accepted,2025-06-16 11:11:22 UTC,
RA3CEC31EC1811,L8F7E6C1554DE,P001,2025-04-01 18:14:54 UTC,1,73.38,delivered,accepted,2025-04-01 18:19:35 UTC,
RA1A801E8A1337,L72CAD3F65DBB,P003,2025-01-23 21:34:32 UTC,1,72.0,delivered,rejected,2025-01-23 21:35:35 UTC,quality
RA6C1A34C4AA40,LF6388183BB07,P008,2025-05-31 23:16:17 UTC,1,72.03,delivered,accepted,2025-05-31 23:17:57 UTC,
RA06692D7AA20A,LFD7B3F0AD706,P010,2025-05-22 11:00:30 UTC,1,70.4,delivered,no_response,2025-05-22 11:01:43 UTC,price_too_low
RA0211F5ECFCFD,LFD7B3F0AD706,P003,2025-05-22 11:00:36 UTC,2,65.88,delivered,accepted,2025-05-22 11:04:06 UTC,
RABA9641AA4634,LB47D536E0588,P009,2025-02-03 21:11:01 UTC,1,66.42,delivered,capacity_exceeded,2025-02-03 21:12:10 UTC,capacity
RAADB8150BB7BA,LB90D03BFD0D1,P005,2025-03-10 22:42:25 UTC,1,109.09,delivered,rejected,2025-03-10 22:45:03 UTC,price_too_low
RAAA9AB3ED2759,LEA55D81C6625,P008,2025-06-02 20:20:05 UTC,1,68.58,delivered,accepted,2025-06-02 20:20:28 UTC,
RA4FAF08EF34D3,L526FAAA5E5A4,P003,2025-06-01 14:26:56 UTC,1,60.77,delivered,no_response,2025-06-01 14:28:23 UTC,capacity
RA03B12F647A44,L40C36ADDE1DA,P001,2025-02-02 12:45:45 UTC,1,62.2,delivered,accepted,2025-02-02 12:46:06 UTC,
RA455531E75AB3,L5F300D70FCDA,P010,2025-03-11 13:16:10 UTC,1,76.2,delivered,accepted,2025-03-11 13:18:36 UTC,
RA2C2CE21431E2,L264DF0D32684,P009,2025-01-13 08:15:16 UTC,1,60.59,delivered,accepted,2025-01-13 08:17:39 UTC,
RA192B05525C81,LAA864762C5C7,P010,2025-02-18 12:50:21 UTC,1,68.93,delivered,accepted,2025-02-18 12:55:08 UTC,
RA20D648CFDDEA,L7E1AAD118E74,P008,2025-04-11 20:01:13 UTC,1,66.32,delivered,accepted,2025-04-11 20:04:38 UTC,
RA711A9802D05A,LCD0433BC94BB,P009,2025-03-26 16:34:48 UTC,1,50.82,delivered,accepted,2025-03-26 16:37:39 UTC,
RAE03FFBFE457E,LDFEF46786176,P002,2025-05-26 08:22:56 UTC,1,66.28,delivered,no_response,2025-05-26 08:26:31 UTC,quality
RA04CBCE7C9DB3,LDFEF46786176,P003,2025-05-26 08:23:36 UTC,2,73.57,delivered,accepted,2025-05-26 08:25:13 UTC,
RA103080A69515,LEB16D555D1F7,P003,2025-01-23 20:49:47 UTC,1,73.35,delivered,capacity_exceeded,2025-01-23 20:53:58 UTC,state_not_covered
RA84DF787EE8ED,LEB16D555D1F7,P009,2025-01-23 20:49:47 UTC,2,52.65,delivered,accepted,2025-01-23 20:52:21 UTC,
RAF9C9571C9A7F,L4B7B4E77E6BF,P007,2025-02-11 11:03:40 UTC,1,117.62,delivered,no_response,2025-02-11 11:06:09 UTC,quality
RA542F06C97243,L4B7B4E77E6BF,P010,2025-02-11 11:03:23 UTC,2,74.49,delivered,accepted,2025-02-11 11:05:10 UTC,
RAE88F8CB6CC35,L6F07435B01B5,P002,2025-03-20 07:40:11 UTC,1,78.49,delivered,rejected,2025-03-20 07:43:20 UTC,state_not_covered
RADB2DA27E5509,LA91AB3D3CD0A,P003,2025-03-31 18:28:38 UTC,1,71.59,delivered,capacity_exceeded,2025-03-31 18:31:54 UTC,price_too_low
RA08EB4261A0D4,LA91AB3D3CD0A,P008,2025-03-31 18:27:59 UTC,2,85.38,delivered,accepted,2025-03-31 18:30:15 UTC,
RAC2EEFA3EB8DB,L6A43C83E811C,P009,2025-02-02 22:35:31 UTC,1,60.04,delivered,rejected,2025-02-02 22:37:01 UTC,quality
RAABD9EAEF56FA,LFCFE94F6725F,P002,2025-05-08 07:54:24 UTC,1,74.89,delivered,accepted,2025-05-08 07:55:44 UTC,
RA0D0940F3033F,LFFA3AA32956D,P003,2025-01-24 19:02:48 UTC,1,59.63,delivered,no_response,2025-01-24 19:06:04 UTC,capacity
RAC753BB872065,LFFA3AA32956D,P002,2025-01-24 19:03:09 UTC,2,71.54,delivered,rejected,2025-01-24 19:05:46 UTC,price_too_low
RA4ECBF04DE6D9,LFFA3AA32956D,P010,2025-01-24 19:03:05 UTC,3,71.42,delivered,capacity_exceeded,2025-01-24 19:05:37 UTC,quality
RA04C74E8F034C,LD21F7CB9A316,P010,2025-06-11 14:38:29 UTC,1,69.65,delivered,capacity_exceeded,2025-06-11 14:40:49 UTC,quality
RA63457E546866,L83D79D5A3825,P001,2025-04-09 17:30:03 UTC,1,59.19,delivered,accepted,2025-04-09 17:31:48 UTC,
RA25AC772FE65D,L0474528D8661,P003,2025-01-08 19:30:13 UTC,1,66.44,delivered,accepted,2025-01-08 19:33:04 UTC,
RAF26DC3794B8C,LD5D23295717E,P002,2025-02-07 12:23:03 UTC,1,64.66,delivered,accepted,2025-02-07 12:23:53 UTC,
RAC97837BE294D,LE07AF0EC32A2,P010,2025-06-20 19:06:45 UTC,1,64.98,delivered,accepted,2025-06-20 19:11:21 UTC,
RABBD22E27B666,L09C6E378DF63,P010,2025-03-31 19:07:45 UTC,1,74.88,delivered,rejected,2025-03-31 19:10:14 UTC,quality
RAEB5E925F1AEF,L09C6E378DF63,P001,2025-03-31 19:07:38 UTC,2,66.33,delivered,accepted,2025-03-31 19:11:33 UTC,
RA1A4D40F26FBB,L44A07F6963FE,P005,2025-01-10 13:48:55 UTC,1,103.67,delivered,accepted,2025-01-10 13:49:06 UTC,
RAB8E9287CB44C,LBAF1C6681C70,P009,2025-05-12 14:17:59 UTC,1,55.63,delivered,no_response,2025-05-12 14:20:30 UTC,quality
RA85017B693F3A,LB487AAB7B1F7,P004,2025-06-11 08:20:58 UTC,1,87.43,delivered,capacity_exceeded,2025-06-11 08:22:35 UTC,price_too_low
RA04ADF7AD4920,LB487AAB7B1F7,P005,2025-06-11 08:20:08 UTC,2,102.8,delivered,accepted,2025-06-11 08:22:14 UTC,
RA59F28876AD8A,LC9C8F1093D52,P010,2025-06-19 12:53:45 UTC,1,74.64,delivered,capacity_exceeded,2025-06-19 12:58:36 UTC,state_not_covered
RA0C0F00EF6112,L760630C2AFD6,P002,2025-01-23 16:08:26 UTC,1,71.5,delivered,capacity_exceeded,2025-01-23 16:12:53 UTC,quality
RABEEE4D007029,L760630C2AFD6,P003,2025-01-23 16:07:37 UTC,2,70.43,delivered,rejected,2025-01-23 16:09:34 UTC,capacity
RA645A36903256,L69534132E93F,P003,2025-06-08 20:00:23 UTC,1,68.02,delivered,accepted,2025-06-08 20:03:03 UTC,
RA5983D2C174E6,LBF19B680C806,P003,2025-04-19 10:05:34 UTC,1,66.53,delivered,accepted,2025-04-19 10:09:20 UTC,
RA1E2DCDD5C74D,L115A60909111,P002,2025-04-22 15:10:04 UTC,1,82.25,delivered,no_response,2025-04-22 15:14:27 UTC,quality
RAA29F378E5879,L115A60909111,P009,2025-04-22 15:09:47 UTC,2,60.1,delivered,accepted,2025-04-22 15:12:53 UTC,
RA98EB2D632AB3,LFD67CCAED9E8,P002,2025-02-24 19:40:51 UTC,1,71.85,delivered,accepted,2025-02-24 19:45:39 UTC,
RA06CC118A1A99,LAF122844D742,P010,2025-05-07 10:40:58 UTC,1,73.68,delivered,accepted,2025-05-07 10:43:56 UTC,
RA4E5AB1A8B3EB,L2CA988B17B6E,P002,2025-02-13 12:23:39 UTC,1,71.13,delivered,accepted,2025-02-13 12:28:01 UTC,
RA1B8C533EE055,L260E1523D72F,P005,2025-04-18 22:55:11 UTC,1,89.35,delivered,accepted,2025-04-18 22:56:32 UTC,
RACFD674710A8B,LA7CEE68AACAE,P010,2025-04-01 21:50:51 UTC,1,62.15,delivered,accepted,2025-04-01 21:55:10 UTC,
RAC51E9BB691B8,LAA58A64F148A,P003,2025-06-26 17:00:37 UTC,1,77.75,delivered,accepted,2025-06-26 17:05:26 UTC,
RA9AE35D732904,LC2C6F17A8189,P007,2025-03-30 15:35:40 UTC,1,126.21,delivered,accepted,2025-03-30 15:38:25 UTC,
RA25B4206B985C,L0A347166F6D2,P010,2025-03-30 08:38:21 UTC,1,81.64,delivered,accepted,2025-03-30 08:42:11 UTC,
RA6418A6DD6873,LE3AF17D97459,P009,2025-05-03 16:26:28 UTC,1,58.8,delivered,accepted,2025-05-03 16:29:39 UTC,
RA56B771A7C42F,LF2EE4FBDE233,P003,2025-01-21 08:42:24 UTC,1,75.56,delivered,accepted,2025-01-21 08:45:16 UTC,
RAA20F17A0CD39,LC86479C40DC8,P002,2025-03-07 14:21:53 UTC,1,70.9,delivered,accepted,2025-03-07 14:25:12 UTC,
RAA7469E1482AC,L5AAEAD54BC86,P010,2025-04-27 07:43:33 UTC,1,72.21,delivered,capacity_exceeded,2025-04-27 07:45:09 UTC,quality
RA3621F78837FA,L9A6C60D11286,P002,2025-01-31 22:53:01 UTC,1,85.49,delivered,accepted,2025-01-31 22:54:29 UTC,
RA8DCB8A5704ED,LC88C3FA14CA2,P008,2025-04-10 23:00:15 UTC,1,73.24,delivered,accepted,2025-04-10 23:02:00 UTC,
RA34D73A9221C4,LB9B9FA6D22C5,P010,2025-02-23 09:41:00 UTC,1,76.41,delivered,no_response,2025-02-23 09:43:21 UTC,state_not_covered
RA3B3872E570E1,L7B5244D2D553,P009,2025-04-22 16:09:35 UTC,1,54.65,delivered,capacity_exceeded,2025-04-22 16:10:58 UTC,state_not_covered
RA3FE94CB60366,L7B5244D2D553,P010,2025-04-22 16:10:19 UTC,2,71.07,delivered,accepted,2025-04-22 16:13:25 UTC,
RA1653E46C9181,L6357E3761DAB,P007,2025-04-06 12:42:26 UTC,1,143.16,delivered,capacity_exceeded,2025-04-06 12:43:53 UTC,quality
RA6786677EBCFE,L6A2C6428E4AA,P010,2025-03-01 11:58:36 UTC,1,66.28,delivered,accepted,2025-03-01 12:02:23 UTC,
RA48C0C11BDAE2,L44F0D04507B7,P002,2025-05-12 20:17:23 UTC,1,81.53,delivered,accepted,2025-05-12 20:18:37 UTC,
RAEEABFC4C1D30,LFAC02E7B5A0F,P010,2025-04-10 12:53:10 UTC,1,71.13,delivered,accepted,2025-04-10 12:53:38 UTC,
RACBC719CD0EF9,L89802CDE7637,P002,2025-03-22 13:43:45 UTC,1,84.97,delivered,no_response,2025-03-22 13:47:46 UTC,capacity
RA6AC69E6D6B6D,LE64646E5D001,P010,2025-05-26 15:08:13 UTC,1,70.36,delivered,capacity_exceeded,2025-05-26 15:11:04 UTC,state_not_covered
RA9F5DE89405C4,LE64646E5D001,P002,2025-05-26 15:07:36 UTC,2,77.05,delivered,accepted,2025-05-26 15:08:37 UTC,
RAC302463A2C68,LF9EE7149E551,P009,2025-04-25 23:10:53 UTC,1,53.19,delivered,capacity_exceeded,2025-04-25 23:13:04 UTC,quality
RA883B6121A5B4,LF9EE7149E551,P002,2025-04-25 23:11:00 UTC,2,76.18,delivered,accepted,2025-04-25 23:15:15 UTC,
RA2D158446B946,LCD91B8A2BC05,P010,2025-04-07 10:38:37 UTC,1,74.2,delivered,rejected,2025-04-07 10:41:18 UTC,state_not_covered
RA634353C9E1AF,LCD91B8A2BC05,P006,2025-04-07 10:38:40 UTC,2,120.8,delivered,no_response,2025-04-07 10:40:59 UTC,price_too_low
RA889E5C226456,L693DBC349A90,P009,2025-06-04 15:10:07 UTC,1,55.9,delivered,accepted,2025-06-04 15:12:25 UTC,
RA79127A6B9D38,LD5728CE7CACE,P001,2025-06-19 23:18:40 UTC,1,68.34,delivered,accepted,2025-06-19 23:18:55 UTC,
RA508C089315EE,LE803700060BB,P008,2025-04-01 15:06:46 UTC,1,76.11,delivered,accepted,2025-04-01 15:08:46 UTC,
RAAB48630EEC20,L4EB440A7F521,P001,2025-03-11 15:47:58 UTC,1,67.8,delivered,accepted,2025-03-11 15:49:35 UTC,
RAB4AED000A708,L80DA8382B531,P001,2025-06-24 07:55:17 UTC,1,68.83,delivered,accepted,2025-06-24 07:55:45 UTC,
RAC18C49A4A8BA,LEE0BA47EBAB1,P003,2025-02-14 11:50:38 UTC,1,67.09,delivered,accepted,2025-02-14 11:51:40 UTC,
RA7973A8F5D6D6,L3B270010051B,P009,2025-01-18 17:59:01 UTC,1,62.21,delivered,rejected,2025-01-18 17:59:25 UTC,capacity
RAB0657A203F3F,L3B270010051B,P002,2025-01-18 17:58:37 UTC,2,73.05,delivered,no_response,2025-01-18 18:01:39 UTC,quality
RA749E99E4151D,L82EB483895BE,P001,2025-05-25 13:34:08 UTC,1,60.41,delivered,accepted,2025-05-25 13:35:33 UTC,
RA0839DCB92BED,L5EAFBC8E02FC,P002,2025-03-30 12:43:36 UTC,1,66.04,delivered,accepted,2025-03-30 12:44:39 UTC,
RA5BC491DDD982,L2FDDE56D4832,P001,2025-01-01 22:48:27 UTC,1,61.0,delivered,accepted,2025-01-01 22:50:34 UTC,
RAC256E0E85CD4,LF5386E0F4D0B,P010,2025-06-30 19:18:51 UTC,1,75.34,delivered,accepted,2025-06-30 19:19:12 UTC,
RA201336058F62,L781EFE879291,P008,2025-01-05 09:01:19 UTC,1,89.05,delivered,accepted,2025-01-05 09:05:18 UTC,
RA395788CF3C25,LB4104A59D175,P001,2025-01-05 19:13:52 UTC,1,74.52,delivered,accepted,2025-01-05 19:16:50 UTC,
RA00AD5FD78590,L80FA21D360A2,P005,2025-01-23 21:01:31 UTC,1,114.81,delivered,accepted,2025-01-23 21:03:21 UTC,
RA50ADA1C4DA32,L3004B548338F,P002,2025-05-13 09:32:56 UTC,1,64.7,delivered,accepted,2025-05-13 09:34:18 UTC,
RA6F1DBD181D0B,L87C26D34B239,P009,2025-02-12 17:08:45 UTC,1,52.52,delivered,accepted,2025-02-12 17:11:04 UTC,
RAFB670796C2F0,LF50DB31CDC51,P010,2025-05-11 22:45:52 UTC,1,61.24,delivered,capacity_exceeded,2025-05-11 22:46:28 UTC,capacity
RAA41E2032E22D,LF50DB31CDC51,P003,2025-05-11 22:45:37 UTC,2,61.03,delivered,accepted,2025-05-11 22:49:40 UTC,
RA585FD008369E,L8EDD8D07559C,P009,2025-01-05 12:21:11 UTC,1,51.11,delivered,no_response,2025-01-05 12:25:51 UTC,state_not_covered
RA95A6C2199545,LA4B932545EE5,P002,2025-04-23 07:33:53 UTC,1,84.71,delivered,accepted,2025-04-23 07:36:41 UTC,
RA88AC6F09836D,L8E672A3BA282,P009,2025-06-01 20:04:47 UTC,1,66.32,delivered,accepted,2025-06-01 20:06:40 UTC,
RAC8C32149EE3D,LFC142D0762F9,P001,2025-01-02 07:29:03 UTC,1,69.72,delivered,accepted,2025-01-02 07:33:23 UTC,
RAE7339B0C2EBB,LF6B50E42A382,P007,2025-01-20 19:14:07 UTC,1,109.97,delivered,rejected,2025-01-20 19:15:39 UTC,capacity
RA94A3C1FBFA3D,L1C8D9AC0A173,P010,2025-02-20 17:25:37 UTC,1,74.78,delivered,capacity_exceeded,2025-02-20 17:29:35 UTC,quality
RAB7E8E511DE58,L1C8D9AC0A173,P007,2025-02-20 17:26:03 UTC,2,112.82,delivered,accepted,2025-02-20 17:26:18 UTC,
RA281578BAAD64,LCF5C70F40FEC,P002,2025-01-02 12:06:48 UTC,1,70.44,delivered,rejected,2025-01-02 12:10:48 UTC,capacity
RA9F73D41091FD,L2E75A00EF3A1,P010,2025-05-01 11:14:58 UTC,1,76.41,delivered,capacity_exceeded,2025-05-01 11:19:27 UTC,price_too_low
RA3AF032B8E519,LE461890CD0D0,P001,2025-01-26 08:44:29 UTC,1,60.73,delivered,accepted,2025-01-26 08:46:11 UTC,
RA680DF8DC219C,LD6EEAD198230,P010,2025-04-28 22:26:00 UTC,1,70.66,delivered,accepted,2025-04-28 22:28:28 UTC,
RA0D0BA6ACDF28,L80F715BF5883,P002,2025-02-04 11:03:55 UTC,1,77.93,delivered,no_response,2025-02-04 11:06:17 UTC,quality
RA07710C527047,L80F715BF5883,P010,2025-02-04 11:03:42 UTC,2,78.33,delivered,accepted,2025-02-04 11:05:57 UTC,
RAA8B9749558D0,LC7AF5FB23BDB,P010,2025-01-05 14:14:13 UTC,1,66.14,delivered,accepted,2025-01-05 14:15:19 UTC,
RA8BD50476C7F4,L8042D3E8EE24,P010,2025-03-27 22:07:31 UTC,1,80.02,delivered,accepted,2025-03-27 22:11:23 UTC,
RAA617BA89F827,L285DA278714F,P010,2025-03-09 12:55:53 UTC,1,80.65,delivered,accepted,2025-03-09 12:59:55 UTC,
RA4EF49D1C1721,LA6146A56A29A,P010,2025-03-02 18:23:03 UTC,1,78.61,delivered,accepted,2025-03-02 18:25:01 UTC,
RA49A8709DD3C1,L72580D1DB3C3,P010,2025-06-25 21:24:00 UTC,1,73.85,delivered,accepted,2025-06-25 21:26:58 UTC,
RA24AA9A1F6144,LB770DBA5C6C3,P010,2025-03-10 22:49:40 UTC,1,73.32,delivered,accepted,2025-03-10 22:52:32 UTC,
RA111873428C06,LB6C7972DFBAE,P010,2025-04-23 15:59:46 UTC,1,70.32,delivered,capacity_exceeded,2025-04-23 16:02:28 UTC,state_not_covered
RA8EDE845F9A79,L2259869B6AC0,P002,2025-02-21 11:52:38 UTC,1,68.42,delivered,accepted,2025-02-21 11:57:32 UTC,
RABCA38A76915D,L8DAB9C521978,P009,2025-01-15 17:19:17 UTC,1,56.84,delivered,rejected,2025-01-15 17:21:10 UTC,price_too_low
RA02AC87438DE2,L8DAB9C521978,P010,2025-01-15 17:19:25 UTC,2,72.99,delivered,accepted,2025-01-15 17:23:12 UTC,
RA7ED7E7880281,LD36EEDD070EE,P001,2025-03-14 22:13:51 UTC,1,59.08,delivered,accepted,2025-03-14 22:16:28 UTC,
RA037FC1EAA35F,L3A3853C4D55B,P002,2025-03-17 19:28:36 UTC,1,64.64,delivered,accepted,2025-03-17 19:29:41 UTC,
RAADFE9F51109F,LA23C597F12B9,P010,2025-05-23 14:07:47 UTC,1,69.87,delivered,no_response,2025-05-23 14:09:16 UTC,state_not_covered
RA6E79DBB2FD2F,LA23C597F12B9,P003,2025-05-23 14:07:50 UTC,2,65.73,delivered,accepted,2025-05-23 14:08:01 UTC,
RA4825C9601EC1,LEB57530A5E03,P004,2025-01-22 09:17:17 UTC,1,97.47,delivered,no_response,2025-01-22 09:20:32 UTC,quality
RA74599B7F73B7,LEB57530A5E03,P005,2025-01-22 09:17:39 UTC,2,105.37,delivered,accepted,2025-01-22 09:20:48 UTC,
RAD51143A614F5,L932A7FE6B112,P010,2025-04-20 21:45:47 UTC,1,74.08,delivered,rejected,2025-04-20 21:46:18 UTC,quality
RAE4AABF65CEEF,L932A7FE6B112,P001,2025-04-20 21:45:26 UTC,2,66.26,delivered,accepted,2025-04-20 21:47:03 UTC,
RA8E45E518425C,L45398A52E03E,P002,2025-03-23 16:41:36 UTC,1,66.88,delivered,accepted,2025-03-23 16:43:26 UTC,
RA1BC21B28BCB6,L61C53D36CF5C,P001,2025-03-12 22:08:37 UTC,1,59.52,delivered,rejected,2025-03-12 22:10:33 UTC,price_too_low
RA0F8100B940C5,LACDC6C54FC49,P003,2025-03-06 08:11:27 UTC,1,60.99,delivered,accepted,2025-03-06 08:13:19 UTC,
RA060C19CDB618,LAE4273208D2F,P002,2025-05-27 16:56:39 UTC,1,78.61,delivered,no_response,2025-05-27 16:57:04 UTC,capacity
RA0913111EF513,L307DBA0AA2DE,P005,2025-05-01 14:08:38 UTC,1,95.54,delivered,no_response,2025-05-01 14:13:03 UTC,price_too_low
RA096EEB7BA9A3,LAF2F093CEA63,P002,2025-01-02 07:58:39 UTC,1,74.57,delivered,accepted,2025-01-02 08:02:05 UTC,
RA77E796B7BA08,L6F23A135BB2C,P003,2025-06-21 23:08:11 UTC,1,58.01,delivered,accepted,2025-06-21 23:10:01 UTC,
RA52969970748F,LE523B323CF9C,P002,2025-05-31 11:39:07 UTC,1,75.01,delivered,accepted,2025-05-31 11:42:21 UTC,
RA494B06195A54,LC8CE60D70EF0,P003,2025-05-26 15:42:51 UTC,1,65.76,delivered,accepted,2025-05-26 15:43:12 UTC,
RA2E20D6D8F987,L458EBB1ECF7B,P001,2025-01-11 10:29:21 UTC,1,63.23,delivered,accepted,2025-01-11 10:29:51 UTC,
RABACF26DE1307,LA9F3D2C629CF,P001,2025-01-20 14:53:14 UTC,1,74.71,delivered,accepted,2025-01-20 14:54:36 UTC,
RA98F01A1C15D5,L24CBF5586B90,P003,2025-01-22 20:29:21 UTC,1,71.52,delivered,accepted,2025-01-22 20:32:34 UTC,
RA5824342165C2,L8BB721A96706,P007,2025-06-25 16:47:28 UTC,1,138.8,delivered,accepted,2025-06-25 16:50:11 UTC,
RADD3973771C20,L9928CE8B020E,P001,2025-03-21 16:59:20 UTC,1,60.36,delivered,accepted,2025-03-21 17:02:08 UTC,
RA1B6E213DC2DE,L698456196277,P009,2025-06-07 19:16:44 UTC,1,50.59,delivered,accepted,2025-06-07 19:21:31 UTC,
RA8A274D743BF0,L4C781EBE9663,P002,2025-05-17 17:57:31 UTC,1,75.85,delivered,accepted,2025-05-17 18:02:01 UTC,
RA484A1915FD2D,L9400954B678B,P010,2025-06-22 07:43:36 UTC,1,64.08,delivered,accepted,2025-06-22 07:43:47 UTC,
RACC2E7C2858EB,L7DE415E0BC84,P003,2025-01-13 11:48:15 UTC,1,74.8,delivered,accepted,2025-01-13 11:48:37 UTC,
RACCA349572C81,L0198D3809904,P005,2025-03-24 20:38:21 UTC,1,114.06,delivered,accepted,2025-03-24 20:41:16 UTC,
RA07CA33A73887,LCF73C62212AB,P007,2025-02-28 16:23:02 UTC,1,142.54,delivered,accepted,2025-02-28 16:24:06 UTC,
RA723D5FE6EB21,L4E6E396EB7AD,P001,2025-03-10 21:43:00 UTC,1,68.53,delivered,accepted,2025-03-10 21:47:57 UTC,
RACEAD2F75F191,L1A8B81369C2C,P010,2025-01-01 15:39:02 UTC,1,70.85,delivered,accepted,2025-01-01 15:42:35 UTC,
RA0E143A995196,L2C7359970F11,P010,2025-06-07 22:52:34 UTC,1,62.21,delivered,rejected,2025-06-07 22:53:17 UTC,quality
RA64194E3CCC33,LA42E5736D900,P010,2025-03-24 08:29:01 UTC,1,69.54,delivered,capacity_exceeded,2025-03-24 08:29:13 UTC,quality
RAECFD648B2941,L7C4CD8C8E737,P010,2025-05-01 15:43:15 UTC,1,61.99,delivered,capacity_exceeded,2025-05-01 15:45:51 UTC,state_not_covered
RA9ABEAA688855,LFDF477FAF538,P010,2025-05-22 14:44:38 UTC,1,64.99,delivered,accepted,2025-05-22 14:45:50 UTC,
RA28F2E8C5E7FD,L20539ED7D602,P007,2025-02-13 16:02:47 UTC,1,111.61,delivered,accepted,2025-02-13 16:04:33 UTC,
RA82E9D1F3EB8C,L73E31BE2CC2B,P008,2025-05-07 21:42:41 UTC,1,83.15,delivered,accepted,2025-05-07 21:46:10 UTC,
RA66016D4400A4,LFB2B4F6433A8,P002,2025-03-26 14:58:15 UTC,1,66.11,delivered,accepted,2025-03-26 15:00:48 UTC,
RAD422AD768C4E,L908FF74CBDDF,P001,2025-03-04 14:13:17 UTC,1,60.76,delivered,accepted,2025-03-04 14:13:49 UTC,
RAB12C5D6C7726,L3A71C085EBDF,P010,2025-04-22 12:46:06 UTC,1,69.07,delivered,accepted,2025-04-22 12:50:34 UTC,
RAD4E40263EFB9,L9FD2D15D422B,P002,2025-03-12 22:54:21 UTC,1,79.56,delivered,accepted,2025-03-12 22:58:22 UTC,
RAFC3CE9A42A52,L3A2338AF0CBB,P005,2025-06-26 22:03:27 UTC,1,102.85,delivered,accepted,2025-06-26 22:06:09 UTC,
RAD3326F521C8B,L09F5B66C63D7,P003,2025-03-18 09:46:06 UTC,1,72.71,delivered,rejected,2025-03-18 09:48:20 UTC,capacity
RAAC2865772120,L09F5B66C63D7,P009,2025-03-18 09:46:10 UTC,2,50.7,delivered,accepted,2025-03-18 09:47:33 UTC,
RAB95AC208A4B0,LD82EB8CEE7EE,P010,2025-01-05 11:42:52 UTC,1,64.63,delivered,accepted,2025-01-05 11:47:43 UTC,
RAE0C9C7CE4B31,L833261F0440C,P010,2025-05-22 20:15:15 UTC,1,61.46,delivered,rejected,2025-05-22 20:15:32 UTC,capacity
RAD16CFE202F43,L833261F0440C,P003,2025-05-22 20:15:29 UTC,2,67.63,delivered,accepted,2025-05-22 20:18:54 UTC,
RA15A9DD82D5B9,LC078FE7E3951,P001,2025-01-17 17:20:06 UTC,1,56.31,delivered,capacity_exceeded,2025-01-17 17:25:02 UTC,state_not_covered
RA7A9D829DCDCE,LC078FE7E3951,P002,2025-01-17 17:20:34 UTC,2,86.1,delivered,accepted,2025-01-17 17:24:21 UTC,
RA1B4AB7ADF66A,LBF50E45D43F6,P001,2025-02-27 19:28:28 UTC,1,66.22,delivered,accepted,2025-02-27 19:30:09 UTC,
RA047271840BF0,LF8A7762B50E1,P010,2025-02-04 11:06:07 UTC,1,62.73,delivered,capacity_exceeded,2025-02-04 11:10:00 UTC,price_too_low
RA40AC313F383C,LA50C4227E1DE,P009,2025-01-26 11:41:55 UTC,1,60.53,delivered,accepted,2025-01-26 11:42:44 UTC,
RA2EED8D571F20,L7C86FB080ABF,P003,2025-05-21 10:14:51 UTC,1,67.51,delivered,capacity_exceeded,2025-05-21 10:18:45 UTC,state_not_covered
RAE1DEF9B811B2,L7C86FB080ABF,P001,2025-05-21 10:14:20 UTC,2,65.22,delivered,no_response,2025-05-21 10:14:33 UTC,price_too_low
RAD616F4EC5EBB,L7C86FB080ABF,P002,2025-05-21 10:14:46 UTC,3,64.06,delivered,accepted,2025-05-21 10:16:16 UTC,
RA0A9E0B7D2165,L993345E948B8,P010,2025-06-06 12:53:04 UTC,1,69.65,delivered,accepted,2025-06-06 12:53:48 UTC,
RAA8E5E65E599D,L307391B7671C,P003,2025-02-18 21:37:42 UTC,1,69.18,delivered,accepted,2025-02-18 21:41:25 UTC,
RA12187837665E,L46A6F32E7A58,P008,2025-04-23 19:41:28 UTC,1,84.66,delivered,capacity_exceeded,2025-04-23 19:42:27 UTC,quality
RAF5A0821AF5C8,L2F89B624E92B,P003,2025-02-21 22:14:55 UTC,1,68.45,delivered,capacity_exceeded,2025-02-21 22:18:25 UTC,price_too_low
RA605F3E530090,LFF15B0AE33D2,P008,2025-03-25 19:14:22 UTC,1,70.55,delivered,no_response,2025-03-25 19:16:14 UTC,state_not_covered
RA82AB04226308,LD796E3359BDF,P002,2025-03-25 17:09:34 UTC,1,66.83,delivered,no_response,2025-03-25 17:12:29 UTC,state_not_covered
RA126C439F9B59,L5552DD18C05F,P006,2025-03-06 08:05:52 UTC,1,119.22,delivered,accepted,2025-03-06 08:10:17 UTC,
RA38D7185D6E60,L7E5865FE850D,P010,2025-01-31 13:10:45 UTC,1,71.78,delivered,accepted,2025-01-31 13:13:30 UTC,
RA647C20E457CB,L775B7747DBD3,P003,2025-05-28 15:09:19 UTC,1,63.6,delivered,accepted,2025-05-28 15:14:17 UTC,
RA202D70A47889,LE1ED177C6C80,P003,2025-04-04 19:29:55 UTC,1,72.51,delivered,accepted,2025-04-04 19:31:43 UTC,
RA290F7D2E9C67,L00F51554EA5D,P001,2025-01-09 13:33:31 UTC,1,63.3,delivered,accepted,2025-01-09 13:35:28 UTC,
RA7F10CBF0D38B,L9435F2819749,P002,2025-03-03 18:29:03 UTC,1,66.58,delivered,accepted,2025-03-03 18:33:06 UTC,
RA48FD699215D2,L3313DBA5C1CB,P010,2025-05-27 20:51:45 UTC,1,68.38,delivered,no_response,2025-05-27 20:54:39 UTC,price_too_low
RAACDBA39B2AF0,LFC5232F52602,P005,2025-05-18 17:08:21 UTC,1,103.92,delivered,rejected,2025-05-18 17:11:02 UTC,capacity
RA45ED4E43A8FA,L96D21D33E748,P002,2025-06-05 18:34:06 UTC,1,74.46,delivered,accepted,2025-06-05 18:36:51 UTC,
RA9A79EDF846E1,L2845DF5E8527,P002,2025-03-03 13:53:35 UTC,1,77.29,delivered,rejected,2025-03-03 13:57:08 UTC,price_too_low
RA5400D33798C4,LEE20E895540A,P010,2025-01-22 17:24:48 UTC,1,71.52,delivered,accepted,2025-01-22 17:25:29 UTC,
RA5868AAE76EC6,L41B4870855D4,P003,2025-04-04 13:50:23 UTC,1,76.28,delivered,accepted,2025-04-04 13:53:08 UTC,
RA826B03AF8E27,L12A5BC0CC386,P010,2025-06-02 21:34:23 UTC,1,82.3,delivered,rejected,2025-06-02 21:39:03 UTC,quality
RA360AC1020ACA,LD5B93676BFB8,P003,2025-03-20 15:10:48 UTC,1,70.29,delivered,rejected,2025-03-20 15:11:55 UTC,quality
RA64A38617D857,L40A27CDBEC23,P010,2025-04-15 16:24:29 UTC,1,70.6,delivered,accepted,2025-04-15 16:28:14 UTC,
RAFB417D0C9349,LD716CEE11683,P002,2025-01-01 17:01:23 UTC,1,76.01,delivered,no_response,2025-01-01 17:05:04 UTC,price_too_low
RA119DDB55D792,LD716CEE11683,P009,2025-01-01 17:01:36 UTC,2,54.07,delivered,accepted,2025-01-01 17:06:27 UTC,
RA071299B0C710,LA02624A122BD,P002,2025-05-21 18:43:06 UTC,1,75.29,delivered,accepted,2025-05-21 18:47:27 UTC,
RABDC02552111E,L57A63A2C94C5,P005,2025-04-21 10:30:58 UTC,1,112.66,delivered,accepted,2025-04-21 10:32:03 UTC,
RA63BF3C0131B1,L47BFD8746755,P001,2025-03-18 12:32:51 UTC,1,68.37,delivered,accepted,2025-03-18 12:36:43 UTC,
RA7056FB537CC3,L89DD8D846670,P002,2025-02-12 14:01:38 UTC,1,69.03,delivered,accepted,2025-02-12 14:06:18 UTC,
RAD979C1500B7C,L379ED387818D,P010,2025-04-01 09:09:16 UTC,1,71.23,delivered,accepted,2025-04-01 09:11:17 UTC,
RA57D160DE999B,L356B0BF92AB2,P010,2025-02-25 15:03:35 UTC,1,66.01,delivered,accepted,2025-02-25 15:08:23 UTC,
RA0693FDFCE81E,L8F1B4BD17BCC,P003,2025-03-01 19:36:28 UTC,1,60.54,delivered,no_response,2025-03-01 19:37:27 UTC,capacity
RA613B96EDAFC1,LA914F4954F76,P001,2025-03-13 13:09:24 UTC,1,69.06,delivered,no_response,2025-03-13 13:13:17 UTC,price_too_low
RA875B8C480EA9,L03DBE38044CE,P006,2025-03-29 12:02:07 UTC,1,107.24,delivered,accepted,2025-03-29 12:06:53 UTC,
RAB200BDE28210,LCDF7D4A4B951,P003,2025-04-09 22:28:46 UTC,1,58.39,delivered,accepted,2025-04-09 22:31:33 UTC,
RAAB6B9942EEC5,LE20FE53CF116,P002,2025-02-11 21:37:18 UTC,1,73.7,delivered,accepted,2025-02-11 21:37:58 UTC,
RA89A44409BA9B,L948053501D00,P001,2025-05-25 22:04:22 UTC,1,67.49,delivered,rejected,2025-05-25 22:04:53 UTC,quality
RAA81F8DB3EA5F,LF98F6F436187,P002,2025-05-25 09:59:51 UTC,1,64.31,delivered,accepted,2025-05-25 10:03:38 UTC,
RAB9167D04234C,L193A733A182B,P007,2025-01-23 19:27:18 UTC,1,115.43,delivered,rejected,2025-01-23 19:30:56 UTC,quality
RA76085364EA98,L193A733A182B,P006,2025-01-23 19:26:42 UTC,2,129.25,delivered,accepted,2025-01-23 19:29:50 UTC,
RA3049CB2C818E,L46421E392B87,P005,2025-04-23 13:56:03 UTC,1,113.09,delivered,accepted,2025-04-23 14:00:59 UTC,
RA0AF55DB68859,LD9EA0DF42A1C,P009,2025-04-03 17:03:49 UTC,1,59.24,delivered,accepted,2025-04-03 17:05:41 UTC,
RAE4F4760158B6,L9AEF14FD4E6D,P010,2025-02-03 20:01:04 UTC,1,77.14,delivered,accepted,2025-02-03 20:01:30 UTC,
RA057AF1262D9D,LA5665D9355DB,P003,2025-02-28 16:40:44 UTC,1,74.78,delivered,accepted,2025-02-28 16:42:50 UTC,
RA00F8B90610C8,LD72872FF6289,P001,2025-03-30 12:52:38 UTC,1,71.07,delivered,rejected,2025-03-30 12:53:22 UTC,quality
RADDF531F54D19,LD72872FF6289,P003,2025-03-30 12:52:29 UTC,2,66.25,delivered,accepted,2025-03-30 12:55:35 UTC,
RAC682C795ABEA,LFD87C4757359,P002,2025-05-03 17:19:30 UTC,1,67.04,delivered,accepted,2025-05-03 17:23:19 UTC,
RA57A5F0098E36,L614849DF3B3B,P006,2025-03-18 08:17:28 UTC,1,133.06,delivered,no_response,2025-03-18 08:19:34 UTC,quality
RAFB8BD4EF1CE4,LC43C2C8CAA9F,P005,2025-02-11 19:41:40 UTC,1,108.79,delivered,rejected,2025-02-11 19:43:43 UTC,capacity
RABB962ADB6F37,L5EBB6E367DAF,P005,2025-02-01 18:54:05 UTC,1,94.86,delivered,accepted,2025-02-01 18:54:45 UTC,
RAC6454B8EAEF7,L9F235E6AA349,P010,2025-05-09 10:21:56 UTC,1,65.06,delivered,no_response,2025-05-09 10:24:50 UTC,quality
RA781AB14BA116,L119954FF96DA,P003,2025-04-27 21:06:16 UTC,1,66.04,delivered,accepted,2025-04-27 21:08:54 UTC,
RAFECC836B6638,L2AE3C93B97DE,P005,2025-03-22 13:26:51 UTC,1,97.32,delivered,accepted,2025-03-22 13:31:17 UTC,
RAFE2ADEEC2697,L2D5D907413B9,P010,2025-01-02 13:30:34 UTC,1,70.65,delivered,accepted,2025-01-02 13:33:51 UTC,
RA86671B58B8DF,LC7A6B8CAB590,P002,2025-04-22 22:36:20 UTC,1,82.54,delivered,accepted,2025-04-22 22:38:48 UTC,
RA876143DBCD8B,L06DB9FCBABBD,P002,2025-03-05 15:32:29 UTC,1,73.19,delivered,accepted,2025-03-05 15:34:44 UTC,
RAC7A8AC533101,L27913158D19B,P002,2025-01-22 16:58:48 UTC,1,70.04,delivered,no_response,2025-01-22 17:00:23 UTC,price_too_low
RAD97DEEEA7383,L27913158D19B,P010,2025-01-22 16:58:44 UTC,2,82.41,delivered,accepted,2025-01-22 17:03:05 UTC,
RA4B5607620695,L24D4D9383C8F,P003,2025-04-02 12:49:52 UTC,1,63.45,delivered,accepted,2025-04-02 12:54:25 UTC,
RAF2DFB8463CBE,LE315CCD34609,P003,2025-03-11 15:48:38 UTC,1,75.98,delivered,no_response,2025-03-11 15:48:48 UTC,price_too_low
RA792C763A1314,L9221E81A2D05,P010,2025-04-09 18:34:54 UTC,1,71.29,delivered,accepted,2025-04-09 18:39:37 UTC,
RA89F70A993E8C,LEBB76BD01783,P003,2025-06-26 21:47:26 UTC,1,64.94,delivered,accepted,2025-06-26 21:51:33 UTC,
RA18575B7073A5,L4B5D9DE98A54,P005,2025-06-24 13:55:08 UTC,1,91.83,delivered,accepted,2025-06-24 13:59:35 UTC,
RA31E9B75CEA8A,LB269BBA70D26,P010,2025-03-18 21:00:24 UTC,1,70.14,delivered,accepted,2025-03-18 21:00:48 UTC,
RAED42337864CB,L6ECA7E8F48E7,P007,2025-03-23 10:47:56 UTC,1,142.86,delivered,no_response,2025-03-23 10:51:57 UTC,state_not_covered
RAFFBFAFC45468,L6ECA7E8F48E7,P006,2025-03-23 10:47:52 UTC,2,111.55,delivered,accepted,2025-03-23 10:52:16 UTC,
RA218B5877A38B,LC2B628A54968,P003,2025-06-28 18:03:54 UTC,1,66.51,delivered,accepted,2025-06-28 18:08:21 UTC,
RA81203AEA993D,LC6C3A3C03CEC,P005,2025-01-03 21:19:10 UTC,1,94.03,delivered,accepted,2025-01-03 21:22:41 UTC,
RA46C1F32BBBB1,L2277879EDC82,P002,2025-06-07 18:42:33 UTC,1,65.42,delivered,accepted,2025-06-07 18:42:45 UTC,
RA048F3E25954C,LC91F5987C298,P002,2025-01-31 16:38:42 UTC,1,82.8,delivered,accepted,2025-01-31 16:41:20 UTC,
RA2CD8A3FEBD66,LF6FA28ACB751,P005,2025-02-01 11:30:59 UTC,1,110.1,delivered,rejected,2025-02-01 11:35:46 UTC,quality
RA4D92255D7CB6,LCCE2E7A2DF8C,P009,2025-03-12 15:23:50 UTC,1,56.04,delivered,accepted,2025-03-12 15:27:23 UTC,
RA7EBDF2FB10F2,LC63BF2CFDF5A,P003,2025-06-01 19:31:00 UTC,1,59.05,delivered,accepted,2025-06-01 19:35:54 UTC,
RAB9533FD277C7,LFB245535B491,P010,2025-05-18 12:32:05 UTC,1,69.28,delivered,accepted,2025-05-18 12:32:38 UTC,
RA42B501113D89,L5B43C511E2C1,P006,2025-06-27 14:15:10 UTC,1,126.02,delivered,accepted,2025-06-27 14:18:32 UTC,
RA5FFA49858464,LCE24AD648E27,P010,2025-05-23 18:16:21 UTC,1,76.92,delivered,accepted,2025-05-23 18:20:01 UTC,
RA8D6C3E417B57,LBA3359874B58,P002,2025-06-21 11:19:07 UTC,1,85.09,delivered,accepted,2025-06-21 11:22:37 UTC,
RA140DFF639DD1,LCB6EC02C75A4,P008,2025-02-10 13:10:39 UTC,1,88.85,delivered,accepted,2025-02-10 13:15:34 UTC,
RA6567621ECD35,L4A07024F652D,P001,2025-02-07 13:02:33 UTC,1,55.61,delivered,accepted,2025-02-07 13:03:04 UTC,
RA0BAEFD2691BC,LCBA0BA06E03B,P010,2025-05-27 14:08:19 UTC,1,71.52,delivered,capacity_exceeded,2025-05-27 14:12:03 UTC,quality
RA12006BD5D48A,LB23AB873D8D8,P003,2025-02-14 08:48:41 UTC,1,73.67,delivered,no_response,2025-02-14 08:53:41 UTC,price_too_low
RAEF2AD1D584D9,LB23AB873D8D8,P010,2025-02-14 08:48:36 UTC,2,74.76,delivered,accepted,2025-02-14 08:49:16 UTC,
RAB87529538E5B,LBC8EA4C36422,P003,2025-02-17 09:24:08 UTC,1,77.46,delivered,accepted,2025-02-17 09:26:58 UTC,
RA24BD09A2E488,L53F52BC27904,P001,2025-01-23 09:19:02 UTC,1,72.14,delivered,rejected,2025-01-23 09:23:47 UTC,capacity
RAF570E2A30D60,L53F52BC27904,P010,2025-01-23 09:18:51 UTC,2,81.27,delivered,capacity_exceeded,2025-01-23 09:20:45 UTC,quality
RA6C3124CE23A3,LEE65983C9FE1,P003,2025-05-31 09:48:26 UTC,1,73.9,delivered,accepted,2025-05-31 09:50:25 UTC,
RA256C262E6E9C,LD65158DC888D,P002,2025-01-22 21:20:47 UTC,1,77.93,delivered,accepted,2025-01-22 21:25:00 UTC,
RA6EFCE5C798DF,L0F384561B3EC,P010,2025-06-08 18:15:09 UTC,1,65.85,delivered,no_response,2025-06-08 18:17:57 UTC,capacity
RA511D5A535362,L0F384561B3EC,P003,2025-06-08 18:14:45 UTC,2,68.8,delivered,accepted,2025-06-08 18:18:10 UTC,
RA34E5A1FB81AB,L4642AAE7CCB2,P003,2025-03-19 11:03:56 UTC,1,75.85,delivered,accepted,2025-03-19 11:08:01 UTC,
RAB0BD2797B6E7,LAF057DA7D6A8,P009,2025-05-20 15:21:49 UTC,1,66.5,delivered,accepted,2025-05-20 15:25:21 UTC,
RA058CAFC8BEF6,L46632FD0EE7A,P006,2025-04-05 09:18:57 UTC,1,116.6,delivered,accepted,2025-04-05 09:21:09 UTC,
RA989785C5EFBA,L0DAC9633CD3E,P003,2025-03-01 17:48:05 UTC,1,60.21,delivered,capacity_exceeded,2025-03-01 17:51:39 UTC,quality
RAF0015BA2F064,LDF76BEADB2C3,P008,2025-03-04 21:04:48 UTC,1,76.7,delivered,accepted,2025-03-04 21:05:32 UTC,
RAC8316D47E400,LF188D3D20559,P003,2025-01-18 09:15:21 UTC,1,73.0,delivered,accepted,2025-01-18 09:17:44 UTC,
RADE462E20D738,L6ECCCF991A45,P002,2025-03-29 14:23:13 UTC,1,70.38,delivered,accepted,2025-03-29 14:28:13 UTC,
RA013022A8065D,LB963EE581E8B,P003,2025-04-30 17:00:38 UTC,1,67.73,delivered,capacity_exceeded,2025-04-30 17:03:12 UTC,price_too_low
RACA32F824BB17,LD4CCCCF6AC28,P009,2025-06-25 11:13:53 UTC,1,65.25,delivered,accepted,2025-06-25 11:15:34 UTC,
RA85C0CB900D62,LC302562B2C8D,P003,2025-04-18 18:11:24 UTC,1,63.96,delivered,accepted,2025-04-18 18:14:11 UTC,
RAF33D5F426F15,LE6C74F4AAAD3,P004,2025-02-19 09:18:12 UTC,1,87.61,delivered,accepted,2025-02-19 09:22:51 UTC,
RA940CF8D4756F,LC761320B6C30,P009,2025-05-04 09:09:15 UTC,1,53.54,delivered,rejected,2025-05-04 09:10:08 UTC,capacity
RAA7A453D814CB,L4A4FF38959FB,P001,2025-03-09 09:16:57 UTC,1,66.72,delivered,accepted,2025-03-09 09:21:24 UTC,
RAE81E0E42841A,L7E48EA9F5494,P002,2025-04-11 20:40:01 UTC,1,71.08,delivered,no_response,2025-04-11 20:41:10 UTC,quality
RAA8C2E1CA64D6,L7E48EA9F5494,P010,2025-04-11 20:40:30 UTC,2,71.24,delivered,accepted,2025-04-11 20:44:31 UTC,
RAE55D6A09E0FE,L76A7AE4CBB96,P002,2025-03-22 18:27:48 UTC,1,76.06,delivered,accepted,2025-03-22 18:30:36 UTC,
RA5BC59AC81728,LD281AF2D242D,P002,2025-04-07 10:00:27 UTC,1,65.6,delivered,accepted,2025-04-07 10:01:09 UTC,
RA708573EDBEBD,L4C4F1DB3C316,P010,2025-05-27 07:35:47 UTC,1,79.28,delivered,accepted,2025-05-27 07:38:57 UTC,
RA7707FCBFDF22,L3B439C66F7E9,P010,2025-01-05 15:17:23 UTC,1,81.75,delivered,no_response,2025-01-05 15:19:12 UTC,price_too_low
RA49ADD4037E08,L3EB56417949F,P003,2025-05-21 22:13:05 UTC,1,78.13,delivered,accepted,2025-05-21 22:17:43 UTC,
RA38607719AFB2,L18CEA729C394,P003,2025-05-24 17:57:12 UTC,1,65.93,delivered,accepted,2025-05-24 18:02:04 UTC,
RA2625922CB8FE,LB24425942270,P003,2025-05-15 08:07:28 UTC,1,58.99,delivered,accepted,2025-05-15 08:08:02 UTC,
RAF4B7023BC011,L18E3A0189187,P010,2025-02-27 15:32:09 UTC,1,79.88,delivered,no_response,2025-02-27 15:35:55 UTC,capacity
RA4F9F9622B6DB,L128DA849F021,P010,2025-04-14 11:39:53 UTC,1,61.93,delivered,accepted,2025-04-14 11:43:41 UTC,
RAF9A1F2317AA2,L68A3A9AAFE29,P010,2025-03-25 13:06:02 UTC,1,71.84,delivered,accepted,2025-03-25 13:10:06 UTC,
RAFBF68F858E50,L87CE49B10CB7,P006,2025-06-09 09:27:06 UTC,1,130.03,delivered,capacity_exceeded,2025-06-09 09:30:38 UTC,capacity
RA911995A8B19A,L87CE49B10CB7,P010,2025-06-09 09:27:11 UTC,2,76.03,delivered,accepted,2025-06-09 09:30:18 UTC,
RA3098F816A0B7,LEC25AA657D37,P002,2025-02-26 07:23:02 UTC,1,71.35,delivered,accepted,2025-02-26 07:23:18 UTC,
RAA2583F05940C,L035A2F60D91D,P006,2025-03-08 19:51:24 UTC,1,121.54,delivered,accepted,2025-03-08 19:54:09 UTC,
RABAF86E1B3E9C,L0D62568B7D01,P003,2025-03-23 14:52:20 UTC,1,65.76,delivered,capacity_exceeded,2025-03-23 14:52:43 UTC,quality
RA82C40E0B778A,L0D62568B7D01,P002,2025-03-23 14:52:36 UTC,2,72.63,delivered,accepted,2025-03-23 14:54:39 UTC,
RAA3CC7BC3146D,LFB6C494D39EE,P010,2025-05-06 20:58:37 UTC,1,77.17,delivered,capacity_exceeded,2025-05-06 21:03:08 UTC,price_too_low
RA34453D49A9B6,LFB6C494D39EE,P007,2025-05-06 20:58:24 UTC,2,139.37,delivered,accepted,2025-05-06 21:02:06 UTC,
RADD3332DF32FC,L528A43EF368F,P007,2025-02-27 18:57:17 UTC,1,118.9,delivered,accepted,2025-02-27 19:01:36 UTC,
RA7622015AB55A,LCE84B5C6280E,P003,2025-03-31 15:28:43 UTC,1,67.05,delivered,accepted,2025-03-31 15:33:21 UTC,
RAC366665F98BA,L89BE086CF234,P002,2025-03-05 08:22:50 UTC,1,78.31,delivered,accepted,2025-03-05 08:23:29 UTC,
RAB9A74C0ED3EB,LB55C534A1837,P006,2025-05-31 10:51:23 UTC,1,120.27,delivered,accepted,2025-05-31 10:55:03 UTC,
RA3AD5AF48E2F1,L58D727F60BAC,P006,2025-05-04 18:50:42 UTC,1,120.49,delivered,capacity_exceeded,2025-05-04 18:51:23 UTC,capacity
RAE2E9A3412285,L58D727F60BAC,P010,2025-05-04 18:50:18 UTC,2,79.98,delivered,accepted,2025-05-04 18:50:35 UTC,
RA8E184A17A9CF,L2ED92F877ADA,P009,2025-02-06 15:38:28 UTC,1,53.18,delivered,capacity_exceeded,2025-02-06 15:38:59 UTC,price_too_low
RAD66E57B07E4B,L4583A93510D2,P001,2025-01-07 18:49:12 UTC,1,59.6,delivered,accepted,2025-01-07 18:51:48 UTC,
RA1E60F7FE16BE,L1132F98E3270,P002,2025-03-26 20:08:08 UTC,1,74.79,delivered,no_response,2025-03-26 20:13:08 UTC,state_not_covered
RABEA89959857F,L73BCB113D2C3,P002,2025-06-08 10:07:01 UTC,1,77.43,delivered,accepted,2025-06-08 10:09:55 UTC,
RA07892AA4DEA3,LD7647CF7E7F4,P010,2025-05-25 14:49:29 UTC,1,72.9,delivered,accepted,2025-05-25 14:51:06 UTC,
RA793060554D3F,LC276CBCFDF86,P002,2025-05-19 16:52:47 UTC,1,64.35,delivered,capacity_exceeded,2025-05-19 16:54:37 UTC,quality
RA9D02C2FDA31A,LC62B18557784,P010,2025-03-05 10:11:58 UTC,1,62.07,delivered,no_response,2025-03-05 10:13:53 UTC,price_too_low
RA8812B32E931C,L0A31B4722FB7,P009,2025-04-10 12:15:29 UTC,1,50.65,delivered,accepted,2025-04-10 12:19:58 UTC,
RA035613A093AB,L51A36DF1F01F,P007,2025-02-17 12:24:17 UTC,1,134.99,delivered,no_response,2025-02-17 12:26:50 UTC,price_too_low
RA4C931FCA2380,L73E0F56DDFD0,P002,2025-02-20 12:16:36 UTC,1,75.7,delivered,accepted,2025-02-20 12:17:07 UTC,
RAD26A7C9CC3F2,L021F3C62E724,P003,2025-05-22 12:20:50 UTC,1,58.92,delivered,no_response,2025-05-22 12:21:58 UTC,capacity
RA618C040E2CA6,LB8DA05A100DC,P002,2025-05-26 14:37:01 UTC,1,75.09,delivered,accepted,2025-05-26 14:38:22 UTC,
RA42213E0AD8C2,L46367771AFA7,P002,2025-04-26 21:57:13 UTC,1,84.07,delivered,rejected,2025-04-26 22:00:48 UTC,state_not_covered
RA7FE8D97F536C,L46367771AFA7,P003,2025-04-26 21:58:00 UTC,2,76.76,delivered,accepted,2025-04-26 22:00:52 UTC,
RAA0D46B5B0293,LCE08D70F5EDF,P005,2025-02-25 09:14:15 UTC,1,100.3,delivered,accepted,2025-02-25 09:15:49 UTC,
RACB92D8664CF3,L065F085D4BAF,P003,2025-06-12 13:31:11 UTC,1,61.16,delivered,accepted,2025-06-12 13:33:39 UTC,
RA4C3D97311359,LFD2CC42B6FEE,P010,2025-01-29 08:04:47 UTC,1,81.8,delivered,accepted,2025-01-29 08:07:27 UTC,
RA5F267B2EBB71,LCDB6723CD26A,P005,2025-05-09 20:49:58 UTC,1,112.68,delivered,accepted,2025-05-09 20:51:12 UTC,
RADEE4DF8007E1,L6C12642F71F6,P001,2025-01-18 17:17:12 UTC,1,59.04,delivered,capacity_exceeded,2025-01-18 17:18:05 UTC,price_too_low
RA3943918B14EE,L6C12642F71F6,P010,2025-01-18 17:17:05 UTC,2,80.26,delivered,accepted,2025-01-18 17:19:30 UTC,
RA345560E805AB,LFD1DBCDA6FEE,P006,2025-02-13 08:43:55 UTC,1,129.22,delivered,accepted,2025-02-13 08:48:15 UTC,
RA9C7BE5C14413,LF80CE5461FDD,P010,2025-05-21 19:48:07 UTC,1,76.11,delivered,capacity_exceeded,2025-05-21 19:48:26 UTC,quality
RAB6D2DD4D9D92,LC36F065DA8CE,P003,2025-03-08 16:38:32 UTC,1,76.91,delivered,accepted,2025-03-08 16:43:23 UTC,
RAC05D797EDFE9,LB89F206295EA,P009,2025-05-31 15:30:38 UTC,1,57.37,delivered,accepted,2025-05-31 15:34:12 UTC,
RA082D8283CFCD,LFB2B4198D379,P002,2025-05-10 10:41:18 UTC,1,81.87,delivered,accepted,2025-05-10 10:46:02 UTC,
RA8ED3CCD99C5C,L7B18119E6F80,P006,2025-03-04 12:48:47 UTC,1,131.79,delivered,accepted,2025-03-04 12:49:31 UTC,
RAAE84D97EB1CA,LD77B1FD8DB8E,P009,2025-02-25 19:41:37 UTC,1,49.88,delivered,no_response,2025-02-25 19:45:36 UTC,price_too_low
RA2F6B7792F0F5,LA83D194BF971,P003,2025-04-22 23:01:27 UTC,1,76.11,delivered,no_response,2025-04-22 23:03:06 UTC,quality
RA16217C5FABD1,LFAF6037946CB,P003,2025-02-18 10:54:31 UTC,1,65.23,delivered,capacity_exceeded,2025-02-18 10:55:06 UTC,quality
RACFE6ECF8FEC2,LD7F071B7BE8A,P001,2025-01-12 11:10:41 UTC,1,72.86,delivered,accepted,2025-01-12 11:13:38 UTC,
RAB549331A7D61,L1CB7C3683ABB,P005,2025-04-12 08:56:50 UTC,1,103.25,delivered,accepted,2025-04-12 08:58:13 UTC,
RA22F39B982B19,L4355578B29E1,P003,2025-04-20 23:04:49 UTC,1,68.16,delivered,capacity_exceeded,2025-04-20 23:08:33 UTC,state_not_covered
RA9CBEDD903C23,L4355578B29E1,P008,2025-04-20 23:04:55 UTC,2,88.68,delivered,rejected,2025-04-20 23:05:23 UTC,capacity
RA756B696413DF,LCAA6FAA761AD,P006,2025-01-19 08:06:53 UTC,1,115.5,delivered,accepted,2025-01-19 08:11:15 UTC,
RA20B61014B601,LF0E6C854E394,P002,2025-05-02 20:52:54 UTC,1,63.92,delivered,accepted,2025-05-02 20:55:12 UTC,
RAEE2B5787DD88,L0DD6174CF563,P005,2025-05-05 12:17:46 UTC,1,94.44,delivered,accepted,2025-05-05 12:20:47 UTC,
RA294F5A4F320F,L5D27AD2B3087,P009,2025-05-16 11:15:46 UTC,1,65.72,delivered,no_response,2025-05-16 11:20:17 UTC,state_not_covered
RAE4FAF65E4D69,L20AA78E78F2E,P002,2025-01-08 21:00:30 UTC,1,80.45,delivered,accepted,2025-01-08 21:04:09 UTC,
RA7A531A921174,L47A82CE89A5E,P002,2025-05-18 15:41:38 UTC,1,70.67,delivered,accepted,2025-05-18 15:44:45 UTC,
RA97B7048B4D01,LFA27610F6476,P010,2025-06-10 16:00:20 UTC,1,78.59,delivered,accepted,2025-06-10 16:03:12 UTC,
RA205B17CA7C60,L698D6049F5FC,P002,2025-06-19 21:37:24 UTC,1,65.36,delivered,accepted,2025-06-19 21:38:54 UTC,
RAA0CA79CAC7A9,L5537D094F7E1,P009,2025-04-06 17:21:46 UTC,1,55.75,delivered,no_response,2025-04-06 17:22:13 UTC,price_too_low
RA4542187C0356,L5537D094F7E1,P003,2025-04-06 17:21:46 UTC,2,76.15,delivered,accepted,2025-04-06 17:23:06 UTC,
RA3265CDD498CD,L27D348DCEDE5,P003,2025-04-02 18:33:47 UTC,1,70.43,delivered,accepted,2025-04-02 18:35:49 UTC,
RA66C0510F6EB5,L4ECF02B9348F,P009,2025-01-21 20:53:38 UTC,1,62.3,delivered,capacity_exceeded,2025-01-21 20:56:42 UTC,quality
RA0AE51A8673F8,L7209826E1909,P010,2025-05-13 18:46:46 UTC,1,79.87,delivered,accepted,2025-05-13 18:48:08 UTC,
RAFE85D5CF6605,LEFC9161EBDA0,P010,2025-01-26 08:32:31 UTC,1,67.02,delivered,capacity_exceeded,2025-01-26 08:34:26 UTC,quality
RAA3B7F2A8B164,LEFC9161EBDA0,P006,2025-01-26 08:32:30 UTC,2,127.72,delivered,rejected,2025-01-26 08:36:43 UTC,capacity
RA4412830B264A,L53935E52858A,P010,2025-01-25 20:21:49 UTC,1,81.47,delivered,accepted,2025-01-25 20:25:48 UTC,
RAEEE56D6C947B,L650D9619384D,P003,2025-05-09 07:45:37 UTC,1,72.76,delivered,accepted,2025-05-09 07:46:39 UTC,
RA851D22351090,L5B537FEDEB99,P008,2025-02-13 21:09:39 UTC,1,81.84,delivered,accepted,2025-02-13 21:13:57 UTC,
RA1FC065B3CB52,LE9AC20497331,P003,2025-02-16 15:57:04 UTC,1,63.05,delivered,accepted,2025-02-16 16:01:38 UTC,
RA200DB80E4FB1,LB365903107F2,P005,2025-05-24 22:51:52 UTC,1,89.66,delivered,rejected,2025-05-24 22:56:10 UTC,price_too_low
RA33CE8FE16B34,L036C2E54A50A,P009,2025-03-03 12:37:56 UTC,1,54.34,delivered,no_response,2025-03-03 12:42:15 UTC,price_too_low
RAFFB7C903985C,L49E114DC07CD,P002,2025-03-20 15:56:39 UTC,1,66.24,delivered,accepted,2025-03-20 15:57:20 UTC,
RA595B00021901,LEE882DEE9D63,P003,2025-05-16 09:01:52 UTC,1,71.57,delivered,no_response,2025-05-16 09:04:09 UTC,price_too_low
RA1B8C46712D0D,L9418455996B9,P004,2025-02-23 09:53:31 UTC,1,94.5,delivered,accepted,2025-02-23 09:54:18 UTC,
RA90B35A2C124E,L64582A50E02D,P005,2025-01-21 20:55:00 UTC,1,97.57,delivered,accepted,2025-01-21 20:58:50 UTC,
RA49B232B740DE,LDF5E21F9A199,P005,2025-04-01 18:52:27 UTC,1,103.39,delivered,accepted,2025-04-01 18:55:27 UTC,
RA4FF620FB94C4,L47D090B327F0,P003,2025-05-29 07:59:15 UTC,1,58.84,delivered,capacity_exceeded,2025-05-29 08:00:20 UTC,capacity
RA464916B05B0E,LEA31B5FC7CF1,P003,2025-05-14 14:10:23 UTC,1,72.3,delivered,accepted,2025-05-14 14:11:51 UTC,
RA24EE3E19B405,L671A685203CF,P010,2025-01-26 22:54:36 UTC,1,68.92,delivered,accepted,2025-01-26 22:57:52 UTC,
RA5BF605B1FFBD,LF26DA17A05B0,P002,2025-06-15 19:22:24 UTC,1,84.01,delivered,no_response,2025-06-15 19:25:15 UTC,price_too_low
RA3BFAC9751F8A,L42A237A012B0,P010,2025-05-04 23:13:27 UTC,1,61.22,delivered,accepted,2025-05-04 23:15:01 UTC,
RAABA03063D380,L681672413192,P001,2025-05-18 17:50:23 UTC,1,58.45,delivered,accepted,2025-05-18 17:50:55 UTC,
RA8E9B15C0D663,L586E29479A17,P002,2025-06-09 13:12:51 UTC,1,64.52,delivered,capacity_exceeded,2025-06-09 13:15:03 UTC,state_not_covered
RA8C113CF8DDCF,L1DC01696EF28,P010,2025-04-14 13:25:45 UTC,1,61.83,delivered,accepted,2025-04-14 13:28:53 UTC,
RAEC3B33902DDA,LF8D59447A76C,P003,2025-02-21 17:28:57 UTC,1,75.45,delivered,accepted,2025-02-21 17:32:31 UTC,
RAB00485555562,L74696F300D9C,P003,2025-04-12 15:12:53 UTC,1,74.56,delivered,accepted,2025-04-12 15:15:32 UTC,
RAC9FD2B789EED,LB5E6617A9D4C,P003,2025-05-23 08:33:50 UTC,1,59.18,delivered,capacity_exceeded,2025-05-23 08:38:12 UTC,price_too_low
RAE36A59822BD4,L79C7611B4706,P010,2025-01-19 12:22:13 UTC,1,81.72,delivered,accepted,2025-01-19 12:22:59 UTC,
RA0AC0482B1EEA,L45B226104BEC,P003,2025-05-03 21:12:10 UTC,1,70.55,delivered,no_response,2025-05-03 21:12:36 UTC,state_not_covered
RA349EE7DFEBF7,L45B226104BEC,P010,2025-05-03 21:12:30 UTC,2,71.89,delivered,capacity_exceeded,2025-05-03 21:16:49 UTC,capacity
RAB3F322631B3B,LD4A78F5C03E2,P003,2025-03-19 13:11:12 UTC,1,64.65,delivered,accepted,2025-03-19 13:14:57 UTC,
RAA6515307C524,L4DC5B7AAF9AC,P010,2025-02-20 07:25:41 UTC,1,67.75,delivered,accepted,2025-02-20 07:26:30 UTC,
RA4445D63C0E72,LF2618C0607B1,P009,2025-02-21 09:53:21 UTC,1,58.93,delivered,accepted,2025-02-21 09:54:48 UTC,
RA079EAC857DAD,LC056795B1374,P007,2025-06-11 09:24:44 UTC,1,128.6,delivered,accepted,2025-06-11 09:28:56 UTC,
RAFB393BC29BA2,L1B476B25A8E4,P001,2025-05-13 19:09:47 UTC,1,73.32,delivered,accepted,2025-05-13 19:14:22 UTC,
RA045E285045C3,L4C79566E39B5,P009,2025-03-03 15:19:31 UTC,1,63.03,delivered,no_response,2025-03-03 15:23:44 UTC,price_too_low
RA20E80B78D794,L75BA2D0F2D7C,P006,2025-05-27 11:19:40 UTC,1,104.78,delivered,accepted,2025-05-27 11:20:14 UTC,
RAAAEA853DC9CC,LD1D1F18005C2,P010,2025-01-15 13:14:35 UTC,1,78.06,delivered,accepted,2025-01-15 13:18:18 UTC,
RA88E8A8FED9D1,LE7578051438C,P010,2025-02-26 15:38:38 UTC,1,74.37,delivered,accepted,2025-02-26 15:41:19 UTC,
RA87D329C851FD,L71D1D006E534,P010,2025-06-17 21:00:21 UTC,1,65.97,delivered,accepted,2025-06-17 21:02:43 UTC,
RAA7423083AE7E,L5224487AAE76,P001,2025-04-26 16:51:39 UTC,1,69.79,delivered,accepted,2025-04-26 16:52:09 UTC,
RA11BCAEEB2317,L0990D73C5A61,P010,2025-06-28 20:05:34 UTC,1,62.1,delivered,accepted,2025-06-28 20:08:34 UTC,
RA377200397BFA,LBD35A492A303,P002,2025-04-16 13:58:31 UTC,1,71.67,delivered,accepted,2025-04-16 14:01:25 UTC,
RA6D63BB23ADE9,LFCC36CCB507E,P003,2025-04-22 20:04:48 UTC,1,76.62,delivered,accepted,2025-04-22 20:08:14 UTC,
RAFD53A80B18F3,LC26B1EFA5982,P005,2025-05-18 08:01:01 UTC,1,104.61,delivered,accepted,2025-05-18 08:02:08 UTC,
RA51F334D0DCB4,LC0526162C2EF,P005,2025-02-04 20:34:06 UTC,1,100.38,delivered,capacity_exceeded,2025-02-04 20:36:38 UTC,state_not_covered
RA4A531F7ED7E6,L67BE9C2268E8,P002,2025-05-22 19:27:46 UTC,1,84.81,delivered,no_response,2025-05-22 19:28:04 UTC,price_too_low
RAAB329FB1ABF3,L67BE9C2268E8,P009,2025-05-22 19:27:49 UTC,2,52.59,delivered,accepted,2025-05-22 19:31:53 UTC,
RA081A75EDE1FF,L112C98DE7882,P001,2025-02-27 08:45:57 UTC,1,68.25,delivered,accepted,2025-02-27 08:46:15 UTC,
RA389705EA2260,L219DC63EAD9E,P010,2025-06-19 23:11:02 UTC,1,66.16,delivered,accepted,2025-06-19 23:12:54 UTC,
RAFACA0DC5FDCF,L864F85B62BBA,P008,2025-04-05 11:53:48 UTC,1,88.1,delivered,rejected,2025-04-05 11:55:26 UTC,price_too_low
RA87D349EE23E0,LD07D998726A6,P010,2025-01-21 20:45:24 UTC,1,77.79,delivered,accepted,2025-01-21 20:50:21 UTC,
RA95D5F1FE5C4C,L0AADC1B958A0,P003,2025-05-16 17:49:37 UTC,1,77.1,delivered,accepted,2025-05-16 17:50:42 UTC,
RAF52A5797D3D1,L2DDBC5F4668A,P003,2025-05-10 08:58:28 UTC,1,75.79,delivered,accepted,2025-05-10 09:03:21 UTC,
RAEA6DBCC8292D,L94ADA515DB19,P008,2025-05-22 10:43:27 UTC,1,79.37,delivered,rejected,2025-05-22 10:48:05 UTC,quality
RA9CB30D048E46,L5E84252C669D,P010,2025-05-16 17:47:21 UTC,1,62.87,delivered,rejected,2025-05-16 17:51:57 UTC,quality
RAB176BE82A589,L4B8715D01432,P002,2025-05-28 18:28:35 UTC,1,66.06,delivered,accepted,2025-05-28 18:29:54 UTC,
RAC7F3F2A878AA,L4EEC8684781E,P010,2025-01-16 07:26:48 UTC,1,80.68,delivered,no_response,2025-01-16 07:27:43 UTC,price_too_low
RA90E4CC85F0C4,L4EEC8684781E,P002,2025-01-16 07:27:09 UTC,2,71.06,delivered,rejected,2025-01-16 07:32:09 UTC,price_too_low
RAD9DA8FA28CC4,LED692B482DAE,P004,2025-05-09 07:15:45 UTC,1,104.78,delivered,rejected,2025-05-09 07:20:22 UTC,quality
RAE2693C099C8E,LED692B482DAE,P005,2025-05-09 07:15:53 UTC,2,113.42,delivered,accepted,2025-05-09 07:18:48 UTC,
RA3ACF3DC2DF33,L2A9C2CE40947,P010,2025-01-24 15:14:37 UTC,1,68.51,delivered,accepted,2025-01-24 15:17:47 UTC,
RA549C85AC0041,L9FE60A34C5C5,P002,2025-02-21 13:31:57 UTC,1,73.63,delivered,accepted,2025-02-21 13:33:30 UTC,
RA5F0E3A7F654A,LB64CB7CF8393,P003,2025-03-14 11:14:02 UTC,1,74.02,delivered,accepted,2025-03-14 11:17:34 UTC,
RA01DD57C99299,L327C375707CA,P010,2025-04-28 14:48:45 UTC,1,80.68,delivered,capacity_exceeded,2025-04-28 14:49:16 UTC,quality
RA1A45BF2C6756,L327C375707CA,P003,2025-04-28 14:48:21 UTC,2,75.14,delivered,accepted,2025-04-28 14:50:09 UTC,
RA3C0CD0130C50,L6CBB472AC350,P005,2025-05-01 16:26:20 UTC,1,102.43,delivered,accepted,2025-05-01 16:29:28 UTC,
RA462B888CDC55,L1457D8C2D005,P001,2025-04-02 14:19:39 UTC,1,64.91,delivered,accepted,2025-04-02 14:20:20 UTC,
RA1C2CE5EE3002,L0500C2D46DA7,P003,2025-06-09 22:33:47 UTC,1,73.44,delivered,accepted,2025-06-09 22:37:26 UTC,
RAB9E7CD1BBFF4,LF49947D9D11D,P010,2025-01-19 21:56:02 UTC,1,71.16,delivered,capacity_exceeded,2025-01-19 21:58:32 UTC,state_not_covered
RA8AD81DC06988,LF49947D9D11D,P002,2025-01-19 21:55:32 UTC,2,78.63,delivered,accepted,2025-01-19 22:00:29 UTC,
RA029BEE773DA1,L067704D5CA2F,P005,2025-04-16 20:40:10 UTC,1,105.22,delivered,accepted,2025-04-16 20:45:08 UTC,
RA159A52268E95,LFEBDD27125E2,P007,2025-01-06 08:52:49 UTC,1,145.98,delivered,no_response,2025-01-06 08:53:22 UTC,capacity
RA0CF194076789,LFEBDD27125E2,P006,2025-01-06 08:53:02 UTC,2,119.25,delivered,accepted,2025-01-06 08:56:28 UTC,
RADC632F71B9D1,LBAB5480E1B87,P010,2025-06-01 12:05:24 UTC,1,77.12,delivered,accepted,2025-06-01 12:09:47 UTC,
RABA81293955D5,L6E57F21325FE,P007,2025-04-02 07:29:54 UTC,1,147.11,delivered,rejected,2025-04-02 07:31:03 UTC,price_too_low
RA47304DBA8633,L6E57F21325FE,P010,2025-04-02 07:30:24 UTC,2,81.5,delivered,accepted,2025-04-02 07:31:51 UTC,
RA7333B2409B79,LD73C3584443B,P003,2025-02-28 19:30:08 UTC,1,64.01,delivered,rejected,2025-02-28 19:33:54 UTC,state_not_covered
RAD9FF704AA066,LD73C3584443B,P010,2025-02-28 19:29:49 UTC,2,80.93,delivered,rejected,2025-02-28 19:33:09 UTC,state_not_covered
RAA64366CC106C,LD219C12A9C69,P003,2025-04-11 16:12:52 UTC,1,63.38,delivered,accepted,2025-04-11 16:14:45 UTC,
RA0179C1020AF4,L2A06234F3155,P010,2025-04-16 17:00:31 UTC,1,74.83,delivered,rejected,2025-04-16 17:01:56 UTC,capacity
RAB1FEA3A9E544,LDFAFFA2E42B6,P009,2025-01-24 14:22:05 UTC,1,51.96,delivered,rejected,2025-01-24 14:25:18 UTC,quality
RA4B4287C7A804,LDFAFFA2E42B6,P010,2025-01-24 14:22:50 UTC,2,64.7,delivered,accepted,2025-01-24 14:23:51 UTC,
RA903DF8C8C928,L2C05C6E80FFA,P005,2025-01-11 15:52:03 UTC,1,95.88,delivered,accepted,2025-01-11 15:52:16 UTC,
RA340C7EBA8268,LD20D691AF529,P002,2025-04-29 11:07:48 UTC,1,66.56,delivered,rejected,2025-04-29 11:11:00 UTC,quality
RA0AF93402467B,LD20D691AF529,P001,2025-04-29 11:07:50 UTC,2,60.86,delivered,no_response,2025-04-29 11:12:02 UTC,capacity
RAC3548B88A1E5,L19BAF2085692,P003,2025-05-17 12:02:59 UTC,1,67.54,delivered,accepted,2025-05-17 12:04:55 UTC,
RAE7B264B6B5C6,L2AF1793AC843,P003,2025-04-17 14:05:19 UTC,1,64.97,delivered,rejected,2025-04-17 14:10:12 UTC,quality
RA11BF9C548F6F,L12D6CDC6BD98,P005,2025-06-24 09:25:17 UTC,1,94.23,delivered,accepted,2025-06-24 09:30:01 UTC,
RAC6DACED9AF8D,L4802F893EC1C,P007,2025-04-13 16:30:07 UTC,1,131.34,delivered,capacity_exceeded,2025-04-13 16:33:14 UTC,capacity
RAF68C7572680B,L51FD8FCAF513,P003,2025-03-13 16:42:41 UTC,1,67.53,delivered,rejected,2025-03-13 16:44:37 UTC,capacity
RAE0A7D5461F0A,L51FD8FCAF513,P010,2025-03-13 16:43:25 UTC,2,72.04,delivered,no_response,2025-03-13 16:44:07 UTC,price_too_low
RA9E27C40EE9DD,L34F97B07060B,P010,2025-04-08 20:46:29 UTC,1,78.73,delivered,capacity_exceeded,2025-04-08 20:46:46 UTC,state_not_covered
RA4B3841651385,L34F97B07060B,P003,2025-04-08 20:46:58 UTC,2,62.23,delivered,accepted,2025-04-08 20:47:35 UTC,
RABBFD80FDB8E6,L00127B81B967,P003,2025-01-10 12:35:14 UTC,1,59.95,delivered,accepted,2025-01-10 12:37:40 UTC,
RA63673B188B32,L3B5C60061588,P002,2025-04-12 22:46:08 UTC,1,70.93,delivered,accepted,2025-04-12 22:50:30 UTC,
RA23858E009BA1,L27C6C88BC402,P006,2025-01-05 13:25:12 UTC,1,132.93,delivered,accepted,2025-01-05 13:25:52 UTC,
RA41E09CD5105A,L0626313B8EE1,P002,2025-03-30 22:48:27 UTC,1,66.53,delivered,accepted,2025-03-30 22:49:17 UTC,
RA9851C47777D4,L3BE92AB17A2A,P010,2025-01-17 11:25:33 UTC,1,79.44,delivered,no_response,2025-01-17 11:29:57 UTC,capacity
RA84E104F20266,L653146F7B4AC,P002,2025-03-06 15:03:00 UTC,1,64.45,delivered,rejected,2025-03-06 15:06:09 UTC,price_too_low
RAD070A2E6A664,L308972EA6F67,P003,2025-04-27 13:05:05 UTC,1,76.45,delivered,accepted,2025-04-27 13:06:26 UTC,
RA2FFFACC36FA2,L9ECEC671B1FA,P001,2025-01-14 08:46:33 UTC,1,71.14,delivered,no_response,2025-01-14 08:48:45 UTC,quality
RA0C6CA176BC3C,L9ECEC671B1FA,P002,2025-01-14 08:46:13 UTC,2,69.53,delivered,capacity_exceeded,2025-01-14 08:46:34 UTC,price_too_low
RAD80D15800A54,L2C7B383F87A9,P010,2025-04-21 14:49:54 UTC,1,81.43,delivered,accepted,2025-04-21 14:51:19 UTC,
RAC13664BF8CB0,L50EC68416C39,P010,2025-04-17 08:33:01 UTC,1,73.45,delivered,accepted,2025-04-17 08:37:22 UTC,
RAE49E3DDC45D2,L3157ECD0A9C4,P003,2025-05-19 08:51:55 UTC,1,76.04,delivered,rejected,2025-05-19 08:55:18 UTC,state_not_covered
RA4B6A5D7F6B74,L11E8558945E1,P005,2025-05-29 15:08:15 UTC,1,94.44,delivered,accepted,2025-05-29 15:08:26 UTC,
RA861725D1D729,L61B236FBF455,P002,2025-06-24 21:49:19 UTC,1,66.87,delivered,capacity_exceeded,2025-06-24 21:52:13 UTC,quality
RA48AB05192FCF,LA5C87A4B47C2,P007,2025-01-20 21:29:11 UTC,1,113.35,delivered,no_response,2025-01-20 21:29:55 UTC,price_too_low
RAEF2B72E22132,L74987CA4740E,P001,2025-02-07 09:52:18 UTC,1,58.92,delivered,accepted,2025-02-07 09:52:31 UTC,
RA929D2279806B,LE54AF5E77B5D,P007,2025-01-20 15:05:56 UTC,1,111.64,delivered,rejected,2025-01-20 15:09:11 UTC,quality
RA5CB5D5E7E380,LE54AF5E77B5D,P010,2025-01-20 15:06:06 UTC,2,65.15,delivered,accepted,2025-01-20 15:10:47 UTC,
RAAAAA664B4546,LAFA89ADE296F,P010,2025-05-03 11:14:01 UTC,1,64.51,delivered,capacity_exceeded,2025-05-03 11:16:27 UTC,quality
RA090071923E99,L3A7BBF96C0C0,P003,2025-02-12 22:33:49 UTC,1,72.11,delivered,capacity_exceeded,2025-02-12 22:35:53 UTC,capacity
RACCF2075AEA01,L358A7EF14E30,P010,2025-03-11 10:02:57 UTC,1,69.71,delivered,accepted,2025-03-11 10:04:36 UTC,
RA4C3848C0A8D1,LC50C87CD387B,P010,2025-05-08 14:30:01 UTC,1,62.55,delivered,rejected,2025-05-08 14:30:36 UTC,state_not_covered
RA7BE3074396B8,L336CF5BE0A47,P005,2025-05-15 15:31:02 UTC,1,109.25,delivered,accepted,2025-05-15 15:35:44 UTC,
RA0F0BCB1EC62B,L1F42AB2409DB,P006,2025-04-13 10:32:02 UTC,1,120.99,delivered,capacity_exceeded,2025-04-13 10:33:54 UTC,state_not_covered
RAD989DED7DC39,L1F42AB2409DB,P010,2025-04-13 10:32:11 UTC,2,73.62,delivered,accepted,2025-04-13 10:32:47 UTC,
RAF09C639A06D2,L38D247DC579A,P003,2025-05-07 11:45:16 UTC,1,65.99,delivered,rejected,2025-05-07 11:49:48 UTC,quality
RADE3DFE3E9365,LADCBEDA0BD38,P003,2025-06-07 21:56:38 UTC,1,73.87,delivered,capacity_exceeded,2025-06-07 21:57:14 UTC,price_too_low
RA320BDF016C12,LA748AECA965B,P002,2025-05-27 11:21:06 UTC,1,79.77,delivered,accepted,2025-05-27 11:24:46 UTC,
RA0A0668E933EC,L731ADAA46293,P003,2025-06-12 14:24:46 UTC,1,75.37,delivered,accepted,2025-06-12 14:28:24 UTC,
RA81A299DABAA8,L43B445D9932D,P005,2025-05-13 17:43:03 UTC,1,108.65,delivered,accepted,2025-05-13 17:46:39 UTC,
RA9C202083F712,L646ECA1D960E,P009,2025-02-17 19:15:39 UTC,1,56.26,delivered,rejected,2025-02-17 19:18:09 UTC,price_too_low
RAF773E8F428D8,LD4AA28F30C05,P010,2025-01-28 19:19:47 UTC,1,61.44,delivered,accepted,2025-01-28 19:20:19 UTC,
RA7CA0907ED749,LCC870E5CB345,P005,2025-04-29 10:30:49 UTC,1,105.3,delivered,no_response,2025-04-29 10:35:25 UTC,price_too_low
RAA87F538C47FF,LA959ED9D4796,P010,2025-04-07 15:46:12 UTC,1,80.96,delivered,capacity_exceeded,2025-04-07 15:48:26 UTC,capacity
RAB15FABE0B5DE,L5BF3B601F923,P010,2025-03-25 09:58:04 UTC,1,69.82,delivered,accepted,2025-03-25 09:58:32 UTC,
RA2D658B7FC129,LABC78A2D9A29,P005,2025-05-27 08:43:12 UTC,1,95.12,delivered,capacity_exceeded,2025-05-27 08:45:14 UTC,quality
RAF2ECCEFADFFB,L05CDF2732EAF,P002,2025-04-14 17:44:42 UTC,1,65.18,delivered,accepted,2025-04-14 17:48:09 UTC,
RA6C965A5F008E,LC23E3AFE57E7,P004,2025-06-12 14:33:11 UTC,1,96.85,delivered,accepted,2025-06-12 14:33:55 UTC,
RAD8C927F44055,L1191671B1B04,P003,2025-01-30 12:39:31 UTC,1,60.56,delivered,no_response,2025-01-30 12:42:03 UTC,capacity
RAE77EC59057CC,LC04D3AD2C6EA,P009,2025-06-13 14:36:11 UTC,1,49.35,delivered,rejected,2025-06-13 14:40:56 UTC,state_not_covered
RA1E77F4D86D72,L1D13A9B6DD56,P003,2025-02-08 13:56:36 UTC,1,72.61,delivered,capacity_exceeded,2025-02-08 13:57:10 UTC,capacity
RAF393A3294CA3,L86B8CAB90BB1,P005,2025-04-11 16:00:32 UTC,1,108.2,delivered,accepted,2025-04-11 16:04:39 UTC,
RA4D97AF7BC7B0,L3877C71745E2,P001,2025-06-07 22:39:11 UTC,1,71.63,delivered,capacity_exceeded,2025-06-07 22:43:22 UTC,state_not_covered
RA65EB9210AEF6,L3877C71745E2,P002,2025-06-07 22:38:49 UTC,2,65.23,delivered,accepted,2025-06-07 22:42:35 UTC,
RABF292888F43D,L335545E9EE4A,P008,2025-05-29 11:10:28 UTC,1,83.48,delivered,rejected,2025-05-29 11:13:41 UTC,quality
RAB27550812B03,LB55FA2A84C0D,P006,2025-05-17 19:55:37 UTC,1,124.49,delivered,accepted,2025-05-17 19:58:44 UTC,
RA46AC818C4DDC,L7D1C929976E6,P003,2025-01-17 08:37:40 UTC,1,75.09,delivered,accepted,2025-01-17 08:38:21 UTC,
RA03CF947C6F93,L63B63B9639A2,P010,2025-02-18 16:16:20 UTC,1,65.63,delivered,accepted,2025-02-18 16:16:38 UTC,
RA38A7B26A0C12,L0A1CD32C3F0D,P002,2025-04-23 07:35:08 UTC,1,78.32,delivered,accepted,2025-04-23 07:36:26 UTC,
RADDA73C3F25E5,L9120CCB9A355,P005,2025-02-20 19:41:08 UTC,1,97.35,delivered,rejected,2025-02-20 19:45:12 UTC,capacity
RA5F27895B8EA3,L499C38D4AB80,P005,2025-05-03 20:42:33 UTC,1,120.27,delivered,capacity_exceeded,2025-05-03 20:46:05 UTC,quality
RAB95685C0B942,LD51EA0989780,P003,2025-02-27 16:33:53 UTC,1,67.0,delivered,capacity_exceeded,2025-02-27 16:36:31 UTC,state_not_covered
RA5C654E6AB0F9,LD51EA0989780,P009,2025-02-27 16:33:47 UTC,2,60.07,delivered,accepted,2025-02-27 16:36:39 UTC,
RA06298FB1AB3A,L94477D37344A,P002,2025-05-21 18:53:32 UTC,1,63.89,delivered,accepted,2025-05-21 18:57:20 UTC,
RA70CC9D10E955,L6298452D34BB,P003,2025-06-10 21:48:21 UTC,1,66.98,delivered,no_response,2025-06-10 21:50:08 UTC,capacity
RAD682A55CA11A,L6298452D34BB,P002,2025-06-10 21:48:27 UTC,2,81.84,delivered,accepted,2025-06-10 21:50:23 UTC,
RA99F56BD821F3,L04358EAED656,P009,2025-05-22 08:54:06 UTC,1,55.16,delivered,accepted,2025-05-22 08:54:37 UTC,
RAC5A39BDD7D91,L5442EE5D15F6,P001,2025-05-29 20:27:25 UTC,1,55.97,delivered,no_response,2025-05-29 20:31:05 UTC,quality
RAB445C3461EAC,L9066C5EAE264,P010,2025-05-05 08:03:07 UTC,1,69.5,delivered,no_response,2025-05-05 08:04:13 UTC,capacity
RA7426AD7C6896,L9066C5EAE264,P008,2025-05-05 08:03:08 UTC,2,72.74,delivered,accepted,2025-05-05 08:04:01 UTC,
RAAFCBEA7E790B,LA9BD93F363E9,P003,2025-05-15 16:41:21 UTC,1,59.48,delivered,rejected,2025-05-15 16:44:38 UTC,state_not_covered
RA3B1CD367D244,L9B3B8600E298,P003,2025-04-11 13:17:53 UTC,1,70.05,delivered,rejected,2025-04-11 13:21:01 UTC,quality
RA947C05ECC64A,L46C0A465371E,P004,2025-02-22 20:29:58 UTC,1,81.19,delivered,accepted,2025-02-22 20:32:08 UTC,
RA1FD0BF8E4E8B,L21758D887CDF,P010,2025-04-13 10:06:16 UTC,1,73.46,delivered,accepted,2025-04-13 10:11:09 UTC,
RA76730B97C956,L1D046380C07A,P003,2025-04-05 09:32:56 UTC,1,68.84,delivered,accepted,2025-04-05 09:37:01 UTC,
RA5F2386B02FE9,L210EC67BA40F,P003,2025-03-16 11:22:09 UTC,1,58.15,delivered,accepted,2025-03-16 11:23:45 UTC,
RA59A523D48CDA,L68406B5019CB,P003,2025-02-23 20:42:26 UTC,1,72.19,delivered,accepted,2025-02-23 20:44:08 UTC,
RAB6618234A998,LE07BF324E079,P001,2025-06-13 16:02:57 UTC,1,64.93,delivered,accepted,2025-06-13 16:04:28 UTC,
RA4A0BF498F1C5,LC209ED55FE71,P007,2025-01-12 08:24:48 UTC,1,141.94,delivered,accepted,2025-01-12 08:25:42 UTC,
RABCE003C0CBB0,LB4BEA6C800C5,P003,2025-06-23 16:39:11 UTC,1,61.4,delivered,accepted,2025-06-23 16:41:46 UTC,
RA25A753E4FDC1,LEF0EC3A83F8F,P003,2025-06-09 18:06:47 UTC,1,78.2,delivered,capacity_exceeded,2025-06-09 18:08:19 UTC,quality
RA84C29637FE36,LEF0EC3A83F8F,P008,2025-06-09 18:07:23 UTC,2,81.1,delivered,accepted,2025-06-09 18:08:57 UTC,
RA8868338E0096,L971A223EDC6E,P002,2025-06-28 07:56:50 UTC,1,73.02,delivered,accepted,2025-06-28 08:00:29 UTC,
RA3F58BB42D4AA,LD9CA3AFF5F72,P001,2025-02-04 12:26:03 UTC,1,69.47,delivered,accepted,2025-02-04 12:28:35 UTC,
RAF77FD09A3BF6,L1706693482FB,P002,2025-05-12 17:36:21 UTC,1,73.89,delivered,rejected,2025-05-12 17:37:41 UTC,capacity
RAD9375AB83AB4,L1706693482FB,P010,2025-05-12 17:35:43 UTC,2,64.13,delivered,accepted,2025-05-12 17:38:08 UTC,
RA659379B1AF4F,L43C0FB1B1731,P003,2025-06-14 19:41:54 UTC,1,59.08,delivered,accepted,2025-06-14 19:44:30 UTC,
RA742C56AB038C,LF7E7B47D4F13,P003,2025-01-24 21:47:26 UTC,1,68.99,delivered,rejected,2025-01-24 21:47:55 UTC,capacity
RAE81DDAB06424,L49EB7014F793,P003,2025-05-05 14:33:16 UTC,1,68.25,delivered,capacity_exceeded,2025-05-05 14:36:22 UTC,state_not_covered
RA2B7F2DC748FE,L66405C2C0515,P010,2025-01-17 20:13:45 UTC,1,79.52,delivered,capacity_exceeded,2025-01-17 20:17:22 UTC,capacity
RA4BD9D673EFF2,L7E5CED7A70CC,P003,2025-01-26 13:09:47 UTC,1,70.15,delivered,accepted,2025-01-26 13:13:45 UTC,
RA6B7704CA3655,L1DF4481EE7EB,P006,2025-03-31 12:46:29 UTC,1,133.8,delivered,capacity_exceeded,2025-03-31 12:51:17 UTC,capacity
RA382554E31DF6,L33CBB9A38274,P001,2025-05-15 20:29:46 UTC,1,63.9,delivered,accepted,2025-05-15 20:30:41 UTC,
RA6788744FE496,LADB10312D814,P004,2025-01-06 22:39:28 UTC,1,106.67,delivered,accepted,2025-01-06 22:42:51 UTC,
RAECF0A77AA4AC,L8B33C2689BBF,P008,2025-05-12 22:23:12 UTC,1,74.18,delivered,accepted,2025-05-12 22:27:09 UTC,
RA303DCF6BC72C,LE4B1BA28DE0B,P010,2025-03-14 21:42:52 UTC,1,71.76,delivered,rejected,2025-03-14 21:45:29 UTC,quality
RA7EA1600B010C,LE4B1BA28DE0B,P002,2025-03-14 21:42:47 UTC,2,83.68,delivered,accepted,2025-03-14 21:43:03 UTC,
RA54A97D26BC79,LC5200D312A1A,P001,2025-03-03 12:41:08 UTC,1,67.97,delivered,accepted,2025-03-03 12:42:04 UTC,
RAE4E4B9F86581,LCF9B62562688,P009,2025-03-09 17:11:16 UTC,1,55.53,delivered,accepted,2025-03-09 17:15:44 UTC,
RAA3205E575EFF,LC13A179D4509,P010,2025-04-12 13:39:35 UTC,1,68.93,delivered,accepted,2025-04-12 13:42:27 UTC,
RABC87A666C021,L3A95F8A66D1C,P001,2025-04-20 21:29:47 UTC,1,59.7,delivered,accepted,2025-04-20 21:33:49 UTC,
RA8FD80305157A,L633714F9FC77,P003,2025-01-11 11:14:26 UTC,1,70.41,delivered,accepted,2025-01-11 11:16:01 UTC,
RA9BDA568651D5,L687C747A4B9B,P002,2025-05-08 15:01:05 UTC,1,67.46,delivered,accepted,2025-05-08 15:04:31 UTC,
RADB535E66193F,LB97B494AA3E7,P002,2025-03-20 19:05:57 UTC,1,84.51,delivered,accepted,2025-03-20 19:08:15 UTC,
RAAFD5557E7FA2,LB010DAEC5A2B,P009,2025-06-25 15:33:27 UTC,1,65.78,delivered,rejected,2025-06-25 15:36:54 UTC,capacity
RABE1254E0C2B8,LA7D9807BA440,P010,2025-01-05 17:18:40 UTC,1,78.91,delivered,accepted,2025-01-05 17:23:18 UTC,
RA7B3E564AFC15,L07DD93542C57,P002,2025-02-17 12:37:32 UTC,1,68.47,delivered,no_response,2025-02-17 12:40:38 UTC,state_not_covered
RA0B7BF39A4BCD,L07DD93542C57,P010,2025-02-17 12:37:38 UTC,2,80.38,delivered,rejected,2025-02-17 12:38:11 UTC,capacity
RA9B88EB953DB0,LAE712ABAD6C4,P001,2025-06-13 14:57:45 UTC,1,64.55,delivered,rejected,2025-06-13 14:58:30 UTC,state_not_covered
RAD061A4117A46,L3050C3C9EBCD,P002,2025-02-06 12:59:45 UTC,1,69.84,delivered,accepted,2025-02-06 13:03:07 UTC,
RAF04FDC5C6454,L1A8CB7F56AB1,P009,2025-04-02 21:17:54 UTC,1,49.36,delivered,accepted,2025-04-02 21:22:03 UTC,
RA90089BE70E6E,LC42A147D5365,P010,2025-02-25 18:12:18 UTC,1,81.93,delivered,accepted,2025-02-25 18:16:45 UTC,
RA3E743C406A8E,LCC547F3CB5CA,P003,2025-03-07 12:52:42 UTC,1,59.61,delivered,accepted,2025-03-07 12:55:51 UTC,
RA77C72C7C061E,L829E7FB2755A,P008,2025-06-26 11:20:57 UTC,1,88.28,delivered,accepted,2025-06-26 11:24:58 UTC,
RA63249337BA0A,LAE3BCCFB7C6E,P001,2025-01-21 21:22:37 UTC,1,66.03,delivered,capacity_exceeded,2025-01-21 21:25:31 UTC,price_too_low
RA08CFEC98EED5,LAE3BCCFB7C6E,P009,2025-01-21 21:23:15 UTC,2,58.89,delivered,no_response,2025-01-21 21:26:37 UTC,price_too_low
RA9CD6852B82BC,LAE3BCCFB7C6E,P002,2025-01-21 21:22:49 UTC,3,74.07,delivered,accepted,2025-01-21 21:24:58 UTC,
RA1BAE2FEE3E35,LF498BC8EC6D6,P009,2025-01-31 22:23:38 UTC,1,52.71,delivered,capacity_exceeded,2025-01-31 22:24:51 UTC,state_not_covered
RA33493C629770,L6F9412D3F35E,P002,2025-01-11 09:10:09 UTC,1,80.46,delivered,accepted,2025-01-11 09:11:29 UTC,
RA413DFA29E02C,LB9384BF36B9F,P001,2025-02-13 21:06:34 UTC,1,58.74,delivered,accepted,2025-02-13 21:10:42 UTC,
RAF9481AC23C81,LCFBE7D69F861,P003,2025-01-23 18:45:54 UTC,1,61.68,delivered,rejected,2025-01-23 18:49:13 UTC,state_not_covered
RAE71A85BB49DF,LD072DB768682,P002,2025-04-07 08:25:53 UTC,1,78.25,delivered,accepted,2025-04-07 08:27:47 UTC,
RA82D90ADC463A,L3BB34A088228,P010,2025-04-02 21:26:13 UTC,1,72.89,delivered,rejected,2025-04-02 21:29:36 UTC,quality
RA811E83228831,LF2D2C9F66834,P001,2025-05-08 10:34:14 UTC,1,57.23,delivered,capacity_exceeded,2025-05-08 10:38:13 UTC,state_not_covered
RAA3B2CEFECD22,L63E1303C1DF1,P002,2025-03-11 10:16:25 UTC,1,77.57,delivered,accepted,2025-03-11 10:17:16 UTC,
RA7B8B15DCF3C5,L9BD9C62AF899,P001,2025-01-19 09:36:21 UTC,1,67.07,delivered,accepted,2025-01-19 09:37:48 UTC,
RA67DCC06CBD7C,L7E3632E7D37B,P009,2025-02-04 09:06:48 UTC,1,52.49,delivered,accepted,2025-02-04 09:11:18 UTC,
RA30720B659A24,L68FF7B8B8C55,P005,2025-01-20 11:11:37 UTC,1,109.02,delivered,accepted,2025-01-20 11:14:56 UTC,
RABEF2E465C67B,L9197C1C65C1A,P009,2025-04-26 22:19:35 UTC,1,51.87,delivered,accepted,2025-04-26 22:21:26 UTC,
RA2776CD7F5AFA,LC20B334562F4,P003,2025-05-31 08:27:02 UTC,1,57.91,delivered,accepted,2025-05-31 08:30:39 UTC,
RA5626C099DD98,LB3572904DA24,P010,2025-01-29 16:26:46 UTC,1,82.58,delivered,capacity_exceeded,2025-01-29 16:30:13 UTC,quality
RAA5DBBFF4B4F3,LBAE00E16491E,P003,2025-03-07 08:14:39 UTC,1,60.23,delivered,accepted,2025-03-07 08:16:45 UTC,
RAF4E7A652D763,L7AD74DD4E84D,P007,2025-04-12 19:49:01 UTC,1,132.55,delivered,no_response,2025-04-12 19:53:03 UTC,capacity
RAE4DF3C304E4E,LFE65C89C3DA5,P002,2025-04-08 08:21:24 UTC,1,74.26,delivered,no_response,2025-04-08 08:23:14 UTC,quality
RA0542A6B44283,L5B19E74A1B61,P002,2025-03-04 16:53:44 UTC,1,70.3,delivered,accepted,2025-03-04 16:55:16 UTC,
RA25A8371B7A43,L888B3D9E8DFB,P002,2025-05-02 21:01:28 UTC,1,81.98,delivered,accepted,2025-05-02 21:04:36 UTC,
RADEE692188B93,L101D41174465,P010,2025-01-04 10:13:23 UTC,1,79.17,delivered,no_response,2025-01-04 10:15:21 UTC,capacity
RA8E7C580E92FA,L4515CCDFEED8,P002,2025-04-16 16:52:29 UTC,1,71.09,delivered,accepted,2025-04-16 16:53:28 UTC,
RAA9CD86644767,L3C6625BCDF14,P002,2025-03-26 12:23:42 UTC,1,68.7,delivered,accepted,2025-03-26 12:25:27 UTC,
RA4545E3612FC4,LBA6724DC8F0F,P010,2025-04-27 21:20:42 UTC,1,61.99,delivered,accepted,2025-04-27 21:23:04 UTC,
RAF8A983CFE6F6,L451F04E10F1E,P009,2025-03-28 13:35:48 UTC,1,53.6,delivered,accepted,2025-03-28 13:36:12 UTC,
RA57492F7F24C9,L21949DE0379B,P010,2025-03-28 08:31:02 UTC,1,76.34,delivered,rejected,2025-03-28 08:34:45 UTC,capacity
RAB186905DB18B,L75E520DB25A4,P009,2025-06-01 13:39:01 UTC,1,55.35,delivered,no_response,2025-06-01 13:40:41 UTC,price_too_low
RADF7BE5661F37,L5A4BE9459A55,P002,2025-01-04 19:38:35 UTC,1,74.4,delivered,accepted,2025-01-04 19:42:25 UTC,
RA05EA72D32598,L07D80CCA5461,P003,2025-05-20 07:38:28 UTC,1,74.27,delivered,accepted,2025-05-20 07:40:15 UTC,
RA60A10772B755,L7F104ED4CA7D,P010,2025-05-17 18:18:48 UTC,1,66.91,delivered,rejected,2025-05-17 18:23:27 UTC,capacity
RA4D1745B242A7,L7F104ED4CA7D,P006,2025-05-17 18:18:38 UTC,2,110.46,delivered,rejected,2025-05-17 18:18:58 UTC,quality
RAE27BBAEC4408,L7F104ED4CA7D,P007,2025-05-17 18:18:40 UTC,3,122.27,delivered,accepted,2025-05-17 18:19:31 UTC,
RAD6B3457C2A8F,L714E1B299F0D,P003,2025-03-12 12:38:56 UTC,1,64.46,delivered,rejected,2025-03-12 12:39:08 UTC,price_too_low
RA9A7633AE580E,LC01B116442EE,P005,2025-03-12 13:04:04 UTC,1,117.91,delivered,accepted,2025-03-12 13:07:27 UTC,
RA6C53F93C2946,LC072E9B02BB5,P002,2025-05-26 17:32:51 UTC,1,65.73,delivered,accepted,2025-05-26 17:36:22 UTC,
RAF045080911AE,LAD3502A92BE1,P003,2025-01-21 09:46:05 UTC,1,63.98,delivered,rejected,2025-01-21 09:46:23 UTC,price_too_low
RAC52513B6F6BE,LAD3502A92BE1,P001,2025-01-21 09:46:40 UTC,2,56.71,delivered,accepted,2025-01-21 09:48:05 UTC,
RAE37784EA15A6,L23FEF7C76EC1,P010,2025-06-23 07:18:23 UTC,1,70.63,delivered,accepted,2025-06-23 07:21:08 UTC,
RA67FEAAB4E789,L40B7A73BF007,P002,2025-01-08 23:01:54 UTC,1,78.85,delivered,accepted,2025-01-08 23:05:48 UTC,
RA8216F2E284ED,LCBD92DD34677,P010,2025-01-26 09:26:24 UTC,1,79.49,delivered,accepted,2025-01-26 09:28:36 UTC,
RA89FD3C3CA081,L04BD7A694399,P007,2025-03-11 10:12:22 UTC,1,121.61,delivered,capacity_exceeded,2025-03-11 10:14:45 UTC,state_not_covered
RADF53C80FBD05,L8274D8D6ABA3,P003,2025-02-06 10:20:00 UTC,1,62.63,delivered,accepted,2025-02-06 10:23:00 UTC,
RA58C52961159E,L36797BFDB78A,P002,2025-01-05 16:18:44 UTC,1,81.61,delivered,accepted,2025-01-05 16:21:53 UTC,
RA01DE852E6BCE,LFFEB8D83073C,P009,2025-04-22 10:15:17 UTC,1,57.75,delivered,accepted,2025-04-22 10:18:32 UTC,
RAA060B9084FC1,L1C461F5D501B,P001,2025-01-29 18:05:40 UTC,1,70.27,delivered,accepted,2025-01-29 18:08:31 UTC,
RAD23B94F4D321,L7A0CCC051B79,P002,2025-06-24 23:08:21 UTC,1,64.73,delivered,accepted,2025-06-24 23:09:19 UTC,
RAC403692ADCEE,LEFA3C67D61DC,P007,2025-01-27 20:45:33 UTC,1,146.26,delivered,accepted,2025-01-27 20:46:35 UTC,
RA3B067A23FD68,L551571C99BA2,P001,2025-03-11 12:47:11 UTC,1,59.27,delivered,accepted,2025-03-11 12:47:34 UTC,
RACED19221F8BE,L8121940E85E0,P010,2025-02-01 14:33:19 UTC,1,72.0,delivered,capacity_exceeded,2025-02-01 14:36:59 UTC,state_not_covered
RA68BCB23E8E62,LC255001EAE4B,P009,2025-04-11 08:24:20 UTC,1,57.84,delivered,accepted,2025-04-11 08:29:05 UTC,
RA4710A02571BB,L3152E5D896E4,P001,2025-02-23 07:28:15 UTC,1,57.92,delivered,accepted,2025-02-23 07:32:16 UTC,
RABC29D2BFDE52,LF78E28EC7C34,P009,2025-06-08 17:28:17 UTC,1,53.37,delivered,rejected,2025-06-08 17:31:40 UTC,quality
RA1778FA9561C3,LF78E28EC7C34,P003,2025-06-08 17:27:52 UTC,2,59.99,delivered,no_response,2025-06-08 17:30:08 UTC,capacity
RA3DA43FCB2EF6,LF78E28EC7C34,P001,2025-06-08 17:27:38 UTC,3,56.75,delivered,capacity_exceeded,2025-06-08 17:28:34 UTC,capacity
RAE202A0106A46,LE3FA9EE978AC,P002,2025-01-17 08:09:21 UTC,1,74.04,delivered,accepted,2025-01-17 08:13:39 UTC,
RA07AA79B1DFE9,LB83B57B66FE3,P007,2025-05-31 15:34:51 UTC,1,114.77,delivered,accepted,2025-05-31 15:37:22 UTC,
RA75CBA4BE8FF9,L3288D99E5706,P001,2025-01-17 19:20:41 UTC,1,69.02,delivered,accepted,2025-01-17 19:22:39 UTC,
RA8C3C6CC38346,LAE8609579326,P009,2025-04-29 20:22:10 UTC,1,65.98,delivered,accepted,2025-04-29 20:25:07 UTC,
RA8569E1244F02,L967EEF39D308,P003,2025-03-28 22:13:17 UTC,1,69.59,delivered,accepted,2025-03-28 22:15:59 UTC,
RA306044C82275,L7DE4BD6BA3FE,P003,2025-04-10 15:00:31 UTC,1,66.04,delivered,accepted,2025-04-10 15:04:55 UTC,
RAE14D57BAD959,L08604EB9388A,P007,2025-04-13 17:18:36 UTC,1,133.4,delivered,rejected,2025-04-13 17:19:19 UTC,price_too_low
RAE95F524E451D,L8CE3BE8BAE55,P009,2025-03-02 14:14:52 UTC,1,61.15,delivered,accepted,2025-03-02 14:16:16 UTC,
RA8AD33E4CA198,L72A49BD676E8,P003,2025-04-06 08:27:53 UTC,1,73.61,delivered,accepted,2025-04-06 08:31:28 UTC,
RA7D49F9F079D4,L7028542440EF,P003,2025-06-04 09:28:33 UTC,1,67.78,delivered,rejected,2025-06-04 09:32:14 UTC,price_too_low
RA27A54ED43044,L7028542440EF,P010,2025-06-04 09:29:12 UTC,2,65.41,delivered,accepted,2025-06-04 09:31:26 UTC,
RA5158BB39AA6B,LBCA3D8FA1BCC,P001,2025-03-07 16:55:38 UTC,1,58.6,delivered,rejected,2025-03-07 16:58:48 UTC,quality
RAA43C67DBD9BB,LED76DF1559CC,P009,2025-03-04 20:14:23 UTC,1,64.35,delivered,accepted,2025-03-04 20:16:54 UTC,
RA484D0C5F9FDB,L0F197B654677,P003,2025-06-13 19:26:13 UTC,1,65.49,delivered,capacity_exceeded,2025-06-13 19:29:12 UTC,state_not_covered
RACEE7567C9EC5,L0F197B654677,P001,2025-06-13 19:26:08 UTC,2,55.34,delivered,capacity_exceeded,2025-06-13 19:27:59 UTC,price_too_low
RA19B37C794D2C,L90C758BC0B34,P003,2025-03-11 16:10:43 UTC,1,67.46,delivered,capacity_exceeded,2025-03-11 16:11:36 UTC,state_not_covered
RAA3E7092D872C,LB09DA2B2ED46,P001,2025-01-05 19:36:21 UTC,1,66.32,delivered,accepted,2025-01-05 19:36:56 UTC,
RA698E3D9280F7,L070D125D7B0C,P007,2025-02-21 20:26:14 UTC,1,116.03,delivered,no_response,2025-02-21 20:26:59 UTC,capacity
RA3660A6DAF7B5,LAA3A03C985A0,P003,2025-04-13 11:59:23 UTC,1,70.13,delivered,accepted,2025-04-13 12:03:58 UTC,
RAFD6AC59D8E99,L6E39AB805742,P003,2025-06-15 07:26:14 UTC,1,58.42,delivered,accepted,2025-06-15 07:27:01 UTC,
RA3BD4043CCE27,L77FDCABF8B94,P002,2025-04-05 12:37:38 UTC,1,74.89,delivered,accepted,2025-04-05 12:41:16 UTC,
RAAEF4268AE27F,LC0D740F03354,P007,2025-06-27 17:21:29 UTC,1,143.82,delivered,capacity_exceeded,2025-06-27 17:23:29 UTC,price_too_low
RADE0F19795B73,L657C49B48994,P010,2025-01-30 07:30:38 UTC,1,71.59,delivered,accepted,2025-01-30 07:34:37 UTC,
RA53A8B5812C6D,L3362ACE23CC8,P006,2025-02-22 12:20:28 UTC,1,132.42,delivered,accepted,2025-02-22 12:23:10 UTC,
RACC204DD59980,L743E590361F3,P009,2025-01-13 17:26:54 UTC,1,56.91,delivered,capacity_exceeded,2025-01-13 17:31:44 UTC,price_too_low
RA9AFF544B0DE8,L7AE6489C219C,P008,2025-01-12 16:57:58 UTC,1,72.46,delivered,accepted,2025-01-12 17:02:40 UTC,
RACE866564422B,L133A6D1CDBFF,P009,2025-05-31 12:23:59 UTC,1,65.01,delivered,accepted,2025-05-31 12:25:25 UTC,
RA5A0A13BBFBD4,L4A111EA3F8E3,P003,2025-01-06 10:32:11 UTC,1,67.84,delivered,accepted,2025-01-06 10:34:11 UTC,
RABB6AFCCD4098,L12C8824A1207,P002,2025-01-21 12:01:04 UTC,1,68.27,delivered,capacity_exceeded,2025-01-21 12:04:45 UTC,price_too_low
RAB146658090C8,L3ED81C883FCD,P006,2025-02-26 22:17:15 UTC,1,129.75,delivered,capacity_exceeded,2025-02-26 22:18:12 UTC,price_too_low
RAE206AADE0457,L7F892FC0CC7A,P002,2025-02-27 10:09:17 UTC,1,68.74,delivered,accepted,2025-02-27 10:11:05 UTC,
RA05D0FB2B8C04,LD416C5AFB4C7,P002,2025-04-01 20:31:43 UTC,1,83.41,delivered,accepted,2025-04-01 20:35:09 UTC,
RAFD87B6192CF0,L8CACD3C7D042,P002,2025-05-21 14:21:05 UTC,1,77.09,delivered,accepted,2025-05-21 14:21:49 UTC,
RA9CA1B62AEF59,LB3B3C8D5DC3C,P007,2025-02-27 15:54:27 UTC,1,114.51,delivered,no_response,2025-02-27 15:56:51 UTC,capacity
RA3EFBAE8E7828,L8F9E5BCCB03F,P005,2025-01-24 13:31:20 UTC,1,97.79,delivered,accepted,2025-01-24 13:33:41 UTC,
RAF65E76C232D5,L18935F80E093,P005,2025-04-29 08:11:27 UTC,1,110.56,delivered,no_response,2025-04-29 08:14:30 UTC,state_not_covered
RA2E6D0C3F4AFB,L9859159650F4,P009,2025-02-16 22:23:54 UTC,1,61.82,delivered,accepted,2025-02-16 22:26:48 UTC,
RA4D44F87FB285,L7E1B5D30F5B9,P004,2025-03-04 13:30:49 UTC,1,105.56,delivered,capacity_exceeded,2025-03-04 13:31:26 UTC,quality
RA3270114A7C1C,LCC0060B7E6B9,P005,2025-05-05 08:17:49 UTC,1,94.99,delivered,accepted,2025-05-05 08:17:59 UTC,
RACBD3F61D3295,L3EABC1D47C08,P006,2025-02-05 07:22:23 UTC,1,104.22,delivered,capacity_exceeded,2025-02-05 07:26:30 UTC,state_not_covered
RA32B36A44B3D2,L3EABC1D47C08,P010,2025-02-05 07:22:23 UTC,2,67.32,delivered,accepted,2025-02-05 07:24:53 UTC,
RA1403CB645DD9,L2E2BBD49B269,P010,2025-06-29 12:22:21 UTC,1,64.35,delivered,accepted,2025-06-29 12:26:13 UTC,
RA7EF8814B452D,L52D0FB17BF21,P001,2025-03-26 10:59:36 UTC,1,67.43,delivered,accepted,2025-03-26 11:03:22 UTC,
RAA1EB5BE2EAC2,LAF9158662885,P002,2025-01-17 08:52:08 UTC,1,73.18,delivered,accepted,2025-01-17 08:53:38 UTC,
RA85DCBC337D9A,LD4B506E0F919,P002,2025-01-31 16:44:24 UTC,1,79.08,delivered,accepted,2025-01-31 16:45:20 UTC,
RA14D339D7A560,L4BA66E4853EC,P002,2025-01-08 13:30:16 UTC,1,81.03,delivered,accepted,2025-01-08 13:34:02 UTC,
RA49D390FD37CC,L09DED767B282,P003,2025-05-18 14:49:15 UTC,1,63.04,delivered,accepted,2025-05-18 14:50:29 UTC,
RA6EC7C087DCEC,LEDB47EB0FCD8,P010,2025-02-14 12:03:52 UTC,1,65.41,delivered,accepted,2025-02-14 12:07:20 UTC,
RA0BD8DCCC1156,LB169AA4C482D,P008,2025-02-18 13:06:30 UTC,1,80.61,delivered,accepted,2025-02-18 13:10:20 UTC,
RA7A3E821BFAA7,LCE582E62FE9E,P002,2025-06-27 22:28:58 UTC,1,68.64,delivered,accepted,2025-06-27 22:29:22 UTC,
RA473A1E529636,L3881B60FFA9A,P010,2025-03-30 09:37:00 UTC,1,62.08,delivered,accepted,2025-03-30 09:39:18 UTC,
RA57DF16BDFAFB,L1DB9DD82D43D,P003,2025-06-25 16:57:28 UTC,1,76.13,delivered,no_response,2025-06-25 16:57:39 UTC,state_not_covered
RAC2FBF01017C9,L2ECC3A335F83,P002,2025-03-03 14:18:03 UTC,1,86.21,delivered,accepted,2025-03-03 14:20:33 UTC,
RA933537B1FED7,L78818EB491FE,P005,2025-06-24 09:59:14 UTC,1,99.63,delivered,accepted,2025-06-24 10:00:00 UTC,
RA6E4D56CF7B40,L50C537CA16A5,P003,2025-04-26 10:16:10 UTC,1,63.81,delivered,accepted,2025-04-26 10:17:53 UTC,
RAF2830475B823,L0BBCAA4A3F1B,P010,2025-02-24 22:19:58 UTC,1,63.75,delivered,accepted,2025-02-24 22:24:13 UTC,
RA125BE61E260B,LD7EFFCE29A71,P007,2025-03-25 14:54:41 UTC,1,144.85,delivered,rejected,2025-03-25 14:56:38 UTC,capacity
RAF135912C1E2C,L95D889FBB753,P003,2025-01-11 21:58:23 UTC,1,65.38,delivered,rejected,2025-01-11 22:00:20 UTC,quality
RA75744DD5CD1B,LF4B8F8CA8A6A,P007,2025-05-06 12:26:03 UTC,1,141.27,delivered,accepted,2025-05-06 12:29:42 UTC,
RA8E27DB990B10,L390C9FE3FE09,P010,2025-05-21 17:20:45 UTC,1,73.77,delivered,accepted,2025-05-21 17:25:41 UTC,
RA8AB4A3537E09,LA5B60223D309,P002,2025-03-01 13:44:20 UTC,1,64.12,delivered,accepted,2025-03-01 13:48:16 UTC,
RA5A40737629C5,LDA2F820F2F16,P010,2025-01-03 16:02:05 UTC,1,63.3,delivered,no_response,2025-01-03 16:04:31 UTC,state_not_covered
RA36032291FD1B,LDA2F820F2F16,P007,2025-01-03 16:02:04 UTC,2,126.34,delivered,accepted,2025-01-03 16:03:25 UTC,
RA501E665E209E,LCF3752B38C64,P007,2025-04-27 10:02:39 UTC,1,137.69,delivered,accepted,2025-04-27 10:05:09 UTC,
RAB5F47F408E0D,LE85F351E29C4,P010,2025-04-27 14:46:12 UTC,1,65.78,delivered,accepted,2025-04-27 14:48:18 UTC,
RAD259E56B35A1,LD241545ADD38,P010,2025-02-19 10:39:47 UTC,1,82.48,delivered,accepted,2025-02-19 10:44:33 UTC,
RA8AF4509DB51E,L3A19F5AF4198,P003,2025-01-11 08:51:57 UTC,1,70.37,delivered,accepted,2025-01-11 08:53:32 UTC,
RA7B27E4D490E3,L10FE5FF1E3BA,P010,2025-02-28 08:43:35 UTC,1,79.2,delivered,accepted,2025-02-28 08:46:51 UTC,
RA4443D61E4D0F,LCC9BCE73C586,P010,2025-01-07 08:14:00 UTC,1,70.95,delivered,capacity_exceeded,2025-01-07 08:15:28 UTC,state_not_covered
RA34F2743AADE1,L022F8973CDAB,P001,2025-06-15 12:41:43 UTC,1,71.88,delivered,accepted,2025-06-15 12:43:49 UTC,
RA7F4D363D3C2C,LC15BCDDDB70B,P005,2025-01-06 21:08:49 UTC,1,111.13,delivered,capacity_exceeded,2025-01-06 21:09:08 UTC,state_not_covered
RA50C8E09FCEE6,L76D56621A8A3,P002,2025-06-28 18:14:06 UTC,1,82.57,delivered,accepted,2025-06-28 18:18:13 UTC,
RA8A37E6F8A55E,L311C3F75EF36,P009,2025-05-29 08:51:20 UTC,1,55.37,delivered,accepted,2025-05-29 08:52:09 UTC,
RAB3CB8E2621F9,L421AA93F8183,P010,2025-04-26 13:07:54 UTC,1,63.13,delivered,no_response,2025-04-26 13:09:54 UTC,capacity
RAFF1641BC8F64,LBC6F0FEAF06A,P010,2025-01-02 19:19:39 UTC,1,82.18,delivered,accepted,2025-01-02 19:20:34 UTC,
RA55333356DBC6,LDAC71D58DCF3,P003,2025-05-14 10:19:39 UTC,1,68.28,delivered,accepted,2025-05-14 10:20:35 UTC,
RA1A31B71DE112,L8912AD85D338,P002,2025-04-16 19:27:15 UTC,1,65.8,delivered,capacity_exceeded,2025-04-16 19:30:49 UTC,state_not_covered
RA02391BCAD922,LDADD41D099A3,P002,2025-02-13 16:55:58 UTC,1,67.52,delivered,accepted,2025-02-13 17:00:32 UTC,
RA60EF9E40F747,L50FDBE57C4E4,P004,2025-01-02 13:49:47 UTC,1,92.73,delivered,accepted,2025-01-02 13:52:00 UTC,
RAF7372C1992C0,L173C774E3194,P010,2025-01-23 12:05:01 UTC,1,61.89,delivered,rejected,2025-01-23 12:05:38 UTC,capacity
RA0AF7B7D51B33,LA70BEB9488CC,P010,2025-05-05 09:59:58 UTC,1,76.98,delivered,no_response,2025-05-05 10:02:32 UTC,quality
RA53C6D4CF8954,L28EAEA5C688E,P006,2025-02-14 20:58:04 UTC,1,127.27,delivered,accepted,2025-02-14 21:01:25 UTC,
RAD2A95DE93316,LA02814D90942,P007,2025-01-23 13:36:13 UTC,1,124.1,delivered,accepted,2025-01-23 13:40:04 UTC,
RAEE401D2CC6EE,L0387EBCDEBEF,P007,2025-03-22 07:33:45 UTC,1,119.96,delivered,accepted,2025-03-22 07:36:10 UTC,
RA33F5586FABEC,LAB0669A1396F,P003,2025-03-23 10:09:09 UTC,1,74.13,delivered,accepted,2025-03-23 10:12:18 UTC,
RA62E3668F779A,L305DBAF1A552,P002,2025-03-13 15:28:11 UTC,1,79.31,delivered,accepted,2025-03-13 15:33:04 UTC,
RA84E3B40DFB01,LB11C1D14AA78,P003,2025-01-05 13:53:17 UTC,1,72.68,delivered,accepted,2025-01-05 13:56:55 UTC,
RA4AF93938EC01,LF11E297DE395,P010,2025-01-23 15:37:22 UTC,1,65.23,delivered,accepted,2025-01-23 15:41:01 UTC,
RA1634C034353C,L97410DC69A75,P001,2025-04-18 10:54:17 UTC,1,64.1,delivered,rejected,2025-04-18 10:57:00 UTC,capacity
RA341DF0C76CE9,L97410DC69A75,P003,2025-04-18 10:54:14 UTC,2,69.1,delivered,accepted,2025-04-18 10:55:54 UTC,
RA6D1A4F3273CB,LACA4FC15906F,P002,2025-02-11 07:21:41 UTC,1,76.15,delivered,accepted,2025-02-11 07:22:45 UTC,
RADD1697B3F22B,L41775969A8C3,P003,2025-04-18 16:56:27 UTC,1,67.73,delivered,accepted,2025-04-18 17:01:04 UTC,
RAB33F0693EAC7,LF0231CC93CB9,P002,2025-01-26 17:29:27 UTC,1,86.07,delivered,accepted,2025-01-26 17:31:00 UTC,
RA13FDB98E3019,L55D107DA3599,P001,2025-06-24 17:24:49 UTC,1,72.83,delivered,accepted,2025-06-24 17:27:05 UTC,
RA984978931E7E,L8F6473F4194D,P005,2025-04-04 16:27:33 UTC,1,107.79,delivered,accepted,2025-04-04 16:29:40 UTC,
RACF5BBE44B364,L624C84D5AD57,P001,2025-03-19 17:51:24 UTC,1,55.27,delivered,accepted,2025-03-19 17:55:01 UTC,
RACCED9E2E180E,L84C502A64077,P003,2025-05-22 08:44:26 UTC,1,61.14,delivered,rejected,2025-05-22 08:49:15 UTC,state_not_covered
RA154B23476D41,L9A6AE5CD3C9A,P005,2025-02-23 11:50:35 UTC,1,104.25,delivered,accepted,2025-02-23 11:53:52 UTC,
RA71373C0DC326,LC863EE93931C,P005,2025-05-25 20:42:03 UTC,1,93.9,delivered,accepted,2025-05-25 20:44:42 UTC,
RA1AA2D8E8D707,L20C1DE530A9D,P003,2025-03-24 18:26:58 UTC,1,59.82,delivered,accepted,2025-03-24 18:28:20 UTC,
RADAE592E8D144,L75E51E7951B1,P010,2025-02-06 17:07:56 UTC,1,70.73,delivered,capacity_exceeded,2025-02-06 17:12:34 UTC,capacity
RA8A1E960A6BCE,L904C027A26EE,P002,2025-04-13 21:16:06 UTC,1,71.34,delivered,accepted,2025-04-13 21:20:32 UTC,
RAD6801A74C248,LEC098B92BB8A,P002,2025-02-08 14:05:32 UTC,1,65.61,delivered,accepted,2025-02-08 14:07:20 UTC,
RAA8919B9EE68A,L79F1DB1D23FA,P009,2025-05-31 13:36:37 UTC,1,55.17,delivered,accepted,2025-05-31 13:37:48 UTC,
